=~=~=~=~=~=~=~=~=~=~=~= PuTTY log 2026.10.01 10:22:11 =~=~=~=~=~=~=~=~=~=~=~=
[m
[1;32muart:~$ [m[8D[J*** Booting Zephyr OS build v4.4.0-2160-gf39ad09bd21c ***
[1;32muart:~$ [m[8D[J[00:00:00.156,000] [0m<inf> sharc: micromouse starting[0m
[1;32muart:~$ [m[8D[J[00:00:00.157,000] [0m<inf> power: power board link up on USART3, bridge off[0m
[1;32muart:~$ [m[8D[J[1;32muart:~$ [m[8D[J[00:00:00.157,000] [0m<inf> gps: GPS ready on UART4, powered off[0m
[1;32muart:~$ [m[8D[J[00:00:00.157,000] [0m<inf> iridium: Iridium ready on USART2, powered off[0m
[1;32muart:~$ [m[8D[J[00:00:00.157,000] [0m<inf> lora: SX1278 found, RegVersion 0x12[0m
[1;32muart:~$ [m[8D[J[1;32muart:~$ [m[8D[J[00:00:00.159,000] [0m<inf> lora: LoRa ready: 433000000 Hz SF9 BW125 CR4/5 17 dBm[0m
[1;32muart:~$ [m[8D[J[00:00:00.165,000] [0m<inf> imu: 3 of 3 IMUs present, all at +/-2 g and +/-500 dps[0m
[1;32muart:~$ [m[8D[J[00:00:00.167,000] [1;33m<wrn> imu: LSM6DSV16X reads all zero, so it is powered down rather than sampling[0m
[1;32muart:~$ [m[8D[J[00:00:00.167,000] [0m<inf> sd: SD disk "SD", mount point /SD:[0m
[1;32muart:~$ [m[8D[J[1;31m[1;31m--- 6 messages dropped ---
[0m[m[00:00:00.222,000] [1;31m<err> stm32_sdmmc: failed to init stm32_sdmmc (ErrorCode 0x4)[0m
[1;32muart:~$ [m[8D[J[00:00:00.222,000] [1;33m<wrn> stm32_sdmmc: Failed to configure pins for sleep (-2)[0m
[1;32muart:~$ [m[8D[J[00:00:00.222,000] [1;31m<err> sd: disk init failed (-5). Card not inserted, or the SDMMC1 lines are not wired.[0m
[1;32muart:~$ [m[8D[J[00:00:00.222,000] [1;33m<wrn> sd: not mounted at boot, use 'sd mount' once a card is in[0m
[1;32muart:~$ [m[8D[J[00:00:00.222,000] [0m<inf> heartbeat: heartbeat on gpio@48000800 pin 13, active high[0m
[1;32muart:~$ [m[8D[J[00:00:00.222,000] [0m<inf> heartbeat: power management enabled[0m
[1;32muart:~$ [m[8D[J[00:00:00.222,000] [0m<inf> app_mode: boot: VBUS present, starting in debug mode[0m
[1;32muart:~$ [m[8D[J[00:00:00.222,000] [0m<inf> heartbeat: PM suspend-to-idle lock taken (still active: yes)[0m
[1;32muart:~$ [m[8D[J[00:00:00.233,000] [0m<inf> app_usb: USB up: port 0 = shell, port 1 = power board bridge[0m
[1;32muart:~$ [m[8D[J[00:00:00.449,000] [0m<inf> app_usb: USBD: Bus reset[0m
[1;32muart:~$ [m[8D[J[00:00:00.535,000] [0m<inf> app_usb: USBD: Bus reset[0m
[1;32muart:~$ [m[8D[J[00:00:00.707,000] [0m<inf> app_usb: USBD: New device configuration[0m
[1;32muart:~$ [m[8D[J[00:00:00.755,000] [0m<inf> app_usb: USBD: CDC ACM control line state[0m
[1;32muart:~$ [m[8D[J[00:00:00.755,000] [0m<inf> app_usb: Host terminal closed[0m
[1;32muart:~$ [m[8D[J[1;32muart:~$ [m[8D[J[1;32muart:~$ [m[8D[J[00:08:43.472,000] [1;31m<err> udc_stm32: ep 0x00 queue is empty[0m
[1;32muart:~$ [m[8D[J[00:08:43.472,000] [0m<inf> app_usb: USBD: CDC ACM line coding[0m
[1;32muart:~$ [m[8D[J[00:08:43.476,000] [0m<inf> app_usb: USBD: CDC ACM control line state[0m
[1;32muart:~$ [m[8D[J[1;32muart:~$ [m[8D[J[00:08:43.476,000] [0m<inf> app_usb: Host terminal opened[0m
[1;32muart:~$ [m[8D[J[00:08:43.479,000] [1;31m<err> udc_stm32: ep 0x00 queue is empty[0m
[1;32muart:~$ [m[8D[J[00:08:43.479,000] [0m<inf> app_usb: USBD: CDC ACM line coding[0m
[1;32muart:~$ [m[8D[J[1;32muart:~$ [mimu sr[1D[Jtream on 10
streaming. Three lines per tick, so keep the rate low or the shell cannot keep up.
[1;32muart:~$ [m[8D[J[00:08:58.304,000] [0m<inf> imu: LSM6DS3TR-C  a   0.249  -6.312   8.062  g   0.027  -0.066   0.009[0m
[1;32muart:~$ [m[8D[J[00:08:58.306,000] [0m<inf> imu: LSM6DSV16X   a   0.553  -6.169   8.425  g  -0.009  -0.002  -0.005[0m
[1;32muart:~$ [m[8D[J[1;32muart:~$ [m[8D[J[00:08:58.306,000] [0m<inf> imu: ICM-42688-P  a   0.545  -6.358   7.790  g   0.002  -0.009  -0.003[0m
[1;32muart:~$ [m[8D[J[00:08:58.407,000] [0m<inf> imu: LSM6DS3TR-C  a   0.207  -6.141   7.901  g   0.023  -0.060   0.012[0m
[1;32muart:~$ [m[8D[J[1;32muart:~$ [m[8D[J[00:08:58.408,000] [0m<inf> imu: LSM6DSV16X   a   0.502  -6.010   8.224  g  -0.009   0.004  -0.003[0m
[1;32muart:~$ [m[8D[J[00:08:58.409,000] [0m<inf> imu: ICM-42688-P  a   0.504  -6.182   7.591  g   0.002  -0.005  -0.002[0m
[1;32muart:~$ [m[8D[J[1;32muart:~$ [m[8D[J[00:08:58.510,000] [0m<inf> imu: LSM6DS3TR-C  a   0.217  -6.421   8.051  g   0.025  -0.064   0.012[0m
[1;32muart:~$ [m[8D[J[00:08:58.510,000] [0m<inf> imu: LSM6DSV16X   a   0.515  -6.197   8.320  g  -0.013  -0.001  -0.005[0m
[1;32muart:~$ [m[8D[J[1;32muart:~$ [m[8D[J[00:08:58.511,000] [0m<inf> imu: ICM-42688-P  a   0.498  -6.397   7.693  g  -0.003  -0.007  -0.003[0m
[1;32muart:~$ [m[8D[J[00:08:58.612,000] [0m<inf> imu: LSM6DS3TR-C  a   0.185  -6.129   7.902  g   0.026  -0.060   0.013[0m
[1;32muart:~$ [m[8D[J[00:08:58.613,000] [0m<inf> imu: LSM6DSV16X   a   0.495  -6.047   8.282  g  -0.010   0.005   0.000[0m
[1;32muart:~$ [m[8D[J[1;32muart:~$ [m[8D[J[00:08:58.613,000] [0m<inf> imu: ICM-42688-P  a   0.526  -6.272   7.655  g  -0.000  -0.002   0.003[0m
[1;32muart:~$ [m[8D[J[00:08:58.715,000] [0m<inf> imu: LSM6DS3TR-C  a   0.263  -6.266   8.041  g   0.023  -0.062   0.013[0m
[1;32muart:~$ [m[8D[J[1;32muart:~$ [m[8D[J[00:08:58.716,000] [0m<inf> imu: LSM6DSV16X   a   0.572  -6.116   8.368  g  -0.011   0.002  -0.003[0m
[1;32muart:~$ [m[8D[J[00:08:58.717,000] [0m<inf> imu: ICM-42688-P  a   0.577  -6.328   7.756  g   0.002  -0.005  -0.001[0m
[1;32muart:~$ [m[8D[J[00:08:58.818,000] [0m<inf> imu: LSM6DS3TR-C  a   0.179  -6.199   7.892  g   0.026  -0.060   0.012[0m
[1;32muart:~$ [m[8D[J[1;32muart:~$ [m[8D[J[00:08:58.819,000] [0m<inf> imu: LSM6DSV16X   a   0.495  -6.054   8.262  g  -0.009   0.006  -0.002[0m
[1;32muart:~$ [m[8D[J[00:08:58.819,000] [0m<inf> imu: ICM-42688-P  a   0.496  -6.269   7.659  g   0.002  -0.001   0.001[0m
[1;32muart:~$ [m[8D[J[00:08:58.920,000] [0m<inf> imu: LSM6DS3TR-C  a   0.223  -6.223   7.996  g   0.024  -0.063   0.013[0m
[1;32muart:~$ [m[8D[J[00:08:58.921,000] [0m<inf> imu: LSM6DSV16X   a   0.526  -6.095   8.320  g  -0.011   0.000  -0.003[0m
[1;32muart:~$ [m[8D[J[1;32muart:~$ [m[8D[J[00:08:58.921,000] [0m<inf> imu: ICM-42688-P  a   0.521  -6.306   7.708  g   0.001  -0.007  -0.002[0m
[1;32muart:~$ [m[8D[J[1;32muart:~$ [m[8D[J[00:08:59.022,000] [0m<inf> imu: LSM6DS3TR-C  a   0.236  -6.193   7.965  g   0.023  -0.060   0.012[0m
[1;32muart:~$ [m[8D[J[00:08:59.023,000] [0m<inf> imu: LSM6DSV16X   a   0.523  -6.075   8.294  g  -0.010   0.003  -0.002[0m
[1;32muart:~$ [m[8D[J[1;32muart:~$ [m[8D[J[00:08:59.024,000] [0m<inf> imu: ICM-42688-P  a   0.522  -6.286   7.672  g   0.001  -0.005   0.001[0m
[1;32muart:~$ [m[8D[J[00:08:59.125,000] [0m<inf> imu: LSM6DS3TR-C  a   0.216  -6.236   8.000  g   0.024  -0.064   0.012[0m
[1;32muart:~$ [m[8D[J[1;32muart:~$ [m[8D[J[00:08:59.125,000] [0m<inf> imu: LSM6DSV16X   a   0.522  -6.080   8.320  g  -0.011   0.000  -0.004[0m
[1;32muart:~$ [m[8D[J[00:08:59.126,000] [0m<inf> imu: ICM-42688-P  a   0.521  -6.275   7.681  g   0.001  -0.007  -0.001[0m
[1;32muart:~$ [m[8D[J[1;32muart:~$ [m[8D[J[00:08:59.227,000] [0m<inf> imu: LSM6DS3TR-C  a   0.215  -6.227   7.946  g   0.024  -0.059   0.012[0m
[1;32muart:~$ [m[8D[J[00:08:59.228,000] [0m<inf> imu: LSM6DSV16X   a   0.517  -6.095   8.286  g  -0.011   0.003  -0.002[0m
[1;32muart:~$ [m[8D[J[1;32muart:~$ [m[8D[J[00:08:59.228,000] [0m<inf> imu: ICM-42688-P  a   0.509  -6.299   7.670  g   0.001  -0.005   0.000[0m
[1;32muart:~$ [m[8D[J[00:08:59.329,000] [0m<inf> imu: LSM6DS3TR-C  a   0.188  -6.214   7.994  g   0.024  -0.064   0.013[0m
[1;32muart:~$ [m[8D[J[00:08:59.330,000] [0m<inf> imu: LSM6DSV16X   a   0.515  -6.078   8.308  g  -0.012   0.002  -0.003[0m
[1;32muart:~$ [m[8D[J[1;32muart:~$ [m[8D[J[00:08:59.331,000] [0m<inf> imu: ICM-42688-P  a   0.512  -6.262   7.678  g   0.000  -0.006  -0.001[0m
[1;32muart:~$ [m[8D[J[00:08:59.432,000] [0m<inf> imu: LSM6DS3TR-C  a   0.212  -6.283   7.957  g   0.026  -0.061   0.013[0m
[1;32muart:~$ [m[8D[J[00:08:59.434,000] [0m<inf> imu: LSM6DSV16X   a   0.528  -6.095   8.289  g  -0.011   0.003  -0.002[0m
[1;32muart:~$ [m[8D[J[1;32muart:~$ [m[8D[J[00:08:59.434,000] [0m<inf> imu: ICM-42688-P  a   0.514  -6.292   7.678  g   0.001  -0.005   0.000[0m
[1;32muart:~$ [m[8D[J[00:08:59.535,000] [0m<inf> imu: LSM6DS3TR-C  a   0.240  -6.209   7.973  g   0.026  -0.063   0.013[0m
[1;32muart:~$ [m[8D[J[1;32muart:~$ [m[8D[J[00:08:59.536,000] [0m<inf> imu: LSM6DSV16X   a   0.522  -6.076   8.301  g  -0.012   0.002  -0.003[0m
[1;32muart:~$ [m[8D[J[00:08:59.537,000] [0m<inf> imu: ICM-42688-P  a   0.516  -6.268   7.687  g  -0.001  -0.006  -0.001[0m
[1;32muart:~$ [m[8D[J[1;32muart:~$ [m[8D[J[00:08:59.638,000] [0m<inf> imu: LSM6DS3TR-C  a   0.211  -6.248   7.967  g   0.027  -0.062   0.011[0m
[1;32muart:~$ [m[8D[J[00:08:59.639,000] [0m<inf> imu: LSM6DSV16X   a   0.519  -6.098   8.295  g  -0.011   0.002  -0.002[0m
[1;32muart:~$ [m[8D[J[1;32muart:~$ [m[8D[J[00:08:59.640,000] [0m<inf> imu: ICM-42688-P  a   0.508  -6.299   7.673  g   0.000  -0.005   0.000[0m
[1;32muart:~$ [m[8D[J[00:08:59.741,000] [0m<inf> imu: LSM6DS3TR-C  a   0.218  -6.250   7.955  g   0.024  -0.062   0.014[0m
[1;32muart:~$ [m[8D[J[1;32muart:~$ [m[8D[J[00:08:59.742,000] [0m<inf> imu: LSM6DSV16X   a   0.514  -6.083   8.294  g  -0.011   0.002  -0.003[0m
[1;32muart:~$ [m[8D[J[00:08:59.743,000] [0m<inf> imu: ICM-42688-P  a   0.511  -6.288   7.672  g  -0.000  -0.005  -0.001[0m
[1;32muart:~$ [m[8D[J[1;32muart:~$ [m[8D[J[00:08:59.844,000] [0m<inf> imu: LSM6DS3TR-C  a   0.211  -6.235   7.958  g   0.024  -0.062   0.014[0m
[1;32muart:~$ [m[8D[J[00:08:59.844,000] [0m<inf> imu: LSM6DSV16X   a   0.523  -6.084   8.302  g  -0.011   0.002  -0.002[0m
[1;32muart:~$ [m[8D[J[1;32muart:~$ [m[8D[J[00:08:59.845,000] [0m<inf> imu: ICM-42688-P  a   0.516  -6.303   7.681  g   0.000  -0.006   0.000[0m
[1;32muart:~$ [m[8D[J[00:08:59.946,000] [0m<inf> imu: LSM6DS3TR-C  a   0.235  -6.220   7.967  g   0.024  -0.062   0.010[0m
[1;32muart:~$ [m[8D[J[00:08:59.947,000] [0m<inf> imu: LSM6DSV16X   a   0.519  -6.090   8.292  g  -0.011   0.002  -0.003[0m
[1;32muart:~$ [m[8D[J[1;32muart:~$ [m[8D[J[00:08:59.947,000] [0m<inf> imu: ICM-42688-P  a   0.505  -6.290   7.661  g  -0.000  -0.006  -0.001[0m
[1;32muart:~$ [m[8D[J[00:09:00.049,000] [0m<inf> imu: LSM6DS3TR-C  a   0.212  -6.245   7.945  g   0.024  -0.063   0.010[0m
[1;32muart:~$ [m[8D[J[00:09:00.050,000] [0m<inf> imu: LSM6DSV16X   a   0.521  -6.084   8.307  g  -0.010   0.002  -0.002[0m
[1;32muart:~$ [m[8D[J[1;32muart:~$ [m[8D[J[00:09:00.051,000] [0m<inf> imu: ICM-42688-P  a   0.521  -6.284   7.703  g  -0.001  -0.005   0.000[0m
[1;32muart:~$ [m[8D[J[00:09:00.152,000] [0m<inf> imu: LSM6DS3TR-C  a   0.212  -6.241   7.958  g   0.024  -0.062   0.013[0m
[1;32muart:~$ [m[8D[J[1;32muart:~$ [m[8D[J[00:09:00.152,000] [0m<inf> imu: LSM6DSV16X   a   0.520  -6.083   8.283  g  -0.012   0.002  -0.002[0m
[1;32muart:~$ [m[8D[J[00:09:00.153,000] [0m<inf> imu: ICM-42688-P  a   0.514  -6.292   7.677  g   0.001  -0.006  -0.000[0m
[1;32muart:~$ [m[8D[J[1;32muart:~$ [m[8D[J[00:09:00.255,000] [0m<inf> imu: LSM6DS3TR-C  a   0.224  -6.254   7.981  g   0.023  -0.062   0.012[0m
[1;32muart:~$ [m[8D[J[00:09:00.256,000] [0m<inf> imu: LSM6DSV16X   a   0.514  -6.078   8.315  g  -0.012   0.002  -0.003[0m
[1;32muart:~$ [m[8D[J[1;32muart:~$ [m[8D[J[00:09:00.257,000] [0m<inf> imu: ICM-42688-P  a   0.512  -6.294   7.681  g  -0.000  -0.005   0.001[0m
[1;32muart:~$ [m[8D[J[00:09:00.358,000] [0m<inf> imu: LSM6DS3TR-C  a   0.227  -6.267   7.975  g   0.022  -0.062   0.009[0m
[1;32muart:~$ [m[8D[J[1;32muart:~$ [m[8D[J[00:09:00.358,000] [0m<inf> imu: LSM6DSV16X   a   0.521  -6.083   8.291  g  -0.011   0.002  -0.003[0m
[1;32muart:~$ [m[8D[J[00:09:00.359,000] [0m<inf> imu: ICM-42688-P  a   0.518  -6.292   7.683  g   0.001  -0.005  -0.001[0m
[1;32muart:~$ [m[8D[J[1;32muart:~$ [m[8D[J[00:09:00.460,000] [0m<inf> imu: LSM6DS3TR-C  a   0.237  -6.222   7.978  g   0.025  -0.063   0.012[0m
[1;32muart:~$ [m[8D[J[00:09:00.461,000] [0m<inf> imu: LSM6DSV16X   a   0.517  -6.085   8.301  g  -0.011   0.002  -0.002[0m
[1;32muart:~$ [m[8D[J[1;32muart:~$ [m[8D[J[00:09:00.461,000] [0m<inf> imu: ICM-42688-P  a   0.509  -6.285   7.682  g   0.001  -0.005   0.001[0m
[1;32muart:~$ [m[8D[J[00:09:00.562,000] [0m<inf> imu: LSM6DS3TR-C  a   0.246  -6.227   8.000  g   0.024  -0.064   0.012[0m
[1;32muart:~$ [m[8D[J[00:09:00.563,000] [0m<inf> imu: LSM6DSV16X   a   0.519  -6.084   8.294  g  -0.010   0.002  -0.003[0m
[1;32muart:~$ [m[8D[J[1;32muart:~$ [m[8D[J[00:09:00.563,000] [0m<inf> imu: ICM-42688-P  a   0.502  -6.296   7.682  g   0.000  -0.005  -0.001[0m
[1;32muart:~$ [m[8D[J[00:09:00.665,000] [0m<inf> imu: LSM6DS3TR-C  a   0.206  -6.241   8.002  g   0.024  -0.063   0.012[0m
[1;32muart:~$ [m[8D[J[1;32muart:~$ [m[8D[J[00:09:00.666,000] [0m<inf> imu: LSM6DSV16X   a   0.523  -6.089   8.301  g  -0.011   0.002  -0.003[0m
[1;32muart:~$ [m[8D[J[00:09:00.667,000] [0m<inf> imu: ICM-42688-P  a   0.509  -6.297   7.678  g   0.001  -0.005  -0.001[0m
[1;32muart:~$ [m[8D[J[00:09:00.768,000] [0m<inf> imu: LSM6DS3TR-C  a   0.239  -6.245   7.954  g   0.025  -0.063   0.011[0m
[1;32muart:~$ [m[8D[J[1;32muart:~$ [m[8D[J[00:09:00.769,000] [0m<inf> imu: LSM6DSV16X   a   0.519  -6.073   8.294  g  -0.011   0.002  -0.003[0m
[1;32muart:~$ [m[8D[J[00:09:00.769,000] [0m<inf> imu: ICM-42688-P  a   0.517  -6.278   7.683  g   0.000  -0.005  -0.000[0m
[1;32muart:~$ [m[8D[J[00:09:00.870,000] [0m<inf> imu: LSM6DS3TR-C  a   0.239  -6.239   7.966  g   0.025  -0.062   0.015[0m
[1;32muart:~$ [m[8D[J[00:09:00.871,000] [0m<inf> imu: LSM6DSV16X   a   0.529  -6.080   8.292  g  -0.012   0.002  -0.002[0m
[1;32muart:~$ [m[8D[J[1;32muart:~$ [m[8D[J[00:09:00.872,000] [0m<inf> imu: ICM-42688-P  a   0.517  -6.276   7.684  g   0.000  -0.005   0.000[0m
[1;32muart:~$ [m[8D[J[1;32muart:~$ [m[8D[J[00:09:00.973,000] [0m<inf> imu: LSM6DS3TR-C  a   0.245  -6.240   7.979  g   0.024  -0.064   0.013[0m
[1;32muart:~$ [m[8D[J[00:09:00.973,000] [0m<inf> imu: LSM6DSV16X   a   0.522  -6.075   8.298  g  -0.011   0.002  -0.003[0m
[1;32muart:~$ [m[8D[J[1;32muart:~$ [m[8D[J[00:09:00.974,000] [0m<inf> imu: ICM-42688-P  a   0.510  -6.274   7.669  g   0.001  -0.007  -0.001[0m
[1;32muart:~$ [m[8D[J[00:09:01.075,000] [0m<inf> imu: LSM6DS3TR-C  a   0.231  -6.229   7.969  g   0.024  -0.063   0.013[0m
[1;32muart:~$ [m[8D[J[1;32muart:~$ [m[8D[J[00:09:01.076,000] [0m<inf> imu: LSM6DSV16X   a   0.517  -6.090   8.303  g  -0.012   0.001  -0.003[0m
[1;32muart:~$ [m[8D[J[00:09:01.076,000] [0m<inf> imu: ICM-42688-P  a   0.502  -6.291   7.684  g   0.001  -0.005  -0.000[0m
[1;32muart:~$ [m[8D[J[00:09:01.177,000] [0m<inf> imu: LSM6DS3TR-C  a   0.195  -6.261   7.956  g   0.024  -0.063   0.013[0m
[1;32muart:~$ [m[8D[J[00:09:01.178,000] [0m<inf> imu: LSM6DSV16X   a   0.505  -6.080   8.298  g  -0.012   0.002  -0.003[0m
[1;32muart:~$ [m[8D[J[00:09:01.178,000] [0m<inf> imu: ICM-42688-P  a   0.494  -6.284   7.682  g   0.001  -0.005  -0.001[0m
[1;32muart:~$ [m[8D[J[1;32muart:~$ [m[8D[J[00:09:01.280,000] [0m<inf> imu: LSM6DS3TR-C  a   0.243  -6.203   7.966  g   0.024  -0.061   0.013[0m
[1;32muart:~$ [m[8D[J[00:09:01.280,000] [0m<inf> imu: LSM6DSV16X   a   0.531  -6.095   8.313  g  -0.012   0.003  -0.002[0m
[1;32muart:~$ [m[8D[J[1;32muart:~$ [m[8D[J[00:09:01.281,000] [0m<inf> imu: ICM-42688-P  a   0.532  -6.293   7.685  g   0.001  -0.005   0.000[0m
[1;32muart:~$ [m[8D[J[00:09:01.382,000] [0m<inf> imu: LSM6DS3TR-C  a   0.261  -6.242   7.959  g   0.024  -0.063   0.013[0m
[1;32muart:~$ [m[8D[J[00:09:01.383,000] [0m<inf> imu: LSM6DSV16X   a   0.534  -6.085   8.313  g  -0.011   0.002  -0.003[0m
[1;32muart:~$ [m[8D[J[1;32muart:~$ [m[8D[J[00:09:01.383,000] [0m<inf> imu: ICM-42688-P  a   0.529  -6.287   7.687  g  -0.000  -0.005  -0.001[0m
[1;32muart:~$ [m[8D[J[00:09:01.484,000] [0m<inf> imu: LSM6DS3TR-C  a   0.253  -6.236   7.966  g   0.025  -0.063   0.013[0m
[1;32muart:~$ [m[8D[J[1;32muart:~$ [m[8D[J[00:09:01.485,000] [0m<inf> imu: LSM6DSV16X   a   0.517  -6.084   8.296  g  -0.011   0.002  -0.003[0m
[1;32muart:~$ [m[8D[J[00:09:01.485,000] [0m<inf> imu: ICM-42688-P  a   0.498  -6.288   7.663  g   0.001  -0.006  -0.001[0m
[1;32muart:~$ [m[8D[J[1;32muart:~$ [m[8D[J[00:09:01.587,000] [0m<inf> imu: LSM6DS3TR-C  a   0.212  -6.238   7.957  g   0.024  -0.062   0.013[0m
[1;32muart:~$ [m[8D[J[00:09:01.588,000] [0m<inf> imu: LSM6DSV16X   a   0.510  -6.092   8.303  g  -0.011   0.001  -0.002[0m
[1;32muart:~$ [m[8D[J[1;32muart:~$ [m[8D[J[00:09:01.588,000] [0m<inf> imu: ICM-42688-P  a   0.506  -6.285   7.687  g   0.001  -0.005   0.000[0m
[1;32muart:~$ [m[8D[J[00:09:01.689,000] [0m<inf> imu: LSM6DS3TR-C  a   0.245  -6.238   7.956  g   0.024  -0.063   0.012[0m
[1;32muart:~$ [m[8D[J[1;32muart:~$ [m[8D[J[00:09:01.690,000] [0m<inf> imu: LSM6DSV16X   a   0.522  -6.090   8.287  g  -0.011   0.003  -0.003[0m
[1;32muart:~$ [m[8D[J[00:09:01.691,000] [0m<inf> imu: ICM-42688-P  a   0.509  -6.293   7.677  g   0.000  -0.005  -0.000[0m
[1;32muart:~$ [m[8D[J[1;32muart:~$ [m[8D[J[00:09:01.792,000] [0m<inf> imu: LSM6DS3TR-C  a   0.240  -6.234   7.974  g   0.025  -0.060   0.011[0m
[1;32muart:~$ [m[8D[J[00:09:01.792,000] [0m<inf> imu: LSM6DSV16X   a   0.533  -6.078   8.301  g  -0.011   0.001  -0.003[0m
[1;32muart:~$ [m[8D[J[1;32muart:~$ [m[8D[J[00:09:01.793,000] [0m<inf> imu: ICM-42688-P  a   0.523  -6.294   7.683  g   0.001  -0.005  -0.001[0m
[1;32muart:~$ [m[8D[J[00:09:01.894,000] [0m<inf> imu: LSM6DS3TR-C  a   0.205  -6.230   7.962  g   0.023  -0.062   0.013[0m
[1;32muart:~$ [m[8D[J[00:09:01.895,000] [0m<inf> imu: LSM6DSV16X   a   0.517  -6.089   8.295  g  -0.011   0.002  -0.002[0m
[1;32muart:~$ [m[8D[J[1;32muart:~$ [m[8D[J[00:09:01.895,000] [0m<inf> imu: ICM-42688-P  a   0.499  -6.282   7.676  g   0.001  -0.005  -0.000[0m
[1;32muart:~$ [m[8D[J[00:09:01.997,000] [0m<inf> imu: LSM6DS3TR-C  a   0.164  -6.233   7.934  g   0.024  -0.061   0.013[0m
[1;32muart:~$ [m[8D[J[1;32muart:~$ [m[8D[J[00:09:01.997,000] [0m<inf> imu: LSM6DSV16X   a   0.514  -6.087   8.298  g  -0.011   0.003  -0.002[0m
[1;32muart:~$ [m[8D[J[00:09:01.998,000] [0m<inf> imu: ICM-42688-P  a   0.517  -6.281   7.676  g   0.000  -0.006  -0.000[0m
[1;32muart:~$ [m[8D[J[00:09:02.099,000] [0m<inf> imu: LSM6DS3TR-C  a   0.226  -6.258   7.989  g   0.025  -0.063   0.010[0m
[1;32muart:~$ [m[8D[J[1;32muart:~$ [m[8D[J[00:09:02.100,000] [0m<inf> imu: LSM6DSV16X   a   0.519  -6.085   8.291  g  -0.011   0.002  -0.002[0m
[1;32muart:~$ [m[8D[J[00:09:02.101,000] [0m<inf> imu: ICM-42688-P  a   0.510  -6.300   7.676  g   0.000  -0.006  -0.001[0m
[1;32muart:~$ [m[8D[J[00:09:02.202,000] [0m<inf> imu: LSM6DS3TR-C  a   0.243  -6.217   7.945  g   0.023  -0.061   0.013[0m
[1;32muart:~$ [m[8D[J[00:09:02.202,000] [0m<inf> imu: LSM6DSV16X   a   0.531  -6.083   8.308  g  -0.011   0.001  -0.003[0m
[1;32muart:~$ [m[8D[J[1;32muart:~$ [m[8D[J[00:09:02.203,000] [0m<inf> imu: ICM-42688-P  a   0.521  -6.292   7.688  g   0.000  -0.005  -0.000[0m
[1;32muart:~$ [m[8D[J[1;32muart:~$ [m[8D[J[00:09:02.304,000] [0m<inf> imu: LSM6DS3TR-C  a   0.185  -6.218   7.943  g   0.024  -0.062   0.012[0m
[1;32muart:~$ [m[8D[J[00:09:02.305,000] [0m<inf> imu: LSM6DSV16X   a   0.526  -6.083   8.296  g  -0.012   0.001  -0.004[0m
[1;32muart:~$ [m[8D[J[1;32muart:~$ [m[8D[J[00:09:02.305,000] [0m<inf> imu: ICM-42688-P  a   0.510  -6.290   7.695  g  -0.000  -0.006  -0.001[0m
[1;32muart:~$ [m[8D[J[00:09:02.406,000] [0m<inf> imu: LSM6DS3TR-C  a   0.191  -6.229   7.975  g   0.023  -0.061   0.015[0m
[1;32muart:~$ [m[8D[J[1;32muart:~$ [m[8D[J[00:09:02.407,000] [0m<inf> imu: LSM6DSV16X   a   0.510  -6.077   8.282  g  -0.012   0.002  -0.003[0m
[1;32muart:~$ [m[8D[J[00:09:02.407,000] [0m<inf> imu: ICM-42688-P  a   0.490  -6.275   7.652  g  -0.000  -0.006  -0.000[0m
[1;32muart:~$ [m[8D[J[1;32muart:~$ [m[8D[J[00:09:02.509,000] [0m<inf> imu: LSM6DS3TR-C  a   0.197  -6.263   8.000  g   0.025  -0.061   0.013[0m
[1;32muart:~$ [m[8D[J[00:09:02.509,000] [0m<inf> imu: LSM6DSV16X   a   0.512  -6.092   8.326  g  -0.013   0.002  -0.002[0m
[1;32muart:~$ [m[8D[J[1;32muart:~$ [m[8D[J[00:09:02.510,000] [0m<inf> imu: ICM-42688-P  a   0.512  -6.298   7.709  g  -0.002  -0.005   0.000[0m
[1;32muart:~$ [m[8D[J[00:09:02.611,000] [0m<inf> imu: LSM6DS3TR-C  a   0.245  -6.221   7.980  g   0.024  -0.063   0.014[0m
[1;32muart:~$ [m[8D[J[00:09:02.612,000] [0m<inf> imu: LSM6DSV16X   a   0.519  -6.071   8.267  g  -0.011   0.002  -0.002[0m
[1;32muart:~$ [m[8D[J[1;32muart:~$ [m[8D[J[00:09:02.612,000] [0m<inf> imu: ICM-42688-P  a   0.523  -6.274   7.679  g  -0.001  -0.005   0.000[0m
[1;32muart:~$ [m[8D[J[00:09:02.714,000] [0m<inf> imu: LSM6DS3TR-C  a   0.223  -6.252   8.034  g   0.024  -0.060   0.012[0m
[1;32muart:~$ [m[8D[J[00:09:02.715,000] [0m<inf> imu: LSM6DSV16X   a   0.534  -6.097   8.327  g  -0.009   0.002  -0.003[0m
[1;32muart:~$ [m[8D[J[1;32muart:~$ [m[8D[J[00:09:02.716,000] [0m<inf> imu: ICM-42688-P  a   0.522  -6.296   7.706  g   0.001  -0.005  -0.001[0m
[1;32muart:~$ [m[8D[J[00:09:02.817,000] [0m<inf> imu: LSM6DS3TR-C  a   0.200  -6.234   7.968  g   0.024  -0.061   0.010[0m
[1;32muart:~$ [m[8D[J[1;32muart:~$ [m[8D[J[00:09:02.818,000] [0m<inf> imu: LSM6DSV16X   a   0.510  -6.071   8.289  g  -0.011   0.002  -0.003[0m
[1;32muart:~$ [m[8D[J[00:09:02.818,000] [0m<inf> imu: ICM-42688-P  a   0.506  -6.273   7.676  g   0.000  -0.004  -0.000[0m
[1;32muart:~$ [m[8D[J[1;32muart:~$ [m[8D[J[00:09:02.919,000] [0m<inf> imu: LSM6DS3TR-C  a   0.229  -6.230   7.969  g   0.024  -0.061   0.012[0m
[1;32muart:~$ [m[8D[J[00:09:02.920,000] [0m<inf> imu: LSM6DSV16X   a   0.519  -6.090   8.304  g  -0.011   0.002  -0.002[0m
[1;32muart:~$ [m[8D[J[1;32muart:~$ [m[8D[J[00:09:02.921,000] [0m<inf> imu: ICM-42688-P  a   0.505  -6.297   7.695  g   0.001  -0.005  -0.001[0m
[1;32muart:~$ [m[8D[J[00:09:03.022,000] [0m<inf> imu: LSM6DS3TR-C  a   0.245  -6.235   7.941  g   0.024  -0.062   0.013[0m
[1;32muart:~$ [m[8D[J[1;32muart:~$ [m[8D[J[00:09:03.023,000] [0m<inf> imu: LSM6DSV16X   a   0.526  -6.075   8.291  g  -0.012   0.002  -0.003[0m
[1;32muart:~$ [m[8D[J[00:09:03.023,000] [0m<inf> imu: ICM-42688-P  a   0.518  -6.285   7.666  g   0.001  -0.005  -0.001[0m
[1;32muart:~$ [m[8D[J[1;32muart:~$ [m[8D[J[00:09:03.125,000] [0m<inf> imu: LSM6DS3TR-C  a   0.249  -6.224   7.952  g   0.024  -0.062   0.011[0m
[1;32muart:~$ [m[8D[J[00:09:03.125,000] [0m<inf> imu: LSM6DSV16X   a   0.527  -6.087   8.313  g  -0.011   0.002  -0.002[0m
[1;32muart:~$ [m[8D[J[1;32muart:~$ [m[8D[J[00:09:03.126,000] [0m<inf> imu: ICM-42688-P  a   0.522  -6.286   7.679  g   0.001  -0.006  -0.001[0m
[1;32muart:~$ [m[8D[J[00:09:03.227,000] [0m<inf> imu: LSM6DS3TR-C  a   0.239  -6.251   7.973  g   0.024  -0.063   0.012[0m
[1;32muart:~$ [m[8D[J[00:09:03.228,000] [0m<inf> imu: LSM6DSV16X   a   0.514  -6.088   8.293  g  -0.012   0.002  -0.003[0m
[1;32muart:~$ [m[8D[J[1;32muart:~$ [m[8D[J[00:09:03.228,000] [0m<inf> imu: ICM-42688-P  a   0.496  -6.276   7.678  g   0.000  -0.005  -0.000[0m
[1;32muart:~$ [m[8D[J[00:09:03.330,000] [0m<inf> imu: LSM6DS3TR-C  a   0.243  -6.230   8.018  g   0.024  -0.062   0.012[0m
[1;32muart:~$ [m[8D[J[00:09:03.331,000] [0m<inf> imu: LSM6DSV16X   a   0.517  -6.095   8.303  g  -0.011   0.002  -0.003[0m
[1;32muart:~$ [m[8D[J[1;32muart:~$ [m[8D[J[00:09:03.332,000] [0m<inf> imu: ICM-42688-P  a   0.520  -6.302   7.690  g  -0.000  -0.005   0.001[0m
[1;32muart:~$ [m[8D[J[00:09:03.433,000] [0m<inf> imu: LSM6DS3TR-C  a   0.222  -6.218   7.981  g   0.024  -0.062   0.011[0m
[1;32muart:~$ [m[8D[J[1;32muart:~$ [m[8D[J[00:09:03.434,000] [0m<inf> imu: LSM6DSV16X   a   0.522  -6.085   8.298  g  -0.011   0.002  -0.003[0m
[1;32muart:~$ [m[8D[J[00:09:03.434,000] [0m<inf> imu: ICM-42688-P  a   0.527  -6.287   7.676  g   0.000  -0.005  -0.000[0m
[1;32muart:~$ [m[8D[J[00:09:03.535,000] [0m<inf> imu: LSM6DS3TR-C  a   0.217  -6.233   7.960  g   0.024  -0.062   0.013[0m
[1;32muart:~$ [m[8D[J[00:09:03.536,000] [0m<inf> imu: LSM6DSV16X   a   0.524  -6.084   8.310  g  -0.012   0.002  -0.002[0m
[1;32muart:~$ [m[8D[J[1;32muart:~$ [m[8D[J[00:09:03.537,000] [0m<inf> imu: ICM-42688-P  a   0.529  -6.278   7.682  g   0.000  -0.006  -0.001[0m
[1;32muart:~$ [m[8D[J[1;32muart:~$ [m[8D[J[00:09:03.638,000] [0m<inf> imu: LSM6DS3TR-C  a   0.218  -6.231   7.983  g   0.027  -0.063   0.012[0m
[1;32muart:~$ [m[8D[J[00:09:03.638,000] [0m<inf> imu: LSM6DSV16X   a   0.519  -6.082   8.298  g  -0.012   0.002  -0.003[0m
[1;32muart:~$ [m[8D[J[1;32muart:~$ [m[8D[J[00:09:03.639,000] [0m<inf> imu: ICM-42688-P  a   0.502  -6.285   7.673  g   0.001  -0.005  -0.001[0m
[1;32muart:~$ [m[8D[J[00:09:03.740,000] [0m<inf> imu: LSM6DS3TR-C  a   0.195  -6.237   7.993  g   0.025  -0.061   0.012[0m
[1;32muart:~$ [m[8D[J[1;32muart:~$ [m[8D[J[00:09:03.741,000] [0m<inf> imu: LSM6DSV16X   a   0.522  -6.089   8.304  g  -0.012   0.002  -0.003[0m
[1;32muart:~$ [m[8D[J[00:09:03.741,000] [0m<inf> imu: ICM-42688-P  a   0.514  -6.298   7.678  g   0.001  -0.005  -0.001[0m
[1;32muart:~$ [m[8D[J[1;32muart:~$ [m[8D[J[00:09:03.843,000] [0m<inf> imu: LSM6DS3TR-C  a   0.227  -6.237   7.986  g   0.025  -0.062   0.013[0m
[1;32muart:~$ [m[8D[J[00:09:03.843,000] [0m<inf> imu: LSM6DSV16X   a   0.521  -6.077   8.302  g  -0.012   0.002  -0.002[0m
[1;32muart:~$ [m[8D[J[1;32muart:~$ [m[8D[J[00:09:03.844,000] [0m<inf> imu: ICM-42688-P  a   0.509  -6.290   7.665  g   0.001  -0.005  -0.001[0m
[1;32muart:~$ [m[8D[J[00:09:03.945,000] [0m<inf> imu: LSM6DS3TR-C  a   0.208  -6.221   7.996  g   0.024  -0.064   0.013[0m
[1;32muart:~$ [m[8D[J[00:09:03.946,000] [0m<inf> imu: LSM6DSV16X   a   0.526  -6.092   8.304  g  -0.012   0.002  -0.002[0m
[1;32muart:~$ [m[8D[J[1;32muart:~$ [m[8D[J[00:09:03.946,000] [0m<inf> imu: ICM-42688-P  a   0.510  -6.290   7.682  g   0.000  -0.005  -0.000[0m
[1;32muart:~$ [m[8D[J[00:09:04.048,000] [0m<inf> imu: LSM6DS3TR-C  a   0.234  -6.236   7.944  g   0.025  -0.063   0.010[0m
[1;32muart:~$ [m[8D[J[1;32muart:~$ [m[8D[J[00:09:04.049,000] [0m<inf> imu: LSM6DSV16X   a   0.519  -6.086   8.301  g  -0.011   0.002  -0.003[0m
[1;32muart:~$ [m[8D[J[00:09:04.050,000] [0m<inf> imu: ICM-42688-P  a   0.512  -6.285   7.672  g   0.000  -0.005  -0.001[0m
[1;32muart:~$ [m[8D[J[00:09:04.151,000] [0m<inf> imu: LSM6DS3TR-C  a   0.196  -6.228   7.951  g   0.025  -0.062   0.011[0m
[1;32muart:~$ [m[8D[J[1;32muart:~$ [m[8D[J[00:09:04.152,000] [0m<inf> imu: LSM6DSV16X   a   0.520  -6.090   8.294  g  -0.011   0.002  -0.002[0m
[1;32muart:~$ [m[8D[J[00:09:04.152,000] [0m<inf> imu: ICM-42688-P  a   0.514  -6.290   7.694  g   0.001  -0.006   0.000[0m
[1;32muart:~$ [m[8D[J[1;32muart:~$ [m[8D[J[00:09:04.254,000] [0m<inf> imu: LSM6DS3TR-C  a   0.220  -6.246   7.953  g   0.023  -0.063   0.011[0m
[1;32muart:~$ [m[8D[J[00:09:04.255,000] [0m<inf> imu: LSM6DSV16X   a   0.515  -6.087   8.294  g  -0.011   0.002  -0.003[0m
[1;32muart:~$ [m[8D[J[1;32muart:~$ [m[8D[J[00:09:04.256,000] [0m<inf> imu: ICM-42688-P  a   0.509  -6.286   7.675  g  -0.001  -0.006  -0.001[0m
[1;32muart:~$ [m[8D[J[00:09:04.357,000] [0m<inf> imu: LSM6DS3TR-C  a   0.208  -6.239   7.965  g   0.024  -0.062   0.012[0m
[1;32muart:~$ [m[8D[J[1;32muart:~$ [m[8D[J[00:09:04.357,000] [0m<inf> imu: LSM6DSV16X   a   0.526  -6.088   8.302  g  -0.012   0.002  -0.002[0m
[1;32muart:~$ [m[8D[J[00:09:04.358,000] [0m<inf> imu: ICM-42688-P  a   0.516  -6.294   7.687  g   0.001  -0.006   0.000[0m
[1;32muart:~$ [m[8D[J[1;32muart:~$ [m[8D[J[00:09:04.459,000] [0m<inf> imu: LSM6DS3TR-C  a   0.214  -6.236   7.931  g   0.024  -0.060   0.012[0m
[1;32muart:~$ [m[8D[J[00:09:04.460,000] [0m<inf> imu: LSM6DSV16X   a   0.526  -6.080   8.296  g  -0.012   0.003  -0.002[0m
[1;32muart:~$ [m[8D[J[1;32muart:~$ [m[8D[J[00:09:04.460,000] [0m<inf> imu: ICM-42688-P  a   0.508  -6.282   7.691  g   0.001  -0.006  -0.001[0m
[1;32muart:~$ [m[8D[J[00:09:04.562,000] [0m<inf> imu: LSM6DS3TR-C  a   0.220  -6.242   7.959  g   0.024  -0.062   0.011[0m
[1;32muart:~$ [m[8D[J[00:09:04.562,000] [0m<inf> imu: LSM6DSV16X   a   0.519  -6.083   8.302  g  -0.012   0.002  -0.002[0m
[1;32muart:~$ [m[8D[J[1;32muart:~$ [m[8D[J[00:09:04.563,000] [0m<inf> imu: ICM-42688-P  a   0.508  -6.285   7.687  g   0.001  -0.006  -0.001[0m
[1;32muart:~$ [m[8D[J[00:09:04.665,000] [0m<inf> imu: LSM6DS3TR-C  a   0.196  -6.254   7.958  g   0.023  -0.062   0.013[0m
[1;32muart:~$ [m[8D[J[00:09:04.665,000] [0m<inf> imu: LSM6DSV16X   a   0.516  -6.090   8.299  g  -0.011   0.002  -0.003[0m
[1;32muart:~$ [m[8D[J[1;32muart:~$ [m[8D[J[00:09:04.666,000] [0m<inf> imu: ICM-42688-P  a   0.506  -6.287   7.688  g   0.002  -0.006  -0.001[0m
[1;32muart:~$ [m[8D[J[00:09:04.767,000] [0m<inf> imu: LSM6DS3TR-C  a   0.208  -6.244   7.941  g   0.024  -0.063   0.012[0m
[1;32muart:~$ [m[8D[J[1;32muart:~$ [m[8D[J[00:09:04.768,000] [0m<inf> imu: LSM6DSV16X   a   0.519  -6.080   8.291  g  -0.010   0.002  -0.002[0m
[1;32muart:~$ [m[8D[J[00:09:04.769,000] [0m<inf> imu: ICM-42688-P  a   0.512  -6.294   7.672  g  -0.000  -0.006  -0.000[0m
[1;32muart:~$ [m[8D[J[1;32muart:~$ [m[8D[J[00:09:04.870,000] [0m<inf> imu: LSM6DS3TR-C  a   0.191  -6.221   7.973  g   0.023  -0.064   0.013[0m
[1;32muart:~$ [m[8D[J[00:09:04.871,000] [0m<inf> imu: LSM6DSV16X   a   0.521  -6.085   8.294  g  -0.011   0.002  -0.003[0m
[1;32muart:~$ [m[8D[J[1;32muart:~$ [m[8D[J[00:09:04.872,000] [0m<inf> imu: ICM-42688-P  a   0.506  -6.298   7.676  g   0.000  -0.005   0.000[0m
[1;32muart:~$ [m[8D[J[00:09:04.973,000] [0m<inf> imu: LSM6DS3TR-C  a   0.233  -6.210   7.959  g   0.024  -0.064   0.011[0m
[1;32muart:~$ [m[8D[J[1;32muart:~$ [m[8D[J[00:09:04.973,000] [0m<inf> imu: LSM6DSV16X   a   0.514  -6.083   8.297  g  -0.012   0.001  -0.003[0m
[1;32muart:~$ [m[8D[J[00:09:04.974,000] [0m<inf> imu: ICM-42688-P  a   0.518  -6.288   7.675  g   0.001  -0.005   0.000[0m
[1;32muart:~$ [m[8D[J[00:09:05.075,000] [0m<inf> imu: LSM6DS3TR-C  a   0.225  -6.248   7.956  g   0.025  -0.061   0.011[0m
[1;32muart:~$ [m[8D[J[1;32muart:~$ [m[8D[J[00:09:05.076,000] [0m<inf> imu: LSM6DSV16X   a   0.517  -6.085   8.294  g  -0.011   0.002  -0.003[0m
[1;32muart:~$ [m[8D[J[00:09:05.076,000] [0m<inf> imu: ICM-42688-P  a   0.505  -6.298   7.689  g  -0.001  -0.005  -0.000[0m
[1;32muart:~$ [m[8D[J[1;32muart:~$ [m[8D[J[00:09:05.177,000] [0m<inf> imu: LSM6DS3TR-C  a   0.234  -6.254   7.962  g   0.024  -0.062   0.010[0m
[1;32muart:~$ [m[8D[J[00:09:05.178,000] [0m<inf> imu: LSM6DSV16X   a   0.527  -6.083   8.305  g  -0.011   0.001  -0.003[0m
[1;32muart:~$ [m[8D[J[1;32muart:~$ [m[8D[J[00:09:05.178,000] [0m<inf> imu: ICM-42688-P  a   0.515  -6.287   7.690  g   0.000  -0.005  -0.000[0m
[1;32muart:~$ [m[8D[J[00:09:05.280,000] [0m<inf> imu: LSM6DS3TR-C  a   0.208  -6.259   7.951  g   0.026  -0.062   0.012[0m
[1;32muart:~$ [m[8D[J[00:09:05.281,000] [0m<inf> imu: LSM6DSV16X   a   0.522  -6.083   8.301  g  -0.012   0.002  -0.003[0m
[1;32muart:~$ [m[8D[J[1;32muart:~$ [m[8D[J[00:09:05.282,000] [0m<inf> imu: ICM-42688-P  a   0.511  -6.284   7.691  g  -0.000  -0.006   0.000[0m
[1;32muart:~$ [m[8D[J[00:09:05.383,000] [0m<inf> imu: LSM6DS3TR-C  a   0.220  -6.220   7.929  g   0.025  -0.062   0.012[0m
[1;32muart:~$ [m[8D[J[1;32muart:~$ [m[8D[J[00:09:05.384,000] [0m<inf> imu: LSM6DSV16X   a   0.520  -6.087   8.310  g  -0.011   0.002  -0.002[0m
[1;32muart:~$ [m[8D[J[00:09:05.384,000] [0m<inf> imu: ICM-42688-P  a   0.502  -6.292   7.690  g   0.001  -0.005  -0.000[0m
[1;32muart:~$ [m[8D[J[1;32muart:~$ [m[8D[J[00:09:05.486,000] [0m<inf> imu: LSM6DS3TR-C  a   0.205  -6.266   7.975  g   0.024  -0.062   0.013[0m
[1;32muart:~$ [m[8D[J[00:09:05.487,000] [0m<inf> imu: LSM6DSV16X   a   0.521  -6.083   8.298  g  -0.011   0.002  -0.002[0m
[1;32muart:~$ [m[8D[J[1;32muart:~$ [m[8D[J[00:09:05.488,000] [0m<inf> imu: ICM-42688-P  a   0.517  -6.285   7.673  g   0.001  -0.006  -0.001[0m
[1;32muart:~$ [m[8D[J[00:09:05.589,000] [0m<inf> imu: LSM6DS3TR-C  a   0.187  -6.205   7.984  g   0.024  -0.063   0.013[0m
[1;32muart:~$ [m[8D[J[1;32muart:~$ [m[8D[J[00:09:05.590,000] [0m<inf> imu: LSM6DSV16X   a   0.523  -6.083   8.306  g  -0.012   0.002  -0.002[0m
[1;32muart:~$ [m[8D[J[00:09:05.590,000] [0m<inf> imu: ICM-42688-P  a   0.516  -6.285   7.672  g   0.000  -0.006   0.000[0m
[1;32muart:~$ [m[8D[J[1;32muart:~$ [m[8D[J[00:09:05.691,000] [0m<inf> imu: LSM6DS3TR-C  a   0.233  -6.246   7.968  g   0.025  -0.062   0.012[0m
[1;32muart:~$ [m[8D[J[00:09:05.692,000] [0m<inf> imu: LSM6DSV16X   a   0.522  -6.081   8.303  g  -0.011   0.001  -0.002[0m
[1;32muart:~$ [m[8D[J[1;32muart:~$ [m[8D[J[00:09:05.692,000] [0m<inf> imu: ICM-42688-P  a   0.521  -6.297   7.677  g   0.000  -0.006   0.000[0m
[1;32muart:~$ [m[8D[J[00:09:05.793,000] [0m<inf> imu: LSM6DS3TR-C  a   0.231  -6.226   7.991  g   0.026  -0.063   0.010[0m
[1;32muart:~$ [m[8D[J[00:09:05.794,000] [0m<inf> imu: LSM6DSV16X   a   0.519  -6.083   8.305  g  -0.012   0.002  -0.003[0m
[1;32muart:~$ [m[8D[J[1;32muart:~$ [m[8D[J[00:09:05.795,000] [0m<inf> imu: ICM-42688-P  a   0.502  -6.287   7.682  g  -0.001  -0.005  -0.001[0m
[1;32muart:~$ [m[8D[J[00:09:05.896,000] [0m<inf> imu: LSM6DS3TR-C  a   0.205  -6.238   7.978  g   0.024  -0.062   0.013[0m
[1;32muart:~$ [m[8D[J[1;32muart:~$ [m[8D[J[00:09:05.897,000] [0m<inf> imu: LSM6DSV16X   a   0.522  -6.085   8.301  g  -0.011   0.002  -0.002[0m
[1;32muart:~$ [m[8D[J[00:09:05.898,000] [0m<inf> imu: ICM-42688-P  a   0.499  -6.298   7.678  g   0.000  -0.005  -0.000[0m
[1;32muart:~$ [m[8D[J[00:09:05.999,000] [0m<inf> imu: LSM6DS3TR-C  a   0.217  -6.264   7.944  g   0.024  -0.062   0.013[0m
[1;32muart:~$ [m[8D[J[1;32muart:~$ [m[8D[J[00:09:06.000,000] [0m<inf> imu: LSM6DSV16X   a   0.531  -6.087   8.301  g  -0.013   0.002  -0.002[0m
[1;32muart:~$ [m[8D[J[00:09:06.000,000] [0m<inf> imu: ICM-42688-P  a   0.518  -6.275   7.682  g  -0.000  -0.006  -0.000[0m
[1;32muart:~$ [m[8D[J[1;32muart:~$ [m[8D[J[00:09:06.101,000] [0m<inf> imu: LSM6DS3TR-C  a   0.202  -6.250   7.967  g   0.025  -0.063   0.013[0m
[1;32muart:~$ [m[8D[J[00:09:06.102,000] [0m<inf> imu: LSM6DSV16X   a   0.522  -6.082   8.298  g  -0.011   0.002  -0.002[0m
[1;32muart:~$ [m[8D[J[1;32muart:~$ [m[8D[J[00:09:06.103,000] [0m<inf> imu: ICM-42688-P  a   0.511  -6.286   7.678  g   0.000  -0.005  -0.000[0m
[1;32muart:~$ [m[8D[J[00:09:06.204,000] [0m<inf> imu: LSM6DS3TR-C  a   0.207  -6.250   7.983  g   0.022  -0.063   0.013[0m
[1;32muart:~$ [m[8D[J[1;32muart:~$ [m[8D[J[00:09:06.205,000] [0m<inf> imu: LSM6DSV16X   a   0.519  -6.084   8.292  g  -0.012   0.003  -0.002[0m
[1;32muart:~$ [m[8D[J[00:09:06.206,000] [0m<inf> imu: ICM-42688-P  a   0.521  -6.281   7.682  g   0.001  -0.005   0.000[0m
[1;32muart:~$ [m[8D[J[1;32muart:~$ [m[8D[J[00:09:06.307,000] [0m<inf> imu: LSM6DS3TR-C  a   0.211  -6.213   7.938  g   0.025  -0.060   0.011[0m
[1;32muart:~$ [m[8D[J[00:09:06.307,000] [0m<inf> imu: LSM6DSV16X   a   0.522  -6.078   8.301  g  -0.011   0.002  -0.003[0m
[1;32muart:~$ [m[8D[J[1;32muart:~$ [m[8D[J[00:09:06.308,000] [0m<inf> imu: ICM-42688-P  a   0.511  -6.286   7.679  g  -0.001  -0.005  -0.001[0m
[1;32muart:~$ [m[8D[J[00:09:06.409,000] [0m<inf> imu: LSM6DS3TR-C  a   0.220  -6.224   7.966  g   0.025  -0.061   0.013[0m
[1;32muart:~$ [m[8D[J[00:09:06.410,000] [0m<inf> imu: LSM6DSV16X   a   0.526  -6.083   8.298  g  -0.013   0.002  -0.002[0m
[1;32muart:~$ [m[8D[J[1;32muart:~$ [m[8D[J[00:09:06.410,000] [0m<inf> imu: ICM-42688-P  a   0.514  -6.281   7.673  g   0.000  -0.005  -0.001[0m
[1;32muart:~$ [m[8D[J[00:09:06.512,000] [0m<inf> imu: LSM6DS3TR-C  a   0.188  -6.239   7.968  g   0.024  -0.061   0.013[0m
[1;32muart:~$ [m[8D[J[1;32muart:~$ [m[8D[J[00:09:06.513,000] [0m<inf> imu: LSM6DSV16X   a   0.526  -6.090   8.307  g  -0.012   0.003  -0.002[0m
[1;32muart:~$ [m[8D[J[00:09:06.514,000] [0m<inf> imu: ICM-42688-P  a   0.524  -6.285   7.693  g   0.000  -0.005  -0.001[0m
[1;32muart:~$ [m[8D[J[00:09:06.615,000] [0m<inf> imu: LSM6DS3TR-C  a   0.224  -6.232   8.029  g   0.026  -0.063   0.012[0m
[1;32muart:~$ [m[8D[J[1;32muart:~$ [m[8D[J[00:09:06.615,000] [0m<inf> imu: LSM6DSV16X   a   0.519  -6.086   8.307  g  -0.011   0.002  -0.003[0m
[1;32muart:~$ [m[8D[J[00:09:06.616,000] [0m<inf> imu: ICM-42688-P  a   0.521  -6.292   7.685  g   0.000  -0.005   0.000[0m
[1;32muart:~$ [m[8D[J[00:09:06.717,000] [0m<inf> imu: LSM6DS3TR-C  a   0.246  -6.227   7.959  g   0.023  -0.061   0.013[0m
[1;32muart:~$ [m[8D[J[00:09:06.718,000] [0m<inf> imu: LSM6DSV16X   a   0.526  -6.090   8.310  g  -0.012   0.002  -0.003[0m
[1;32muart:~$ [m[8D[J[1;32muart:~$ [m[8D[J[00:09:06.718,000] [0m<inf> imu: ICM-42688-P  a   0.518  -6.290   7.678  g   0.000  -0.005  -0.001[0m
[1;32muart:~$ [m[8D[J[1;32muart:~$ [m[8D[J[00:09:06.819,000] [0m<inf> imu: LSM6DS3TR-C  a   0.213  -6.235   7.975  g   0.025  -0.062   0.010[0m
[1;32muart:~$ [m[8D[J[00:09:06.820,000] [0m<inf> imu: LSM6DSV16X   a   0.517  -6.092   8.299  g  -0.012   0.002  -0.002[0m
[1;32muart:~$ [m[8D[J[1;32muart:~$ [m[8D[J[00:09:06.821,000] [0m<inf> imu: ICM-42688-P  a   0.515  -6.290   7.678  g   0.000  -0.006  -0.001[0m
[1;32muart:~$ [m[8D[J[00:09:06.922,000] [0m<inf> imu: LSM6DS3TR-C  a   0.205  -6.260   7.975  g   0.025  -0.060   0.013[0m
[1;32muart:~$ [m[8D[J[1;32muart:~$ [m[8D[J[00:09:06.922,000] [0m<inf> imu: LSM6DSV16X   a   0.522  -6.084   8.301  g  -0.012   0.002  -0.002[0m
[1;32muart:~$ [m[8D[J[00:09:06.923,000] [0m<inf> imu: ICM-42688-P  a   0.528  -6.281   7.673  g   0.000  -0.005  -0.001[0m
[1;32muart:~$ [m[8D[J[1;32muart:~$ [m[8D[J[00:09:07.024,000] [0m<inf> imu: LSM6DS3TR-C  a   0.225  -6.259   7.970  g   0.025  -0.063   0.012[0m
[1;32muart:~$ [m[8D[J[00:09:07.025,000] [0m<inf> imu: LSM6DSV16X   a   0.521  -6.090   8.305  g  -0.011   0.002  -0.003[0m
[1;32muart:~$ [m[8D[J[00:09:07.025,000] [0m<inf> imu: ICM-42688-P  a   0.510  -6.287   7.676  g  -0.000  -0.005  -0.001[0m
[1;32muart:~$ [m[8D[J[00:09:07.126,000] [0m<inf> imu: LSM6DS3TR-C  a   0.218  -6.232   7.969  g   0.023  -0.062   0.013[0m
[1;32muart:~$ [m[8D[J[1;32muart:~$ [m[8D[J[00:09:07.127,000] [0m<inf> imu: LSM6DSV16X   a   0.522  -6.080   8.303  g  -0.011   0.002  -0.002[0m
[1;32muart:~$ [m[8D[J[00:09:07.127,000] [0m<inf> imu: ICM-42688-P  a   0.512  -6.275   7.673  g  -0.000  -0.006  -0.001[0m
[1;32muart:~$ [m[8D[J[00:09:07.229,000] [0m<inf> imu: LSM6DS3TR-C  a   0.214  -6.234   7.972  g   0.024  -0.063   0.012[0m
[1;32muart:~$ [m[8D[J[00:09:07.230,000] [0m<inf> imu: LSM6DSV16X   a   0.521  -6.090   8.299  g  -0.011   0.002  -0.003[0m
[1;32muart:~$ [m[8D[J[1;32muart:~$ [m[8D[J[00:09:07.231,000] [0m<inf> imu: ICM-42688-P  a   0.516  -6.304   7.681  g   0.000  -0.005   0.000[0m
[1;32muart:~$ [m[8D[J[00:09:07.332,000] [0m<inf> imu: LSM6DS3TR-C  a   0.202  -6.220   8.022  g   0.024  -0.062   0.012[0m
[1;32muart:~$ [m[8D[J[1;32muart:~$ [m[8D[J[00:09:07.333,000] [0m<inf> imu: LSM6DSV16X   a   0.526  -6.087   8.305  g  -0.011   0.002  -0.003[0m
[1;32muart:~$ [m[8D[J[00:09:07.333,000] [0m<inf> imu: ICM-42688-P  a   0.521  -6.287   7.690  g   0.000  -0.005  -0.001[0m
[1;32muart:~$ [m[8D[J[1;32muart:~$ [m[8D[J[00:09:07.435,000] [0m<inf> imu: LSM6DS3TR-C  a   0.239  -6.223   7.949  g   0.024  -0.061   0.014[0m
[1;32muart:~$ [m[8D[J[00:09:07.436,000] [0m<inf> imu: LSM6DSV16X   a   0.522  -6.090   8.289  g  -0.012   0.002  -0.002[0m
[1;32muart:~$ [m[8D[J[1;32muart:~$ [m[8D[J[00:09:07.437,000] [0m<inf> imu: ICM-42688-P  a   0.508  -6.292   7.678  g   0.000  -0.005  -0.001[0m
[1;32muart:~$ [m[8D[J[00:09:07.538,000] [0m<inf> imu: LSM6DS3TR-C  a   0.162  -6.304   8.026  g   0.026  -0.062   0.015[0m
[1;32muart:~$ [m[8D[J[1;32muart:~$ [m[8D[J[00:09:07.538,000] [0m<inf> imu: LSM6DSV16X   a   0.534  -6.092   8.336  g  -0.010   0.000  -0.003[0m
[1;32muart:~$ [m[8D[J[00:09:07.539,000] [0m<inf> imu: ICM-42688-P  a   0.444  -6.390   7.727  g   0.001  -0.003  -0.002[0m
[1;32muart:~$ [m[8D[J[1;32muart:~$ [m[8D[J[00:09:07.640,000] [0m<inf> imu: LSM6DS3TR-C  a   0.249  -6.234   7.901  g   0.021  -0.062   0.013[0m
[1;32muart:~$ [m[8D[J[00:09:07.641,000] [0m<inf> imu: LSM6DSV16X   a   0.521  -6.069   8.296  g  -0.014   0.003  -0.003[0m
[1;32muart:~$ [m[8D[J[1;32muart:~$ [m[8D[J[00:09:07.641,000] [0m<inf> imu: ICM-42688-P  a   0.502  -6.287   7.678  g  -0.003  -0.007  -0.001[0m
[1;32muart:~$ [m[8D[J[00:09:07.742,000] [0m<inf> imu: LSM6DS3TR-C  a   0.194  -6.226   7.944  g   0.026  -0.061   0.014[0m
[1;32muart:~$ [m[8D[J[00:09:07.743,000] [0m<inf> imu: LSM6DSV16X   a   0.526  -6.083   8.311  g  -0.010   0.002  -0.002[0m
[1;32muart:~$ [m[8D[J[1;32muart:~$ [m[8D[J[00:09:07.743,000] [0m<inf> imu: ICM-42688-P  a   0.523  -6.314   7.724  g  -0.001  -0.005   0.000[0m
[1;32muart:~$ [m[8D[J[00:09:07.845,000] [0m<inf> imu: LSM6DS3TR-C  a   0.220  -6.224   8.036  g   0.023  -0.061   0.012[0m
[1;32muart:~$ [m[8D[J[1;32muart:~$ [m[8D[J[00:09:07.846,000] [0m<inf> imu: LSM6DSV16X   a   0.522  -6.086   8.289  g  -0.011   0.002  -0.003[0m
[1;32muart:~$ [m[8D[J[00:09:07.846,000] [0m<inf> imu: ICM-42688-P  a   0.517  -6.297   7.687  g   0.001  -0.006  -0.001[0m
[1;32muart:~$ [m[8D[J[1;32muart:~$ [m[8D[J[00:09:07.948,000] [0m<inf> imu: LSM6DS3TR-C  a   0.199  -6.243   7.958  g   0.026  -0.063   0.014[0m
[1;32muart:~$ [m[8D[J[00:09:07.948,000] [0m<inf> imu: LSM6DSV16X   a   0.510  -6.087   8.322  g  -0.011   0.002  -0.002[0m
[1;32muart:~$ [m[8D[J[00:09:07.949,000] [0m<inf> imu: ICM-42688-P  a   0.504  -6.298   7.701  g   0.002  -0.005   0.000[0m
[1;32muart:~$ [m[8D[J[1;32muart:~$ [m[8D[J[00:09:08.051,000] [0m<inf> imu: LSM6DS3TR-C  a   0.224  -6.272   7.991  g   0.025  -0.062   0.011[0m
[1;32muart:~$ [m[8D[J[00:09:08.052,000] [0m<inf> imu: LSM6DSV16X   a   0.517  -6.081   8.292  g  -0.011   0.001  -0.003[0m
[1;32muart:~$ [m[8D[J[00:09:08.053,000] [0m<inf> imu: ICM-42688-P  a   0.512  -6.291   7.673  g   0.000  -0.005  -0.001[0m
[1;32muart:~$ [m[8D[J[1;32muart:~$ [m[8D[J[00:09:08.154,000] [0m<inf> imu: LSM6DS3TR-C  a   0.240  -6.234   8.012  g   0.024  -0.062   0.011[0m
[1;32muart:~$ [m[8D[J[00:09:08.155,000] [0m<inf> imu: LSM6DSV16X   a   0.527  -6.086   8.305  g  -0.011   0.002  -0.002[0m
[1;32muart:~$ [m[8D[J[1;32muart:~$ [m[8D[J[00:09:08.155,000] [0m<inf> imu: ICM-42688-P  a   0.517  -6.294   7.681  g   0.001  -0.005  -0.001[0m
[1;32muart:~$ [m[8D[J[00:09:08.256,000] [0m<inf> imu: LSM6DS3TR-C  a   0.212  -6.217   8.003  g   0.024  -0.063   0.011[0m
[1;32muart:~$ [m[8D[J[00:09:08.257,000] [0m<inf> imu: LSM6DSV16X   a   0.523  -6.070   8.307  g  -0.012   0.002  -0.003[0m
[1;32muart:~$ [m[8D[J[1;32muart:~$ [m[8D[J[00:09:08.258,000] [0m<inf> imu: ICM-42688-P  a   0.512  -6.280   7.679  g   0.001  -0.006  -0.000[0m
[1;32muart:~$ [m[8D[J[00:09:08.359,000] [0m<inf> imu: LSM6DS3TR-C  a   0.185  -6.246   7.997  g   0.024  -0.061   0.011[0m
[1;32muart:~$ [m[8D[J[1;32muart:~$ [m[8D[J[00:09:08.359,000] [0m<inf> imu: LSM6DSV16X   a   0.514  -6.094   8.296  g  -0.012   0.002  -0.002[0m
[1;32muart:~$ [m[8D[J[00:09:08.360,000] [0m<inf> imu: ICM-42688-P  a   0.506  -6.303   7.678  g  -0.000  -0.005   0.000[0m
[1;32muart:~$ [m[8D[J[00:09:08.461,000] [0m<inf> imu: LSM6DS3TR-C  a   0.260  -6.242   7.979  g   0.025  -0.062   0.011[0m
[1;32muart:~$ [m[8D[J[00:09:08.462,000] [0m<inf> imu: LSM6DSV16X   a   0.516  -6.071   8.305  g  -0.012   0.002  -0.002[0m
[1;32muart:~$ [m[8D[J[1;32muart:~$ [m[8D[J[00:09:08.462,000] [0m<inf> imu: ICM-42688-P  a   0.512  -6.273   7.687  g   0.000  -0.005  -0.000[0m
[1;32muart:~$ [m[8D[J[00:09:08.563,000] [0m<inf> imu: LSM6DS3TR-C  a   0.250  -6.241   7.983  g   0.024  -0.061   0.013[0m
[1;32muart:~$ [m[8D[J[00:09:08.564,000] [0m<inf> imu: LSM6DSV16X   a   0.521  -6.092   8.301  g  -0.011   0.003  -0.003[0m
[1;32muart:~$ [m[8D[J[1;32muart:~$ [m[8D[J[00:09:08.564,000] [0m<inf> imu: ICM-42688-P  a   0.518  -6.300   7.682  g  -0.001  -0.005   0.000[0m
[1;32muart:~$ [m[8D[J[00:09:08.666,000] [0m<inf> imu: LSM6DS3TR-C  a   0.249  -6.254   8.000  g   0.024  -0.063   0.012[0m
[1;32muart:~$ [m[8D[J[1;32muart:~$ [m[8D[J[00:09:08.666,000] [0m<inf> imu: LSM6DSV16X   a   0.521  -6.070   8.310  g  -0.012   0.003  -0.003[0m
[1;32muart:~$ [m[8D[J[00:09:08.667,000] [0m<inf> imu: ICM-42688-P  a   0.510  -6.274   7.679  g   0.001  -0.005  -0.000[0m
[1;32muart:~$ [m[8D[J[1;32muart:~$ [m[8D[J[00:09:08.768,000] [0m<inf> imu: LSM6DS3TR-C  a   0.196  -6.229   7.992  g   0.024  -0.061   0.012[0m
[1;32muart:~$ [m[8D[J[00:09:08.769,000] [0m<inf> imu: LSM6DSV16X   a   0.517  -6.090   8.301  g  -0.012   0.002  -0.003[0m
[1;32muart:~$ [m[8D[J[1;32muart:~$ [m[8D[J[00:09:08.769,000] [0m<inf> imu: ICM-42688-P  a   0.509  -6.290   7.678  g   0.001  -0.005  -0.001[0m
[1;32muart:~$ [m[8D[J[00:09:08.870,000] [0m<inf> imu: LSM6DS3TR-C  a   0.251  -6.230   7.961  g   0.023  -0.063   0.013[0m
[1;32muart:~$ [m[8D[J[1;32muart:~$ [m[8D[J[00:09:08.871,000] [0m<inf> imu: LSM6DSV16X   a   0.522  -6.069   8.301  g  -0.011   0.002  -0.003[0m
[1;32muart:~$ [m[8D[J[00:09:08.871,000] [0m<inf> imu: ICM-42688-P  a   0.505  -6.290   7.670  g   0.000  -0.006   0.000[0m
[1;32muart:~$ [m[8D[J[1;32muart:~$ [m[8D[J[00:09:08.972,000] [0m<inf> imu: LSM6DS3TR-C  a   0.223  -6.230   8.003  g   0.024  -0.062   0.013[0m
[1;32muart:~$ [m[8D[J[00:09:08.973,000] [0m<inf> imu: LSM6DSV16X   a   0.526  -6.088   8.308  g  -0.011   0.002  -0.002[0m
[1;32muart:~$ [m[8D[J[1;32muart:~$ [m[8D[J[00:09:08.974,000] [0m<inf> imu: ICM-42688-P  a   0.526  -6.291   7.682  g   0.002  -0.006  -0.001[0m
[1;32muart:~$ [m[8D[J[00:09:09.075,000] [0m<inf> imu: LSM6DS3TR-C  a   0.210  -6.238   7.951  g   0.024  -0.062   0.014[0m
[1;32muart:~$ [m[8D[J[00:09:09.075,000] [0m<inf> imu: LSM6DSV16X   a   0.519  -6.078   8.306  g  -0.011   0.002  -0.002[0m
[1;32muart:~$ [m[8D[J[1;32muart:~$ [m[8D[J[00:09:09.076,000] [0m<inf> imu: ICM-42688-P  a   0.512  -6.291   7.682  g   0.000  -0.006  -0.001[0m
[1;32muart:~$ [m[8D[J[00:09:09.178,000] [0m<inf> imu: LSM6DS3TR-C  a   0.214  -6.210   7.974  g   0.025  -0.063   0.012[0m
[1;32muart:~$ [m[8D[J[00:09:09.179,000] [0m<inf> imu: LSM6DSV16X   a   0.522  -6.088   8.305  g  -0.012   0.002  -0.002[0m
[1;32muart:~$ [m[8D[J[1;32muart:~$ [m[8D[J[00:09:09.179,000] [0m<inf> imu: ICM-42688-P  a   0.517  -6.284   7.682  g   0.000  -0.006  -0.000[0m
[1;32muart:~$ [m[8D[J[00:09:09.280,000] [0m<inf> imu: LSM6DS3TR-C  a   0.214  -6.232   7.975  g   0.025  -0.062   0.013[0m
[1;32muart:~$ [m[8D[J[1;32muart:~$ [m[8D[J[00:09:09.281,000] [0m<inf> imu: LSM6DSV16X   a   0.514  -6.090   8.297  g  -0.012   0.002  -0.002[0m
[1;32muart:~$ [m[8D[J[00:09:09.281,000] [0m<inf> imu: ICM-42688-P  a   0.508  -6.280   7.673  g  -0.000  -0.005   0.000[0m
[1;32muart:~$ [m[8D[J[1;32muart:~$ [m[8D[J[00:09:09.383,000] [0m<inf> imu: LSM6DS3TR-C  a   0.223  -6.250   8.002  g   0.025  -0.061   0.013[0m
[1;32muart:~$ [m[8D[J[00:09:09.384,000] [0m<inf> imu: LSM6DSV16X   a   0.519  -6.083   8.308  g  -0.011   0.002  -0.003[0m
[1;32muart:~$ [m[8D[J[1;32muart:~$ [m[8D[J[00:09:09.384,000] [0m<inf> imu: ICM-42688-P  a   0.521  -6.298   7.694  g   0.000  -0.005  -0.000[0m
[1;32muart:~$ [m[8D[J[00:09:09.486,000] [0m<inf> imu: LSM6DS3TR-C  a   0.232  -6.252   7.979  g   0.024  -0.061   0.013[0m
[1;32muart:~$ [m[8D[J[1;32muart:~$ [m[8D[J[00:09:09.486,000] [0m<inf> imu: LSM6DSV16X   a   0.527  -6.088   8.303  g  -0.011   0.003  -0.003[0m
[1;32muart:~$ [m[8D[J[00:09:09.487,000] [0m<inf> imu: ICM-42688-P  a   0.516  -6.288   7.678  g   0.001  -0.006  -0.000[0m
[1;32muart:~$ [m[8D[J[1;32muart:~$ [m[8D[J[00:09:09.588,000] [0m<inf> imu: LSM6DS3TR-C  a   0.217  -6.258   7.952  g   0.025  -0.061   0.013[0m
[1;32muart:~$ [m[8D[J[00:09:09.589,000] [0m<inf> imu: LSM6DSV16X   a   0.514  -6.087   8.299  g  -0.011   0.002  -0.002[0m
[1;32muart:~$ [m[8D[J[1;32muart:~$ [m[8D[J[00:09:09.589,000] [0m<inf> imu: ICM-42688-P  a   0.514  -6.292   7.673  g   0.001  -0.006  -0.001[0m
[1;32muart:~$ [m[8D[J[00:09:09.690,000] [0m<inf> imu: LSM6DS3TR-C  a   0.231  -6.221   7.978  g   0.022  -0.063   0.012[0m
[1;32muart:~$ [m[8D[J[00:09:09.691,000] [0m<inf> imu: LSM6DSV16X   a   0.521  -6.080   8.311  g  -0.011   0.002  -0.003[0m
[1;32muart:~$ [m[8D[J[1;32muart:~$ [m[8D[J[00:09:09.691,000] [0m<inf> imu: ICM-42688-P  a   0.508  -6.293   7.687  g   0.001  -0.005  -0.001[0m
[1;32muart:~$ [m[8D[J[00:09:09.793,000] [0m<inf> imu: LSM6DS3TR-C  a   0.231  -6.264   7.984  g   0.024  -0.063   0.012[0m
[1;32muart:~$ [m[8D[J[1;32muart:~$ [m[8D[J[00:09:09.794,000] [0m<inf> imu: LSM6DSV16X   a   0.522  -6.083   8.305  g  -0.011   0.002  -0.002[0m
[1;32muart:~$ [m[8D[J[00:09:09.795,000] [0m<inf> imu: ICM-42688-P  a   0.520  -6.294   7.693  g   0.000  -0.006  -0.001[0m
[1;32muart:~$ [m[8D[J[1;32muart:~$ [m[8D[J[00:09:09.896,000] [0m<inf> imu: LSM6DS3TR-C  a   0.236  -6.242   7.987  g   0.025  -0.063   0.012[0m
[1;32muart:~$ [m[8D[J[00:09:09.896,000] [0m<inf> imu: LSM6DSV16X   a   0.522  -6.077   8.296  g  -0.011   0.002  -0.002[0m
[1;32muart:~$ [m[8D[J[00:09:09.897,000] [0m<inf> imu: ICM-42688-P  a   0.516  -6.287   7.671  g   0.000  -0.005  -0.001[0m
[1;32muart:~$ [m[8D[J[1;32muart:~$ [m[8D[J[00:09:09.999,000] [0m<inf> imu: LSM6DS3TR-C  a   0.245  -6.253   7.994  g   0.026  -0.062   0.010[0m
[1;32muart:~$ [m[8D[J[00:09:10.000,000] [0m<inf> imu: LSM6DSV16X   a   0.522  -6.090   8.299  g  -0.011   0.002  -0.003[0m
[1;32muart:~$ [m[8D[J[1;32muart:~$ [m[8D[J[00:09:10.000,000] [0m<inf> imu: ICM-42688-P  a   0.510  -6.290   7.689  g  -0.000  -0.005  -0.001[0m
[1;32muart:~$ [m[8D[J[00:09:10.102,000] [0m<inf> imu: LSM6DS3TR-C  a   0.241  -6.235   7.958  g   0.025  -0.063   0.012[0m
[1;32muart:~$ [m[8D[J[1;32muart:~$ [m[8D[J[00:09:10.103,000] [0m<inf> imu: LSM6DSV16X   a   0.513  -6.078   8.301  g  -0.012   0.002  -0.003[0m
[1;32muart:~$ [m[8D[J[00:09:10.103,000] [0m<inf> imu: ICM-42688-P  a   0.510  -6.294   7.677  g   0.000  -0.005  -0.001[0m
[1;32muart:~$ [m[8D[J[1;32muart:~$ [m[8D[J[00:09:10.204,000] [0m<inf> imu: LSM6DS3TR-C  a   0.188  -6.230   7.978  g   0.024  -0.063   0.013[0m
[1;32muart:~$ [m[8D[J[00:09:10.205,000] [0m<inf> imu: LSM6DSV16X   a   0.526  -6.081   8.300  g  -0.011   0.002  -0.002[0m
[1;32muart:~$ [m[8D[J[1;32muart:~$ [m[8D[J[00:09:10.205,000] [0m<inf> imu: ICM-42688-P  a   0.508  -6.278   7.679  g   0.001  -0.005  -0.001[0m
[1;32muart:~$ [m[8D[J[00:09:10.306,000] [0m<inf> imu: LSM6DS3TR-C  a   0.214  -6.218   7.949  g   0.023  -0.062   0.014[0m
[1;32muart:~$ [m[8D[J[00:09:10.307,000] [0m<inf> imu: LSM6DSV16X   a   0.517  -6.083   8.300  g  -0.011   0.002  -0.003[0m
[1;32muart:~$ [m[8D[J[1;32muart:~$ [m[8D[J[00:09:10.308,000] [0m<inf> imu: ICM-42688-P  a   0.506  -6.286   7.679  g   0.000  -0.005  -0.001[0m
[1;32muart:~$ [m[8D[J[00:09:10.410,000] [0m<inf> imu: LSM6DS3TR-C  a   0.215  -6.243   7.932  g   0.024  -0.062   0.013[0m
[1;32muart:~$ [m[8D[J[1;32muart:~$ [m[8D[J[00:09:10.410,000] [0m<inf> imu: LSM6DSV16X   a   0.525  -6.083   8.313  g  -0.011   0.002  -0.002[0m
[1;32muart:~$ [m[8D[J[00:09:10.411,000] [0m<inf> imu: ICM-42688-P  a   0.522  -6.294   7.687  g   0.001  -0.006  -0.000[0m
[1;32muart:~$ [m[8D[J[00:09:10.512,000] [0m<inf> imu: LSM6DS3TR-C  a   0.209  -6.257   7.983  g   0.024  -0.063   0.013[0m
[1;32muart:~$ [m[8D[J[1;32muart:~$ [m[8D[J[00:09:10.513,000] [0m<inf> imu: LSM6DSV16X   a   0.512  -6.080   8.298  g  -0.012   0.002  -0.003[0m
[1;32muart:~$ [m[8D[J[00:09:10.514,000] [0m<inf> imu: ICM-42688-P  a   0.512  -6.298   7.670  g   0.000  -0.005  -0.001[0m
[1;32muart:~$ [m[8D[J[00:09:10.615,000] [0m<inf> imu: LSM6DS3TR-C  a   0.217  -6.237   7.953  g   0.024  -0.062   0.009[0m
[1;32muart:~$ [m[8D[J[00:09:10.615,000] [0m<inf> imu: LSM6DSV16X   a   0.526  -6.087   8.299  g  -0.011   0.002  -0.002[0m
[1;32muart:~$ [m[8D[J[1;32muart:~$ [m[8D[J[00:09:10.616,000] [0m<inf> imu: ICM-42688-P  a   0.510  -6.282   7.670  g   0.000  -0.005  -0.001[0m
[1;32muart:~$ [m[8D[J[1;32muart:~$ [m[8D[J[00:09:10.717,000] [0m<inf> imu: LSM6DS3TR-C  a   0.229  -6.241   7.941  g   0.024  -0.061   0.011[0m
[1;32muart:~$ [m[8D[J[00:09:10.718,000] [0m<inf> imu: LSM6DSV16X   a   0.524  -6.089   8.305  g  -0.011   0.002  -0.003[0m
[1;32muart:~$ [m[8D[J[1;32muart:~$ [m[8D[J[00:09:10.718,000] [0m<inf> imu: ICM-42688-P  a   0.528  -6.294   7.671  g   0.000  -0.005   0.000[0m
[1;32muart:~$ [m[8D[J[00:09:10.819,000] [0m<inf> imu: LSM6DS3TR-C  a   0.206  -6.253   7.981  g   0.024  -0.061   0.014[0m
[1;32muart:~$ [m[8D[J[1;32muart:~$ [m[8D[J[00:09:10.820,000] [0m<inf> imu: LSM6DSV16X   a   0.522  -6.084   8.308  g  -0.011   0.002  -0.002[0m
[1;32muart:~$ [m[8D[J[00:09:10.821,000] [0m<inf> imu: ICM-42688-P  a   0.512  -6.292   7.691  g   0.001  -0.005  -0.000[0m
[1;32muart:~$ [m[8D[J[1;32muart:~$ [m[8D[J[00:09:10.922,000] [0m<inf> imu: LSM6DS3TR-C  a   0.228  -6.239   7.970  g   0.026  -0.061   0.011[0m
[1;32muart:~$ [m[8D[J[00:09:10.922,000] [0m<inf> imu: LSM6DSV16X   a   0.524  -6.083   8.306  g  -0.011   0.002  -0.003[0m
[1;32muart:~$ [m[8D[J[1;32muart:~$ [m[8D[J[00:09:10.923,000] [0m<inf> imu: ICM-42688-P  a   0.508  -6.290   7.683  g   0.001  -0.005  -0.000[0m
[1;32muart:~$ [m[8D[J[00:09:11.024,000] [0m<inf> imu: LSM6DS3TR-C  a   0.227  -6.253   7.972  g   0.025  -0.064   0.012[0m
[1;32muart:~$ [m[8D[J[00:09:11.025,000] [0m<inf> imu: LSM6DSV16X   a   0.516  -6.080   8.303  g  -0.011   0.003  -0.003[0m
[1;32muart:~$ [m[8D[J[1;32muart:~$ [m[8D[J[00:09:11.025,000] [0m<inf> imu: ICM-42688-P  a   0.508  -6.296   7.691  g   0.000  -0.005  -0.001[0m
[1;32muart:~$ [m[8D[J[00:09:11.126,000] [0m<inf> imu: LSM6DS3TR-C  a   0.226  -6.233   7.976  g   0.024  -0.061   0.013[0m
[1;32muart:~$ [m[8D[J[1;32muart:~$ [m[8D[J[00:09:11.127,000] [0m<inf> imu: LSM6DSV16X   a   0.522  -6.090   8.310  g  -0.011   0.002  -0.003[0m
[1;32muart:~$ [m[8D[J[00:09:11.128,000] [0m<inf> imu: ICM-42688-P  a   0.521  -6.288   7.670  g   0.001  -0.005  -0.001[0m
[1;32muart:~$ [m[8D[J[00:09:11.229,000] [0m<inf> imu: LSM6DS3TR-C  a   0.211  -6.242   7.979  g   0.024  -0.062   0.012[0m
[1;32muart:~$ [m[8D[J[1;32muart:~$ [m[8D[J[00:09:11.230,000] [0m<inf> imu: LSM6DSV16X   a   0.526  -6.080   8.301  g  -0.011   0.002  -0.002[0m
[1;32muart:~$ [m[8D[J[00:09:11.230,000] [0m<inf> imu: ICM-42688-P  a   0.521  -6.285   7.682  g   0.001  -0.005  -0.001[0m
[1;32muart:~$ [m[8D[J[1;32muart:~$ [m[8D[J[00:09:11.332,000] [0m<inf> imu: LSM6DS3TR-C  a   0.212  -6.234   7.944  g   0.025  -0.062   0.012[0m
[1;32muart:~$ [m[8D[J[00:09:11.333,000] [0m<inf> imu: LSM6DSV16X   a   0.521  -6.083   8.310  g  -0.012   0.003  -0.002[0m
[1;32muart:~$ [m[8D[J[1;32muart:~$ [m[8D[J[00:09:11.333,000] [0m<inf> imu: ICM-42688-P  a   0.511  -6.294   7.670  g   0.000  -0.006   0.000[0m
[1;32muart:~$ [m[8D[J[00:09:11.434,000] [0m<inf> imu: LSM6DS3TR-C  a   0.224  -6.250   7.918  g   0.025  -0.061   0.010[0m
[1;32muart:~$ [m[8D[J[1;32muart:~$ [m[8D[J[00:09:11.435,000] [0m<inf> imu: LSM6DSV16X   a   0.522  -6.086   8.304  g  -0.012   0.003  -0.003[0m
[1;32muart:~$ [m[8D[J[00:09:11.436,000] [0m<inf> imu: ICM-42688-P  a   0.512  -6.291   7.683  g  -0.000  -0.005  -0.001[0m
[1;32muart:~$ [m[8D[J[1;32muart:~$ [m[8D[J[00:09:11.537,000] [0m<inf> imu: LSM6DS3TR-C  a   0.218  -6.213   7.975  g   0.025  -0.063   0.012[0m
[1;32muart:~$ [m[8D[J[00:09:11.537,000] [0m<inf> imu: LSM6DSV16X   a   0.522  -6.087   8.304  g  -0.012   0.002  -0.003[0m
[1;32muart:~$ [m[8D[J[1;32muart:~$ [m[8D[J[00:09:11.538,000] [0m<inf> imu: ICM-42688-P  a   0.517  -6.281   7.683  g   0.000  -0.006  -0.001[0m
[1;32muart:~$ [m[8D[J[00:09:11.639,000] [0m<inf> imu: LSM6DS3TR-C  a   0.214  -6.233   7.973  g   0.024  -0.061   0.011[0m
[1;32muart:~$ [m[8D[J[00:09:11.640,000] [0m<inf> imu: LSM6DSV16X   a   0.519  -6.083   8.301  g  -0.011   0.003  -0.003[0m
[1;32muart:~$ [m[8D[J[1;32muart:~$ [m[8D[J[00:09:11.640,000] [0m<inf> imu: ICM-42688-P  a   0.509  -6.280   7.681  g   0.000  -0.005   0.000[0m
[1;32muart:~$ [m[8D[J[00:09:11.742,000] [0m<inf> imu: LSM6DS3TR-C  a   0.220  -6.259   7.942  g   0.024  -0.062   0.013[0m
[1;32muart:~$ [m[8D[J[1;32muart:~$ [m[8D[J[00:09:11.743,000] [0m<inf> imu: LSM6DSV16X   a   0.522  -6.080   8.312  g  -0.012   0.002  -0.002[0m
[1;32muart:~$ [m[8D[J[00:09:11.743,000] [0m<inf> imu: ICM-42688-P  a   0.515  -6.291   7.667  g   0.000  -0.006  -0.001[0m
[1;32muart:~$ [m[8D[J[00:09:11.844,000] [0m<inf> imu: LSM6DS3TR-C  a   0.210  -6.240   7.939  g   0.024  -0.064   0.012[0m
[1;32muart:~$ [m[8D[J[1;32muart:~$ [m[8D[J[00:09:11.845,000] [0m<inf> imu: LSM6DSV16X   a   0.519  -6.082   8.305  g  -0.011   0.002  -0.002[0m
[1;32muart:~$ [m[8D[J[00:09:11.846,000] [0m<inf> imu: ICM-42688-P  a   0.514  -6.297   7.683  g   0.000  -0.005   0.000[0m
[1;32muart:~$ [m[8D[J[00:09:11.947,000] [0m<inf> imu: LSM6DS3TR-C  a   0.203  -6.249   7.954  g   0.023  -0.063   0.011[0m
[1;32muart:~$ [m[8D[J[00:09:11.947,000] [0m<inf> imu: LSM6DSV16X   a   0.522  -6.090   8.312  g  -0.012   0.002  -0.002[0m
[1;32muart:~$ [m[8D[J[1;32muart:~$ [m[8D[J[00:09:11.948,000] [0m<inf> imu: ICM-42688-P  a   0.509  -6.293   7.689  g  -0.001  -0.006  -0.001[0m
[1;32muart:~$ [m[8D[J[1;32muart:~$ [m[8D[J[00:09:12.049,000] [0m<inf> imu: LSM6DS3TR-C  a   0.212  -6.234   7.944  g   0.023  -0.061   0.014[0m
[1;32muart:~$ [m[8D[J[00:09:12.050,000] [0m<inf> imu: LSM6DSV16X   a   0.523  -6.081   8.303  g  -0.011   0.002  -0.003[0m
[1;32muart:~$ [m[8D[J[00:09:12.050,000] [0m<inf> imu: ICM-42688-P  a   0.512  -6.292   7.670  g   0.000  -0.005   0.000[0m
[1;32muart:~$ [m[8D[J[1;32muart:~$ [m[8D[J[00:09:12.151,000] [0m<inf> imu: LSM6DS3TR-C  a   0.218  -6.238   7.974  g   0.026  -0.063   0.014[0m
[1;32muart:~$ [m[8D[J[00:09:12.152,000] [0m<inf> imu: LSM6DSV16X   a   0.529  -6.082   8.293  g  -0.011   0.002  -0.002[0m
[1;32muart:~$ [m[8D[J[1;32muart:~$ [m[8D[J[00:09:12.153,000] [0m<inf> imu: ICM-42688-P  a   0.514  -6.287   7.672  g   0.001  -0.005  -0.000[0m
[1;32muart:~$ [m[8D[J[00:09:12.254,000] [0m<inf> imu: LSM6DS3TR-C  a   0.217  -6.261   7.961  g   0.025  -0.063   0.012[0m
[1;32muart:~$ [m[8D[J[00:09:12.254,000] [0m<inf> imu: LSM6DSV16X   a   0.521  -6.087   8.291  g  -0.012   0.002  -0.002[0m
[1;32muart:~$ [m[8D[J[1;32muart:~$ [m[8D[J[00:09:12.255,000] [0m<inf> imu: ICM-42688-P  a   0.509  -6.298   7.682  g   0.000  -0.005   0.000[0m
[1;32muart:~$ [m[8D[J[00:09:12.356,000] [0m<inf> imu: LSM6DS3TR-C  a   0.221  -6.235   7.988  g   0.024  -0.064   0.010[0m
[1;32muart:~$ [m[8D[J[1;32muart:~$ [m[8D[J[00:09:12.356,000] [0m<inf> imu: LSM6DSV16X   a   0.524  -6.080   8.300  g  -0.011   0.002  -0.003[0m
[1;32muart:~$ [m[8D[J[00:09:12.357,000] [0m<inf> imu: ICM-42688-P  a   0.515  -6.294   7.678  g   0.001  -0.005  -0.001[0m
[1;32muart:~$ [m[8D[J[00:09:12.458,000] [0m<inf> imu: LSM6DS3TR-C  a   0.200  -6.228   7.975  g   0.024  -0.062   0.013[0m
[1;32muart:~$ [m[8D[J[00:09:12.459,000] [0m<inf> imu: LSM6DSV16X   a   0.522  -6.087   8.305  g  -0.011   0.002  -0.002[0m
[1;32muart:~$ [m[8D[J[1;32muart:~$ [m[8D[J[00:09:12.459,000] [0m<inf> imu: ICM-42688-P  a   0.518  -6.298   7.681  g   0.001  -0.005  -0.001[0m
[1;32muart:~$ [m[8D[J[00:09:12.561,000] [0m<inf> imu: LSM6DS3TR-C  a   0.246  -6.232   7.961  g   0.025  -0.063   0.009[0m
[1;32muart:~$ [m[8D[J[00:09:12.561,000] [0m<inf> imu: LSM6DSV16X   a   0.519  -6.090   8.296  g  -0.011   0.002  -0.002[0m
[1;32muart:~$ [m[8D[J[1;32muart:~$ [m[8D[J[00:09:12.562,000] [0m<inf> imu: ICM-42688-P  a   0.509  -6.281   7.699  g   0.001  -0.005  -0.001[0m
[1;32muart:~$ [m[8D[J[00:09:12.663,000] [0m<inf> imu: LSM6DS3TR-C  a   0.233  -6.270   7.938  g   0.024  -0.062   0.011[0m
[1;32muart:~$ [m[8D[J[1;32muart:~$ [m[8D[J[00:09:12.664,000] [0m<inf> imu: LSM6DSV16X   a   0.521  -6.087   8.296  g  -0.011   0.002  -0.003[0m
[1;32muart:~$ [m[8D[J[00:09:12.664,000] [0m<inf> imu: ICM-42688-P  a   0.516  -6.288   7.691  g   0.001  -0.005  -0.001[0m
[1;32muart:~$ [m[8D[J[1;32muart:~$ [m[8D[J[00:09:12.765,000] [0m<inf> imu: LSM6DS3TR-C  a   0.200  -6.246   7.996  g   0.024  -0.061   0.013[0m
[1;32muart:~$ [m[8D[J[00:09:12.766,000] [0m<inf> imu: LSM6DSV16X   a   0.526  -6.088   8.300  g  -0.011   0.002  -0.003[0m
[1;32muart:~$ [m[8D[J[1;32muart:~$ [m[8D[J[00:09:12.766,000] [0m<inf> imu: ICM-42688-P  a   0.512  -6.296   7.666  g  -0.000  -0.005  -0.000[0m
[1;32muart:~$ [m[8D[J[00:09:12.867,000] [0m<inf> imu: LSM6DS3TR-C  a   0.241  -6.237   8.004  g   0.026  -0.063   0.012[0m
[1;32muart:~$ [m[8D[J[1;32muart:~$ [m[8D[J[00:09:12.868,000] [0m<inf> imu: LSM6DSV16X   a   0.519  -6.092   8.302  g  -0.010   0.002  -0.002[0m
[1;32muart:~$ [m[8D[J[00:09:12.869,000] [0m<inf> imu: ICM-42688-P  a   0.522  -6.285   7.684  g  -0.000  -0.005  -0.001[0m
[1;32muart:~$ [m[8D[J[1;32muart:~$ [m[8D[J[00:09:12.970,000] [0m<inf> imu: LSM6DS3TR-C  a   0.243  -6.255   8.002  g   0.024  -0.063   0.015[0m
[1;32muart:~$ [m[8D[J[00:09:12.970,000] [0m<inf> imu: LSM6DSV16X   a   0.522  -6.084   8.310  g  -0.011   0.002  -0.003[0m
[1;32muart:~$ [m[8D[J[1;32muart:~$ [m[8D[J[00:09:12.971,000] [0m<inf> imu: ICM-42688-P  a   0.514  -6.298   7.677  g  -0.000  -0.005  -0.001[0m
[1;32muart:~$ [m[8D[J[00:09:13.072,000] [0m<inf> imu: LSM6DS3TR-C  a   0.206  -6.252   7.992  g   0.024  -0.063   0.012[0m
[1;32muart:~$ [m[8D[J[00:09:13.073,000] [0m<inf> imu: LSM6DSV16X   a   0.522  -6.080   8.301  g  -0.012   0.002  -0.002[0m
[1;32muart:~$ [m[8D[J[1;32muart:~$ [m[8D[J[00:09:13.073,000] [0m<inf> imu: ICM-42688-P  a   0.511  -6.287   7.672  g   0.001  -0.006  -0.001[0m
[1;32muart:~$ [m[8D[J[00:09:13.175,000] [0m<inf> imu: LSM6DS3TR-C  a   0.204  -6.243   7.966  g   0.023  -0.062   0.012[0m
[1;32muart:~$ [m[8D[J[1;32muart:~$ [m[8D[J[00:09:13.176,000] [0m<inf> imu: LSM6DSV16X   a   0.517  -6.089   8.295  g  -0.011   0.002  -0.002[0m
[1;32muart:~$ [m[8D[J[00:09:13.177,000] [0m<inf> imu: ICM-42688-P  a   0.524  -6.298   7.681  g   0.001  -0.006  -0.001[0m
[1;32muart:~$ [m[8D[J[00:09:13.278,000] [0m<inf> imu: LSM6DS3TR-C  a   0.231  -6.237   7.945  g   0.023  -0.062   0.010[0m
[1;32muart:~$ [m[8D[J[1;32muart:~$ [m[8D[J[00:09:13.278,000] [0m<inf> imu: LSM6DSV16X   a   0.524  -6.083   8.302  g  -0.012   0.001  -0.002[0m
[1;32muart:~$ [m[8D[J[00:09:13.279,000] [0m<inf> imu: ICM-42688-P  a   0.509  -6.281   7.679  g  -0.001  -0.005  -0.001[0m
[1;32muart:~$ [m[8D[J[1;32muart:~$ [m[8D[J[00:09:13.380,000] [0m<inf> imu: LSM6DS3TR-C  a   0.237  -6.229   7.997  g   0.025  -0.063   0.011[0m
[1;32muart:~$ [m[8D[J[00:09:13.382,000] [0m<inf> imu: LSM6DSV16X   a   0.521  -6.089   8.311  g  -0.012   0.002  -0.002[0m
[1;32muart:~$ [m[8D[J[1;32muart:~$ [m[8D[J[00:09:13.383,000] [0m<inf> imu: ICM-42688-P  a   0.516  -6.294   7.683  g   0.000  -0.005   0.001[0m
[1;32muart:~$ [m[8D[J[00:09:13.484,000] [0m<inf> imu: LSM6DS3TR-C  a   0.199  -6.242   7.984  g   0.024  -0.063   0.012[0m
[1;32muart:~$ [m[8D[J[1;32muart:~$ [m[8D[J[00:09:13.484,000] [0m<inf> imu: LSM6DSV16X   a   0.525  -6.082   8.298  g  -0.012   0.002  -0.003[0m
[1;32muart:~$ [m[8D[J[00:09:13.485,000] [0m<inf> imu: ICM-42688-P  a   0.509  -6.282   7.676  g   0.000  -0.005   0.000[0m
[1;32muart:~$ [m[8D[J[1;32muart:~$ [m[8D[J[00:09:13.586,000] [0m<inf> imu: LSM6DS3TR-C  a   0.210  -6.235   7.964  g   0.024  -0.061   0.014[0m
[1;32muart:~$ [m[8D[J[00:09:13.587,000] [0m<inf> imu: LSM6DSV16X   a   0.522  -6.076   8.299  g  -0.012   0.002  -0.003[0m
[1;32muart:~$ [m[8D[J[1;32muart:~$ [m[8D[J[00:09:13.587,000] [0m<inf> imu: ICM-42688-P  a   0.506  -6.296   7.679  g   0.000  -0.006   0.000[0m
[1;32muart:~$ [m[8D[J[00:09:13.688,000] [0m<inf> imu: LSM6DS3TR-C  a   0.221  -6.324   7.961  g   0.025  -0.064   0.010[0m
[1;32muart:~$ [m[8D[J[00:09:13.689,000] [0m<inf> imu: LSM6DSV16X   a   0.517  -6.083   8.284  g  -0.012   0.002  -0.003[0m
[1;32muart:~$ [m[8D[J[1;32muart:~$ [m[8D[J[00:09:13.689,000] [0m<inf> imu: ICM-42688-P  a   0.504  -6.273   7.666  g   0.000  -0.006  -0.001[0m
[1;32muart:~$ [m[8D[J[00:09:13.791,000] [0m<inf> imu: LSM6DS3TR-C  a   0.224  -6.218   8.185  g   0.025  -0.065   0.014[0m
[1;32muart:~$ [m[8D[J[1;32muart:~$ [m[8D[J[00:09:13.792,000] [0m<inf> imu: LSM6DSV16X   a   0.505  -6.006   8.140  g  -0.015   0.002  -0.003[0m
[1;32muart:~$ [m[8D[J[00:09:13.793,000] [0m<inf> imu: ICM-42688-P  a   0.526  -6.311   7.876  g   0.002  -0.009   0.000[0m
[1;32muart:~$ [m[8D[J[00:09:13.894,000] [0m<inf> imu: LSM6DS3TR-C  a   0.264  -6.193   8.039  g   0.024  -0.064   0.014[0m
[1;32muart:~$ [m[8D[J[1;32muart:~$ [m[8D[J[00:09:13.895,000] [0m<inf> imu: LSM6DSV16X   a   0.532  -6.109   8.303  g  -0.010   0.001  -0.003[0m
[1;32muart:~$ [m[8D[J[00:09:13.895,000] [0m<inf> imu: ICM-42688-P  a   0.520  -6.315   7.673  g   0.003  -0.006  -0.002[0m
[1;32muart:~$ [m[8D[J[00:09:13.996,000] [0m<inf> imu: LSM6DS3TR-C  a   0.271  -6.208   7.948  g   0.025  -0.062   0.011[0m
[1;32muart:~$ [m[8D[J[00:09:13.997,000] [0m<inf> imu: LSM6DSV16X   a   0.529  -6.056   8.298  g  -0.010   0.002  -0.003[0m
[1;32muart:~$ [m[8D[J[1;32muart:~$ [m[8D[J[00:09:13.998,000] [0m<inf> imu: ICM-42688-P  a   0.512  -6.280   7.690  g   0.003  -0.006  -0.001[0m
[1;32muart:~$ [m[8D[J[1;32muart:~$ [m[8D[J[00:09:14.099,000] [0m<inf> imu: LSM6DS3TR-C  a   0.206  -6.255   7.948  g   0.024  -0.064   0.013[0m
[1;32muart:~$ [m[8D[J[00:09:14.099,000] [0m<inf> imu: LSM6DSV16X   a   0.522  -6.092   8.314  g  -0.012   0.002  -0.002[0m
[1;32muart:~$ [m[8D[J[1;32muart:~$ [m[8D[J[00:09:14.100,000] [0m<inf> imu: ICM-42688-P  a   0.510  -6.300   7.673  g   0.000  -0.005  -0.001[0m
[1;32muart:~$ [m[8D[J[00:09:14.201,000] [0m<inf> imu: LSM6DS3TR-C  a   0.236  -6.210   7.962  g   0.024  -0.063   0.012[0m
[1;32muart:~$ [m[8D[J[1;32muart:~$ [m[8D[J[00:09:14.202,000] [0m<inf> imu: LSM6DSV16X   a   0.512  -6.072   8.284  g  -0.010   0.002  -0.002[0m
[1;32muart:~$ [m[8D[J[00:09:14.202,000] [0m<inf> imu: ICM-42688-P  a   0.514  -6.294   7.658  g   0.000  -0.006   0.000[0m
[1;32muart:~$ [m[8D[J[1;32muart:~$ [m[8D[J[00:09:14.303,000] [0m<inf> imu: LSM6DS3TR-C  a   0.237  -6.219   8.006  g   0.026  -0.065   0.011[0m
[1;32muart:~$ [m[8D[J[00:09:14.304,000] [0m<inf> imu: LSM6DSV16X   a   0.527  -6.092   8.310  g  -0.011   0.002  -0.002[0m
[1;32muart:~$ [m[8D[J[1;32muart:~$ [m[8D[J[00:09:14.304,000] [0m<inf> imu: ICM-42688-P  a   0.518  -6.300   7.691  g  -0.001  -0.006  -0.001[0m
[1;32muart:~$ [m[8D[J[00:09:14.406,000] [0m<inf> imu: LSM6DS3TR-C  a   0.218  -6.194   7.957  g   0.023  -0.062   0.011[0m
[1;32muart:~$ [m[8D[J[00:09:14.406,000] [0m<inf> imu: LSM6DSV16X   a   0.524  -6.087   8.298  g  -0.012   0.002  -0.002[0m
[1;32muart:~$ [m[8D[J[1;32muart:~$ [m[8D[J[00:09:14.407,000] [0m<inf> imu: ICM-42688-P  a   0.509  -6.285   7.672  g   0.001  -0.005   0.000[0m
[1;32muart:~$ [m[8D[J[00:09:14.508,000] [0m<inf> imu: LSM6DS3TR-C  a   0.240  -6.255   7.947  g   0.025  -0.062   0.010[0m
[1;32muart:~$ [m[8D[J[00:09:14.509,000] [0m<inf> imu: LSM6DSV16X   a   0.524  -6.090   8.296  g  -0.012   0.002  -0.002[0m
[1;32muart:~$ [m[8D[J[1;32muart:~$ [m[8D[J[00:09:14.510,000] [0m<inf> imu: ICM-42688-P  a   0.510  -6.299   7.687  g   0.000  -0.005   0.000[0m
[1;32muart:~$ [m[8D[J[00:09:14.611,000] [0m<inf> imu: LSM6DS3TR-C  a   0.185  -6.257   7.984  g   0.024  -0.062   0.011[0m
[1;32muart:~$ [m[8D[J[1;32muart:~$ [m[8D[J[00:09:14.612,000] [0m<inf> imu: LSM6DSV16X   a   0.517  -6.086   8.307  g  -0.012   0.003  -0.003[0m
[1;32muart:~$ [m[8D[J[00:09:14.612,000] [0m<inf> imu: ICM-42688-P  a   0.521  -6.294   7.659  g   0.000  -0.005  -0.000[0m
[1;32muart:~$ [m[8D[J[1;32muart:~$ [m[8D[J[00:09:14.714,000] [0m<inf> imu: LSM6DS3TR-C  a   0.233  -6.265   7.988  g   0.023  -0.060   0.012[0m
[1;32muart:~$ [m[8D[J[00:09:14.715,000] [0m<inf> imu: LSM6DSV16X   a   0.522  -6.090   8.303  g  -0.011   0.003  -0.003[0m
[1;32muart:~$ [m[8D[J[1;32muart:~$ [m[8D[J[00:09:14.716,000] [0m<inf> imu: ICM-42688-P  a   0.504  -6.297   7.666  g   0.000  -0.005   0.000[0m
[1;32muart:~$ [m[8D[J[00:09:14.817,000] [0m<inf> imu: LSM6DS3TR-C  a   0.200  -6.258   7.987  g   0.026  -0.062   0.012[0m
[1;32muart:~$ [m[8D[J[1;32muart:~$ [m[8D[J[00:09:14.817,000] [0m<inf> imu: LSM6DSV16X   a   0.517  -6.087   8.301  g  -0.011   0.002  -0.003[0m
[1;32muart:~$ [m[8D[J[00:09:14.818,000] [0m<inf> imu: ICM-42688-P  a   0.506  -6.276   7.670  g  -0.001  -0.005   0.000[0m
[1;32muart:~$ [m[8D[J[1;32muart:~$ [m[8D[J[00:09:14.919,000] [0m<inf> imu: LSM6DS3TR-C  a   0.220  -6.236   7.997  g   0.027  -0.061   0.013[0m
[1;32muart:~$ [m[8D[J[00:09:14.920,000] [0m<inf> imu: LSM6DSV16X   a   0.523  -6.087   8.303  g  -0.011   0.002  -0.003[0m
[1;32muart:~$ [m[8D[J[1;32muart:~$ [m[8D[J[00:09:14.920,000] [0m<inf> imu: ICM-42688-P  a   0.509  -6.298   7.679  g   0.001  -0.005   0.000[0m
[1;32muart:~$ [m[8D[J[00:09:15.021,000] [0m<inf> imu: LSM6DS3TR-C  a   0.196  -6.259   7.993  g   0.025  -0.061   0.013[0m
[1;32muart:~$ [m[8D[J[00:09:15.022,000] [0m<inf> imu: LSM6DSV16X   a   0.526  -6.080   8.303  g  -0.012   0.001  -0.002[0m
[1;32muart:~$ [m[8D[J[1;32muart:~$ [m[8D[J[00:09:15.022,000] [0m<inf> imu: ICM-42688-P  a   0.517  -6.296   7.684  g   0.000  -0.005   0.001[0m
[1;32muart:~$ [m[8D[J[00:09:15.124,000] [0m<inf> imu: LSM6DS3TR-C  a   0.224  -6.241   7.973  g   0.024  -0.062   0.010[0m
[1;32muart:~$ [m[8D[J[00:09:15.125,000] [0m<inf> imu: LSM6DSV16X   a   0.523  -6.080   8.299  g  -0.010   0.002  -0.003[0m
[1;32muart:~$ [m[8D[J[1;32muart:~$ [m[8D[J[00:09:15.126,000] [0m<inf> imu: ICM-42688-P  a   0.502  -6.290   7.673  g  -0.000  -0.005   0.000[0m
[1;32muart:~$ [m[8D[J[00:09:15.227,000] [0m<inf> imu: LSM6DS3TR-C  a   0.213  -6.204   7.953  g   0.024  -0.062   0.012[0m
[1;32muart:~$ [m[8D[J[1;32muart:~$ [m[8D[J[00:09:15.228,000] [0m<inf> imu: LSM6DSV16X   a   0.520  -6.081   8.298  g  -0.012   0.002  -0.002[0m
[1;32muart:~$ [m[8D[J[00:09:15.228,000] [0m<inf> imu: ICM-42688-P  a   0.514  -6.274   7.678  g   0.001  -0.005  -0.001[0m
[1;32muart:~$ [m[8D[J[00:09:15.329,000] [0m<inf> imu: LSM6DS3TR-C  a   0.246  -6.245   7.925  g   0.024  -0.062   0.013[0m
[1;32muart:~$ [m[8D[J[00:09:15.330,000] [0m<inf> imu: LSM6DSV16X   a   0.523  -6.087   8.294  g  -0.012   0.002  -0.003[0m
[1;32muart:~$ [m[8D[J[1;32muart:~$ [m[8D[J[00:09:15.330,000] [0m<inf> imu: ICM-42688-P  a   0.517  -6.288   7.685  g   0.000  -0.006  -0.001[0m
[1;32muart:~$ [m[8D[J[1;32muart:~$ [m[8D[J[00:09:15.431,000] [0m<inf> imu: LSM6DS3TR-C  a   0.212  -6.260   7.972  g   0.026  -0.061   0.012[0m
[1;32muart:~$ [m[8D[J[00:09:15.432,000] [0m<inf> imu: LSM6DSV16X   a   0.520  -6.087   8.293  g  -0.012   0.003  -0.003[0m
[1;32muart:~$ [m[8D[J[1;32muart:~$ [m[8D[J[00:09:15.433,000] [0m<inf> imu: ICM-42688-P  a   0.516  -6.273   7.664  g  -0.001  -0.004  -0.000[0m
[1;32muart:~$ [m[8D[J[00:09:15.534,000] [0m<inf> imu: LSM6DS3TR-C  a   0.193  -6.251   7.971  g   0.025  -0.062   0.012[0m
[1;32muart:~$ [m[8D[J[1;32muart:~$ [m[8D[J[00:09:15.535,000] [0m<inf> imu: LSM6DSV16X   a   0.528  -6.078   8.289  g  -0.011   0.003  -0.002[0m
[1;32muart:~$ [m[8D[J[00:09:15.535,000] [0m<inf> imu: ICM-42688-P  a   0.509  -6.288   7.669  g   0.001  -0.006  -0.001[0m
[1;32muart:~$ [m[8D[J[1;32muart:~$ [m[8D[J[00:09:15.636,000] [0m<inf> imu: LSM6DS3TR-C  a   0.219  -6.217   7.974  g   0.023  -0.062   0.012[0m
[1;32muart:~$ [m[8D[J[00:09:15.637,000] [0m<inf> imu: LSM6DSV16X   a   0.519  -6.083   8.299  g  -0.013   0.002  -0.003[0m
[1;32muart:~$ [m[8D[J[1;32muart:~$ [m[8D[J[00:09:15.637,000] [0m<inf> imu: ICM-42688-P  a   0.517  -6.286   7.678  g   0.000  -0.005  -0.001[0m
[1;32muart:~$ [m[8D[J[00:09:15.739,000] [0m<inf> imu: LSM6DS3TR-C  a   0.226  -6.243   7.993  g   0.024  -0.062   0.013[0m
[1;32muart:~$ [m[8D[J[00:09:15.739,000] [0m<inf> imu: LSM6DSV16X   a   0.521  -6.085   8.315  g  -0.011   0.002  -0.003[0m
[1;32muart:~$ [m[8D[J[1;32muart:~$ [m[8D[J[00:09:15.740,000] [0m<inf> imu: ICM-42688-P  a   0.526  -6.296   7.678  g   0.001  -0.006  -0.001[0m
[1;32muart:~$ [m[8D[J[00:09:15.841,000] [0m<inf> imu: LSM6DS3TR-C  a   0.237  -6.244   7.976  g   0.023  -0.062   0.012[0m
[1;32muart:~$ [m[8D[J[1;32muart:~$ [m[8D[J[00:09:15.843,000] [0m<inf> imu: LSM6DSV16X   a   0.520  -6.083   8.294  g  -0.011   0.003  -0.002[0m
[1;32muart:~$ [m[8D[J[00:09:15.843,000] [0m<inf> imu: ICM-42688-P  a   0.514  -6.293   7.691  g   0.000  -0.005  -0.001[0m
[1;32muart:~$ [m[8D[J[00:09:15.944,000] [0m<inf> imu: LSM6DS3TR-C  a   0.188  -6.233   7.947  g   0.025  -0.062   0.012[0m
[1;32muart:~$ [m[8D[J[1;32muart:~$ [m[8D[J[00:09:15.945,000] [0m<inf> imu: LSM6DSV16X   a   0.522  -6.087   8.287  g  -0.012   0.003  -0.002[0m
[1;32muart:~$ [m[8D[J[00:09:15.946,000] [0m<inf> imu: ICM-42688-P  a   0.508  -6.292   7.664  g   0.000  -0.005  -0.001[0m
[1;32muart:~$ [m[8D[J[00:09:16.047,000] [0m<inf> imu: LSM6DS3TR-C  a   0.251  -6.238   7.953  g   0.024  -0.063   0.010[0m
[1;32muart:~$ [m[8D[J[00:09:16.047,000] [0m<inf> imu: LSM6DSV16X   a   0.515  -6.085   8.298  g  -0.011   0.002  -0.003[0m
[1;32muart:~$ [m[8D[J[1;32muart:~$ [m[8D[J[00:09:16.048,000] [0m<inf> imu: ICM-42688-P  a   0.518  -6.286   7.666  g   0.001  -0.006   0.001[0m
[1;32muart:~$ [m[8D[J[1;32muart:~$ [m[8D[J[00:09:16.149,000] [0m<inf> imu: LSM6DS3TR-C  a   0.214  -6.203   7.982  g   0.026  -0.064   0.012[0m
[1;32muart:~$ [m[8D[J[00:09:16.150,000] [0m<inf> imu: LSM6DSV16X   a   0.520  -6.081   8.303  g  -0.012   0.003  -0.002[0m
[1;32muart:~$ [m[8D[J[1;32muart:~$ [m[8D[J[00:09:16.150,000] [0m<inf> imu: ICM-42688-P  a   0.509  -6.281   7.682  g   0.001  -0.005  -0.001[0m
[1;32muart:~$ [m[8D[J[00:09:16.251,000] [0m<inf> imu: LSM6DS3TR-C  a   0.229  -6.206   7.935  g   0.023  -0.063   0.012[0m
[1;32muart:~$ [m[8D[J[1;32muart:~$ [m[8D[J[00:09:16.252,000] [0m<inf> imu: LSM6DSV16X   a   0.519  -6.084   8.298  g  -0.011   0.002  -0.002[0m
[1;32muart:~$ [m[8D[J[00:09:16.252,000] [0m<inf> imu: ICM-42688-P  a   0.516  -6.296   7.670  g   0.000  -0.005   0.000[0m
[1;32muart:~$ [m[8D[J[1;32muart:~$ [m[8D[J[00:09:16.354,000] [0m<inf> imu: LSM6DS3TR-C  a   0.211  -6.203   7.945  g   0.022  -0.062   0.012[0m
[1;32muart:~$ [m[8D[J[00:09:16.354,000] [0m<inf> imu: LSM6DSV16X   a   0.524  -6.078   8.297  g  -0.012   0.002  -0.003[0m
[1;32muart:~$ [m[8D[J[1;32muart:~$ [m[8D[J[00:09:16.355,000] [0m<inf> imu: ICM-42688-P  a   0.505  -6.287   7.682  g   0.000  -0.005  -0.000[0m
[1;32muart:~$ [m[8D[J[00:09:16.456,000] [0m<inf> imu: LSM6DS3TR-C  a   0.202  -6.255   7.954  g   0.025  -0.063   0.012[0m
[1;32muart:~$ [m[8D[J[00:09:16.457,000] [0m<inf> imu: LSM6DSV16X   a   0.519  -6.090   8.291  g  -0.011   0.002  -0.002[0m
[1;32muart:~$ [m[8D[J[1;32muart:~$ [m[8D[J[00:09:16.457,000] [0m<inf> imu: ICM-42688-P  a   0.521  -6.279   7.671  g  -0.001  -0.005   0.000[0m
[1;32muart:~$ [m[8D[J[00:09:16.558,000] [0m<inf> imu: LSM6DS3TR-C  a   0.223  -6.257   7.982  g   0.025  -0.062   0.011[0m
[1;32muart:~$ [m[8D[J[00:09:16.559,000] [0m<inf> imu: LSM6DSV16X   a   0.517  -6.080   8.289  g  -0.011   0.002  -0.002[0m
[1;32muart:~$ [m[8D[J[1;32muart:~$ [m[8D[J[00:09:16.560,000] [0m<inf> imu: ICM-42688-P  a   0.506  -6.278   7.687  g   0.001  -0.006  -0.001[0m
[1;32muart:~$ [m[8D[J[00:09:16.661,000] [0m<inf> imu: LSM6DS3TR-C  a   0.196  -6.236   7.956  g   0.024  -0.065   0.011[0m
[1;32muart:~$ [m[8D[J[1;32muart:~$ [m[8D[J[00:09:16.662,000] [0m<inf> imu: LSM6DSV16X   a   0.522  -6.092   8.291  g  -0.012   0.003  -0.003[0m
[1;32muart:~$ [m[8D[J[00:09:16.662,000] [0m<inf> imu: ICM-42688-P  a   0.509  -6.287   7.678  g  -0.000  -0.006  -0.001[0m
[1;32muart:~$ [m[8D[J[1;32muart:~$ [m[8D[J[00:09:16.764,000] [0m<inf> imu: LSM6DS3TR-C  a   0.213  -6.251   8.014  g   0.025  -0.063   0.010[0m
[1;32muart:~$ [m[8D[J[00:09:16.765,000] [0m<inf> imu: LSM6DSV16X   a   0.525  -6.090   8.308  g  -0.012   0.003  -0.003[0m
[1;32muart:~$ [m[8D[J[1;32muart:~$ [m[8D[J[00:09:16.766,000] [0m<inf> imu: ICM-42688-P  a   0.518  -6.286   7.667  g  -0.000  -0.006   0.000[0m
[1;32muart:~$ [m[8D[J[00:09:16.867,000] [0m<inf> imu: LSM6DS3TR-C  a   0.230  -6.249   7.953  g   0.025  -0.063   0.012[0m
[1;32muart:~$ [m[8D[J[1;32muart:~$ [m[8D[J[00:09:16.868,000] [0m<inf> imu: LSM6DSV16X   a   0.517  -6.084   8.298  g  -0.011   0.002  -0.003[0m
[1;32muart:~$ [m[8D[J[00:09:16.868,000] [0m<inf> imu: ICM-42688-P  a   0.512  -6.286   7.661  g   0.001  -0.006  -0.001[0m
[1;32muart:~$ [m[8D[J[1;32muart:~$ [m[8D[J[00:09:16.969,000] [0m<inf> imu: LSM6DS3TR-C  a   0.223  -6.239   7.972  g   0.024  -0.063   0.013[0m
[1;32muart:~$ [m[8D[J[00:09:16.970,000] [0m<inf> imu: LSM6DSV16X   a   0.513  -6.092   8.310  g  -0.012   0.002  -0.002[0m
[1;32muart:~$ [m[8D[J[1;32muart:~$ [m[8D[J[00:09:16.970,000] [0m<inf> imu: ICM-42688-P  a   0.508  -6.292   7.690  g  -0.001  -0.006  -0.001[0m
[1;32muart:~$ [m[8D[J[00:09:17.072,000] [0m<inf> imu: LSM6DS3TR-C  a   0.223  -6.249   7.961  g   0.023  -0.062   0.011[0m
[1;32muart:~$ [m[8D[J[00:09:17.072,000] [0m<inf> imu: LSM6DSV16X   a   0.519  -6.083   8.298  g  -0.012   0.002  -0.002[0m
[1;32muart:~$ [m[8D[J[1;32muart:~$ [m[8D[J[00:09:17.073,000] [0m<inf> imu: ICM-42688-P  a   0.518  -6.285   7.671  g   0.001  -0.006  -0.001[0m
[1;32muart:~$ [m[8D[J[00:09:17.175,000] [0m<inf> imu: LSM6DS3TR-C  a   0.209  -6.261   7.950  g   0.024  -0.063   0.012[0m
[1;32muart:~$ [m[8D[J[00:09:17.176,000] [0m<inf> imu: LSM6DSV16X   a   0.522  -6.089   8.304  g  -0.012   0.002  -0.002[0m
[1;32muart:~$ [m[8D[J[1;32muart:~$ [m[8D[J[00:09:17.176,000] [0m<inf> imu: ICM-42688-P  a   0.512  -6.290   7.669  g  -0.001  -0.006  -0.001[0m
[1;32muart:~$ [m[8D[J[00:09:17.277,000] [0m<inf> imu: LSM6DS3TR-C  a   0.224  -6.226   7.966  g   0.023  -0.063   0.013[0m
[1;32muart:~$ [m[8D[J[1;32muart:~$ [m[8D[J[00:09:17.278,000] [0m<inf> imu: LSM6DSV16X   a   0.523  -6.083   8.298  g  -0.011   0.002  -0.003[0m
[1;32muart:~$ [m[8D[J[00:09:17.279,000] [0m<inf> imu: ICM-42688-P  a   0.508  -6.281   7.673  g   0.001  -0.006   0.000[0m
[1;32muart:~$ [m[8D[J[1;32muart:~$ [m[8D[J[00:09:17.380,000] [0m<inf> imu: LSM6DS3TR-C  a   0.239  -6.225   7.997  g   0.024  -0.060   0.013[0m
[1;32muart:~$ [m[8D[J[00:09:17.381,000] [0m<inf> imu: LSM6DSV16X   a   0.525  -6.080   8.303  g  -0.012   0.002  -0.003[0m
[1;32muart:~$ [m[8D[J[1;32muart:~$ [m[8D[J[00:09:17.382,000] [0m<inf> imu: ICM-42688-P  a   0.509  -6.298   7.688  g  -0.000  -0.005  -0.001[0m
[1;32muart:~$ [m[8D[J[00:09:17.483,000] [0m<inf> imu: LSM6DS3TR-C  a   0.224  -6.243   7.942  g   0.024  -0.063   0.014[0m
[1;32muart:~$ [m[8D[J[1;32muart:~$ [m[8D[J[00:09:17.484,000] [0m<inf> imu: LSM6DSV16X   a   0.522  -6.084   8.297  g  -0.011   0.002  -0.002[0m
[1;32muart:~$ [m[8D[J[00:09:17.485,000] [0m<inf> imu: ICM-42688-P  a   0.515  -6.290   7.676  g   0.000  -0.005   0.001[0m
[1;32muart:~$ [m[8D[J[1;32muart:~$ [m[8D[J[00:09:17.586,000] [0m<inf> imu: LSM6DS3TR-C  a   0.344  -6.482   8.225  g   0.025  -0.069   0.016[0m
[1;32muart:~$ [m[8D[J[00:09:17.586,000] [0m<inf> imu: LSM6DSV16X   a   0.469  -6.130   8.164  g  -0.012   0.000   0.000[0m
[1;32muart:~$ [m[8D[J[1;32muart:~$ [m[8D[J[00:09:17.587,000] [0m<inf> imu: ICM-42688-P  a   0.516  -6.315   7.799  g   0.005  -0.001  -0.005[0m
[1;32muart:~$ [m[8D[J[00:09:17.688,000] [0m<inf> imu: LSM6DS3TR-C  a   0.198  -6.287   7.953  g   0.023  -0.063   0.013[0m
[1;32muart:~$ [m[8D[J[00:09:17.689,000] [0m<inf> imu: LSM6DSV16X   a   0.527  -6.078   8.289  g  -0.011   0.003  -0.003[0m
[1;32muart:~$ [m[8D[J[1;32muart:~$ [m[8D[J[00:09:17.689,000] [0m<inf> imu: ICM-42688-P  a   0.508  -6.269   7.688  g   0.001  -0.005  -0.000[0m
[1;32muart:~$ [m[8D[J[00:09:17.791,000] [0m<inf> imu: LSM6DS3TR-C  a   0.236  -6.306   7.906  g   0.024  -0.062   0.013[0m
[1;32muart:~$ [m[8D[J[00:09:17.792,000] [0m<inf> imu: LSM6DSV16X   a   0.512  -6.082   8.286  g  -0.012   0.002  -0.002[0m
[1;32muart:~$ [m[8D[J[1;32muart:~$ [m[8D[J[00:09:17.793,000] [0m<inf> imu: ICM-42688-P  a   0.505  -6.297   7.700  g   0.000  -0.007   0.001[0m
[1;32muart:~$ [m[8D[J[00:09:17.894,000] [0m<inf> imu: LSM6DS3TR-C  a   0.236  -6.190   7.976  g   0.024  -0.064   0.011[0m
[1;32muart:~$ [m[8D[J[1;32muart:~$ [m[8D[J[00:09:17.895,000] [0m<inf> imu: LSM6DSV16X   a   0.522  -6.092   8.296  g  -0.011   0.003  -0.003[0m
[1;32muart:~$ [m[8D[J[00:09:17.895,000] [0m<inf> imu: ICM-42688-P  a   0.512  -6.300   7.673  g   0.001  -0.005  -0.001[0m
[1;32muart:~$ [m[8D[J[1;32muart:~$ [m[8D[J[00:09:17.997,000] [0m<inf> imu: LSM6DS3TR-C  a   0.214  -6.211   7.999  g   0.025  -0.061   0.014[0m
[1;32muart:~$ [m[8D[J[00:09:17.998,000] [0m<inf> imu: LSM6DSV16X   a   0.526  -6.073   8.293  g  -0.012   0.002  -0.003[0m
[1;32muart:~$ [m[8D[J[1;32muart:~$ [m[8D[J[00:09:17.999,000] [0m<inf> imu: ICM-42688-P  a   0.517  -6.281   7.672  g   0.001  -0.006   0.000[0m
[1;32muart:~$ [m[8D[J[00:09:18.100,000] [0m<inf> imu: LSM6DS3TR-C  a   0.228  -6.269   7.997  g   0.024  -0.061   0.012[0m
[1;32muart:~$ [m[8D[J[1;32muart:~$ [m[8D[J[00:09:18.101,000] [0m<inf> imu: LSM6DSV16X   a   0.521  -6.095   8.283  g  -0.011   0.001  -0.002[0m
[1;32muart:~$ [m[8D[J[00:09:18.101,000] [0m<inf> imu: ICM-42688-P  a   0.517  -6.296   7.681  g   0.001  -0.005  -0.000[0m
[1;32muart:~$ [m[8D[J[1;32muart:~$ [m[8D[J[00:09:18.202,000] [0m<inf> imu: LSM6DS3TR-C  a   0.208  -6.253   7.950  g   0.024  -0.063   0.013[0m
[1;32muart:~$ [m[8D[J[00:09:18.203,000] [0m<inf> imu: LSM6DSV16X   a   0.526  -6.085   8.308  g  -0.011   0.002  -0.002[0m
[1;32muart:~$ [m[8D[J[1;32muart:~$ [m[8D[J[00:09:18.204,000] [0m<inf> imu: ICM-42688-P  a   0.518  -6.279   7.688  g   0.001  -0.005  -0.001[0m
[1;32muart:~$ [m[8D[J[00:09:18.305,000] [0m<inf> imu: LSM6DS3TR-C  a   0.243  -6.211   7.991  g   0.024  -0.061   0.012[0m
[1;32muart:~$ [m[8D[J[00:09:18.305,000] [0m<inf> imu: LSM6DSV16X   a   0.522  -6.086   8.291  g  -0.011   0.003  -0.003[0m
[1;32muart:~$ [m[8D[J[1;32muart:~$ [m[8D[J[00:09:18.306,000] [0m<inf> imu: ICM-42688-P  a   0.526  -6.285   7.697  g   0.001  -0.006   0.000[0m
[1;32muart:~$ [m[8D[J[00:09:18.408,000] [0m<inf> imu: LSM6DS3TR-C  a   0.223  -6.236   7.965  g   0.025  -0.063   0.012[0m
[1;32muart:~$ [m[8D[J[1;32muart:~$ [m[8D[J[00:09:18.408,000] [0m<inf> imu: LSM6DSV16X   a   0.531  -6.087   8.298  g  -0.011   0.002  -0.002[0m
[1;32muart:~$ [m[8D[J[00:09:18.409,000] [0m<inf> imu: ICM-42688-P  a   0.517  -6.284   7.682  g   0.001  -0.006  -0.001[0m
[1;32muart:~$ [m[8D[J[00:09:18.510,000] [0m<inf> imu: LSM6DS3TR-C  a   0.195  -6.238   7.955  g   0.024  -0.062   0.012[0m
[1;32muart:~$ [m[8D[J[1;32muart:~$ [m[8D[J[00:09:18.511,000] [0m<inf> imu: LSM6DSV16X   a   0.521  -6.092   8.297  g  -0.011   0.002  -0.002[0m
[1;32muart:~$ [m[8D[J[00:09:18.511,000] [0m<inf> imu: ICM-42688-P  a   0.504  -6.285   7.682  g   0.000  -0.005  -0.001[0m
[1;32muart:~$ [m[8D[J[00:09:18.613,000] [0m<inf> imu: LSM6DS3TR-C  a   0.240  -6.248   7.964  g   0.022  -0.061   0.013[0m
[1;32muart:~$ [m[8D[J[00:09:18.613,000] [0m<inf> imu: LSM6DSV16X   a   0.526  -6.084   8.289  g  -0.012   0.003  -0.003[0m
[1;32muart:~$ [m[8D[J[1;32muart:~$ [m[8D[J[00:09:18.614,000] [0m<inf> imu: ICM-42688-P  a   0.516  -6.293   7.661  g  -0.001  -0.005  -0.001[0m
[1;32muart:~$ [m[8D[J[1;32muart:~$ [m[8D[J[00:09:18.715,000] [0m<inf> imu: LSM6DS3TR-C  a   0.198  -6.214   8.047  g   0.027  -0.060   0.011[0m
[1;32muart:~$ [m[8D[J[00:09:18.716,000] [0m<inf> imu: LSM6DSV16X   a   0.519  -6.054   8.374  g  -0.011   0.004  -0.002[0m
[1;32muart:~$ [m[8D[J[1;32muart:~$ [m[8D[J[00:09:18.716,000] [0m<inf> imu: ICM-42688-P  a   0.515  -6.244   7.632  g   0.001  -0.005   0.001[0m
[1;32muart:~$ [m[8D[J[00:09:18.817,000] [0m<inf> imu: LSM6DS3TR-C  a   0.205  -6.270   7.970  g   0.023  -0.063   0.012[0m
[1;32muart:~$ [m[8D[J[1;32muart:~$ [m[8D[J[00:09:18.818,000] [0m<inf> imu: LSM6DSV16X   a   0.529  -6.095   8.314  g  -0.012   0.002  -0.003[0m
[1;32muart:~$ [m[8D[J[00:09:18.819,000] [0m<inf> imu: ICM-42688-P  a   0.510  -6.299   7.691  g   0.001  -0.005  -0.001[0m
[1;32muart:~$ [m[8D[J[1;32muart:~$ [m[8D[J[00:09:18.920,000] [0m<inf> imu: LSM6DS3TR-C  a   0.261  -6.234   7.939  g   0.022  -0.062   0.012[0m
[1;32muart:~$ [m[8D[J[00:09:18.920,000] [0m<inf> imu: LSM6DSV16X   a   0.507  -6.071   8.297  g  -0.013   0.004  -0.002[0m
[1;32muart:~$ [m[8D[J[1;32muart:~$ [m[8D[J[00:09:18.921,000] [0m<inf> imu: ICM-42688-P  a   0.505  -6.276   7.708  g   0.000  -0.005   0.000[0m
[1;32muart:~$ [m[8D[J[00:09:19.022,000] [0m<inf> imu: LSM6DS3TR-C  a   0.239  -6.215   7.970  g   0.024  -0.062   0.013[0m
[1;32muart:~$ [m[8D[J[00:09:19.023,000] [0m<inf> imu: LSM6DSV16X   a   0.528  -6.095   8.308  g  -0.011   0.001  -0.002[0m
[1;32muart:~$ [m[8D[J[1;32muart:~$ [m[8D[J[00:09:19.023,000] [0m<inf> imu: ICM-42688-P  a   0.516  -6.293   7.665  g   0.001  -0.006  -0.001[0m
[1;32muart:~$ [m[8D[J[00:09:19.125,000] [0m<inf> imu: LSM6DS3TR-C  a   0.228  -6.215   8.001  g   0.024  -0.063   0.011[0m
[1;32muart:~$ [m[8D[J[1;32muart:~$ [m[8D[J[00:09:19.126,000] [0m<inf> imu: LSM6DSV16X   a   0.524  -6.080   8.303  g  -0.012   0.003  -0.003[0m
[1;32muart:~$ [m[8D[J[00:09:19.127,000] [0m<inf> imu: ICM-42688-P  a   0.514  -6.284   7.666  g   0.000  -0.006  -0.000[0m
[1;32muart:~$ [m[8D[J[00:09:19.228,000] [0m<inf> imu: LSM6DS3TR-C  a   0.233  -6.254   8.011  g   0.024  -0.061   0.015[0m
[1;32muart:~$ [m[8D[J[1;32muart:~$ [m[8D[J[00:09:19.229,000] [0m<inf> imu: LSM6DSV16X   a   0.521  -6.089   8.301  g  -0.011   0.002  -0.003[0m
[1;32muart:~$ [m[8D[J[00:09:19.229,000] [0m<inf> imu: ICM-42688-P  a   0.511  -6.280   7.675  g   0.001  -0.005  -0.000[0m
[1;32muart:~$ [m[8D[J[00:09:19.331,000] [0m<inf> imu: LSM6DS3TR-C  a   0.213  -6.245   8.006  g   0.023  -0.062   0.013[0m
[1;32muart:~$ [m[8D[J[00:09:19.331,000] [0m<inf> imu: LSM6DSV16X   a   0.509  -6.090   8.298  g  -0.013   0.002  -0.003[0m
[1;32muart:~$ [m[8D[J[1;32muart:~$ [m[8D[J[00:09:19.332,000] [0m<inf> imu: ICM-42688-P  a   0.515  -6.298   7.685  g  -0.001  -0.005   0.000[0m
[1;32muart:~$ [m[8D[J[1;32muart:~$ [m[8D[J[00:09:19.433,000] [0m<inf> imu: LSM6DS3TR-C  a   0.223  -6.247   7.992  g   0.024  -0.062   0.013[0m
[1;32muart:~$ [m[8D[J[00:09:19.434,000] [0m<inf> imu: LSM6DSV16X   a   0.523  -6.080   8.308  g  -0.012   0.002  -0.003[0m
[1;32muart:~$ [m[8D[J[1;32muart:~$ [m[8D[J[00:09:19.434,000] [0m<inf> imu: ICM-42688-P  a   0.509  -6.284   7.678  g   0.000  -0.005  -0.000[0m
[1;32muart:~$ [m[8D[J[00:09:19.535,000] [0m<inf> imu: LSM6DS3TR-C  a   0.227  -6.266   7.972  g   0.026  -0.063   0.013[0m
[1;32muart:~$ [m[8D[J[1;32muart:~$ [m[8D[J[00:09:19.536,000] [0m<inf> imu: LSM6DSV16X   a   0.528  -6.092   8.298  g  -0.011   0.002  -0.003[0m
[1;32muart:~$ [m[8D[J[00:09:19.537,000] [0m<inf> imu: ICM-42688-P  a   0.515  -6.294   7.678  g   0.000  -0.005   0.000[0m
[1;32muart:~$ [m[8D[J[1;32muart:~$ [m[8D[J[00:09:19.638,000] [0m<inf> imu: LSM6DS3TR-C  a   0.196  -6.251   7.948  g   0.023  -0.062   0.013[0m
[1;32muart:~$ [m[8D[J[00:09:19.638,000] [0m<inf> imu: LSM6DSV16X   a   0.517  -6.083   8.304  g  -0.010   0.002  -0.002[0m
[1;32muart:~$ [m[8D[J[1;32muart:~$ [m[8D[J[00:09:19.639,000] [0m<inf> imu: ICM-42688-P  a   0.517  -6.285   7.681  g   0.000  -0.006  -0.001[0m
[1;32muart:~$ [m[8D[J[00:09:19.740,000] [0m<inf> imu: LSM6DS3TR-C  a   0.209  -6.242   7.969  g   0.023  -0.060   0.012[0m
[1;32muart:~$ [m[8D[J[00:09:19.741,000] [0m<inf> imu: LSM6DSV16X   a   0.519  -6.095   8.292  g  -0.011   0.002  -0.002[0m
[1;32muart:~$ [m[8D[J[1;32muart:~$ [m[8D[J[00:09:19.741,000] [0m<inf> imu: ICM-42688-P  a   0.511  -6.290   7.677  g   0.001  -0.005   0.000[0m
[1;32muart:~$ [m[8D[J[00:09:19.842,000] [0m<inf> imu: LSM6DS3TR-C  a   0.209  -6.215   7.981  g   0.024  -0.062   0.011[0m
[1;32muart:~$ [m[8D[J[1;32muart:~$ [m[8D[J[00:09:19.843,000] [0m<inf> imu: LSM6DSV16X   a   0.525  -6.078   8.293  g  -0.011   0.002  -0.003[0m
[1;32muart:~$ [m[8D[J[00:09:19.843,000] [0m<inf> imu: ICM-42688-P  a   0.505  -6.278   7.673  g   0.000  -0.005   0.000[0m
[1;32muart:~$ [m[8D[J[00:09:19.945,000] [0m<inf> imu: LSM6DS3TR-C  a   0.199  -6.255   7.983  g   0.024  -0.062   0.013[0m
[1;32muart:~$ [m[8D[J[1;32muart:~$ [m[8D[J[00:09:19.946,000] [0m<inf> imu: LSM6DSV16X   a   0.524  -6.083   8.301  g  -0.011   0.003  -0.003[0m
[1;32muart:~$ [m[8D[J[00:09:19.946,000] [0m<inf> imu: ICM-42688-P  a   0.512  -6.292   7.675  g   0.001  -0.005  -0.001[0m
[1;32muart:~$ [m[8D[J[1;32muart:~$ [m[8D[J[00:09:20.048,000] [0m<inf> imu: LSM6DS3TR-C  a   0.227  -6.237   7.964  g   0.024  -0.061   0.011[0m
[1;32muart:~$ [m[8D[J[00:09:20.049,000] [0m<inf> imu: LSM6DSV16X   a   0.522  -6.092   8.301  g  -0.011   0.002  -0.003[0m
[1;32muart:~$ [m[8D[J[00:09:20.049,000] [0m<inf> imu: ICM-42688-P  a   0.523  -6.282   7.679  g   0.000  -0.005  -0.000[0m
[1;32muart:~$ [m[8D[J[1;32muart:~$ [m[8D[J[00:09:20.150,000] [0m<inf> imu: LSM6DS3TR-C  a   0.203  -6.231   7.996  g   0.025  -0.063   0.011[0m
[1;32muart:~$ [m[8D[J[00:09:20.151,000] [0m<inf> imu: LSM6DSV16X   a   0.517  -6.080   8.303  g  -0.011   0.002  -0.002[0m
[1;32muart:~$ [m[8D[J[00:09:20.152,000] [0m<inf> imu: ICM-42688-P  a   0.514  -6.287   7.675  g   0.000  -0.006  -0.001[0m
[1;32muart:~$ [m[8D[J[1;32muart:~$ [m[8D[J[00:09:20.253,000] [0m<inf> imu: LSM6DS3TR-C  a   0.224  -6.230   7.960  g   0.025  -0.063   0.012[0m
[1;32muart:~$ [m[8D[J[00:09:20.253,000] [0m<inf> imu: LSM6DSV16X   a   0.529  -6.094   8.303  g  -0.011   0.002  -0.002[0m
[1;32muart:~$ [m[8D[J[1;32muart:~$ [m[8D[J[00:09:20.254,000] [0m<inf> imu: ICM-42688-P  a   0.523  -6.288   7.683  g  -0.001  -0.005  -0.001[0m
[1;32muart:~$ [m[8D[J[00:09:20.355,000] [0m<inf> imu: LSM6DS3TR-C  a   0.206  -6.237   7.973  g   0.024  -0.063   0.013[0m
[1;32muart:~$ [m[8D[J[1;32muart:~$ [m[8D[J[00:09:20.355,000] [0m<inf> imu: LSM6DSV16X   a   0.522  -6.083   8.303  g  -0.011   0.002  -0.002[0m
[1;32muart:~$ [m[8D[J[00:09:20.356,000] [0m<inf> imu: ICM-42688-P  a   0.509  -6.285   7.679  g   0.001  -0.006   0.000[0m
[1;32muart:~$ [m[8D[J[00:09:20.457,000] [0m<inf> imu: LSM6DS3TR-C  a   0.224  -6.238   7.981  g   0.025  -0.063   0.010[0m
[1;32muart:~$ [m[8D[J[00:09:20.458,000] [0m<inf> imu: LSM6DSV16X   a   0.522  -6.083   8.304  g  -0.012   0.002  -0.002[0m
[1;32muart:~$ [m[8D[J[00:09:20.459,000] [0m<inf> imu: ICM-42688-P  a   0.524  -6.291   7.678  g   0.001  -0.005  -0.000[0m
[1;32muart:~$ [m[8D[J[1;32muart:~$ [m[8D[J[00:09:20.560,000] [0m<inf> imu: LSM6DS3TR-C  a   0.240  -6.264   7.980  g   0.024  -0.060   0.011[0m
[1;32muart:~$ [m[8D[J[00:09:20.561,000] [0m<inf> imu: LSM6DSV16X   a   0.520  -6.090   8.297  g  -0.011   0.002  -0.002[0m
[1;32muart:~$ [m[8D[J[1;32muart:~$ [m[8D[J[00:09:20.562,000] [0m<inf> imu: ICM-42688-P  a   0.516  -6.280   7.691  g  -0.000  -0.005  -0.001[0m
[1;32muart:~$ [m[8D[J[00:09:20.663,000] [0m<inf> imu: LSM6DS3TR-C  a   0.229  -6.235   7.956  g   0.022  -0.064   0.014[0m
[1;32muart:~$ [m[8D[J[1;32muart:~$ [m[8D[J[00:09:20.663,000] [0m<inf> imu: LSM6DSV16X   a   0.527  -6.078   8.301  g  -0.012   0.002  -0.003[0m
[1;32muart:~$ [m[8D[J[00:09:20.664,000] [0m<inf> imu: ICM-42688-P  a   0.512  -6.280   7.687  g   0.001  -0.006   0.000[0m
[1;32muart:~$ [m[8D[J[1;32muart:~$ [m[8D[J[00:09:20.765,000] [0m<inf> imu: LSM6DS3TR-C  a   0.200  -6.248   7.947  g   0.024  -0.063   0.013[0m
[1;32muart:~$ [m[8D[J[00:09:20.766,000] [0m<inf> imu: LSM6DSV16X   a   0.529  -6.087   8.297  g  -0.012   0.001  -0.002[0m
[1;32muart:~$ [m[8D[J[1;32muart:~$ [m[8D[J[00:09:20.766,000] [0m<inf> imu: ICM-42688-P  a   0.514  -6.281   7.683  g   0.000  -0.005  -0.001[0m
[1;32muart:~$ [m[8D[J[00:09:20.867,000] [0m<inf> imu: LSM6DS3TR-C  a   0.218  -6.234   7.938  g   0.023  -0.061   0.013[0m
[1;32muart:~$ [m[8D[J[1;32muart:~$ [m[8D[J[00:09:20.868,000] [0m<inf> imu: LSM6DSV16X   a   0.526  -6.087   8.296  g  -0.012   0.003  -0.003[0m
[1;32muart:~$ [m[8D[J[00:09:20.868,000] [0m<inf> imu: ICM-42688-P  a   0.516  -6.276   7.678  g   0.001  -0.006  -0.000[0m
[1;32muart:~$ [m[8D[J[1;32muart:~$ [m[8D[J[00:09:20.969,000] [0m<inf> imu: LSM6DS3TR-C  a   0.217  -6.233   7.963  g   0.024  -0.062   0.011[0m
[1;32muart:~$ [m[8D[J[00:09:20.970,000] [0m<inf> imu: LSM6DSV16X   a   0.522  -6.088   8.310  g  -0.011   0.003  -0.003[0m
[1;32muart:~$ [m[8D[J[1;32muart:~$ [m[8D[J[00:09:20.971,000] [0m<inf> imu: ICM-42688-P  a   0.516  -6.285   7.670  g   0.000  -0.005  -0.001[0m
[1;32muart:~$ [m[8D[J[00:09:21.072,000] [0m<inf> imu: LSM6DS3TR-C  a   0.244  -6.240   7.975  g   0.023  -0.062   0.009[0m
[1;32muart:~$ [m[8D[J[00:09:21.072,000] [0m<inf> imu: LSM6DSV16X   a   0.526  -6.082   8.296  g  -0.011   0.002  -0.003[0m
[1;32muart:~$ [m[8D[J[1;32muart:~$ [m[8D[J[00:09:21.073,000] [0m<inf> imu: ICM-42688-P  a   0.523  -6.281   7.678  g   0.001  -0.006  -0.001[0m
[1;32muart:~$ [m[8D[J[00:09:21.175,000] [0m<inf> imu: LSM6DS3TR-C  a   0.229  -6.253   7.952  g   0.026  -0.062   0.011[0m
[1;32muart:~$ [m[8D[J[00:09:21.176,000] [0m<inf> imu: LSM6DSV16X   a   0.521  -6.085   8.301  g  -0.012   0.003  -0.003[0m
[1;32muart:~$ [m[8D[J[1;32muart:~$ [m[8D[J[00:09:21.177,000] [0m<inf> imu: ICM-42688-P  a   0.506  -6.292   7.671  g   0.000  -0.005   0.000[0m
[1;32muart:~$ [m[8D[J[00:09:21.278,000] [0m<inf> imu: LSM6DS3TR-C  a   0.217  -6.215   7.981  g   0.023  -0.063   0.013[0m
[1;32muart:~$ [m[8D[J[1;32muart:~$ [m[8D[J[00:09:21.279,000] [0m<inf> imu: LSM6DSV16X   a   0.519  -6.075   8.301  g  -0.012   0.002  -0.003[0m
[1;32muart:~$ [m[8D[J[00:09:21.279,000] [0m<inf> imu: ICM-42688-P  a   0.503  -6.293   7.677  g   0.001  -0.006   0.000[0m
[1;32muart:~$ [m[8D[J[1;32muart:~$ [m[8D[J[00:09:21.381,000] [0m<inf> imu: LSM6DS3TR-C  a   0.230  -6.214   7.947  g   0.025  -0.063   0.013[0m
[1;32muart:~$ [m[8D[J[00:09:21.382,000] [0m<inf> imu: LSM6DSV16X   a   0.532  -6.078   8.304  g  -0.011   0.002  -0.003[0m
[1;32muart:~$ [m[8D[J[1;32muart:~$ [m[8D[J[00:09:21.383,000] [0m<inf> imu: ICM-42688-P  a   0.517  -6.288   7.678  g   0.001  -0.005  -0.001[0m
[1;32muart:~$ [m[8D[J[00:09:21.484,000] [0m<inf> imu: LSM6DS3TR-C  a   0.220  -6.224   7.987  g   0.025  -0.063   0.012[0m
[1;32muart:~$ [m[8D[J[1;32muart:~$ [m[8D[J[00:09:21.484,000] [0m<inf> imu: LSM6DSV16X   a   0.526  -6.078   8.306  g  -0.011   0.002  -0.002[0m
[1;32muart:~$ [m[8D[J[00:09:21.485,000] [0m<inf> imu: ICM-42688-P  a   0.509  -6.296   7.675  g   0.001  -0.006  -0.001[0m
[1;32muart:~$ [m[8D[J[1;32muart:~$ [m[8D[J[00:09:21.586,000] [0m<inf> imu: LSM6DS3TR-C  a   0.229  -6.254   8.014  g   0.024  -0.060   0.013[0m
[1;32muart:~$ [m[8D[J[00:09:21.587,000] [0m<inf> imu: LSM6DSV16X   a   0.521  -6.082   8.301  g  -0.012   0.002  -0.003[0m
[1;32muart:~$ [m[8D[J[1;32muart:~$ [m[8D[J[00:09:21.587,000] [0m<inf> imu: ICM-42688-P  a   0.520  -6.287   7.684  g  -0.000  -0.006  -0.001[0m
[1;32muart:~$ [m[8D[J[00:09:21.688,000] [0m<inf> imu: LSM6DS3TR-C  a   0.182  -6.250   7.958  g   0.024  -0.062   0.013[0m
[1;32muart:~$ [m[8D[J[00:09:21.689,000] [0m<inf> imu: LSM6DSV16X   a   0.524  -6.080   8.296  g  -0.012   0.002  -0.002[0m
[1;32muart:~$ [m[8D[J[1;32muart:~$ [m[8D[J[00:09:21.689,000] [0m<inf> imu: ICM-42688-P  a   0.509  -6.281   7.689  g   0.001  -0.006   0.000[0m
[1;32muart:~$ [m[8D[J[00:09:21.791,000] [0m<inf> imu: LSM6DS3TR-C  a   0.235  -6.233   7.975  g   0.025  -0.062   0.013[0m
[1;32muart:~$ [m[8D[J[1;32muart:~$ [m[8D[J[00:09:21.792,000] [0m<inf> imu: LSM6DSV16X   a   0.527  -6.081   8.296  g  -0.011   0.002  -0.003[0m
[1;32muart:~$ [m[8D[J[00:09:21.793,000] [0m<inf> imu: ICM-42688-P  a   0.505  -6.285   7.678  g   0.001  -0.006  -0.001[0m
[1;32muart:~$ [m[8D[J[00:09:21.894,000] [0m<inf> imu: LSM6DS3TR-C  a   0.188  -6.246   7.975  g   0.024  -0.063   0.011[0m
[1;32muart:~$ [m[8D[J[1;32muart:~$ [m[8D[J[00:09:21.895,000] [0m<inf> imu: LSM6DSV16X   a   0.516  -6.087   8.305  g  -0.011   0.002  -0.003[0m
[1;32muart:~$ [m[8D[J[00:09:21.895,000] [0m<inf> imu: ICM-42688-P  a   0.518  -6.284   7.672  g   0.001  -0.006  -0.001[0m
[1;32muart:~$ [m[8D[J[00:09:21.996,000] [0m<inf> imu: LSM6DS3TR-C  a   0.242  -6.209   7.966  g   0.023  -0.063   0.012[0m
[1;32muart:~$ [m[8D[J[00:09:21.997,000] [0m<inf> imu: LSM6DSV16X   a   0.543  -6.054   8.310  g  -0.010   0.002  -0.002[0m
[1;32muart:~$ [m[8D[J[1;32muart:~$ [m[8D[J[00:09:21.998,000] [0m<inf> imu: ICM-42688-P  a   0.530  -6.257   7.699  g   0.001  -0.006  -0.001[0m
[1;32muart:~$ [m[8D[J[1;32muart:~$ [m[8D[J[00:09:22.099,000] [0m<inf> imu: LSM6DS3TR-C  a   0.267  -6.234   7.951  g   0.025  -0.062   0.012[0m
[1;32muart:~$ [m[8D[J[00:09:22.099,000] [0m<inf> imu: LSM6DSV16X   a   0.546  -6.105   8.297  g  -0.011   0.002  -0.003[0m
[1;32muart:~$ [m[8D[J[1;32muart:~$ [m[8D[J[00:09:22.100,000] [0m<inf> imu: ICM-42688-P  a   0.551  -6.299   7.682  g   0.001  -0.006   0.000[0m
[1;32muart:~$ [m[8D[J[00:09:22.201,000] [0m<inf> imu: LSM6DS3TR-C  a   0.226  -6.208   7.953  g   0.025  -0.063   0.012[0m
[1;32muart:~$ [m[8D[J[1;32muart:~$ [m[8D[J[00:09:22.202,000] [0m<inf> imu: LSM6DSV16X   a   0.508  -6.073   8.293  g  -0.012   0.001  -0.003[0m
[1;32muart:~$ [m[8D[J[00:09:22.202,000] [0m<inf> imu: ICM-42688-P  a   0.491  -6.284   7.665  g   0.001  -0.006  -0.001[0m
[1;32muart:~$ [m[8D[J[1;32muart:~$ [m[8D[J[00:09:22.303,000] [0m<inf> imu: LSM6DS3TR-C  a   0.208  -6.247   7.952  g   0.025  -0.060   0.012[0m
[1;32muart:~$ [m[8D[J[00:09:22.304,000] [0m<inf> imu: LSM6DSV16X   a   0.513  -6.094   8.276  g  -0.011   0.002  -0.002[0m
[1;32muart:~$ [m[8D[J[1;32muart:~$ [m[8D[J[00:09:22.304,000] [0m<inf> imu: ICM-42688-P  a   0.512  -6.304   7.666  g   0.001  -0.006  -0.001[0m
[1;32muart:~$ [m[8D[J[00:09:22.406,000] [0m<inf> imu: LSM6DS3TR-C  a   0.248  -6.246   7.963  g   0.025  -0.064   0.011[0m
[1;32muart:~$ [m[8D[J[00:09:22.406,000] [0m<inf> imu: LSM6DSV16X   a   0.532  -6.075   8.301  g  -0.011   0.003  -0.002[0m
[1;32muart:~$ [m[8D[J[1;32muart:~$ [m[8D[J[00:09:22.407,000] [0m<inf> imu: ICM-42688-P  a   0.520  -6.281   7.696  g   0.000  -0.005   0.000[0m
[1;32muart:~$ [m[8D[J[00:09:22.509,000] [0m<inf> imu: LSM6DS3TR-C  a   0.239  -6.237   7.985  g   0.026  -0.062   0.013[0m
[1;32muart:~$ [m[8D[J[1;32muart:~$ [m[8D[J[00:09:22.510,000] [0m<inf> imu: LSM6DSV16X   a   0.538  -6.077   8.313  g  -0.011   0.002  -0.002[0m
[1;32muart:~$ [m[8D[J[00:09:22.510,000] [0m<inf> imu: ICM-42688-P  a   0.515  -6.294   7.694  g   0.001  -0.006  -0.001[0m
[1;32muart:~$ [m[8D[J[00:09:22.611,000] [0m<inf> imu: LSM6DS3TR-C  a   0.213  -6.228   7.942  g   0.024  -0.063   0.010[0m
[1;32muart:~$ [m[8D[J[1;32muart:~$ [m[8D[J[00:09:22.612,000] [0m<inf> imu: LSM6DSV16X   a   0.514  -6.094   8.284  g  -0.012   0.003  -0.003[0m
[1;32muart:~$ [m[8D[J[00:09:22.613,000] [0m<inf> imu: ICM-42688-P  a   0.511  -6.288   7.670  g   0.001  -0.005  -0.001[0m
[1;32muart:~$ [m[8D[J[00:09:22.714,000] [0m<inf> imu: LSM6DS3TR-C  a   0.203  -6.233   7.981  g   0.023  -0.062   0.012[0m
[1;32muart:~$ [m[8D[J[00:09:22.714,000] [0m<inf> imu: LSM6DSV16X   a   0.505  -6.081   8.300  g  -0.011   0.003  -0.002[0m
[1;32muart:~$ [m[8D[J[1;32muart:~$ [m[8D[J[00:09:22.715,000] [0m<inf> imu: ICM-42688-P  a   0.509  -6.279   7.676  g   0.001  -0.006  -0.000[0m
[1;32muart:~$ [m[8D[J[1;32muart:~$ [m[8D[J[00:09:22.816,000] [0m<inf> imu: LSM6DS3TR-C  a   0.232  -6.222   7.974  g   0.024  -0.062   0.015[0m
[1;32muart:~$ [m[8D[J[00:09:22.817,000] [0m<inf> imu: LSM6DSV16X   a   0.526  -6.089   8.295  g  -0.011   0.002  -0.002[0m
[1;32muart:~$ [m[8D[J[1;32muart:~$ [m[8D[J[00:09:22.817,000] [0m<inf> imu: ICM-42688-P  a   0.521  -6.287   7.678  g   0.001  -0.006  -0.001[0m
[1;32muart:~$ [m[8D[J[00:09:22.918,000] [0m<inf> imu: LSM6DS3TR-C  a   0.246  -6.248   7.984  g   0.023  -0.063   0.013[0m
[1;32muart:~$ [m[8D[J[1;32muart:~$ [m[8D[J[00:09:22.919,000] [0m<inf> imu: LSM6DSV16X   a   0.534  -6.072   8.302  g  -0.011   0.002  -0.003[0m
[1;32muart:~$ [m[8D[J[00:09:22.919,000] [0m<inf> imu: ICM-42688-P  a   0.526  -6.279   7.700  g   0.000  -0.005  -0.001[0m
[1;32muart:~$ [m[8D[J[1;32muart:~$ [m[8D[J[00:09:23.020,000] [0m<inf> imu: LSM6DS3TR-C  a   0.195  -6.233   7.941  g   0.025  -0.064   0.011[0m
[1;32muart:~$ [m[8D[J[00:09:23.021,000] [0m<inf> imu: LSM6DSV16X   a   0.522  -6.092   8.291  g  -0.011   0.004  -0.003[0m
[1;32muart:~$ [m[8D[J[00:09:23.022,000] [0m<inf> imu: ICM-42688-P  a   0.505  -6.302   7.684  g   0.001  -0.005  -0.000[0m
[1;32muart:~$ [m[8D[J[00:09:23.123,000] [0m<inf> imu: LSM6DS3TR-C  a   0.186  -6.230   7.954  g   0.024  -0.063   0.013[0m
[1;32muart:~$ [m[8D[J[00:09:23.124,000] [0m<inf> imu: LSM6DSV16X   a   0.514  -6.092   8.294  g  -0.010   0.002  -0.003[0m
[1;32muart:~$ [m[8D[J[1;32muart:~$ [m[8D[J[00:09:23.124,000] [0m<inf> imu: ICM-42688-P  a   0.512  -6.292   7.679  g   0.001  -0.005   0.000[0m
[1;32muart:~$ [m[8D[J[00:09:23.226,000] [0m<inf> imu: LSM6DS3TR-C  a   0.222  -6.240   7.966  g   0.024  -0.061   0.013[0m
[1;32muart:~$ [m[8D[J[00:09:23.227,000] [0m<inf> imu: LSM6DSV16X   a   0.529  -6.080   8.305  g  -0.011   0.003  -0.002[0m
[1;32muart:~$ [m[8D[J[1;32muart:~$ [m[8D[J[00:09:23.227,000] [0m<inf> imu: ICM-42688-P  a   0.521  -6.282   7.665  g  -0.000  -0.006   0.000[0m
[1;32muart:~$ [m[8D[J[00:09:23.328,000] [0m<inf> imu: LSM6DS3TR-C  a   0.209  -6.210   7.941  g   0.024  -0.063   0.012[0m
[1;32muart:~$ [m[8D[J[1;32muart:~$ [m[8D[J[00:09:23.329,000] [0m<inf> imu: LSM6DSV16X   a   0.535  -6.082   8.303  g  -0.011   0.002  -0.003[0m
[1;32muart:~$ [m[8D[J[00:09:23.330,000] [0m<inf> imu: ICM-42688-P  a   0.517  -6.288   7.685  g   0.000  -0.005  -0.001[0m
[1;32muart:~$ [m[8D[J[1;32muart:~$ [m[8D[J[00:09:23.431,000] [0m<inf> imu: LSM6DS3TR-C  a   0.233  -6.230   7.984  g   0.024  -0.061   0.009[0m
[1;32muart:~$ [m[8D[J[00:09:23.432,000] [0m<inf> imu: LSM6DSV16X   a   0.522  -6.080   8.303  g  -0.011   0.002  -0.003[0m
[1;32muart:~$ [m[8D[J[1;32muart:~$ [m[8D[J[00:09:23.432,000] [0m<inf> imu: ICM-42688-P  a   0.514  -6.291   7.678  g   0.000  -0.005  -0.000[0m
[1;32muart:~$ [m[8D[J[00:09:23.534,000] [0m<inf> imu: LSM6DS3TR-C  a   0.227  -6.264   7.949  g   0.026  -0.061   0.013[0m
[1;32muart:~$ [m[8D[J[1;32muart:~$ [m[8D[J[00:09:23.534,000] [0m<inf> imu: LSM6DSV16X   a   0.517  -6.099   8.296  g  -0.010   0.002  -0.003[0m
[1;32muart:~$ [m[8D[J[00:09:23.535,000] [0m<inf> imu: ICM-42688-P  a   0.521  -6.290   7.673  g   0.001  -0.005   0.000[0m
[1;32muart:~$ [m[8D[J[1;32muart:~$ [m[8D[J[00:09:23.636,000] [0m<inf> imu: LSM6DS3TR-C  a   0.195  -6.246   7.957  g   0.024  -0.064   0.012[0m
[1;32muart:~$ [m[8D[J[00:09:23.637,000] [0m<inf> imu: LSM6DSV16X   a   0.524  -6.080   8.304  g  -0.011   0.002  -0.003[0m
[1;32muart:~$ [m[8D[J[1;32muart:~$ [m[8D[J[00:09:23.637,000] [0m<inf> imu: ICM-42688-P  a   0.502  -6.284   7.691  g   0.000  -0.004  -0.000[0m
[1;32muart:~$ [m[8D[J[00:09:23.738,000] [0m<inf> imu: LSM6DS3TR-C  a   0.231  -6.230   7.968  g   0.025  -0.063   0.012[0m
[1;32muart:~$ [m[8D[J[00:09:23.739,000] [0m<inf> imu: LSM6DSV16X   a   0.526  -6.088   8.298  g  -0.011   0.002  -0.003[0m
[1;32muart:~$ [m[8D[J[1;32muart:~$ [m[8D[J[00:09:23.739,000] [0m<inf> imu: ICM-42688-P  a   0.530  -6.296   7.670  g   0.001  -0.005   0.000[0m
[1;32muart:~$ [m[8D[J[00:09:23.841,000] [0m<inf> imu: LSM6DS3TR-C  a   0.219  -6.206   7.968  g   0.022  -0.061   0.011[0m
[1;32muart:~$ [m[8D[J[1;32muart:~$ [m[8D[J[00:09:23.842,000] [0m<inf> imu: LSM6DSV16X   a   0.517  -6.090   8.307  g  -0.013   0.002  -0.003[0m
[1;32muart:~$ [m[8D[J[00:09:23.843,000] [0m<inf> imu: ICM-42688-P  a   0.516  -6.291   7.687  g   0.000  -0.005  -0.001[0m
[1;32muart:~$ [m[8D[J[1;32muart:~$ [m[8D[J[00:09:23.944,000] [0m<inf> imu: LSM6DS3TR-C  a   0.211  -6.251   7.958  g   0.022  -0.060   0.013[0m
[1;32muart:~$ [m[8D[J[00:09:23.944,000] [0m<inf> imu: LSM6DSV16X   a   0.515  -6.088   8.298  g  -0.011   0.001  -0.002[0m
[1;32muart:~$ [m[8D[J[00:09:23.945,000] [0m<inf> imu: ICM-42688-P  a   0.509  -6.288   7.682  g   0.000  -0.006  -0.001[0m
[1;32muart:~$ [m[8D[J[1;32muart:~$ [m[8D[J[00:09:24.047,000] [0m<inf> imu: LSM6DS3TR-C  a   0.234  -6.226   7.970  g   0.024  -0.061   0.013[0m
[1;32muart:~$ [m[8D[J[00:09:24.048,000] [0m<inf> imu: LSM6DSV16X   a   0.516  -6.088   8.298  g  -0.011   0.002  -0.003[0m
[1;32muart:~$ [m[8D[J[00:09:24.049,000] [0m<inf> imu: ICM-42688-P  a   0.514  -6.278   7.667  g  -0.001  -0.006   0.000[0m
[1;32muart:~$ [m[8D[J[00:09:24.150,000] [0m<inf> imu: LSM6DS3TR-C  a   0.219  -6.196   7.956  g   0.023  -0.062   0.012[0m
[1;32muart:~$ [m[8D[J[1;32muart:~$ [m[8D[J[00:09:24.151,000] [0m<inf> imu: LSM6DSV16X   a   0.529  -6.083   8.308  g  -0.011   0.003  -0.003[0m
[1;32muart:~$ [m[8D[J[00:09:24.151,000] [0m<inf> imu: ICM-42688-P  a   0.521  -6.290   7.689  g   0.001  -0.006  -0.001[0m
[1;32muart:~$ [m[8D[J[1;32muart:~$ [m[8D[J[00:09:24.252,000] [0m<inf> imu: LSM6DS3TR-C  a   0.243  -6.246   7.955  g   0.024  -0.062   0.013[0m
[1;32muart:~$ [m[8D[J[00:09:24.253,000] [0m<inf> imu: LSM6DSV16X   a   0.529  -6.092   8.305  g  -0.011   0.002  -0.003[0m
[1;32muart:~$ [m[8D[J[1;32muart:~$ [m[8D[J[00:09:24.253,000] [0m<inf> imu: ICM-42688-P  a   0.509  -6.298   7.682  g   0.000  -0.005  -0.001[0m
[1;32muart:~$ [m[8D[J[00:09:24.354,000] [0m<inf> imu: LSM6DS3TR-C  a   0.201  -6.221   7.963  g   0.023  -0.061   0.011[0m
[1;32muart:~$ [m[8D[J[1;32muart:~$ [m[8D[J[00:09:24.355,000] [0m<inf> imu: LSM6DSV16X   a   0.523  -6.080   8.310  g  -0.011   0.002  -0.002[0m
[1;32muart:~$ [m[8D[J[00:09:24.355,000] [0m<inf> imu: ICM-42688-P  a   0.517  -6.290   7.687  g   0.000  -0.005   0.000[0m
[1;32muart:~$ [m[8D[J[00:09:24.457,000] [0m<inf> imu: LSM6DS3TR-C  a   0.194  -6.276   7.972  g   0.025  -0.064   0.011[0m
[1;32muart:~$ [m[8D[J[00:09:24.458,000] [0m<inf> imu: LSM6DSV16X   a   0.519  -6.094   8.294  g  -0.011   0.002  -0.002[0m
[1;32muart:~$ [m[8D[J[00:09:24.459,000] [0m<inf> imu: ICM-42688-P  a   0.520  -6.297   7.672  g  -0.000  -0.005  -0.001[0m
[1;32muart:~$ [m[8D[J[1;32muart:~$ [m[8D[J[00:09:24.560,000] [0m<inf> imu: LSM6DS3TR-C  a   0.244  -6.196   7.979  g   0.024  -0.061   0.013[0m
[1;32muart:~$ [m[8D[J[00:09:24.561,000] [0m<inf> imu: LSM6DSV16X   a   0.531  -6.080   8.307  g  -0.012   0.002  -0.003[0m
[1;32muart:~$ [m[8D[J[1;32muart:~$ [m[8D[J[00:09:24.561,000] [0m<inf> imu: ICM-42688-P  a   0.521  -6.275   7.697  g   0.001  -0.005  -0.000[0m
[1;32muart:~$ [m[8D[J[00:09:24.663,000] [0m<inf> imu: LSM6DS3TR-C  a   0.208  -6.233   7.979  g   0.022  -0.061   0.013[0m
[1;32muart:~$ [m[8D[J[1;32muart:~$ [m[8D[J[00:09:24.664,000] [0m<inf> imu: LSM6DSV16X   a   0.527  -6.082   8.305  g  -0.012   0.002  -0.002[0m
[1;32muart:~$ [m[8D[J[00:09:24.665,000] [0m<inf> imu: ICM-42688-P  a   0.517  -6.293   7.683  g   0.001  -0.006  -0.001[0m
[1;32muart:~$ [m[8D[J[1;32muart:~$ [m[8D[J[00:09:24.766,000] [0m<inf> imu: LSM6DS3TR-C  a   0.184  -6.243   7.982  g   0.024  -0.062   0.009[0m
[1;32muart:~$ [m[8D[J[00:09:24.766,000] [0m<inf> imu: LSM6DSV16X   a   0.517  -6.078   8.304  g  -0.012   0.002  -0.002[0m
[1;32muart:~$ [m[8D[J[1;32muart:~$ [m[8D[J[00:09:24.767,000] [0m<inf> imu: ICM-42688-P  a   0.521  -6.285   7.681  g   0.001  -0.006  -0.001[0m
[1;32muart:~$ [m[8D[J[00:09:24.868,000] [0m<inf> imu: LSM6DS3TR-C  a   0.199  -6.213   7.954  g   0.024  -0.063   0.012[0m
[1;32muart:~$ [m[8D[J[1;32muart:~$ [m[8D[J[00:09:24.869,000] [0m<inf> imu: LSM6DSV16X   a   0.519  -6.088   8.306  g  -0.012   0.002  -0.003[0m
[1;32muart:~$ [m[8D[J[00:09:24.869,000] [0m<inf> imu: ICM-42688-P  a   0.520  -6.285   7.687  g   0.000  -0.005   0.000[0m
[1;32muart:~$ [m[8D[J[1;32muart:~$ [m[8D[J[00:09:24.970,000] [0m<inf> imu: LSM6DS3TR-C  a   0.220  -6.247   7.972  g   0.024  -0.062   0.010[0m
[1;32muart:~$ [m[8D[J[00:09:24.971,000] [0m<inf> imu: LSM6DSV16X   a   0.525  -6.085   8.302  g  -0.012   0.003  -0.002[0m
[1;32muart:~$ [m[8D[J[1;32muart:~$ [m[8D[J[00:09:24.971,000] [0m<inf> imu: ICM-42688-P  a   0.517  -6.279   7.688  g   0.001  -0.006  -0.001[0m
[1;32muart:~$ [m[8D[J[00:09:25.072,000] [0m<inf> imu: LSM6DS3TR-C  a   0.214  -6.249   7.965  g   0.024  -0.062   0.011[0m
[1;32muart:~$ [m[8D[J[00:09:25.073,000] [0m<inf> imu: LSM6DSV16X   a   0.523  -6.080   8.304  g  -0.011   0.002  -0.002[0m
[1;32muart:~$ [m[8D[J[1;32muart:~$ [m[8D[J[00:09:25.074,000] [0m<inf> imu: ICM-42688-P  a   0.515  -6.280   7.689  g   0.000  -0.005  -0.001[0m
[1;32muart:~$ [m[8D[J[00:09:25.175,000] [0m<inf> imu: LSM6DS3TR-C  a   0.223  -6.220   7.999  g   0.024  -0.061   0.014[0m
[1;32muart:~$ [m[8D[J[1;32muart:~$ [m[8D[J[00:09:25.176,000] [0m<inf> imu: LSM6DSV16X   a   0.522  -6.084   8.313  g  -0.011   0.002  -0.003[0m
[1;32muart:~$ [m[8D[J[00:09:25.177,000] [0m<inf> imu: ICM-42688-P  a   0.517  -6.281   7.683  g   0.001  -0.006  -0.001[0m
[1;32muart:~$ [m[8D[J[00:09:25.278,000] [0m<inf> imu: LSM6DS3TR-C  a   0.221  -6.228   7.953  g   0.025  -0.060   0.014[0m
[1;32muart:~$ [m[8D[J[1;32muart:~$ [m[8D[J[00:09:25.279,000] [0m<inf> imu: LSM6DSV16X   a   0.524  -6.081   8.305  g  -0.012   0.002  -0.003[0m
[1;32muart:~$ [m[8D[J[00:09:25.279,000] [0m<inf> imu: ICM-42688-P  a   0.533  -6.282   7.679  g   0.000  -0.005  -0.000[0m
[1;32muart:~$ [m[8D[J[00:09:25.380,000] [0m<inf> imu: LSM6DS3TR-C  a   0.201  -6.243   7.965  g   0.024  -0.062   0.010[0m
[1;32muart:~$ [m[8D[J[00:09:25.381,000] [0m<inf> imu: LSM6DSV16X   a   0.522  -6.095   8.308  g  -0.011   0.002  -0.002[0m
[1;32muart:~$ [m[8D[J[1;32muart:~$ [m[8D[J[00:09:25.382,000] [0m<inf> imu: ICM-42688-P  a   0.516  -6.278   7.676  g   0.001  -0.005   0.000[0m
[1;32muart:~$ [m[8D[J[1;32muart:~$ [m[8D[J[00:09:25.483,000] [0m<inf> imu: LSM6DS3TR-C  a   0.202  -6.242   7.965  g   0.024  -0.063   0.015[0m
[1;32muart:~$ [m[8D[J[00:09:25.483,000] [0m<inf> imu: LSM6DSV16X   a   0.522  -6.090   8.298  g  -0.011   0.003  -0.002[0m
[1;32muart:~$ [m[8D[J[1;32muart:~$ [m[8D[J[00:09:25.484,000] [0m<inf> imu: ICM-42688-P  a   0.512  -6.278   7.667  g   0.001  -0.006  -0.001[0m
[1;32muart:~$ [m[8D[J[00:09:25.585,000] [0m<inf> imu: LSM6DS3TR-C  a   0.233  -6.214   7.973  g   0.024  -0.063   0.011[0m
[1;32muart:~$ [m[8D[J[1;32muart:~$ [m[8D[J[00:09:25.586,000] [0m<inf> imu: LSM6DSV16X   a   0.525  -6.080   8.300  g  -0.010   0.002  -0.003[0m
[1;32muart:~$ [m[8D[J[00:09:25.586,000] [0m<inf> imu: ICM-42688-P  a   0.518  -6.273   7.670  g   0.002  -0.006  -0.001[0m
[1;32muart:~$ [m[8D[J[1;32muart:~$ [m[8D[J[00:09:25.687,000] [0m<inf> imu: LSM6DS3TR-C  a   0.218  -6.215   7.981  g   0.025  -0.064   0.013[0m
[1;32muart:~$ [m[8D[J[00:09:25.688,000] [0m<inf> imu: LSM6DSV16X   a   0.519  -6.092   8.299  g  -0.013   0.002  -0.003[0m
[1;32muart:~$ [m[8D[J[1;32muart:~$ [m[8D[J[00:09:25.689,000] [0m<inf> imu: ICM-42688-P  a   0.526  -6.298   7.688  g   0.001  -0.006  -0.001[0m
[1;32muart:~$ [m[8D[J[00:09:25.790,000] [0m<inf> imu: LSM6DS3TR-C  a   0.253  -6.224   7.947  g   0.025  -0.063   0.013[0m
[1;32muart:~$ [m[8D[J[00:09:25.791,000] [0m<inf> imu: LSM6DSV16X   a   0.526  -6.083   8.298  g  -0.012   0.002  -0.003[0m
[1;32muart:~$ [m[8D[J[1;32muart:~$ [m[8D[J[00:09:25.791,000] [0m<inf> imu: ICM-42688-P  a   0.512  -6.281   7.673  g   0.000  -0.004  -0.001[0m
[1;32muart:~$ [m[8D[J[00:09:25.893,000] [0m<inf> imu: LSM6DS3TR-C  a   0.200  -6.272   7.966  g   0.024  -0.060   0.010[0m
[1;32muart:~$ [m[8D[J[1;32muart:~$ [m[8D[J[00:09:25.894,000] [0m<inf> imu: LSM6DSV16X   a   0.529  -6.083   8.299  g  -0.013   0.002  -0.002[0m
[1;32muart:~$ [m[8D[J[00:09:25.894,000] [0m<inf> imu: ICM-42688-P  a   0.521  -6.291   7.673  g  -0.001  -0.005  -0.001[0m
[1;32muart:~$ [m[8D[J[00:09:25.995,000] [0m<inf> imu: LSM6DS3TR-C  a   0.197  -6.220   7.957  g   0.024  -0.063   0.011[0m
[1;32muart:~$ [m[8D[J[1;32muart:~$ [m[8D[J[00:09:25.996,000] [0m<inf> imu: LSM6DSV16X   a   0.526  -6.078   8.297  g  -0.011   0.001  -0.003[0m
[1;32muart:~$ [m[8D[J[00:09:25.997,000] [0m<inf> imu: ICM-42688-P  a   0.515  -6.288   7.655  g   0.001  -0.005  -0.001[0m
[1;32muart:~$ [m[8D[J[00:09:26.098,000] [0m<inf> imu: LSM6DS3TR-C  a   0.209  -6.302   7.807  g   0.025  -0.066   0.013[0m
[1;32muart:~$ [m[8D[J[00:09:26.098,000] [0m<inf> imu: LSM6DSV16X   a   0.522  -6.150   8.353  g  -0.009   0.003  -0.002[0m
[1;32muart:~$ [m[8D[J[1;32muart:~$ [m[8D[J[00:09:26.099,000] [0m<inf> imu: ICM-42688-P  a   0.521  -6.340   7.776  g   0.001  -0.007  -0.000[0m
[1;32muart:~$ [m[8D[J[1;32muart:~$ [m[8D[J[00:09:26.200,000] [0m<inf> imu: LSM6DS3TR-C  a   0.204  -6.237   7.903  g   0.021  -0.064   0.013[0m
[1;32muart:~$ [m[8D[J[00:09:26.201,000] [0m<inf> imu: LSM6DSV16X   a   0.510  -6.086   8.298  g  -0.010   0.002  -0.003[0m
[1;32muart:~$ [m[8D[J[1;32muart:~$ [m[8D[J[00:09:26.201,000] [0m<inf> imu: ICM-42688-P  a   0.499  -6.296   7.676  g   0.002  -0.005  -0.002[0m
[1;32muart:~$ [m[8D[J[00:09:26.302,000] [0m<inf> imu: LSM6DS3TR-C  a   0.197  -6.295   8.099  g   0.027  -0.061   0.011[0m
[1;32muart:~$ [m[8D[J[1;32muart:~$ [m[8D[J[00:09:26.303,000] [0m<inf> imu: LSM6DSV16X   a   0.527  -6.156   8.370  g  -0.010   0.004  -0.002[0m
[1;32muart:~$ [m[8D[J[00:09:26.303,000] [0m<inf> imu: ICM-42688-P  a   0.548  -6.315   7.623  g  -0.001  -0.005   0.000[0m
[1;32muart:~$ [m[8D[J[1;32muart:~$ [m[8D[J[00:09:26.405,000] [0m<inf> imu: LSM6DS3TR-C  a   0.259  -6.243   7.924  g   0.023  -0.063   0.013[0m
[1;32muart:~$ [m[8D[J[00:09:26.405,000] [0m<inf> imu: LSM6DSV16X   a   0.539  -6.087   8.292  g  -0.011   0.002  -0.003[0m
[1;32muart:~$ [m[8D[J[1;32muart:~$ [m[8D[J[00:09:26.406,000] [0m<inf> imu: ICM-42688-P  a   0.536  -6.287   7.675  g   0.000  -0.006  -0.002[0m
[1;32muart:~$ [m[8D[J[00:09:26.507,000] [0m<inf> imu: LSM6DS3TR-C  a   0.217  -6.208   7.997  g   0.026  -0.061   0.011[0m
[1;32muart:~$ [m[8D[J[00:09:26.508,000] [0m<inf> imu: LSM6DSV16X   a   0.526  -6.092   8.315  g  -0.010   0.003  -0.002[0m
[1;32muart:~$ [m[8D[J[1;32muart:~$ [m[8D[J[00:09:26.508,000] [0m<inf> imu: ICM-42688-P  a   0.522  -6.303   7.717  g   0.001  -0.007  -0.001[0m
[1;32muart:~$ [m[8D[J[00:09:26.609,000] [0m<inf> imu: LSM6DS3TR-C  a   0.229  -6.236   7.927  g   0.024  -0.062   0.011[0m
[1;32muart:~$ [m[8D[J[00:09:26.611,000] [0m<inf> imu: LSM6DSV16X   a   0.507  -6.092   8.274  g  -0.011   0.002  -0.003[0m
[1;32muart:~$ [m[8D[J[1;32muart:~$ [m[8D[J[00:09:26.612,000] [0m<inf> imu: ICM-42688-P  a   0.509  -6.291   7.652  g   0.000  -0.006  -0.001[0m
[1;32muart:~$ [m[8D[J[00:09:26.713,000] [0m<inf> imu: LSM6DS3TR-C  a   0.209  -6.212   7.978  g   0.024  -0.061   0.012[0m
[1;32muart:~$ [m[8D[J[1;32muart:~$ [m[8D[J[00:09:26.714,000] [0m<inf> imu: LSM6DSV16X   a   0.517  -6.087   8.305  g  -0.012   0.003  -0.002[0m
[1;32muart:~$ [m[8D[J[00:09:26.714,000] [0m<inf> imu: ICM-42688-P  a   0.522  -6.291   7.703  g   0.000  -0.005   0.000[0m
[1;32muart:~$ [m[8D[J[1;32muart:~$ [m[8D[J[00:09:26.815,000] [0m<inf> imu: LSM6DS3TR-C  a   0.231  -6.209   7.940  g   0.024  -0.062   0.012[0m
[1;32muart:~$ [m[8D[J[00:09:26.816,000] [0m<inf> imu: LSM6DSV16X   a   0.535  -6.085   8.299  g  -0.011   0.002  -0.003[0m
[1;32muart:~$ [m[8D[J[1;32muart:~$ [m[8D[J[00:09:26.817,000] [0m<inf> imu: ICM-42688-P  a   0.526  -6.287   7.675  g   0.000  -0.005  -0.002[0m
[1;32muart:~$ [m[8D[J[00:09:26.918,000] [0m<inf> imu: LSM6DS3TR-C  a   0.228  -6.233   7.956  g   0.024  -0.062   0.014[0m
[1;32muart:~$ [m[8D[J[1;32muart:~$ [m[8D[J[00:09:26.919,000] [0m<inf> imu: LSM6DSV16X   a   0.526  -6.092   8.312  g  -0.011   0.002  -0.002[0m
[1;32muart:~$ [m[8D[J[00:09:26.919,000] [0m<inf> imu: ICM-42688-P  a   0.523  -6.300   7.695  g  -0.000  -0.005  -0.001[0m
[1;32muart:~$ [m[8D[J[1;32muart:~$ [m[8D[J[00:09:27.020,000] [0m<inf> imu: LSM6DS3TR-C  a   0.227  -6.240   7.933  g   0.024  -0.062   0.012[0m
[1;32muart:~$ [m[8D[J[00:09:27.021,000] [0m<inf> imu: LSM6DSV16X   a   0.510  -6.080   8.291  g  -0.012   0.001  -0.003[0m
[1;32muart:~$ [m[8D[J[00:09:27.022,000] [0m<inf> imu: ICM-42688-P  a   0.509  -6.275   7.666  g   0.001  -0.005  -0.001[0m
[1;32muart:~$ [m[8D[J[00:09:27.123,000] [0m<inf> imu: LSM6DS3TR-C  a   0.229  -6.241   8.002  g   0.024  -0.061   0.012[0m
[1;32muart:~$ [m[8D[J[00:09:27.124,000] [0m<inf> imu: LSM6DSV16X   a   0.526  -6.095   8.307  g  -0.011   0.002  -0.002[0m
[1;32muart:~$ [m[8D[J[1;32muart:~$ [m[8D[J[00:09:27.124,000] [0m<inf> imu: ICM-42688-P  a   0.516  -6.296   7.685  g   0.001  -0.006  -0.001[0m
[1;32muart:~$ [m[8D[J[00:09:27.226,000] [0m<inf> imu: LSM6DS3TR-C  a   0.231  -6.242   7.971  g   0.024  -0.063   0.012[0m
[1;32muart:~$ [m[8D[J[00:09:27.226,000] [0m<inf> imu: LSM6DSV16X   a   0.531  -6.076   8.310  g  -0.013   0.001  -0.002[0m
[1;32muart:~$ [m[8D[J[1;32muart:~$ [m[8D[J[00:09:27.227,000] [0m<inf> imu: ICM-42688-P  a   0.530  -6.279   7.691  g   0.002  -0.006  -0.001[0m
[1;32muart:~$ [m[8D[J[00:09:27.328,000] [0m<inf> imu: LSM6DS3TR-C  a   0.223  -6.255   7.972  g   0.024  -0.062   0.013[0m
[1;32muart:~$ [m[8D[J[1;32muart:~$ [m[8D[J[00:09:27.329,000] [0m<inf> imu: LSM6DSV16X   a   0.528  -6.099   8.298  g  -0.011   0.002  -0.003[0m
[1;32muart:~$ [m[8D[J[00:09:27.329,000] [0m<inf> imu: ICM-42688-P  a   0.521  -6.308   7.687  g   0.001  -0.005  -0.001[0m
[1;32muart:~$ [m[8D[J[1;32muart:~$ [m[8D[J[00:09:27.431,000] [0m<inf> imu: LSM6DS3TR-C  a   0.211  -6.225   7.960  g   0.025  -0.062   0.012[0m
[1;32muart:~$ [m[8D[J[00:09:27.432,000] [0m<inf> imu: LSM6DSV16X   a   0.517  -6.068   8.298  g  -0.012   0.002  -0.002[0m
[1;32muart:~$ [m[8D[J[1;32muart:~$ [m[8D[J[00:09:27.433,000] [0m<inf> imu: ICM-42688-P  a   0.510  -6.273   7.671  g   0.000  -0.006  -0.000[0m
[1;32muart:~$ [m[8D[J[00:09:27.534,000] [0m<inf> imu: LSM6DS3TR-C  a   0.199  -6.236   7.997  g   0.025  -0.062   0.013[0m
[1;32muart:~$ [m[8D[J[1;32muart:~$ [m[8D[J[00:09:27.535,000] [0m<inf> imu: LSM6DSV16X   a   0.517  -6.092   8.304  g  -0.011   0.003  -0.002[0m
[1;32muart:~$ [m[8D[J[00:09:27.535,000] [0m<inf> imu: ICM-42688-P  a   0.518  -6.304   7.675  g  -0.001  -0.006  -0.000[0m
[1;32muart:~$ [m[8D[J[1;32muart:~$ [m[8D[J[00:09:27.636,000] [0m<inf> imu: LSM6DS3TR-C  a   0.226  -6.244   7.964  g   0.025  -0.061   0.012[0m
[1;32muart:~$ [m[8D[J[00:09:27.637,000] [0m<inf> imu: LSM6DSV16X   a   0.525  -6.080   8.305  g  -0.012   0.003  -0.003[0m
[1;32muart:~$ [m[8D[J[1;32muart:~$ [m[8D[J[00:09:27.638,000] [0m<inf> imu: ICM-42688-P  a   0.504  -6.278   7.685  g   0.001  -0.005  -0.001[0m
[1;32muart:~$ [m[8D[J[00:09:27.739,000] [0m<inf> imu: LSM6DS3TR-C  a   0.220  -6.228   7.938  g   0.025  -0.063   0.012[0m
[1;32muart:~$ [m[8D[J[00:09:27.739,000] [0m<inf> imu: LSM6DSV16X   a   0.529  -6.082   8.296  g  -0.012   0.002  -0.003[0m
[1;32muart:~$ [m[8D[J[1;32muart:~$ [m[8D[J[00:09:27.740,000] [0m<inf> imu: ICM-42688-P  a   0.511  -6.298   7.689  g   0.001  -0.005   0.000[0m
[1;32muart:~$ [m[8D[J[00:09:27.841,000] [0m<inf> imu: LSM6DS3TR-C  a   0.211  -6.249   7.959  g   0.027  -0.064   0.013[0m
[1;32muart:~$ [m[8D[J[00:09:27.842,000] [0m<inf> imu: LSM6DSV16X   a   0.520  -6.078   8.297  g  -0.012   0.002  -0.003[0m
[1;32muart:~$ [m[8D[J[1;32muart:~$ [m[8D[J[00:09:27.843,000] [0m<inf> imu: ICM-42688-P  a   0.505  -6.287   7.684  g   0.001  -0.006  -0.001[0m
[1;32muart:~$ [m[8D[J[00:09:27.944,000] [0m<inf> imu: LSM6DS3TR-C  a   0.228  -6.203   7.985  g   0.024  -0.062   0.013[0m
[1;32muart:~$ [m[8D[J[1;32muart:~$ [m[8D[J[00:09:27.945,000] [0m<inf> imu: LSM6DSV16X   a   0.522  -6.085   8.306  g  -0.011   0.002  -0.003[0m
[1;32muart:~$ [m[8D[J[00:09:27.945,000] [0m<inf> imu: ICM-42688-P  a   0.518  -6.297   7.673  g  -0.000  -0.006   0.000[0m
[1;32muart:~$ [m[8D[J[1;32muart:~$ [m[8D[J[00:09:28.047,000] [0m<inf> imu: LSM6DS3TR-C  a   0.230  -6.248   7.971  g   0.025  -0.062   0.010[0m
[1;32muart:~$ [m[8D[J[00:09:28.048,000] [0m<inf> imu: LSM6DSV16X   a   0.527  -6.092   8.311  g  -0.012   0.002  -0.002[0m
[1;32muart:~$ [m[8D[J[00:09:28.049,000] [0m<inf> imu: ICM-42688-P  a   0.520  -6.292   7.672  g   0.000  -0.005  -0.000[0m
[1;32muart:~$ [m[8D[J[00:09:28.150,000] [0m<inf> imu: LSM6DS3TR-C  a   0.227  -6.232   7.969  g   0.024  -0.061   0.012[0m
[1;32muart:~$ [m[8D[J[1;32muart:~$ [m[8D[J[00:09:28.151,000] [0m<inf> imu: LSM6DSV16X   a   0.534  -6.085   8.308  g  -0.011   0.002  -0.003[0m
[1;32muart:~$ [m[8D[J[00:09:28.151,000] [0m<inf> imu: ICM-42688-P  a   0.520  -6.291   7.677  g   0.000  -0.006  -0.001[0m
[1;32muart:~$ [m[8D[J[1;32muart:~$ [m[8D[J[00:09:28.252,000] [0m<inf> imu: LSM6DS3TR-C  a   0.223  -6.236   7.956  g   0.025  -0.063   0.009[0m
[1;32muart:~$ [m[8D[J[00:09:28.253,000] [0m<inf> imu: LSM6DSV16X   a   0.522  -6.090   8.308  g  -0.011   0.001  -0.003[0m
[1;32muart:~$ [m[8D[J[1;32muart:~$ [m[8D[J[00:09:28.253,000] [0m<inf> imu: ICM-42688-P  a   0.528  -6.287   7.687  g   0.001  -0.005  -0.001[0m
[1;32muart:~$ [m[8D[J[00:09:28.354,000] [0m<inf> imu: LSM6DS3TR-C  a   0.212  -6.248   7.970  g   0.024  -0.061   0.010[0m
[1;32muart:~$ [m[8D[J[1;32muart:~$ [m[8D[J[00:09:28.355,000] [0m<inf> imu: LSM6DSV16X   a   0.522  -6.089   8.297  g  -0.011   0.002  -0.002[0m
[1;32muart:~$ [m[8D[J[00:09:28.356,000] [0m<inf> imu: ICM-42688-P  a   0.496  -6.279   7.682  g   0.000  -0.005  -0.001[0m
[1;32muart:~$ [m[8D[J[00:09:28.457,000] [0m<inf> imu: LSM6DS3TR-C  a   0.220  -6.227   7.985  g   0.026  -0.061   0.013[0m
[1;32muart:~$ [m[8D[J[00:09:28.458,000] [0m<inf> imu: LSM6DSV16X   a   0.526  -6.083   8.303  g  -0.011   0.003  -0.002[0m
[1;32muart:~$ [m[8D[J[00:09:28.459,000] [0m<inf> imu: ICM-42688-P  a   0.514  -6.292   7.676  g   0.000  -0.006   0.000[0m
[1;32muart:~$ [m[8D[J[1;32muart:~$ [m[8D[J[00:09:28.561,000] [0m<inf> imu: LSM6DS3TR-C  a   0.229  -6.235   7.983  g   0.025  -0.065   0.012[0m
[1;32muart:~$ [m[8D[J[00:09:28.561,000] [0m<inf> imu: LSM6DSV16X   a   0.523  -6.076   8.304  g  -0.012   0.002  -0.004[0m
[1;32muart:~$ [m[8D[J[1;32muart:~$ [m[8D[J[00:09:28.562,000] [0m<inf> imu: ICM-42688-P  a   0.517  -6.298   7.684  g  -0.001  -0.006  -0.000[0m
[1;32muart:~$ [m[8D[J[00:09:28.663,000] [0m<inf> imu: LSM6DS3TR-C  a   0.227  -6.252   7.968  g   0.025  -0.062   0.015[0m
[1;32muart:~$ [m[8D[J[1;32muart:~$ [m[8D[J[00:09:28.664,000] [0m<inf> imu: LSM6DSV16X   a   0.526  -6.080   8.305  g  -0.011   0.002  -0.002[0m
[1;32muart:~$ [m[8D[J[00:09:28.664,000] [0m<inf> imu: ICM-42688-P  a   0.518  -6.288   7.690  g  -0.000  -0.006  -0.000[0m
[1;32muart:~$ [m[8D[J[1;32muart:~$ [m[8D[J[00:09:28.765,000] [0m<inf> imu: LSM6DS3TR-C  a   0.236  -6.278   7.994  g   0.024  -0.063   0.012[0m
[1;32muart:~$ [m[8D[J[00:09:28.766,000] [0m<inf> imu: LSM6DSV16X   a   0.515  -6.093   8.303  g  -0.011   0.002  -0.002[0m
[1;32muart:~$ [m[8D[J[1;32muart:~$ [m[8D[J[00:09:28.766,000] [0m<inf> imu: ICM-42688-P  a   0.506  -6.280   7.670  g   0.000  -0.005   0.000[0m
[1;32muart:~$ [m[8D[J[00:09:28.867,000] [0m<inf> imu: LSM6DS3TR-C  a   0.218  -6.232   7.968  g   0.024  -0.063   0.013[0m
[1;32muart:~$ [m[8D[J[1;32muart:~$ [m[8D[J[00:09:28.868,000] [0m<inf> imu: LSM6DSV16X   a   0.523  -6.080   8.306  g  -0.012   0.002  -0.002[0m
[1;32muart:~$ [m[8D[J[00:09:28.869,000] [0m<inf> imu: ICM-42688-P  a   0.515  -6.279   7.691  g   0.000  -0.005   0.000[0m
[1;32muart:~$ [m[8D[J[1;32muart:~$ [m[8D[J[00:09:28.970,000] [0m<inf> imu: LSM6DS3TR-C  a   0.232  -6.266   7.968  g   0.023  -0.062   0.010[0m
[1;32muart:~$ [m[8D[J[00:09:28.970,000] [0m<inf> imu: LSM6DSV16X   a   0.522  -6.092   8.308  g  -0.012   0.002  -0.003[0m
[1;32muart:~$ [m[8D[J[1;32muart:~$ [m[8D[J[00:09:28.971,000] [0m<inf> imu: ICM-42688-P  a   0.522  -6.298   7.677  g   0.002  -0.005  -0.001[0m
[1;32muart:~$ [m[8D[J[00:09:29.072,000] [0m<inf> imu: LSM6DS3TR-C  a   0.205  -6.246   7.999  g   0.024  -0.061   0.012[0m
[1;32muart:~$ [m[8D[J[00:09:29.073,000] [0m<inf> imu: LSM6DSV16X   a   0.522  -6.085   8.301  g  -0.011   0.002  -0.003[0m
[1;32muart:~$ [m[8D[J[1;32muart:~$ [m[8D[J[00:09:29.073,000] [0m<inf> imu: ICM-42688-P  a   0.514  -6.294   7.690  g   0.000  -0.005  -0.001[0m
[1;32muart:~$ [m[8D[J[00:09:29.175,000] [0m<inf> imu: LSM6DS3TR-C  a   0.220  -6.224   8.014  g   0.024  -0.062   0.012[0m
[1;32muart:~$ [m[8D[J[00:09:29.176,000] [0m<inf> imu: LSM6DSV16X   a   0.526  -6.090   8.312  g  -0.011   0.002  -0.002[0m
[1;32muart:~$ [m[8D[J[1;32muart:~$ [m[8D[J[00:09:29.176,000] [0m<inf> imu: ICM-42688-P  a   0.532  -6.290   7.687  g  -0.001  -0.005   0.000[0m
[1;32muart:~$ [m[8D[J[00:09:29.277,000] [0m<inf> imu: LSM6DS3TR-C  a   0.229  -6.254   7.985  g   0.026  -0.063   0.012[0m
[1;32muart:~$ [m[8D[J[1;32muart:~$ [m[8D[J[00:09:29.278,000] [0m<inf> imu: LSM6DSV16X   a   0.521  -6.090   8.294  g  -0.012   0.002  -0.002[0m
[1;32muart:~$ [m[8D[J[00:09:29.279,000] [0m<inf> imu: ICM-42688-P  a   0.504  -6.296   7.700  g   0.001  -0.005  -0.001[0m
[1;32muart:~$ [m[8D[J[00:09:29.380,000] [0m<inf> imu: LSM6DS3TR-C  a   0.225  -6.234   8.002  g   0.024  -0.063   0.011[0m
[1;32muart:~$ [m[8D[J[00:09:29.380,000] [0m<inf> imu: LSM6DSV16X   a   0.531  -6.078   8.298  g  -0.010   0.002  -0.003[0m
[1;32muart:~$ [m[8D[J[1;32muart:~$ [m[8D[J[00:09:29.381,000] [0m<inf> imu: ICM-42688-P  a   0.509  -6.282   7.682  g   0.000  -0.005  -0.001[0m
[1;32muart:~$ [m[8D[J[1;32muart:~$ [m[8D[J[00:09:29.482,000] [0m<inf> imu: LSM6DS3TR-C  a   0.209  -6.236   7.933  g   0.024  -0.063   0.012[0m
[1;32muart:~$ [m[8D[J[00:09:29.483,000] [0m<inf> imu: LSM6DSV16X   a   0.522  -6.085   8.306  g  -0.012   0.002  -0.003[0m
[1;32muart:~$ [m[8D[J[1;32muart:~$ [m[8D[J[00:09:29.483,000] [0m<inf> imu: ICM-42688-P  a   0.512  -6.298   7.666  g   0.001  -0.005  -0.001[0m
[1;32muart:~$ [m[8D[J[00:09:29.584,000] [0m<inf> imu: LSM6DS3TR-C  a   0.241  -6.234   7.975  g   0.022  -0.062   0.012[0m
[1;32muart:~$ [m[8D[J[1;32muart:~$ [m[8D[J[00:09:29.585,000] [0m<inf> imu: LSM6DSV16X   a   0.526  -6.080   8.301  g  -0.011   0.002  -0.003[0m
[1;32muart:~$ [m[8D[J[00:09:29.586,000] [0m<inf> imu: ICM-42688-P  a   0.517  -6.273   7.685  g   0.001  -0.006  -0.001[0m
[1;32muart:~$ [m[8D[J[1;32muart:~$ [m[8D[J[00:09:29.687,000] [0m<inf> imu: LSM6DS3TR-C  a   0.237  -6.237   7.984  g   0.024  -0.062   0.012[0m
[1;32muart:~$ [m[8D[J[00:09:29.687,000] [0m<inf> imu: LSM6DSV16X   a   0.517  -6.090   8.303  g  -0.011   0.002  -0.003[0m
[1;32muart:~$ [m[8D[J[1;32muart:~$ [m[8D[J[00:09:29.688,000] [0m<inf> imu: ICM-42688-P  a   0.517  -6.287   7.689  g   0.001  -0.005  -0.001[0m
[1;32muart:~$ [m[8D[J[00:09:29.789,000] [0m<inf> imu: LSM6DS3TR-C  a   0.218  -6.235   8.003  g   0.024  -0.063   0.013[0m
[1;32muart:~$ [m[8D[J[00:09:29.790,000] [0m<inf> imu: LSM6DSV16X   a   0.522  -6.080   8.302  g  -0.011   0.002  -0.002[0m
[1;32muart:~$ [m[8D[J[1;32muart:~$ [m[8D[J[00:09:29.790,000] [0m<inf> imu: ICM-42688-P  a   0.517  -6.290   7.675  g   0.000  -0.005   0.001[0m
[1;32muart:~$ [m[8D[J[00:09:29.892,000] [0m<inf> imu: LSM6DS3TR-C  a   0.227  -6.251   7.999  g   0.024  -0.063   0.011[0m
[1;32muart:~$ [m[8D[J[1;32muart:~$ [m[8D[J[00:09:29.893,000] [0m<inf> imu: LSM6DSV16X   a   0.520  -6.083   8.302  g  -0.011   0.001  -0.002[0m
[1;32muart:~$ [m[8D[J[00:09:29.893,000] [0m<inf> imu: ICM-42688-P  a   0.512  -6.294   7.678  g   0.001  -0.006   0.000[0m
[1;32muart:~$ [m[8D[J[00:09:29.995,000] [0m<inf> imu: LSM6DS3TR-C  a   0.226  -6.258   8.001  g   0.024  -0.062   0.013[0m
[1;32muart:~$ [m[8D[J[1;32muart:~$ [m[8D[J[00:09:29.995,000] [0m<inf> imu: LSM6DSV16X   a   0.521  -6.081   8.306  g  -0.011   0.002  -0.002[0m
[1;32muart:~$ [m[8D[J[00:09:29.996,000] [0m<inf> imu: ICM-42688-P  a   0.508  -6.291   7.682  g   0.001  -0.005   0.000[0m
[1;32muart:~$ [m[8D[J[00:09:30.097,000] [0m<inf> imu: LSM6DS3TR-C  a   0.205  -6.205   7.954  g   0.025  -0.062   0.013[0m
[1;32muart:~$ [m[8D[J[00:09:30.098,000] [0m<inf> imu: LSM6DSV16X   a   0.513  -6.078   8.307  g  -0.012   0.002  -0.002[0m
[1;32muart:~$ [m[8D[J[1;32muart:~$ [m[8D[J[00:09:30.098,000] [0m<inf> imu: ICM-42688-P  a   0.509  -6.287   7.687  g   0.001  -0.005  -0.001[0m
[1;32muart:~$ [m[8D[J[1;32muart:~$ [m[8D[J[00:09:30.199,000] [0m<inf> imu: LSM6DS3TR-C  a   0.229  -6.251   8.008  g   0.024  -0.064   0.011[0m
[1;32muart:~$ [m[8D[J[00:09:30.200,000] [0m<inf> imu: LSM6DSV16X   a   0.526  -6.080   8.302  g  -0.012   0.002  -0.003[0m
[1;32muart:~$ [m[8D[J[1;32muart:~$ [m[8D[J[00:09:30.200,000] [0m<inf> imu: ICM-42688-P  a   0.516  -6.290   7.691  g   0.000  -0.005  -0.000[0m
[1;32muart:~$ [m[8D[J[00:09:30.302,000] [0m<inf> imu: LSM6DS3TR-C  a   0.230  -6.283   7.985  g   0.025  -0.062   0.012[0m
[1;32muart:~$ [m[8D[J[1;32muart:~$ [m[8D[J[00:09:30.302,000] [0m<inf> imu: LSM6DSV16X   a   0.517  -6.080   8.310  g  -0.012   0.002  -0.003[0m
[1;32muart:~$ [m[8D[J[00:09:30.303,000] [0m<inf> imu: ICM-42688-P  a   0.512  -6.293   7.684  g  -0.001  -0.006  -0.001[0m
[1;32muart:~$ [m[8D[J[1;32muart:~$ [m[8D[J[00:09:30.404,000] [0m<inf> imu: LSM6DS3TR-C  a   0.219  -6.275   7.964  g   0.025  -0.063   0.011[0m
[1;32muart:~$ [m[8D[J[00:09:30.405,000] [0m<inf> imu: LSM6DSV16X   a   0.524  -6.092   8.313  g  -0.012   0.002  -0.003[0m
[1;32muart:~$ [m[8D[J[1;32muart:~$ [m[8D[J[00:09:30.405,000] [0m<inf> imu: ICM-42688-P  a   0.512  -6.294   7.691  g   0.000  -0.005  -0.001[0m
[1;32muart:~$ [m[8D[J[00:09:30.506,000] [0m<inf> imu: LSM6DS3TR-C  a   0.241  -6.234   7.976  g   0.024  -0.062   0.011[0m
[1;32muart:~$ [m[8D[J[00:09:30.507,000] [0m<inf> imu: LSM6DSV16X   a   0.534  -6.078   8.308  g  -0.012   0.002  -0.003[0m
[1;32muart:~$ [m[8D[J[1;32muart:~$ [m[8D[J[00:09:30.507,000] [0m<inf> imu: ICM-42688-P  a   0.505  -6.285   7.684  g   0.000  -0.005  -0.001[0m
[1;32muart:~$ [m[8D[J[00:09:30.609,000] [0m<inf> imu: LSM6DS3TR-C  a   0.238  -6.237   7.953  g   0.023  -0.060   0.011[0m
[1;32muart:~$ [m[8D[J[1;32muart:~$ [m[8D[J[00:09:30.610,000] [0m<inf> imu: LSM6DSV16X   a   0.526  -6.087   8.313  g  -0.012   0.002  -0.002[0m
[1;32muart:~$ [m[8D[J[00:09:30.611,000] [0m<inf> imu: ICM-42688-P  a   0.512  -6.288   7.683  g   0.000  -0.005  -0.001[0m
[1;32muart:~$ [m[8D[J[00:09:30.712,000] [0m<inf> imu: LSM6DS3TR-C  a   0.601  -5.897   7.899  g   0.016  -0.063   0.002[0m
[1;32muart:~$ [m[8D[J[1;32muart:~$ [m[8D[J[00:09:30.713,000] [0m<inf> imu: LSM6DSV16X   a   0.502  -6.133   8.358  g  -0.009   0.003  -0.001[0m
[1;32muart:~$ [m[8D[J[00:09:30.713,000] [0m<inf> imu: ICM-42688-P  a   0.543  -6.243   7.630  g  -0.001  -0.005   0.000[0m
[1;32muart:~$ [m[8D[J[00:09:30.814,000] [0m<inf> imu: LSM6DS3TR-C  a   0.290  -6.197   7.922  g   0.023  -0.063   0.011[0m
[1;32muart:~$ [m[8D[J[00:09:30.815,000] [0m<inf> imu: LSM6DSV16X   a   0.524  -6.102   8.332  g  -0.011   0.003  -0.002[0m
[1;32muart:~$ [m[8D[J[1;32muart:~$ [m[8D[J[00:09:30.816,000] [0m<inf> imu: ICM-42688-P  a   0.527  -6.260   7.618  g   0.001  -0.005  -0.001[0m
[1;32muart:~$ [m[8D[J[1;32muart:~$ [m[8D[J[00:09:30.917,000] [0m<inf> imu: LSM6DS3TR-C  a   0.282  -6.153   7.942  g   0.026  -0.061   0.012[0m
[1;32muart:~$ [m[8D[J[00:09:30.917,000] [0m<inf> imu: LSM6DSV16X   a   0.538  -6.023   8.274  g  -0.011   0.003  -0.004[0m
[1;32muart:~$ [m[8D[J[1;32muart:~$ [m[8D[J[00:09:30.918,000] [0m<inf> imu: ICM-42688-P  a   0.532  -6.146   7.545  g   0.001  -0.005  -0.004[0m
[1;32muart:~$ [m[8D[J[00:09:31.019,000] [0m<inf> imu: LSM6DS3TR-C  a   0.192  -6.217   7.921  g   0.024  -0.061   0.013[0m
[1;32muart:~$ [m[8D[J[1;32muart:~$ [m[8D[J[00:09:31.020,000] [0m<inf> imu: LSM6DSV16X   a   0.524  -6.051   8.225  g  -0.011   0.003  -0.002[0m
[1;32muart:~$ [m[8D[J[00:09:31.020,000] [0m<inf> imu: ICM-42688-P  a   0.500  -6.246   7.635  g  -0.004  -0.003   0.002[0m
[1;32muart:~$ [m[8D[J[1;32muart:~$ [m[8D[J[00:09:31.121,000] [0m<inf> imu: LSM6DS3TR-C  a   0.267  -6.230   8.021  g   0.029  -0.064   0.010[0m
[1;32muart:~$ [m[8D[J[00:09:31.122,000] [0m<inf> imu: LSM6DSV16X   a   0.543  -6.109   8.340  g  -0.007   0.000  -0.005[0m
[1;32muart:~$ [m[8D[J[1;32muart:~$ [m[8D[J[00:09:31.123,000] [0m<inf> imu: ICM-42688-P  a   0.534  -6.305   7.685  g   0.004  -0.008  -0.002[0m
[1;32muart:~$ [m[8D[J[00:09:31.224,000] [0m<inf> imu: LSM6DS3TR-C  a   0.200  -6.220   7.965  g   0.024  -0.062   0.013[0m
[1;32muart:~$ [m[8D[J[00:09:31.224,000] [0m<inf> imu: LSM6DSV16X   a   0.507  -6.059   8.295  g  -0.012   0.003  -0.002[0m
[1;32muart:~$ [m[8D[J[1;32muart:~$ [m[8D[J[00:09:31.225,000] [0m<inf> imu: ICM-42688-P  a   0.512  -6.266   7.665  g   0.001  -0.006   0.000[0m
[1;32muart:~$ [m[8D[J[00:09:31.327,000] [0m<inf> imu: LSM6DS3TR-C  a   0.200  -6.293   7.995  g   0.025  -0.064   0.011[0m
[1;32muart:~$ [m[8D[J[00:09:31.328,000] [0m<inf> imu: LSM6DSV16X   a   0.517  -6.120   8.301  g  -0.012   0.003  -0.002[0m
[1;32muart:~$ [m[8D[J[1;32muart:~$ [m[8D[J[00:09:31.329,000] [0m<inf> imu: ICM-42688-P  a   0.505  -6.335   7.679  g   0.001  -0.006  -0.001[0m
[1;32muart:~$ [m[8D[J[00:09:31.430,000] [0m<inf> imu: LSM6DS3TR-C  a   0.207  -6.195   7.999  g   0.023  -0.061   0.013[0m
[1;32muart:~$ [m[8D[J[1;32muart:~$ [m[8D[J[00:09:31.431,000] [0m<inf> imu: LSM6DSV16X   a   0.522  -6.053   8.296  g  -0.011   0.003  -0.002[0m
[1;32muart:~$ [m[8D[J[00:09:31.431,000] [0m<inf> imu: ICM-42688-P  a   0.520  -6.260   7.681  g   0.000  -0.005  -0.001[0m
[1;32muart:~$ [m[8D[J[1;32muart:~$ [m[8D[J[00:09:31.533,000] [0m<inf> imu: LSM6DS3TR-C  a   0.248  -6.258   7.969  g   0.025  -0.063   0.013[0m
[1;32muart:~$ [m[8D[J[00:09:31.534,000] [0m<inf> imu: LSM6DSV16X   a   0.539  -6.108   8.316  g  -0.011   0.002  -0.003[0m
[1;32muart:~$ [m[8D[J[1;32muart:~$ [m[8D[J[00:09:31.535,000] [0m<inf> imu: ICM-42688-P  a   0.535  -6.303   7.682  g   0.001  -0.006  -0.002[0m
[1;32muart:~$ [m[8D[J[00:09:31.636,000] [0m<inf> imu: LSM6DS3TR-C  a   0.197  -6.181   7.998  g   0.023  -0.062   0.013[0m
[1;32muart:~$ [m[8D[J[1;32muart:~$ [m[8D[J[00:09:31.637,000] [0m<inf> imu: LSM6DSV16X   a   0.514  -6.059   8.302  g  -0.012   0.003  -0.003[0m
[1;32muart:~$ [m[8D[J[00:09:31.637,000] [0m<inf> imu: ICM-42688-P  a   0.506  -6.268   7.678  g   0.000  -0.006   0.001[0m
[1;32muart:~$ [m[8D[J[1;32muart:~$ [m[8D[J[00:09:31.738,000] [0m<inf> imu: LSM6DS3TR-C  a   0.234  -6.216   7.947  g   0.026  -0.063   0.015[0m
[1;32muart:~$ [m[8D[J[00:09:31.739,000] [0m<inf> imu: LSM6DSV16X   a   0.522  -6.103   8.302  g  -0.012   0.002  -0.003[0m
[1;32muart:~$ [m[8D[J[1;32muart:~$ [m[8D[J[00:09:31.739,000] [0m<inf> imu: ICM-42688-P  a   0.517  -6.312   7.682  g   0.000  -0.006  -0.001[0m
[1;32muart:~$ [m[8D[J[00:09:31.841,000] [0m<inf> imu: LSM6DS3TR-C  a   0.188  -6.221   7.976  g   0.024  -0.063   0.013[0m
[1;32muart:~$ [m[8D[J[00:09:31.841,000] [0m<inf> imu: LSM6DSV16X   a   0.525  -6.073   8.297  g  -0.011   0.002  -0.002[0m
[1;32muart:~$ [m[8D[J[1;32muart:~$ [m[8D[J[00:09:31.842,000] [0m<inf> imu: ICM-42688-P  a   0.521  -6.278   7.677  g   0.001  -0.005  -0.001[0m
[1;32muart:~$ [m[8D[J[00:09:31.943,000] [0m<inf> imu: LSM6DS3TR-C  a   0.228  -6.250   7.970  g   0.025  -0.064   0.012[0m
[1;32muart:~$ [m[8D[J[1;32muart:~$ [m[8D[J[00:09:31.944,000] [0m<inf> imu: LSM6DSV16X   a   0.531  -6.094   8.310  g  -0.011   0.002  -0.003[0m
[1;32muart:~$ [m[8D[J[00:09:31.945,000] [0m<inf> imu: ICM-42688-P  a   0.516  -6.292   7.682  g   0.000  -0.006  -0.001[0m
[1;32muart:~$ [m[8D[J[00:09:32.046,000] [0m<inf> imu: LSM6DS3TR-C  a   0.227  -6.229   7.955  g   0.024  -0.064   0.013[0m
[1;32muart:~$ [m[8D[J[1;32muart:~$ [m[8D[J[00:09:32.047,000] [0m<inf> imu: LSM6DSV16X   a   0.524  -6.087   8.294  g  -0.011   0.002  -0.003[0m
[1;32muart:~$ [m[8D[J[00:09:32.047,000] [0m<inf> imu: ICM-42688-P  a   0.510  -6.294   7.670  g   0.001  -0.005  -0.001[0m
[1;32muart:~$ [m[8D[J[00:09:32.148,000] [0m<inf> imu: LSM6DS3TR-C  a   0.223  -6.214   7.963  g   0.025  -0.062   0.012[0m
[1;32muart:~$ [m[8D[J[00:09:32.149,000] [0m<inf> imu: LSM6DSV16X   a   0.529  -6.085   8.311  g  -0.011   0.002  -0.003[0m
[1;32muart:~$ [m[8D[J[1;32muart:~$ [m[8D[J[00:09:32.150,000] [0m<inf> imu: ICM-42688-P  a   0.517  -6.285   7.693  g   0.001  -0.005  -0.001[0m
[1;32muart:~$ [m[8D[J[1;32muart:~$ [m[8D[J[00:09:32.251,000] [0m<inf> imu: LSM6DS3TR-C  a   0.223  -6.256   7.958  g   0.026  -0.060   0.013[0m
[1;32muart:~$ [m[8D[J[00:09:32.251,000] [0m<inf> imu: LSM6DSV16X   a   0.525  -6.083   8.299  g  -0.011   0.002  -0.002[0m
[1;32muart:~$ [m[8D[J[1;32muart:~$ [m[8D[J[00:09:32.252,000] [0m<inf> imu: ICM-42688-P  a   0.528  -6.281   7.693  g   0.000  -0.004  -0.000[0m
[1;32muart:~$ [m[8D[J[00:09:32.353,000] [0m<inf> imu: LSM6DS3TR-C  a   0.223  -6.236   7.985  g   0.023  -0.063   0.013[0m
[1;32muart:~$ [m[8D[J[1;32muart:~$ [m[8D[J[00:09:32.354,000] [0m<inf> imu: LSM6DSV16X   a   0.517  -6.080   8.313  g  -0.011   0.002  -0.002[0m
[1;32muart:~$ [m[8D[J[00:09:32.354,000] [0m<inf> imu: ICM-42688-P  a   0.509  -6.291   7.705  g   0.000  -0.006   0.000[0m
[1;32muart:~$ [m[8D[J[1;32muart:~$ [m[8D[J[00:09:32.455,000] [0m<inf> imu: LSM6DS3TR-C  a   0.203  -6.260   7.926  g   0.026  -0.064   0.010[0m
[1;32muart:~$ [m[8D[J[00:09:32.456,000] [0m<inf> imu: LSM6DSV16X   a   0.517  -6.081   8.298  g  -0.011   0.002  -0.002[0m
[1;32muart:~$ [m[8D[J[1;32muart:~$ [m[8D[J[00:09:32.457,000] [0m<inf> imu: ICM-42688-P  a   0.503  -6.285   7.688  g  -0.000  -0.005  -0.001[0m
[1;32muart:~$ [m[8D[J[00:09:32.558,000] [0m<inf> imu: LSM6DS3TR-C  a   0.217  -6.255   7.988  g   0.024  -0.062   0.013[0m
[1;32muart:~$ [m[8D[J[00:09:32.558,000] [0m<inf> imu: LSM6DSV16X   a   0.519  -6.085   8.305  g  -0.011   0.002  -0.002[0m
[1;32muart:~$ [m[8D[J[1;32muart:~$ [m[8D[J[00:09:32.559,000] [0m<inf> imu: ICM-42688-P  a   0.515  -6.288   7.700  g   0.001  -0.005  -0.000[0m
[1;32muart:~$ [m[8D[J[00:09:32.660,000] [0m<inf> imu: LSM6DS3TR-C  a   0.232  -6.265   7.949  g   0.024  -0.064   0.013[0m
[1;32muart:~$ [m[8D[J[1;32muart:~$ [m[8D[J[00:09:32.661,000] [0m<inf> imu: LSM6DSV16X   a   0.527  -6.084   8.293  g  -0.011   0.003  -0.003[0m
[1;32muart:~$ [m[8D[J[00:09:32.662,000] [0m<inf> imu: ICM-42688-P  a   0.523  -6.291   7.672  g   0.000  -0.006  -0.001[0m
[1;32muart:~$ [m[8D[J[00:09:32.763,000] [0m<inf> imu: LSM6DS3TR-C  a   0.229  -6.199   7.964  g   0.024  -0.063   0.014[0m
[1;32muart:~$ [m[8D[J[1;32muart:~$ [m[8D[J[00:09:32.764,000] [0m<inf> imu: LSM6DSV16X   a   0.526  -6.093   8.301  g  -0.011   0.002  -0.003[0m
[1;32muart:~$ [m[8D[J[00:09:32.764,000] [0m<inf> imu: ICM-42688-P  a   0.523  -6.279   7.682  g   0.001  -0.005  -0.000[0m
[1;32muart:~$ [m[8D[J[00:09:32.865,000] [0m<inf> imu: LSM6DS3TR-C  a   0.242  -6.230   7.973  g   0.024  -0.060   0.012[0m
[1;32muart:~$ [m[8D[J[00:09:32.866,000] [0m<inf> imu: LSM6DSV16X   a   0.528  -6.078   8.304  g  -0.011   0.002  -0.002[0m
[1;32muart:~$ [m[8D[J[1;32muart:~$ [m[8D[J[00:09:32.866,000] [0m<inf> imu: ICM-42688-P  a   0.520  -6.288   7.689  g   0.001  -0.005  -0.001[0m
[1;32muart:~$ [m[8D[J[1;32muart:~$ [m[8D[J[00:09:32.968,000] [0m<inf> imu: LSM6DS3TR-C  a   0.191  -6.214   8.018  g   0.023  -0.064   0.013[0m
[1;32muart:~$ [m[8D[J[00:09:32.968,000] [0m<inf> imu: LSM6DSV16X   a   0.526  -6.093   8.295  g  -0.011   0.002  -0.003[0m
[1;32muart:~$ [m[8D[J[1;32muart:~$ [m[8D[J[00:09:32.969,000] [0m<inf> imu: ICM-42688-P  a   0.509  -6.281   7.670  g   0.001  -0.006  -0.001[0m
[1;32muart:~$ [m[8D[J[00:09:33.070,000] [0m<inf> imu: LSM6DS3TR-C  a   0.226  -6.239   7.965  g   0.025  -0.063   0.012[0m
[1;32muart:~$ [m[8D[J[1;32muart:~$ [m[8D[J[00:09:33.071,000] [0m<inf> imu: LSM6DSV16X   a   0.521  -6.080   8.300  g  -0.011   0.002  -0.003[0m
[1;32muart:~$ [m[8D[J[00:09:33.071,000] [0m<inf> imu: ICM-42688-P  a   0.512  -6.284   7.676  g   0.001  -0.005   0.001[0m
[1;32muart:~$ [m[8D[J[1;32muart:~$ [m[8D[J[00:09:33.172,000] [0m<inf> imu: LSM6DS3TR-C  a   0.222  -6.220   7.964  g   0.024  -0.063   0.013[0m
[1;32muart:~$ [m[8D[J[00:09:33.173,000] [0m<inf> imu: LSM6DSV16X   a   0.532  -6.095   8.313  g  -0.011   0.002  -0.003[0m
[1;32muart:~$ [m[8D[J[1;32muart:~$ [m[8D[J[00:09:33.173,000] [0m<inf> imu: ICM-42688-P  a   0.509  -6.286   7.678  g   0.000  -0.005  -0.001[0m
[1;32muart:~$ [m[8D[J[00:09:33.274,000] [0m<inf> imu: LSM6DS3TR-C  a   0.236  -6.233   7.987  g   0.024  -0.064   0.011[0m
[1;32muart:~$ [m[8D[J[00:09:33.275,000] [0m<inf> imu: LSM6DSV16X   a   0.519  -6.084   8.300  g  -0.011   0.003  -0.002[0m
[1;32muart:~$ [m[8D[J[1;32muart:~$ [m[8D[J[00:09:33.276,000] [0m<inf> imu: ICM-42688-P  a   0.530  -6.276   7.675  g  -0.001  -0.005   0.000[0m
[1;32muart:~$ [m[8D[J[00:09:33.377,000] [0m<inf> imu: LSM6DS3TR-C  a   0.206  -6.239   7.984  g   0.023  -0.063   0.012[0m
[1;32muart:~$ [m[8D[J[1;32muart:~$ [m[8D[J[00:09:33.378,000] [0m<inf> imu: LSM6DSV16X   a   0.524  -6.092   8.300  g  -0.012   0.002  -0.003[0m
[1;32muart:~$ [m[8D[J[00:09:33.379,000] [0m<inf> imu: ICM-42688-P  a   0.511  -6.297   7.688  g   0.002  -0.006  -0.001[0m
[1;32muart:~$ [m[8D[J[00:09:33.480,000] [0m<inf> imu: LSM6DS3TR-C  a   0.245  -6.233   7.975  g   0.025  -0.061   0.012[0m
[1;32muart:~$ [m[8D[J[1;32muart:~$ [m[8D[J[00:09:33.481,000] [0m<inf> imu: LSM6DSV16X   a   0.522  -6.074   8.294  g  -0.011   0.002  -0.003[0m
[1;32muart:~$ [m[8D[J[00:09:33.481,000] [0m<inf> imu: ICM-42688-P  a   0.511  -6.288   7.672  g   0.000  -0.006  -0.000[0m
[1;32muart:~$ [m[8D[J[00:09:33.582,000] [0m<inf> imu: LSM6DS3TR-C  a   0.220  -6.248   7.968  g   0.024  -0.063   0.013[0m
[1;32muart:~$ [m[8D[J[00:09:33.583,000] [0m<inf> imu: LSM6DSV16X   a   0.525  -6.085   8.298  g  -0.011   0.001  -0.003[0m
[1;32muart:~$ [m[8D[J[1;32muart:~$ [m[8D[J[00:09:33.583,000] [0m<inf> imu: ICM-42688-P  a   0.511  -6.286   7.685  g  -0.000  -0.006  -0.001[0m
[1;32muart:~$ [m[8D[J[1;32muart:~$ [m[8D[J[00:09:33.685,000] [0m<inf> imu: LSM6DS3TR-C  a   0.214  -6.224   7.959  g   0.024  -0.062   0.011[0m
[1;32muart:~$ [m[8D[J[00:09:33.685,000] [0m<inf> imu: LSM6DSV16X   a   0.526  -6.089   8.294  g  -0.011   0.002  -0.003[0m
[1;32muart:~$ [m[8D[J[1;32muart:~$ [m[8D[J[00:09:33.686,000] [0m<inf> imu: ICM-42688-P  a   0.522  -6.292   7.675  g   0.001  -0.006  -0.000[0m
[1;32muart:~$ [m[8D[J[00:09:33.787,000] [0m<inf> imu: LSM6DS3TR-C  a   0.219  -6.232   8.007  g   0.024  -0.062   0.013[0m
[1;32muart:~$ [m[8D[J[1;32muart:~$ [m[8D[J[00:09:33.788,000] [0m<inf> imu: LSM6DSV16X   a   0.520  -6.082   8.302  g  -0.011   0.002  -0.002[0m
[1;32muart:~$ [m[8D[J[00:09:33.788,000] [0m<inf> imu: ICM-42688-P  a   0.515  -6.296   7.690  g   0.000  -0.005  -0.001[0m
[1;32muart:~$ [m[8D[J[1;32muart:~$ [m[8D[J[00:09:33.889,000] [0m<inf> imu: LSM6DS3TR-C  a   0.215  -6.255   7.959  g   0.027  -0.063   0.014[0m
[1;32muart:~$ [m[8D[J[00:09:33.890,000] [0m<inf> imu: LSM6DSV16X   a   0.520  -6.075   8.305  g  -0.011   0.002  -0.003[0m
[1;32muart:~$ [m[8D[J[1;32muart:~$ [m[8D[J[00:09:33.891,000] [0m<inf> imu: ICM-42688-P  a   0.523  -6.287   7.705  g   0.001  -0.006  -0.001[0m
[1;32muart:~$ [m[8D[J[00:09:33.992,000] [0m<inf> imu: LSM6DS3TR-C  a   0.216  -6.231   7.971  g   0.024  -0.064   0.013[0m
[1;32muart:~$ [m[8D[J[00:09:33.992,000] [0m<inf> imu: LSM6DSV16X   a   0.524  -6.082   8.301  g  -0.012   0.001  -0.003[0m
[1;32muart:~$ [m[8D[J[1;32muart:~$ [m[8D[J[00:09:33.993,000] [0m<inf> imu: ICM-42688-P  a   0.524  -6.281   7.687  g   0.000  -0.005  -0.001[0m
[1;32muart:~$ [m[8D[J[00:09:34.095,000] [0m<inf> imu: LSM6DS3TR-C  a   0.200  -6.212   7.963  g   0.024  -0.062   0.013[0m
[1;32muart:~$ [m[8D[J[1;32muart:~$ [m[8D[J[00:09:34.096,000] [0m<inf> imu: LSM6DSV16X   a   0.519  -6.092   8.301  g  -0.012   0.002  -0.003[0m
[1;32muart:~$ [m[8D[J[00:09:34.096,000] [0m<inf> imu: ICM-42688-P  a   0.514  -6.296   7.687  g   0.001  -0.005  -0.001[0m
[1;32muart:~$ [m[8D[J[00:09:34.197,000] [0m<inf> imu: LSM6DS3TR-C  a   0.199  -6.227   7.947  g   0.025  -0.061   0.014[0m
[1;32muart:~$ [m[8D[J[1;32muart:~$ [m[8D[J[00:09:34.198,000] [0m<inf> imu: LSM6DSV16X   a   0.522  -6.082   8.301  g  -0.011   0.001  -0.003[0m
[1;32muart:~$ [m[8D[J[00:09:34.198,000] [0m<inf> imu: ICM-42688-P  a   0.515  -6.285   7.677  g   0.000  -0.006   0.000[0m
[1;32muart:~$ [m[8D[J[00:09:34.300,000] [0m<inf> imu: LSM6DS3TR-C  a   0.230  -6.239   7.962  g   0.024  -0.061   0.014[0m
[1;32muart:~$ [m[8D[J[00:09:34.300,000] [0m<inf> imu: LSM6DSV16X   a   0.526  -6.089   8.301  g  -0.011   0.002  -0.002[0m
[1;32muart:~$ [m[8D[J[1;32muart:~$ [m[8D[J[00:09:34.301,000] [0m<inf> imu: ICM-42688-P  a   0.524  -6.290   7.682  g   0.001  -0.005  -0.000[0m
[1;32muart:~$ [m[8D[J[1;32muart:~$ [m[8D[J[00:09:34.402,000] [0m<inf> imu: LSM6DS3TR-C  a   0.212  -6.236   7.969  g   0.026  -0.062   0.011[0m
[1;32muart:~$ [m[8D[J[00:09:34.403,000] [0m<inf> imu: LSM6DSV16X   a   0.525  -6.082   8.305  g  -0.012   0.002  -0.003[0m
[1;32muart:~$ [m[8D[J[1;32muart:~$ [m[8D[J[00:09:34.403,000] [0m<inf> imu: ICM-42688-P  a   0.517  -6.276   7.690  g   0.001  -0.006  -0.001[0m
[1;32muart:~$ [m[8D[J[00:09:34.504,000] [0m<inf> imu: LSM6DS3TR-C  a   0.200  -6.234   7.944  g   0.023  -0.062   0.012[0m
[1;32muart:~$ [m[8D[J[1;32muart:~$ [m[8D[J[00:09:34.505,000] [0m<inf> imu: LSM6DSV16X   a   0.526  -6.083   8.303  g  -0.010   0.002  -0.002[0m
[1;32muart:~$ [m[8D[J[00:09:34.506,000] [0m<inf> imu: ICM-42688-P  a   0.506  -6.279   7.691  g   0.001  -0.005  -0.000[0m
[1;32muart:~$ [m[8D[J[1;32muart:~$ [m[8D[J[00:09:34.607,000] [0m<inf> imu: LSM6DS3TR-C  a   0.221  -6.217   7.986  g   0.025  -0.063   0.012[0m
[1;32muart:~$ [m[8D[J[00:09:34.607,000] [0m<inf> imu: LSM6DSV16X   a   0.517  -6.084   8.308  g  -0.012   0.002  -0.002[0m
[1;32muart:~$ [m[8D[J[1;32muart:~$ [m[8D[J[00:09:34.608,000] [0m<inf> imu: ICM-42688-P  a   0.518  -6.285   7.684  g   0.001  -0.006  -0.001[0m
[1;32muart:~$ [m[8D[J[00:09:34.709,000] [0m<inf> imu: LSM6DS3TR-C  a   0.227  -6.256   7.960  g   0.024  -0.062   0.013[0m
[1;32muart:~$ [m[8D[J[00:09:34.710,000] [0m<inf> imu: LSM6DSV16X   a   0.524  -6.080   8.298  g  -0.011   0.001  -0.003[0m
[1;32muart:~$ [m[8D[J[1;32muart:~$ [m[8D[J[00:09:34.710,000] [0m<inf> imu: ICM-42688-P  a   0.521  -6.282   7.679  g   0.001  -0.006  -0.001[0m
[1;32muart:~$ [m[8D[J[00:09:34.812,000] [0m<inf> imu: LSM6DS3TR-C  a   0.227  -6.254   7.991  g   0.025  -0.064   0.012[0m
[1;32muart:~$ [m[8D[J[1;32muart:~$ [m[8D[J[00:09:34.813,000] [0m<inf> imu: LSM6DSV16X   a   0.524  -6.084   8.307  g  -0.013   0.002  -0.002[0m
[1;32muart:~$ [m[8D[J[00:09:34.813,000] [0m<inf> imu: ICM-42688-P  a   0.526  -6.288   7.678  g   0.001  -0.006  -0.001[0m
[1;32muart:~$ [m[8D[J[00:09:34.915,000] [0m<inf> imu: LSM6DS3TR-C  a   0.209  -6.226   7.951  g   0.023  -0.064   0.011[0m
[1;32muart:~$ [m[8D[J[1;32muart:~$ [m[8D[J[00:09:34.915,000] [0m<inf> imu: LSM6DSV16X   a   0.528  -6.083   8.294  g  -0.012   0.002  -0.003[0m
[1;32muart:~$ [m[8D[J[00:09:34.916,000] [0m<inf> imu: ICM-42688-P  a   0.512  -6.273   7.678  g   0.001  -0.005  -0.001[0m
[1;32muart:~$ [m[8D[J[00:09:35.017,000] [0m<inf> imu: LSM6DS3TR-C  a   0.230  -6.233   7.985  g   0.026  -0.063   0.013[0m
[1;32muart:~$ [m[8D[J[00:09:35.018,000] [0m<inf> imu: LSM6DSV16X   a   0.528  -6.083   8.305  g  -0.011   0.002  -0.003[0m
[1;32muart:~$ [m[8D[J[1;32muart:~$ [m[8D[J[00:09:35.018,000] [0m<inf> imu: ICM-42688-P  a   0.527  -6.288   7.682  g   0.001  -0.005  -0.001[0m
[1;32muart:~$ [m[8D[J[1;32muart:~$ [m[8D[J[00:09:35.119,000] [0m<inf> imu: LSM6DS3TR-C  a   0.203  -6.236   7.941  g   0.024  -0.060   0.012[0m
[1;32muart:~$ [m[8D[J[00:09:35.120,000] [0m<inf> imu: LSM6DSV16X   a   0.522  -6.078   8.305  g  -0.012   0.002  -0.002[0m
[1;32muart:~$ [m[8D[J[1;32muart:~$ [m[8D[J[00:09:35.120,000] [0m<inf> imu: ICM-42688-P  a   0.526  -6.290   7.691  g   0.001  -0.005  -0.001[0m
[1;32muart:~$ [m[8D[J[00:09:35.221,000] [0m<inf> imu: LSM6DS3TR-C  a   0.211  -6.253   7.936  g   0.025  -0.061   0.013[0m
[1;32muart:~$ [m[8D[J[1;32muart:~$ [m[8D[J[00:09:35.222,000] [0m<inf> imu: LSM6DSV16X   a   0.519  -6.087   8.307  g  -0.010   0.002  -0.003[0m
[1;32muart:~$ [m[8D[J[00:09:35.223,000] [0m<inf> imu: ICM-42688-P  a   0.521  -6.286   7.669  g   0.001  -0.006  -0.001[0m
[1;32muart:~$ [m[8D[J[1;32muart:~$ [m[8D[J[00:09:35.324,000] [0m<inf> imu: LSM6DS3TR-C  a   0.233  -6.208   7.926  g   0.023  -0.062   0.011[0m
[1;32muart:~$ [m[8D[J[00:09:35.324,000] [0m<inf> imu: LSM6DSV16X   a   0.529  -6.083   8.294  g  -0.012   0.002  -0.002[0m
[1;32muart:~$ [m[8D[J[1;32muart:~$ [m[8D[J[00:09:35.325,000] [0m<inf> imu: ICM-42688-P  a   0.517  -6.288   7.673  g   0.001  -0.005   0.000[0m
[1;32muart:~$ [m[8D[J[00:09:35.426,000] [0m<inf> imu: LSM6DS3TR-C  a   0.254  -6.264   7.953  g   0.024  -0.061   0.013[0m
[1;32muart:~$ [m[8D[J[00:09:35.427,000] [0m<inf> imu: LSM6DSV16X   a   0.516  -6.087   8.298  g  -0.013   0.002  -0.002[0m
[1;32muart:~$ [m[8D[J[1;32muart:~$ [m[8D[J[00:09:35.427,000] [0m<inf> imu: ICM-42688-P  a   0.509  -6.280   7.682  g   0.001  -0.006   0.000[0m
[1;32muart:~$ [m[8D[J[00:09:35.529,000] [0m<inf> imu: LSM6DS3TR-C  a   0.225  -6.272   7.932  g   0.023  -0.063   0.014[0m
[1;32muart:~$ [m[8D[J[00:09:35.531,000] [0m<inf> imu: LSM6DSV16X   a   0.522  -6.082   8.313  g  -0.011   0.002  -0.003[0m
[1;32muart:~$ [m[8D[J[1;32muart:~$ [m[8D[J[00:09:35.531,000] [0m<inf> imu: ICM-42688-P  a   0.517  -6.281   7.684  g   0.000  -0.006  -0.001[0m
[1;32muart:~$ [m[8D[J[00:09:35.632,000] [0m<inf> imu: LSM6DS3TR-C  a   0.211  -6.237   7.970  g   0.024  -0.062   0.013[0m
[1;32muart:~$ [m[8D[J[1;32muart:~$ [m[8D[J[00:09:35.633,000] [0m<inf> imu: LSM6DSV16X   a   0.525  -6.087   8.303  g  -0.011   0.002  -0.003[0m
[1;32muart:~$ [m[8D[J[00:09:35.633,000] [0m<inf> imu: ICM-42688-P  a   0.504  -6.287   7.670  g   0.000  -0.005  -0.000[0m
[1;32muart:~$ [m[8D[J[1;32muart:~$ [m[8D[J[00:09:35.734,000] [0m<inf> imu: LSM6DS3TR-C  a   0.230  -6.219   7.994  g   0.024  -0.063   0.012[0m
[1;32muart:~$ [m[8D[J[00:09:35.736,000] [0m<inf> imu: LSM6DSV16X   a   0.516  -6.084   8.302  g  -0.011   0.001  -0.003[0m
[1;32muart:~$ [m[8D[J[1;32muart:~$ [m[8D[J[00:09:35.737,000] [0m<inf> imu: ICM-42688-P  a   0.503  -6.296   7.670  g   0.001  -0.005  -0.001[0m
[1;32muart:~$ [m[8D[J[00:09:35.838,000] [0m<inf> imu: LSM6DS3TR-C  a   0.208  -6.225   7.940  g   0.024  -0.062   0.013[0m
[1;32muart:~$ [m[8D[J[1;32muart:~$ [m[8D[J[00:09:35.839,000] [0m<inf> imu: LSM6DSV16X   a   0.525  -6.088   8.303  g  -0.012   0.002  -0.002[0m
[1;32muart:~$ [m[8D[J[00:09:35.839,000] [0m<inf> imu: ICM-42688-P  a   0.520  -6.285   7.684  g   0.001  -0.006  -0.001[0m
[1;32muart:~$ [m[8D[J[1;32muart:~$ [m[8D[J[00:09:35.940,000] [0m<inf> imu: LSM6DS3TR-C  a   0.231  -6.263   7.980  g   0.024  -0.062   0.013[0m
[1;32muart:~$ [m[8D[J[00:09:35.941,000] [0m<inf> imu: LSM6DSV16X   a   0.526  -6.092   8.299  g  -0.011   0.002  -0.002[0m
[1;32muart:~$ [m[8D[J[1;32muart:~$ [m[8D[J[00:09:35.941,000] [0m<inf> imu: ICM-42688-P  a   0.512  -6.290   7.677  g   0.001  -0.005  -0.000[0m
[1;32muart:~$ [m[8D[J[00:09:36.042,000] [0m<inf> imu: LSM6DS3TR-C  a   0.222  -6.220   8.001  g   0.024  -0.062   0.012[0m
[1;32muart:~$ [m[8D[J[00:09:36.043,000] [0m<inf> imu: LSM6DSV16X   a   0.526  -6.083   8.297  g  -0.010   0.001  -0.003[0m
[1;32muart:~$ [m[8D[J[1;32muart:~$ [m[8D[J[00:09:36.044,000] [0m<inf> imu: ICM-42688-P  a   0.510  -6.298   7.688  g   0.001  -0.006  -0.001[0m
[1;32muart:~$ [m[8D[J[00:09:36.145,000] [0m<inf> imu: LSM6DS3TR-C  a   0.222  -6.279   7.911  g   0.025  -0.063   0.013[0m
[1;32muart:~$ [m[8D[J[1;32muart:~$ [m[8D[J[00:09:36.146,000] [0m<inf> imu: LSM6DSV16X   a   0.524  -6.085   8.301  g  -0.012   0.003  -0.003[0m
[1;32muart:~$ [m[8D[J[00:09:36.146,000] [0m<inf> imu: ICM-42688-P  a   0.504  -6.302   7.673  g   0.001  -0.006  -0.001[0m
[1;32muart:~$ [m[8D[J[00:09:36.248,000] [0m<inf> imu: LSM6DS3TR-C  a   0.256  -6.239   7.973  g   0.023  -0.061   0.011[0m
[1;32muart:~$ [m[8D[J[1;32muart:~$ [m[8D[J[00:09:36.248,000] [0m<inf> imu: LSM6DSV16X   a   0.522  -6.093   8.305  g  -0.011   0.002  -0.002[0m
[1;32muart:~$ [m[8D[J[00:09:36.249,000] [0m<inf> imu: ICM-42688-P  a   0.518  -6.292   7.690  g   0.001  -0.006  -0.002[0m
[1;32muart:~$ [m[8D[J[00:09:36.350,000] [0m<inf> imu: LSM6DS3TR-C  a   0.213  -6.230   7.953  g   0.021  -0.061   0.013[0m
[1;32muart:~$ [m[8D[J[00:09:36.351,000] [0m<inf> imu: LSM6DSV16X   a   0.522  -6.083   8.302  g  -0.011   0.003  -0.003[0m
[1;32muart:~$ [m[8D[J[1;32muart:~$ [m[8D[J[00:09:36.351,000] [0m<inf> imu: ICM-42688-P  a   0.521  -6.285   7.669  g   0.001  -0.005  -0.001[0m
[1;32muart:~$ [m[8D[J[1;32muart:~$ [m[8D[J[00:09:36.452,000] [0m<inf> imu: LSM6DS3TR-C  a   0.233  -6.237   7.959  g   0.024  -0.063   0.010[0m
[1;32muart:~$ [m[8D[J[00:09:36.453,000] [0m<inf> imu: LSM6DSV16X   a   0.521  -6.083   8.316  g  -0.012   0.001  -0.003[0m
[1;32muart:~$ [m[8D[J[1;32muart:~$ [m[8D[J[00:09:36.453,000] [0m<inf> imu: ICM-42688-P  a   0.511  -6.293   7.681  g  -0.000  -0.005  -0.001[0m
[1;32muart:~$ [m[8D[J[00:09:36.555,000] [0m<inf> imu: LSM6DS3TR-C  a   0.226  -6.221   7.988  g   0.024  -0.062   0.011[0m
[1;32muart:~$ [m[8D[J[1;32muart:~$ [m[8D[J[00:09:36.555,000] [0m<inf> imu: LSM6DSV16X   a   0.517  -6.087   8.301  g  -0.012   0.002  -0.003[0m
[1;32muart:~$ [m[8D[J[00:09:36.556,000] [0m<inf> imu: ICM-42688-P  a   0.518  -6.281   7.691  g   0.000  -0.005   0.000[0m
[1;32muart:~$ [m[8D[J[1;32muart:~$ [m[8D[J[00:09:36.657,000] [0m<inf> imu: LSM6DS3TR-C  a   0.224  -6.229   7.958  g   0.024  -0.060   0.012[0m
[1;32muart:~$ [m[8D[J[00:09:36.658,000] [0m<inf> imu: LSM6DSV16X   a   0.524  -6.082   8.312  g  -0.011   0.002  -0.003[0m
[1;32muart:~$ [m[8D[J[1;32muart:~$ [m[8D[J[00:09:36.658,000] [0m<inf> imu: ICM-42688-P  a   0.512  -6.286   7.687  g   0.001  -0.006  -0.001[0m
[1;32muart:~$ [m[8D[J[00:09:36.759,000] [0m<inf> imu: LSM6DS3TR-C  a   0.213  -6.221   7.945  g   0.025  -0.062   0.011[0m
[1;32muart:~$ [m[8D[J[00:09:36.760,000] [0m<inf> imu: LSM6DSV16X   a   0.522  -6.085   8.294  g  -0.011   0.002  -0.003[0m
[1;32muart:~$ [m[8D[J[1;32muart:~$ [m[8D[J[00:09:36.760,000] [0m<inf> imu: ICM-42688-P  a   0.518  -6.293   7.671  g  -0.001  -0.005   0.000[0m
[1;32muart:~$ [m[8D[J[00:09:36.863,000] [0m<inf> imu: LSM6DS3TR-C  a   0.204  -6.236   7.999  g   0.023  -0.061   0.011[0m
[1;32muart:~$ [m[8D[J[1;32muart:~$ [m[8D[J[00:09:36.863,000] [0m<inf> imu: LSM6DSV16X   a   0.524  -6.074   8.302  g  -0.011   0.002  -0.003[0m
[1;32muart:~$ [m[8D[J[00:09:36.864,000] [0m<inf> imu: ICM-42688-P  a   0.509  -6.290   7.682  g   0.001  -0.006  -0.000[0m
[1;32muart:~$ [m[8D[J[00:09:36.965,000] [0m<inf> imu: LSM6DS3TR-C  a   0.240  -6.245   7.924  g   0.027  -0.063   0.012[0m
[1;32muart:~$ [m[8D[J[1;32muart:~$ [m[8D[J[00:09:36.966,000] [0m<inf> imu: LSM6DSV16X   a   0.521  -6.087   8.302  g  -0.012   0.002  -0.003[0m
[1;32muart:~$ [m[8D[J[00:09:36.966,000] [0m<inf> imu: ICM-42688-P  a   0.521  -6.276   7.678  g   0.000  -0.005  -0.001[0m
[1;32muart:~$ [m[8D[J[00:09:37.067,000] [0m<inf> imu: LSM6DS3TR-C  a   0.217  -6.213   7.984  g   0.022  -0.064   0.013[0m
[1;32muart:~$ [m[8D[J[1;32muart:~$ [m[8D[J[00:09:37.068,000] [0m<inf> imu: LSM6DSV16X   a   0.524  -6.083   8.305  g  -0.012   0.002  -0.003[0m
[1;32muart:~$ [m[8D[J[00:09:37.069,000] [0m<inf> imu: ICM-42688-P  a   0.517  -6.292   7.673  g   0.000  -0.005   0.001[0m
[1;32muart:~$ [m[8D[J[1;32muart:~$ [m[8D[J[00:09:37.170,000] [0m<inf> imu: LSM6DS3TR-C  a   0.223  -6.252   7.980  g   0.024  -0.062   0.012[0m
[1;32muart:~$ [m[8D[J[00:09:37.170,000] [0m<inf> imu: LSM6DSV16X   a   0.525  -6.082   8.298  g  -0.010   0.002  -0.002[0m
[1;32muart:~$ [m[8D[J[1;32muart:~$ [m[8D[J[00:09:37.171,000] [0m<inf> imu: ICM-42688-P  a   0.514  -6.288   7.679  g  -0.000  -0.006  -0.000[0m
[1;32muart:~$ [m[8D[J[00:09:37.272,000] [0m<inf> imu: LSM6DS3TR-C  a   0.221  -6.223   7.950  g   0.024  -0.063   0.012[0m
[1;32muart:~$ [m[8D[J[1;32muart:~$ [m[8D[J[00:09:37.273,000] [0m<inf> imu: LSM6DSV16X   a   0.526  -6.083   8.310  g  -0.012   0.001  -0.002[0m
[1;32muart:~$ [m[8D[J[00:09:37.273,000] [0m<inf> imu: ICM-42688-P  a   0.518  -6.288   7.669  g   0.000  -0.006  -0.001[0m
[1;32muart:~$ [m[8D[J[1;32muart:~$ [m[8D[J[00:09:37.374,000] [0m<inf> imu: LSM6DS3TR-C  a   0.175  -6.210   7.979  g   0.023  -0.062   0.011[0m
[1;32muart:~$ [m[8D[J[00:09:37.375,000] [0m<inf> imu: LSM6DSV16X   a   0.517  -6.085   8.298  g  -0.011   0.002  -0.002[0m
[1;32muart:~$ [m[8D[J[1;32muart:~$ [m[8D[J[00:09:37.375,000] [0m<inf> imu: ICM-42688-P  a   0.526  -6.292   7.694  g   0.000  -0.005  -0.001[0m
[1;32muart:~$ [m[8D[J[00:09:37.477,000] [0m<inf> imu: LSM6DS3TR-C  a   0.230  -6.266   7.983  g   0.025  -0.061   0.012[0m
[1;32muart:~$ [m[8D[J[00:09:37.477,000] [0m<inf> imu: LSM6DSV16X   a   0.521  -6.085   8.301  g  -0.011   0.002  -0.003[0m
[1;32muart:~$ [m[8D[J[1;32muart:~$ [m[8D[J[00:09:37.478,000] [0m<inf> imu: ICM-42688-P  a   0.514  -6.299   7.658  g  -0.000  -0.006   0.000[0m
[1;32muart:~$ [m[8D[J[00:09:37.580,000] [0m<inf> imu: LSM6DS3TR-C  a   0.243  -6.218   7.995  g   0.024  -0.062   0.011[0m
[1;32muart:~$ [m[8D[J[1;32muart:~$ [m[8D[J[00:09:37.581,000] [0m<inf> imu: LSM6DSV16X   a   0.522  -6.082   8.293  g  -0.011   0.002  -0.003[0m
[1;32muart:~$ [m[8D[J[00:09:37.581,000] [0m<inf> imu: ICM-42688-P  a   0.512  -6.298   7.684  g   0.000  -0.005  -0.000[0m
[1;32muart:~$ [m[8D[J[00:09:37.683,000] [0m<inf> imu: LSM6DS3TR-C  a   0.214  -6.233   7.956  g   0.027  -0.063   0.011[0m
[1;32muart:~$ [m[8D[J[1;32muart:~$ [m[8D[J[00:09:37.683,000] [0m<inf> imu: LSM6DSV16X   a   0.522  -6.089   8.301  g  -0.011   0.002  -0.003[0m
[1;32muart:~$ [m[8D[J[00:09:37.684,000] [0m<inf> imu: ICM-42688-P  a   0.517  -6.294   7.683  g  -0.001  -0.006  -0.000[0m
[1;32muart:~$ [m[8D[J[00:09:37.785,000] [0m<inf> imu: LSM6DS3TR-C  a   0.223  -6.242   7.983  g   0.024  -0.062   0.012[0m
[1;32muart:~$ [m[8D[J[00:09:37.786,000] [0m<inf> imu: LSM6DSV16X   a   0.524  -6.087   8.299  g  -0.012   0.002  -0.002[0m
[1;32muart:~$ [m[8D[J[1;32muart:~$ [m[8D[J[00:09:37.786,000] [0m<inf> imu: ICM-42688-P  a   0.517  -6.282   7.660  g   0.001  -0.006  -0.001[0m
[1;32muart:~$ [m[8D[J[1;32muart:~$ [m[8D[J[00:09:37.887,000] [0m<inf> imu: LSM6DS3TR-C  a   0.212  -6.232   7.942  g   0.024  -0.060   0.011[0m
[1;32muart:~$ [m[8D[J[00:09:37.888,000] [0m<inf> imu: LSM6DSV16X   a   0.522  -6.089   8.310  g  -0.011   0.001  -0.003[0m
[1;32muart:~$ [m[8D[J[1;32muart:~$ [m[8D[J[00:09:37.888,000] [0m<inf> imu: ICM-42688-P  a   0.509  -6.276   7.672  g   0.000  -0.006   0.000[0m
[1;32muart:~$ [m[8D[J[00:09:37.989,000] [0m<inf> imu: LSM6DS3TR-C  a   0.212  -6.240   7.960  g   0.025  -0.063   0.014[0m
[1;32muart:~$ [m[8D[J[1;32muart:~$ [m[8D[J[00:09:37.990,000] [0m<inf> imu: LSM6DSV16X   a   0.519  -6.084   8.297  g  -0.012   0.003  -0.002[0m
[1;32muart:~$ [m[8D[J[00:09:37.991,000] [0m<inf> imu: ICM-42688-P  a   0.505  -6.293   7.691  g   0.000  -0.006   0.000[0m
[1;32muart:~$ [m[8D[J[1;32muart:~$ [m[8D[J[00:09:38.092,000] [0m<inf> imu: LSM6DS3TR-C  a   0.192  -6.227   7.982  g   0.024  -0.064   0.014[0m
[1;32muart:~$ [m[8D[J[00:09:38.093,000] [0m<inf> imu: LSM6DSV16X   a   0.522  -6.078   8.295  g  -0.012   0.003  -0.002[0m
[1;32muart:~$ [m[8D[J[1;32muart:~$ [m[8D[J[00:09:38.093,000] [0m<inf> imu: ICM-42688-P  a   0.516  -6.274   7.682  g   0.001  -0.005  -0.000[0m
[1;32muart:~$ [m[8D[J[00:09:38.194,000] [0m<inf> imu: LSM6DS3TR-C  a   0.231  -6.233   7.987  g   0.025  -0.062   0.012[0m
[1;32muart:~$ [m[8D[J[00:09:38.195,000] [0m<inf> imu: LSM6DSV16X   a   0.526  -6.081   8.294  g  -0.011   0.003  -0.002[0m
[1;32muart:~$ [m[8D[J[1;32muart:~$ [m[8D[J[00:09:38.195,000] [0m<inf> imu: ICM-42688-P  a   0.515  -6.278   7.690  g   0.001  -0.005  -0.001[0m
[1;32muart:~$ [m[8D[J[00:09:38.297,000] [0m<inf> imu: LSM6DS3TR-C  a   0.226  -6.258   7.971  g   0.025  -0.062   0.012[0m
[1;32muart:~$ [m[8D[J[1;32muart:~$ [m[8D[J[00:09:38.298,000] [0m<inf> imu: LSM6DSV16X   a   0.531  -6.085   8.300  g  -0.012   0.002  -0.003[0m
[1;32muart:~$ [m[8D[J[00:09:38.299,000] [0m<inf> imu: ICM-42688-P  a   0.520  -6.284   7.682  g   0.001  -0.006   0.000[0m
[1;32muart:~$ [m[8D[J[00:09:38.400,000] [0m<inf> imu: LSM6DS3TR-C  a   0.232  -6.226   7.972  g   0.025  -0.065   0.012[0m
[1;32muart:~$ [m[8D[J[1;32muart:~$ [m[8D[J[00:09:38.401,000] [0m<inf> imu: LSM6DSV16X   a   0.519  -6.085   8.304  g  -0.011   0.002  -0.003[0m
[1;32muart:~$ [m[8D[J[00:09:38.401,000] [0m<inf> imu: ICM-42688-P  a   0.509  -6.294   7.687  g   0.000  -0.005   0.001[0m
[1;32muart:~$ [m[8D[J[00:09:38.502,000] [0m<inf> imu: LSM6DS3TR-C  a   0.194  -6.225   7.968  g   0.026  -0.065   0.012[0m
[1;32muart:~$ [m[8D[J[00:09:38.503,000] [0m<inf> imu: LSM6DSV16X   a   0.524  -6.084   8.292  g  -0.010   0.003  -0.002[0m
[1;32muart:~$ [m[8D[J[1;32muart:~$ [m[8D[J[00:09:38.503,000] [0m<inf> imu: ICM-42688-P  a   0.506  -6.288   7.672  g   0.001  -0.006   0.000[0m
[1;32muart:~$ [m[8D[J[1;32muart:~$ [m[8D[J[00:09:38.604,000] [0m<inf> imu: LSM6DS3TR-C  a   0.196  -6.247   7.989  g   0.024  -0.063   0.011[0m
[1;32muart:~$ [m[8D[J[00:09:38.605,000] [0m<inf> imu: LSM6DSV16X   a   0.522  -6.092   8.303  g  -0.011   0.003  -0.003[0m
[1;32muart:~$ [m[8D[J[1;32muart:~$ [m[8D[J[00:09:38.606,000] [0m<inf> imu: ICM-42688-P  a   0.517  -6.281   7.688  g   0.001  -0.006  -0.001[0m
[1;32muart:~$ [m[8D[J[00:09:38.707,000] [0m<inf> imu: LSM6DS3TR-C  a   0.230  -6.230   7.989  g   0.024  -0.062   0.013[0m
[1;32muart:~$ [m[8D[J[1;32muart:~$ [m[8D[J[00:09:38.708,000] [0m<inf> imu: LSM6DSV16X   a   0.527  -6.085   8.294  g  -0.011   0.002  -0.003[0m
[1;32muart:~$ [m[8D[J[00:09:38.708,000] [0m<inf> imu: ICM-42688-P  a   0.520  -6.286   7.671  g   0.000  -0.005  -0.000[0m
[1;32muart:~$ [m[8D[J[1;32muart:~$ [m[8D[J[00:09:38.809,000] [0m<inf> imu: LSM6DS3TR-C  a   0.229  -6.242   7.981  g   0.027  -0.063   0.012[0m
[1;32muart:~$ [m[8D[J[00:09:38.810,000] [0m<inf> imu: LSM6DSV16X   a   0.526  -6.088   8.296  g  -0.011   0.002  -0.003[0m
[1;32muart:~$ [m[8D[J[1;32muart:~$ [m[8D[J[00:09:38.811,000] [0m<inf> imu: ICM-42688-P  a   0.502  -6.293   7.675  g  -0.000  -0.006  -0.001[0m
[1;32muart:~$ [m[8D[J[00:09:38.912,000] [0m<inf> imu: LSM6DS3TR-C  a   0.257  -6.241   7.955  g   0.026  -0.063   0.010[0m
[1;32muart:~$ [m[8D[J[00:09:38.912,000] [0m<inf> imu: LSM6DSV16X   a   0.528  -6.090   8.299  g  -0.012   0.002  -0.002[0m
[1;32muart:~$ [m[8D[J[1;32muart:~$ [m[8D[J[00:09:38.913,000] [0m<inf> imu: ICM-42688-P  a   0.521  -6.290   7.688  g   0.001  -0.005   0.000[0m
[1;32muart:~$ [m[8D[J[00:09:39.014,000] [0m<inf> imu: LSM6DS3TR-C  a   0.240  -6.220   7.941  g   0.024  -0.062   0.011[0m
[1;32muart:~$ [m[8D[J[1;32muart:~$ [m[8D[J[00:09:39.015,000] [0m<inf> imu: LSM6DSV16X   a   0.526  -6.086   8.289  g  -0.012   0.002  -0.003[0m
[1;32muart:~$ [m[8D[J[00:09:39.016,000] [0m<inf> imu: ICM-42688-P  a   0.504  -6.284   7.670  g  -0.000  -0.006  -0.000[0m
[1;32muart:~$ [m[8D[J[00:09:39.117,000] [0m<inf> imu: LSM6DS3TR-C  a   0.219  -6.228   7.953  g   0.024  -0.061   0.012[0m
[1;32muart:~$ [m[8D[J[1;32muart:~$ [m[8D[J[00:09:39.117,000] [0m<inf> imu: LSM6DSV16X   a   0.522  -6.085   8.295  g  -0.011   0.002  -0.003[0m
[1;32muart:~$ [m[8D[J[00:09:39.118,000] [0m<inf> imu: ICM-42688-P  a   0.508  -6.285   7.682  g   0.001  -0.005   0.000[0m
[1;32muart:~$ [m[8D[J[00:09:39.219,000] [0m<inf> imu: LSM6DS3TR-C  a   0.212  -6.227   7.980  g   0.023  -0.062   0.010[0m
[1;32muart:~$ [m[8D[J[00:09:39.220,000] [0m<inf> imu: LSM6DSV16X   a   0.523  -6.089   8.279  g  -0.011   0.002  -0.003[0m
[1;32muart:~$ [m[8D[J[1;32muart:~$ [m[8D[J[00:09:39.220,000] [0m<inf> imu: ICM-42688-P  a   0.514  -6.304   7.691  g  -0.000  -0.006  -0.001[0m
[1;32muart:~$ [m[8D[J[1;32muart:~$ [m[8D[J[00:09:39.321,000] [0m<inf> imu: LSM6DS3TR-C  a   0.226  -6.258   7.965  g   0.024  -0.063   0.011[0m
[1;32muart:~$ [m[8D[J[00:09:39.322,000] [0m<inf> imu: LSM6DSV16X   a   0.522  -6.086   8.298  g  -0.011   0.002  -0.003[0m
[1;32muart:~$ [m[8D[J[1;32muart:~$ [m[8D[J[00:09:39.322,000] [0m<inf> imu: ICM-42688-P  a   0.518  -6.288   7.679  g   0.001  -0.006  -0.001[0m
[1;32muart:~$ [m[8D[J[00:09:39.424,000] [0m<inf> imu: LSM6DS3TR-C  a   0.205  -6.245   7.955  g   0.024  -0.061   0.012[0m
[1;32muart:~$ [m[8D[J[1;32muart:~$ [m[8D[J[00:09:39.424,000] [0m<inf> imu: LSM6DSV16X   a   0.522  -6.076   8.296  g  -0.011   0.002  -0.003[0m
[1;32muart:~$ [m[8D[J[00:09:39.425,000] [0m<inf> imu: ICM-42688-P  a   0.509  -6.290   7.665  g   0.001  -0.005  -0.001[0m
[1;32muart:~$ [m[8D[J[1;32muart:~$ [m[8D[J[00:09:39.526,000] [0m<inf> imu: LSM6DS3TR-C  a   0.236  -6.200   7.979  g   0.024  -0.062   0.012[0m
[1;32muart:~$ [m[8D[J[00:09:39.527,000] [0m<inf> imu: LSM6DSV16X   a   0.517  -6.090   8.298  g  -0.012   0.003  -0.002[0m
[1;32muart:~$ [m[8D[J[1;32muart:~$ [m[8D[J[00:09:39.527,000] [0m<inf> imu: ICM-42688-P  a   0.512  -6.304   7.673  g  -0.001  -0.005   0.000[0m
[1;32muart:~$ [m[8D[J[00:09:39.628,000] [0m<inf> imu: LSM6DS3TR-C  a   0.203  -6.263   7.987  g   0.023  -0.061   0.011[0m
[1;32muart:~$ [m[8D[J[00:09:39.629,000] [0m<inf> imu: LSM6DSV16X   a   0.521  -6.088   8.301  g  -0.011   0.002  -0.003[0m
[1;32muart:~$ [m[8D[J[1;32muart:~$ [m[8D[J[00:09:39.629,000] [0m<inf> imu: ICM-42688-P  a   0.522  -6.285   7.661  g   0.000  -0.006  -0.001[0m
[1;32muart:~$ [m[8D[J[00:09:39.731,000] [0m<inf> imu: LSM6DS3TR-C  a   0.210  -6.225   7.977  g   0.024  -0.061   0.013[0m
[1;32muart:~$ [m[8D[J[1;32muart:~$ [m[8D[J[00:09:39.732,000] [0m<inf> imu: LSM6DSV16X   a   0.526  -6.087   8.291  g  -0.011   0.003  -0.002[0m
[1;32muart:~$ [m[8D[J[00:09:39.733,000] [0m<inf> imu: ICM-42688-P  a   0.512  -6.292   7.687  g   0.001  -0.005  -0.001[0m
[1;32muart:~$ [m[8D[J[00:09:39.834,000] [0m<inf> imu: LSM6DS3TR-C  a   0.238  -6.201   7.994  g   0.022  -0.062   0.009[0m
[1;32muart:~$ [m[8D[J[1;32muart:~$ [m[8D[J[00:09:39.835,000] [0m<inf> imu: LSM6DSV16X   a   0.520  -6.086   8.301  g  -0.012   0.002  -0.003[0m
[1;32muart:~$ [m[8D[J[00:09:39.835,000] [0m<inf> imu: ICM-42688-P  a   0.503  -6.276   7.687  g   0.000  -0.005  -0.001[0m
[1;32muart:~$ [m[8D[J[00:09:39.936,000] [0m<inf> imu: LSM6DS3TR-C  a   0.251  -6.218   7.975  g   0.025  -0.061   0.010[0m
[1;32muart:~$ [m[8D[J[00:09:39.937,000] [0m<inf> imu: LSM6DSV16X   a   0.522  -6.087   8.284  g  -0.011   0.002  -0.003[0m
[1;32muart:~$ [m[8D[J[1;32muart:~$ [m[8D[J[00:09:39.937,000] [0m<inf> imu: ICM-42688-P  a   0.506  -6.291   7.670  g   0.000  -0.006   0.000[0m
[1;32muart:~$ [m[8D[J[1;32muart:~$ [m[8D[J[00:09:40.039,000] [0m<inf> imu: LSM6DS3TR-C  a   0.212  -6.222   7.978  g   0.024  -0.061   0.013[0m
[1;32muart:~$ [m[8D[J[00:09:40.039,000] [0m<inf> imu: LSM6DSV16X   a   0.526  -6.083   8.289  g  -0.012   0.002  -0.002[0m
[1;32muart:~$ [m[8D[J[1;32muart:~$ [m[8D[J[00:09:40.040,000] [0m<inf> imu: ICM-42688-P  a   0.515  -6.282   7.687  g   0.001  -0.006  -0.001[0m
[1;32muart:~$ [m[8D[J[00:09:40.141,000] [0m<inf> imu: LSM6DS3TR-C  a   0.205  -6.227   8.006  g   0.025  -0.063   0.013[0m
[1;32muart:~$ [m[8D[J[1;32muart:~$ [m[8D[J[00:09:40.142,000] [0m<inf> imu: LSM6DSV16X   a   0.519  -6.082   8.294  g  -0.012   0.002  -0.003[0m
[1;32muart:~$ [m[8D[J[00:09:40.142,000] [0m<inf> imu: ICM-42688-P  a   0.511  -6.298   7.687  g   0.000  -0.006  -0.000[0m
[1;32muart:~$ [m[8D[J[1;32muart:~$ [m[8D[J[00:09:40.243,000] [0m<inf> imu: LSM6DS3TR-C  a   0.222  -6.251   7.968  g   0.024  -0.061   0.013[0m
[1;32muart:~$ [m[8D[J[00:09:40.244,000] [0m<inf> imu: LSM6DSV16X   a   0.522  -6.083   8.295  g  -0.012   0.002  -0.003[0m
[1;32muart:~$ [m[8D[J[1;32muart:~$ [m[8D[J[00:09:40.244,000] [0m<inf> imu: ICM-42688-P  a   0.522  -6.290   7.676  g   0.000  -0.005   0.000[0m
[1;32muart:~$ [m[8D[J[00:09:40.345,000] [0m<inf> imu: LSM6DS3TR-C  a   0.216  -6.221   7.981  g   0.024  -0.061   0.014[0m
[1;32muart:~$ [m[8D[J[00:09:40.346,000] [0m<inf> imu: LSM6DSV16X   a   0.522  -6.085   8.306  g  -0.011   0.002  -0.002[0m
[1;32muart:~$ [m[8D[J[1;32muart:~$ [m[8D[J[00:09:40.347,000] [0m<inf> imu: ICM-42688-P  a   0.521  -6.282   7.678  g   0.001  -0.005  -0.001[0m
[1;32muart:~$ [m[8D[J[00:09:40.448,000] [0m<inf> imu: LSM6DS3TR-C  a   0.238  -6.215   7.967  g   0.025  -0.064   0.013[0m
[1;32muart:~$ [m[8D[J[00:09:40.450,000] [0m<inf> imu: LSM6DSV16X   a   0.529  -6.078   8.291  g  -0.011   0.002  -0.003[0m
[1;32muart:~$ [m[8D[J[1;32muart:~$ [m[8D[J[00:09:40.450,000] [0m<inf> imu: ICM-42688-P  a   0.518  -6.279   7.681  g   0.001  -0.006  -0.001[0m
[1;32muart:~$ [m[8D[J[00:09:40.552,000] [0m<inf> imu: LSM6DS3TR-C  a   0.217  -6.215   7.950  g   0.023  -0.061   0.012[0m
[1;32muart:~$ [m[8D[J[1;32muart:~$ [m[8D[J[00:09:40.552,000] [0m<inf> imu: LSM6DSV16X   a   0.521  -6.087   8.298  g  -0.012   0.003  -0.003[0m
[1;32muart:~$ [m[8D[J[00:09:40.553,000] [0m<inf> imu: ICM-42688-P  a   0.522  -6.287   7.665  g   0.001  -0.006   0.000[0m
[1;32muart:~$ [m[8D[J[1;32muart:~$ [m[8D[J[00:09:40.654,000] [0m<inf> imu: LSM6DS3TR-C  a   0.239  -6.206   7.946  g   0.025  -0.062   0.013[0m
[1;32muart:~$ [m[8D[J[00:09:40.655,000] [0m<inf> imu: LSM6DSV16X   a   0.522  -6.078   8.304  g  -0.011   0.002  -0.002[0m
[1;32muart:~$ [m[8D[J[1;32muart:~$ [m[8D[J[00:09:40.656,000] [0m<inf> imu: ICM-42688-P  a   0.527  -6.287   7.677  g   0.000  -0.005  -0.001[0m
[1;32muart:~$ [m[8D[J[00:09:40.757,000] [0m<inf> imu: LSM6DS3TR-C  a   0.230  -6.249   7.972  g   0.024  -0.062   0.013[0m
[1;32muart:~$ [m[8D[J[1;32muart:~$ [m[8D[J[00:09:40.758,000] [0m<inf> imu: LSM6DSV16X   a   0.519  -6.085   8.308  g  -0.012   0.002  -0.002[0m
[1;32muart:~$ [m[8D[J[00:09:40.758,000] [0m<inf> imu: ICM-42688-P  a   0.509  -6.294   7.689  g   0.000  -0.005  -0.001[0m
[1;32muart:~$ [m[8D[J[1;32muart:~$ [m[8D[J[00:09:40.859,000] [0m<inf> imu: LSM6DS3TR-C  a   0.221  -6.229   7.956  g   0.024  -0.062   0.011[0m
[1;32muart:~$ [m[8D[J[00:09:40.860,000] [0m<inf> imu: LSM6DSV16X   a   0.523  -6.086   8.305  g  -0.012   0.002  -0.003[0m
[1;32muart:~$ [m[8D[J[1;32muart:~$ [m[8D[J[00:09:40.861,000] [0m<inf> imu: ICM-42688-P  a   0.526  -6.276   7.684  g   0.001  -0.005  -0.000[0m
[1;32muart:~$ [m[8D[J[00:09:40.962,000] [0m<inf> imu: LSM6DS3TR-C  a   0.239  -6.232   7.957  g   0.025  -0.063   0.013[0m
[1;32muart:~$ [m[8D[J[00:09:40.962,000] [0m<inf> imu: LSM6DSV16X   a   0.525  -6.087   8.303  g  -0.012   0.002  -0.003[0m
[1;32muart:~$ [m[8D[J[1;32muart:~$ [m[8D[J[00:09:40.963,000] [0m<inf> imu: ICM-42688-P  a   0.521  -6.278   7.691  g   0.001  -0.005   0.000[0m
[1;32muart:~$ [m[8D[J[00:09:41.065,000] [0m<inf> imu: LSM6DS3TR-C  a   0.206  -6.261   7.964  g   0.024  -0.063   0.013[0m
[1;32muart:~$ [m[8D[J[00:09:41.065,000] [0m<inf> imu: LSM6DSV16X   a   0.520  -6.090   8.308  g  -0.011   0.002  -0.002[0m
[1;32muart:~$ [m[8D[J[1;32muart:~$ [m[8D[J[00:09:41.066,000] [0m<inf> imu: ICM-42688-P  a   0.521  -6.281   7.697  g  -0.001  -0.006  -0.000[0m
[1;32muart:~$ [m[8D[J[00:09:41.167,000] [0m<inf> imu: LSM6DS3TR-C  a   0.238  -6.252   7.947  g   0.023  -0.064   0.013[0m
[1;32muart:~$ [m[8D[J[1;32muart:~$ [m[8D[J[00:09:41.168,000] [0m<inf> imu: LSM6DSV16X   a   0.527  -6.090   8.292  g  -0.011   0.002  -0.003[0m
[1;32muart:~$ [m[8D[J[00:09:41.169,000] [0m<inf> imu: ICM-42688-P  a   0.512  -6.290   7.681  g   0.001  -0.005  -0.001[0m
[1;32muart:~$ [m[8D[J[1;32muart:~$ [m[8D[J[00:09:41.270,000] [0m<inf> imu: LSM6DS3TR-C  a   0.222  -6.239   7.955  g   0.023  -0.062   0.012[0m
[1;32muart:~$ [m[8D[J[00:09:41.272,000] [0m<inf> imu: LSM6DSV16X   a   0.516  -6.087   8.301  g  -0.012   0.002  -0.002[0m
[1;32muart:~$ [m[8D[J[1;32muart:~$ [m[8D[J[00:09:41.272,000] [0m<inf> imu: ICM-42688-P  a   0.521  -6.290   7.673  g   0.000  -0.005   0.000[0m
[1;32muart:~$ [m[8D[J[00:09:41.374,000] [0m<inf> imu: LSM6DS3TR-C  a   0.200  -6.247   7.966  g   0.025  -0.063   0.012[0m
[1;32muart:~$ [m[8D[J[1;32muart:~$ [m[8D[J[00:09:41.374,000] [0m<inf> imu: LSM6DSV16X   a   0.520  -6.084   8.303  g  -0.011   0.002  -0.003[0m
[1;32muart:~$ [m[8D[J[00:09:41.375,000] [0m<inf> imu: ICM-42688-P  a   0.522  -6.278   7.673  g   0.000  -0.005  -0.001[0m
[1;32muart:~$ [m[8D[J[1;32muart:~$ [m[8D[J[00:09:41.476,000] [0m<inf> imu: LSM6DS3TR-C  a   0.234  -6.246   7.968  g   0.024  -0.063   0.013[0m
[1;32muart:~$ [m[8D[J[00:09:41.477,000] [0m<inf> imu: LSM6DSV16X   a   0.519  -6.092   8.308  g  -0.012   0.003  -0.002[0m
[1;32muart:~$ [m[8D[J[1;32muart:~$ [m[8D[J[00:09:41.477,000] [0m<inf> imu: ICM-42688-P  a   0.517  -6.286   7.694  g   0.002  -0.005   0.000[0m
[1;32muart:~$ [m[8D[J[00:09:41.578,000] [0m<inf> imu: LSM6DS3TR-C  a   0.235  -6.229   7.942  g   0.025  -0.062   0.010[0m
[1;32muart:~$ [m[8D[J[00:09:41.579,000] [0m<inf> imu: LSM6DSV16X   a   0.516  -6.085   8.305  g  -0.012   0.002  -0.002[0m
[1;32muart:~$ [m[8D[J[1;32muart:~$ [m[8D[J[00:09:41.579,000] [0m<inf> imu: ICM-42688-P  a   0.508  -6.275   7.671  g   0.000  -0.006  -0.001[0m
[1;32muart:~$ [m[8D[J[00:09:41.681,000] [0m<inf> imu: LSM6DS3TR-C  a   0.194  -6.237   7.963  g   0.024  -0.061   0.013[0m
[1;32muart:~$ [m[8D[J[00:09:41.682,000] [0m<inf> imu: LSM6DSV16X   a   0.524  -6.090   8.310  g  -0.012   0.002  -0.003[0m
[1;32muart:~$ [m[8D[J[1;32muart:~$ [m[8D[J[00:09:41.683,000] [0m<inf> imu: ICM-42688-P  a   0.524  -6.292   7.683  g   0.001  -0.006  -0.001[0m
[1;32muart:~$ [m[8D[J[00:09:41.784,000] [0m<inf> imu: LSM6DS3TR-C  a   0.239  -6.242   7.966  g   0.024  -0.062   0.011[0m
[1;32muart:~$ [m[8D[J[1;32muart:~$ [m[8D[J[00:09:41.785,000] [0m<inf> imu: LSM6DSV16X   a   0.522  -6.080   8.305  g  -0.012   0.002  -0.002[0m
[1;32muart:~$ [m[8D[J[00:09:41.785,000] [0m<inf> imu: ICM-42688-P  a   0.511  -6.285   7.678  g   0.001  -0.006  -0.001[0m
[1;32muart:~$ [m[8D[J[1;32muart:~$ [m[8D[J[00:09:41.887,000] [0m<inf> imu: LSM6DS3TR-C  a   0.229  -6.217   7.966  g   0.025  -0.064   0.012[0m
[1;32muart:~$ [m[8D[J[00:09:41.888,000] [0m<inf> imu: LSM6DSV16X   a   0.522  -6.078   8.298  g  -0.012   0.002  -0.002[0m
[1;32muart:~$ [m[8D[J[1;32muart:~$ [m[8D[J[00:09:41.889,000] [0m<inf> imu: ICM-42688-P  a   0.518  -6.294   7.681  g  -0.001  -0.005   0.000[0m
[1;32muart:~$ [m[8D[J[00:09:41.990,000] [0m<inf> imu: LSM6DS3TR-C  a   0.217  -6.236   7.959  g   0.024  -0.062   0.010[0m
[1;32muart:~$ [m[8D[J[1;32muart:~$ [m[8D[J[00:09:41.990,000] [0m<inf> imu: LSM6DSV16X   a   0.526  -6.078   8.301  g  -0.011   0.002  -0.002[0m
[1;32muart:~$ [m[8D[J[00:09:41.991,000] [0m<inf> imu: ICM-42688-P  a   0.504  -6.284   7.683  g   0.000  -0.006  -0.001[0m
[1;32muart:~$ [m[8D[J[1;32muart:~$ [m[8D[J[00:09:42.092,000] [0m<inf> imu: LSM6DS3TR-C  a   0.224  -6.196   7.974  g   0.024  -0.061   0.012[0m
[1;32muart:~$ [m[8D[J[00:09:42.093,000] [0m<inf> imu: LSM6DSV16X   a   0.522  -6.087   8.310  g  -0.011   0.002  -0.003[0m
[1;32muart:~$ [m[8D[J[1;32muart:~$ [m[8D[J[00:09:42.093,000] [0m<inf> imu: ICM-42688-P  a   0.515  -6.294   7.691  g   0.001  -0.005  -0.000[0m
[1;32muart:~$ [m[8D[J[00:09:42.194,000] [0m<inf> imu: LSM6DS3TR-C  a   0.213  -6.245   7.939  g   0.024  -0.060   0.012[0m
[1;32muart:~$ [m[8D[J[00:09:42.195,000] [0m<inf> imu: LSM6DSV16X   a   0.523  -6.081   8.310  g  -0.011   0.002  -0.003[0m
[1;32muart:~$ [m[8D[J[1;32muart:~$ [m[8D[J[00:09:42.196,000] [0m<inf> imu: ICM-42688-P  a   0.528  -6.279   7.690  g   0.001  -0.005  -0.001[0m
[1;32muart:~$ [m[8D[J[00:09:42.297,000] [0m<inf> imu: LSM6DS3TR-C  a   0.230  -6.244   7.964  g   0.023  -0.063   0.011[0m
[1;32muart:~$ [m[8D[J[00:09:42.298,000] [0m<inf> imu: LSM6DSV16X   a   0.529  -6.083   8.300  g  -0.011   0.002  -0.003[0m
[1;32muart:~$ [m[8D[J[1;32muart:~$ [m[8D[J[00:09:42.298,000] [0m<inf> imu: ICM-42688-P  a   0.509  -6.288   7.676  g   0.000  -0.006  -0.001[0m
[1;32muart:~$ [m[8D[J[00:09:42.399,000] [0m<inf> imu: LSM6DS3TR-C  a   0.237  -6.239   7.940  g   0.023  -0.062   0.013[0m
[1;32muart:~$ [m[8D[J[1;32muart:~$ [m[8D[J[00:09:42.400,000] [0m<inf> imu: LSM6DSV16X   a   0.524  -6.080   8.298  g  -0.012   0.002  -0.003[0m
[1;32muart:~$ [m[8D[J[00:09:42.401,000] [0m<inf> imu: ICM-42688-P  a   0.512  -6.278   7.658  g   0.000  -0.005   0.000[0m
[1;32muart:~$ [m[8D[J[1;32muart:~$ [m[8D[J[00:09:42.502,000] [0m<inf> imu: LSM6DS3TR-C  a   0.202  -6.267   7.962  g   0.025  -0.062   0.014[0m
[1;32muart:~$ [m[8D[J[00:09:42.504,000] [0m<inf> imu: LSM6DSV16X   a   0.527  -6.087   8.297  g  -0.012   0.002  -0.002[0m
[1;32muart:~$ [m[8D[J[1;32muart:~$ [m[8D[J[00:09:42.504,000] [0m<inf> imu: ICM-42688-P  a   0.509  -6.293   7.691  g  -0.001  -0.005  -0.000[0m
[1;32muart:~$ [m[8D[J[00:09:42.605,000] [0m<inf> imu: LSM6DS3TR-C  a   0.222  -6.250   7.949  g   0.025  -0.063   0.013[0m
[1;32muart:~$ [m[8D[J[1;32muart:~$ [m[8D[J[00:09:42.606,000] [0m<inf> imu: LSM6DSV16X   a   0.522  -6.085   8.302  g  -0.011   0.002  -0.002[0m
[1;32muart:~$ [m[8D[J[00:09:42.607,000] [0m<inf> imu: ICM-42688-P  a   0.512  -6.288   7.682  g  -0.000  -0.005   0.001[0m
[1;32muart:~$ [m[8D[J[1;32muart:~$ [m[8D[J[00:09:42.708,000] [0m<inf> imu: LSM6DS3TR-C  a   0.219  -6.243   7.994  g   0.023  -0.062   0.014[0m
[1;32muart:~$ [m[8D[J[00:09:42.708,000] [0m<inf> imu: LSM6DSV16X   a   0.520  -6.088   8.303  g  -0.011   0.002  -0.003[0m
[1;32muart:~$ [m[8D[J[1;32muart:~$ [m[8D[J[00:09:42.709,000] [0m<inf> imu: ICM-42688-P  a   0.512  -6.285   7.676  g   0.001  -0.006   0.000[0m
[1;32muart:~$ [m[8D[J[00:09:42.810,000] [0m<inf> imu: LSM6DS3TR-C  a   0.231  -6.217   7.969  g   0.024  -0.063   0.009[0m
[1;32muart:~$ [m[8D[J[00:09:42.811,000] [0m<inf> imu: LSM6DSV16X   a   0.522  -6.089   8.303  g  -0.012   0.002  -0.003[0m
[1;32muart:~$ [m[8D[J[1;32muart:~$ [m[8D[J[00:09:42.811,000] [0m<inf> imu: ICM-42688-P  a   0.523  -6.294   7.678  g   0.000  -0.006  -0.001[0m
[1;32muart:~$ [m[8D[J[00:09:42.913,000] [0m<inf> imu: LSM6DS3TR-C  a   0.241  -6.221   7.958  g   0.023  -0.063   0.013[0m
[1;32muart:~$ [m[8D[J[00:09:42.915,000] [0m<inf> imu: LSM6DSV16X   a   0.528  -6.088   8.300  g  -0.011   0.003  -0.002[0m
[1;32muart:~$ [m[8D[J[1;32muart:~$ [m[8D[J[00:09:42.915,000] [0m<inf> imu: ICM-42688-P  a   0.504  -6.287   7.672  g   0.000  -0.006  -0.001[0m
[1;32muart:~$ [m[8D[J[00:09:43.016,000] [0m<inf> imu: LSM6DS3TR-C  a   0.220  -6.242   7.966  g   0.025  -0.063   0.010[0m
[1;32muart:~$ [m[8D[J[1;32muart:~$ [m[8D[J[00:09:43.017,000] [0m<inf> imu: LSM6DSV16X   a   0.524  -6.090   8.294  g  -0.011   0.002  -0.002[0m
[1;32muart:~$ [m[8D[J[00:09:43.018,000] [0m<inf> imu: ICM-42688-P  a   0.508  -6.294   7.687  g   0.000  -0.005   0.000[0m
[1;32muart:~$ [m[8D[J[1;32muart:~$ [m[8D[J[00:09:43.119,000] [0m<inf> imu: LSM6DS3TR-C  a   0.240  -6.256   7.971  g   0.024  -0.063   0.013[0m
[1;32muart:~$ [m[8D[J[00:09:43.120,000] [0m<inf> imu: LSM6DSV16X   a   0.531  -6.084   8.313  g  -0.011   0.002  -0.003[0m
[1;32muart:~$ [m[8D[J[1;32muart:~$ [m[8D[J[00:09:43.121,000] [0m<inf> imu: ICM-42688-P  a   0.515  -6.290   7.684  g  -0.000  -0.005  -0.000[0m
[1;32muart:~$ [m[8D[J[00:09:43.222,000] [0m<inf> imu: LSM6DS3TR-C  a   0.225  -6.233   7.951  g   0.024  -0.061   0.013[0m
[1;32muart:~$ [m[8D[J[1;32muart:~$ [m[8D[J[00:09:43.223,000] [0m<inf> imu: LSM6DSV16X   a   0.517  -6.092   8.302  g  -0.011   0.002  -0.002[0m
[1;32muart:~$ [m[8D[J[00:09:43.223,000] [0m<inf> imu: ICM-42688-P  a   0.510  -6.290   7.673  g   0.000  -0.006  -0.000[0m
[1;32muart:~$ [m[8D[J[1;32muart:~$ [m[8D[J[00:09:43.324,000] [0m<inf> imu: LSM6DS3TR-C  a   0.222  -6.217   8.017  g   0.024  -0.063   0.012[0m
[1;32muart:~$ [m[8D[J[00:09:43.325,000] [0m<inf> imu: LSM6DSV16X   a   0.524  -6.081   8.299  g  -0.012   0.002  -0.003[0m
[1;32muart:~$ [m[8D[J[1;32muart:~$ [m[8D[J[00:09:43.326,000] [0m<inf> imu: ICM-42688-P  a   0.517  -6.278   7.675  g  -0.000  -0.005   0.000[0m
[1;32muart:~$ [m[8D[J[00:09:43.427,000] [0m<inf> imu: LSM6DS3TR-C  a   0.185  -6.264   7.933  g   0.025  -0.062   0.012[0m
[1;32muart:~$ [m[8D[J[00:09:43.427,000] [0m<inf> imu: LSM6DSV16X   a   0.525  -6.088   8.303  g  -0.012   0.002  -0.003[0m
[1;32muart:~$ [m[8D[J[1;32muart:~$ [m[8D[J[00:09:43.428,000] [0m<inf> imu: ICM-42688-P  a   0.506  -6.285   7.682  g  -0.000  -0.005  -0.000[0m
[1;32muart:~$ [m[8D[J[00:09:43.530,000] [0m<inf> imu: LSM6DS3TR-C  a   0.224  -6.238   7.943  g   0.025  -0.063   0.010[0m
[1;32muart:~$ [m[8D[J[1;32muart:~$ [m[8D[J[00:09:43.531,000] [0m<inf> imu: LSM6DSV16X   a   0.524  -6.085   8.301  g  -0.012   0.002  -0.002[0m
[1;32muart:~$ [m[8D[J[00:09:43.531,000] [0m<inf> imu: ICM-42688-P  a   0.518  -6.286   7.687  g   0.001  -0.005   0.000[0m
[1;32muart:~$ [m[8D[J[00:09:43.632,000] [0m<inf> imu: LSM6DS3TR-C  a   0.188  -6.205   7.949  g   0.025  -0.062   0.013[0m
[1;32muart:~$ [m[8D[J[1;32muart:~$ [m[8D[J[00:09:43.633,000] [0m<inf> imu: LSM6DSV16X   a   0.527  -6.084   8.298  g  -0.011   0.003  -0.003[0m
[1;32muart:~$ [m[8D[J[00:09:43.634,000] [0m<inf> imu: ICM-42688-P  a   0.521  -6.297   7.688  g   0.000  -0.005  -0.001[0m
[1;32muart:~$ [m[8D[J[00:09:43.735,000] [0m<inf> imu: LSM6DS3TR-C  a   0.222  -6.261   7.950  g   0.024  -0.064   0.010[0m
[1;32muart:~$ [m[8D[J[00:09:43.735,000] [0m<inf> imu: LSM6DSV16X   a   0.521  -6.087   8.305  g  -0.011   0.002  -0.002[0m
[1;32muart:~$ [m[8D[J[1;32muart:~$ [m[8D[J[00:09:43.736,000] [0m<inf> imu: ICM-42688-P  a   0.514  -6.287   7.682  g   0.001  -0.005  -0.001[0m
[1;32muart:~$ [m[8D[J[1;32muart:~$ [m[8D[J[00:09:43.837,000] [0m<inf> imu: LSM6DS3TR-C  a   0.191  -6.226   7.990  g   0.024  -0.062   0.012[0m
[1;32muart:~$ [m[8D[J[00:09:43.838,000] [0m<inf> imu: LSM6DSV16X   a   0.528  -6.083   8.298  g  -0.011   0.003  -0.003[0m
[1;32muart:~$ [m[8D[J[1;32muart:~$ [m[8D[J[00:09:43.838,000] [0m<inf> imu: ICM-42688-P  a   0.514  -6.282   7.675  g   0.000  -0.005   0.000[0m
[1;32muart:~$ [m[8D[J[00:09:43.939,000] [0m<inf> imu: LSM6DS3TR-C  a   0.223  -6.220   7.943  g   0.023  -0.061   0.014[0m
[1;32muart:~$ [m[8D[J[1;32muart:~$ [m[8D[J[00:09:43.940,000] [0m<inf> imu: LSM6DSV16X   a   0.517  -6.085   8.297  g  -0.011   0.003  -0.003[0m
[1;32muart:~$ [m[8D[J[00:09:43.941,000] [0m<inf> imu: ICM-42688-P  a   0.520  -6.286   7.689  g   0.001  -0.006  -0.001[0m
[1;32muart:~$ [m[8D[J[1;32muart:~$ [m[8D[J[00:09:44.042,000] [0m<inf> imu: LSM6DS3TR-C  a   0.203  -6.248   7.969  g   0.024  -0.062   0.014[0m
[1;32muart:~$ [m[8D[J[00:09:44.042,000] [0m<inf> imu: LSM6DSV16X   a   0.525  -6.080   8.289  g  -0.011   0.002  -0.002[0m
[1;32muart:~$ [m[8D[J[1;32muart:~$ [m[8D[J[00:09:44.043,000] [0m<inf> imu: ICM-42688-P  a   0.515  -6.286   7.671  g   0.001  -0.004  -0.001[0m
[1;32muart:~$ [m[8D[J[00:09:44.144,000] [0m<inf> imu: LSM6DS3TR-C  a   0.245  -6.227   7.969  g   0.024  -0.061   0.014[0m
[1;32muart:~$ [m[8D[J[00:09:44.145,000] [0m<inf> imu: LSM6DSV16X   a   0.522  -6.087   8.291  g  -0.011   0.002  -0.002[0m
[1;32muart:~$ [m[8D[J[1;32muart:~$ [m[8D[J[00:09:44.145,000] [0m<inf> imu: ICM-42688-P  a   0.526  -6.298   7.677  g  -0.001  -0.005  -0.001[0m
[1;32muart:~$ [m[8D[J[00:09:44.247,000] [0m<inf> imu: LSM6DS3TR-C  a   0.233  -6.237   7.999  g   0.026  -0.063   0.013[0m
[1;32muart:~$ [m[8D[J[1;32muart:~$ [m[8D[J[00:09:44.248,000] [0m<inf> imu: LSM6DSV16X   a   0.525  -6.081   8.294  g  -0.012   0.002  -0.002[0m
[1;32muart:~$ [m[8D[J[00:09:44.249,000] [0m<inf> imu: ICM-42688-P  a   0.516  -6.298   7.673  g   0.001  -0.004   0.000[0m
[1;32muart:~$ [m[8D[J[1;32muart:~$ [m[8D[J[00:09:44.350,000] [0m<inf> imu: LSM6DS3TR-C  a   0.223  -6.220   7.963  g   0.025  -0.062   0.012[0m
[1;32muart:~$ [m[8D[J[00:09:44.350,000] [0m<inf> imu: LSM6DSV16X   a   0.519  -6.086   8.284  g  -0.012   0.002  -0.002[0m
[1;32muart:~$ [m[8D[J[00:09:44.351,000] [0m<inf> imu: ICM-42688-P  a   0.512  -6.282   7.691  g   0.000  -0.005  -0.000[0m
[1;32muart:~$ [m[8D[J[1;32muart:~$ [m[8D[J[00:09:44.453,000] [0m<inf> imu: LSM6DS3TR-C  a   0.236  -6.234   7.969  g   0.024  -0.063   0.013[0m
[1;32muart:~$ [m[8D[J[00:09:44.454,000] [0m<inf> imu: LSM6DSV16X   a   0.522  -6.093   8.305  g  -0.011   0.002  -0.002[0m
[1;32muart:~$ [m[8D[J[1;32muart:~$ [m[8D[J[00:09:44.454,000] [0m<inf> imu: ICM-42688-P  a   0.515  -6.288   7.685  g   0.001  -0.006  -0.001[0m
[1;32muart:~$ [m[8D[J[00:09:44.555,000] [0m<inf> imu: LSM6DS3TR-C  a   0.227  -6.238   7.982  g   0.023  -0.062   0.012[0m
[1;32muart:~$ [m[8D[J[1;32muart:~$ [m[8D[J[00:09:44.556,000] [0m<inf> imu: LSM6DSV16X   a   0.521  -6.087   8.303  g  -0.011   0.002  -0.002[0m
[1;32muart:~$ [m[8D[J[00:09:44.557,000] [0m<inf> imu: ICM-42688-P  a   0.517  -6.294   7.682  g   0.001  -0.005  -0.001[0m
[1;32muart:~$ [m[8D[J[1;32muart:~$ [m[8D[J[00:09:44.658,000] [0m<inf> imu: LSM6DS3TR-C  a   0.227  -6.252   8.000  g   0.024  -0.062   0.010[0m
[1;32muart:~$ [m[8D[J[00:09:44.658,000] [0m<inf> imu: LSM6DSV16X   a   0.526  -6.086   8.306  g  -0.011   0.002  -0.003[0m
[1;32muart:~$ [m[8D[J[1;32muart:~$ [m[8D[J[00:09:44.659,000] [0m<inf> imu: ICM-42688-P  a   0.511  -6.293   7.682  g   0.000  -0.006  -0.000[0m
[1;32muart:~$ [m[8D[J[00:09:44.760,000] [0m<inf> imu: LSM6DS3TR-C  a   0.246  -6.251   7.997  g   0.024  -0.062   0.013[0m
[1;32muart:~$ [m[8D[J[00:09:44.761,000] [0m<inf> imu: LSM6DSV16X   a   0.519  -6.078   8.298  g  -0.011   0.002  -0.002[0m
[1;32muart:~$ [m[8D[J[1;32muart:~$ [m[8D[J[00:09:44.761,000] [0m<inf> imu: ICM-42688-P  a   0.524  -6.285   7.682  g   0.000  -0.005  -0.001[0m
[1;32muart:~$ [m[8D[J[00:09:44.863,000] [0m<inf> imu: LSM6DS3TR-C  a   0.220  -6.242   7.982  g   0.025  -0.063   0.011[0m
[1;32muart:~$ [m[8D[J[1;32muart:~$ [m[8D[J[00:09:44.864,000] [0m<inf> imu: LSM6DSV16X   a   0.531  -6.089   8.295  g  -0.012   0.002  -0.002[0m
[1;32muart:~$ [m[8D[J[00:09:44.865,000] [0m<inf> imu: ICM-42688-P  a   0.511  -6.292   7.665  g   0.000  -0.006  -0.001[0m
[1;32muart:~$ [m[8D[J[1;32muart:~$ [m[8D[J[00:09:44.966,000] [0m<inf> imu: LSM6DS3TR-C  a   0.234  -6.214   7.921  g   0.025  -0.061   0.010[0m
[1;32muart:~$ [m[8D[J[00:09:44.967,000] [0m<inf> imu: LSM6DSV16X   a   0.527  -6.084   8.294  g  -0.012   0.002  -0.003[0m
[1;32muart:~$ [m[8D[J[00:09:44.967,000] [0m<inf> imu: ICM-42688-P  a   0.527  -6.285   7.677  g   0.000  -0.006  -0.000[0m
[1;32muart:~$ [m[8D[J[1;32muart:~$ [m[8D[J[00:09:45.069,000] [0m<inf> imu: LSM6DS3TR-C  a   0.220  -6.258   7.968  g   0.026  -0.061   0.014[0m
[1;32muart:~$ [m[8D[J[00:09:45.070,000] [0m<inf> imu: LSM6DSV16X   a   0.517  -6.092   8.298  g  -0.011   0.002  -0.003[0m
[1;32muart:~$ [m[8D[J[1;32muart:~$ [m[8D[J[00:09:45.071,000] [0m<inf> imu: ICM-42688-P  a   0.515  -6.287   7.663  g  -0.001  -0.005  -0.001[0m
[1;32muart:~$ [m[8D[J[00:09:45.172,000] [0m<inf> imu: LSM6DS3TR-C  a   0.226  -6.215   7.954  g   0.025  -0.062   0.012[0m
[1;32muart:~$ [m[8D[J[1;32muart:~$ [m[8D[J[00:09:45.172,000] [0m<inf> imu: LSM6DSV16X   a   0.525  -6.090   8.301  g  -0.012   0.002  -0.003[0m
[1;32muart:~$ [m[8D[J[00:09:45.173,000] [0m<inf> imu: ICM-42688-P  a   0.509  -6.285   7.690  g   0.001  -0.005  -0.001[0m
[1;32muart:~$ [m[8D[J[1;32muart:~$ [m[8D[J[00:09:45.274,000] [0m<inf> imu: LSM6DS3TR-C  a   0.199  -6.233   8.002  g   0.024  -0.062   0.013[0m
[1;32muart:~$ [m[8D[J[00:09:45.275,000] [0m<inf> imu: LSM6DSV16X   a   0.519  -6.085   8.295  g  -0.012   0.002  -0.002[0m
[1;32muart:~$ [m[8D[J[00:09:45.275,000] [0m<inf> imu: ICM-42688-P  a   0.521  -6.286   7.677  g   0.001  -0.005   0.000[0m
[1;32muart:~$ [m[8D[J[1;32muart:~$ [m[8D[J[00:09:45.376,000] [0m<inf> imu: LSM6DS3TR-C  a   0.225  -6.261   7.970  g   0.024  -0.063   0.012[0m
[1;32muart:~$ [m[8D[J[00:09:45.377,000] [0m<inf> imu: LSM6DSV16X   a   0.517  -6.085   8.298  g  -0.011   0.002  -0.003[0m
[1;32muart:~$ [m[8D[J[1;32muart:~$ [m[8D[J[00:09:45.377,000] [0m<inf> imu: ICM-42688-P  a   0.511  -6.296   7.670  g   0.001  -0.005  -0.001[0m
[1;32muart:~$ [m[8D[J[00:09:45.479,000] [0m<inf> imu: LSM6DS3TR-C  a   0.237  -6.239   7.959  g   0.024  -0.064   0.012[0m
[1;32muart:~$ [m[8D[J[1;32muart:~$ [m[8D[J[00:09:45.480,000] [0m<inf> imu: LSM6DSV16X   a   0.526  -6.080   8.298  g  -0.012   0.002  -0.002[0m
[1;32muart:~$ [m[8D[J[00:09:45.481,000] [0m<inf> imu: ICM-42688-P  a   0.527  -6.293   7.703  g  -0.000  -0.005  -0.001[0m
[1;32muart:~$ [m[8D[J[00:09:45.582,000] [0m<inf> imu: LSM6DS3TR-C  a   0.230  -6.254   8.009  g   0.024  -0.062   0.013[0m
[1;32muart:~$ [m[8D[J[1;32muart:~$ [m[8D[J[00:09:45.583,000] [0m<inf> imu: LSM6DSV16X   a   0.529  -6.085   8.298  g  -0.010   0.002  -0.002[0m
[1;32muart:~$ [m[8D[J[00:09:45.583,000] [0m<inf> imu: ICM-42688-P  a   0.516  -6.287   7.687  g   0.000  -0.006  -0.000[0m
[1;32muart:~$ [m[8D[J[00:09:45.684,000] [0m<inf> imu: LSM6DS3TR-C  a   0.220  -6.236   7.993  g   0.023  -0.063   0.011[0m
[1;32muart:~$ [m[8D[J[00:09:45.685,000] [0m<inf> imu: LSM6DSV16X   a   0.527  -6.087   8.286  g  -0.010   0.002  -0.002[0m
[1;32muart:~$ [m[8D[J[1;32muart:~$ [m[8D[J[00:09:45.686,000] [0m<inf> imu: ICM-42688-P  a   0.521  -6.280   7.681  g   0.001  -0.006  -0.001[0m
[1;32muart:~$ [m[8D[J[1;32muart:~$ [m[8D[J[00:09:45.787,000] [0m<inf> imu: LSM6DS3TR-C  a   0.207  -6.154   7.872  g   0.023  -0.062   0.013[0m
[1;32muart:~$ [m[8D[J[00:09:45.787,000] [0m<inf> imu: LSM6DSV16X   a   0.523  -6.083   8.294  g  -0.012   0.002  -0.002[0m
[1;32muart:~$ [m[8D[J[1;32muart:~$ [m[8D[J[00:09:45.788,000] [0m<inf> imu: ICM-42688-P  a   0.521  -6.293   7.671  g   0.001  -0.006  -0.001[0m
[1;32muart:~$ [m[8D[J[00:09:45.889,000] [0m<inf> imu: LSM6DS3TR-C  a   0.249  -6.270   7.976  g   0.024  -0.063   0.014[0m
[1;32muart:~$ [m[8D[J[1;32muart:~$ [m[8D[J[00:09:45.890,000] [0m<inf> imu: LSM6DSV16X   a   0.524  -6.077   8.294  g  -0.012   0.002  -0.002[0m
[1;32muart:~$ [m[8D[J[00:09:45.890,000] [0m<inf> imu: ICM-42688-P  a   0.517  -6.298   7.670  g   0.001  -0.006  -0.001[0m
[1;32muart:~$ [m[8D[J[1;32muart:~$ [m[8D[J[00:09:45.991,000] [0m<inf> imu: LSM6DS3TR-C  a   0.233  -6.211   7.950  g   0.024  -0.062   0.013[0m
[1;32muart:~$ [m[8D[J[00:09:45.992,000] [0m<inf> imu: LSM6DSV16X   a   0.526  -6.083   8.304  g  -0.010   0.002  -0.003[0m
[1;32muart:~$ [m[8D[J[1;32muart:~$ [m[8D[J[00:09:45.993,000] [0m<inf> imu: ICM-42688-P  a   0.516  -6.290   7.696  g   0.000  -0.006   0.000[0m
[1;32muart:~$ [m[8D[J[00:09:46.094,000] [0m<inf> imu: LSM6DS3TR-C  a   0.193  -6.205   7.953  g   0.023  -0.064   0.012[0m
[1;32muart:~$ [m[8D[J[00:09:46.094,000] [0m<inf> imu: LSM6DSV16X   a   0.519  -6.088   8.294  g  -0.011   0.001  -0.003[0m
[1;32muart:~$ [m[8D[J[1;32muart:~$ [m[8D[J[00:09:46.095,000] [0m<inf> imu: ICM-42688-P  a   0.514  -6.281   7.678  g   0.001  -0.005  -0.001[0m
[1;32muart:~$ [m[8D[J[00:09:46.197,000] [0m<inf> imu: LSM6DS3TR-C  a   0.220  -6.246   7.978  g   0.024  -0.062   0.014[0m
[1;32muart:~$ [m[8D[J[1;32muart:~$ [m[8D[J[00:09:46.197,000] [0m<inf> imu: LSM6DSV16X   a   0.522  -6.078   8.305  g  -0.011   0.002  -0.003[0m
[1;32muart:~$ [m[8D[J[00:09:46.198,000] [0m<inf> imu: ICM-42688-P  a   0.510  -6.285   7.673  g   0.001  -0.005  -0.001[0m
[1;32muart:~$ [m[8D[J[00:09:46.299,000] [0m<inf> imu: LSM6DS3TR-C  a   0.228  -6.207   7.978  g   0.024  -0.062   0.012[0m
[1;32muart:~$ [m[8D[J[1;32muart:~$ [m[8D[J[00:09:46.300,000] [0m<inf> imu: LSM6DSV16X   a   0.522  -6.081   8.288  g  -0.010   0.002  -0.003[0m
[1;32muart:~$ [m[8D[J[00:09:46.301,000] [0m<inf> imu: ICM-42688-P  a   0.506  -6.292   7.695  g   0.000  -0.005  -0.000[0m
[1;32muart:~$ [m[8D[J[1;32muart:~$ [m[8D[J[00:09:46.402,000] [0m<inf> imu: LSM6DS3TR-C  a   0.251  -6.246   7.953  g   0.023  -0.064   0.013[0m
[1;32muart:~$ [m[8D[J[00:09:46.404,000] [0m<inf> imu: LSM6DSV16X   a   0.515  -6.085   8.307  g  -0.012   0.002  -0.003[0m
[1;32muart:~$ [m[8D[J[1;32muart:~$ [m[8D[J[00:09:46.404,000] [0m<inf> imu: ICM-42688-P  a   0.508  -6.281   7.684  g   0.000  -0.005  -0.001[0m
[1;32muart:~$ [m[8D[J[00:09:46.505,000] [0m<inf> imu: LSM6DS3TR-C  a   0.204  -6.250   7.988  g   0.024  -0.062   0.011[0m
[1;32muart:~$ [m[8D[J[1;32muart:~$ [m[8D[J[00:09:46.506,000] [0m<inf> imu: LSM6DSV16X   a   0.519  -6.088   8.298  g  -0.011   0.002  -0.003[0m
[1;32muart:~$ [m[8D[J[00:09:46.506,000] [0m<inf> imu: ICM-42688-P  a   0.512  -6.294   7.690  g   0.001  -0.006  -0.001[0m
[1;32muart:~$ [m[8D[J[1;32muart:~$ [m[8D[J[00:09:46.607,000] [0m<inf> imu: LSM6DS3TR-C  a   0.252  -6.249   7.936  g   0.025  -0.062   0.011[0m
[1;32muart:~$ [m[8D[J[00:09:46.608,000] [0m<inf> imu: LSM6DSV16X   a   0.519  -6.083   8.296  g  -0.011   0.002  -0.003[0m
[1;32muart:~$ [m[8D[J[1;32muart:~$ [m[8D[J[00:09:46.609,000] [0m<inf> imu: ICM-42688-P  a   0.524  -6.290   7.677  g  -0.000  -0.005  -0.001[0m
[1;32muart:~$ [m[8D[J[00:09:46.710,000] [0m<inf> imu: LSM6DS3TR-C  a   0.211  -6.273   7.973  g   0.024  -0.061   0.012[0m
[1;32muart:~$ [m[8D[J[00:09:46.710,000] [0m<inf> imu: LSM6DSV16X   a   0.522  -6.086   8.301  g  -0.011   0.002  -0.002[0m
[1;32muart:~$ [m[8D[J[1;32muart:~$ [m[8D[J[00:09:46.711,000] [0m<inf> imu: ICM-42688-P  a   0.510  -6.290   7.685  g   0.000  -0.005  -0.001[0m
[1;32muart:~$ [m[8D[J[00:09:46.812,000] [0m<inf> imu: LSM6DS3TR-C  a   0.205  -6.142   7.889  g   0.022  -0.059   0.012[0m
[1;32muart:~$ [m[8D[J[00:09:46.813,000] [0m<inf> imu: LSM6DSV16X   a   0.526  -6.087   8.224  g  -0.016   0.003  -0.003[0m
[1;32muart:~$ [m[8D[J[1;32muart:~$ [m[8D[J[00:09:46.814,000] [0m<inf> imu: ICM-42688-P  a   0.498  -6.244   7.564  g  -0.006  -0.003  -0.002[0m
[1;32muart:~$ [m[8D[J[00:09:46.915,000] [0m<inf> imu: LSM6DS3TR-C  a   0.210  -6.273   7.944  g   0.025  -0.060   0.014[0m
[1;32muart:~$ [m[8D[J[1;32muart:~$ [m[8D[J[00:09:46.916,000] [0m<inf> imu: LSM6DSV16X   a   0.522  -6.085   8.344  g  -0.011   0.003   0.000[0m
[1;32muart:~$ [m[8D[J[00:09:46.916,000] [0m<inf> imu: ICM-42688-P  a   0.515  -6.316   7.744  g  -0.001  -0.005   0.001[0m
[1;32muart:~$ [m[8D[J[1;32muart:~$ [m[8D[J[00:09:47.018,000] [0m<inf> imu: LSM6DS3TR-C  a   0.321  -6.165   7.968  g   0.024  -0.063   0.011[0m
[1;32muart:~$ [m[8D[J[00:09:47.019,000] [0m<inf> imu: LSM6DSV16X   a   0.577  -6.054   8.289  g  -0.012   0.002  -0.002[0m
[1;32muart:~$ [m[8D[J[1;32muart:~$ [m[8D[J[00:09:47.020,000] [0m<inf> imu: ICM-42688-P  a   0.571  -6.285   7.647  g   0.001  -0.005   0.000[0m
[1;32muart:~$ [m[8D[J[00:09:47.121,000] [0m<inf> imu: LSM6DS3TR-C  a   0.267  -6.259   7.985  g   0.024  -0.064   0.010[0m
[1;32muart:~$ [m[8D[J[00:09:47.122,000] [0m<inf> imu: LSM6DSV16X   a   0.543  -6.114   8.349  g  -0.012   0.002  -0.003[0m
[1;32muart:~$ [m[8D[J[00:09:47.122,000] [0m<inf> imu: ICM-42688-P  a   0.542  -6.324   7.742  g   0.000  -0.006  -0.001[0m
[1;32muart:~$ [m[8D[J[1;32muart:~$ [m[8D[J[00:09:47.223,000] [0m<inf> imu: LSM6DS3TR-C  a   0.176  -6.248   7.971  g   0.024  -0.062   0.013[0m
[1;32muart:~$ [m[8D[J[00:09:47.224,000] [0m<inf> imu: LSM6DSV16X   a   0.488  -6.059   8.283  g  -0.013   0.004  -0.002[0m
[1;32muart:~$ [m[8D[J[1;32muart:~$ [m[8D[J[00:09:47.225,000] [0m<inf> imu: ICM-42688-P  a   0.482  -6.245   7.664  g  -0.001  -0.004   0.000[0m
[1;32muart:~$ [m[8D[J[00:09:47.326,000] [0m<inf> imu: LSM6DS3TR-C  a   0.233  -6.309   7.938  g   0.026  -0.061   0.013[0m
[1;32muart:~$ [m[8D[J[1;32muart:~$ [m[8D[J[00:09:47.326,000] [0m<inf> imu: LSM6DSV16X   a   0.522  -6.121   8.299  g  -0.012   0.002  -0.003[0m
[1;32muart:~$ [m[8D[J[00:09:47.327,000] [0m<inf> imu: ICM-42688-P  a   0.512  -6.334   7.687  g   0.000  -0.005   0.000[0m
[1;32muart:~$ [m[8D[J[00:09:47.428,000] [0m<inf> imu: LSM6DS3TR-C  a   0.226  -6.202   7.960  g   0.024  -0.063   0.012[0m
[1;32muart:~$ [m[8D[J[00:09:47.429,000] [0m<inf> imu: LSM6DSV16X   a   0.531  -6.054   8.298  g  -0.011   0.002  -0.003[0m
[1;32muart:~$ [m[8D[J[1;32muart:~$ [m[8D[J[00:09:47.430,000] [0m<inf> imu: ICM-42688-P  a   0.537  -6.251   7.682  g   0.000  -0.006  -0.001[0m
[1;32muart:~$ [m[8D[J[00:09:47.531,000] [0m<inf> imu: LSM6DS3TR-C  a   0.162  -6.299   7.977  g   0.024  -0.061   0.011[0m
[1;32muart:~$ [m[8D[J[00:09:47.532,000] [0m<inf> imu: LSM6DSV16X   a   0.476  -6.130   8.294  g  -0.011   0.003  -0.003[0m
[1;32muart:~$ [m[8D[J[1;32muart:~$ [m[8D[J[00:09:47.532,000] [0m<inf> imu: ICM-42688-P  a   0.479  -6.336   7.671  g   0.001  -0.005  -0.002[0m
[1;32muart:~$ [m[8D[J[00:09:47.633,000] [0m<inf> imu: LSM6DS3TR-C  a   0.150  -6.227   7.915  g   0.022  -0.061   0.014[0m
[1;32muart:~$ [m[8D[J[1;32muart:~$ [m[8D[J[00:09:47.634,000] [0m<inf> imu: LSM6DSV16X   a   0.483  -6.005   8.243  g  -0.010   0.003  -0.002[0m
[1;32muart:~$ [m[8D[J[00:09:47.635,000] [0m<inf> imu: ICM-42688-P  a   0.472  -6.199   7.632  g   0.000  -0.005   0.000[0m
[1;32muart:~$ [m[8D[J[1;32muart:~$ [m[8D[J[00:09:47.736,000] [0m<inf> imu: LSM6DS3TR-C  a   0.272  -6.274   8.021  g   0.024  -0.062   0.011[0m
[1;32muart:~$ [m[8D[J[00:09:47.736,000] [0m<inf> imu: LSM6DSV16X   a   0.589  -6.133   8.355  g  -0.012   0.002  -0.002[0m
[1;32muart:~$ [m[8D[J[1;32muart:~$ [m[8D[J[00:09:47.737,000] [0m<inf> imu: ICM-42688-P  a   0.579  -6.306   7.728  g  -0.001  -0.006  -0.002[0m
[1;32muart:~$ [m[8D[J[00:09:47.838,000] [0m<inf> imu: LSM6DS3TR-C  a   0.230  -6.182   7.965  g   0.026  -0.061   0.012[0m
[1;32muart:~$ [m[8D[J[1;32muart:~$ [m[8D[J[00:09:47.839,000] [0m<inf> imu: LSM6DSV16X   a   0.534  -6.041   8.279  g  -0.011   0.003  -0.004[0m
[1;32muart:~$ [m[8D[J[00:09:47.839,000] [0m<inf> imu: ICM-42688-P  a   0.523  -6.233   7.661  g   0.001  -0.005  -0.003[0m
[1;32muart:~$ [m[8D[J[1;32muart:~$ [m[8D[J[00:09:47.940,000] [0m<inf> imu: LSM6DS3TR-C  a   0.192  -6.287   7.983  g   0.026  -0.063   0.011[0m
[1;32muart:~$ [m[8D[J[00:09:47.941,000] [0m<inf> imu: LSM6DSV16X   a   0.493  -6.126   8.307  g  -0.010   0.002  -0.003[0m
[1;32muart:~$ [m[8D[J[1;32muart:~$ [m[8D[J[00:09:47.942,000] [0m<inf> imu: ICM-42688-P  a   0.479  -6.328   7.681  g   0.001  -0.006  -0.001[0m
[1;32muart:~$ [m[8D[J[00:09:48.043,000] [0m<inf> imu: LSM6DS3TR-C  a   0.196  -6.190   7.972  g   0.026  -0.061   0.015[0m
[1;32muart:~$ [m[8D[J[00:09:48.043,000] [0m<inf> imu: LSM6DSV16X   a   0.505  -6.062   8.271  g  -0.011   0.002  -0.002[0m
[1;32muart:~$ [m[8D[J[1;32muart:~$ [m[8D[J[00:09:48.044,000] [0m<inf> imu: ICM-42688-P  a   0.512  -6.268   7.664  g  -0.000  -0.004   0.001[0m
[1;32muart:~$ [m[8D[J[00:09:48.145,000] [0m<inf> imu: LSM6DS3TR-C  a   0.282  -6.246   8.006  g   0.024  -0.062   0.014[0m
[1;32muart:~$ [m[8D[J[00:09:48.147,000] [0m<inf> imu: LSM6DSV16X   a   0.557  -6.099   8.327  g  -0.012   0.001  -0.002[0m
[1;32muart:~$ [m[8D[J[1;32muart:~$ [m[8D[J[00:09:48.147,000] [0m<inf> imu: ICM-42688-P  a   0.558  -6.304   7.702  g   0.000  -0.006  -0.001[0m
[1;32muart:~$ [m[8D[J[00:09:48.248,000] [0m<inf> imu: LSM6DS3TR-C  a   0.257  -6.227   7.964  g   0.024  -0.062   0.011[0m
[1;32muart:~$ [m[8D[J[1;32muart:~$ [m[8D[J[00:09:48.249,000] [0m<inf> imu: LSM6DSV16X   a   0.528  -6.071   8.291  g  -0.011   0.002  -0.003[0m
[1;32muart:~$ [m[8D[J[00:09:48.250,000] [0m<inf> imu: ICM-42688-P  a   0.512  -6.275   7.670  g   0.001  -0.005  -0.001[0m
[1;32muart:~$ [m[8D[J[00:09:48.351,000] [0m<inf> imu: LSM6DS3TR-C  a   0.194  -6.275   7.975  g   0.024  -0.063   0.011[0m
[1;32muart:~$ [m[8D[J[00:09:48.351,000] [0m<inf> imu: LSM6DSV16X   a   0.510  -6.106   8.305  g  -0.011   0.002  -0.003[0m
[1;32muart:~$ [m[8D[J[1;32muart:~$ [m[8D[J[00:09:48.352,000] [0m<inf> imu: ICM-42688-P  a   0.496  -6.311   7.684  g   0.001  -0.006  -0.001[0m
[1;32muart:~$ [m[8D[J[1;32muart:~$ [m[8D[J[00:09:48.453,000] [0m<inf> imu: LSM6DS3TR-C  a   0.205  -6.232   7.945  g   0.024  -0.061   0.014[0m
[1;32muart:~$ [m[8D[J[00:09:48.454,000] [0m<inf> imu: LSM6DSV16X   a   0.517  -6.068   8.279  g  -0.012   0.002  -0.002[0m
[1;32muart:~$ [m[8D[J[1;32muart:~$ [m[8D[J[00:09:48.454,000] [0m<inf> imu: ICM-42688-P  a   0.503  -6.287   7.677  g   0.000  -0.005   0.001[0m
[1;32muart:~$ [m[8D[J[00:09:48.555,000] [0m<inf> imu: LSM6DS3TR-C  a   0.181  -6.224   8.040  g   0.024  -0.062   0.013[0m
[1;32muart:~$ [m[8D[J[1;32muart:~$ [m[8D[J[00:09:48.556,000] [0m<inf> imu: LSM6DSV16X   a   0.546  -6.092   8.325  g  -0.011   0.002  -0.002[0m
[1;32muart:~$ [m[8D[J[00:09:48.556,000] [0m<inf> imu: ICM-42688-P  a   0.537  -6.285   7.688  g  -0.000  -0.006  -0.001[0m
[1;32muart:~$ [m[8D[J[1;32muart:~$ [m[8D[J[00:09:48.657,000] [0m<inf> imu: LSM6DS3TR-C  a   0.215  -6.246   8.000  g   0.024  -0.063   0.010[0m
[1;32muart:~$ [m[8D[J[00:09:48.658,000] [0m<inf> imu: LSM6DSV16X   a   0.526  -6.068   8.298  g  -0.011   0.002  -0.003[0m
[1;32muart:~$ [m[8D[J[1;32muart:~$ [m[8D[J[00:09:48.659,000] [0m<inf> imu: ICM-42688-P  a   0.517  -6.290   7.649  g   0.001  -0.005  -0.001[0m
[1;32muart:~$ [m[8D[J[00:09:48.760,000] [0m<inf> imu: LSM6DS3TR-C  a   0.160  -6.239   7.963  g   0.025  -0.062   0.012[0m
[1;32muart:~$ [m[8D[J[00:09:48.760,000] [0m<inf> imu: LSM6DSV16X   a   0.510  -6.087   8.305  g  -0.013   0.002  -0.003[0m
[1;32muart:~$ [m[8D[J[1;32muart:~$ [m[8D[J[00:09:48.761,000] [0m<inf> imu: ICM-42688-P  a   0.511  -6.281   7.670  g   0.000  -0.006  -0.001[0m
[1;32muart:~$ [m[8D[J[00:09:48.863,000] [0m<inf> imu: LSM6DS3TR-C  a   0.230  -6.233   7.996  g   0.025  -0.062   0.011[0m
[1;32muart:~$ [m[8D[J[1;32muart:~$ [m[8D[J[00:09:48.864,000] [0m<inf> imu: LSM6DSV16X   a   0.519  -6.080   8.287  g  -0.011   0.002  -0.003[0m
[1;32muart:~$ [m[8D[J[00:09:48.864,000] [0m<inf> imu: ICM-42688-P  a   0.511  -6.282   7.657  g   0.000  -0.005   0.000[0m
[1;32muart:~$ [m[8D[J[00:09:48.965,000] [0m<inf> imu: LSM6DS3TR-C  a   0.229  -6.249   7.983  g   0.025  -0.061   0.013[0m
[1;32muart:~$ [m[8D[J[1;32muart:~$ [m[8D[J[00:09:48.966,000] [0m<inf> imu: LSM6DSV16X   a   0.532  -6.077   8.310  g  -0.012   0.002  -0.003[0m
[1;32muart:~$ [m[8D[J[00:09:48.967,000] [0m<inf> imu: ICM-42688-P  a   0.540  -6.284   7.689  g   0.000  -0.005  -0.001[0m
[1;32muart:~$ [m[8D[J[00:09:49.068,000] [0m<inf> imu: LSM6DS3TR-C  a   0.236  -6.238   7.976  g   0.025  -0.063   0.013[0m
[1;32muart:~$ [m[8D[J[00:09:49.068,000] [0m<inf> imu: LSM6DSV16X   a   0.522  -6.078   8.298  g  -0.011   0.002  -0.002[0m
[1;32muart:~$ [m[8D[J[1;32muart:~$ [m[8D[J[00:09:49.069,000] [0m<inf> imu: ICM-42688-P  a   0.516  -6.285   7.671  g   0.001  -0.005  -0.001[0m
[1;32muart:~$ [m[8D[J[1;32muart:~$ [m[8D[J[00:09:49.170,000] [0m<inf> imu: LSM6DS3TR-C  a   0.197  -6.246   7.993  g   0.025  -0.061   0.012[0m
[1;32muart:~$ [m[8D[J[00:09:49.171,000] [0m<inf> imu: LSM6DSV16X   a   0.514  -6.090   8.297  g  -0.012   0.002  -0.003[0m
[1;32muart:~$ [m[8D[J[1;32muart:~$ [m[8D[J[00:09:49.171,000] [0m<inf> imu: ICM-42688-P  a   0.516  -6.300   7.689  g   0.000  -0.005  -0.000[0m
[1;32muart:~$ [m[8D[J[00:09:49.272,000] [0m<inf> imu: LSM6DS3TR-C  a   0.225  -6.249   7.964  g   0.024  -0.061   0.011[0m
[1;32muart:~$ [m[8D[J[1;32muart:~$ [m[8D[J[00:09:49.273,000] [0m<inf> imu: LSM6DSV16X   a   0.517  -6.078   8.291  g  -0.010   0.002  -0.003[0m
[1;32muart:~$ [m[8D[J[00:09:49.273,000] [0m<inf> imu: ICM-42688-P  a   0.505  -6.286   7.670  g   0.000  -0.006   0.000[0m
[1;32muart:~$ [m[8D[J[1;32muart:~$ [m[8D[J[00:09:49.375,000] [0m<inf> imu: LSM6DS3TR-C  a   0.235  -6.221   7.997  g   0.024  -0.061   0.014[0m
[1;32muart:~$ [m[8D[J[00:09:49.375,000] [0m<inf> imu: LSM6DSV16X   a   0.519  -6.094   8.291  g  -0.011   0.002  -0.003[0m
[1;32muart:~$ [m[8D[J[1;32muart:~$ [m[8D[J[00:09:49.376,000] [0m<inf> imu: ICM-42688-P  a   0.517  -6.291   7.683  g   0.001  -0.005  -0.001[0m
[1;32muart:~$ [m[8D[J[00:09:49.477,000] [0m<inf> imu: LSM6DS3TR-C  a   0.247  -6.260   7.969  g   0.024  -0.061   0.014[0m
[1;32muart:~$ [m[8D[J[00:09:49.478,000] [0m<inf> imu: LSM6DSV16X   a   0.519  -6.086   8.303  g  -0.012   0.002  -0.002[0m
[1;32muart:~$ [m[8D[J[1;32muart:~$ [m[8D[J[00:09:49.478,000] [0m<inf> imu: ICM-42688-P  a   0.518  -6.288   7.685  g   0.001  -0.005   0.000[0m
[1;32muart:~$ [m[8D[J[00:09:49.579,000] [0m<inf> imu: LSM6DS3TR-C  a   0.251  -6.243   7.945  g   0.023  -0.060   0.013[0m
[1;32muart:~$ [m[8D[J[1;32muart:~$ [m[8D[J[00:09:49.580,000] [0m<inf> imu: LSM6DSV16X   a   0.524  -6.080   8.302  g  -0.011   0.002  -0.002[0m
[1;32muart:~$ [m[8D[J[00:09:49.581,000] [0m<inf> imu: ICM-42688-P  a   0.509  -6.293   7.655  g   0.001  -0.005  -0.001[0m
[1;32muart:~$ [m[8D[J[00:09:49.682,000] [0m<inf> imu: LSM6DS3TR-C  a   0.230  -6.199   7.947  g   0.025  -0.061   0.015[0m
[1;32muart:~$ [m[8D[J[1;32muart:~$ [m[8D[J[00:09:49.683,000] [0m<inf> imu: LSM6DSV16X   a   0.517  -6.086   8.305  g  -0.012   0.002  -0.002[0m
[1;32muart:~$ [m[8D[J[00:09:49.683,000] [0m<inf> imu: ICM-42688-P  a   0.514  -6.280   7.683  g   0.001  -0.005  -0.001[0m
[1;32muart:~$ [m[8D[J[00:09:49.784,000] [0m<inf> imu: LSM6DS3TR-C  a   0.249  -6.202   7.991  g   0.024  -0.061   0.011[0m
[1;32muart:~$ [m[8D[J[00:09:49.785,000] [0m<inf> imu: LSM6DSV16X   a   0.522  -6.086   8.295  g  -0.010   0.002  -0.003[0m
[1;32muart:~$ [m[8D[J[1;32muart:~$ [m[8D[J[00:09:49.785,000] [0m<inf> imu: ICM-42688-P  a   0.511  -6.285   7.678  g   0.001  -0.006  -0.001[0m
[1;32muart:~$ [m[8D[J[1;32muart:~$ [m[8D[J[00:09:49.886,000] [0m<inf> imu: LSM6DS3TR-C  a   0.223  -6.229   7.950  g   0.023  -0.064   0.014[0m
[1;32muart:~$ [m[8D[J[00:09:49.887,000] [0m<inf> imu: LSM6DSV16X   a   0.526  -6.075   8.292  g  -0.011   0.002  -0.002[0m
[1;32muart:~$ [m[8D[J[1;32muart:~$ [m[8D[J[00:09:49.888,000] [0m<inf> imu: ICM-42688-P  a   0.517  -6.285   7.661  g   0.001  -0.005   0.000[0m
[1;32muart:~$ [m[8D[J[00:09:49.989,000] [0m<inf> imu: LSM6DS3TR-C  a   0.231  -6.218   7.965  g   0.025  -0.062   0.014[0m
[1;32muart:~$ [m[8D[J[1;32muart:~$ [m[8D[J[00:09:49.989,000] [0m<inf> imu: LSM6DSV16X   a   0.524  -6.080   8.294  g  -0.012   0.002  -0.003[0m
[1;32muart:~$ [m[8D[J[00:09:49.990,000] [0m<inf> imu: ICM-42688-P  a   0.511  -6.282   7.682  g   0.000  -0.006  -0.001[0m
[1;32muart:~$ [m[8D[J[1;32muart:~$ [m[8D[J[00:09:50.091,000] [0m<inf> imu: LSM6DS3TR-C  a   0.226  -6.261   7.959  g   0.023  -0.061   0.012[0m
[1;32muart:~$ [m[8D[J[00:09:50.092,000] [0m<inf> imu: LSM6DSV16X   a   0.519  -6.082   8.288  g  -0.011   0.002  -0.003[0m
[1;32muart:~$ [m[8D[J[1;32muart:~$ [m[8D[J[00:09:50.092,000] [0m<inf> imu: ICM-42688-P  a   0.520  -6.297   7.675  g   0.000  -0.005   0.000[0m
[1;32muart:~$ [m[8D[J[00:09:50.193,000] [0m<inf> imu: LSM6DS3TR-C  a   0.228  -6.243   7.960  g   0.024  -0.064   0.013[0m
[1;32muart:~$ [m[8D[J[00:09:50.194,000] [0m<inf> imu: LSM6DSV16X   a   0.519  -6.087   8.291  g  -0.012   0.002  -0.002[0m
[1;32muart:~$ [m[8D[J[1;32muart:~$ [m[8D[J[00:09:50.195,000] [0m<inf> imu: ICM-42688-P  a   0.511  -6.286   7.696  g   0.000  -0.006  -0.000[0m
[1;32muart:~$ [m[8D[J[00:09:50.296,000] [0m<inf> imu: LSM6DS3TR-C  a   0.211  -6.240   7.973  g   0.023  -0.063   0.011[0m
[1;32muart:~$ [m[8D[J[1;32muart:~$ [m[8D[J[00:09:50.297,000] [0m<inf> imu: LSM6DSV16X   a   0.521  -6.085   8.294  g  -0.011   0.001  -0.002[0m
[1;32muart:~$ [m[8D[J[00:09:50.298,000] [0m<inf> imu: ICM-42688-P  a   0.509  -6.296   7.691  g   0.000  -0.005  -0.001[0m
[1;32muart:~$ [m[8D[J[00:09:50.399,000] [0m<inf> imu: LSM6DS3TR-C  a   0.222  -6.207   7.945  g   0.023  -0.063   0.012[0m
[1;32muart:~$ [m[8D[J[1;32muart:~$ [m[8D[J[00:09:50.400,000] [0m<inf> imu: LSM6DSV16X   a   0.523  -6.093   8.294  g  -0.011   0.003  -0.003[0m
[1;32muart:~$ [m[8D[J[00:09:50.400,000] [0m<inf> imu: ICM-42688-P  a   0.514  -6.290   7.666  g   0.000  -0.005  -0.000[0m
[1;32muart:~$ [m[8D[J[00:09:50.501,000] [0m<inf> imu: LSM6DS3TR-C  a   0.202  -6.245   7.966  g   0.027  -0.061   0.014[0m
[1;32muart:~$ [m[8D[J[00:09:50.502,000] [0m<inf> imu: LSM6DSV16X   a   0.526  -6.078   8.298  g  -0.010   0.002  -0.002[0m
[1;32muart:~$ [m[8D[J[1;32muart:~$ [m[8D[J[00:09:50.502,000] [0m<inf> imu: ICM-42688-P  a   0.511  -6.290   7.673  g   0.001  -0.005   0.000[0m
[1;32muart:~$ [m[8D[J[1;32muart:~$ [m[8D[J[00:09:50.604,000] [0m<inf> imu: LSM6DS3TR-C  a   0.223  -6.221   7.982  g   0.025  -0.062   0.011[0m
[1;32muart:~$ [m[8D[J[00:09:50.604,000] [0m<inf> imu: LSM6DSV16X   a   0.523  -6.080   8.298  g  -0.012   0.003  -0.003[0m
[1;32muart:~$ [m[8D[J[1;32muart:~$ [m[8D[J[00:09:50.605,000] [0m<inf> imu: ICM-42688-P  a   0.512  -6.294   7.670  g   0.001  -0.005  -0.001[0m
[1;32muart:~$ [m[8D[J[00:09:50.706,000] [0m<inf> imu: LSM6DS3TR-C  a   0.205  -6.236   7.957  g   0.024  -0.061   0.011[0m
[1;32muart:~$ [m[8D[J[1;32muart:~$ [m[8D[J[00:09:50.707,000] [0m<inf> imu: LSM6DSV16X   a   0.531  -6.075   8.297  g  -0.012   0.002  -0.003[0m
[1;32muart:~$ [m[8D[J[00:09:50.707,000] [0m<inf> imu: ICM-42688-P  a   0.526  -6.279   7.671  g   0.000  -0.006   0.000[0m
[1;32muart:~$ [m[8D[J[1;32muart:~$ [m[8D[J[00:09:50.808,000] [0m<inf> imu: LSM6DS3TR-C  a   0.224  -6.284   7.985  g   0.025  -0.062   0.013[0m
[1;32muart:~$ [m[8D[J[00:09:50.809,000] [0m<inf> imu: LSM6DSV16X   a   0.529  -6.083   8.310  g  -0.011   0.002  -0.002[0m
[1;32muart:~$ [m[8D[J[1;32muart:~$ [m[8D[J[00:09:50.810,000] [0m<inf> imu: ICM-42688-P  a   0.511  -6.286   7.671  g   0.001  -0.005  -0.000[0m
[1;32muart:~$ [m[8D[J[00:09:50.911,000] [0m<inf> imu: LSM6DS3TR-C  a   0.241  -6.240   7.951  g   0.025  -0.063   0.013[0m
[1;32muart:~$ [m[8D[J[00:09:50.911,000] [0m<inf> imu: LSM6DSV16X   a   0.522  -6.080   8.299  g  -0.012   0.002  -0.003[0m
[1;32muart:~$ [m[8D[J[1;32muart:~$ [m[8D[J[00:09:50.912,000] [0m<inf> imu: ICM-42688-P  a   0.512  -6.291   7.699  g   0.001  -0.006  -0.001[0m
[1;32muart:~$ [m[8D[J[00:09:51.013,000] [0m<inf> imu: LSM6DS3TR-C  a   0.197  -6.275   7.972  g   0.025  -0.061   0.011[0m
[1;32muart:~$ [m[8D[J[1;32muart:~$ [m[8D[J[00:09:51.014,000] [0m<inf> imu: LSM6DSV16X   a   0.525  -6.087   8.301  g  -0.012   0.002  -0.003[0m
[1;32muart:~$ [m[8D[J[00:09:51.015,000] [0m<inf> imu: ICM-42688-P  a   0.523  -6.282   7.682  g   0.001  -0.005  -0.001[0m
[1;32muart:~$ [m[8D[J[00:09:51.116,000] [0m<inf> imu: LSM6DS3TR-C  a   0.214  -6.226   7.969  g   0.026  -0.062   0.013[0m
[1;32muart:~$ [m[8D[J[1;32muart:~$ [m[8D[J[00:09:51.116,000] [0m<inf> imu: LSM6DSV16X   a   0.526  -6.083   8.300  g  -0.012   0.002  -0.003[0m
[1;32muart:~$ [m[8D[J[00:09:51.117,000] [0m<inf> imu: ICM-42688-P  a   0.518  -6.298   7.687  g   0.000  -0.006   0.000[0m
[1;32muart:~$ [m[8D[J[00:09:51.218,000] [0m<inf> imu: LSM6DS3TR-C  a   0.188  -6.243   8.030  g   0.025  -0.062   0.011[0m
[1;32muart:~$ [m[8D[J[00:09:51.219,000] [0m<inf> imu: LSM6DSV16X   a   0.524  -6.089   8.289  g  -0.011   0.003  -0.003[0m
[1;32muart:~$ [m[8D[J[1;32muart:~$ [m[8D[J[00:09:51.219,000] [0m<inf> imu: ICM-42688-P  a   0.520  -6.293   7.677  g   0.000  -0.006  -0.001[0m
[1;32muart:~$ [m[8D[J[1;32muart:~$ [m[8D[J[00:09:51.320,000] [0m<inf> imu: LSM6DS3TR-C  a   0.206  -6.216   8.021  g   0.024  -0.064   0.011[0m
[1;32muart:~$ [m[8D[J[00:09:51.321,000] [0m<inf> imu: LSM6DSV16X   a   0.525  -6.086   8.284  g  -0.010   0.003  -0.003[0m
[1;32muart:~$ [m[8D[J[1;32muart:~$ [m[8D[J[00:09:51.322,000] [0m<inf> imu: ICM-42688-P  a   0.518  -6.299   7.689  g  -0.001  -0.006   0.000[0m
[1;32muart:~$ [m[8D[J[00:09:51.423,000] [0m<inf> imu: LSM6DS3TR-C  a   0.191  -6.259   7.929  g   0.024  -0.062   0.012[0m
[1;32muart:~$ [m[8D[J[1;32muart:~$ [m[8D[J[00:09:51.423,000] [0m<inf> imu: LSM6DSV16X   a   0.522  -6.100   8.298  g  -0.011   0.002  -0.002[0m
[1;32muart:~$ [m[8D[J[00:09:51.424,000] [0m<inf> imu: ICM-42688-P  a   0.496  -6.299   7.684  g   0.000  -0.005  -0.000[0m
[1;32muart:~$ [m[8D[J[1;32muart:~$ [m[8D[J[00:09:51.525,000] [0m<inf> imu: LSM6DS3TR-C  a   0.183  -6.240   7.985  g   0.025  -0.061   0.013[0m
[1;32muart:~$ [m[8D[J[00:09:51.526,000] [0m<inf> imu: LSM6DSV16X   a   0.516  -6.087   8.296  g  -0.011   0.002  -0.003[0m
[1;32muart:~$ [m[8D[J[1;32muart:~$ [m[8D[J[00:09:51.526,000] [0m<inf> imu: ICM-42688-P  a   0.521  -6.293   7.664  g   0.002  -0.004  -0.001[0m
[1;32muart:~$ [m[8D[J[00:09:51.627,000] [0m<inf> imu: LSM6DS3TR-C  a   0.255  -6.226   7.984  g   0.026  -0.064   0.012[0m
[1;32muart:~$ [m[8D[J[00:09:51.628,000] [0m<inf> imu: LSM6DSV16X   a   0.521  -6.087   8.304  g  -0.011   0.002  -0.003[0m
[1;32muart:~$ [m[8D[J[1;32muart:~$ [m[8D[J[00:09:51.628,000] [0m<inf> imu: ICM-42688-P  a   0.522  -6.290   7.684  g  -0.001  -0.005   0.000[0m
[1;32muart:~$ [m[8D[J[00:09:51.730,000] [0m<inf> imu: LSM6DS3TR-C  a   0.202  -6.233   7.959  g   0.025  -0.060   0.013[0m
[1;32muart:~$ [m[8D[J[1;32muart:~$ [m[8D[J[00:09:51.731,000] [0m<inf> imu: LSM6DSV16X   a   0.519  -6.083   8.291  g  -0.012   0.001  -0.002[0m
[1;32muart:~$ [m[8D[J[00:09:51.732,000] [0m<inf> imu: ICM-42688-P  a   0.510  -6.308   7.687  g   0.000  -0.005  -0.000[0m
[1;32muart:~$ [m[8D[J[00:09:51.833,000] [0m<inf> imu: LSM6DS3TR-C  a   0.205  -6.236   7.978  g   0.024  -0.063   0.012[0m
[1;32muart:~$ [m[8D[J[1;32muart:~$ [m[8D[J[00:09:51.833,000] [0m<inf> imu: LSM6DSV16X   a   0.529  -6.085   8.293  g  -0.012   0.002  -0.002[0m
[1;32muart:~$ [m[8D[J[00:09:51.834,000] [0m<inf> imu: ICM-42688-P  a   0.521  -6.288   7.681  g   0.000  -0.005   0.000[0m
[1;32muart:~$ [m[8D[J[00:09:51.935,000] [0m<inf> imu: LSM6DS3TR-C  a   0.224  -6.254   7.944  g   0.025  -0.061   0.014[0m
[1;32muart:~$ [m[8D[J[00:09:51.936,000] [0m<inf> imu: LSM6DSV16X   a   0.526  -6.078   8.304  g  -0.011   0.001  -0.003[0m
[1;32muart:~$ [m[8D[J[1;32muart:~$ [m[8D[J[00:09:51.936,000] [0m<inf> imu: ICM-42688-P  a   0.514  -6.288   7.690  g   0.001  -0.006  -0.001[0m
[1;32muart:~$ [m[8D[J[1;32muart:~$ [m[8D[J[00:09:52.037,000] [0m<inf> imu: LSM6DS3TR-C  a   0.220  -6.220   7.967  g   0.023  -0.061   0.013[0m
[1;32muart:~$ [m[8D[J[00:09:52.038,000] [0m<inf> imu: LSM6DSV16X   a   0.524  -6.090   8.300  g  -0.012   0.002  -0.003[0m
[1;32muart:~$ [m[8D[J[1;32muart:~$ [m[8D[J[00:09:52.039,000] [0m<inf> imu: ICM-42688-P  a   0.512  -6.297   7.679  g   0.001  -0.006   0.001[0m
[1;32muart:~$ [m[8D[J[00:09:52.140,000] [0m<inf> imu: LSM6DS3TR-C  a   0.206  -6.242   7.978  g   0.026  -0.061   0.012[0m
[1;32muart:~$ [m[8D[J[1;32muart:~$ [m[8D[J[00:09:52.140,000] [0m<inf> imu: LSM6DSV16X   a   0.522  -6.090   8.289  g  -0.011   0.002  -0.003[0m
[1;32muart:~$ [m[8D[J[00:09:52.141,000] [0m<inf> imu: ICM-42688-P  a   0.515  -6.279   7.688  g   0.000  -0.005  -0.000[0m
[1;32muart:~$ [m[8D[J[1;32muart:~$ [m[8D[J[00:09:52.242,000] [0m<inf> imu: LSM6DS3TR-C  a   0.211  -6.231   7.976  g   0.026  -0.061   0.012[0m
[1;32muart:~$ [m[8D[J[00:09:52.243,000] [0m<inf> imu: LSM6DSV16X   a   0.520  -6.087   8.296  g  -0.011   0.002  -0.003[0m
[1;32muart:~$ [m[8D[J[00:09:52.243,000] [0m<inf> imu: ICM-42688-P  a   0.523  -6.302   7.673  g  -0.000  -0.006  -0.001[0m
[1;32muart:~$ [m[8D[J[1;32muart:~$ [m[8D[J[00:09:52.344,000] [0m<inf> imu: LSM6DS3TR-C  a   0.212  -6.243   7.994  g   0.024  -0.063   0.011[0m
[1;32muart:~$ [m[8D[J[00:09:52.345,000] [0m<inf> imu: LSM6DSV16X   a   0.528  -6.085   8.296  g  -0.010   0.002  -0.003[0m
[1;32muart:~$ [m[8D[J[1;32muart:~$ [m[8D[J[00:09:52.345,000] [0m<inf> imu: ICM-42688-P  a   0.517  -6.270   7.693  g   0.001  -0.006  -0.000[0m
[1;32muart:~$ [m[8D[J[00:09:52.447,000] [0m<inf> imu: LSM6DS3TR-C  a   0.175  -6.205   7.990  g   0.023  -0.064   0.012[0m
[1;32muart:~$ [m[8D[J[00:09:52.449,000] [0m<inf> imu: LSM6DSV16X   a   0.522  -6.080   8.294  g  -0.011   0.002  -0.002[0m
[1;32muart:~$ [m[8D[J[1;32muart:~$ [m[8D[J[00:09:52.449,000] [0m<inf> imu: ICM-42688-P  a   0.508  -6.288   7.670  g   0.000  -0.005  -0.001[0m
[1;32muart:~$ [m[8D[J[00:09:52.550,000] [0m<inf> imu: LSM6DS3TR-C  a   0.212  -6.220   7.924  g   0.025  -0.061   0.011[0m
[1;32muart:~$ [m[8D[J[1;32muart:~$ [m[8D[J[00:09:52.551,000] [0m<inf> imu: LSM6DSV16X   a   0.522  -6.089   8.296  g  -0.012   0.002  -0.002[0m
[1;32muart:~$ [m[8D[J[00:09:52.552,000] [0m<inf> imu: ICM-42688-P  a   0.523  -6.296   7.682  g   0.000  -0.005   0.000[0m
[1;32muart:~$ [m[8D[J[1;32muart:~$ [m[8D[J[00:09:52.653,000] [0m<inf> imu: LSM6DS3TR-C  a   0.229  -6.223   7.981  g   0.024  -0.064   0.010[0m
[1;32muart:~$ [m[8D[J[00:09:52.654,000] [0m<inf> imu: LSM6DSV16X   a   0.529  -6.083   8.296  g  -0.011   0.002  -0.002[0m
[1;32muart:~$ [m[8D[J[1;32muart:~$ [m[8D[J[00:09:52.655,000] [0m<inf> imu: ICM-42688-P  a   0.522  -6.284   7.687  g   0.001  -0.005  -0.001[0m
[1;32muart:~$ [m[8D[J[00:09:52.756,000] [0m<inf> imu: LSM6DS3TR-C  a   0.204  -6.242   7.970  g   0.024  -0.061   0.010[0m
[1;32muart:~$ [m[8D[J[1;32muart:~$ [m[8D[J[00:09:52.757,000] [0m<inf> imu: LSM6DSV16X   a   0.523  -6.087   8.301  g  -0.011   0.002  -0.003[0m
[1;32muart:~$ [m[8D[J[00:09:52.757,000] [0m<inf> imu: ICM-42688-P  a   0.517  -6.293   7.679  g   0.000  -0.006   0.000[0m
[1;32muart:~$ [m[8D[J[1;32muart:~$ [m[8D[J[00:09:52.858,000] [0m<inf> imu: LSM6DS3TR-C  a   0.193  -6.221   7.967  g   0.023  -0.061   0.011[0m
[1;32muart:~$ [m[8D[J[00:09:52.859,000] [0m<inf> imu: LSM6DSV16X   a   0.522  -6.081   8.296  g  -0.011   0.002  -0.003[0m
[1;32muart:~$ [m[8D[J[1;32muart:~$ [m[8D[J[00:09:52.860,000] [0m<inf> imu: ICM-42688-P  a   0.521  -6.294   7.678  g   0.001  -0.005  -0.000[0m
[1;32muart:~$ [m[8D[J[00:09:52.961,000] [0m<inf> imu: LSM6DS3TR-C  a   0.234  -6.233   7.944  g   0.025  -0.062   0.011[0m
[1;32muart:~$ [m[8D[J[00:09:52.961,000] [0m<inf> imu: LSM6DSV16X   a   0.525  -6.081   8.301  g  -0.012   0.002  -0.003[0m
[1;32muart:~$ [m[8D[J[1;32muart:~$ [m[8D[J[00:09:52.962,000] [0m<inf> imu: ICM-42688-P  a   0.524  -6.270   7.671  g  -0.000  -0.006  -0.001[0m
[1;32muart:~$ [m[8D[J[00:09:53.063,000] [0m<inf> imu: LSM6DS3TR-C  a   0.223  -6.233   7.974  g   0.026  -0.062   0.013[0m
[1;32muart:~$ [m[8D[J[1;32muart:~$ [m[8D[J[00:09:53.064,000] [0m<inf> imu: LSM6DSV16X   a   0.525  -6.081   8.291  g  -0.012   0.002  -0.002[0m
[1;32muart:~$ [m[8D[J[00:09:53.065,000] [0m<inf> imu: ICM-42688-P  a   0.512  -6.285   7.687  g   0.000  -0.005   0.000[0m
[1;32muart:~$ [m[8D[J[00:09:53.166,000] [0m<inf> imu: LSM6DS3TR-C  a   0.238  -6.243   7.966  g   0.023  -0.062   0.011[0m
[1;32muart:~$ [m[8D[J[1;32muart:~$ [m[8D[J[00:09:53.167,000] [0m<inf> imu: LSM6DSV16X   a   0.521  -6.085   8.292  g  -0.010   0.002  -0.003[0m
[1;32muart:~$ [m[8D[J[00:09:53.167,000] [0m<inf> imu: ICM-42688-P  a   0.510  -6.273   7.673  g   0.000  -0.006  -0.001[0m
[1;32muart:~$ [m[8D[J[00:09:53.268,000] [0m<inf> imu: LSM6DS3TR-C  a   0.252  -6.220   7.975  g   0.024  -0.060   0.011[0m
[1;32muart:~$ [m[8D[J[00:09:53.269,000] [0m<inf> imu: LSM6DSV16X   a   0.523  -6.077   8.297  g  -0.012   0.002  -0.002[0m
[1;32muart:~$ [m[8D[J[1;32muart:~$ [m[8D[J[00:09:53.270,000] [0m<inf> imu: ICM-42688-P  a   0.512  -6.296   7.666  g   0.001  -0.006   0.000[0m
[1;32muart:~$ [m[8D[J[1;32muart:~$ [m[8D[J[00:09:53.371,000] [0m<inf> imu: LSM6DS3TR-C  a   0.233  -6.225   7.968  g   0.025  -0.063   0.011[0m
[1;32muart:~$ [m[8D[J[00:09:53.371,000] [0m<inf> imu: LSM6DSV16X   a   0.522  -6.089   8.298  g  -0.011   0.002  -0.002[0m
[1;32muart:~$ [m[8D[J[1;32muart:~$ [m[8D[J[00:09:53.372,000] [0m<inf> imu: ICM-42688-P  a   0.517  -6.298   7.682  g  -0.001  -0.005   0.000[0m
[1;32muart:~$ [m[8D[J[00:09:53.473,000] [0m<inf> imu: LSM6DS3TR-C  a   0.235  -6.241   7.999  g   0.026  -0.061   0.011[0m
[1;32muart:~$ [m[8D[J[1;32muart:~$ [m[8D[J[00:09:53.474,000] [0m<inf> imu: LSM6DSV16X   a   0.522  -6.083   8.303  g  -0.011   0.002  -0.003[0m
[1;32muart:~$ [m[8D[J[00:09:53.474,000] [0m<inf> imu: ICM-42688-P  a   0.517  -6.282   7.695  g   0.001  -0.006  -0.001[0m
[1;32muart:~$ [m[8D[J[1;32muart:~$ [m[8D[J[00:09:53.575,000] [0m<inf> imu: LSM6DS3TR-C  a   0.229  -6.231   7.984  g   0.024  -0.064   0.013[0m
[1;32muart:~$ [m[8D[J[00:09:53.576,000] [0m<inf> imu: LSM6DSV16X   a   0.517  -6.088   8.302  g  -0.011   0.002  -0.003[0m
[1;32muart:~$ [m[8D[J[1;32muart:~$ [m[8D[J[00:09:53.576,000] [0m<inf> imu: ICM-42688-P  a   0.515  -6.294   7.687  g   0.001  -0.005  -0.000[0m
[1;32muart:~$ [m[8D[J[00:09:53.677,000] [0m<inf> imu: LSM6DS3TR-C  a   0.226  -6.243   7.978  g   0.025  -0.062   0.012[0m
[1;32muart:~$ [m[8D[J[00:09:53.678,000] [0m<inf> imu: LSM6DSV16X   a   0.526  -6.083   8.298  g  -0.013   0.002  -0.003[0m
[1;32muart:~$ [m[8D[J[1;32muart:~$ [m[8D[J[00:09:53.679,000] [0m<inf> imu: ICM-42688-P  a   0.517  -6.276   7.700  g   0.000  -0.006  -0.000[0m
[1;32muart:~$ [m[8D[J[00:09:53.780,000] [0m<inf> imu: LSM6DS3TR-C  a   0.223  -6.232   7.966  g   0.024  -0.062   0.014[0m
[1;32muart:~$ [m[8D[J[1;32muart:~$ [m[8D[J[00:09:53.781,000] [0m<inf> imu: LSM6DSV16X   a   0.522  -6.086   8.296  g  -0.012   0.002  -0.003[0m
[1;32muart:~$ [m[8D[J[00:09:53.782,000] [0m<inf> imu: ICM-42688-P  a   0.526  -6.296   7.685  g  -0.000  -0.005   0.000[0m
[1;32muart:~$ [m[8D[J[1;32muart:~$ [m[8D[J[00:09:53.883,000] [0m<inf> imu: LSM6DS3TR-C  a   0.234  -6.233   7.988  g   0.025  -0.063   0.010[0m
[1;32muart:~$ [m[8D[J[00:09:53.884,000] [0m<inf> imu: LSM6DSV16X   a   0.524  -6.083   8.301  g  -0.012   0.002  -0.003[0m
[1;32muart:~$ [m[8D[J[00:09:53.884,000] [0m<inf> imu: ICM-42688-P  a   0.512  -6.279   7.678  g   0.001  -0.005  -0.001[0m
[1;32muart:~$ [m[8D[J[1;32muart:~$ [m[8D[J[00:09:53.986,000] [0m<inf> imu: LSM6DS3TR-C  a   0.236  -6.237   7.997  g   0.025  -0.062   0.012[0m
[1;32muart:~$ [m[8D[J[00:09:53.987,000] [0m<inf> imu: LSM6DSV16X   a   0.523  -6.092   8.301  g  -0.012   0.002  -0.003[0m
[1;32muart:~$ [m[8D[J[1;32muart:~$ [m[8D[J[00:09:53.988,000] [0m<inf> imu: ICM-42688-P  a   0.514  -6.281   7.678  g   0.000  -0.005   0.000[0m
[1;32muart:~$ [m[8D[J[00:09:54.089,000] [0m<inf> imu: LSM6DS3TR-C  a   0.248  -6.257   7.957  g   0.025  -0.062   0.013[0m
[1;32muart:~$ [m[8D[J[1;32muart:~$ [m[8D[J[00:09:54.090,000] [0m<inf> imu: LSM6DSV16X   a   0.516  -6.082   8.312  g  -0.011   0.002  -0.002[0m
[1;32muart:~$ [m[8D[J[00:09:54.090,000] [0m<inf> imu: ICM-42688-P  a   0.512  -6.276   7.669  g   0.001  -0.006  -0.000[0m
[1;32muart:~$ [m[8D[J[00:09:54.191,000] [0m<inf> imu: LSM6DS3TR-C  a   0.225  -6.253   7.982  g   0.024  -0.063   0.012[0m
[1;32muart:~$ [m[8D[J[00:09:54.192,000] [0m<inf> imu: LSM6DSV16X   a   0.517  -6.080   8.305  g  -0.011   0.002  -0.003[0m
[1;32muart:~$ [m[8D[J[00:09:54.193,000] [0m<inf> imu: ICM-42688-P  a   0.517  -6.293   7.691  g   0.000  -0.006  -0.001[0m
[1;32muart:~$ [m[8D[J[1;32muart:~$ [m[8D[J[00:09:54.294,000] [0m<inf> imu: LSM6DS3TR-C  a   0.218  -6.232   7.988  g   0.024  -0.061   0.013[0m
[1;32muart:~$ [m[8D[J[00:09:54.294,000] [0m<inf> imu: LSM6DSV16X   a   0.523  -6.085   8.310  g  -0.012   0.002  -0.003[0m
[1;32muart:~$ [m[8D[J[1;32muart:~$ [m[8D[J[00:09:54.295,000] [0m<inf> imu: ICM-42688-P  a   0.514  -6.282   7.676  g   0.001  -0.006  -0.000[0m
[1;32muart:~$ [m[8D[J[00:09:54.396,000] [0m<inf> imu: LSM6DS3TR-C  a   0.217  -6.230   7.982  g   0.023  -0.063   0.012[0m
[1;32muart:~$ [m[8D[J[00:09:54.397,000] [0m<inf> imu: LSM6DSV16X   a   0.521  -6.080   8.303  g  -0.011   0.002  -0.003[0m
[1;32muart:~$ [m[8D[J[1;32muart:~$ [m[8D[J[00:09:54.397,000] [0m<inf> imu: ICM-42688-P  a   0.524  -6.294   7.678  g   0.000  -0.005  -0.000[0m
[1;32muart:~$ [m[8D[J[00:09:54.499,000] [0m<inf> imu: LSM6DS3TR-C  a   0.260  -6.230   7.952  g   0.026  -0.064   0.010[0m
[1;32muart:~$ [m[8D[J[1;32muart:~$ [m[8D[J[00:09:54.500,000] [0m<inf> imu: LSM6DSV16X   a   0.522  -6.083   8.297  g  -0.012   0.002  -0.003[0m
[1;32muart:~$ [m[8D[J[00:09:54.500,000] [0m<inf> imu: ICM-42688-P  a   0.511  -6.294   7.677  g  -0.001  -0.005  -0.000[0m
[1;32muart:~$ [m[8D[J[1;32muart:~$ [m[8D[J[00:09:54.602,000] [0m<inf> imu: LSM6DS3TR-C  a   0.224  -6.239   8.010  g   0.024  -0.062   0.013[0m
[1;32muart:~$ [m[8D[J[00:09:54.604,000] [0m<inf> imu: LSM6DSV16X   a   0.522  -6.084   8.313  g  -0.011   0.001  -0.003[0m
[1;32muart:~$ [m[8D[J[1;32muart:~$ [m[8D[J[00:09:54.604,000] [0m<inf> imu: ICM-42688-P  a   0.522  -6.278   7.670  g   0.000  -0.005  -0.000[0m
[1;32muart:~$ [m[8D[J[00:09:54.705,000] [0m<inf> imu: LSM6DS3TR-C  a   0.211  -6.239   8.010  g   0.022  -0.060   0.014[0m
[1;32muart:~$ [m[8D[J[1;32muart:~$ [m[8D[J[00:09:54.706,000] [0m<inf> imu: LSM6DSV16X   a   0.522  -6.081   8.310  g  -0.011   0.003  -0.003[0m
[1;32muart:~$ [m[8D[J[00:09:54.707,000] [0m<inf> imu: ICM-42688-P  a   0.508  -6.287   7.677  g   0.000  -0.006  -0.000[0m
[1;32muart:~$ [m[8D[J[1;32muart:~$ [m[8D[J[00:09:54.808,000] [0m<inf> imu: LSM6DS3TR-C  a   0.252  -6.243   7.983  g   0.024  -0.064   0.013[0m
[1;32muart:~$ [m[8D[J[00:09:54.808,000] [0m<inf> imu: LSM6DSV16X   a   0.531  -6.084   8.303  g  -0.013   0.001  -0.002[0m
[1;32muart:~$ [m[8D[J[1;32muart:~$ [m[8D[J[00:09:54.809,000] [0m<inf> imu: ICM-42688-P  a   0.511  -6.299   7.688  g   0.000  -0.006  -0.001[0m
[1;32muart:~$ [m[8D[J[00:09:54.910,000] [0m<inf> imu: LSM6DS3TR-C  a   0.206  -6.233   7.962  g   0.025  -0.062   0.012[0m
[1;32muart:~$ [m[8D[J[00:09:54.911,000] [0m<inf> imu: LSM6DSV16X   a   0.526  -6.076   8.306  g  -0.012   0.002  -0.003[0m
[1;32muart:~$ [m[8D[J[1;32muart:~$ [m[8D[J[00:09:54.911,000] [0m<inf> imu: ICM-42688-P  a   0.520  -6.276   7.666  g   0.001  -0.004  -0.001[0m
[1;32muart:~$ [m[8D[J[00:09:55.013,000] [0m<inf> imu: LSM6DS3TR-C  a   0.232  -6.249   7.997  g   0.025  -0.063   0.011[0m
[1;32muart:~$ [m[8D[J[1;32muart:~$ [m[8D[J[00:09:55.014,000] [0m<inf> imu: LSM6DSV16X   a   0.515  -6.087   8.313  g  -0.010   0.003  -0.003[0m
[1;32muart:~$ [m[8D[J[00:09:55.014,000] [0m<inf> imu: ICM-42688-P  a   0.508  -6.290   7.673  g   0.000  -0.006  -0.001[0m
[1;32muart:~$ [m[8D[J[00:09:55.116,000] [0m<inf> imu: LSM6DS3TR-C  a   0.209  -6.214   7.988  g   0.026  -0.062   0.011[0m
[1;32muart:~$ [m[8D[J[1;32muart:~$ [m[8D[J[00:09:55.116,000] [0m<inf> imu: LSM6DSV16X   a   0.522  -6.078   8.301  g  -0.011   0.002  -0.003[0m
[1;32muart:~$ [m[8D[J[00:09:55.117,000] [0m<inf> imu: ICM-42688-P  a   0.512  -6.293   7.679  g   0.000  -0.005  -0.000[0m
[1;32muart:~$ [m[8D[J[00:09:55.218,000] [0m<inf> imu: LSM6DS3TR-C  a   0.213  -6.230   7.990  g   0.024  -0.060   0.014[0m
[1;32muart:~$ [m[8D[J[00:09:55.219,000] [0m<inf> imu: LSM6DSV16X   a   0.521  -6.080   8.313  g  -0.012   0.004  -0.002[0m
[1;32muart:~$ [m[8D[J[1;32muart:~$ [m[8D[J[00:09:55.219,000] [0m<inf> imu: ICM-42688-P  a   0.512  -6.282   7.685  g   0.000  -0.006   0.000[0m
[1;32muart:~$ [m[8D[J[1;32muart:~$ [m[8D[J[00:09:55.320,000] [0m<inf> imu: LSM6DS3TR-C  a   0.179  -6.231   7.968  g   0.024  -0.064   0.011[0m
[1;32muart:~$ [m[8D[J[00:09:55.321,000] [0m<inf> imu: LSM6DSV16X   a   0.521  -6.085   8.313  g  -0.012   0.002  -0.003[0m
[1;32muart:~$ [m[8D[J[1;32muart:~$ [m[8D[J[00:09:55.322,000] [0m<inf> imu: ICM-42688-P  a   0.523  -6.286   7.696  g   0.001  -0.006   0.000[0m
[1;32muart:~$ [m[8D[J[00:09:55.423,000] [0m<inf> imu: LSM6DS3TR-C  a   0.246  -6.242   7.939  g   0.024  -0.063   0.013[0m
[1;32muart:~$ [m[8D[J[1;32muart:~$ [m[8D[J[00:09:55.423,000] [0m<inf> imu: LSM6DSV16X   a   0.525  -6.084   8.305  g  -0.012   0.002  -0.002[0m
[1;32muart:~$ [m[8D[J[00:09:55.424,000] [0m<inf> imu: ICM-42688-P  a   0.515  -6.285   7.666  g   0.001  -0.006  -0.001[0m
[1;32muart:~$ [m[8D[J[1;32muart:~$ [m[8D[J[00:09:55.525,000] [0m<inf> imu: LSM6DS3TR-C  a   0.225  -6.199   7.996  g   0.025  -0.062   0.013[0m
[1;32muart:~$ [m[8D[J[00:09:55.526,000] [0m<inf> imu: LSM6DSV16X   a   0.520  -6.095   8.314  g  -0.012   0.002  -0.003[0m
[1;32muart:~$ [m[8D[J[1;32muart:~$ [m[8D[J[00:09:55.526,000] [0m<inf> imu: ICM-42688-P  a   0.504  -6.298   7.673  g   0.001  -0.005   0.000[0m
[1;32muart:~$ [m[8D[J[00:09:55.627,000] [0m<inf> imu: LSM6DS3TR-C  a   0.246  -6.248   7.965  g   0.027  -0.063   0.013[0m
[1;32muart:~$ [m[8D[J[00:09:55.628,000] [0m<inf> imu: LSM6DSV16X   a   0.523  -6.083   8.313  g  -0.012   0.002  -0.003[0m
[1;32muart:~$ [m[8D[J[1;32muart:~$ [m[8D[J[00:09:55.628,000] [0m<inf> imu: ICM-42688-P  a   0.505  -6.292   7.691  g   0.000  -0.006   0.000[0m
[1;32muart:~$ [m[8D[J[00:09:55.730,000] [0m<inf> imu: LSM6DS3TR-C  a   0.251  -6.226   8.003  g   0.025  -0.063   0.013[0m
[1;32muart:~$ [m[8D[J[1;32muart:~$ [m[8D[J[00:09:55.731,000] [0m<inf> imu: LSM6DSV16X   a   0.526  -6.090   8.317  g  -0.012   0.002  -0.002[0m
[1;32muart:~$ [m[8D[J[00:09:55.732,000] [0m<inf> imu: ICM-42688-P  a   0.509  -6.288   7.687  g  -0.000  -0.005   0.000[0m
[1;32muart:~$ [m[8D[J[1;32muart:~$ [m[8D[J[00:09:55.833,000] [0m<inf> imu: LSM6DS3TR-C  a   0.215  -6.202   7.996  g   0.024  -0.063   0.011[0m
[1;32muart:~$ [m[8D[J[00:09:55.834,000] [0m<inf> imu: LSM6DSV16X   a   0.519  -6.078   8.310  g  -0.011   0.002  -0.002[0m
[1;32muart:~$ [m[8D[J[00:09:55.834,000] [0m<inf> imu: ICM-42688-P  a   0.512  -6.290   7.678  g   0.000  -0.006  -0.001[0m
[1;32muart:~$ [m[8D[J[1;32muart:~$ [m[8D[J[00:09:55.936,000] [0m<inf> imu: LSM6DS3TR-C  a   0.220  -6.241   8.012  g   0.024  -0.061   0.012[0m
[1;32muart:~$ [m[8D[J[00:09:55.937,000] [0m<inf> imu: LSM6DSV16X   a   0.523  -6.084   8.306  g  -0.012   0.003  -0.003[0m
[1;32muart:~$ [m[8D[J[1;32muart:~$ [m[8D[J[00:09:55.938,000] [0m<inf> imu: ICM-42688-P  a   0.496  -6.287   7.685  g   0.000  -0.005   0.000[0m
[1;32muart:~$ [m[8D[J[00:09:56.039,000] [0m<inf> imu: LSM6DS3TR-C  a   0.206  -6.249   8.010  g   0.026  -0.064   0.013[0m
[1;32muart:~$ [m[8D[J[1;32muart:~$ [m[8D[J[00:09:56.040,000] [0m<inf> imu: LSM6DSV16X   a   0.528  -6.080   8.308  g  -0.011   0.002  -0.003[0m
[1;32muart:~$ [m[8D[J[00:09:56.040,000] [0m<inf> imu: ICM-42688-P  a   0.526  -6.281   7.676  g   0.001  -0.006  -0.001[0m
[1;32muart:~$ [m[8D[J[1;32muart:~$ [m[8D[J[00:09:56.141,000] [0m<inf> imu: LSM6DS3TR-C  a   0.224  -6.238   7.959  g   0.025  -0.064   0.012[0m
[1;32muart:~$ [m[8D[J[00:09:56.142,000] [0m<inf> imu: LSM6DSV16X   a   0.517  -6.083   8.308  g  -0.011   0.002  -0.002[0m
[1;32muart:~$ [m[8D[J[00:09:56.143,000] [0m<inf> imu: ICM-42688-P  a   0.497  -6.280   7.684  g  -0.001  -0.005   0.000[0m
[1;32muart:~$ [m[8D[J[00:09:56.244,000] [0m<inf> imu: LSM6DS3TR-C  a   0.232  -6.261   7.981  g   0.024  -0.064   0.010[0m
[1;32muart:~$ [m[8D[J[00:09:56.244,000] [0m<inf> imu: LSM6DSV16X   a   0.526  -6.085   8.302  g  -0.012   0.002  -0.003[0m
[1;32muart:~$ [m[8D[J[1;32muart:~$ [m[8D[J[00:09:56.245,000] [0m<inf> imu: ICM-42688-P  a   0.515  -6.284   7.689  g   0.001  -0.005   0.000[0m
[1;32muart:~$ [m[8D[J[00:09:56.346,000] [0m<inf> imu: LSM6DS3TR-C  a   0.211  -6.216   7.948  g   0.025  -0.061   0.012[0m
[1;32muart:~$ [m[8D[J[00:09:56.347,000] [0m<inf> imu: LSM6DSV16X   a   0.522  -6.080   8.298  g  -0.011   0.002  -0.003[0m
[1;32muart:~$ [m[8D[J[1;32muart:~$ [m[8D[J[00:09:56.348,000] [0m<inf> imu: ICM-42688-P  a   0.512  -6.290   7.673  g   0.000  -0.005  -0.001[0m
[1;32muart:~$ [m[8D[J[00:09:56.449,000] [0m<inf> imu: LSM6DS3TR-C  a   0.232  -6.252   7.952  g   0.024  -0.064   0.011[0m
[1;32muart:~$ [m[8D[J[1;32muart:~$ [m[8D[J[00:09:56.450,000] [0m<inf> imu: LSM6DSV16X   a   0.529  -6.080   8.310  g  -0.012   0.002  -0.002[0m
[1;32muart:~$ [m[8D[J[00:09:56.450,000] [0m<inf> imu: ICM-42688-P  a   0.516  -6.282   7.681  g   0.001  -0.005  -0.001[0m
[1;32muart:~$ [m[8D[J[1;32muart:~$ [m[8D[J[00:09:56.552,000] [0m<inf> imu: LSM6DS3TR-C  a   0.196  -6.232   7.978  g   0.023  -0.061   0.014[0m
[1;32muart:~$ [m[8D[J[00:09:56.553,000] [0m<inf> imu: LSM6DSV16X   a   0.522  -6.078   8.310  g  -0.010   0.001  -0.003[0m
[1;32muart:~$ [m[8D[J[1;32muart:~$ [m[8D[J[00:09:56.553,000] [0m<inf> imu: ICM-42688-P  a   0.504  -6.296   7.684  g   0.000  -0.007   0.000[0m
[1;32muart:~$ [m[8D[J[00:09:56.655,000] [0m<inf> imu: LSM6DS3TR-C  a   0.231  -6.245   7.967  g   0.024  -0.063   0.014[0m
[1;32muart:~$ [m[8D[J[1;32muart:~$ [m[8D[J[00:09:56.656,000] [0m<inf> imu: LSM6DSV16X   a   0.522  -6.085   8.310  g  -0.010   0.002  -0.003[0m
[1;32muart:~$ [m[8D[J[00:09:56.656,000] [0m<inf> imu: ICM-42688-P  a   0.510  -6.288   7.687  g   0.001  -0.005  -0.001[0m
[1;32muart:~$ [m[8D[J[1;32muart:~$ [m[8D[J[00:09:56.757,000] [0m<inf> imu: LSM6DS3TR-C  a   0.231  -6.249   7.948  g   0.025  -0.061   0.013[0m
[1;32muart:~$ [m[8D[J[00:09:56.758,000] [0m<inf> imu: LSM6DSV16X   a   0.523  -6.081   8.298  g  -0.011   0.001  -0.003[0m
[1;32muart:~$ [m[8D[J[1;32muart:~$ [m[8D[J[00:09:56.758,000] [0m<inf> imu: ICM-42688-P  a   0.514  -6.306   7.700  g   0.000  -0.005  -0.000[0m
[1;32muart:~$ [m[8D[J[00:09:56.859,000] [0m<inf> imu: LSM6DS3TR-C  a   0.229  -6.245   7.964  g   0.024  -0.060   0.013[0m
[1;32muart:~$ [m[8D[J[00:09:56.860,000] [0m<inf> imu: LSM6DSV16X   a   0.526  -6.090   8.303  g  -0.011   0.003  -0.003[0m
[1;32muart:~$ [m[8D[J[1;32muart:~$ [m[8D[J[00:09:56.861,000] [0m<inf> imu: ICM-42688-P  a   0.509  -6.298   7.678  g   0.000  -0.005   0.000[0m
[1;32muart:~$ [m[8D[J[00:09:56.962,000] [0m<inf> imu: LSM6DS3TR-C  a   0.243  -6.241   7.972  g   0.024  -0.063   0.014[0m
[1;32muart:~$ [m[8D[J[00:09:56.962,000] [0m<inf> imu: LSM6DSV16X   a   0.517  -6.094   8.307  g  -0.011   0.002  -0.002[0m
[1;32muart:~$ [m[8D[J[1;32muart:~$ [m[8D[J[00:09:56.963,000] [0m<inf> imu: ICM-42688-P  a   0.511  -6.303   7.687  g  -0.000  -0.006  -0.001[0m
[1;32muart:~$ [m[8D[J[00:09:57.064,000] [0m<inf> imu: LSM6DS3TR-C  a   0.214  -6.247   7.941  g   0.023  -0.060   0.011[0m
[1;32muart:~$ [m[8D[J[1;32muart:~$ [m[8D[J[00:09:57.065,000] [0m<inf> imu: LSM6DSV16X   a   0.522  -6.090   8.294  g  -0.012   0.003  -0.003[0m
[1;32muart:~$ [m[8D[J[00:09:57.065,000] [0m<inf> imu: ICM-42688-P  a   0.518  -6.293   7.670  g  -0.001  -0.005  -0.001[0m
[1;32muart:~$ [m[8D[J[1;32muart:~$ [m[8D[J[00:09:57.167,000] [0m<inf> imu: LSM6DS3TR-C  a   0.223  -6.266   7.947  g   0.026  -0.063   0.013[0m
[1;32muart:~$ [m[8D[J[00:09:57.168,000] [0m<inf> imu: LSM6DSV16X   a   0.519  -6.080   8.301  g  -0.012   0.002  -0.003[0m
[1;32muart:~$ [m[8D[J[1;32muart:~$ [m[8D[J[00:09:57.169,000] [0m<inf> imu: ICM-42688-P  a   0.517  -6.279   7.702  g  -0.001  -0.005   0.000[0m
[1;32muart:~$ [m[8D[J[00:09:57.270,000] [0m<inf> imu: LSM6DS3TR-C  a   0.188  -6.228   7.987  g   0.024  -0.064   0.010[0m
[1;32muart:~$ [m[8D[J[1;32muart:~$ [m[8D[J[00:09:57.271,000] [0m<inf> imu: LSM6DSV16X   a   0.529  -6.078   8.304  g  -0.012   0.002  -0.002[0m
[1;32muart:~$ [m[8D[J[00:09:57.271,000] [0m<inf> imu: ICM-42688-P  a   0.510  -6.282   7.690  g   0.001  -0.006  -0.001[0m
[1;32muart:~$ [m[8D[J[1;32muart:~$ [m[8D[J[00:09:57.372,000] [0m<inf> imu: LSM6DS3TR-C  a   0.203  -6.255   7.944  g   0.024  -0.063   0.013[0m
[1;32muart:~$ [m[8D[J[00:09:57.373,000] [0m<inf> imu: LSM6DSV16X   a   0.522  -6.087   8.301  g  -0.012   0.002  -0.003[0m
[1;32muart:~$ [m[8D[J[1;32muart:~$ [m[8D[J[00:09:57.374,000] [0m<inf> imu: ICM-42688-P  a   0.526  -6.292   7.684  g   0.000  -0.006  -0.000[0m
[1;32muart:~$ [m[8D[J[00:09:57.475,000] [0m<inf> imu: LSM6DS3TR-C  a   0.225  -6.236   7.970  g   0.025  -0.063   0.012[0m
[1;32muart:~$ [m[8D[J[00:09:57.475,000] [0m<inf> imu: LSM6DSV16X   a   0.526  -6.082   8.313  g  -0.012   0.002  -0.003[0m
[1;32muart:~$ [m[8D[J[1;32muart:~$ [m[8D[J[00:09:57.476,000] [0m<inf> imu: ICM-42688-P  a   0.505  -6.286   7.687  g  -0.001  -0.005  -0.000[0m
[1;32muart:~$ [m[8D[J[00:09:57.578,000] [0m<inf> imu: LSM6DS3TR-C  a   0.230  -6.245   7.985  g   0.024  -0.061   0.010[0m
[1;32muart:~$ [m[8D[J[1;32muart:~$ [m[8D[J[00:09:57.579,000] [0m<inf> imu: LSM6DSV16X   a   0.519  -6.087   8.308  g  -0.011   0.002  -0.003[0m
[1;32muart:~$ [m[8D[J[00:09:57.579,000] [0m<inf> imu: ICM-42688-P  a   0.517  -6.297   7.673  g   0.001  -0.006  -0.001[0m
[1;32muart:~$ [m[8D[J[00:09:57.680,000] [0m<inf> imu: LSM6DS3TR-C  a   0.193  -6.221   7.949  g   0.024  -0.063   0.010[0m
[1;32muart:~$ [m[8D[J[1;32muart:~$ [m[8D[J[00:09:57.681,000] [0m<inf> imu: LSM6DSV16X   a   0.519  -6.087   8.300  g  -0.012   0.002  -0.002[0m
[1;32muart:~$ [m[8D[J[00:09:57.681,000] [0m<inf> imu: ICM-42688-P  a   0.518  -6.296   7.670  g   0.000  -0.005  -0.000[0m
[1;32muart:~$ [m[8D[J[00:09:57.782,000] [0m<inf> imu: LSM6DS3TR-C  a   0.244  -6.240   7.979  g   0.024  -0.063   0.013[0m
[1;32muart:~$ [m[8D[J[00:09:57.783,000] [0m<inf> imu: LSM6DSV16X   a   0.516  -6.085   8.298  g  -0.011   0.002  -0.003[0m
[1;32muart:~$ [m[8D[J[1;32muart:~$ [m[8D[J[00:09:57.784,000] [0m<inf> imu: ICM-42688-P  a   0.514  -6.280   7.670  g   0.001  -0.006  -0.001[0m
[1;32muart:~$ [m[8D[J[1;32muart:~$ [m[8D[J[00:09:57.885,000] [0m<inf> imu: LSM6DS3TR-C  a   0.227  -6.255   7.932  g   0.024  -0.064   0.011[0m
[1;32muart:~$ [m[8D[J[00:09:57.885,000] [0m<inf> imu: LSM6DSV16X   a   0.519  -6.086   8.317  g  -0.011   0.002  -0.002[0m
[1;32muart:~$ [m[8D[J[1;32muart:~$ [m[8D[J[00:09:57.886,000] [0m<inf> imu: ICM-42688-P  a   0.517  -6.294   7.696  g   0.000  -0.005   0.000[0m
[1;32muart:~$ [m[8D[J[00:09:57.987,000] [0m<inf> imu: LSM6DS3TR-C  a   0.239  -6.223   7.994  g   0.025  -0.063   0.012[0m
[1;32muart:~$ [m[8D[J[1;32muart:~$ [m[8D[J[00:09:57.988,000] [0m<inf> imu: LSM6DSV16X   a   0.529  -6.078   8.303  g  -0.012   0.002  -0.002[0m
[1;32muart:~$ [m[8D[J[00:09:57.988,000] [0m<inf> imu: ICM-42688-P  a   0.514  -6.288   7.688  g   0.001  -0.005  -0.001[0m
[1;32muart:~$ [m[8D[J[1;32muart:~$ [m[8D[J[00:09:58.089,000] [0m<inf> imu: LSM6DS3TR-C  a   0.209  -6.222   8.012  g   0.024  -0.062   0.013[0m
[1;32muart:~$ [m[8D[J[00:09:58.090,000] [0m<inf> imu: LSM6DSV16X   a   0.522  -6.087   8.300  g  -0.011   0.002  -0.002[0m
[1;32muart:~$ [m[8D[J[1;32muart:~$ [m[8D[J[00:09:58.091,000] [0m<inf> imu: ICM-42688-P  a   0.517  -6.303   7.671  g   0.001  -0.005  -0.001[0m
[1;32muart:~$ [m[8D[J[00:09:58.192,000] [0m<inf> imu: LSM6DS3TR-C  a   0.223  -6.219   7.973  g   0.024  -0.062   0.011[0m
[1;32muart:~$ [m[8D[J[00:09:58.192,000] [0m<inf> imu: LSM6DSV16X   a   0.522  -6.084   8.314  g  -0.011   0.002  -0.002[0m
[1;32muart:~$ [m[8D[J[1;32muart:~$ [m[8D[J[00:09:58.193,000] [0m<inf> imu: ICM-42688-P  a   0.526  -6.286   7.688  g  -0.001  -0.005  -0.001[0m
[1;32muart:~$ [m[8D[J[00:09:58.295,000] [0m<inf> imu: LSM6DS3TR-C  a   0.226  -6.242   7.965  g   0.025  -0.062   0.013[0m
[1;32muart:~$ [m[8D[J[1;32muart:~$ [m[8D[J[00:09:58.295,000] [0m<inf> imu: LSM6DSV16X   a   0.522  -6.084   8.299  g  -0.010   0.002  -0.003[0m
[1;32muart:~$ [m[8D[J[00:09:58.296,000] [0m<inf> imu: ICM-42688-P  a   0.515  -6.290   7.691  g   0.000  -0.005   0.000[0m
[1;32muart:~$ [m[8D[J[00:09:58.397,000] [0m<inf> imu: LSM6DS3TR-C  a   0.243  -6.250   7.938  g   0.024  -0.063   0.011[0m
[1;32muart:~$ [m[8D[J[1;32muart:~$ [m[8D[J[00:09:58.398,000] [0m<inf> imu: LSM6DSV16X   a   0.523  -6.086   8.295  g  -0.012   0.001  -0.003[0m
[1;32muart:~$ [m[8D[J[00:09:58.399,000] [0m<inf> imu: ICM-42688-P  a   0.514  -6.297   7.677  g   0.000  -0.005   0.000[0m
[1;32muart:~$ [m[8D[J[00:09:58.500,000] [0m<inf> imu: LSM6DS3TR-C  a   0.243  -6.258   7.960  g   0.027  -0.061   0.013[0m
[1;32muart:~$ [m[8D[J[00:09:58.500,000] [0m<inf> imu: LSM6DSV16X   a   0.520  -6.080   8.308  g  -0.011   0.002  -0.003[0m
[1;32muart:~$ [m[8D[J[1;32muart:~$ [m[8D[J[00:09:58.501,000] [0m<inf> imu: ICM-42688-P  a   0.517  -6.281   7.687  g   0.000  -0.004  -0.000[0m
[1;32muart:~$ [m[8D[J[1;32muart:~$ [m[8D[J[00:09:58.602,000] [0m<inf> imu: LSM6DS3TR-C  a   0.256  -6.222   7.982  g   0.024  -0.062   0.012[0m
[1;32muart:~$ [m[8D[J[00:09:58.603,000] [0m<inf> imu: LSM6DSV16X   a   0.522  -6.092   8.314  g  -0.011   0.002  -0.003[0m
[1;32muart:~$ [m[8D[J[1;32muart:~$ [m[8D[J[00:09:58.603,000] [0m<inf> imu: ICM-42688-P  a   0.508  -6.279   7.684  g   0.001  -0.006  -0.001[0m
[1;32muart:~$ [m[8D[J[00:09:58.705,000] [0m<inf> imu: LSM6DS3TR-C  a   0.224  -6.280   7.972  g   0.024  -0.063   0.011[0m
[1;32muart:~$ [m[8D[J[1;32muart:~$ [m[8D[J[00:09:58.705,000] [0m<inf> imu: LSM6DSV16X   a   0.526  -6.083   8.308  g  -0.012   0.002  -0.002[0m
[1;32muart:~$ [m[8D[J[00:09:58.706,000] [0m<inf> imu: ICM-42688-P  a   0.512  -6.287   7.687  g  -0.001  -0.006  -0.000[0m
[1;32muart:~$ [m[8D[J[1;32muart:~$ [m[8D[J[00:09:58.807,000] [0m<inf> imu: LSM6DS3TR-C  a   0.214  -6.234   8.010  g   0.025  -0.063   0.012[0m
[1;32muart:~$ [m[8D[J[00:09:58.808,000] [0m<inf> imu: LSM6DSV16X   a   0.524  -6.086   8.302  g  -0.012   0.002  -0.003[0m
[1;32muart:~$ [m[8D[J[1;32muart:~$ [m[8D[J[00:09:58.808,000] [0m<inf> imu: ICM-42688-P  a   0.512  -6.290   7.681  g   0.000  -0.005   0.000[0m
[1;32muart:~$ [m[8D[J[00:09:58.909,000] [0m<inf> imu: LSM6DS3TR-C  a   0.251  -6.220   7.973  g   0.023  -0.063   0.011[0m
[1;32muart:~$ [m[8D[J[00:09:58.910,000] [0m<inf> imu: LSM6DSV16X   a   0.520  -6.080   8.310  g  -0.010   0.002  -0.003[0m
[1;32muart:~$ [m[8D[J[1;32muart:~$ [m[8D[J[00:09:58.910,000] [0m<inf> imu: ICM-42688-P  a   0.521  -6.285   7.685  g   0.001  -0.005  -0.000[0m
[1;32muart:~$ [m[8D[J[00:09:59.012,000] [0m<inf> imu: LSM6DS3TR-C  a   0.245  -6.241   7.969  g   0.025  -0.061   0.015[0m
[1;32muart:~$ [m[8D[J[00:09:59.013,000] [0m<inf> imu: LSM6DSV16X   a   0.526  -6.081   8.305  g  -0.012   0.002  -0.003[0m
[1;32muart:~$ [m[8D[J[1;32muart:~$ [m[8D[J[00:09:59.014,000] [0m<inf> imu: ICM-42688-P  a   0.515  -6.290   7.691  g  -0.000  -0.005  -0.001[0m
[1;32muart:~$ [m[8D[J[00:09:59.115,000] [0m<inf> imu: LSM6DS3TR-C  a   0.249  -6.249   7.984  g   0.025  -0.063   0.012[0m
[1;32muart:~$ [m[8D[J[1;32muart:~$ [m[8D[J[00:09:59.116,000] [0m<inf> imu: LSM6DSV16X   a   0.522  -6.077   8.312  g  -0.011   0.002  -0.003[0m
[1;32muart:~$ [m[8D[J[00:09:59.116,000] [0m<inf> imu: ICM-42688-P  a   0.505  -6.281   7.665  g   0.000  -0.006  -0.001[0m
[1;32muart:~$ [m[8D[J[1;32muart:~$ [m[8D[J[00:09:59.218,000] [0m<inf> imu: LSM6DS3TR-C  a   0.234  -6.273   7.988  g   0.025  -0.061   0.012[0m
[1;32muart:~$ [m[8D[J[00:09:59.219,000] [0m<inf> imu: LSM6DSV16X   a   0.527  -6.083   8.306  g  -0.012   0.002  -0.003[0m
[1;32muart:~$ [m[8D[J[1;32muart:~$ [m[8D[J[00:09:59.220,000] [0m<inf> imu: ICM-42688-P  a   0.514  -6.281   7.683  g   0.001  -0.006  -0.000[0m
[1;32muart:~$ [m[8D[J[00:09:59.321,000] [0m<inf> imu: LSM6DS3TR-C  a   0.192  -6.240   7.935  g   0.024  -0.062   0.011[0m
[1;32muart:~$ [m[8D[J[1;32muart:~$ [m[8D[J[00:09:59.322,000] [0m<inf> imu: LSM6DSV16X   a   0.526  -6.081   8.305  g  -0.011   0.002  -0.002[0m
[1;32muart:~$ [m[8D[J[00:09:59.322,000] [0m<inf> imu: ICM-42688-P  a   0.508  -6.280   7.695  g   0.001  -0.005  -0.001[0m
[1;32muart:~$ [m[8D[J[1;32muart:~$ [m[8D[J[00:09:59.423,000] [0m<inf> imu: LSM6DS3TR-C  a   0.241  -6.255   7.977  g   0.025  -0.060   0.013[0m
[1;32muart:~$ [m[8D[J[00:09:59.424,000] [0m<inf> imu: LSM6DSV16X   a   0.522  -6.087   8.314  g  -0.012   0.003  -0.002[0m
[1;32muart:~$ [m[8D[J[1;32muart:~$ [m[8D[J[00:09:59.425,000] [0m<inf> imu: ICM-42688-P  a   0.522  -6.290   7.687  g  -0.001  -0.006  -0.001[0m
[1;32muart:~$ [m[8D[J[00:09:59.526,000] [0m<inf> imu: LSM6DS3TR-C  a   0.239  -6.246   7.971  g   0.024  -0.060   0.013[0m
[1;32muart:~$ [m[8D[J[00:09:59.526,000] [0m<inf> imu: LSM6DSV16X   a   0.526  -6.089   8.305  g  -0.011   0.002  -0.003[0m
[1;32muart:~$ [m[8D[J[1;32muart:~$ [m[8D[J[00:09:59.527,000] [0m<inf> imu: ICM-42688-P  a   0.517  -6.282   7.673  g   0.000  -0.005   0.000[0m
[1;32muart:~$ [m[8D[J[00:09:59.629,000] [0m<inf> imu: LSM6DS3TR-C  a   0.220  -6.245   7.974  g   0.025  -0.063   0.009[0m
[1;32muart:~$ [m[8D[J[1;32muart:~$ [m[8D[J[00:09:59.630,000] [0m<inf> imu: LSM6DSV16X   a   0.526  -6.080   8.311  g  -0.012   0.002  -0.002[0m
[1;32muart:~$ [m[8D[J[00:09:59.630,000] [0m<inf> imu: ICM-42688-P  a   0.526  -6.284   7.691  g   0.000  -0.006  -0.001[0m
[1;32muart:~$ [m[8D[J[00:09:59.731,000] [0m<inf> imu: LSM6DS3TR-C  a   0.232  -6.245   7.986  g   0.023  -0.060   0.011[0m
[1;32muart:~$ [m[8D[J[1;32muart:~$ [m[8D[J[00:09:59.732,000] [0m<inf> imu: LSM6DSV16X   a   0.523  -6.080   8.301  g  -0.011   0.002  -0.003[0m
[1;32muart:~$ [m[8D[J[00:09:59.733,000] [0m<inf> imu: ICM-42688-P  a   0.522  -6.288   7.687  g   0.000  -0.006   0.000[0m
[1;32muart:~$ [m[8D[J[00:09:59.834,000] [0m<inf> imu: LSM6DS3TR-C  a   0.224  -6.216   7.976  g   0.025  -0.061   0.012[0m
[1;32muart:~$ [m[8D[J[00:09:59.834,000] [0m<inf> imu: LSM6DSV16X   a   0.526  -6.085   8.304  g  -0.011   0.002  -0.003[0m
[1;32muart:~$ [m[8D[J[1;32muart:~$ [m[8D[J[00:09:59.835,000] [0m<inf> imu: ICM-42688-P  a   0.518  -6.284   7.687  g   0.001  -0.006  -0.001[0m
[1;32muart:~$ [m[8D[J[1;32muart:~$ [m[8D[J[00:09:59.936,000] [0m<inf> imu: LSM6DS3TR-C  a   0.229  -6.200   7.923  g   0.022  -0.062   0.012[0m
[1;32muart:~$ [m[8D[J[00:09:59.937,000] [0m<inf> imu: LSM6DSV16X   a   0.519  -6.083   8.310  g  -0.011   0.002  -0.002[0m
[1;32muart:~$ [m[8D[J[1;32muart:~$ [m[8D[J[00:09:59.937,000] [0m<inf> imu: ICM-42688-P  a   0.511  -6.290   7.683  g   0.000  -0.005  -0.000[0m
[1;32muart:~$ [m[8D[J[00:10:00.039,000] [0m<inf> imu: LSM6DS3TR-C  a   0.194  -6.185   7.989  g   0.024  -0.064   0.015[0m
[1;32muart:~$ [m[8D[J[1;32muart:~$ [m[8D[J[00:10:00.039,000] [0m<inf> imu: LSM6DSV16X   a   0.522  -6.080   8.303  g  -0.011   0.002  -0.002[0m
[1;32muart:~$ [m[8D[J[00:10:00.040,000] [0m<inf> imu: ICM-42688-P  a   0.526  -6.285   7.685  g  -0.001  -0.006   0.000[0m
[1;32muart:~$ [m[8D[J[1;32muart:~$ [m[8D[J[00:10:00.141,000] [0m<inf> imu: LSM6DS3TR-C  a   0.215  -6.248   7.953  g   0.023  -0.063   0.011[0m
[1;32muart:~$ [m[8D[J[00:10:00.142,000] [0m<inf> imu: LSM6DSV16X   a   0.521  -6.073   8.302  g  -0.012   0.001  -0.002[0m
[1;32muart:~$ [m[8D[J[1;32muart:~$ [m[8D[J[00:10:00.142,000] [0m<inf> imu: ICM-42688-P  a   0.515  -6.279   7.684  g   0.000  -0.005  -0.001[0m
[1;32muart:~$ [m[8D[J[00:10:00.243,000] [0m<inf> imu: LSM6DS3TR-C  a   0.232  -6.232   7.980  g   0.026  -0.063   0.013[0m
[1;32muart:~$ [m[8D[J[00:10:00.244,000] [0m<inf> imu: LSM6DSV16X   a   0.526  -6.083   8.299  g  -0.012   0.003  -0.002[0m
[1;32muart:~$ [m[8D[J[1;32muart:~$ [m[8D[J[00:10:00.244,000] [0m<inf> imu: ICM-42688-P  a   0.499  -6.294   7.676  g   0.000  -0.005  -0.000[0m
[1;32muart:~$ [m[8D[J[00:10:00.346,000] [0m<inf> imu: LSM6DS3TR-C  a   0.230  -6.262   7.953  g   0.025  -0.062   0.013[0m
[1;32muart:~$ [m[8D[J[1;32muart:~$ [m[8D[J[00:10:00.347,000] [0m<inf> imu: LSM6DSV16X   a   0.524  -6.094   8.308  g  -0.011   0.001  -0.002[0m
[1;32muart:~$ [m[8D[J[00:10:00.348,000] [0m<inf> imu: ICM-42688-P  a   0.524  -6.284   7.682  g   0.000  -0.005  -0.000[0m
[1;32muart:~$ [m[8D[J[00:10:00.449,000] [0m<inf> imu: LSM6DS3TR-C  a   0.208  -6.248   7.967  g   0.025  -0.062   0.013[0m
[1;32muart:~$ [m[8D[J[1;32muart:~$ [m[8D[J[00:10:00.449,000] [0m<inf> imu: LSM6DSV16X   a   0.527  -6.085   8.302  g  -0.011   0.002  -0.002[0m
[1;32muart:~$ [m[8D[J[00:10:00.450,000] [0m<inf> imu: ICM-42688-P  a   0.520  -6.282   7.677  g   0.000  -0.005  -0.000[0m
[1;32muart:~$ [m[8D[J[00:10:00.551,000] [0m<inf> imu: LSM6DS3TR-C  a   0.220  -6.232   7.980  g   0.025  -0.061   0.014[0m
[1;32muart:~$ [m[8D[J[00:10:00.552,000] [0m<inf> imu: LSM6DSV16X   a   0.529  -6.087   8.308  g  -0.012   0.002  -0.002[0m
[1;32muart:~$ [m[8D[J[1;32muart:~$ [m[8D[J[00:10:00.552,000] [0m<inf> imu: ICM-42688-P  a   0.504  -6.293   7.676  g   0.001  -0.006  -0.001[0m
[1;32muart:~$ [m[8D[J[1;32muart:~$ [m[8D[J[00:10:00.653,000] [0m<inf> imu: LSM6DS3TR-C  a   0.230  -6.231   7.922  g   0.024  -0.063   0.012[0m
[1;32muart:~$ [m[8D[J[00:10:00.654,000] [0m<inf> imu: LSM6DSV16X   a   0.517  -6.090   8.294  g  -0.010   0.002  -0.003[0m
[1;32muart:~$ [m[8D[J[1;32muart:~$ [m[8D[J[00:10:00.655,000] [0m<inf> imu: ICM-42688-P  a   0.516  -6.294   7.666  g  -0.000  -0.006   0.000[0m
[1;32muart:~$ [m[8D[J[00:10:00.756,000] [0m<inf> imu: LSM6DS3TR-C  a   0.241  -6.211   7.954  g   0.024  -0.063   0.011[0m
[1;32muart:~$ [m[8D[J[1;32muart:~$ [m[8D[J[00:10:00.756,000] [0m<inf> imu: LSM6DSV16X   a   0.516  -6.087   8.298  g  -0.011   0.002  -0.003[0m
[1;32muart:~$ [m[8D[J[00:10:00.757,000] [0m<inf> imu: ICM-42688-P  a   0.528  -6.286   7.699  g   0.000  -0.005  -0.001[0m
[1;32muart:~$ [m[8D[J[1;32muart:~$ [m[8D[J[00:10:00.858,000] [0m<inf> imu: LSM6DS3TR-C  a   0.220  -6.232   7.930  g   0.024  -0.063   0.013[0m
[1;32muart:~$ [m[8D[J[00:10:00.859,000] [0m<inf> imu: LSM6DSV16X   a   0.528  -6.084   8.299  g  -0.012   0.002  -0.003[0m
[1;32muart:~$ [m[8D[J[1;32muart:~$ [m[8D[J[00:10:00.859,000] [0m<inf> imu: ICM-42688-P  a   0.510  -6.294   7.676  g   0.001  -0.005  -0.001[0m
[1;32muart:~$ [m[8D[J[00:10:00.960,000] [0m<inf> imu: LSM6DS3TR-C  a   0.243  -6.232   7.971  g   0.023  -0.061   0.012[0m
[1;32muart:~$ [m[8D[J[00:10:00.961,000] [0m<inf> imu: LSM6DSV16X   a   0.517  -6.085   8.308  g  -0.011   0.002  -0.003[0m
[1;32muart:~$ [m[8D[J[1;32muart:~$ [m[8D[J[00:10:00.961,000] [0m<inf> imu: ICM-42688-P  a   0.520  -6.294   7.688  g   0.000  -0.006   0.000[0m
[1;32muart:~$ [m[8D[J[00:10:01.063,000] [0m<inf> imu: LSM6DS3TR-C  a   0.192  -6.194   7.941  g   0.026  -0.061   0.012[0m
[1;32muart:~$ [m[8D[J[1;32muart:~$ [m[8D[J[00:10:01.064,000] [0m<inf> imu: LSM6DSV16X   a   0.524  -6.078   8.303  g  -0.012   0.002  -0.003[0m
[1;32muart:~$ [m[8D[J[00:10:01.065,000] [0m<inf> imu: ICM-42688-P  a   0.514  -6.284   7.689  g   0.000  -0.006  -0.001[0m
[1;32muart:~$ [m[8D[J[00:10:01.166,000] [0m<inf> imu: LSM6DS3TR-C  a   0.204  -6.212   7.943  g   0.025  -0.061   0.011[0m
[1;32muart:~$ [m[8D[J[1;32muart:~$ [m[8D[J[00:10:01.166,000] [0m<inf> imu: LSM6DSV16X   a   0.522  -6.085   8.295  g  -0.012   0.002  -0.002[0m
[1;32muart:~$ [m[8D[J[00:10:01.167,000] [0m<inf> imu: ICM-42688-P  a   0.517  -6.296   7.672  g   0.000  -0.005   0.000[0m
[1;32muart:~$ [m[8D[J[00:10:01.268,000] [0m<inf> imu: LSM6DS3TR-C  a   0.206  -6.235   7.960  g   0.023  -0.061   0.013[0m
[1;32muart:~$ [m[8D[J[00:10:01.269,000] [0m<inf> imu: LSM6DSV16X   a   0.524  -6.081   8.301  g  -0.011   0.003  -0.003[0m
[1;32muart:~$ [m[8D[J[1;32muart:~$ [m[8D[J[00:10:01.269,000] [0m<inf> imu: ICM-42688-P  a   0.506  -6.290   7.676  g   0.000  -0.005   0.000[0m
[1;32muart:~$ [m[8D[J[1;32muart:~$ [m[8D[J[00:10:01.370,000] [0m<inf> imu: LSM6DS3TR-C  a   0.200  -6.233   7.984  g   0.024  -0.062   0.011[0m
[1;32muart:~$ [m[8D[J[00:10:01.371,000] [0m<inf> imu: LSM6DSV16X   a   0.526  -6.080   8.305  g  -0.011   0.002  -0.003[0m
[1;32muart:~$ [m[8D[J[1;32muart:~$ [m[8D[J[00:10:01.372,000] [0m<inf> imu: ICM-42688-P  a   0.521  -6.290   7.671  g   0.001  -0.005   0.000[0m
[1;32muart:~$ [m[8D[J[00:10:01.473,000] [0m<inf> imu: LSM6DS3TR-C  a   0.221  -6.248   7.966  g   0.025  -0.062   0.012[0m
[1;32muart:~$ [m[8D[J[1;32muart:~$ [m[8D[J[00:10:01.473,000] [0m<inf> imu: LSM6DSV16X   a   0.519  -6.080   8.298  g  -0.012   0.002  -0.002[0m
[1;32muart:~$ [m[8D[J[00:10:01.474,000] [0m<inf> imu: ICM-42688-P  a   0.512  -6.280   7.675  g   0.001  -0.006  -0.000[0m
[1;32muart:~$ [m[8D[J[1;32muart:~$ [m[8D[J[00:10:01.575,000] [0m<inf> imu: LSM6DS3TR-C  a   0.215  -6.221   7.986  g   0.025  -0.064   0.011[0m
[1;32muart:~$ [m[8D[J[00:10:01.576,000] [0m<inf> imu: LSM6DSV16X   a   0.519  -6.083   8.298  g  -0.011   0.001  -0.003[0m
[1;32muart:~$ [m[8D[J[1;32muart:~$ [m[8D[J[00:10:01.576,000] [0m<inf> imu: ICM-42688-P  a   0.520  -6.285   7.676  g   0.000  -0.005   0.000[0m
[1;32muart:~$ [m[8D[J[00:10:01.677,000] [0m<inf> imu: LSM6DS3TR-C  a   0.227  -6.245   7.950  g   0.025  -0.063   0.012[0m
[1;32muart:~$ [m[8D[J[00:10:01.678,000] [0m<inf> imu: LSM6DSV16X   a   0.524  -6.080   8.301  g  -0.012   0.002  -0.003[0m
[1;32muart:~$ [m[8D[J[1;32muart:~$ [m[8D[J[00:10:01.678,000] [0m<inf> imu: ICM-42688-P  a   0.517  -6.290   7.687  g  -0.001  -0.006   0.001[0m
[1;32muart:~$ [m[8D[J[00:10:01.780,000] [0m<inf> imu: LSM6DS3TR-C  a   0.222  -6.253   7.984  g   0.024  -0.062   0.013[0m
[1;32muart:~$ [m[8D[J[1;32muart:~$ [m[8D[J[00:10:01.781,000] [0m<inf> imu: LSM6DSV16X   a   0.524  -6.086   8.301  g  -0.011   0.002  -0.002[0m
[1;32muart:~$ [m[8D[J[00:10:01.782,000] [0m<inf> imu: ICM-42688-P  a   0.527  -6.293   7.675  g  -0.000  -0.005  -0.002[0m
[1;32muart:~$ [m[8D[J[00:10:01.883,000] [0m<inf> imu: LSM6DS3TR-C  a   0.188  -6.228   7.970  g   0.025  -0.061   0.011[0m
[1;32muart:~$ [m[8D[J[1;32muart:~$ [m[8D[J[00:10:01.884,000] [0m<inf> imu: LSM6DSV16X   a   0.519  -6.083   8.288  g  -0.011   0.002  -0.003[0m
[1;32muart:~$ [m[8D[J[00:10:01.884,000] [0m<inf> imu: ICM-42688-P  a   0.523  -6.294   7.684  g   0.001  -0.005   0.000[0m
[1;32muart:~$ [m[8D[J[00:10:01.985,000] [0m<inf> imu: LSM6DS3TR-C  a   0.255  -6.255   7.939  g   0.024  -0.063   0.012[0m
[1;32muart:~$ [m[8D[J[00:10:01.986,000] [0m<inf> imu: LSM6DSV16X   a   0.523  -6.087   8.297  g  -0.011   0.002  -0.003[0m
[1;32muart:~$ [m[8D[J[1;32muart:~$ [m[8D[J[00:10:01.987,000] [0m<inf> imu: ICM-42688-P  a   0.517  -6.293   7.661  g   0.000  -0.005  -0.001[0m
[1;32muart:~$ [m[8D[J[1;32muart:~$ [m[8D[J[00:10:02.088,000] [0m<inf> imu: LSM6DS3TR-C  a   0.216  -6.197   7.982  g   0.025  -0.063   0.013[0m
[1;32muart:~$ [m[8D[J[00:10:02.088,000] [0m<inf> imu: LSM6DSV16X   a   0.523  -6.092   8.298  g  -0.011   0.002  -0.003[0m
[1;32muart:~$ [m[8D[J[1;32muart:~$ [m[8D[J[00:10:02.089,000] [0m<inf> imu: ICM-42688-P  a   0.506  -6.297   7.682  g   0.000  -0.005   0.000[0m
[1;32muart:~$ [m[8D[J[00:10:02.190,000] [0m<inf> imu: LSM6DS3TR-C  a   0.212  -6.247   7.990  g   0.024  -0.061   0.012[0m
[1;32muart:~$ [m[8D[J[1;32muart:~$ [m[8D[J[00:10:02.191,000] [0m<inf> imu: LSM6DSV16X   a   0.523  -6.088   8.308  g  -0.012   0.002  -0.002[0m
[1;32muart:~$ [m[8D[J[00:10:02.191,000] [0m<inf> imu: ICM-42688-P  a   0.520  -6.292   7.695  g  -0.000  -0.005   0.000[0m
[1;32muart:~$ [m[8D[J[1;32muart:~$ [m[8D[J[00:10:02.292,000] [0m<inf> imu: LSM6DS3TR-C  a   0.219  -6.249   7.999  g   0.025  -0.063   0.012[0m
[1;32muart:~$ [m[8D[J[00:10:02.293,000] [0m<inf> imu: LSM6DSV16X   a   0.529  -6.081   8.304  g  -0.012   0.003  -0.003[0m
[1;32muart:~$ [m[8D[J[1;32muart:~$ [m[8D[J[00:10:02.293,000] [0m<inf> imu: ICM-42688-P  a   0.512  -6.280   7.682  g   0.001  -0.005  -0.001[0m
[1;32muart:~$ [m[8D[J[00:10:02.395,000] [0m<inf> imu: LSM6DS3TR-C  a   0.259  -6.238   7.960  g   0.025  -0.062   0.013[0m
[1;32muart:~$ [m[8D[J[00:10:02.395,000] [0m<inf> imu: LSM6DSV16X   a   0.529  -6.080   8.310  g  -0.012   0.003  -0.002[0m
[1;32muart:~$ [m[8D[J[1;32muart:~$ [m[8D[J[00:10:02.396,000] [0m<inf> imu: ICM-42688-P  a   0.524  -6.287   7.685  g   0.000  -0.006   0.000[0m
[1;32muart:~$ [m[8D[J[00:10:02.498,000] [0m<inf> imu: LSM6DS3TR-C  a   0.237  -6.227   7.926  g   0.026  -0.062   0.011[0m
[1;32muart:~$ [m[8D[J[00:10:02.499,000] [0m<inf> imu: LSM6DSV16X   a   0.521  -6.085   8.301  g  -0.011   0.003  -0.002[0m
[1;32muart:~$ [m[8D[J[1;32muart:~$ [m[8D[J[00:10:02.500,000] [0m<inf> imu: ICM-42688-P  a   0.523  -6.285   7.681  g   0.001  -0.006  -0.001[0m
[1;32muart:~$ [m[8D[J[00:10:02.601,000] [0m<inf> imu: LSM6DS3TR-C  a   0.188  -6.199   7.954  g   0.025  -0.061   0.012[0m
[1;32muart:~$ [m[8D[J[1;32muart:~$ [m[8D[J[00:10:02.602,000] [0m<inf> imu: LSM6DSV16X   a   0.523  -6.086   8.305  g  -0.011   0.003  -0.003[0m
[1;32muart:~$ [m[8D[J[00:10:02.602,000] [0m<inf> imu: ICM-42688-P  a   0.521  -6.286   7.685  g   0.001  -0.006   0.000[0m
[1;32muart:~$ [m[8D[J[1;32muart:~$ [m[8D[J[00:10:02.704,000] [0m<inf> imu: LSM6DS3TR-C  a   0.202  -6.285   7.979  g   0.024  -0.062   0.013[0m
[1;32muart:~$ [m[8D[J[00:10:02.705,000] [0m<inf> imu: LSM6DSV16X   a   0.517  -6.081   8.313  g  -0.011   0.001  -0.002[0m
[1;32muart:~$ [m[8D[J[1;32muart:~$ [m[8D[J[00:10:02.705,000] [0m<inf> imu: ICM-42688-P  a   0.515  -6.286   7.673  g   0.000  -0.005  -0.001[0m
[1;32muart:~$ [m[8D[J[00:10:02.807,000] [0m<inf> imu: LSM6DS3TR-C  a   0.202  -6.208   7.969  g   0.027  -0.062   0.013[0m
[1;32muart:~$ [m[8D[J[1;32muart:~$ [m[8D[J[00:10:02.807,000] [0m<inf> imu: LSM6DSV16X   a   0.519  -6.072   8.308  g  -0.011   0.002  -0.002[0m
[1;32muart:~$ [m[8D[J[00:10:02.808,000] [0m<inf> imu: ICM-42688-P  a   0.517  -6.293   7.658  g   0.000  -0.006  -0.001[0m
[1;32muart:~$ [m[8D[J[1;32muart:~$ [m[8D[J[00:10:02.909,000] [0m<inf> imu: LSM6DS3TR-C  a   0.191  -6.243   8.014  g   0.023  -0.062   0.013[0m
[1;32muart:~$ [m[8D[J[00:10:02.910,000] [0m<inf> imu: LSM6DSV16X   a   0.522  -6.078   8.310  g  -0.011   0.003  -0.002[0m
[1;32muart:~$ [m[8D[J[00:10:02.910,000] [0m<inf> imu: ICM-42688-P  a   0.516  -6.300   7.682  g   0.000  -0.006  -0.001[0m
[1;32muart:~$ [m[8D[J[1;32muart:~$ [m[8D[J[00:10:03.011,000] [0m<inf> imu: LSM6DS3TR-C  a   0.252  -6.218   7.959  g   0.024  -0.064   0.013[0m
[1;32muart:~$ [m[8D[J[00:10:03.012,000] [0m<inf> imu: LSM6DSV16X   a   0.517  -6.083   8.306  g  -0.012   0.002  -0.003[0m
[1;32muart:~$ [m[8D[J[1;32muart:~$ [m[8D[J[00:10:03.012,000] [0m<inf> imu: ICM-42688-P  a   0.504  -6.292   7.670  g   0.001  -0.005  -0.000[0m
[1;32muart:~$ [m[8D[J[00:10:03.114,000] [0m<inf> imu: LSM6DS3TR-C  a   0.226  -6.218   7.953  g   0.023  -0.061   0.013[0m
[1;32muart:~$ [m[8D[J[1;32muart:~$ [m[8D[J[00:10:03.115,000] [0m<inf> imu: LSM6DSV16X   a   0.526  -6.084   8.308  g  -0.011   0.002  -0.003[0m
[1;32muart:~$ [m[8D[J[00:10:03.116,000] [0m<inf> imu: ICM-42688-P  a   0.510  -6.285   7.670  g   0.001  -0.005  -0.001[0m
[1;32muart:~$ [m[8D[J[00:10:03.217,000] [0m<inf> imu: LSM6DS3TR-C  a   0.252  -6.208   7.990  g   0.023  -0.063   0.013[0m
[1;32muart:~$ [m[8D[J[00:10:03.218,000] [0m<inf> imu: LSM6DSV16X   a   0.526  -6.080   8.306  g  -0.011   0.002  -0.003[0m
[1;32muart:~$ [m[8D[J[1;32muart:~$ [m[8D[J[00:10:03.218,000] [0m<inf> imu: ICM-42688-P  a   0.522  -6.278   7.678  g  -0.000  -0.006  -0.001[0m
[1;32muart:~$ [m[8D[J[00:10:03.319,000] [0m<inf> imu: LSM6DS3TR-C  a   0.199  -6.192   7.996  g   0.025  -0.061   0.012[0m
[1;32muart:~$ [m[8D[J[1;32muart:~$ [m[8D[J[00:10:03.320,000] [0m<inf> imu: LSM6DSV16X   a   0.523  -6.095   8.310  g  -0.012   0.002  -0.002[0m
[1;32muart:~$ [m[8D[J[00:10:03.320,000] [0m<inf> imu: ICM-42688-P  a   0.524  -6.293   7.684  g   0.001  -0.005  -0.001[0m
[1;32muart:~$ [m[8D[J[1;32muart:~$ [m[8D[J[00:10:03.421,000] [0m<inf> imu: LSM6DS3TR-C  a   0.190  -6.220   7.957  g   0.025  -0.063   0.013[0m
[1;32muart:~$ [m[8D[J[00:10:03.422,000] [0m<inf> imu: LSM6DSV16X   a   0.522  -6.083   8.311  g  -0.012   0.002  -0.003[0m
[1;32muart:~$ [m[8D[J[1;32muart:~$ [m[8D[J[00:10:03.423,000] [0m<inf> imu: ICM-42688-P  a   0.526  -6.276   7.673  g   0.000  -0.005  -0.001[0m
[1;32muart:~$ [m[8D[J[00:10:03.524,000] [0m<inf> imu: LSM6DS3TR-C  a   0.217  -6.242   7.954  g   0.025  -0.063   0.011[0m
[1;32muart:~$ [m[8D[J[1;32muart:~$ [m[8D[J[00:10:03.524,000] [0m<inf> imu: LSM6DSV16X   a   0.519  -6.082   8.310  g  -0.011   0.002  -0.003[0m
[1;32muart:~$ [m[8D[J[00:10:03.525,000] [0m<inf> imu: ICM-42688-P  a   0.527  -6.279   7.682  g   0.000  -0.005  -0.001[0m
[1;32muart:~$ [m[8D[J[1;32muart:~$ [m[8D[J[00:10:03.626,000] [0m<inf> imu: LSM6DS3TR-C  a   0.227  -6.230   7.982  g   0.026  -0.063   0.012[0m
[1;32muart:~$ [m[8D[J[00:10:03.627,000] [0m<inf> imu: LSM6DSV16X   a   0.523  -6.081   8.304  g  -0.011   0.002  -0.003[0m
[1;32muart:~$ [m[8D[J[1;32muart:~$ [m[8D[J[00:10:03.627,000] [0m<inf> imu: ICM-42688-P  a   0.521  -6.281   7.691  g   0.001  -0.005  -0.001[0m
[1;32muart:~$ [m[8D[J[00:10:03.728,000] [0m<inf> imu: LSM6DS3TR-C  a   0.226  -6.240   7.998  g   0.023  -0.063   0.011[0m
[1;32muart:~$ [m[8D[J[00:10:03.729,000] [0m<inf> imu: LSM6DSV16X   a   0.526  -6.080   8.308  g  -0.011   0.002  -0.003[0m
[1;32muart:~$ [m[8D[J[1;32muart:~$ [m[8D[J[00:10:03.729,000] [0m<inf> imu: ICM-42688-P  a   0.512  -6.280   7.675  g   0.001  -0.005  -0.001[0m
[1;32muart:~$ [m[8D[J[00:10:03.832,000] [0m<inf> imu: LSM6DS3TR-C  a   0.244  -6.275   7.921  g   0.022  -0.063   0.013[0m
[1;32muart:~$ [m[8D[J[1;32muart:~$ [m[8D[J[00:10:03.832,000] [0m<inf> imu: LSM6DSV16X   a   0.524  -6.086   8.311  g  -0.012   0.002  -0.003[0m
[1;32muart:~$ [m[8D[J[00:10:03.833,000] [0m<inf> imu: ICM-42688-P  a   0.512  -6.296   7.696  g   0.000  -0.006  -0.001[0m
[1;32muart:~$ [m[8D[J[00:10:03.934,000] [0m<inf> imu: LSM6DS3TR-C  a   0.216  -6.244   7.961  g   0.024  -0.061   0.011[0m
[1;32muart:~$ [m[8D[J[1;32muart:~$ [m[8D[J[00:10:03.935,000] [0m<inf> imu: LSM6DSV16X   a   0.522  -6.078   8.315  g  -0.012   0.002  -0.003[0m
[1;32muart:~$ [m[8D[J[00:10:03.935,000] [0m<inf> imu: ICM-42688-P  a   0.512  -6.294   7.678  g   0.001  -0.005  -0.001[0m
[1;32muart:~$ [m[8D[J[00:10:04.036,000] [0m<inf> imu: LSM6DS3TR-C  a   0.220  -6.231   7.951  g   0.024  -0.061   0.011[0m
[1;32muart:~$ [m[8D[J[00:10:04.037,000] [0m<inf> imu: LSM6DSV16X   a   0.524  -6.085   8.313  g  -0.011   0.002  -0.003[0m
[1;32muart:~$ [m[8D[J[1;32muart:~$ [m[8D[J[00:10:04.038,000] [0m<inf> imu: ICM-42688-P  a   0.508  -6.292   7.671  g   0.000  -0.005  -0.001[0m
[1;32muart:~$ [m[8D[J[1;32muart:~$ [m[8D[J[00:10:04.139,000] [0m<inf> imu: LSM6DS3TR-C  a   0.220  -6.211   8.002  g   0.024  -0.062   0.012[0m
[1;32muart:~$ [m[8D[J[00:10:04.139,000] [0m<inf> imu: LSM6DSV16X   a   0.526  -6.080   8.313  g  -0.012   0.002  -0.003[0m
[1;32muart:~$ [m[8D[J[1;32muart:~$ [m[8D[J[00:10:04.140,000] [0m<inf> imu: ICM-42688-P  a   0.526  -6.284   7.676  g   0.000  -0.005  -0.000[0m
[1;32muart:~$ [m[8D[J[00:10:04.241,000] [0m<inf> imu: LSM6DS3TR-C  a   0.223  -6.247   7.962  g   0.024  -0.062   0.013[0m
[1;32muart:~$ [m[8D[J[1;32muart:~$ [m[8D[J[00:10:04.242,000] [0m<inf> imu: LSM6DSV16X   a   0.517  -6.081   8.307  g  -0.011   0.002  -0.003[0m
[1;32muart:~$ [m[8D[J[00:10:04.242,000] [0m<inf> imu: ICM-42688-P  a   0.509  -6.303   7.681  g   0.000  -0.006  -0.001[0m
[1;32muart:~$ [m[8D[J[1;32muart:~$ [m[8D[J[00:10:04.343,000] [0m<inf> imu: LSM6DS3TR-C  a   0.211  -6.265   8.024  g   0.024  -0.063   0.013[0m
[1;32muart:~$ [m[8D[J[00:10:04.344,000] [0m<inf> imu: LSM6DSV16X   a   0.519  -6.087   8.310  g  -0.010   0.002  -0.003[0m
[1;32muart:~$ [m[8D[J[1;32muart:~$ [m[8D[J[00:10:04.344,000] [0m<inf> imu: ICM-42688-P  a   0.508  -6.290   7.682  g   0.000  -0.005  -0.001[0m
[1;32muart:~$ [m[8D[J[00:10:04.446,000] [0m<inf> imu: LSM6DS3TR-C  a   0.230  -6.235   7.940  g   0.025  -0.062   0.011[0m
[1;32muart:~$ [m[8D[J[00:10:04.446,000] [0m<inf> imu: LSM6DSV16X   a   0.519  -6.081   8.311  g  -0.012   0.003  -0.002[0m
[1;32muart:~$ [m[8D[J[1;32muart:~$ [m[8D[J[00:10:04.447,000] [0m<inf> imu: ICM-42688-P  a   0.503  -6.290   7.682  g  -0.000  -0.005   0.000[0m
[1;32muart:~$ [m[8D[J[00:10:04.548,000] [0m<inf> imu: LSM6DS3TR-C  a   0.205  -6.222   7.997  g   0.024  -0.061   0.012[0m
[1;32muart:~$ [m[8D[J[1;32muart:~$ [m[8D[J[00:10:04.550,000] [0m<inf> imu: LSM6DSV16X   a   0.529  -6.087   8.315  g  -0.011   0.002  -0.003[0m
[1;32muart:~$ [m[8D[J[00:10:04.550,000] [0m<inf> imu: ICM-42688-P  a   0.520  -6.292   7.672  g  -0.000  -0.006   0.000[0m
[1;32muart:~$ [m[8D[J[00:10:04.651,000] [0m<inf> imu: LSM6DS3TR-C  a   0.240  -6.240   7.963  g   0.024  -0.062   0.012[0m
[1;32muart:~$ [m[8D[J[1;32muart:~$ [m[8D[J[00:10:04.652,000] [0m<inf> imu: LSM6DSV16X   a   0.522  -6.080   8.320  g  -0.011   0.002  -0.003[0m
[1;32muart:~$ [m[8D[J[00:10:04.653,000] [0m<inf> imu: ICM-42688-P  a   0.516  -6.278   7.676  g   0.001  -0.005  -0.001[0m
[1;32muart:~$ [m[8D[J[00:10:04.754,000] [0m<inf> imu: LSM6DS3TR-C  a   0.226  -6.219   7.987  g   0.024  -0.063   0.010[0m
[1;32muart:~$ [m[8D[J[00:10:04.754,000] [0m<inf> imu: LSM6DSV16X   a   0.527  -6.088   8.314  g  -0.010   0.003  -0.002[0m
[1;32muart:~$ [m[8D[J[1;32muart:~$ [m[8D[J[00:10:04.755,000] [0m<inf> imu: ICM-42688-P  a   0.517  -6.302   7.682  g   0.000  -0.005  -0.001[0m
[1;32muart:~$ [m[8D[J[1;32muart:~$ [m[8D[J[00:10:04.856,000] [0m<inf> imu: LSM6DS3TR-C  a   0.203  -6.240   8.001  g   0.024  -0.062   0.014[0m
[1;32muart:~$ [m[8D[J[00:10:04.857,000] [0m<inf> imu: LSM6DSV16X   a   0.527  -6.085   8.306  g  -0.011   0.002  -0.003[0m
[1;32muart:~$ [m[8D[J[1;32muart:~$ [m[8D[J[00:10:04.857,000] [0m<inf> imu: ICM-42688-P  a   0.518  -6.290   7.676  g  -0.000  -0.005  -0.001[0m
[1;32muart:~$ [m[8D[J[00:10:04.958,000] [0m<inf> imu: LSM6DS3TR-C  a   0.195  -6.249   8.001  g   0.025  -0.062   0.013[0m
[1;32muart:~$ [m[8D[J[1;32muart:~$ [m[8D[J[00:10:04.959,000] [0m<inf> imu: LSM6DSV16X   a   0.522  -6.095   8.312  g  -0.011   0.003  -0.003[0m
[1;32muart:~$ [m[8D[J[00:10:04.959,000] [0m<inf> imu: ICM-42688-P  a   0.510  -6.288   7.687  g   0.000  -0.005  -0.001[0m
[1;32muart:~$ [m[8D[J[1;32muart:~$ [m[8D[J[00:10:05.061,000] [0m<inf> imu: LSM6DS3TR-C  a   0.263  -6.145   7.859  g   0.027  -0.060   0.011[0m
[1;32muart:~$ [m[8D[J[00:10:05.061,000] [0m<inf> imu: LSM6DSV16X   a   0.474  -6.264   8.415  g  -0.009   0.003   0.000[0m
[1;32muart:~$ [m[8D[J[1;32muart:~$ [m[8D[J[00:10:05.062,000] [0m<inf> imu: ICM-42688-P  a   0.417  -6.594   7.869  g   0.004  -0.004   0.003[0m
[1;32muart:~$ [m[8D[J[00:10:05.163,000] [0m<inf> imu: LSM6DS3TR-C  a   0.184  -6.234   7.965  g   0.023  -0.065   0.012[0m
[1;32muart:~$ [m[8D[J[00:10:05.164,000] [0m<inf> imu: LSM6DSV16X   a   0.505  -6.109   8.356  g  -0.013   0.001  -0.005[0m
[1;32muart:~$ [m[8D[J[1;32muart:~$ [m[8D[J[00:10:05.164,000] [0m<inf> imu: ICM-42688-P  a   0.481  -6.329   7.689  g   0.002  -0.009  -0.002[0m
[1;32muart:~$ [m[8D[J[00:10:05.266,000] [0m<inf> imu: LSM6DS3TR-C  a   0.206  -6.225   7.924  g   0.028  -0.059   0.013[0m
[1;32muart:~$ [m[8D[J[00:10:05.267,000] [0m<inf> imu: LSM6DSV16X   a   0.535  -6.087   8.322  g  -0.013   0.005   0.000[0m
[1;32muart:~$ [m[8D[J[00:10:05.267,000] [0m<inf> imu: ICM-42688-P  a   0.542  -6.291   7.705  g  -0.002  -0.002   0.003[0m
[1;32muart:~$ [m[8D[J[1;32muart:~$ [m[8D[J[00:10:05.368,000] [0m<inf> imu: LSM6DS3TR-C  a   0.243  -6.328   8.010  g   0.023  -0.064   0.009[0m
[1;32muart:~$ [m[8D[J[00:10:05.369,000] [0m<inf> imu: LSM6DSV16X   a   0.529  -6.074   8.277  g  -0.013  -0.001  -0.005[0m
[1;32muart:~$ [m[8D[J[1;32muart:~$ [m[8D[J[00:10:05.369,000] [0m<inf> imu: ICM-42688-P  a   0.500  -6.242   7.630  g  -0.002  -0.007  -0.002[0m
[1;32muart:~$ [m[8D[J[00:10:05.471,000] [0m<inf> imu: LSM6DS3TR-C  a   0.248  -6.209   8.001  g   0.024  -0.058   0.013[0m
[1;32muart:~$ [m[8D[J[1;32muart:~$ [m[8D[J[00:10:05.473,000] [0m<inf> imu: LSM6DSV16X   a   0.507  -6.154   8.330  g  -0.010   0.003  -0.002[0m
[1;32muart:~$ [m[8D[J[00:10:05.474,000] [0m<inf> imu: ICM-42688-P  a   0.490  -6.336   7.665  g   0.002  -0.004   0.000[0m
[1;32muart:~$ [m[8D[J[1;32muart:~$ [m[8D[J[00:10:05.575,000] [0m<inf> imu: LSM6DS3TR-C  a   0.198  -6.227   7.982  g   0.024  -0.065   0.012[0m
[1;32muart:~$ [m[8D[J[00:10:05.575,000] [0m<inf> imu: LSM6DSV16X   a   0.514  -6.020   8.289  g  -0.013   0.001  -0.004[0m
[1;32muart:~$ [m[8D[J[1;32muart:~$ [m[8D[J[00:10:05.576,000] [0m<inf> imu: ICM-42688-P  a   0.511  -6.215   7.663  g   0.001  -0.007  -0.001[0m
[1;32muart:~$ [m[8D[J[00:10:05.677,000] [0m<inf> imu: LSM6DS3TR-C  a   0.252  -6.307   7.993  g   0.025  -0.060   0.013[0m
[1;32muart:~$ [m[8D[J[1;32muart:~$ [m[8D[J[00:10:05.678,000] [0m<inf> imu: LSM6DSV16X   a   0.546  -6.126   8.332  g  -0.011   0.003  -0.002[0m
[1;32muart:~$ [m[8D[J[00:10:05.678,000] [0m<inf> imu: ICM-42688-P  a   0.527  -6.336   7.688  g   0.000  -0.004   0.001[0m
[1;32muart:~$ [m[8D[J[1;32muart:~$ [m[8D[J[00:10:05.780,000] [0m<inf> imu: LSM6DS3TR-C  a   0.212  -6.209   7.996  g   0.024  -0.063   0.012[0m
[1;32muart:~$ [m[8D[J[00:10:05.780,000] [0m<inf> imu: LSM6DSV16X   a   0.512  -6.053   8.291  g  -0.012   0.001  -0.004[0m
[1;32muart:~$ [m[8D[J[1;32muart:~$ [m[8D[J[00:10:05.781,000] [0m<inf> imu: ICM-42688-P  a   0.504  -6.244   7.663  g   0.000  -0.006  -0.002[0m
[1;32muart:~$ [m[8D[J[00:10:05.882,000] [0m<inf> imu: LSM6DS3TR-C  a   0.212  -6.229   7.961  g   0.024  -0.061   0.013[0m
[1;32muart:~$ [m[8D[J[00:10:05.883,000] [0m<inf> imu: LSM6DSV16X   a   0.516  -6.112   8.315  g  -0.010   0.003  -0.002[0m
[1;32muart:~$ [m[8D[J[1;32muart:~$ [m[8D[J[00:10:05.883,000] [0m<inf> imu: ICM-42688-P  a   0.497  -6.353   7.671  g   0.001  -0.006   0.000[0m
[1;32muart:~$ [m[8D[J[00:10:05.985,000] [0m<inf> imu: LSM6DS3TR-C  a   0.224  -6.224   7.962  g   0.024  -0.063   0.011[0m
[1;32muart:~$ [m[8D[J[00:10:05.986,000] [0m<inf> imu: LSM6DSV16X   a   0.524  -6.047   8.303  g  -0.011   0.002  -0.004[0m
[1;32muart:~$ [m[8D[J[1;32muart:~$ [m[8D[J[00:10:05.987,000] [0m<inf> imu: ICM-42688-P  a   0.512  -6.243   7.670  g  -0.000  -0.006  -0.001[0m
[1;32muart:~$ [m[8D[J[00:10:06.088,000] [0m<inf> imu: LSM6DS3TR-C  a   0.206  -6.262   7.981  g   0.025  -0.060   0.013[0m
[1;32muart:~$ [m[8D[J[1;32muart:~$ [m[8D[J[00:10:06.089,000] [0m<inf> imu: LSM6DSV16X   a   0.541  -6.100   8.308  g  -0.010   0.002  -0.002[0m
[1;32muart:~$ [m[8D[J[00:10:06.089,000] [0m<inf> imu: ICM-42688-P  a   0.529  -6.322   7.709  g   0.001  -0.006  -0.000[0m
[1;32muart:~$ [m[8D[J[1;32muart:~$ [m[8D[J[00:10:06.191,000] [0m<inf> imu: LSM6DS3TR-C  a   0.258  -6.218   7.971  g   0.024  -0.061   0.012[0m
[1;32muart:~$ [m[8D[J[00:10:06.192,000] [0m<inf> imu: LSM6DSV16X   a   0.522  -6.072   8.304  g  -0.011   0.002  -0.004[0m
[1;32muart:~$ [m[8D[J[1;32muart:~$ [m[8D[J[00:10:06.193,000] [0m<inf> imu: ICM-42688-P  a   0.508  -6.272   7.670  g   0.000  -0.006  -0.002[0m
[1;32muart:~$ [m[8D[J[00:10:06.294,000] [0m<inf> imu: LSM6DS3TR-C  a   0.213  -6.215   7.961  g   0.025  -0.061   0.015[0m
[1;32muart:~$ [m[8D[J[1;32muart:~$ [m[8D[J[00:10:06.295,000] [0m<inf> imu: LSM6DSV16X   a   0.516  -6.086   8.301  g  -0.011   0.002  -0.002[0m
[1;32muart:~$ [m[8D[J[00:10:06.295,000] [0m<inf> imu: ICM-42688-P  a   0.515  -6.309   7.690  g   0.000  -0.005   0.001[0m
[1;32muart:~$ [m[8D[J[1;32muart:~$ [m[8D[J[00:10:06.396,000] [0m<inf> imu: LSM6DS3TR-C  a   0.234  -6.274   7.957  g   0.023  -0.063   0.013[0m
[1;32muart:~$ [m[8D[J[00:10:06.397,000] [0m<inf> imu: LSM6DSV16X   a   0.526  -6.086   8.289  g  -0.012   0.002  -0.003[0m
[1;32muart:~$ [m[8D[J[1;32muart:~$ [m[8D[J[00:10:06.397,000] [0m<inf> imu: ICM-42688-P  a   0.517  -6.282   7.670  g   0.001  -0.006  -0.001[0m
[1;32muart:~$ [m[8D[J[00:10:06.499,000] [0m<inf> imu: LSM6DS3TR-C  a   0.233  -6.212   7.982  g   0.024  -0.062   0.013[0m
[1;32muart:~$ [m[8D[J[00:10:06.499,000] [0m<inf> imu: LSM6DSV16X   a   0.533  -6.078   8.315  g  -0.010   0.002  -0.002[0m
[1;32muart:~$ [m[8D[J[1;32muart:~$ [m[8D[J[00:10:06.500,000] [0m<inf> imu: ICM-42688-P  a   0.526  -6.293   7.699  g   0.001  -0.005  -0.001[0m
[1;32muart:~$ [m[8D[J[00:10:06.602,000] [0m<inf> imu: LSM6DS3TR-C  a   0.231  -6.237   7.956  g   0.025  -0.063   0.013[0m
[1;32muart:~$ [m[8D[J[1;32muart:~$ [m[8D[J[00:10:06.602,000] [0m<inf> imu: LSM6DSV16X   a   0.531  -6.083   8.296  g  -0.011   0.001  -0.004[0m
[1;32muart:~$ [m[8D[J[00:10:06.603,000] [0m<inf> imu: ICM-42688-P  a   0.504  -6.293   7.675  g   0.001  -0.005  -0.001[0m
[1;32muart:~$ [m[8D[J[00:10:06.704,000] [0m<inf> imu: LSM6DS3TR-C  a   0.215  -6.230   7.990  g   0.025  -0.063   0.013[0m
[1;32muart:~$ [m[8D[J[1;32muart:~$ [m[8D[J[00:10:06.705,000] [0m<inf> imu: LSM6DSV16X   a   0.517  -6.078   8.306  g  -0.012   0.003  -0.002[0m
[1;32muart:~$ [m[8D[J[00:10:06.705,000] [0m<inf> imu: ICM-42688-P  a   0.509  -6.287   7.691  g   0.001  -0.005  -0.000[0m
[1;32muart:~$ [m[8D[J[1;32muart:~$ [m[8D[J[00:10:06.807,000] [0m<inf> imu: LSM6DS3TR-C  a   0.225  -6.284   8.017  g   0.024  -0.061   0.013[0m
[1;32muart:~$ [m[8D[J[00:10:06.808,000] [0m<inf> imu: LSM6DSV16X   a   0.525  -6.099   8.300  g  -0.011   0.002  -0.003[0m
[1;32muart:~$ [m[8D[J[1;32muart:~$ [m[8D[J[00:10:06.809,000] [0m<inf> imu: ICM-42688-P  a   0.517  -6.294   7.665  g   0.000  -0.006  -0.001[0m
[1;32muart:~$ [m[8D[J[00:10:06.910,000] [0m<inf> imu: LSM6DS3TR-C  a   0.243  -6.238   7.963  g   0.025  -0.062   0.012[0m
[1;32muart:~$ [m[8D[J[1;32muart:~$ [m[8D[J[00:10:06.910,000] [0m<inf> imu: LSM6DSV16X   a   0.528  -6.078   8.308  g  -0.011   0.003  -0.002[0m
[1;32muart:~$ [m[8D[J[00:10:06.911,000] [0m<inf> imu: ICM-42688-P  a   0.520  -6.276   7.682  g   0.001  -0.005   0.000[0m
[1;32muart:~$ [m[8D[J[1;32muart:~$ [m[8D[J[00:10:07.012,000] [0m<inf> imu: LSM6DS3TR-C  a   0.215  -6.254   8.025  g   0.025  -0.062   0.012[0m
[1;32muart:~$ [m[8D[J[00:10:07.013,000] [0m<inf> imu: LSM6DSV16X   a   0.526  -6.085   8.298  g  -0.012   0.002  -0.003[0m
[1;32muart:~$ [m[8D[J[1;32muart:~$ [m[8D[J[00:10:07.013,000] [0m<inf> imu: ICM-42688-P  a   0.524  -6.303   7.676  g  -0.000  -0.005  -0.000[0m
[1;32muart:~$ [m[8D[J[00:10:07.114,000] [0m<inf> imu: LSM6DS3TR-C  a   0.238  -6.261   7.978  g   0.024  -0.060   0.013[0m
[1;32muart:~$ [m[8D[J[00:10:07.115,000] [0m<inf> imu: LSM6DSV16X   a   0.522  -6.080   8.303  g  -0.011   0.002  -0.002[0m
[1;32muart:~$ [m[8D[J[1;32muart:~$ [m[8D[J[00:10:07.115,000] [0m<inf> imu: ICM-42688-P  a   0.514  -6.292   7.676  g   0.001  -0.005  -0.001[0m
[1;32muart:~$ [m[8D[J[00:10:07.218,000] [0m<inf> imu: LSM6DS3TR-C  a   0.228  -6.203   7.987  g   0.025  -0.062   0.012[0m
[1;32muart:~$ [m[8D[J[00:10:07.218,000] [0m<inf> imu: LSM6DSV16X   a   0.528  -6.083   8.297  g  -0.011   0.002  -0.002[0m
[1;32muart:~$ [m[8D[J[1;32muart:~$ [m[8D[J[00:10:07.219,000] [0m<inf> imu: ICM-42688-P  a   0.518  -6.285   7.681  g  -0.000  -0.006   0.000[0m
[1;32muart:~$ [m[8D[J[00:10:07.321,000] [0m<inf> imu: LSM6DS3TR-C  a   0.227  -6.234   7.984  g   0.024  -0.064   0.013[0m
[1;32muart:~$ [m[8D[J[00:10:07.321,000] [0m<inf> imu: LSM6DSV16X   a   0.524  -6.090   8.299  g  -0.012   0.002  -0.003[0m
[1;32muart:~$ [m[8D[J[00:10:07.322,000] [0m<inf> imu: ICM-42688-P  a   0.518  -6.296   7.685  g   0.000  -0.005  -0.001[0m
[1;32muart:~$ [m[8D[J[1;32muart:~$ [m[8D[J[00:10:07.424,000] [0m<inf> imu: LSM6DS3TR-C  a   0.203  -6.178   7.992  g   0.022  -0.063   0.011[0m
[1;32muart:~$ [m[8D[J[00:10:07.425,000] [0m<inf> imu: LSM6DSV16X   a   0.532  -6.071   8.305  g  -0.012   0.001  -0.002[0m
[1;32muart:~$ [m[8D[J[1;32muart:~$ [m[8D[J[00:10:07.426,000] [0m<inf> imu: ICM-42688-P  a   0.504  -6.290   7.691  g   0.000  -0.005  -0.000[0m
[1;32muart:~$ [m[8D[J[00:10:07.527,000] [0m<inf> imu: LSM6DS3TR-C  a   0.212  -6.255   7.975  g   0.024  -0.064   0.010[0m
[1;32muart:~$ [m[8D[J[1;32muart:~$ [m[8D[J[00:10:07.527,000] [0m<inf> imu: LSM6DSV16X   a   0.517  -6.095   8.289  g  -0.011   0.003  -0.003[0m
[1;32muart:~$ [m[8D[J[00:10:07.528,000] [0m<inf> imu: ICM-42688-P  a   0.516  -6.288   7.693  g   0.000  -0.005   0.000[0m
[1;32muart:~$ [m[8D[J[1;32muart:~$ [m[8D[J[00:10:07.629,000] [0m<inf> imu: LSM6DS3TR-C  a   0.214  -6.243   8.005  g   0.024  -0.061   0.013[0m
[1;32muart:~$ [m[8D[J[00:10:07.630,000] [0m<inf> imu: LSM6DSV16X   a   0.519  -6.081   8.308  g  -0.011   0.002  -0.003[0m
[1;32muart:~$ [m[8D[J[1;32muart:~$ [m[8D[J[00:10:07.630,000] [0m<inf> imu: ICM-42688-P  a   0.514  -6.294   7.684  g   0.000  -0.005   0.000[0m
[1;32muart:~$ [m[8D[J[00:10:07.731,000] [0m<inf> imu: LSM6DS3TR-C  a   0.235  -6.242   7.989  g   0.023  -0.061   0.012[0m
[1;32muart:~$ [m[8D[J[00:10:07.732,000] [0m<inf> imu: LSM6DSV16X   a   0.517  -6.084   8.304  g  -0.012   0.002  -0.003[0m
[1;32muart:~$ [m[8D[J[1;32muart:~$ [m[8D[J[00:10:07.732,000] [0m<inf> imu: ICM-42688-P  a   0.515  -6.285   7.688  g  -0.001  -0.005  -0.001[0m
[1;32muart:~$ [m[8D[J[00:10:07.834,000] [0m<inf> imu: LSM6DS3TR-C  a   0.230  -6.249   7.988  g   0.023  -0.062   0.010[0m
[1;32muart:~$ [m[8D[J[1;32muart:~$ [m[8D[J[00:10:07.835,000] [0m<inf> imu: LSM6DSV16X   a   0.528  -6.090   8.299  g  -0.011   0.002  -0.003[0m
[1;32muart:~$ [m[8D[J[00:10:07.836,000] [0m<inf> imu: ICM-42688-P  a   0.520  -6.292   7.688  g   0.000  -0.005  -0.001[0m
[1;32muart:~$ [m[8D[J[00:10:07.937,000] [0m<inf> imu: LSM6DS3TR-C  a   0.194  -6.236   7.978  g   0.024  -0.060   0.012[0m
[1;32muart:~$ [m[8D[J[1;32muart:~$ [m[8D[J[00:10:07.938,000] [0m<inf> imu: LSM6DSV16X   a   0.516  -6.083   8.306  g  -0.011   0.002  -0.002[0m
[1;32muart:~$ [m[8D[J[00:10:07.938,000] [0m<inf> imu: ICM-42688-P  a   0.500  -6.294   7.691  g   0.001  -0.006  -0.000[0m
[1;32muart:~$ [m[8D[J[00:10:08.039,000] [0m<inf> imu: LSM6DS3TR-C  a   0.236  -6.237   7.946  g   0.025  -0.062   0.013[0m
[1;32muart:~$ [m[8D[J[00:10:08.040,000] [0m<inf> imu: LSM6DSV16X   a   0.519  -6.087   8.308  g  -0.011   0.001  -0.003[0m
[1;32muart:~$ [m[8D[J[1;32muart:~$ [m[8D[J[00:10:08.041,000] [0m<inf> imu: ICM-42688-P  a   0.510  -6.290   7.682  g   0.001  -0.004   0.000[0m
[1;32muart:~$ [m[8D[J[1;32muart:~$ [m[8D[J[00:10:08.142,000] [0m<inf> imu: LSM6DS3TR-C  a   0.208  -6.212   7.961  g   0.025  -0.061   0.013[0m
[1;32muart:~$ [m[8D[J[00:10:08.142,000] [0m<inf> imu: LSM6DSV16X   a   0.519  -6.084   8.298  g  -0.011   0.002  -0.003[0m
[1;32muart:~$ [m[8D[J[1;32muart:~$ [m[8D[J[00:10:08.143,000] [0m<inf> imu: ICM-42688-P  a   0.515  -6.284   7.679  g   0.001  -0.006  -0.000[0m
[1;32muart:~$ [m[8D[J[00:10:08.244,000] [0m<inf> imu: LSM6DS3TR-C  a   0.217  -6.212   7.971  g   0.024  -0.063   0.011[0m
[1;32muart:~$ [m[8D[J[1;32muart:~$ [m[8D[J[00:10:08.245,000] [0m<inf> imu: LSM6DSV16X   a   0.528  -6.081   8.301  g  -0.012   0.001  -0.003[0m
[1;32muart:~$ [m[8D[J[00:10:08.245,000] [0m<inf> imu: ICM-42688-P  a   0.512  -6.296   7.683  g   0.000  -0.005  -0.001[0m
[1;32muart:~$ [m[8D[J[1;32muart:~$ [m[8D[J[00:10:08.346,000] [0m<inf> imu: LSM6DS3TR-C  a   0.245  -6.235   7.956  g   0.024  -0.063   0.013[0m
[1;32muart:~$ [m[8D[J[00:10:08.347,000] [0m<inf> imu: LSM6DSV16X   a   0.517  -6.083   8.305  g  -0.011   0.002  -0.002[0m
[1;32muart:~$ [m[8D[J[1;32muart:~$ [m[8D[J[00:10:08.347,000] [0m<inf> imu: ICM-42688-P  a   0.515  -6.285   7.689  g   0.000  -0.005  -0.000[0m
[1;32muart:~$ [m[8D[J[00:10:08.448,000] [0m<inf> imu: LSM6DS3TR-C  a   0.261  -6.261   7.938  g   0.024  -0.064   0.012[0m
[1;32muart:~$ [m[8D[J[00:10:08.449,000] [0m<inf> imu: LSM6DSV16X   a   0.529  -6.083   8.296  g  -0.011   0.002  -0.002[0m
[1;32muart:~$ [m[8D[J[1;32muart:~$ [m[8D[J[00:10:08.450,000] [0m<inf> imu: ICM-42688-P  a   0.526  -6.285   7.670  g   0.001  -0.005  -0.000[0m
[1;32muart:~$ [m[8D[J[00:10:08.551,000] [0m<inf> imu: LSM6DS3TR-C  a   0.238  -6.215   7.987  g   0.024  -0.062   0.012[0m
[1;32muart:~$ [m[8D[J[00:10:08.552,000] [0m<inf> imu: LSM6DSV16X   a   0.519  -6.075   8.301  g  -0.010   0.003  -0.002[0m
[1;32muart:~$ [m[8D[J[1;32muart:~$ [m[8D[J[00:10:08.553,000] [0m<inf> imu: ICM-42688-P  a   0.521  -6.293   7.682  g  -0.000  -0.006  -0.001[0m
[1;32muart:~$ [m[8D[J[00:10:08.654,000] [0m<inf> imu: LSM6DS3TR-C  a   0.244  -6.229   7.947  g   0.026  -0.063   0.012[0m
[1;32muart:~$ [m[8D[J[1;32muart:~$ [m[8D[J[00:10:08.655,000] [0m<inf> imu: LSM6DSV16X   a   0.522  -6.092   8.306  g  -0.011   0.003  -0.003[0m
[1;32muart:~$ [m[8D[J[00:10:08.655,000] [0m<inf> imu: ICM-42688-P  a   0.504  -6.302   7.676  g   0.000  -0.005  -0.000[0m
[1;32muart:~$ [m[8D[J[1;32muart:~$ [m[8D[J[00:10:08.757,000] [0m<inf> imu: LSM6DS3TR-C  a   0.204  -6.234   7.985  g   0.026  -0.063   0.011[0m
[1;32muart:~$ [m[8D[J[00:10:08.758,000] [0m<inf> imu: LSM6DSV16X   a   0.522  -6.080   8.300  g  -0.012   0.002  -0.002[0m
[1;32muart:~$ [m[8D[J[1;32muart:~$ [m[8D[J[00:10:08.759,000] [0m<inf> imu: ICM-42688-P  a   0.510  -6.285   7.678  g   0.000  -0.006  -0.001[0m
[1;32muart:~$ [m[8D[J[00:10:08.860,000] [0m<inf> imu: LSM6DS3TR-C  a   0.228  -6.212   7.942  g   0.025  -0.061   0.015[0m
[1;32muart:~$ [m[8D[J[1;32muart:~$ [m[8D[J[00:10:08.861,000] [0m<inf> imu: LSM6DSV16X   a   0.522  -6.076   8.302  g  -0.011   0.002  -0.003[0m
[1;32muart:~$ [m[8D[J[00:10:08.861,000] [0m<inf> imu: ICM-42688-P  a   0.516  -6.276   7.683  g   0.001  -0.005  -0.000[0m
[1;32muart:~$ [m[8D[J[1;32muart:~$ [m[8D[J[00:10:08.962,000] [0m<inf> imu: LSM6DS3TR-C  a   0.254  -6.224   8.008  g   0.025  -0.063   0.011[0m
[1;32muart:~$ [m[8D[J[00:10:08.963,000] [0m<inf> imu: LSM6DSV16X   a   0.517  -6.087   8.308  g  -0.012   0.002  -0.003[0m
[1;32muart:~$ [m[8D[J[1;32muart:~$ [m[8D[J[00:10:08.964,000] [0m<inf> imu: ICM-42688-P  a   0.515  -6.302   7.682  g   0.000  -0.005  -0.001[0m
[1;32muart:~$ [m[8D[J[00:10:09.065,000] [0m<inf> imu: LSM6DS3TR-C  a   0.255  -6.234   7.957  g   0.024  -0.061   0.013[0m
[1;32muart:~$ [m[8D[J[00:10:09.065,000] [0m<inf> imu: LSM6DSV16X   a   0.522  -6.084   8.303  g  -0.012   0.002  -0.002[0m
[1;32muart:~$ [m[8D[J[1;32muart:~$ [m[8D[J[00:10:09.066,000] [0m<inf> imu: ICM-42688-P  a   0.514  -6.280   7.682  g   0.000  -0.005  -0.001[0m
[1;32muart:~$ [m[8D[J[00:10:09.168,000] [0m<inf> imu: LSM6DS3TR-C  a   0.218  -6.251   7.959  g   0.027  -0.063   0.013[0m
[1;32muart:~$ [m[8D[J[1;32muart:~$ [m[8D[J[00:10:09.169,000] [0m<inf> imu: LSM6DSV16X   a   0.523  -6.084   8.310  g  -0.011   0.002  -0.003[0m
[1;32muart:~$ [m[8D[J[00:10:09.169,000] [0m<inf> imu: ICM-42688-P  a   0.523  -6.294   7.677  g   0.000  -0.006  -0.001[0m
[1;32muart:~$ [m[8D[J[00:10:09.270,000] [0m<inf> imu: LSM6DS3TR-C  a   0.206  -6.239   7.964  g   0.024  -0.061   0.011[0m
[1;32muart:~$ [m[8D[J[1;32muart:~$ [m[8D[J[00:10:09.271,000] [0m<inf> imu: LSM6DSV16X   a   0.521  -6.087   8.303  g  -0.011   0.002  -0.002[0m
[1;32muart:~$ [m[8D[J[00:10:09.271,000] [0m<inf> imu: ICM-42688-P  a   0.521  -6.281   7.695  g   0.000  -0.005   0.000[0m
[1;32muart:~$ [m[8D[J[00:10:09.373,000] [0m<inf> imu: LSM6DS3TR-C  a   0.215  -6.236   7.941  g   0.024  -0.064   0.011[0m
[1;32muart:~$ [m[8D[J[00:10:09.373,000] [0m<inf> imu: LSM6DSV16X   a   0.522  -6.093   8.295  g  -0.012   0.002  -0.003[0m
[1;32muart:~$ [m[8D[J[00:10:09.374,000] [0m<inf> imu: ICM-42688-P  a   0.511  -6.297   7.679  g   0.001  -0.005  -0.000[0m
[1;32muart:~$ [m[8D[J[1;32muart:~$ [m[8D[J[00:10:09.475,000] [0m<inf> imu: LSM6DS3TR-C  a   0.223  -6.240   7.955  g   0.024  -0.061   0.011[0m
[1;32muart:~$ [m[8D[J[00:10:09.476,000] [0m<inf> imu: LSM6DSV16X   a   0.525  -6.088   8.308  g  -0.012   0.002  -0.003[0m
[1;32muart:~$ [m[8D[J[1;32muart:~$ [m[8D[J[00:10:09.476,000] [0m<inf> imu: ICM-42688-P  a   0.520  -6.285   7.682  g   0.002  -0.005  -0.001[0m
[1;32muart:~$ [m[8D[J[00:10:09.577,000] [0m<inf> imu: LSM6DS3TR-C  a   0.237  -6.232   7.984  g   0.025  -0.063   0.013[0m
[1;32muart:~$ [m[8D[J[1;32muart:~$ [m[8D[J[00:10:09.578,000] [0m<inf> imu: LSM6DSV16X   a   0.522  -6.087   8.296  g  -0.011   0.002  -0.002[0m
[1;32muart:~$ [m[8D[J[00:10:09.579,000] [0m<inf> imu: ICM-42688-P  a   0.515  -6.287   7.673  g   0.001  -0.005  -0.001[0m
[1;32muart:~$ [m[8D[J[1;32muart:~$ [m[8D[J[00:10:09.680,000] [0m<inf> imu: LSM6DS3TR-C  a   0.236  -6.254   7.949  g   0.026  -0.062   0.012[0m
[1;32muart:~$ [m[8D[J[00:10:09.680,000] [0m<inf> imu: LSM6DSV16X   a   0.525  -6.077   8.305  g  -0.011   0.002  -0.002[0m
[1;32muart:~$ [m[8D[J[1;32muart:~$ [m[8D[J[00:10:09.681,000] [0m<inf> imu: ICM-42688-P  a   0.511  -6.303   7.677  g   0.001  -0.005  -0.001[0m
[1;32muart:~$ [m[8D[J[00:10:09.782,000] [0m<inf> imu: LSM6DS3TR-C  a   0.359  -6.202   7.909  g   0.025  -0.063   0.011[0m
[1;32muart:~$ [m[8D[J[00:10:09.783,000] [0m<inf> imu: LSM6DSV16X   a   0.512  -6.127   8.401  g  -0.009  -0.001  -0.004[0m
[1;32muart:~$ [m[8D[J[1;32muart:~$ [m[8D[J[00:10:09.783,000] [0m<inf> imu: ICM-42688-P  a   0.445  -6.366   7.853  g  -0.001  -0.005   0.001[0m
[1;32muart:~$ [m[8D[J[00:10:09.885,000] [0m<inf> imu: LSM6DS3TR-C  a   0.200  -6.157   8.265  g   0.031  -0.056   0.016[0m
[1;32muart:~$ [m[8D[J[00:10:09.886,000] [0m<inf> imu: LSM6DSV16X   a   0.508  -6.037   8.129  g  -0.013   0.004  -0.002[0m
[1;32muart:~$ [m[8D[J[1;32muart:~$ [m[8D[J[00:10:09.887,000] [0m<inf> imu: ICM-42688-P  a   0.541  -6.235   7.679  g   0.005   0.000   0.000[0m
[1;32muart:~$ [m[8D[J[00:10:09.988,000] [0m<inf> imu: LSM6DS3TR-C  a   0.224  -6.225   8.009  g   0.023  -0.064   0.013[0m
[1;32muart:~$ [m[8D[J[1;32muart:~$ [m[8D[J[00:10:09.989,000] [0m<inf> imu: LSM6DSV16X   a   0.524  -6.109   8.325  g  -0.013   0.001  -0.002[0m
[1;32muart:~$ [m[8D[J[00:10:09.989,000] [0m<inf> imu: ICM-42688-P  a   0.512  -6.248   7.576  g   0.001  -0.005  -0.001[0m
[1;32muart:~$ [m[8D[J[1;32muart:~$ [m[8D[J[00:10:10.090,000] [0m<inf> imu: LSM6DS3TR-C  a   0.201  -6.538   8.296  g   0.020  -0.068   0.005[0m
[1;32muart:~$ [m[8D[J[00:10:10.091,000] [0m<inf> imu: LSM6DSV16X   a   0.452  -6.130   8.301  g  -0.001   0.007  -0.001[0m
[1;32muart:~$ [m[8D[J[1;32muart:~$ [m[8D[J[00:10:10.092,000] [0m<inf> imu: ICM-42688-P  a   0.511  -6.880   8.532  g   0.007  -0.014  -0.008[0m
[1;32muart:~$ [m[8D[J[00:10:10.193,000] [0m<inf> imu: LSM6DS3TR-C  a   0.257  -6.431   8.084  g   0.022  -0.063   0.014[0m
[1;32muart:~$ [m[8D[J[1;32muart:~$ [m[8D[J[00:10:10.194,000] [0m<inf> imu: LSM6DSV16X   a   0.527  -6.025   8.262  g  -0.007   0.004  -0.004[0m
[1;32muart:~$ [m[8D[J[00:10:10.195,000] [0m<inf> imu: ICM-42688-P  a   0.504  -6.233   7.682  g   0.007  -0.001  -0.001[0m
[1;32muart:~$ [m[8D[J[1;32muart:~$ [m[8D[J[00:10:10.296,000] [0m<inf> imu: LSM6DS3TR-C  a   0.176  -6.266   8.032  g   0.022  -0.062   0.013[0m
[1;32muart:~$ [m[8D[J[00:10:10.296,000] [0m<inf> imu: LSM6DSV16X   a   0.533  -6.004   8.210  g  -0.010   0.002  -0.004[0m
[1;32muart:~$ [m[8D[J[1;32muart:~$ [m[8D[J[00:10:10.297,000] [0m<inf> imu: ICM-42688-P  a   0.500  -6.248   7.569  g   0.002  -0.006  -0.001[0m
[1;32muart:~$ [m[8D[J[00:10:10.398,000] [0m<inf> imu: LSM6DS3TR-C  a   0.254  -6.284   8.036  g   0.024  -0.061   0.014[0m
[1;32muart:~$ [m[8D[J[00:10:10.399,000] [0m<inf> imu: LSM6DSV16X   a   0.526  -6.121   8.315  g  -0.010   0.001  -0.003[0m
[1;32muart:~$ [m[8D[J[1;32muart:~$ [m[8D[J[00:10:10.399,000] [0m<inf> imu: ICM-42688-P  a   0.534  -6.293   7.703  g   0.002  -0.006  -0.001[0m
[1;32muart:~$ [m[8D[J[00:10:10.501,000] [0m<inf> imu: LSM6DS3TR-C  a   0.211  -6.208   7.929  g   0.024  -0.060   0.011[0m
[1;32muart:~$ [m[8D[J[00:10:10.502,000] [0m<inf> imu: LSM6DSV16X   a   0.533  -6.044   8.279  g  -0.011   0.002  -0.003[0m
[1;32muart:~$ [m[8D[J[1;32muart:~$ [m[8D[J[00:10:10.503,000] [0m<inf> imu: ICM-42688-P  a   0.527  -6.251   7.681  g   0.001  -0.005   0.000[0m
[1;32muart:~$ [m[8D[J[00:10:10.604,000] [0m<inf> imu: LSM6DS3TR-C  a   0.202  -6.281   7.960  g   0.024  -0.063   0.013[0m
[1;32muart:~$ [m[8D[J[1;32muart:~$ [m[8D[J[00:10:10.605,000] [0m<inf> imu: LSM6DSV16X   a   0.531  -6.109   8.313  g  -0.012   0.002  -0.002[0m
[1;32muart:~$ [m[8D[J[00:10:10.605,000] [0m<inf> imu: ICM-42688-P  a   0.526  -6.310   7.703  g   0.000  -0.005  -0.000[0m
[1;32muart:~$ [m[8D[J[1;32muart:~$ [m[8D[J[00:10:10.707,000] [0m<inf> imu: LSM6DS3TR-C  a   0.202  -6.217   7.941  g   0.024  -0.062   0.014[0m
[1;32muart:~$ [m[8D[J[00:10:10.708,000] [0m<inf> imu: LSM6DSV16X   a   0.519  -6.077   8.281  g  -0.012   0.002  -0.002[0m
[1;32muart:~$ [m[8D[J[1;32muart:~$ [m[8D[J[00:10:10.708,000] [0m<inf> imu: ICM-42688-P  a   0.509  -6.276   7.670  g   0.000  -0.005   0.000[0m
[1;32muart:~$ [m[8D[J[00:10:10.810,000] [0m<inf> imu: LSM6DS3TR-C  a   0.223  -6.278   7.970  g   0.025  -0.064   0.011[0m
[1;32muart:~$ [m[8D[J[1;32muart:~$ [m[8D[J[00:10:10.811,000] [0m<inf> imu: LSM6DSV16X   a   0.525  -6.092   8.310  g  -0.012   0.003  -0.002[0m
[1;32muart:~$ [m[8D[J[00:10:10.811,000] [0m<inf> imu: ICM-42688-P  a   0.518  -6.293   7.688  g   0.001  -0.006  -0.000[0m
[1;32muart:~$ [m[8D[J[1;32muart:~$ [m[8D[J[00:10:10.912,000] [0m<inf> imu: LSM6DS3TR-C  a   0.233  -6.217   7.957  g   0.025  -0.062   0.013[0m
[1;32muart:~$ [m[8D[J[00:10:10.913,000] [0m<inf> imu: LSM6DSV16X   a   0.521  -6.069   8.286  g  -0.011   0.002  -0.002[0m
[1;32muart:~$ [m[8D[J[1;32muart:~$ [m[8D[J[00:10:10.913,000] [0m<inf> imu: ICM-42688-P  a   0.517  -6.267   7.663  g   0.001  -0.005  -0.001[0m
[1;32muart:~$ [m[8D[J[00:10:11.014,000] [0m<inf> imu: LSM6DS3TR-C  a   0.206  -6.257   7.987  g   0.026  -0.062   0.011[0m
[1;32muart:~$ [m[8D[J[00:10:11.015,000] [0m<inf> imu: LSM6DSV16X   a   0.534  -6.098   8.315  g  -0.012   0.002  -0.003[0m
[1;32muart:~$ [m[8D[J[1;32muart:~$ [m[8D[J[00:10:11.016,000] [0m<inf> imu: ICM-42688-P  a   0.516  -6.290   7.684  g   0.001  -0.005  -0.001[0m
[1;32muart:~$ [m[8D[J[00:10:11.117,000] [0m<inf> imu: LSM6DS3TR-C  a   0.195  -6.236   7.953  g   0.026  -0.064   0.011[0m
[1;32muart:~$ [m[8D[J[1;32muart:~$ [m[8D[J[00:10:11.118,000] [0m<inf> imu: LSM6DSV16X   a   0.521  -6.082   8.294  g  -0.010   0.002  -0.003[0m
[1;32muart:~$ [m[8D[J[00:10:11.119,000] [0m<inf> imu: ICM-42688-P  a   0.516  -6.281   7.666  g  -0.000  -0.005   0.000[0m
[1;32muart:~$ [m[8D[J[00:10:11.220,000] [0m<inf> imu: LSM6DS3TR-C  a   0.232  -6.264   7.988  g   0.024  -0.062   0.012[0m
[1;32muart:~$ [m[8D[J[1;32muart:~$ [m[8D[J[00:10:11.221,000] [0m<inf> imu: LSM6DSV16X   a   0.529  -6.089   8.303  g  -0.011   0.003  -0.002[0m
[1;32muart:~$ [m[8D[J[00:10:11.221,000] [0m<inf> imu: ICM-42688-P  a   0.532  -6.291   7.677  g   0.001  -0.006  -0.001[0m
[1;32muart:~$ [m[8D[J[00:10:11.322,000] [0m<inf> imu: LSM6DS3TR-C  a   0.226  -6.252   7.989  g   0.024  -0.062   0.011[0m
[1;32muart:~$ [m[8D[J[00:10:11.323,000] [0m<inf> imu: LSM6DSV16X   a   0.526  -6.083   8.296  g  -0.012   0.002  -0.003[0m
[1;32muart:~$ [m[8D[J[1;32muart:~$ [m[8D[J[00:10:11.323,000] [0m<inf> imu: ICM-42688-P  a   0.523  -6.284   7.683  g   0.001  -0.005  -0.000[0m
[1;32muart:~$ [m[8D[J[1;32muart:~$ [m[8D[J[00:10:11.425,000] [0m<inf> imu: LSM6DS3TR-C  a   0.263  -6.262   7.945  g   0.025  -0.063   0.013[0m
[1;32muart:~$ [m[8D[J[00:10:11.425,000] [0m<inf> imu: LSM6DSV16X   a   0.525  -6.085   8.298  g  -0.012   0.002  -0.003[0m
[1;32muart:~$ [m[8D[J[1;32muart:~$ [m[8D[J[00:10:11.426,000] [0m<inf> imu: ICM-42688-P  a   0.522  -6.290   7.672  g   0.000  -0.005   0.000[0m
[1;32muart:~$ [m[8D[J[00:10:11.527,000] [0m<inf> imu: LSM6DS3TR-C  a   0.255  -6.239   7.988  g   0.025  -0.064   0.012[0m
[1;32muart:~$ [m[8D[J[1;32muart:~$ [m[8D[J[00:10:11.528,000] [0m<inf> imu: LSM6DSV16X   a   0.524  -6.078   8.299  g  -0.011   0.002  -0.002[0m
[1;32muart:~$ [m[8D[J[00:10:11.528,000] [0m<inf> imu: ICM-42688-P  a   0.521  -6.273   7.666  g  -0.001  -0.005   0.000[0m
[1;32muart:~$ [m[8D[J[1;32muart:~$ [m[8D[J[00:10:11.629,000] [0m<inf> imu: LSM6DS3TR-C  a   0.248  -6.243   7.962  g   0.025  -0.061   0.011[0m
[1;32muart:~$ [m[8D[J[00:10:11.630,000] [0m<inf> imu: LSM6DSV16X   a   0.524  -6.092   8.301  g  -0.011   0.002  -0.003[0m
[1;32muart:~$ [m[8D[J[1;32muart:~$ [m[8D[J[00:10:11.630,000] [0m<inf> imu: ICM-42688-P  a   0.515  -6.298   7.679  g   0.000  -0.005  -0.001[0m
[1;32muart:~$ [m[8D[J[00:10:11.731,000] [0m<inf> imu: LSM6DS3TR-C  a   0.227  -6.229   7.955  g   0.024  -0.062   0.013[0m
[1;32muart:~$ [m[8D[J[00:10:11.732,000] [0m<inf> imu: LSM6DSV16X   a   0.536  -6.078   8.291  g  -0.011   0.003  -0.003[0m
[1;32muart:~$ [m[8D[J[1;32muart:~$ [m[8D[J[00:10:11.733,000] [0m<inf> imu: ICM-42688-P  a   0.526  -6.286   7.677  g   0.001  -0.006  -0.001[0m
[1;32muart:~$ [m[8D[J[00:10:11.835,000] [0m<inf> imu: LSM6DS3TR-C  a   0.202  -6.242   7.950  g   0.024  -0.064   0.011[0m
[1;32muart:~$ [m[8D[J[1;32muart:~$ [m[8D[J[00:10:11.836,000] [0m<inf> imu: LSM6DSV16X   a   0.527  -6.086   8.297  g  -0.011   0.002  -0.002[0m
[1;32muart:~$ [m[8D[J[00:10:11.836,000] [0m<inf> imu: ICM-42688-P  a   0.506  -6.293   7.678  g  -0.000  -0.005   0.000[0m
[1;32muart:~$ [m[8D[J[00:10:11.937,000] [0m<inf> imu: LSM6DS3TR-C  a   0.209  -6.245   7.982  g   0.024  -0.063   0.011[0m
[1;32muart:~$ [m[8D[J[1;32muart:~$ [m[8D[J[00:10:11.938,000] [0m<inf> imu: LSM6DSV16X   a   0.523  -6.075   8.298  g  -0.011   0.002  -0.002[0m
[1;32muart:~$ [m[8D[J[00:10:11.939,000] [0m<inf> imu: ICM-42688-P  a   0.512  -6.292   7.685  g   0.000  -0.005  -0.001[0m
[1;32muart:~$ [m[8D[J[00:10:12.040,000] [0m<inf> imu: LSM6DS3TR-C  a   0.243  -6.272   7.982  g   0.025  -0.062   0.013[0m
[1;32muart:~$ [m[8D[J[00:10:12.041,000] [0m<inf> imu: LSM6DSV16X   a   0.522  -6.084   8.301  g  -0.011   0.002  -0.002[0m
[1;32muart:~$ [m[8D[J[1;32muart:~$ [m[8D[J[00:10:12.041,000] [0m<inf> imu: ICM-42688-P  a   0.520  -6.291   7.682  g   0.001  -0.005  -0.001[0m
[1;32muart:~$ [m[8D[J[1;32muart:~$ [m[8D[J[00:10:12.142,000] [0m<inf> imu: LSM6DS3TR-C  a   0.260  -6.229   7.940  g   0.025  -0.063   0.014[0m
[1;32muart:~$ [m[8D[J[00:10:12.143,000] [0m<inf> imu: LSM6DSV16X   a   0.527  -6.080   8.292  g  -0.012   0.002  -0.003[0m
[1;32muart:~$ [m[8D[J[1;32muart:~$ [m[8D[J[00:10:12.143,000] [0m<inf> imu: ICM-42688-P  a   0.530  -6.280   7.678  g   0.000  -0.006  -0.001[0m
[1;32muart:~$ [m[8D[J[00:10:12.244,000] [0m<inf> imu: LSM6DS3TR-C  a   0.212  -6.264   7.972  g   0.024  -0.062   0.012[0m
[1;32muart:~$ [m[8D[J[1;32muart:~$ [m[8D[J[00:10:12.245,000] [0m<inf> imu: LSM6DSV16X   a   0.526  -6.078   8.302  g  -0.011   0.002  -0.002[0m
[1;32muart:~$ [m[8D[J[00:10:12.246,000] [0m<inf> imu: ICM-42688-P  a   0.511  -6.292   7.671  g   0.001  -0.006  -0.001[0m
[1;32muart:~$ [m[8D[J[1;32muart:~$ [m[8D[J[00:10:12.347,000] [0m<inf> imu: LSM6DS3TR-C  a   0.197  -6.243   7.967  g   0.024  -0.061   0.013[0m
[1;32muart:~$ [m[8D[J[00:10:12.347,000] [0m<inf> imu: LSM6DSV16X   a   0.528  -6.085   8.296  g  -0.011   0.002  -0.003[0m
[1;32muart:~$ [m[8D[J[1;32muart:~$ [m[8D[J[00:10:12.348,000] [0m<inf> imu: ICM-42688-P  a   0.516  -6.269   7.678  g   0.000  -0.005   0.000[0m
[1;32muart:~$ [m[8D[J[00:10:12.449,000] [0m<inf> imu: LSM6DS3TR-C  a   0.247  -6.248   7.961  g   0.025  -0.062   0.012[0m
[1;32muart:~$ [m[8D[J[00:10:12.450,000] [0m<inf> imu: LSM6DSV16X   a   0.529  -6.084   8.301  g  -0.010   0.002  -0.003[0m
[1;32muart:~$ [m[8D[J[1;32muart:~$ [m[8D[J[00:10:12.450,000] [0m<inf> imu: ICM-42688-P  a   0.509  -6.293   7.675  g   0.001  -0.005  -0.001[0m
[1;32muart:~$ [m[8D[J[00:10:12.552,000] [0m<inf> imu: LSM6DS3TR-C  a   0.200  -6.270   7.982  g   0.025  -0.063   0.012[0m
[1;32muart:~$ [m[8D[J[1;32muart:~$ [m[8D[J[00:10:12.553,000] [0m<inf> imu: LSM6DSV16X   a   0.526  -6.082   8.310  g  -0.012   0.002  -0.003[0m
[1;32muart:~$ [m[8D[J[00:10:12.553,000] [0m<inf> imu: ICM-42688-P  a   0.517  -6.302   7.672  g   0.000  -0.006  -0.001[0m
[1;32muart:~$ [m[8D[J[00:10:12.655,000] [0m<inf> imu: LSM6DS3TR-C  a   0.234  -6.252   7.994  g   0.025  -0.062   0.014[0m
[1;32muart:~$ [m[8D[J[1;32muart:~$ [m[8D[J[00:10:12.655,000] [0m<inf> imu: LSM6DSV16X   a   0.531  -6.082   8.303  g  -0.012   0.001  -0.002[0m
[1;32muart:~$ [m[8D[J[00:10:12.656,000] [0m<inf> imu: ICM-42688-P  a   0.521  -6.284   7.691  g  -0.000  -0.005  -0.001[0m
[1;32muart:~$ [m[8D[J[00:10:12.757,000] [0m<inf> imu: LSM6DS3TR-C  a   0.190  -6.215   7.936  g   0.024  -0.063   0.011[0m
[1;32muart:~$ [m[8D[J[00:10:12.758,000] [0m<inf> imu: LSM6DSV16X   a   0.527  -6.085   8.297  g  -0.012   0.002  -0.003[0m
[1;32muart:~$ [m[8D[J[1;32muart:~$ [m[8D[J[00:10:12.758,000] [0m<inf> imu: ICM-42688-P  a   0.515  -6.288   7.688  g   0.000  -0.005  -0.001[0m
[1;32muart:~$ [m[8D[J[1;32muart:~$ [m[8D[J[00:10:12.859,000] [0m<inf> imu: LSM6DS3TR-C  a   0.224  -6.236   7.973  g   0.025  -0.063   0.011[0m
[1;32muart:~$ [m[8D[J[00:10:12.860,000] [0m<inf> imu: LSM6DSV16X   a   0.522  -6.085   8.308  g  -0.011   0.002  -0.003[0m
[1;32muart:~$ [m[8D[J[1;32muart:~$ [m[8D[J[00:10:12.860,000] [0m<inf> imu: ICM-42688-P  a   0.496  -6.298   7.676  g  -0.000  -0.005  -0.000[0m
[1;32muart:~$ [m[8D[J[00:10:12.961,000] [0m<inf> imu: LSM6DS3TR-C  a   0.227  -6.249   8.026  g   0.024  -0.063   0.011[0m
[1;32muart:~$ [m[8D[J[1;32muart:~$ [m[8D[J[00:10:12.962,000] [0m<inf> imu: LSM6DSV16X   a   0.526  -6.083   8.303  g  -0.012   0.002  -0.002[0m
[1;32muart:~$ [m[8D[J[00:10:12.963,000] [0m<inf> imu: ICM-42688-P  a   0.521  -6.281   7.673  g   0.001  -0.006   0.000[0m
[1;32muart:~$ [m[8D[J[1;32muart:~$ [m[8D[J[00:10:13.064,000] [0m<inf> imu: LSM6DS3TR-C  a   0.207  -6.221   7.983  g   0.023  -0.061   0.011[0m
[1;32muart:~$ [m[8D[J[00:10:13.064,000] [0m<inf> imu: LSM6DSV16X   a   0.523  -6.082   8.305  g  -0.010   0.002  -0.002[0m
[1;32muart:~$ [m[8D[J[1;32muart:~$ [m[8D[J[00:10:13.065,000] [0m<inf> imu: ICM-42688-P  a   0.526  -6.299   7.673  g   0.001  -0.005  -0.001[0m
[1;32muart:~$ [m[8D[J[00:10:13.166,000] [0m<inf> imu: LSM6DS3TR-C  a   0.233  -6.214   7.966  g   0.022  -0.062   0.012[0m
[1;32muart:~$ [m[8D[J[00:10:13.167,000] [0m<inf> imu: LSM6DSV16X   a   0.523  -6.085   8.305  g  -0.011   0.002  -0.002[0m
[1;32muart:~$ [m[8D[J[1;32muart:~$ [m[8D[J[00:10:13.167,000] [0m<inf> imu: ICM-42688-P  a   0.509  -6.273   7.695  g   0.001  -0.006  -0.001[0m
[1;32muart:~$ [m[8D[J[00:10:13.269,000] [0m<inf> imu: LSM6DS3TR-C  a   0.240  -6.202   7.970  g   0.025  -0.062   0.013[0m
[1;32muart:~$ [m[8D[J[00:10:13.270,000] [0m<inf> imu: LSM6DSV16X   a   0.529  -6.089   8.296  g  -0.011   0.002  -0.002[0m
[1;32muart:~$ [m[8D[J[00:10:13.270,000] [0m<inf> imu: ICM-42688-P  a   0.521  -6.290   7.670  g  -0.001  -0.006  -0.000[0m
[1;32muart:~$ [m[8D[J[1;32muart:~$ [m[8D[J[00:10:13.372,000] [0m<inf> imu: LSM6DS3TR-C  a   0.231  -6.234   7.969  g   0.024  -0.061   0.014[0m
[1;32muart:~$ [m[8D[J[00:10:13.372,000] [0m<inf> imu: LSM6DSV16X   a   0.529  -6.081   8.307  g  -0.012   0.003  -0.003[0m
[1;32muart:~$ [m[8D[J[1;32muart:~$ [m[8D[J[00:10:13.373,000] [0m<inf> imu: ICM-42688-P  a   0.512  -6.288   7.687  g   0.000  -0.006  -0.001[0m
[1;32muart:~$ [m[8D[J[00:10:13.475,000] [0m<inf> imu: LSM6DS3TR-C  a   0.226  -6.225   7.960  g   0.026  -0.064   0.012[0m
[1;32muart:~$ [m[8D[J[1;32muart:~$ [m[8D[J[00:10:13.476,000] [0m<inf> imu: LSM6DSV16X   a   0.522  -6.085   8.304  g  -0.011   0.001  -0.002[0m
[1;32muart:~$ [m[8D[J[00:10:13.477,000] [0m<inf> imu: ICM-42688-P  a   0.523  -6.297   7.678  g   0.001  -0.005   0.000[0m
[1;32muart:~$ [m[8D[J[1;32muart:~$ [m[8D[J[00:10:13.578,000] [0m<inf> imu: LSM6DS3TR-C  a   0.230  -6.243   7.982  g   0.024  -0.062   0.012[0m
[1;32muart:~$ [m[8D[J[00:10:13.578,000] [0m<inf> imu: LSM6DSV16X   a   0.529  -6.080   8.294  g  -0.012   0.001  -0.002[0m
[1;32muart:~$ [m[8D[J[1;32muart:~$ [m[8D[J[00:10:13.579,000] [0m<inf> imu: ICM-42688-P  a   0.515  -6.290   7.693  g   0.001  -0.005  -0.001[0m
[1;32muart:~$ [m[8D[J[00:10:13.680,000] [0m<inf> imu: LSM6DS3TR-C  a   0.239  -6.214   7.990  g   0.024  -0.062   0.013[0m
[1;32muart:~$ [m[8D[J[1;32muart:~$ [m[8D[J[00:10:13.681,000] [0m<inf> imu: LSM6DSV16X   a   0.529  -6.078   8.308  g  -0.011   0.002  -0.003[0m
[1;32muart:~$ [m[8D[J[00:10:13.681,000] [0m<inf> imu: ICM-42688-P  a   0.511  -6.296   7.687  g   0.001  -0.005  -0.001[0m
[1;32muart:~$ [m[8D[J[1;32muart:~$ [m[8D[J[00:10:13.782,000] [0m<inf> imu: LSM6DS3TR-C  a   0.218  -6.261   7.924  g   0.023  -0.065   0.011[0m
[1;32muart:~$ [m[8D[J[00:10:13.783,000] [0m<inf> imu: LSM6DSV16X   a   0.524  -6.081   8.305  g  -0.012   0.003  -0.002[0m
[1;32muart:~$ [m[8D[J[1;32muart:~$ [m[8D[J[00:10:13.784,000] [0m<inf> imu: ICM-42688-P  a   0.511  -6.287   7.683  g   0.000  -0.005   0.000[0m
[1;32muart:~$ [m[8D[J[00:10:13.885,000] [0m<inf> imu: LSM6DS3TR-C  a   0.239  -6.254   7.915  g   0.025  -0.061   0.014[0m
[1;32muart:~$ [m[8D[J[00:10:13.885,000] [0m<inf> imu: LSM6DSV16X   a   0.522  -6.076   8.303  g  -0.011   0.002  -0.002[0m
[1;32muart:~$ [m[8D[J[1;32muart:~$ [m[8D[J[00:10:13.886,000] [0m<inf> imu: ICM-42688-P  a   0.504  -6.288   7.682  g   0.000  -0.005   0.000[0m
[1;32muart:~$ [m[8D[J[00:10:13.987,000] [0m<inf> imu: LSM6DS3TR-C  a   0.217  -6.247   7.974  g   0.024  -0.060   0.013[0m
[1;32muart:~$ [m[8D[J[00:10:13.988,000] [0m<inf> imu: LSM6DSV16X   a   0.529  -6.085   8.307  g  -0.011   0.002  -0.003[0m
[1;32muart:~$ [m[8D[J[1;32muart:~$ [m[8D[J[00:10:13.989,000] [0m<inf> imu: ICM-42688-P  a   0.532  -6.285   7.687  g  -0.000  -0.006   0.000[0m
[1;32muart:~$ [m[8D[J[00:10:14.090,000] [0m<inf> imu: LSM6DS3TR-C  a   0.202  -6.236   7.967  g   0.025  -0.062   0.012[0m
[1;32muart:~$ [m[8D[J[1;32muart:~$ [m[8D[J[00:10:14.091,000] [0m<inf> imu: LSM6DSV16X   a   0.528  -6.092   8.301  g  -0.012   0.002  -0.004[0m
[1;32muart:~$ [m[8D[J[00:10:14.091,000] [0m<inf> imu: ICM-42688-P  a   0.522  -6.291   7.683  g   0.001  -0.005   0.000[0m
[1;32muart:~$ [m[8D[J[1;32muart:~$ [m[8D[J[00:10:14.192,000] [0m<inf> imu: LSM6DS3TR-C  a   0.218  -6.242   7.974  g   0.025  -0.064   0.012[0m
[1;32muart:~$ [m[8D[J[00:10:14.193,000] [0m<inf> imu: LSM6DSV16X   a   0.531  -6.080   8.319  g  -0.012   0.002  -0.003[0m
[1;32muart:~$ [m[8D[J[1;32muart:~$ [m[8D[J[00:10:14.194,000] [0m<inf> imu: ICM-42688-P  a   0.509  -6.298   7.684  g   0.000  -0.005  -0.000[0m
[1;32muart:~$ [m[8D[J[00:10:14.295,000] [0m<inf> imu: LSM6DS3TR-C  a   0.201  -6.225   7.941  g   0.024  -0.061   0.013[0m
[1;32muart:~$ [m[8D[J[1;32muart:~$ [m[8D[J[00:10:14.296,000] [0m<inf> imu: LSM6DSV16X   a   0.529  -6.082   8.302  g  -0.011   0.002  -0.003[0m
[1;32muart:~$ [m[8D[J[00:10:14.297,000] [0m<inf> imu: ICM-42688-P  a   0.518  -6.291   7.677  g   0.000  -0.005   0.000[0m
[1;32muart:~$ [m[8D[J[1;32muart:~$ [m[8D[J[00:10:14.398,000] [0m<inf> imu: LSM6DS3TR-C  a   0.227  -6.205   7.996  g   0.023  -0.063   0.010[0m
[1;32muart:~$ [m[8D[J[00:10:14.398,000] [0m<inf> imu: LSM6DSV16X   a   0.528  -6.085   8.315  g  -0.011   0.002  -0.003[0m
[1;32muart:~$ [m[8D[J[1;32muart:~$ [m[8D[J[00:10:14.399,000] [0m<inf> imu: ICM-42688-P  a   0.518  -6.284   7.681  g   0.001  -0.006  -0.001[0m
[1;32muart:~$ [m[8D[J[00:10:14.500,000] [0m<inf> imu: LSM6DS3TR-C  a   0.208  -6.242   7.972  g   0.025  -0.065   0.012[0m
[1;32muart:~$ [m[8D[J[00:10:14.501,000] [0m<inf> imu: LSM6DSV16X   a   0.523  -6.081   8.308  g  -0.011   0.001  -0.003[0m
[1;32muart:~$ [m[8D[J[1;32muart:~$ [m[8D[J[00:10:14.501,000] [0m<inf> imu: ICM-42688-P  a   0.514  -6.284   7.684  g   0.001  -0.005  -0.000[0m
[1;32muart:~$ [m[8D[J[00:10:14.602,000] [0m<inf> imu: LSM6DS3TR-C  a   0.221  -6.254   7.945  g   0.023  -0.060   0.012[0m
[1;32muart:~$ [m[8D[J[00:10:14.603,000] [0m<inf> imu: LSM6DSV16X   a   0.537  -6.080   8.310  g  -0.011   0.002  -0.003[0m
[1;32muart:~$ [m[8D[J[1;32muart:~$ [m[8D[J[00:10:14.604,000] [0m<inf> imu: ICM-42688-P  a   0.517  -6.293   7.694  g   0.000  -0.005  -0.001[0m
[1;32muart:~$ [m[8D[J[00:10:14.705,000] [0m<inf> imu: LSM6DS3TR-C  a   0.205  -6.221   7.984  g   0.024  -0.064   0.009[0m
[1;32muart:~$ [m[8D[J[1;32muart:~$ [m[8D[J[00:10:14.706,000] [0m<inf> imu: LSM6DSV16X   a   0.521  -6.081   8.300  g  -0.012   0.002  -0.003[0m
[1;32muart:~$ [m[8D[J[00:10:14.706,000] [0m<inf> imu: ICM-42688-P  a   0.515  -6.286   7.679  g   0.001  -0.005  -0.001[0m
[1;32muart:~$ [m[8D[J[1;32muart:~$ [m[8D[J[00:10:14.807,000] [0m<inf> imu: LSM6DS3TR-C  a   0.224  -6.234   7.979  g   0.024  -0.064   0.011[0m
[1;32muart:~$ [m[8D[J[00:10:14.809,000] [0m<inf> imu: LSM6DSV16X   a   0.523  -6.084   8.299  g  -0.011   0.002  -0.002[0m
[1;32muart:~$ [m[8D[J[1;32muart:~$ [m[8D[J[00:10:14.810,000] [0m<inf> imu: ICM-42688-P  a   0.514  -6.290   7.700  g   0.001  -0.005   0.000[0m
[1;32muart:~$ [m[8D[J[00:10:14.911,000] [0m<inf> imu: LSM6DS3TR-C  a   0.196  -6.240   7.967  g   0.025  -0.063   0.012[0m
[1;32muart:~$ [m[8D[J[1;32muart:~$ [m[8D[J[00:10:14.911,000] [0m<inf> imu: LSM6DSV16X   a   0.529  -6.083   8.307  g  -0.011   0.002  -0.003[0m
[1;32muart:~$ [m[8D[J[00:10:14.912,000] [0m<inf> imu: ICM-42688-P  a   0.517  -6.287   7.678  g   0.001  -0.005   0.000[0m
[1;32muart:~$ [m[8D[J[1;32muart:~$ [m[8D[J[00:10:15.013,000] [0m<inf> imu: LSM6DS3TR-C  a   0.237  -6.200   7.963  g   0.023  -0.063   0.013[0m
[1;32muart:~$ [m[8D[J[00:10:15.014,000] [0m<inf> imu: LSM6DSV16X   a   0.525  -6.085   8.299  g  -0.012   0.002  -0.003[0m
[1;32muart:~$ [m[8D[J[1;32muart:~$ [m[8D[J[00:10:15.014,000] [0m<inf> imu: ICM-42688-P  a   0.514  -6.294   7.688  g   0.000  -0.006   0.000[0m
[1;32muart:~$ [m[8D[J[00:10:15.115,000] [0m<inf> imu: LSM6DS3TR-C  a   0.233  -6.235   7.982  g   0.024  -0.063   0.011[0m
[1;32muart:~$ [m[8D[J[00:10:15.116,000] [0m<inf> imu: LSM6DSV16X   a   0.526  -6.087   8.302  g  -0.011   0.002  -0.002[0m
[1;32muart:~$ [m[8D[J[1;32muart:~$ [m[8D[J[00:10:15.116,000] [0m<inf> imu: ICM-42688-P  a   0.517  -6.298   7.678  g   0.000  -0.005   0.000[0m
[1;32muart:~$ [m[8D[J[00:10:15.218,000] [0m<inf> imu: LSM6DS3TR-C  a   0.234  -6.255   7.973  g   0.024  -0.063   0.012[0m
[1;32muart:~$ [m[8D[J[00:10:15.219,000] [0m<inf> imu: LSM6DSV16X   a   0.524  -6.086   8.303  g  -0.011   0.001  -0.003[0m
[1;32muart:~$ [m[8D[J[1;32muart:~$ [m[8D[J[00:10:15.220,000] [0m<inf> imu: ICM-42688-P  a   0.508  -6.284   7.689  g  -0.001  -0.006   0.000[0m
[1;32muart:~$ [m[8D[J[00:10:15.321,000] [0m<inf> imu: LSM6DS3TR-C  a   0.232  -6.208   7.999  g   0.024  -0.062   0.012[0m
[1;32muart:~$ [m[8D[J[00:10:15.322,000] [0m<inf> imu: LSM6DSV16X   a   0.528  -6.072   8.308  g  -0.011   0.002  -0.003[0m
[1;32muart:~$ [m[8D[J[00:10:15.322,000] [0m<inf> imu: ICM-42688-P  a   0.510  -6.290   7.682  g   0.000  -0.004   0.000[0m
[1;32muart:~$ [m[8D[J[1;32muart:~$ [m[8D[J[00:10:15.424,000] [0m<inf> imu: LSM6DS3TR-C  a   0.230  -6.220   7.994  g   0.026  -0.063   0.015[0m
[1;32muart:~$ [m[8D[J[00:10:15.425,000] [0m<inf> imu: LSM6DSV16X   a   0.526  -6.087   8.305  g  -0.011   0.002  -0.003[0m
[1;32muart:~$ [m[8D[J[1;32muart:~$ [m[8D[J[00:10:15.426,000] [0m<inf> imu: ICM-42688-P  a   0.517  -6.291   7.685  g   0.000  -0.005  -0.001[0m
[1;32muart:~$ [m[8D[J[00:10:15.527,000] [0m<inf> imu: LSM6DS3TR-C  a   0.223  -6.260   7.990  g   0.024  -0.061   0.012[0m
[1;32muart:~$ [m[8D[J[1;32muart:~$ [m[8D[J[00:10:15.527,000] [0m<inf> imu: LSM6DSV16X   a   0.519  -6.074   8.305  g  -0.011   0.002  -0.003[0m
[1;32muart:~$ [m[8D[J[00:10:15.528,000] [0m<inf> imu: ICM-42688-P  a   0.512  -6.290   7.661  g   0.000  -0.005  -0.001[0m
[1;32muart:~$ [m[8D[J[1;32muart:~$ [m[8D[J[00:10:15.629,000] [0m<inf> imu: LSM6DS3TR-C  a   0.227  -6.210   8.002  g   0.026  -0.063   0.013[0m
[1;32muart:~$ [m[8D[J[00:10:15.630,000] [0m<inf> imu: LSM6DSV16X   a   0.526  -6.087   8.307  g  -0.011   0.002  -0.002[0m
[1;32muart:~$ [m[8D[J[1;32muart:~$ [m[8D[J[00:10:15.630,000] [0m<inf> imu: ICM-42688-P  a   0.514  -6.296   7.682  g   0.000  -0.005  -0.001[0m
[1;32muart:~$ [m[8D[J[00:10:15.731,000] [0m<inf> imu: LSM6DS3TR-C  a   0.233  -6.243   7.967  g   0.024  -0.062   0.011[0m
[1;32muart:~$ [m[8D[J[00:10:15.732,000] [0m<inf> imu: LSM6DSV16X   a   0.526  -6.075   8.307  g  -0.011   0.003  -0.002[0m
[1;32muart:~$ [m[8D[J[1;32muart:~$ [m[8D[J[00:10:15.732,000] [0m<inf> imu: ICM-42688-P  a   0.517  -6.294   7.673  g   0.001  -0.005  -0.001[0m
[1;32muart:~$ [m[8D[J[00:10:15.834,000] [0m<inf> imu: LSM6DS3TR-C  a   0.252  -6.249   7.976  g   0.025  -0.063   0.011[0m
[1;32muart:~$ [m[8D[J[1;32muart:~$ [m[8D[J[00:10:15.834,000] [0m<inf> imu: LSM6DSV16X   a   0.524  -6.087   8.303  g  -0.010   0.002  -0.003[0m
[1;32muart:~$ [m[8D[J[00:10:15.835,000] [0m<inf> imu: ICM-42688-P  a   0.518  -6.296   7.682  g   0.001  -0.006  -0.001[0m
[1;32muart:~$ [m[8D[J[00:10:15.937,000] [0m<inf> imu: LSM6DS3TR-C  a   0.206  -6.258   7.976  g   0.024  -0.062   0.013[0m
[1;32muart:~$ [m[8D[J[1;32muart:~$ [m[8D[J[00:10:15.937,000] [0m<inf> imu: LSM6DSV16X   a   0.528  -6.085   8.302  g  -0.011   0.002  -0.003[0m
[1;32muart:~$ [m[8D[J[00:10:15.938,000] [0m<inf> imu: ICM-42688-P  a   0.526  -6.287   7.689  g  -0.001  -0.006  -0.001[0m
[1;32muart:~$ [m[8D[J[00:10:16.039,000] [0m<inf> imu: LSM6DS3TR-C  a   0.246  -6.233   7.966  g   0.023  -0.063   0.012[0m
[1;32muart:~$ [m[8D[J[00:10:16.040,000] [0m<inf> imu: LSM6DSV16X   a   0.524  -6.085   8.296  g  -0.011   0.002  -0.003[0m
[1;32muart:~$ [m[8D[J[1;32muart:~$ [m[8D[J[00:10:16.040,000] [0m<inf> imu: ICM-42688-P  a   0.517  -6.291   7.682  g   0.001  -0.005  -0.001[0m
[1;32muart:~$ [m[8D[J[1;32muart:~$ [m[8D[J[00:10:16.141,000] [0m<inf> imu: LSM6DS3TR-C  a   0.223  -6.252   7.989  g   0.025  -0.062   0.013[0m
[1;32muart:~$ [m[8D[J[00:10:16.142,000] [0m<inf> imu: LSM6DSV16X   a   0.528  -6.083   8.301  g  -0.012   0.003  -0.002[0m
[1;32muart:~$ [m[8D[J[1;32muart:~$ [m[8D[J[00:10:16.142,000] [0m<inf> imu: ICM-42688-P  a   0.528  -6.293   7.672  g  -0.001  -0.005  -0.000[0m
[1;32muart:~$ [m[8D[J[00:10:16.243,000] [0m<inf> imu: LSM6DS3TR-C  a   0.227  -6.230   8.003  g   0.024  -0.060   0.013[0m
[1;32muart:~$ [m[8D[J[1;32muart:~$ [m[8D[J[00:10:16.244,000] [0m<inf> imu: LSM6DSV16X   a   0.526  -6.092   8.307  g  -0.011   0.002  -0.002[0m
[1;32muart:~$ [m[8D[J[00:10:16.245,000] [0m<inf> imu: ICM-42688-P  a   0.512  -6.293   7.696  g   0.001  -0.006  -0.001[0m
[1;32muart:~$ [m[8D[J[1;32muart:~$ [m[8D[J[00:10:16.346,000] [0m<inf> imu: LSM6DS3TR-C  a   0.215  -6.257   7.968  g   0.023  -0.062   0.010[0m
[1;32muart:~$ [m[8D[J[00:10:16.346,000] [0m<inf> imu: LSM6DSV16X   a   0.523  -6.083   8.302  g  -0.011   0.003  -0.003[0m
[1;32muart:~$ [m[8D[J[1;32muart:~$ [m[8D[J[00:10:16.347,000] [0m<inf> imu: ICM-42688-P  a   0.534  -6.280   7.690  g  -0.001  -0.005  -0.001[0m
[1;32muart:~$ [m[8D[J[00:10:16.448,000] [0m<inf> imu: LSM6DS3TR-C  a   0.266  -6.228   7.970  g   0.023  -0.063   0.010[0m
[1;32muart:~$ [m[8D[J[00:10:16.449,000] [0m<inf> imu: LSM6DSV16X   a   0.524  -6.085   8.304  g  -0.011   0.002  -0.003[0m
[1;32muart:~$ [m[8D[J[1;32muart:~$ [m[8D[J[00:10:16.449,000] [0m<inf> imu: ICM-42688-P  a   0.512  -6.291   7.678  g   0.000  -0.005   0.000[0m
[1;32muart:~$ [m[8D[J[00:10:16.551,000] [0m<inf> imu: LSM6DS3TR-C  a   0.223  -6.237   7.966  g   0.024  -0.062   0.011[0m
[1;32muart:~$ [m[8D[J[1;32muart:~$ [m[8D[J[00:10:16.552,000] [0m<inf> imu: LSM6DSV16X   a   0.522  -6.080   8.301  g  -0.011   0.002  -0.003[0m
[1;32muart:~$ [m[8D[J[00:10:16.552,000] [0m<inf> imu: ICM-42688-P  a   0.516  -6.286   7.670  g  -0.001  -0.006   0.000[0m
[1;32muart:~$ [m[8D[J[00:10:16.654,000] [0m<inf> imu: LSM6DS3TR-C  a   0.222  -6.251   7.990  g   0.025  -0.061   0.013[0m
[1;32muart:~$ [m[8D[J[1;32muart:~$ [m[8D[J[00:10:16.655,000] [0m<inf> imu: LSM6DSV16X   a   0.524  -6.085   8.303  g  -0.011   0.002  -0.002[0m
[1;32muart:~$ [m[8D[J[00:10:16.655,000] [0m<inf> imu: ICM-42688-P  a   0.517  -6.296   7.676  g   0.000  -0.006   0.000[0m
[1;32muart:~$ [m[8D[J[00:10:16.756,000] [0m<inf> imu: LSM6DS3TR-C  a   0.232  -6.211   7.939  g   0.024  -0.062   0.011[0m
[1;32muart:~$ [m[8D[J[00:10:16.757,000] [0m<inf> imu: LSM6DSV16X   a   0.529  -6.075   8.298  g  -0.011   0.002  -0.003[0m
[1;32muart:~$ [m[8D[J[1;32muart:~$ [m[8D[J[00:10:16.757,000] [0m<inf> imu: ICM-42688-P  a   0.521  -6.290   7.661  g   0.000  -0.005  -0.001[0m
[1;32muart:~$ [m[8D[J[1;32muart:~$ [m[8D[J[00:10:16.858,000] [0m<inf> imu: LSM6DS3TR-C  a   0.198  -6.232   7.997  g   0.024  -0.063   0.011[0m
[1;32muart:~$ [m[8D[J[00:10:16.859,000] [0m<inf> imu: LSM6DSV16X   a   0.525  -6.099   8.301  g  -0.010   0.003  -0.002[0m
[1;32muart:~$ [m[8D[J[1;32muart:~$ [m[8D[J[00:10:16.860,000] [0m<inf> imu: ICM-42688-P  a   0.521  -6.305   7.678  g   0.001  -0.006  -0.001[0m
[1;32muart:~$ [m[8D[J[00:10:16.961,000] [0m<inf> imu: LSM6DS3TR-C  a   0.276  -6.218   7.966  g   0.024  -0.062   0.013[0m
[1;32muart:~$ [m[8D[J[1;32muart:~$ [m[8D[J[00:10:16.961,000] [0m<inf> imu: LSM6DSV16X   a   0.531  -6.080   8.294  g  -0.011   0.002  -0.003[0m
[1;32muart:~$ [m[8D[J[00:10:16.962,000] [0m<inf> imu: ICM-42688-P  a   0.529  -6.282   7.675  g   0.000  -0.006  -0.001[0m
[1;32muart:~$ [m[8D[J[1;32muart:~$ [m[8D[J[00:10:17.063,000] [0m<inf> imu: LSM6DS3TR-C  a   0.220  -6.230   8.022  g   0.023  -0.061   0.012[0m
[1;32muart:~$ [m[8D[J[00:10:17.064,000] [0m<inf> imu: LSM6DSV16X   a   0.519  -6.083   8.303  g  -0.011   0.002  -0.002[0m
[1;32muart:~$ [m[8D[J[1;32muart:~$ [m[8D[J[00:10:17.064,000] [0m<inf> imu: ICM-42688-P  a   0.520  -6.291   7.699  g  -0.001  -0.005  -0.000[0m
[1;32muart:~$ [m[8D[J[00:10:17.165,000] [0m<inf> imu: LSM6DS3TR-C  a   0.229  -6.224   7.954  g   0.024  -0.063   0.011[0m
[1;32muart:~$ [m[8D[J[00:10:17.166,000] [0m<inf> imu: LSM6DSV16X   a   0.527  -6.082   8.307  g  -0.012   0.003  -0.002[0m
[1;32muart:~$ [m[8D[J[1;32muart:~$ [m[8D[J[00:10:17.166,000] [0m<inf> imu: ICM-42688-P  a   0.514  -6.290   7.697  g   0.000  -0.006  -0.001[0m
[1;32muart:~$ [m[8D[J[00:10:17.268,000] [0m<inf> imu: LSM6DS3TR-C  a   0.243  -6.217   7.984  g   0.024  -0.063   0.012[0m
[1;32muart:~$ [m[8D[J[00:10:17.269,000] [0m<inf> imu: LSM6DSV16X   a   0.522  -6.081   8.299  g  -0.011   0.003  -0.003[0m
[1;32muart:~$ [m[8D[J[00:10:17.270,000] [0m<inf> imu: ICM-42688-P  a   0.514  -6.281   7.672  g   0.000  -0.006  -0.001[0m
[1;32muart:~$ [m[8D[J[1;32muart:~$ [m[8D[J[00:10:17.371,000] [0m<inf> imu: LSM6DS3TR-C  a   0.207  -6.236   7.959  g   0.024  -0.062   0.013[0m
[1;32muart:~$ [m[8D[J[00:10:17.372,000] [0m<inf> imu: LSM6DSV16X   a   0.520  -6.078   8.307  g  -0.011   0.001  -0.003[0m
[1;32muart:~$ [m[8D[J[1;32muart:~$ [m[8D[J[00:10:17.372,000] [0m<inf> imu: ICM-42688-P  a   0.517  -6.281   7.694  g   0.001  -0.005  -0.001[0m
[1;32muart:~$ [m[8D[J[00:10:17.474,000] [0m<inf> imu: LSM6DS3TR-C  a   0.226  -6.242   7.969  g   0.024  -0.063   0.012[0m
[1;32muart:~$ [m[8D[J[1;32muart:~$ [m[8D[J[00:10:17.475,000] [0m<inf> imu: LSM6DSV16X   a   0.517  -6.087   8.301  g  -0.011   0.002  -0.002[0m
[1;32muart:~$ [m[8D[J[00:10:17.476,000] [0m<inf> imu: ICM-42688-P  a   0.509  -6.293   7.681  g   0.000  -0.005  -0.000[0m
[1;32muart:~$ [m[8D[J[1;32muart:~$ [m[8D[J[00:10:17.577,000] [0m<inf> imu: LSM6DS3TR-C  a   0.225  -6.236   7.963  g   0.026  -0.061   0.012[0m
[1;32muart:~$ [m[8D[J[00:10:17.578,000] [0m<inf> imu: LSM6DSV16X   a   0.526  -6.078   8.314  g  -0.011   0.002  -0.003[0m
[1;32muart:~$ [m[8D[J[1;32muart:~$ [m[8D[J[00:10:17.579,000] [0m<inf> imu: ICM-42688-P  a   0.500  -6.294   7.684  g   0.000  -0.005   0.000[0m
[1;32muart:~$ [m[8D[J[00:10:17.680,000] [0m<inf> imu: LSM6DS3TR-C  a   0.209  -6.245   7.981  g   0.024  -0.062   0.011[0m
[1;32muart:~$ [m[8D[J[1;32muart:~$ [m[8D[J[00:10:17.680,000] [0m<inf> imu: LSM6DSV16X   a   0.528  -6.084   8.317  g  -0.011   0.002  -0.002[0m
[1;32muart:~$ [m[8D[J[00:10:17.681,000] [0m<inf> imu: ICM-42688-P  a   0.516  -6.278   7.673  g   0.000  -0.005  -0.001[0m
[1;32muart:~$ [m[8D[J[1;32muart:~$ [m[8D[J[00:10:17.782,000] [0m<inf> imu: LSM6DS3TR-C  a   0.222  -6.235   7.963  g   0.025  -0.063   0.013[0m
[1;32muart:~$ [m[8D[J[00:10:17.783,000] [0m<inf> imu: LSM6DSV16X   a   0.522  -6.082   8.301  g  -0.011   0.002  -0.003[0m
[1;32muart:~$ [m[8D[J[1;32muart:~$ [m[8D[J[00:10:17.783,000] [0m<inf> imu: ICM-42688-P  a   0.508  -6.291   7.682  g   0.000  -0.005   0.000[0m
[1;32muart:~$ [m[8D[J[00:10:17.884,000] [0m<inf> imu: LSM6DS3TR-C  a   0.201  -6.227   7.979  g   0.026  -0.063   0.012[0m
[1;32muart:~$ [m[8D[J[00:10:17.885,000] [0m<inf> imu: LSM6DSV16X   a   0.519  -6.085   8.308  g  -0.011   0.002  -0.002[0m
[1;32muart:~$ [m[8D[J[1;32muart:~$ [m[8D[J[00:10:17.885,000] [0m<inf> imu: ICM-42688-P  a   0.510  -6.273   7.678  g   0.001  -0.005  -0.001[0m
[1;32muart:~$ [m[8D[J[00:10:17.987,000] [0m<inf> imu: LSM6DS3TR-C  a   0.243  -6.240   7.975  g   0.024  -0.060   0.013[0m
[1;32muart:~$ [m[8D[J[1;32muart:~$ [m[8D[J[00:10:17.988,000] [0m<inf> imu: LSM6DSV16X   a   0.529  -6.083   8.307  g  -0.012   0.002  -0.002[0m
[1;32muart:~$ [m[8D[J[00:10:17.989,000] [0m<inf> imu: ICM-42688-P  a   0.516  -6.293   7.671  g   0.001  -0.006   0.000[0m
[1;32muart:~$ [m[8D[J[00:10:18.090,000] [0m<inf> imu: LSM6DS3TR-C  a   0.220  -6.240   7.967  g   0.024  -0.063   0.012[0m
[1;32muart:~$ [m[8D[J[1;32muart:~$ [m[8D[J[00:10:18.091,000] [0m<inf> imu: LSM6DSV16X   a   0.529  -6.090   8.301  g  -0.011   0.002  -0.002[0m
[1;32muart:~$ [m[8D[J[00:10:18.091,000] [0m<inf> imu: ICM-42688-P  a   0.521  -6.293   7.682  g  -0.000  -0.005  -0.001[0m
[1;32muart:~$ [m[8D[J[00:10:18.192,000] [0m<inf> imu: LSM6DS3TR-C  a   0.190  -6.225   7.997  g   0.024  -0.062   0.012[0m
[1;32muart:~$ [m[8D[J[00:10:18.193,000] [0m<inf> imu: LSM6DSV16X   a   0.524  -6.086   8.300  g  -0.012   0.002  -0.002[0m
[1;32muart:~$ [m[8D[J[1;32muart:~$ [m[8D[J[00:10:18.193,000] [0m<inf> imu: ICM-42688-P  a   0.512  -6.286   7.689  g   0.001  -0.005  -0.000[0m
[1;32muart:~$ [m[8D[J[1;32muart:~$ [m[8D[J[00:10:18.294,000] [0m<inf> imu: LSM6DS3TR-C  a   0.244  -6.233   7.953  g   0.024  -0.062   0.011[0m
[1;32muart:~$ [m[8D[J[00:10:18.295,000] [0m<inf> imu: LSM6DSV16X   a   0.519  -6.087   8.317  g  -0.011   0.003  -0.003[0m
[1;32muart:~$ [m[8D[J[1;32muart:~$ [m[8D[J[00:10:18.296,000] [0m<inf> imu: ICM-42688-P  a   0.520  -6.286   7.675  g   0.001  -0.005  -0.001[0m
[1;32muart:~$ [m[8D[J[00:10:18.397,000] [0m<inf> imu: LSM6DS3TR-C  a   0.229  -6.248   7.942  g   0.024  -0.063   0.012[0m
[1;32muart:~$ [m[8D[J[1;32muart:~$ [m[8D[J[00:10:18.397,000] [0m<inf> imu: LSM6DSV16X   a   0.527  -6.073   8.299  g  -0.012   0.002  -0.002[0m
[1;32muart:~$ [m[8D[J[00:10:18.398,000] [0m<inf> imu: ICM-42688-P  a   0.517  -6.278   7.685  g  -0.001  -0.005   0.000[0m
[1;32muart:~$ [m[8D[J[1;32muart:~$ [m[8D[J[00:10:18.499,000] [0m<inf> imu: LSM6DS3TR-C  a   0.211  -6.250   7.943  g   0.024  -0.062   0.012[0m
[1;32muart:~$ [m[8D[J[00:10:18.500,000] [0m<inf> imu: LSM6DSV16X   a   0.517  -6.082   8.305  g  -0.010   0.003  -0.002[0m
[1;32muart:~$ [m[8D[J[1;32muart:~$ [m[8D[J[00:10:18.500,000] [0m<inf> imu: ICM-42688-P  a   0.520  -6.286   7.672  g   0.001  -0.005  -0.001[0m
[1;32muart:~$ [m[8D[J[00:10:18.601,000] [0m<inf> imu: LSM6DS3TR-C  a   0.221  -6.226   7.977  g   0.024  -0.063   0.013[0m
[1;32muart:~$ [m[8D[J[00:10:18.602,000] [0m<inf> imu: LSM6DSV16X   a   0.522  -6.087   8.308  g  -0.012   0.002  -0.003[0m
[1;32muart:~$ [m[8D[J[1;32muart:~$ [m[8D[J[00:10:18.603,000] [0m<inf> imu: ICM-42688-P  a   0.520  -6.288   7.682  g   0.000  -0.005   0.000[0m
[1;32muart:~$ [m[8D[J[00:10:18.705,000] [0m<inf> imu: LSM6DS3TR-C  a   0.229  -6.264   7.959  g   0.025  -0.062   0.012[0m
[1;32muart:~$ [m[8D[J[1;32muart:~$ [m[8D[J[00:10:18.705,000] [0m<inf> imu: LSM6DSV16X   a   0.524  -6.087   8.304  g  -0.011   0.002  -0.002[0m
[1;32muart:~$ [m[8D[J[00:10:18.706,000] [0m<inf> imu: ICM-42688-P  a   0.520  -6.292   7.695  g   0.001  -0.005   0.000[0m
[1;32muart:~$ [m[8D[J[00:10:18.807,000] [0m<inf> imu: LSM6DS3TR-C  a   0.272  -6.241   7.960  g   0.024  -0.063   0.010[0m
[1;32muart:~$ [m[8D[J[1;32muart:~$ [m[8D[J[00:10:18.808,000] [0m<inf> imu: LSM6DSV16X   a   0.522  -6.085   8.298  g  -0.012   0.002  -0.003[0m
[1;32muart:~$ [m[8D[J[00:10:18.809,000] [0m<inf> imu: ICM-42688-P  a   0.515  -6.290   7.676  g   0.001  -0.005  -0.001[0m
[1;32muart:~$ [m[8D[J[00:10:18.910,000] [0m<inf> imu: LSM6DS3TR-C  a   0.227  -6.229   7.980  g   0.024  -0.063   0.013[0m
[1;32muart:~$ [m[8D[J[00:10:18.910,000] [0m<inf> imu: LSM6DSV16X   a   0.524  -6.076   8.301  g  -0.011   0.001  -0.003[0m
[1;32muart:~$ [m[8D[J[1;32muart:~$ [m[8D[J[00:10:18.911,000] [0m<inf> imu: ICM-42688-P  a   0.515  -6.275   7.677  g   0.001  -0.005  -0.000[0m
[1;32muart:~$ [m[8D[J[1;32muart:~$ [m[8D[J[00:10:19.012,000] [0m<inf> imu: LSM6DS3TR-C  a   0.226  -6.244   7.959  g   0.024  -0.062   0.010[0m
[1;32muart:~$ [m[8D[J[00:10:19.013,000] [0m<inf> imu: LSM6DSV16X   a   0.526  -6.080   8.294  g  -0.011   0.002  -0.003[0m
[1;32muart:~$ [m[8D[J[1;32muart:~$ [m[8D[J[00:10:19.013,000] [0m<inf> imu: ICM-42688-P  a   0.508  -6.281   7.681  g   0.000  -0.006   0.000[0m
[1;32muart:~$ [m[8D[J[00:10:19.114,000] [0m<inf> imu: LSM6DS3TR-C  a   0.236  -6.249   7.985  g   0.024  -0.063   0.010[0m
[1;32muart:~$ [m[8D[J[1;32muart:~$ [m[8D[J[00:10:19.115,000] [0m<inf> imu: LSM6DSV16X   a   0.517  -6.082   8.303  g  -0.012   0.001  -0.003[0m
[1;32muart:~$ [m[8D[J[00:10:19.115,000] [0m<inf> imu: ICM-42688-P  a   0.502  -6.281   7.676  g   0.000  -0.005  -0.001[0m
[1;32muart:~$ [m[8D[J[1;32muart:~$ [m[8D[J[00:10:19.217,000] [0m<inf> imu: LSM6DS3TR-C  a   0.221  -6.239   7.975  g   0.026  -0.061   0.013[0m
[1;32muart:~$ [m[8D[J[00:10:19.217,000] [0m<inf> imu: LSM6DSV16X   a   0.526  -6.090   8.296  g  -0.012   0.002  -0.002[0m
[1;32muart:~$ [m[8D[J[1;32muart:~$ [m[8D[J[00:10:19.218,000] [0m<inf> imu: ICM-42688-P  a   0.526  -6.294   7.676  g  -0.001  -0.005   0.000[0m
[1;32muart:~$ [m[8D[J[00:10:19.319,000] [0m<inf> imu: LSM6DS3TR-C  a   0.230  -6.202   7.920  g   0.024  -0.061   0.013[0m
[1;32muart:~$ [m[8D[J[00:10:19.320,000] [0m<inf> imu: LSM6DSV16X   a   0.519  -6.077   8.310  g  -0.012   0.002  -0.003[0m
[1;32muart:~$ [m[8D[J[1;32muart:~$ [m[8D[J[00:10:19.320,000] [0m<inf> imu: ICM-42688-P  a   0.505  -6.287   7.676  g   0.001  -0.005  -0.001[0m
[1;32muart:~$ [m[8D[J[00:10:19.421,000] [0m<inf> imu: LSM6DS3TR-C  a   0.209  -6.233   7.957  g   0.024  -0.062   0.014[0m
[1;32muart:~$ [m[8D[J[1;32muart:~$ [m[8D[J[00:10:19.422,000] [0m<inf> imu: LSM6DSV16X   a   0.531  -6.085   8.312  g  -0.012   0.002  -0.002[0m
[1;32muart:~$ [m[8D[J[00:10:19.423,000] [0m<inf> imu: ICM-42688-P  a   0.517  -6.290   7.675  g   0.001  -0.005  -0.001[0m
[1;32muart:~$ [m[8D[J[00:10:19.524,000] [0m<inf> imu: LSM6DS3TR-C  a   0.235  -6.236   7.979  g   0.026  -0.061   0.013[0m
[1;32muart:~$ [m[8D[J[1;32muart:~$ [m[8D[J[00:10:19.524,000] [0m<inf> imu: LSM6DSV16X   a   0.524  -6.084   8.301  g  -0.012   0.002  -0.003[0m
[1;32muart:~$ [m[8D[J[00:10:19.525,000] [0m<inf> imu: ICM-42688-P  a   0.520  -6.293   7.685  g   0.000  -0.006  -0.000[0m
[1;32muart:~$ [m[8D[J[00:10:19.626,000] [0m<inf> imu: LSM6DS3TR-C  a   0.207  -6.231   7.970  g   0.024  -0.063   0.014[0m
[1;32muart:~$ [m[8D[J[00:10:19.627,000] [0m<inf> imu: LSM6DSV16X   a   0.517  -6.090   8.311  g  -0.012   0.002  -0.002[0m
[1;32muart:~$ [m[8D[J[1;32muart:~$ [m[8D[J[00:10:19.627,000] [0m<inf> imu: ICM-42688-P  a   0.512  -6.288   7.690  g   0.001  -0.006  -0.001[0m
[1;32muart:~$ [m[8D[J[1;32muart:~$ [m[8D[J[00:10:19.728,000] [0m<inf> imu: LSM6DS3TR-C  a   0.233  -6.265   7.952  g   0.025  -0.062   0.011[0m
[1;32muart:~$ [m[8D[J[00:10:19.729,000] [0m<inf> imu: LSM6DSV16X   a   0.529  -6.083   8.305  g  -0.012   0.002  -0.002[0m
[1;32muart:~$ [m[8D[J[1;32muart:~$ [m[8D[J[00:10:19.729,000] [0m<inf> imu: ICM-42688-P  a   0.516  -6.287   7.689  g  -0.001  -0.005  -0.001[0m
[1;32muart:~$ [m[8D[J[00:10:19.831,000] [0m<inf> imu: LSM6DS3TR-C  a   0.231  -6.221   7.948  g   0.023  -0.063   0.012[0m
[1;32muart:~$ [m[8D[J[1;32muart:~$ [m[8D[J[00:10:19.831,000] [0m<inf> imu: LSM6DSV16X   a   0.529  -6.082   8.310  g  -0.011   0.002  -0.003[0m
[1;32muart:~$ [m[8D[J[00:10:19.832,000] [0m<inf> imu: ICM-42688-P  a   0.512  -6.290   7.672  g   0.000  -0.005  -0.001[0m
[1;32muart:~$ [m[8D[J[1;32muart:~$ [m[8D[J[00:10:19.933,000] [0m<inf> imu: LSM6DS3TR-C  a   0.236  -6.287   7.963  g   0.024  -0.062   0.014[0m
[1;32muart:~$ [m[8D[J[00:10:19.934,000] [0m<inf> imu: LSM6DSV16X   a   0.526  -6.085   8.311  g  -0.012   0.003  -0.003[0m
[1;32muart:~$ [m[8D[J[1;32muart:~$ [m[8D[J[00:10:19.934,000] [0m<inf> imu: ICM-42688-P  a   0.514  -6.281   7.678  g  -0.001  -0.005   0.000[0m
[1;32muart:~$ [m[8D[J[00:10:20.035,000] [0m<inf> imu: LSM6DS3TR-C  a   0.242  -6.267   7.973  g   0.025  -0.062   0.014[0m
[1;32muart:~$ [m[8D[J[00:10:20.036,000] [0m<inf> imu: LSM6DSV16X   a   0.525  -6.087   8.301  g  -0.011   0.002  -0.003[0m
[1;32muart:~$ [m[8D[J[1;32muart:~$ [m[8D[J[00:10:20.036,000] [0m<inf> imu: ICM-42688-P  a   0.524  -6.294   7.682  g   0.000  -0.005  -0.001[0m
[1;32muart:~$ [m[8D[J[00:10:20.138,000] [0m<inf> imu: LSM6DS3TR-C  a   0.239  -6.214   8.011  g   0.026  -0.061   0.013[0m
[1;32muart:~$ [m[8D[J[1;32muart:~$ [m[8D[J[00:10:20.139,000] [0m<inf> imu: LSM6DSV16X   a   0.519  -6.083   8.310  g  -0.011   0.002  -0.002[0m
[1;32muart:~$ [m[8D[J[00:10:20.140,000] [0m<inf> imu: ICM-42688-P  a   0.521  -6.294   7.682  g   0.000  -0.005   0.000[0m
[1;32muart:~$ [m[8D[J[00:10:20.241,000] [0m<inf> imu: LSM6DS3TR-C  a   0.202  -6.248   8.009  g   0.025  -0.062   0.011[0m
[1;32muart:~$ [m[8D[J[1;32muart:~$ [m[8D[J[00:10:20.242,000] [0m<inf> imu: LSM6DSV16X   a   0.526  -6.087   8.306  g  -0.012   0.001  -0.003[0m
[1;32muart:~$ [m[8D[J[00:10:20.242,000] [0m<inf> imu: ICM-42688-P  a   0.524  -6.300   7.687  g   0.001  -0.005  -0.001[0m
[1;32muart:~$ [m[8D[J[00:10:20.343,000] [0m<inf> imu: LSM6DS3TR-C  a   0.215  -6.247   7.978  g   0.023  -0.062   0.011[0m
[1;32muart:~$ [m[8D[J[00:10:20.344,000] [0m<inf> imu: LSM6DSV16X   a   0.527  -6.086   8.306  g  -0.011   0.002  -0.003[0m
[1;32muart:~$ [m[8D[J[1;32muart:~$ [m[8D[J[00:10:20.344,000] [0m<inf> imu: ICM-42688-P  a   0.516  -6.302   7.684  g  -0.000  -0.005  -0.000[0m
[1;32muart:~$ [m[8D[J[1;32muart:~$ [m[8D[J[00:10:20.446,000] [0m<inf> imu: LSM6DS3TR-C  a   0.217  -6.252   7.989  g   0.025  -0.062   0.013[0m
[1;32muart:~$ [m[8D[J[00:10:20.446,000] [0m<inf> imu: LSM6DSV16X   a   0.529  -6.082   8.308  g  -0.011   0.002  -0.003[0m
[1;32muart:~$ [m[8D[J[1;32muart:~$ [m[8D[J[00:10:20.447,000] [0m<inf> imu: ICM-42688-P  a   0.521  -6.276   7.691  g   0.000  -0.006   0.000[0m
[1;32muart:~$ [m[8D[J[00:10:20.548,000] [0m<inf> imu: LSM6DS3TR-C  a   0.258  -6.237   7.991  g   0.027  -0.062   0.012[0m
[1;32muart:~$ [m[8D[J[1;32muart:~$ [m[8D[J[00:10:20.549,000] [0m<inf> imu: LSM6DSV16X   a   0.522  -6.088   8.313  g  -0.012   0.002  -0.003[0m
[1;32muart:~$ [m[8D[J[00:10:20.549,000] [0m<inf> imu: ICM-42688-P  a   0.521  -6.285   7.687  g   0.000  -0.004  -0.001[0m
[1;32muart:~$ [m[8D[J[1;32muart:~$ [m[8D[J[00:10:20.650,000] [0m<inf> imu: LSM6DS3TR-C  a   0.202  -6.229   7.988  g   0.026  -0.063   0.011[0m
[1;32muart:~$ [m[8D[J[00:10:20.651,000] [0m<inf> imu: LSM6DSV16X   a   0.526  -6.083   8.302  g  -0.012   0.002  -0.003[0m
[1;32muart:~$ [m[8D[J[1;32muart:~$ [m[8D[J[00:10:20.651,000] [0m<inf> imu: ICM-42688-P  a   0.518  -6.284   7.691  g  -0.000  -0.006   0.000[0m
[1;32muart:~$ [m[8D[J[00:10:20.752,000] [0m<inf> imu: LSM6DS3TR-C  a   0.221  -6.213   7.956  g   0.025  -0.061   0.014[0m
[1;32muart:~$ [m[8D[J[00:10:20.753,000] [0m<inf> imu: LSM6DSV16X   a   0.524  -6.092   8.310  g  -0.011   0.002  -0.003[0m
[1;32muart:~$ [m[8D[J[1;32muart:~$ [m[8D[J[00:10:20.754,000] [0m<inf> imu: ICM-42688-P  a   0.512  -6.288   7.679  g   0.000  -0.006  -0.001[0m
[1;32muart:~$ [m[8D[J[00:10:20.856,000] [0m<inf> imu: LSM6DS3TR-C  a   0.236  -6.221   7.979  g   0.025  -0.061   0.013[0m
[1;32muart:~$ [m[8D[J[00:10:20.857,000] [0m<inf> imu: LSM6DSV16X   a   0.523  -6.092   8.301  g  -0.011   0.002  -0.003[0m
[1;32muart:~$ [m[8D[J[1;32muart:~$ [m[8D[J[00:10:20.857,000] [0m<inf> imu: ICM-42688-P  a   0.530  -6.281   7.683  g   0.000  -0.006  -0.000[0m
[1;32muart:~$ [m[8D[J[00:10:20.958,000] [0m<inf> imu: LSM6DS3TR-C  a   0.206  -6.239   7.980  g   0.025  -0.063   0.012[0m
[1;32muart:~$ [m[8D[J[1;32muart:~$ [m[8D[J[00:10:20.959,000] [0m<inf> imu: LSM6DSV16X   a   0.531  -6.090   8.307  g  -0.012   0.003  -0.003[0m
[1;32muart:~$ [m[8D[J[00:10:20.960,000] [0m<inf> imu: ICM-42688-P  a   0.508  -6.286   7.695  g   0.000  -0.006   0.000[0m
[1;32muart:~$ [m[8D[J[1;32muart:~$ [m[8D[J[00:10:21.062,000] [0m<inf> imu: LSM6DS3TR-C  a   0.227  -6.231   7.955  g   0.023  -0.063   0.012[0m
[1;32muart:~$ [m[8D[J[00:10:21.063,000] [0m<inf> imu: LSM6DSV16X   a   0.526  -6.080   8.310  g  -0.012   0.002  -0.002[0m
[1;32muart:~$ [m[8D[J[00:10:21.063,000] [0m<inf> imu: ICM-42688-P  a   0.521  -6.285   7.690  g   0.001  -0.005  -0.000[0m
[1;32muart:~$ [m[8D[J[00:10:21.165,000] [0m<inf> imu: LSM6DS3TR-C  a   0.233  -6.223   8.002  g   0.023  -0.062   0.011[0m
[1;32muart:~$ [m[8D[J[1;32muart:~$ [m[8D[J[00:10:21.165,000] [0m<inf> imu: LSM6DSV16X   a   0.529  -6.090   8.313  g  -0.010   0.002  -0.002[0m
[1;32muart:~$ [m[8D[J[00:10:21.166,000] [0m<inf> imu: ICM-42688-P  a   0.517  -6.292   7.687  g  -0.001  -0.006   0.000[0m
[1;32muart:~$ [m[8D[J[1;32muart:~$ [m[8D[J[00:10:21.267,000] [0m<inf> imu: LSM6DS3TR-C  a   0.205  -6.212   8.019  g   0.026  -0.064   0.013[0m
[1;32muart:~$ [m[8D[J[00:10:21.267,000] [0m<inf> imu: LSM6DSV16X   a   0.522  -6.081   8.302  g  -0.011   0.001  -0.003[0m
[1;32muart:~$ [m[8D[J[1;32muart:~$ [m[8D[J[00:10:21.268,000] [0m<inf> imu: ICM-42688-P  a   0.515  -6.285   7.677  g   0.000  -0.005  -0.000[0m
[1;32muart:~$ [m[8D[J[00:10:21.369,000] [0m<inf> imu: LSM6DS3TR-C  a   0.198  -6.260   8.004  g   0.023  -0.061   0.013[0m
[1;32muart:~$ [m[8D[J[1;32muart:~$ [m[8D[J[00:10:21.370,000] [0m<inf> imu: LSM6DSV16X   a   0.524  -6.083   8.310  g  -0.011   0.002  -0.003[0m
[1;32muart:~$ [m[8D[J[00:10:21.370,000] [0m<inf> imu: ICM-42688-P  a   0.521  -6.292   7.691  g   0.001  -0.006  -0.001[0m
[1;32muart:~$ [m[8D[J[00:10:21.472,000] [0m<inf> imu: LSM6DS3TR-C  a   0.185  -6.189   8.060  g   0.023  -0.062   0.013[0m
[1;32muart:~$ [m[8D[J[00:10:21.473,000] [0m<inf> imu: LSM6DSV16X   a   0.522  -6.080   8.306  g  -0.011   0.002  -0.003[0m
[1;32muart:~$ [m[8D[J[00:10:21.474,000] [0m<inf> imu: ICM-42688-P  a   0.516  -6.292   7.681  g   0.001  -0.006  -0.001[0m
[1;32muart:~$ [m[8D[J[1;32muart:~$ [m[8D[J[00:10:21.575,000] [0m<inf> imu: LSM6DS3TR-C  a   0.216  -6.233   7.957  g   0.024  -0.062   0.012[0m
[1;32muart:~$ [m[8D[J[00:10:21.576,000] [0m<inf> imu: LSM6DSV16X   a   0.521  -6.078   8.314  g  -0.012   0.002  -0.003[0m
[1;32muart:~$ [m[8D[J[1;32muart:~$ [m[8D[J[00:10:21.577,000] [0m<inf> imu: ICM-42688-P  a   0.517  -6.294   7.695  g   0.000  -0.006  -0.001[0m
[1;32muart:~$ [m[8D[J[00:10:21.678,000] [0m<inf> imu: LSM6DS3TR-C  a   0.224  -6.254   7.953  g   0.025  -0.062   0.013[0m
[1;32muart:~$ [m[8D[J[1;32muart:~$ [m[8D[J[00:10:21.678,000] [0m<inf> imu: LSM6DSV16X   a   0.524  -6.078   8.310  g  -0.011   0.002  -0.002[0m
[1;32muart:~$ [m[8D[J[00:10:21.679,000] [0m<inf> imu: ICM-42688-P  a   0.518  -6.290   7.691  g   0.001  -0.005  -0.002[0m
[1;32muart:~$ [m[8D[J[1;32muart:~$ [m[8D[J[00:10:21.780,000] [0m<inf> imu: LSM6DS3TR-C  a   0.217  -6.247   7.996  g   0.024  -0.063   0.013[0m
[1;32muart:~$ [m[8D[J[00:10:21.781,000] [0m<inf> imu: LSM6DSV16X   a   0.520  -6.076   8.301  g  -0.012   0.003  -0.002[0m
[1;32muart:~$ [m[8D[J[1;32muart:~$ [m[8D[J[00:10:21.781,000] [0m<inf> imu: ICM-42688-P  a   0.521  -6.288   7.675  g   0.001  -0.006  -0.001[0m
[1;32muart:~$ [m[8D[J[00:10:21.883,000] [0m<inf> imu: LSM6DS3TR-C  a   0.215  -6.285   7.948  g   0.024  -0.063   0.012[0m
[1;32muart:~$ [m[8D[J[1;32muart:~$ [m[8D[J[00:10:21.883,000] [0m<inf> imu: LSM6DSV16X   a   0.524  -6.083   8.301  g  -0.011   0.002  -0.003[0m
[1;32muart:~$ [m[8D[J[00:10:21.884,000] [0m<inf> imu: ICM-42688-P  a   0.510  -6.278   7.676  g   0.000  -0.006  -0.001[0m
[1;32muart:~$ [m[8D[J[1;32muart:~$ [m[8D[J[00:10:21.985,000] [0m<inf> imu: LSM6DS3TR-C  a   0.211  -6.233   7.979  g   0.024  -0.062   0.012[0m
[1;32muart:~$ [m[8D[J[00:10:21.986,000] [0m<inf> imu: LSM6DSV16X   a   0.519  -6.083   8.301  g  -0.011   0.003  -0.002[0m
[1;32muart:~$ [m[8D[J[00:10:21.986,000] [0m<inf> imu: ICM-42688-P  a   0.517  -6.290   7.673  g   0.000  -0.005  -0.000[0m
[1;32muart:~$ [m[8D[J[1;32muart:~$ [m[8D[J[00:10:22.087,000] [0m<inf> imu: LSM6DS3TR-C  a   0.215  -6.221   7.997  g   0.025  -0.062   0.013[0m
[1;32muart:~$ [m[8D[J[00:10:22.088,000] [0m<inf> imu: LSM6DSV16X   a   0.522  -6.080   8.305  g  -0.012   0.002  -0.003[0m
[1;32muart:~$ [m[8D[J[1;32muart:~$ [m[8D[J[00:10:22.088,000] [0m<inf> imu: ICM-42688-P  a   0.515  -6.284   7.676  g   0.001  -0.005  -0.000[0m
[1;32muart:~$ [m[8D[J[00:10:22.190,000] [0m<inf> imu: LSM6DS3TR-C  a   0.220  -6.232   7.984  g   0.024  -0.063   0.012[0m
[1;32muart:~$ [m[8D[J[1;32muart:~$ [m[8D[J[00:10:22.191,000] [0m<inf> imu: LSM6DSV16X   a   0.522  -6.085   8.304  g  -0.011   0.003  -0.003[0m
[1;32muart:~$ [m[8D[J[00:10:22.192,000] [0m<inf> imu: ICM-42688-P  a   0.517  -6.294   7.687  g   0.001  -0.005  -0.001[0m
[1;32muart:~$ [m[8D[J[00:10:22.293,000] [0m<inf> imu: LSM6DS3TR-C  a   0.230  -6.255   7.936  g   0.024  -0.061   0.013[0m
[1;32muart:~$ [m[8D[J[1;32muart:~$ [m[8D[J[00:10:22.293,000] [0m<inf> imu: LSM6DSV16X   a   0.531  -6.086   8.299  g  -0.011   0.002  -0.003[0m
[1;32muart:~$ [m[8D[J[00:10:22.294,000] [0m<inf> imu: ICM-42688-P  a   0.523  -6.291   7.682  g   0.000  -0.006  -0.001[0m
[1;32muart:~$ [m[8D[J[00:10:22.395,000] [0m<inf> imu: LSM6DS3TR-C  a   0.196  -6.230   7.970  g   0.026  -0.063   0.012[0m
[1;32muart:~$ [m[8D[J[00:10:22.396,000] [0m<inf> imu: LSM6DSV16X   a   0.522  -6.084   8.306  g  -0.011   0.002  -0.002[0m
[1;32muart:~$ [m[8D[J[1;32muart:~$ [m[8D[J[00:10:22.396,000] [0m<inf> imu: ICM-42688-P  a   0.509  -6.290   7.682  g   0.001  -0.006   0.000[0m
[1;32muart:~$ [m[8D[J[1;32muart:~$ [m[8D[J[00:10:22.497,000] [0m<inf> imu: LSM6DS3TR-C  a   0.237  -6.267   7.969  g   0.024  -0.062   0.012[0m
[1;32muart:~$ [m[8D[J[00:10:22.498,000] [0m<inf> imu: LSM6DSV16X   a   0.522  -6.082   8.305  g  -0.011   0.002  -0.002[0m
[1;32muart:~$ [m[8D[J[1;32muart:~$ [m[8D[J[00:10:22.499,000] [0m<inf> imu: ICM-42688-P  a   0.511  -6.297   7.676  g   0.001  -0.005   0.000[0m
[1;32muart:~$ [m[8D[J[00:10:22.600,000] [0m<inf> imu: LSM6DS3TR-C  a   0.217  -6.196   8.039  g   0.026  -0.060   0.013[0m
[1;32muart:~$ [m[8D[J[1;32muart:~$ [m[8D[J[00:10:22.600,000] [0m<inf> imu: LSM6DSV16X   a   0.531  -6.080   8.312  g  -0.012   0.003  -0.002[0m
[1;32muart:~$ [m[8D[J[00:10:22.601,000] [0m<inf> imu: ICM-42688-P  a   0.522  -6.276   7.687  g   0.001  -0.006  -0.000[0m
[1;32muart:~$ [m[8D[J[1;32muart:~$ [m[8D[J[00:10:22.702,000] [0m<inf> imu: LSM6DS3TR-C  a   0.255  -6.226   8.015  g   0.023  -0.062   0.010[0m
[1;32muart:~$ [m[8D[J[00:10:22.703,000] [0m<inf> imu: LSM6DSV16X   a   0.526  -6.087   8.312  g  -0.010   0.002  -0.003[0m
[1;32muart:~$ [m[8D[J[1;32muart:~$ [m[8D[J[00:10:22.703,000] [0m<inf> imu: ICM-42688-P  a   0.522  -6.285   7.682  g   0.001  -0.006   0.000[0m
[1;32muart:~$ [m[8D[J[00:10:22.804,000] [0m<inf> imu: LSM6DS3TR-C  a   0.194  -6.230   7.998  g   0.024  -0.062   0.013[0m
[1;32muart:~$ [m[8D[J[00:10:22.805,000] [0m<inf> imu: LSM6DSV16X   a   0.525  -6.082   8.313  g  -0.012   0.002  -0.002[0m
[1;32muart:~$ [m[8D[J[1;32muart:~$ [m[8D[J[00:10:22.805,000] [0m<inf> imu: ICM-42688-P  a   0.524  -6.290   7.682  g   0.001  -0.005   0.000[0m
[1;32muart:~$ [m[8D[J[00:10:22.907,000] [0m<inf> imu: LSM6DS3TR-C  a   0.199  -6.234   8.002  g   0.022  -0.061   0.009[0m
[1;32muart:~$ [m[8D[J[1;32muart:~$ [m[8D[J[00:10:22.908,000] [0m<inf> imu: LSM6DSV16X   a   0.529  -6.087   8.311  g  -0.011   0.002  -0.002[0m
[1;32muart:~$ [m[8D[J[00:10:22.909,000] [0m<inf> imu: ICM-42688-P  a   0.517  -6.285   7.688  g   0.001  -0.005  -0.001[0m
[1;32muart:~$ [m[8D[J[00:10:23.010,000] [0m<inf> imu: LSM6DS3TR-C  a   0.225  -6.236   7.981  g   0.024  -0.062   0.010[0m
[1;32muart:~$ [m[8D[J[1;32muart:~$ [m[8D[J[00:10:23.010,000] [0m<inf> imu: LSM6DSV16X   a   0.529  -6.087   8.313  g  -0.011   0.003  -0.003[0m
[1;32muart:~$ [m[8D[J[00:10:23.011,000] [0m<inf> imu: ICM-42688-P  a   0.521  -6.287   7.675  g   0.000  -0.006   0.000[0m
[1;32muart:~$ [m[8D[J[00:10:23.112,000] [0m<inf> imu: LSM6DS3TR-C  a   0.221  -6.248   8.001  g   0.023  -0.062   0.010[0m
[1;32muart:~$ [m[8D[J[00:10:23.113,000] [0m<inf> imu: LSM6DSV16X   a   0.525  -6.085   8.313  g  -0.012   0.003  -0.003[0m
[1;32muart:~$ [m[8D[J[1;32muart:~$ [m[8D[J[00:10:23.113,000] [0m<inf> imu: ICM-42688-P  a   0.514  -6.300   7.684  g  -0.001  -0.005   0.000[0m
[1;32muart:~$ [m[8D[J[1;32muart:~$ [m[8D[J[00:10:23.214,000] [0m<inf> imu: LSM6DS3TR-C  a   0.223  -6.228   8.017  g   0.024  -0.063   0.012[0m
[1;32muart:~$ [m[8D[J[00:10:23.215,000] [0m<inf> imu: LSM6DSV16X   a   0.526  -6.087   8.313  g  -0.011   0.004  -0.003[0m
[1;32muart:~$ [m[8D[J[1;32muart:~$ [m[8D[J[00:10:23.216,000] [0m<inf> imu: ICM-42688-P  a   0.526  -6.288   7.693  g   0.001  -0.005  -0.001[0m
[1;32muart:~$ [m[8D[J[00:10:23.317,000] [0m<inf> imu: LSM6DS3TR-C  a   0.220  -6.244   7.955  g   0.024  -0.062   0.011[0m
[1;32muart:~$ [m[8D[J[1;32muart:~$ [m[8D[J[00:10:23.317,000] [0m<inf> imu: LSM6DSV16X   a   0.524  -6.078   8.310  g  -0.011   0.003  -0.003[0m
[1;32muart:~$ [m[8D[J[00:10:23.318,000] [0m<inf> imu: ICM-42688-P  a   0.522  -6.290   7.669  g   0.000  -0.006  -0.001[0m
[1;32muart:~$ [m[8D[J[1;32muart:~$ [m[8D[J[00:10:23.419,000] [0m<inf> imu: LSM6DS3TR-C  a   0.225  -6.243   7.985  g   0.024  -0.063   0.013[0m
[1;32muart:~$ [m[8D[J[00:10:23.420,000] [0m<inf> imu: LSM6DSV16X   a   0.520  -6.083   8.308  g  -0.010   0.003  -0.003[0m
[1;32muart:~$ [m[8D[J[1;32muart:~$ [m[8D[J[00:10:23.420,000] [0m<inf> imu: ICM-42688-P  a   0.512  -6.280   7.684  g  -0.001  -0.005   0.000[0m
[1;32muart:~$ [m[8D[J[00:10:23.521,000] [0m<inf> imu: LSM6DS3TR-C  a   0.232  -6.204   8.003  g   0.025  -0.063   0.011[0m
[1;32muart:~$ [m[8D[J[00:10:23.522,000] [0m<inf> imu: LSM6DSV16X   a   0.520  -6.082   8.310  g  -0.010   0.001  -0.003[0m
[1;32muart:~$ [m[8D[J[1;32muart:~$ [m[8D[J[00:10:23.522,000] [0m<inf> imu: ICM-42688-P  a   0.517  -6.294   7.684  g   0.000  -0.006  -0.000[0m
[1;32muart:~$ [m[8D[J[00:10:23.624,000] [0m<inf> imu: LSM6DS3TR-C  a   0.215  -6.261   7.982  g   0.026  -0.061   0.013[0m
[1;32muart:~$ [m[8D[J[1;32muart:~$ [m[8D[J[00:10:23.625,000] [0m<inf> imu: LSM6DSV16X   a   0.522  -6.083   8.306  g  -0.011   0.002  -0.003[0m
[1;32muart:~$ [m[8D[J[00:10:23.626,000] [0m<inf> imu: ICM-42688-P  a   0.535  -6.287   7.682  g  -0.000  -0.005   0.000[0m
[1;32muart:~$ [m[8D[J[00:10:23.727,000] [0m<inf> imu: LSM6DS3TR-C  a   0.217  -6.222   7.971  g   0.025  -0.061   0.013[0m
[1;32muart:~$ [m[8D[J[1;32muart:~$ [m[8D[J[00:10:23.728,000] [0m<inf> imu: LSM6DSV16X   a   0.526  -6.080   8.305  g  -0.011   0.001  -0.002[0m
[1;32muart:~$ [m[8D[J[00:10:23.728,000] [0m<inf> imu: ICM-42688-P  a   0.521  -6.273   7.697  g   0.001  -0.006   0.000[0m
[1;32muart:~$ [m[8D[J[00:10:23.829,000] [0m<inf> imu: LSM6DS3TR-C  a   0.232  -6.258   7.972  g   0.025  -0.061   0.012[0m
[1;32muart:~$ [m[8D[J[00:10:23.830,000] [0m<inf> imu: LSM6DSV16X   a   0.527  -6.092   8.306  g  -0.011   0.002  -0.002[0m
[1;32muart:~$ [m[8D[J[1;32muart:~$ [m[8D[J[00:10:23.831,000] [0m<inf> imu: ICM-42688-P  a   0.512  -6.298   7.691  g   0.000  -0.005  -0.001[0m
[1;32muart:~$ [m[8D[J[1;32muart:~$ [m[8D[J[00:10:23.932,000] [0m<inf> imu: LSM6DS3TR-C  a   0.228  -6.249   7.965  g   0.025  -0.061   0.014[0m
[1;32muart:~$ [m[8D[J[00:10:23.932,000] [0m<inf> imu: LSM6DSV16X   a   0.522  -6.084   8.299  g  -0.011   0.002  -0.003[0m
[1;32muart:~$ [m[8D[J[1;32muart:~$ [m[8D[J[00:10:23.933,000] [0m<inf> imu: ICM-42688-P  a   0.518  -6.282   7.670  g   0.000  -0.005  -0.001[0m
[1;32muart:~$ [m[8D[J[00:10:24.034,000] [0m<inf> imu: LSM6DS3TR-C  a   0.261  -6.226   7.948  g   0.024  -0.062   0.012[0m
[1;32muart:~$ [m[8D[J[1;32muart:~$ [m[8D[J[00:10:24.035,000] [0m<inf> imu: LSM6DSV16X   a   0.524  -6.083   8.310  g  -0.011   0.002  -0.002[0m
[1;32muart:~$ [m[8D[J[00:10:24.035,000] [0m<inf> imu: ICM-42688-P  a   0.500  -6.294   7.691  g   0.001  -0.005   0.000[0m
[1;32muart:~$ [m[8D[J[1;32muart:~$ [m[8D[J[00:10:24.136,000] [0m<inf> imu: LSM6DS3TR-C  a   0.245  -6.223   7.980  g   0.024  -0.062   0.013[0m
[1;32muart:~$ [m[8D[J[00:10:24.137,000] [0m<inf> imu: LSM6DSV16X   a   0.525  -6.085   8.313  g  -0.012   0.002  -0.003[0m
[1;32muart:~$ [m[8D[J[1;32muart:~$ [m[8D[J[00:10:24.137,000] [0m<inf> imu: ICM-42688-P  a   0.527  -6.273   7.685  g   0.000  -0.006  -0.001[0m
[1;32muart:~$ [m[8D[J[00:10:24.239,000] [0m<inf> imu: LSM6DS3TR-C  a   0.202  -6.229   7.991  g   0.022  -0.062   0.012[0m
[1;32muart:~$ [m[8D[J[00:10:24.239,000] [0m<inf> imu: LSM6DSV16X   a   0.523  -6.082   8.301  g  -0.012   0.002  -0.002[0m
[1;32muart:~$ [m[8D[J[1;32muart:~$ [m[8D[J[00:10:24.240,000] [0m<inf> imu: ICM-42688-P  a   0.516  -6.298   7.681  g  -0.001  -0.006   0.000[0m
[1;32muart:~$ [m[8D[J[00:10:24.342,000] [0m<inf> imu: LSM6DS3TR-C  a   0.249  -6.247   7.985  g   0.023  -0.063   0.012[0m
[1;32muart:~$ [m[8D[J[00:10:24.343,000] [0m<inf> imu: LSM6DSV16X   a   0.517  -6.083   8.305  g  -0.011   0.001  -0.002[0m
[1;32muart:~$ [m[8D[J[1;32muart:~$ [m[8D[J[00:10:24.343,000] [0m<inf> imu: ICM-42688-P  a   0.517  -6.284   7.671  g  -0.001  -0.005   0.000[0m
[1;32muart:~$ [m[8D[J[00:10:24.445,000] [0m<inf> imu: LSM6DS3TR-C  a   0.203  -6.225   7.946  g   0.025  -0.062   0.011[0m
[1;32muart:~$ [m[8D[J[1;32muart:~$ [m[8D[J[00:10:24.445,000] [0m<inf> imu: LSM6DSV16X   a   0.532  -6.082   8.298  g  -0.012   0.002  -0.003[0m
[1;32muart:~$ [m[8D[J[00:10:24.446,000] [0m<inf> imu: ICM-42688-P  a   0.514  -6.274   7.688  g   0.000  -0.005  -0.000[0m
[1;32muart:~$ [m[8D[J[1;32muart:~$ [m[8D[J[00:10:24.547,000] [0m<inf> imu: LSM6DS3TR-C  a   0.250  -6.267   7.936  g   0.024  -0.062   0.013[0m
[1;32muart:~$ [m[8D[J[00:10:24.549,000] [0m<inf> imu: LSM6DSV16X   a   0.529  -6.085   8.305  g  -0.011   0.002  -0.002[0m
[1;32muart:~$ [m[8D[J[1;32muart:~$ [m[8D[J[00:10:24.549,000] [0m<inf> imu: ICM-42688-P  a   0.521  -6.290   7.687  g   0.000  -0.005  -0.001[0m
[1;32muart:~$ [m[8D[J[00:10:24.650,000] [0m<inf> imu: LSM6DS3TR-C  a   0.220  -6.263   7.947  g   0.024  -0.062   0.012[0m
[1;32muart:~$ [m[8D[J[1;32muart:~$ [m[8D[J[00:10:24.651,000] [0m<inf> imu: LSM6DSV16X   a   0.529  -6.083   8.305  g  -0.012   0.002  -0.002[0m
[1;32muart:~$ [m[8D[J[00:10:24.652,000] [0m<inf> imu: ICM-42688-P  a   0.517  -6.292   7.669  g   0.001  -0.005  -0.001[0m
[1;32muart:~$ [m[8D[J[1;32muart:~$ [m[8D[J[00:10:24.753,000] [0m<inf> imu: LSM6DS3TR-C  a   0.243  -6.246   7.991  g   0.025  -0.063   0.013[0m
[1;32muart:~$ [m[8D[J[00:10:24.753,000] [0m<inf> imu: LSM6DSV16X   a   0.523  -6.077   8.320  g  -0.011   0.002  -0.003[0m
[1;32muart:~$ [m[8D[J[1;32muart:~$ [m[8D[J[00:10:24.754,000] [0m<inf> imu: ICM-42688-P  a   0.517  -6.284   7.689  g   0.000  -0.005  -0.001[0m
[1;32muart:~$ [m[8D[J[00:10:24.855,000] [0m<inf> imu: LSM6DS3TR-C  a   0.189  -6.244   7.995  g   0.025  -0.062   0.013[0m
[1;32muart:~$ [m[8D[J[00:10:24.856,000] [0m<inf> imu: LSM6DSV16X   a   0.529  -6.084   8.302  g  -0.011   0.003  -0.002[0m
[1;32muart:~$ [m[8D[J[1;32muart:~$ [m[8D[J[00:10:24.856,000] [0m<inf> imu: ICM-42688-P  a   0.512  -6.282   7.673  g  -0.001  -0.006  -0.000[0m
[1;32muart:~$ [m[8D[J[00:10:24.958,000] [0m<inf> imu: LSM6DS3TR-C  a   0.255  -6.255   7.947  g   0.024  -0.062   0.012[0m
[1;32muart:~$ [m[8D[J[1;32muart:~$ [m[8D[J[00:10:24.959,000] [0m<inf> imu: LSM6DSV16X   a   0.529  -6.073   8.301  g  -0.010   0.002  -0.002[0m
[1;32muart:~$ [m[8D[J[00:10:24.959,000] [0m<inf> imu: ICM-42688-P  a   0.510  -6.294   7.691  g   0.001  -0.005  -0.001[0m
[1;32muart:~$ [m[8D[J[00:10:25.061,000] [0m<inf> imu: LSM6DS3TR-C  a   0.249  -6.255   7.981  g   0.022  -0.062   0.013[0m
[1;32muart:~$ [m[8D[J[1;32muart:~$ [m[8D[J[00:10:25.062,000] [0m<inf> imu: LSM6DSV16X   a   0.519  -6.086   8.294  g  -0.011   0.002  -0.003[0m
[1;32muart:~$ [m[8D[J[00:10:25.062,000] [0m<inf> imu: ICM-42688-P  a   0.509  -6.288   7.678  g   0.000  -0.006  -0.001[0m
[1;32muart:~$ [m[8D[J[00:10:25.163,000] [0m<inf> imu: LSM6DS3TR-C  a   0.216  -6.254   7.949  g   0.025  -0.060   0.013[0m
[1;32muart:~$ [m[8D[J[00:10:25.164,000] [0m<inf> imu: LSM6DSV16X   a   0.523  -6.092   8.297  g  -0.011   0.002  -0.003[0m
[1;32muart:~$ [m[8D[J[1;32muart:~$ [m[8D[J[00:10:25.164,000] [0m<inf> imu: ICM-42688-P  a   0.517  -6.287   7.681  g   0.000  -0.005  -0.001[0m
[1;32muart:~$ [m[8D[J[1;32muart:~$ [m[8D[J[00:10:25.265,000] [0m<inf> imu: LSM6DS3TR-C  a   0.231  -6.215   7.960  g   0.026  -0.061   0.013[0m
[1;32muart:~$ [m[8D[J[00:10:25.266,000] [0m<inf> imu: LSM6DSV16X   a   0.527  -6.085   8.303  g  -0.011   0.002  -0.002[0m
[1;32muart:~$ [m[8D[J[1;32muart:~$ [m[8D[J[00:10:25.267,000] [0m<inf> imu: ICM-42688-P  a   0.516  -6.294   7.678  g   0.000  -0.006  -0.001[0m
[1;32muart:~$ [m[8D[J[00:10:25.368,000] [0m<inf> imu: LSM6DS3TR-C  a   0.219  -6.239   7.968  g   0.024  -0.061   0.012[0m
[1;32muart:~$ [m[8D[J[1;32muart:~$ [m[8D[J[00:10:25.368,000] [0m<inf> imu: LSM6DSV16X   a   0.526  -6.085   8.291  g  -0.011   0.002  -0.002[0m
[1;32muart:~$ [m[8D[J[00:10:25.369,000] [0m<inf> imu: ICM-42688-P  a   0.509  -6.285   7.688  g   0.001  -0.005   0.000[0m
[1;32muart:~$ [m[8D[J[1;32muart:~$ [m[8D[J[00:10:25.470,000] [0m<inf> imu: LSM6DS3TR-C  a   0.237  -6.256   7.990  g   0.024  -0.061   0.011[0m
[1;32muart:~$ [m[8D[J[00:10:25.471,000] [0m<inf> imu: LSM6DSV16X   a   0.524  -6.084   8.291  g  -0.011   0.002  -0.003[0m
[1;32muart:~$ [m[8D[J[1;32muart:~$ [m[8D[J[00:10:25.471,000] [0m<inf> imu: ICM-42688-P  a   0.524  -6.288   7.679  g   0.000  -0.005   0.000[0m
[1;32muart:~$ [m[8D[J[00:10:25.572,000] [0m<inf> imu: LSM6DS3TR-C  a   0.220  -6.229   7.950  g   0.024  -0.061   0.013[0m
[1;32muart:~$ [m[8D[J[00:10:25.573,000] [0m<inf> imu: LSM6DSV16X   a   0.522  -6.082   8.295  g  -0.012   0.002  -0.003[0m
[1;32muart:~$ [m[8D[J[1;32muart:~$ [m[8D[J[00:10:25.573,000] [0m<inf> imu: ICM-42688-P  a   0.528  -6.285   7.678  g   0.000  -0.005  -0.001[0m
[1;32muart:~$ [m[8D[J[00:10:25.675,000] [0m<inf> imu: LSM6DS3TR-C  a   0.230  -6.246   7.949  g   0.024  -0.063   0.012[0m
[1;32muart:~$ [m[8D[J[00:10:25.676,000] [0m<inf> imu: LSM6DSV16X   a   0.526  -6.089   8.289  g  -0.011   0.002  -0.002[0m
[1;32muart:~$ [m[8D[J[1;32muart:~$ [m[8D[J[00:10:25.677,000] [0m<inf> imu: ICM-42688-P  a   0.521  -6.294   7.687  g   0.000  -0.005   0.000[0m
[1;32muart:~$ [m[8D[J[00:10:25.778,000] [0m<inf> imu: LSM6DS3TR-C  a   0.233  -6.229   7.965  g   0.023  -0.062   0.011[0m
[1;32muart:~$ [m[8D[J[1;32muart:~$ [m[8D[J[00:10:25.778,000] [0m<inf> imu: LSM6DSV16X   a   0.528  -6.085   8.314  g  -0.011   0.002  -0.002[0m
[1;32muart:~$ [m[8D[J[00:10:25.779,000] [0m<inf> imu: ICM-42688-P  a   0.521  -6.286   7.682  g   0.001  -0.006  -0.001[0m
[1;32muart:~$ [m[8D[J[1;32muart:~$ [m[8D[J[00:10:25.880,000] [0m<inf> imu: LSM6DS3TR-C  a   0.215  -6.222   7.972  g   0.023  -0.062   0.013[0m
[1;32muart:~$ [m[8D[J[00:10:25.881,000] [0m<inf> imu: LSM6DSV16X   a   0.525  -6.085   8.302  g  -0.011   0.001  -0.003[0m
[1;32muart:~$ [m[8D[J[1;32muart:~$ [m[8D[J[00:10:25.882,000] [0m<inf> imu: ICM-42688-P  a   0.517  -6.278   7.681  g   0.000  -0.006  -0.001[0m
[1;32muart:~$ [m[8D[J[00:10:25.983,000] [0m<inf> imu: LSM6DS3TR-C  a   0.239  -6.232   7.969  g   0.024  -0.061   0.013[0m
[1;32muart:~$ [m[8D[J[1;32muart:~$ [m[8D[J[00:10:25.984,000] [0m<inf> imu: LSM6DSV16X   a   0.524  -6.087   8.294  g  -0.011   0.002  -0.002[0m
[1;32muart:~$ [m[8D[J[00:10:25.984,000] [0m<inf> imu: ICM-42688-P  a   0.522  -6.285   7.687  g   0.001  -0.005  -0.001[0m
[1;32muart:~$ [m[8D[J[1;32muart:~$ [m[8D[J[00:10:26.085,000] [0m<inf> imu: LSM6DS3TR-C  a   0.242  -6.230   7.969  g   0.027  -0.062   0.012[0m
[1;32muart:~$ [m[8D[J[00:10:26.086,000] [0m<inf> imu: LSM6DSV16X   a   0.521  -6.083   8.298  g  -0.012   0.002  -0.003[0m
[1;32muart:~$ [m[8D[J[1;32muart:~$ [m[8D[J[00:10:26.087,000] [0m<inf> imu: ICM-42688-P  a   0.526  -6.281   7.667  g   0.001  -0.006  -0.001[0m
[1;32muart:~$ [m[8D[J[00:10:26.188,000] [0m<inf> imu: LSM6DS3TR-C  a   0.238  -6.234   7.964  g   0.024  -0.062   0.011[0m
[1;32muart:~$ [m[8D[J[00:10:26.188,000] [0m<inf> imu: LSM6DSV16X   a   0.523  -6.085   8.307  g  -0.012   0.002  -0.002[0m
[1;32muart:~$ [m[8D[J[1;32muart:~$ [m[8D[J[00:10:26.189,000] [0m<inf> imu: ICM-42688-P  a   0.521  -6.285   7.687  g   0.001  -0.006   0.000[0m
[1;32muart:~$ [m[8D[J[00:10:26.290,000] [0m<inf> imu: LSM6DS3TR-C  a   0.224  -6.214   7.987  g   0.025  -0.063   0.013[0m
[1;32muart:~$ [m[8D[J[00:10:26.291,000] [0m<inf> imu: LSM6DSV16X   a   0.526  -6.078   8.298  g  -0.012   0.002  -0.003[0m
[1;32muart:~$ [m[8D[J[1;32muart:~$ [m[8D[J[00:10:26.291,000] [0m<inf> imu: ICM-42688-P  a   0.512  -6.286   7.676  g   0.000  -0.006  -0.001[0m
[1;32muart:~$ [m[8D[J[00:10:26.393,000] [0m<inf> imu: LSM6DS3TR-C  a   0.239  -6.248   7.970  g   0.024  -0.064   0.012[0m
[1;32muart:~$ [m[8D[J[1;32muart:~$ [m[8D[J[00:10:26.393,000] [0m<inf> imu: LSM6DSV16X   a   0.522  -6.080   8.313  g  -0.011   0.002  -0.002[0m
[1;32muart:~$ [m[8D[J[00:10:26.394,000] [0m<inf> imu: ICM-42688-P  a   0.509  -6.293   7.682  g   0.000  -0.006   0.000[0m
[1;32muart:~$ [m[8D[J[1;32muart:~$ [m[8D[J[00:10:26.496,000] [0m<inf> imu: LSM6DS3TR-C  a   0.209  -6.246   7.963  g   0.025  -0.062   0.013[0m
[1;32muart:~$ [m[8D[J[00:10:26.496,000] [0m<inf> imu: LSM6DSV16X   a   0.524  -6.085   8.305  g  -0.011   0.002  -0.002[0m
[1;32muart:~$ [m[8D[J[1;32muart:~$ [m[8D[J[00:10:26.497,000] [0m<inf> imu: ICM-42688-P  a   0.506  -6.298   7.682  g   0.000  -0.006  -0.000[0m
[1;32muart:~$ [m[8D[J[00:10:26.598,000] [0m<inf> imu: LSM6DS3TR-C  a   0.246  -6.236   7.960  g   0.024  -0.062   0.013[0m
[1;32muart:~$ [m[8D[J[1;32muart:~$ [m[8D[J[00:10:26.599,000] [0m<inf> imu: LSM6DSV16X   a   0.521  -6.083   8.310  g  -0.012   0.002  -0.003[0m
[1;32muart:~$ [m[8D[J[00:10:26.599,000] [0m<inf> imu: ICM-42688-P  a   0.524  -6.284   7.681  g   0.000  -0.005   0.000[0m
[1;32muart:~$ [m[8D[J[1;32muart:~$ [m[8D[J[00:10:26.700,000] [0m<inf> imu: LSM6DS3TR-C  a   0.222  -6.244   7.945  g   0.024  -0.064   0.013[0m
[1;32muart:~$ [m[8D[J[00:10:26.701,000] [0m<inf> imu: LSM6DSV16X   a   0.534  -6.085   8.303  g  -0.011   0.001  -0.003[0m
[1;32muart:~$ [m[8D[J[1;32muart:~$ [m[8D[J[00:10:26.702,000] [0m<inf> imu: ICM-42688-P  a   0.514  -6.288   7.677  g   0.002  -0.006  -0.001[0m
[1;32muart:~$ [m[8D[J[00:10:26.803,000] [0m<inf> imu: LSM6DS3TR-C  a   0.192  -6.230   7.964  g   0.025  -0.061   0.013[0m
[1;32muart:~$ [m[8D[J[00:10:26.803,000] [0m<inf> imu: LSM6DSV16X   a   0.529  -6.078   8.310  g  -0.011   0.002  -0.002[0m
[1;32muart:~$ [m[8D[J[1;32muart:~$ [m[8D[J[00:10:26.804,000] [0m<inf> imu: ICM-42688-P  a   0.527  -6.294   7.682  g   0.001  -0.005  -0.001[0m
[1;32muart:~$ [m[8D[J[00:10:26.905,000] [0m<inf> imu: LSM6DS3TR-C  a   0.196  -6.239   7.964  g   0.024  -0.063   0.011[0m
[1;32muart:~$ [m[8D[J[1;32muart:~$ [m[8D[J[00:10:26.906,000] [0m<inf> imu: LSM6DSV16X   a   0.524  -6.083   8.310  g  -0.012   0.002  -0.002[0m
[1;32muart:~$ [m[8D[J[00:10:26.907,000] [0m<inf> imu: ICM-42688-P  a   0.521  -6.284   7.688  g   0.001  -0.006  -0.001[0m
[1;32muart:~$ [m[8D[J[00:10:27.008,000] [0m<inf> imu: LSM6DS3TR-C  a   0.256  -6.224   8.013  g   0.023  -0.062   0.013[0m
[1;32muart:~$ [m[8D[J[1;32muart:~$ [m[8D[J[00:10:27.009,000] [0m<inf> imu: LSM6DSV16X   a   0.525  -6.085   8.301  g  -0.012   0.002  -0.003[0m
[1;32muart:~$ [m[8D[J[00:10:27.009,000] [0m<inf> imu: ICM-42688-P  a   0.516  -6.278   7.682  g   0.002  -0.007  -0.000[0m
[1;32muart:~$ [m[8D[J[00:10:27.110,000] [0m<inf> imu: LSM6DS3TR-C  a   0.220  -6.228   7.954  g   0.024  -0.064   0.012[0m
[1;32muart:~$ [m[8D[J[00:10:27.111,000] [0m<inf> imu: LSM6DSV16X   a   0.528  -6.090   8.305  g  -0.011   0.002  -0.003[0m
[1;32muart:~$ [m[8D[J[1;32muart:~$ [m[8D[J[00:10:27.112,000] [0m<inf> imu: ICM-42688-P  a   0.517  -6.276   7.685  g   0.000  -0.005   0.000[0m
[1;32muart:~$ [m[8D[J[1;32muart:~$ [m[8D[J[00:10:27.213,000] [0m<inf> imu: LSM6DS3TR-C  a   0.221  -6.257   7.976  g   0.024  -0.063   0.011[0m
[1;32muart:~$ [m[8D[J[00:10:27.213,000] [0m<inf> imu: LSM6DSV16X   a   0.526  -6.090   8.301  g  -0.012   0.002  -0.002[0m
[1;32muart:~$ [m[8D[J[1;32muart:~$ [m[8D[J[00:10:27.214,000] [0m<inf> imu: ICM-42688-P  a   0.517  -6.294   7.685  g  -0.001  -0.005   0.001[0m
[1;32muart:~$ [m[8D[J[00:10:27.315,000] [0m<inf> imu: LSM6DS3TR-C  a   0.230  -6.249   7.947  g   0.025  -0.065   0.011[0m
[1;32muart:~$ [m[8D[J[1;32muart:~$ [m[8D[J[00:10:27.316,000] [0m<inf> imu: LSM6DSV16X   a   0.527  -6.092   8.299  g  -0.011   0.002  -0.003[0m
[1;32muart:~$ [m[8D[J[00:10:27.316,000] [0m<inf> imu: ICM-42688-P  a   0.523  -6.280   7.663  g   0.000  -0.005  -0.001[0m
[1;32muart:~$ [m[8D[J[1;32muart:~$ [m[8D[J[00:10:27.417,000] [0m<inf> imu: LSM6DS3TR-C  a   0.224  -6.267   7.962  g   0.025  -0.063   0.014[0m
[1;32muart:~$ [m[8D[J[00:10:27.418,000] [0m<inf> imu: LSM6DSV16X   a   0.526  -6.089   8.301  g  -0.012   0.002  -0.003[0m
[1;32muart:~$ [m[8D[J[1;32muart:~$ [m[8D[J[00:10:27.418,000] [0m<inf> imu: ICM-42688-P  a   0.512  -6.299   7.682  g  -0.000  -0.005  -0.001[0m
[1;32muart:~$ [m[8D[J[00:10:27.520,000] [0m<inf> imu: LSM6DS3TR-C  a   0.239  -6.280   7.949  g   0.022  -0.063   0.012[0m
[1;32muart:~$ [m[8D[J[00:10:27.520,000] [0m<inf> imu: LSM6DSV16X   a   0.525  -6.087   8.298  g  -0.011   0.001  -0.003[0m
[1;32muart:~$ [m[8D[J[1;32muart:~$ [m[8D[J[00:10:27.521,000] [0m<inf> imu: ICM-42688-P  a   0.521  -6.287   7.688  g   0.000  -0.005  -0.001[0m
[1;32muart:~$ [m[8D[J[00:10:27.622,000] [0m<inf> imu: LSM6DS3TR-C  a   0.228  -6.221   7.974  g   0.024  -0.061   0.013[0m
[1;32muart:~$ [m[8D[J[1;32muart:~$ [m[8D[J[00:10:27.623,000] [0m<inf> imu: LSM6DSV16X   a   0.536  -6.078   8.312  g  -0.012   0.002  -0.003[0m
[1;32muart:~$ [m[8D[J[00:10:27.624,000] [0m<inf> imu: ICM-42688-P  a   0.521  -6.293   7.687  g   0.001  -0.006  -0.001[0m
[1;32muart:~$ [m[8D[J[00:10:27.725,000] [0m<inf> imu: LSM6DS3TR-C  a   0.196  -6.262   7.985  g   0.025  -0.062   0.011[0m
[1;32muart:~$ [m[8D[J[1;32muart:~$ [m[8D[J[00:10:27.726,000] [0m<inf> imu: LSM6DSV16X   a   0.522  -6.084   8.306  g  -0.011   0.002  -0.003[0m
[1;32muart:~$ [m[8D[J[00:10:27.726,000] [0m<inf> imu: ICM-42688-P  a   0.521  -6.299   7.676  g   0.000  -0.005  -0.001[0m
[1;32muart:~$ [m[8D[J[00:10:27.827,000] [0m<inf> imu: LSM6DS3TR-C  a   0.265  -6.199   7.969  g   0.026  -0.062   0.012[0m
[1;32muart:~$ [m[8D[J[00:10:27.828,000] [0m<inf> imu: LSM6DSV16X   a   0.523  -6.081   8.303  g  -0.011   0.002  -0.003[0m
[1;32muart:~$ [m[8D[J[1;32muart:~$ [m[8D[J[00:10:27.828,000] [0m<inf> imu: ICM-42688-P  a   0.511  -6.291   7.688  g   0.000  -0.005   0.000[0m
[1;32muart:~$ [m[8D[J[1;32muart:~$ [m[8D[J[00:10:27.929,000] [0m<inf> imu: LSM6DS3TR-C  a   0.246  -6.252   7.991  g   0.024  -0.062   0.012[0m
[1;32muart:~$ [m[8D[J[00:10:27.930,000] [0m<inf> imu: LSM6DSV16X   a   0.529  -6.078   8.310  g  -0.011   0.002  -0.002[0m
[1;32muart:~$ [m[8D[J[1;32muart:~$ [m[8D[J[00:10:27.931,000] [0m<inf> imu: ICM-42688-P  a   0.534  -6.281   7.677  g  -0.001  -0.005  -0.000[0m
[1;32muart:~$ [m[8D[J[00:10:28.032,000] [0m<inf> imu: LSM6DS3TR-C  a   0.219  -6.249   7.969  g   0.024  -0.062   0.012[0m
[1;32muart:~$ [m[8D[J[1;32muart:~$ [m[8D[J[00:10:28.032,000] [0m<inf> imu: LSM6DSV16X   a   0.522  -6.083   8.303  g  -0.011   0.002  -0.003[0m
[1;32muart:~$ [m[8D[J[00:10:28.033,000] [0m<inf> imu: ICM-42688-P  a   0.517  -6.293   7.683  g   0.001  -0.005   0.000[0m
[1;32muart:~$ [m[8D[J[1;32muart:~$ [m[8D[J[00:10:28.134,000] [0m<inf> imu: LSM6DS3TR-C  a   0.246  -6.237   7.942  g   0.024  -0.061   0.015[0m
[1;32muart:~$ [m[8D[J[00:10:28.135,000] [0m<inf> imu: LSM6DSV16X   a   0.525  -6.087   8.305  g  -0.010   0.002  -0.002[0m
[1;32muart:~$ [m[8D[J[1;32muart:~$ [m[8D[J[00:10:28.135,000] [0m<inf> imu: ICM-42688-P  a   0.522  -6.290   7.682  g   0.001  -0.006  -0.000[0m
[1;32muart:~$ [m[8D[J[00:10:28.236,000] [0m<inf> imu: LSM6DS3TR-C  a   0.240  -6.246   7.945  g   0.023  -0.063   0.012[0m
[1;32muart:~$ [m[8D[J[00:10:28.237,000] [0m<inf> imu: LSM6DSV16X   a   0.524  -6.087   8.305  g  -0.012   0.002  -0.002[0m
[1;32muart:~$ [m[8D[J[1;32muart:~$ [m[8D[J[00:10:28.238,000] [0m<inf> imu: ICM-42688-P  a   0.521  -6.288   7.676  g  -0.001  -0.005   0.000[0m
[1;32muart:~$ [m[8D[J[00:10:28.339,000] [0m<inf> imu: LSM6DS3TR-C  a   0.226  -6.252   7.981  g   0.024  -0.062   0.013[0m
[1;32muart:~$ [m[8D[J[00:10:28.341,000] [0m<inf> imu: LSM6DSV16X   a   0.529  -6.084   8.298  g  -0.011   0.002  -0.003[0m
[1;32muart:~$ [m[8D[J[1;32muart:~$ [m[8D[J[00:10:28.341,000] [0m<inf> imu: ICM-42688-P  a   0.523  -6.297   7.694  g   0.000  -0.005  -0.001[0m
[1;32muart:~$ [m[8D[J[00:10:28.442,000] [0m<inf> imu: LSM6DS3TR-C  a   0.248  -6.233   7.926  g   0.024  -0.062   0.011[0m
[1;32muart:~$ [m[8D[J[1;32muart:~$ [m[8D[J[00:10:28.443,000] [0m<inf> imu: LSM6DSV16X   a   0.526  -6.087   8.303  g  -0.011   0.001  -0.003[0m
[1;32muart:~$ [m[8D[J[00:10:28.443,000] [0m<inf> imu: ICM-42688-P  a   0.530  -6.288   7.665  g  -0.000  -0.006   0.000[0m
[1;32muart:~$ [m[8D[J[1;32muart:~$ [m[8D[J[00:10:28.545,000] [0m<inf> imu: LSM6DS3TR-C  a   0.260  -6.221   7.988  g   0.024  -0.062   0.011[0m
[1;32muart:~$ [m[8D[J[00:10:28.546,000] [0m<inf> imu: LSM6DSV16X   a   0.519  -6.078   8.300  g  -0.012   0.002  -0.002[0m
[1;32muart:~$ [m[8D[J[1;32muart:~$ [m[8D[J[00:10:28.547,000] [0m<inf> imu: ICM-42688-P  a   0.512  -6.282   7.687  g   0.001  -0.005  -0.000[0m
[1;32muart:~$ [m[8D[J[00:10:28.648,000] [0m<inf> imu: LSM6DS3TR-C  a   0.202  -6.260   7.957  g   0.025  -0.062   0.013[0m
[1;32muart:~$ [m[8D[J[1;32muart:~$ [m[8D[J[00:10:28.649,000] [0m<inf> imu: LSM6DSV16X   a   0.522  -6.087   8.302  g  -0.012   0.002  -0.003[0m
[1;32muart:~$ [m[8D[J[00:10:28.649,000] [0m<inf> imu: ICM-42688-P  a   0.521  -6.285   7.681  g   0.001  -0.006  -0.001[0m
[1;32muart:~$ [m[8D[J[1;32muart:~$ [m[8D[J[00:10:28.750,000] [0m<inf> imu: LSM6DS3TR-C  a   0.220  -6.218   7.944  g   0.022  -0.061   0.014[0m
[1;32muart:~$ [m[8D[J[00:10:28.751,000] [0m<inf> imu: LSM6DSV16X   a   0.526  -6.080   8.297  g  -0.011   0.001  -0.002[0m
[1;32muart:~$ [m[8D[J[1;32muart:~$ [m[8D[J[00:10:28.751,000] [0m<inf> imu: ICM-42688-P  a   0.522  -6.285   7.690  g  -0.001  -0.005  -0.001[0m
[1;32muart:~$ [m[8D[J[00:10:28.853,000] [0m<inf> imu: LSM6DS3TR-C  a   0.244  -6.249   7.947  g   0.025  -0.063   0.011[0m
[1;32muart:~$ [m[8D[J[00:10:28.853,000] [0m<inf> imu: LSM6DSV16X   a   0.524  -6.086   8.296  g  -0.012   0.002  -0.002[0m
[1;32muart:~$ [m[8D[J[1;32muart:~$ [m[8D[J[00:10:28.854,000] [0m<inf> imu: ICM-42688-P  a   0.512  -6.303   7.697  g   0.000  -0.005  -0.001[0m
[1;32muart:~$ [m[8D[J[00:10:28.956,000] [0m<inf> imu: LSM6DS3TR-C  a   0.226  -6.248   7.976  g   0.025  -0.063   0.012[0m
[1;32muart:~$ [m[8D[J[00:10:28.957,000] [0m<inf> imu: LSM6DSV16X   a   0.522  -6.090   8.302  g  -0.012   0.003  -0.002[0m
[1;32muart:~$ [m[8D[J[1;32muart:~$ [m[8D[J[00:10:28.958,000] [0m<inf> imu: ICM-42688-P  a   0.517  -6.298   7.675  g   0.000  -0.006   0.000[0m
[1;32muart:~$ [m[8D[J[00:10:29.059,000] [0m<inf> imu: LSM6DS3TR-C  a   0.224  -6.241   7.941  g   0.024  -0.061   0.012[0m
[1;32muart:~$ [m[8D[J[1;32muart:~$ [m[8D[J[00:10:29.059,000] [0m<inf> imu: LSM6DSV16X   a   0.524  -6.090   8.307  g  -0.012   0.003  -0.002[0m
[1;32muart:~$ [m[8D[J[00:10:29.060,000] [0m<inf> imu: ICM-42688-P  a   0.512  -6.294   7.684  g   0.000  -0.005  -0.000[0m
[1;32muart:~$ [m[8D[J[1;32muart:~$ [m[8D[J[00:10:29.162,000] [0m<inf> imu: LSM6DS3TR-C  a   0.214  -6.245   8.026  g   0.024  -0.063   0.009[0m
[1;32muart:~$ [m[8D[J[00:10:29.163,000] [0m<inf> imu: LSM6DSV16X   a   0.522  -6.087   8.301  g  -0.011   0.002  -0.003[0m
[1;32muart:~$ [m[8D[J[1;32muart:~$ [m[8D[J[00:10:29.163,000] [0m<inf> imu: ICM-42688-P  a   0.528  -6.296   7.663  g   0.001  -0.005  -0.001[0m
[1;32muart:~$ [m[8D[J[00:10:29.264,000] [0m<inf> imu: LSM6DS3TR-C  a   0.215  -6.257   7.974  g   0.023  -0.062   0.013[0m
[1;32muart:~$ [m[8D[J[1;32muart:~$ [m[8D[J[00:10:29.265,000] [0m<inf> imu: LSM6DSV16X   a   0.527  -6.083   8.303  g  -0.011   0.002  -0.003[0m
[1;32muart:~$ [m[8D[J[00:10:29.265,000] [0m<inf> imu: ICM-42688-P  a   0.506  -6.291   7.699  g   0.000  -0.006   0.000[0m
[1;32muart:~$ [m[8D[J[1;32muart:~$ [m[8D[J[00:10:29.367,000] [0m<inf> imu: LSM6DS3TR-C  a   0.199  -6.243   7.983  g   0.025  -0.064   0.012[0m
[1;32muart:~$ [m[8D[J[00:10:29.367,000] [0m<inf> imu: LSM6DSV16X   a   0.522  -6.087   8.308  g  -0.011   0.002  -0.003[0m
[1;32muart:~$ [m[8D[J[1;32muart:~$ [m[8D[J[00:10:29.368,000] [0m<inf> imu: ICM-42688-P  a   0.502  -6.282   7.687  g   0.000  -0.005  -0.000[0m
[1;32muart:~$ [m[8D[J[00:10:29.469,000] [0m<inf> imu: LSM6DS3TR-C  a   0.213  -6.243   7.987  g   0.024  -0.062   0.011[0m
[1;32muart:~$ [m[8D[J[00:10:29.470,000] [0m<inf> imu: LSM6DSV16X   a   0.526  -6.089   8.304  g  -0.011   0.003  -0.003[0m
[1;32muart:~$ [m[8D[J[1;32muart:~$ [m[8D[J[00:10:29.470,000] [0m<inf> imu: ICM-42688-P  a   0.504  -6.298   7.687  g   0.001  -0.006  -0.001[0m
[1;32muart:~$ [m[8D[J[00:10:29.572,000] [0m<inf> imu: LSM6DS3TR-C  a   0.231  -6.251   7.951  g   0.025  -0.063   0.013[0m
[1;32muart:~$ [m[8D[J[1;32muart:~$ [m[8D[J[00:10:29.573,000] [0m<inf> imu: LSM6DSV16X   a   0.522  -6.085   8.308  g  -0.012   0.003  -0.002[0m
[1;32muart:~$ [m[8D[J[00:10:29.574,000] [0m<inf> imu: ICM-42688-P  a   0.518  -6.294   7.682  g   0.000  -0.005   0.000[0m
[1;32muart:~$ [m[8D[J[00:10:29.675,000] [0m<inf> imu: LSM6DS3TR-C  a   0.246  -6.215   7.970  g   0.024  -0.064   0.011[0m
[1;32muart:~$ [m[8D[J[1;32muart:~$ [m[8D[J[00:10:29.676,000] [0m<inf> imu: LSM6DSV16X   a   0.520  -6.088   8.311  g  -0.012   0.001  -0.002[0m
[1;32muart:~$ [m[8D[J[00:10:29.676,000] [0m<inf> imu: ICM-42688-P  a   0.512  -6.279   7.673  g   0.001  -0.006   0.000[0m
[1;32muart:~$ [m[8D[J[00:10:29.777,000] [0m<inf> imu: LSM6DS3TR-C  a   0.228  -6.248   7.959  g   0.022  -0.061   0.012[0m
[1;32muart:~$ [m[8D[J[00:10:29.778,000] [0m<inf> imu: LSM6DSV16X   a   0.524  -6.083   8.301  g  -0.011   0.003  -0.002[0m
[1;32muart:~$ [m[8D[J[1;32muart:~$ [m[8D[J[00:10:29.778,000] [0m<inf> imu: ICM-42688-P  a   0.520  -6.282   7.677  g   0.001  -0.005  -0.000[0m
[1;32muart:~$ [m[8D[J[1;32muart:~$ [m[8D[J[00:10:29.879,000] [0m<inf> imu: LSM6DS3TR-C  a   0.233  -6.266   7.973  g   0.023  -0.063   0.010[0m
[1;32muart:~$ [m[8D[J[00:10:29.880,000] [0m<inf> imu: LSM6DSV16X   a   0.529  -6.087   8.295  g  -0.011   0.002  -0.003[0m
[1;32muart:~$ [m[8D[J[1;32muart:~$ [m[8D[J[00:10:29.881,000] [0m<inf> imu: ICM-42688-P  a   0.524  -6.298   7.663  g   0.001  -0.005   0.000[0m
[1;32muart:~$ [m[8D[J[00:10:29.982,000] [0m<inf> imu: LSM6DS3TR-C  a   0.199  -6.255   7.978  g   0.026  -0.063   0.013[0m
[1;32muart:~$ [m[8D[J[1;32muart:~$ [m[8D[J[00:10:29.982,000] [0m<inf> imu: LSM6DSV16X   a   0.526  -6.085   8.292  g  -0.012   0.002  -0.003[0m
[1;32muart:~$ [m[8D[J[00:10:29.983,000] [0m<inf> imu: ICM-42688-P  a   0.522  -6.290   7.676  g   0.000  -0.005   0.000[0m
[1;32muart:~$ [m[8D[J[1;32muart:~$ [m[8D[J[00:10:30.084,000] [0m<inf> imu: LSM6DS3TR-C  a   0.223  -6.232   7.985  g   0.024  -0.065   0.011[0m
[1;32muart:~$ [m[8D[J[00:10:30.085,000] [0m<inf> imu: LSM6DSV16X   a   0.524  -6.086   8.305  g  -0.011   0.003  -0.002[0m
[1;32muart:~$ [m[8D[J[1;32muart:~$ [m[8D[J[00:10:30.085,000] [0m<inf> imu: ICM-42688-P  a   0.510  -6.290   7.669  g   0.001  -0.006  -0.001[0m
[1;32muart:~$ [m[8D[J[00:10:30.186,000] [0m<inf> imu: LSM6DS3TR-C  a   0.217  -6.226   7.988  g   0.024  -0.063   0.011[0m
[1;32muart:~$ [m[8D[J[00:10:30.187,000] [0m<inf> imu: LSM6DSV16X   a   0.529  -6.087   8.294  g  -0.012   0.002  -0.003[0m
[1;32muart:~$ [m[8D[J[1;32muart:~$ [m[8D[J[00:10:30.187,000] [0m<inf> imu: ICM-42688-P  a   0.518  -6.290   7.673  g   0.001  -0.005  -0.001[0m
[1;32muart:~$ [m[8D[J[00:10:30.289,000] [0m<inf> imu: LSM6DS3TR-C  a   0.189  -6.215   7.993  g   0.027  -0.063   0.011[0m
[1;32muart:~$ [m[8D[J[1;32muart:~$ [m[8D[J[00:10:30.290,000] [0m<inf> imu: LSM6DSV16X   a   0.522  -6.087   8.301  g  -0.011   0.002  -0.002[0m
[1;32muart:~$ [m[8D[J[00:10:30.291,000] [0m<inf> imu: ICM-42688-P  a   0.510  -6.305   7.682  g   0.001  -0.005  -0.001[0m
[1;32muart:~$ [m[8D[J[00:10:30.392,000] [0m<inf> imu: LSM6DS3TR-C  a   0.220  -6.251   7.975  g   0.024  -0.065   0.013[0m
[1;32muart:~$ [m[8D[J[1;32muart:~$ [m[8D[J[00:10:30.393,000] [0m<inf> imu: LSM6DSV16X   a   0.521  -6.085   8.310  g  -0.013   0.001  -0.002[0m
[1;32muart:~$ [m[8D[J[00:10:30.393,000] [0m<inf> imu: ICM-42688-P  a   0.505  -6.290   7.665  g   0.000  -0.006   0.000[0m
[1;32muart:~$ [m[8D[J[00:10:30.494,000] [0m<inf> imu: LSM6DS3TR-C  a   0.237  -6.242   7.936  g   0.024  -0.064   0.011[0m
[1;32muart:~$ [m[8D[J[00:10:30.495,000] [0m<inf> imu: LSM6DSV16X   a   0.522  -6.090   8.305  g  -0.011   0.003  -0.003[0m
[1;32muart:~$ [m[8D[J[1;32muart:~$ [m[8D[J[00:10:30.495,000] [0m<inf> imu: ICM-42688-P  a   0.522  -6.293   7.685  g   0.000  -0.005   0.001[0m
[1;32muart:~$ [m[8D[J[1;32muart:~$ [m[8D[J[00:10:30.596,000] [0m<inf> imu: LSM6DS3TR-C  a   0.215  -6.267   7.978  g   0.025  -0.065   0.013[0m
[1;32muart:~$ [m[8D[J[00:10:30.597,000] [0m<inf> imu: LSM6DSV16X   a   0.517  -6.083   8.289  g  -0.011   0.003  -0.002[0m
[1;32muart:~$ [m[8D[J[1;32muart:~$ [m[8D[J[00:10:30.598,000] [0m<inf> imu: ICM-42688-P  a   0.521  -6.291   7.669  g   0.000  -0.005  -0.001[0m
[1;32muart:~$ [m[8D[J[00:10:30.699,000] [0m<inf> imu: LSM6DS3TR-C  a   0.236  -6.235   7.978  g   0.024  -0.061   0.011[0m
[1;32muart:~$ [m[8D[J[1;32muart:~$ [m[8D[J[00:10:30.700,000] [0m<inf> imu: LSM6DSV16X   a   0.523  -6.078   8.298  g  -0.011   0.002  -0.003[0m
[1;32muart:~$ [m[8D[J[00:10:30.700,000] [0m<inf> imu: ICM-42688-P  a   0.528  -6.282   7.681  g   0.001  -0.005   0.000[0m
[1;32muart:~$ [m[8D[J[1;32muart:~$ [m[8D[J[00:10:30.801,000] [0m<inf> imu: LSM6DS3TR-C  a   0.220  -6.264   8.000  g   0.024  -0.062   0.013[0m
[1;32muart:~$ [m[8D[J[00:10:30.802,000] [0m<inf> imu: LSM6DSV16X   a   0.529  -6.083   8.296  g  -0.011   0.002  -0.003[0m
[1;32muart:~$ [m[8D[J[1;32muart:~$ [m[8D[J[00:10:30.802,000] [0m<inf> imu: ICM-42688-P  a   0.520  -6.287   7.688  g   0.000  -0.005   0.000[0m
[1;32muart:~$ [m[8D[J[00:10:30.904,000] [0m<inf> imu: LSM6DS3TR-C  a   0.239  -6.242   7.987  g   0.025  -0.064   0.012[0m
[1;32muart:~$ [m[8D[J[00:10:30.904,000] [0m<inf> imu: LSM6DSV16X   a   0.524  -6.092   8.286  g  -0.011   0.002  -0.003[0m
[1;32muart:~$ [m[8D[J[1;32muart:~$ [m[8D[J[00:10:30.905,000] [0m<inf> imu: ICM-42688-P  a   0.509  -6.285   7.689  g   0.001  -0.006  -0.001[0m
[1;32muart:~$ [m[8D[J[00:10:31.006,000] [0m<inf> imu: LSM6DS3TR-C  a   0.225  -6.249   7.932  g   0.023  -0.062   0.011[0m
[1;32muart:~$ [m[8D[J[00:10:31.007,000] [0m<inf> imu: LSM6DSV16X   a   0.526  -6.083   8.293  g  -0.012   0.002  -0.002[0m
[1;32muart:~$ [m[8D[J[1;32muart:~$ [m[8D[J[00:10:31.008,000] [0m<inf> imu: ICM-42688-P  a   0.511  -6.309   7.687  g  -0.001  -0.005  -0.001[0m
[1;32muart:~$ [m[8D[J[00:10:31.109,000] [0m<inf> imu: LSM6DS3TR-C  a   0.225  -6.218   7.981  g   0.025  -0.063   0.012[0m
[1;32muart:~$ [m[8D[J[1;32muart:~$ [m[8D[J[00:10:31.109,000] [0m<inf> imu: LSM6DSV16X   a   0.529  -6.089   8.292  g  -0.012   0.003  -0.003[0m
[1;32muart:~$ [m[8D[J[00:10:31.110,000] [0m<inf> imu: ICM-42688-P  a   0.526  -6.281   7.675  g   0.000  -0.005  -0.001[0m
[1;32muart:~$ [m[8D[J[1;32muart:~$ [m[8D[J[00:10:31.212,000] [0m<inf> imu: LSM6DS3TR-C  a   0.233  -6.254   7.961  g   0.024  -0.062   0.014[0m
[1;32muart:~$ [m[8D[J[00:10:31.213,000] [0m<inf> imu: LSM6DSV16X   a   0.520  -6.087   8.305  g  -0.012   0.002  -0.003[0m
[1;32muart:~$ [m[8D[J[1;32muart:~$ [m[8D[J[00:10:31.214,000] [0m<inf> imu: ICM-42688-P  a   0.512  -6.282   7.687  g   0.001  -0.006  -0.000[0m
[1;32muart:~$ [m[8D[J[00:10:31.315,000] [0m<inf> imu: LSM6DS3TR-C  a   0.192  -6.236   7.973  g   0.024  -0.062   0.013[0m
[1;32muart:~$ [m[8D[J[1;32muart:~$ [m[8D[J[00:10:31.315,000] [0m<inf> imu: LSM6DSV16X   a   0.520  -6.080   8.303  g  -0.012   0.002  -0.002[0m
[1;32muart:~$ [m[8D[J[00:10:31.316,000] [0m<inf> imu: ICM-42688-P  a   0.512  -6.282   7.676  g   0.001  -0.006  -0.001[0m
[1;32muart:~$ [m[8D[J[1;32muart:~$ [m[8D[J[00:10:31.417,000] [0m<inf> imu: LSM6DS3TR-C  a   0.214  -6.235   7.962  g   0.023  -0.060   0.012[0m
[1;32muart:~$ [m[8D[J[00:10:31.418,000] [0m<inf> imu: LSM6DSV16X   a   0.524  -6.087   8.294  g  -0.010   0.002  -0.002[0m
[1;32muart:~$ [m[8D[J[1;32muart:~$ [m[8D[J[00:10:31.418,000] [0m<inf> imu: ICM-42688-P  a   0.504  -6.288   7.678  g   0.000  -0.005  -0.001[0m
[1;32muart:~$ [m[8D[J[00:10:31.519,000] [0m<inf> imu: LSM6DS3TR-C  a   0.213  -6.233   8.005  g   0.024  -0.062   0.012[0m
[1;32muart:~$ [m[8D[J[00:10:31.520,000] [0m<inf> imu: LSM6DSV16X   a   0.524  -6.087   8.296  g  -0.011   0.002  -0.002[0m
[1;32muart:~$ [m[8D[J[1;32muart:~$ [m[8D[J[00:10:31.520,000] [0m<inf> imu: ICM-42688-P  a   0.522  -6.281   7.687  g   0.001  -0.006  -0.001[0m
[1;32muart:~$ [m[8D[J[00:10:31.623,000] [0m<inf> imu: LSM6DS3TR-C  a   0.248  -6.232   7.953  g   0.025  -0.062   0.013[0m
[1;32muart:~$ [m[8D[J[00:10:31.623,000] [0m<inf> imu: LSM6DSV16X   a   0.526  -6.087   8.303  g  -0.011   0.003  -0.003[0m
[1;32muart:~$ [m[8D[J[1;32muart:~$ [m[8D[J[00:10:31.624,000] [0m<inf> imu: ICM-42688-P  a   0.515  -6.300   7.679  g   0.000  -0.005  -0.001[0m
[1;32muart:~$ [m[8D[J[00:10:31.725,000] [0m<inf> imu: LSM6DS3TR-C  a   0.269  -6.232   7.989  g   0.025  -0.063   0.011[0m
[1;32muart:~$ [m[8D[J[1;32muart:~$ [m[8D[J[00:10:31.726,000] [0m<inf> imu: LSM6DSV16X   a   0.529  -6.087   8.301  g  -0.012   0.002  -0.003[0m
[1;32muart:~$ [m[8D[J[00:10:31.726,000] [0m<inf> imu: ICM-42688-P  a   0.510  -6.294   7.676  g   0.001  -0.005  -0.001[0m
[1;32muart:~$ [m[8D[J[00:10:31.827,000] [0m<inf> imu: LSM6DS3TR-C  a   0.226  -6.219   7.951  g   0.025  -0.064   0.012[0m
[1;32muart:~$ [m[8D[J[00:10:31.828,000] [0m<inf> imu: LSM6DSV16X   a   0.522  -6.085   8.294  g  -0.011   0.002  -0.002[0m
[1;32muart:~$ [m[8D[J[1;32muart:~$ [m[8D[J[00:10:31.829,000] [0m<inf> imu: ICM-42688-P  a   0.520  -6.282   7.678  g  -0.000  -0.006   0.000[0m
[1;32muart:~$ [m[8D[J[1;32muart:~$ [m[8D[J[00:10:31.930,000] [0m<inf> imu: LSM6DS3TR-C  a   0.243  -6.206   7.993  g   0.025  -0.061   0.012[0m
[1;32muart:~$ [m[8D[J[00:10:31.930,000] [0m<inf> imu: LSM6DSV16X   a   0.519  -6.084   8.307  g  -0.011   0.003  -0.003[0m
[1;32muart:~$ [m[8D[J[1;32muart:~$ [m[8D[J[00:10:31.931,000] [0m<inf> imu: ICM-42688-P  a   0.509  -6.281   7.678  g   0.000  -0.005  -0.001[0m
[1;32muart:~$ [m[8D[J[00:10:32.032,000] [0m<inf> imu: LSM6DS3TR-C  a   0.221  -6.255   7.976  g   0.024  -0.063   0.014[0m
[1;32muart:~$ [m[8D[J[1;32muart:~$ [m[8D[J[00:10:32.033,000] [0m<inf> imu: LSM6DSV16X   a   0.526  -6.081   8.310  g  -0.011   0.002  -0.002[0m
[1;32muart:~$ [m[8D[J[00:10:32.033,000] [0m<inf> imu: ICM-42688-P  a   0.518  -6.293   7.681  g   0.001  -0.006  -0.001[0m
[1;32muart:~$ [m[8D[J[1;32muart:~$ [m[8D[J[00:10:32.134,000] [0m<inf> imu: LSM6DS3TR-C  a   0.227  -6.243   7.969  g   0.024  -0.062   0.013[0m
[1;32muart:~$ [m[8D[J[00:10:32.135,000] [0m<inf> imu: LSM6DSV16X   a   0.523  -6.080   8.301  g  -0.011   0.002  -0.003[0m
[1;32muart:~$ [m[8D[J[1;32muart:~$ [m[8D[J[00:10:32.135,000] [0m<inf> imu: ICM-42688-P  a   0.515  -6.290   7.672  g   0.000  -0.005  -0.001[0m
[1;32muart:~$ [m[8D[J[00:10:32.237,000] [0m<inf> imu: LSM6DS3TR-C  a   0.218  -6.236   8.030  g   0.023  -0.061   0.013[0m
[1;32muart:~$ [m[8D[J[00:10:32.237,000] [0m<inf> imu: LSM6DSV16X   a   0.528  -6.088   8.298  g  -0.011   0.003  -0.003[0m
[1;32muart:~$ [m[8D[J[1;32muart:~$ [m[8D[J[00:10:32.238,000] [0m<inf> imu: ICM-42688-P  a   0.529  -6.281   7.682  g   0.002  -0.006  -0.001[0m
[1;32muart:~$ [m[8D[J[00:10:32.339,000] [0m<inf> imu: LSM6DS3TR-C  a   0.215  -6.226   7.982  g   0.024  -0.063   0.012[0m
[1;32muart:~$ [m[8D[J[1;32muart:~$ [m[8D[J[00:10:32.340,000] [0m<inf> imu: LSM6DSV16X   a   0.522  -6.081   8.294  g  -0.011   0.003  -0.003[0m
[1;32muart:~$ [m[8D[J[00:10:32.341,000] [0m<inf> imu: ICM-42688-P  a   0.517  -6.284   7.671  g  -0.001  -0.005   0.000[0m
[1;32muart:~$ [m[8D[J[00:10:32.442,000] [0m<inf> imu: LSM6DS3TR-C  a   0.241  -6.244   7.973  g   0.024  -0.063   0.012[0m
[1;32muart:~$ [m[8D[J[1;32muart:~$ [m[8D[J[00:10:32.443,000] [0m<inf> imu: LSM6DSV16X   a   0.529  -6.086   8.299  g  -0.011   0.002  -0.002[0m
[1;32muart:~$ [m[8D[J[00:10:32.443,000] [0m<inf> imu: ICM-42688-P  a   0.515  -6.294   7.687  g  -0.001  -0.006  -0.001[0m
[1;32muart:~$ [m[8D[J[00:10:32.544,000] [0m<inf> imu: LSM6DS3TR-C  a   0.222  -6.251   8.008  g   0.024  -0.062   0.011[0m
[1;32muart:~$ [m[8D[J[00:10:32.545,000] [0m<inf> imu: LSM6DSV16X   a   0.529  -6.090   8.304  g  -0.012   0.003  -0.003[0m
[1;32muart:~$ [m[8D[J[1;32muart:~$ [m[8D[J[00:10:32.546,000] [0m<inf> imu: ICM-42688-P  a   0.512  -6.285   7.697  g   0.000  -0.005  -0.001[0m
[1;32muart:~$ [m[8D[J[1;32muart:~$ [m[8D[J[00:10:32.647,000] [0m<inf> imu: LSM6DS3TR-C  a   0.227  -6.228   7.994  g   0.024  -0.063   0.013[0m
[1;32muart:~$ [m[8D[J[00:10:32.647,000] [0m<inf> imu: LSM6DSV16X   a   0.522  -6.083   8.299  g  -0.012   0.002  -0.002[0m
[1;32muart:~$ [m[8D[J[1;32muart:~$ [m[8D[J[00:10:32.648,000] [0m<inf> imu: ICM-42688-P  a   0.512  -6.280   7.676  g   0.000  -0.005  -0.001[0m
[1;32muart:~$ [m[8D[J[00:10:32.749,000] [0m<inf> imu: LSM6DS3TR-C  a   0.230  -6.264   7.988  g   0.022  -0.060   0.011[0m
[1;32muart:~$ [m[8D[J[1;32muart:~$ [m[8D[J[00:10:32.750,000] [0m<inf> imu: LSM6DSV16X   a   0.525  -6.080   8.310  g  -0.012   0.002  -0.003[0m
[1;32muart:~$ [m[8D[J[00:10:32.750,000] [0m<inf> imu: ICM-42688-P  a   0.521  -6.272   7.682  g   0.000  -0.005  -0.001[0m
[1;32muart:~$ [m[8D[J[1;32muart:~$ [m[8D[J[00:10:32.852,000] [0m<inf> imu: LSM6DS3TR-C  a   0.200  -6.239   8.015  g   0.024  -0.062   0.013[0m
[1;32muart:~$ [m[8D[J[00:10:32.852,000] [0m<inf> imu: LSM6DSV16X   a   0.522  -6.078   8.294  g  -0.011   0.002  -0.002[0m
[1;32muart:~$ [m[8D[J[1;32muart:~$ [m[8D[J[00:10:32.853,000] [0m<inf> imu: ICM-42688-P  a   0.528  -6.284   7.688  g   0.000  -0.005   0.000[0m
[1;32muart:~$ [m[8D[J[00:10:32.954,000] [0m<inf> imu: LSM6DS3TR-C  a   0.218  -6.214   8.006  g   0.024  -0.060   0.012[0m
[1;32muart:~$ [m[8D[J[00:10:32.955,000] [0m<inf> imu: LSM6DSV16X   a   0.519  -6.083   8.308  g  -0.011   0.002  -0.003[0m
[1;32muart:~$ [m[8D[J[1;32muart:~$ [m[8D[J[00:10:32.955,000] [0m<inf> imu: ICM-42688-P  a   0.522  -6.280   7.695  g   0.000  -0.006   0.000[0m
[1;32muart:~$ [m[8D[J[00:10:33.056,000] [0m<inf> imu: LSM6DS3TR-C  a   0.239  -6.232   7.966  g   0.025  -0.062   0.012[0m
[1;32muart:~$ [m[8D[J[1;32muart:~$ [m[8D[J[00:10:33.058,000] [0m<inf> imu: LSM6DSV16X   a   0.531  -6.083   8.299  g  -0.011   0.002  -0.003[0m
[1;32muart:~$ [m[8D[J[00:10:33.058,000] [0m<inf> imu: ICM-42688-P  a   0.512  -6.281   7.672  g   0.001  -0.006   0.000[0m
[1;32muart:~$ [m[8D[J[00:10:33.159,000] [0m<inf> imu: LSM6DS3TR-C  a   0.203  -6.247   7.973  g   0.023  -0.062   0.013[0m
[1;32muart:~$ [m[8D[J[1;32muart:~$ [m[8D[J[00:10:33.160,000] [0m<inf> imu: LSM6DSV16X   a   0.528  -6.083   8.305  g  -0.011   0.002  -0.002[0m
[1;32muart:~$ [m[8D[J[00:10:33.161,000] [0m<inf> imu: ICM-42688-P  a   0.505  -6.292   7.690  g   0.001  -0.005  -0.001[0m
[1;32muart:~$ [m[8D[J[00:10:33.262,000] [0m<inf> imu: LSM6DS3TR-C  a   0.244  -6.248   7.954  g   0.024  -0.062   0.014[0m
[1;32muart:~$ [m[8D[J[00:10:33.262,000] [0m<inf> imu: LSM6DSV16X   a   0.529  -6.087   8.313  g  -0.011   0.002  -0.002[0m
[1;32muart:~$ [m[8D[J[00:10:33.263,000] [0m<inf> imu: ICM-42688-P  a   0.517  -6.296   7.701  g  -0.001  -0.006   0.000[0m
[1;32muart:~$ [m[8D[J[1;32muart:~$ [m[8D[J[00:10:33.364,000] [0m<inf> imu: LSM6DS3TR-C  a   0.246  -6.262   7.941  g   0.023  -0.062   0.013[0m
[1;32muart:~$ [m[8D[J[00:10:33.365,000] [0m<inf> imu: LSM6DSV16X   a   0.526  -6.080   8.303  g  -0.012   0.002  -0.002[0m
[1;32muart:~$ [m[8D[J[1;32muart:~$ [m[8D[J[00:10:33.365,000] [0m<inf> imu: ICM-42688-P  a   0.516  -6.284   7.681  g   0.001  -0.006  -0.001[0m
[1;32muart:~$ [m[8D[J[00:10:33.466,000] [0m<inf> imu: LSM6DS3TR-C  a   0.236  -6.275   7.972  g   0.024  -0.063   0.013[0m
[1;32muart:~$ [m[8D[J[1;32muart:~$ [m[8D[J[00:10:33.467,000] [0m<inf> imu: LSM6DSV16X   a   0.523  -6.087   8.298  g  -0.011   0.002  -0.003[0m
[1;32muart:~$ [m[8D[J[00:10:33.468,000] [0m<inf> imu: ICM-42688-P  a   0.518  -6.290   7.695  g  -0.001  -0.005  -0.001[0m
[1;32muart:~$ [m[8D[J[1;32muart:~$ [m[8D[J[00:10:33.569,000] [0m<inf> imu: LSM6DS3TR-C  a   0.246  -6.227   7.974  g   0.024  -0.061   0.012[0m
[1;32muart:~$ [m[8D[J[00:10:33.569,000] [0m<inf> imu: LSM6DSV16X   a   0.526  -6.081   8.294  g  -0.012   0.002  -0.002[0m
[1;32muart:~$ [m[8D[J[1;32muart:~$ [m[8D[J[00:10:33.570,000] [0m<inf> imu: ICM-42688-P  a   0.516  -6.292   7.677  g   0.000  -0.005  -0.001[0m
[1;32muart:~$ [m[8D[J[00:10:33.671,000] [0m<inf> imu: LSM6DS3TR-C  a   0.230  -6.199   7.976  g   0.024  -0.063   0.012[0m
[1;32muart:~$ [m[8D[J[00:10:33.672,000] [0m<inf> imu: LSM6DSV16X   a   0.523  -6.087   8.302  g  -0.012   0.002  -0.002[0m
[1;32muart:~$ [m[8D[J[1;32muart:~$ [m[8D[J[00:10:33.672,000] [0m<inf> imu: ICM-42688-P  a   0.521  -6.294   7.670  g  -0.000  -0.006  -0.001[0m
[1;32muart:~$ [m[8D[J[00:10:33.774,000] [0m<inf> imu: LSM6DS3TR-C  a   0.260  -6.287   7.958  g   0.024  -0.063   0.012[0m
[1;32muart:~$ [m[8D[J[1;32muart:~$ [m[8D[J[00:10:33.775,000] [0m<inf> imu: LSM6DSV16X   a   0.529  -6.082   8.299  g  -0.011   0.002  -0.003[0m
[1;32muart:~$ [m[8D[J[00:10:33.776,000] [0m<inf> imu: ICM-42688-P  a   0.516  -6.285   7.683  g   0.000  -0.006  -0.001[0m
[1;32muart:~$ [m[8D[J[00:10:33.877,000] [0m<inf> imu: LSM6DS3TR-C  a   0.217  -6.235   7.939  g   0.026  -0.064   0.012[0m
[1;32muart:~$ [m[8D[J[1;32muart:~$ [m[8D[J[00:10:33.877,000] [0m<inf> imu: LSM6DSV16X   a   0.523  -6.081   8.301  g  -0.012   0.002  -0.002[0m
[1;32muart:~$ [m[8D[J[00:10:33.878,000] [0m<inf> imu: ICM-42688-P  a   0.520  -6.290   7.696  g   0.001  -0.006  -0.000[0m
[1;32muart:~$ [m[8D[J[1;32muart:~$ [m[8D[J[00:10:33.979,000] [0m<inf> imu: LSM6DS3TR-C  a   0.232  -6.265   7.977  g   0.023  -0.062   0.011[0m
[1;32muart:~$ [m[8D[J[00:10:33.980,000] [0m<inf> imu: LSM6DSV16X   a   0.520  -6.086   8.308  g  -0.011   0.002  -0.003[0m
[1;32muart:~$ [m[8D[J[1;32muart:~$ [m[8D[J[00:10:33.981,000] [0m<inf> imu: ICM-42688-P  a   0.500  -6.276   7.670  g   0.000  -0.006  -0.001[0m
[1;32muart:~$ [m[8D[J[00:10:34.082,000] [0m<inf> imu: LSM6DS3TR-C  a   0.200  -6.224   7.981  g   0.023  -0.060   0.010[0m
[1;32muart:~$ [m[8D[J[1;32muart:~$ [m[8D[J[00:10:34.083,000] [0m<inf> imu: LSM6DSV16X   a   0.525  -6.083   8.302  g  -0.011   0.002  -0.003[0m
[1;32muart:~$ [m[8D[J[00:10:34.083,000] [0m<inf> imu: ICM-42688-P  a   0.515  -6.281   7.696  g   0.000  -0.005  -0.001[0m
[1;32muart:~$ [m[8D[J[1;32muart:~$ [m[8D[J[00:10:34.184,000] [0m<inf> imu: LSM6DS3TR-C  a   0.215  -6.237   7.973  g   0.024  -0.062   0.012[0m
[1;32muart:~$ [m[8D[J[00:10:34.185,000] [0m<inf> imu: LSM6DSV16X   a   0.522  -6.078   8.306  g  -0.012   0.003  -0.003[0m
[1;32muart:~$ [m[8D[J[1;32muart:~$ [m[8D[J[00:10:34.186,000] [0m<inf> imu: ICM-42688-P  a   0.511  -6.286   7.685  g   0.001  -0.005  -0.001[0m
[1;32muart:~$ [m[8D[J[00:10:34.287,000] [0m<inf> imu: LSM6DS3TR-C  a   0.232  -6.236   7.979  g   0.026  -0.062   0.011[0m
[1;32muart:~$ [m[8D[J[00:10:34.287,000] [0m<inf> imu: LSM6DSV16X   a   0.526  -6.084   8.306  g  -0.012   0.002  -0.003[0m
[1;32muart:~$ [m[8D[J[1;32muart:~$ [m[8D[J[00:10:34.288,000] [0m<inf> imu: ICM-42688-P  a   0.512  -6.288   7.663  g   0.001  -0.005   0.000[0m
[1;32muart:~$ [m[8D[J[00:10:34.390,000] [0m<inf> imu: LSM6DS3TR-C  a   0.220  -6.278   7.984  g   0.025  -0.062   0.011[0m
[1;32muart:~$ [m[8D[J[00:10:34.390,000] [0m<inf> imu: LSM6DSV16X   a   0.529  -6.083   8.303  g  -0.011   0.001  -0.003[0m
[1;32muart:~$ [m[8D[J[1;32muart:~$ [m[8D[J[00:10:34.391,000] [0m<inf> imu: ICM-42688-P  a   0.521  -6.286   7.682  g   0.001  -0.006  -0.001[0m
[1;32muart:~$ [m[8D[J[00:10:34.492,000] [0m<inf> imu: LSM6DS3TR-C  a   0.196  -6.257   8.003  g   0.024  -0.062   0.013[0m
[1;32muart:~$ [m[8D[J[1;32muart:~$ [m[8D[J[00:10:34.493,000] [0m<inf> imu: LSM6DSV16X   a   0.517  -6.081   8.303  g  -0.011   0.002  -0.003[0m
[1;32muart:~$ [m[8D[J[00:10:34.494,000] [0m<inf> imu: ICM-42688-P  a   0.511  -6.284   7.684  g   0.000  -0.005  -0.001[0m
[1;32muart:~$ [m[8D[J[00:10:34.595,000] [0m<inf> imu: LSM6DS3TR-C  a   0.248  -6.218   7.924  g   0.023  -0.061   0.011[0m
[1;32muart:~$ [m[8D[J[00:10:34.595,000] [0m<inf> imu: LSM6DSV16X   a   0.526  -6.086   8.310  g  -0.011   0.002  -0.003[0m
[1;32muart:~$ [m[8D[J[1;32muart:~$ [m[8D[J[00:10:34.596,000] [0m<inf> imu: ICM-42688-P  a   0.512  -6.293   7.699  g   0.001  -0.005   0.000[0m
[1;32muart:~$ [m[8D[J[1;32muart:~$ [m[8D[J[00:10:34.697,000] [0m<inf> imu: LSM6DS3TR-C  a   0.224  -6.229   7.981  g   0.024  -0.063   0.011[0m
[1;32muart:~$ [m[8D[J[00:10:34.698,000] [0m<inf> imu: LSM6DSV16X   a   0.525  -6.081   8.301  g  -0.012   0.002  -0.003[0m
[1;32muart:~$ [m[8D[J[1;32muart:~$ [m[8D[J[00:10:34.698,000] [0m<inf> imu: ICM-42688-P  a   0.529  -6.281   7.691  g   0.000  -0.005   0.000[0m
[1;32muart:~$ [m[8D[J[00:10:34.799,000] [0m<inf> imu: LSM6DS3TR-C  a   0.227  -6.216   7.970  g   0.027  -0.061   0.011[0m
[1;32muart:~$ [m[8D[J[1;32muart:~$ [m[8D[J[00:10:34.800,000] [0m<inf> imu: LSM6DSV16X   a   0.524  -6.077   8.297  g  -0.011   0.002  -0.003[0m
[1;32muart:~$ [m[8D[J[00:10:34.801,000] [0m<inf> imu: ICM-42688-P  a   0.515  -6.290   7.681  g   0.001  -0.006  -0.001[0m
[1;32muart:~$ [m[8D[J[1;32muart:~$ [m[8D[J[00:10:34.902,000] [0m<inf> imu: LSM6DS3TR-C  a   0.239  -6.247   7.991  g   0.024  -0.062   0.013[0m
[1;32muart:~$ [m[8D[J[00:10:34.902,000] [0m<inf> imu: LSM6DSV16X   a   0.531  -6.081   8.301  g  -0.011   0.002  -0.003[0m
[1;32muart:~$ [m[8D[J[1;32muart:~$ [m[8D[J[00:10:34.903,000] [0m<inf> imu: ICM-42688-P  a   0.511  -6.285   7.677  g   0.000  -0.005   0.000[0m
[1;32muart:~$ [m[8D[J[00:10:35.004,000] [0m<inf> imu: LSM6DS3TR-C  a   0.227  -6.246   7.968  g   0.025  -0.061   0.012[0m
[1;32muart:~$ [m[8D[J[00:10:35.005,000] [0m<inf> imu: LSM6DSV16X   a   0.529  -6.086   8.313  g  -0.011   0.002  -0.003[0m
[1;32muart:~$ [m[8D[J[1;32muart:~$ [m[8D[J[00:10:35.005,000] [0m<inf> imu: ICM-42688-P  a   0.524  -6.281   7.679  g   0.000  -0.005   0.000[0m
[1;32muart:~$ [m[8D[J[00:10:35.107,000] [0m<inf> imu: LSM6DS3TR-C  a   0.230  -6.227   7.982  g   0.024  -0.063   0.011[0m
[1;32muart:~$ [m[8D[J[1;32muart:~$ [m[8D[J[00:10:35.108,000] [0m<inf> imu: LSM6DSV16X   a   0.531  -6.078   8.305  g  -0.012   0.002  -0.002[0m
[1;32muart:~$ [m[8D[J[00:10:35.109,000] [0m<inf> imu: ICM-42688-P  a   0.512  -6.282   7.673  g  -0.000  -0.006   0.000[0m
[1;32muart:~$ [m[8D[J[1;32muart:~$ [m[8D[J[00:10:35.210,000] [0m<inf> imu: LSM6DS3TR-C  a   0.227  -6.257   7.984  g   0.024  -0.061   0.010[0m
[1;32muart:~$ [m[8D[J[00:10:35.210,000] [0m<inf> imu: LSM6DSV16X   a   0.529  -6.083   8.305  g  -0.010   0.002  -0.003[0m
[1;32muart:~$ [m[8D[J[00:10:35.211,000] [0m<inf> imu: ICM-42688-P  a   0.508  -6.288   7.689  g  -0.000  -0.005   0.000[0m
[1;32muart:~$ [m[8D[J[1;32muart:~$ [m[8D[J[00:10:35.313,000] [0m<inf> imu: LSM6DS3TR-C  a   0.206  -6.254   7.944  g   0.027  -0.062   0.010[0m
[1;32muart:~$ [m[8D[J[00:10:35.314,000] [0m<inf> imu: LSM6DSV16X   a   0.529  -6.082   8.313  g  -0.012   0.002  -0.002[0m
[1;32muart:~$ [m[8D[J[1;32muart:~$ [m[8D[J[00:10:35.315,000] [0m<inf> imu: ICM-42688-P  a   0.499  -6.285   7.700  g   0.000  -0.006  -0.001[0m
[1;32muart:~$ [m[8D[J[00:10:35.416,000] [0m<inf> imu: LSM6DS3TR-C  a   0.238  -6.240   7.991  g   0.026  -0.063   0.012[0m
[1;32muart:~$ [m[8D[J[1;32muart:~$ [m[8D[J[00:10:35.417,000] [0m<inf> imu: LSM6DSV16X   a   0.527  -6.075   8.301  g  -0.012   0.002  -0.002[0m
[1;32muart:~$ [m[8D[J[00:10:35.417,000] [0m<inf> imu: ICM-42688-P  a   0.512  -6.281   7.678  g  -0.000  -0.006   0.000[0m
[1;32muart:~$ [m[8D[J[1;32muart:~$ [m[8D[J[00:10:35.518,000] [0m<inf> imu: LSM6DS3TR-C  a   0.202  -6.234   7.989  g   0.024  -0.060   0.011[0m
[1;32muart:~$ [m[8D[J[00:10:35.519,000] [0m<inf> imu: LSM6DSV16X   a   0.523  -6.085   8.305  g  -0.012   0.002  -0.003[0m
[1;32muart:~$ [m[8D[J[1;32muart:~$ [m[8D[J[00:10:35.520,000] [0m<inf> imu: ICM-42688-P  a   0.516  -6.291   7.678  g   0.000  -0.005  -0.001[0m
[1;32muart:~$ [m[8D[J[00:10:35.621,000] [0m<inf> imu: LSM6DS3TR-C  a   0.203  -6.252   7.989  g   0.024  -0.063   0.012[0m
[1;32muart:~$ [m[8D[J[00:10:35.621,000] [0m<inf> imu: LSM6DSV16X   a   0.526  -6.084   8.308  g  -0.011   0.003  -0.003[0m
[1;32muart:~$ [m[8D[J[1;32muart:~$ [m[8D[J[00:10:35.622,000] [0m<inf> imu: ICM-42688-P  a   0.514  -6.290   7.678  g   0.000  -0.006   0.000[0m
[1;32muart:~$ [m[8D[J[00:10:35.723,000] [0m<inf> imu: LSM6DS3TR-C  a   0.234  -6.251   7.979  g   0.025  -0.063   0.013[0m
[1;32muart:~$ [m[8D[J[1;32muart:~$ [m[8D[J[00:10:35.724,000] [0m<inf> imu: LSM6DSV16X   a   0.526  -6.078   8.305  g  -0.012   0.003  -0.002[0m
[1;32muart:~$ [m[8D[J[00:10:35.725,000] [0m<inf> imu: ICM-42688-P  a   0.521  -6.294   7.684  g   0.001  -0.004   0.000[0m
[1;32muart:~$ [m[8D[J[00:10:35.826,000] [0m<inf> imu: LSM6DS3TR-C  a   0.261  -6.214   7.993  g   0.024  -0.063   0.012[0m
[1;32muart:~$ [m[8D[J[1;32muart:~$ [m[8D[J[00:10:35.827,000] [0m<inf> imu: LSM6DSV16X   a   0.531  -6.084   8.313  g  -0.010   0.002  -0.003[0m
[1;32muart:~$ [m[8D[J[00:10:35.827,000] [0m<inf> imu: ICM-42688-P  a   0.520  -6.281   7.688  g   0.000  -0.005   0.000[0m
[1;32muart:~$ [m[8D[J[00:10:35.928,000] [0m<inf> imu: LSM6DS3TR-C  a   0.209  -6.221   8.002  g   0.024  -0.063   0.012[0m
[1;32muart:~$ [m[8D[J[00:10:35.929,000] [0m<inf> imu: LSM6DSV16X   a   0.523  -6.082   8.308  g  -0.011   0.002  -0.003[0m
[1;32muart:~$ [m[8D[J[1;32muart:~$ [m[8D[J[00:10:35.929,000] [0m<inf> imu: ICM-42688-P  a   0.517  -6.286   7.678  g   0.000  -0.005  -0.001[0m
[1;32muart:~$ [m[8D[J[1;32muart:~$ [m[8D[J[00:10:36.031,000] [0m<inf> imu: LSM6DS3TR-C  a   0.204  -6.223   7.935  g   0.024  -0.064   0.012[0m
[1;32muart:~$ [m[8D[J[00:10:36.031,000] [0m<inf> imu: LSM6DSV16X   a   0.528  -6.083   8.305  g  -0.011   0.002  -0.002[0m
[1;32muart:~$ [m[8D[J[1;32muart:~$ [m[8D[J[00:10:36.032,000] [0m<inf> imu: ICM-42688-P  a   0.520  -6.294   7.678  g   0.001  -0.006   0.000[0m
[1;32muart:~$ [m[8D[J[00:10:36.133,000] [0m<inf> imu: LSM6DS3TR-C  a   0.229  -6.247   7.984  g   0.025  -0.062   0.012[0m
[1;32muart:~$ [m[8D[J[00:10:36.134,000] [0m<inf> imu: LSM6DSV16X   a   0.528  -6.088   8.305  g  -0.013   0.003  -0.003[0m
[1;32muart:~$ [m[8D[J[00:10:36.134,000] [0m<inf> imu: ICM-42688-P  a   0.518  -6.290   7.700  g   0.000  -0.006  -0.001[0m
[1;32muart:~$ [m[8D[J[1;32muart:~$ [m[8D[J[00:10:36.235,000] [0m<inf> imu: LSM6DS3TR-C  a   0.222  -6.242   7.928  g   0.024  -0.063   0.013[0m
[1;32muart:~$ [m[8D[J[00:10:36.236,000] [0m<inf> imu: LSM6DSV16X   a   0.531  -6.090   8.301  g  -0.011   0.002  -0.002[0m
[1;32muart:~$ [m[8D[J[1;32muart:~$ [m[8D[J[00:10:36.236,000] [0m<inf> imu: ICM-42688-P  a   0.524  -6.294   7.678  g   0.001  -0.006  -0.001[0m
[1;32muart:~$ [m[8D[J[00:10:36.337,000] [0m<inf> imu: LSM6DS3TR-C  a   0.234  -6.226   7.987  g   0.023  -0.062   0.012[0m
[1;32muart:~$ [m[8D[J[1;32muart:~$ [m[8D[J[00:10:36.338,000] [0m<inf> imu: LSM6DSV16X   a   0.524  -6.080   8.310  g  -0.011   0.003  -0.003[0m
[1;32muart:~$ [m[8D[J[00:10:36.339,000] [0m<inf> imu: ICM-42688-P  a   0.520  -6.282   7.691  g   0.000  -0.005  -0.001[0m
[1;32muart:~$ [m[8D[J[00:10:36.441,000] [0m<inf> imu: LSM6DS3TR-C  a   0.183  -6.236   7.994  g   0.026  -0.062   0.012[0m
[1;32muart:~$ [m[8D[J[00:10:36.442,000] [0m<inf> imu: LSM6DSV16X   a   0.529  -6.082   8.303  g  -0.012   0.002  -0.003[0m
[1;32muart:~$ [m[8D[J[00:10:36.443,000] [0m<inf> imu: ICM-42688-P  a   0.524  -6.290   7.676  g   0.001  -0.005  -0.001[0m
[1;32muart:~$ [m[8D[J[1;32muart:~$ [m[8D[J[00:10:36.544,000] [0m<inf> imu: LSM6DS3TR-C  a   0.217  -6.237   7.976  g   0.024  -0.063   0.010[0m
[1;32muart:~$ [m[8D[J[00:10:36.544,000] [0m<inf> imu: LSM6DSV16X   a   0.520  -6.095   8.294  g  -0.012   0.002  -0.002[0m
[1;32muart:~$ [m[8D[J[1;32muart:~$ [m[8D[J[00:10:36.545,000] [0m<inf> imu: ICM-42688-P  a   0.515  -6.298   7.665  g   0.000  -0.005  -0.001[0m
[1;32muart:~$ [m[8D[J[00:10:36.646,000] [0m<inf> imu: LSM6DS3TR-C  a   0.255  -6.244   7.955  g   0.022  -0.061   0.011[0m
[1;32muart:~$ [m[8D[J[1;32muart:~$ [m[8D[J[00:10:36.647,000] [0m<inf> imu: LSM6DSV16X   a   0.529  -6.087   8.304  g  -0.010   0.003  -0.002[0m
[1;32muart:~$ [m[8D[J[00:10:36.647,000] [0m<inf> imu: ICM-42688-P  a   0.517  -6.286   7.681  g   0.001  -0.005  -0.001[0m
[1;32muart:~$ [m[8D[J[1;32muart:~$ [m[8D[J[00:10:36.748,000] [0m<inf> imu: LSM6DS3TR-C  a   0.208  -6.220   8.002  g   0.023  -0.061   0.010[0m
[1;32muart:~$ [m[8D[J[00:10:36.749,000] [0m<inf> imu: LSM6DSV16X   a   0.519  -6.086   8.305  g  -0.011   0.002  -0.003[0m
[1;32muart:~$ [m[8D[J[1;32muart:~$ [m[8D[J[00:10:36.750,000] [0m<inf> imu: ICM-42688-P  a   0.520  -6.287   7.678  g   0.001  -0.006  -0.001[0m
[1;32muart:~$ [m[8D[J[00:10:36.851,000] [0m<inf> imu: LSM6DS3TR-C  a   0.248  -6.216   7.991  g   0.025  -0.062   0.012[0m
[1;32muart:~$ [m[8D[J[1;32muart:~$ [m[8D[J[00:10:36.852,000] [0m<inf> imu: LSM6DSV16X   a   0.521  -6.073   8.308  g  -0.011   0.002  -0.003[0m
[1;32muart:~$ [m[8D[J[00:10:36.852,000] [0m<inf> imu: ICM-42688-P  a   0.510  -6.287   7.687  g   0.002  -0.006  -0.001[0m
[1;32muart:~$ [m[8D[J[1;32muart:~$ [m[8D[J[00:10:36.953,000] [0m<inf> imu: LSM6DS3TR-C  a   0.229  -6.258   8.006  g   0.025  -0.061   0.012[0m
[1;32muart:~$ [m[8D[J[00:10:36.954,000] [0m<inf> imu: LSM6DSV16X   a   0.526  -6.080   8.294  g  -0.011   0.002  -0.003[0m
[1;32muart:~$ [m[8D[J[1;32muart:~$ [m[8D[J[00:10:36.954,000] [0m<inf> imu: ICM-42688-P  a   0.516  -6.281   7.676  g   0.000  -0.006  -0.001[0m
[1;32muart:~$ [m[8D[J[00:10:37.055,000] [0m<inf> imu: LSM6DS3TR-C  a   0.200  -6.242   7.954  g   0.024  -0.061   0.011[0m
[1;32muart:~$ [m[8D[J[00:10:37.056,000] [0m<inf> imu: LSM6DSV16X   a   0.526  -6.080   8.305  g  -0.011   0.002  -0.003[0m
[1;32muart:~$ [m[8D[J[1;32muart:~$ [m[8D[J[00:10:37.057,000] [0m<inf> imu: ICM-42688-P  a   0.514  -6.293   7.677  g   0.000  -0.005  -0.001[0m
[1;32muart:~$ [m[8D[J[00:10:37.158,000] [0m<inf> imu: LSM6DS3TR-C  a   0.239  -6.232   7.963  g   0.025  -0.063   0.012[0m
[1;32muart:~$ [m[8D[J[00:10:37.159,000] [0m<inf> imu: LSM6DSV16X   a   0.529  -6.086   8.302  g  -0.011   0.002  -0.002[0m
[1;32muart:~$ [m[8D[J[00:10:37.159,000] [0m<inf> imu: ICM-42688-P  a   0.508  -6.276   7.678  g   0.001  -0.005  -0.001[0m
[1;32muart:~$ [m[8D[J[1;32muart:~$ [m[8D[J[00:10:37.260,000] [0m<inf> imu: LSM6DS3TR-C  a   0.202  -6.237   7.976  g   0.024  -0.062   0.012[0m
[1;32muart:~$ [m[8D[J[00:10:37.261,000] [0m<inf> imu: LSM6DSV16X   a   0.529  -6.090   8.311  g  -0.011   0.002  -0.003[0m
[1;32muart:~$ [m[8D[J[1;32muart:~$ [m[8D[J[00:10:37.261,000] [0m<inf> imu: ICM-42688-P  a   0.517  -6.291   7.681  g   0.000  -0.005  -0.001[0m
[1;32muart:~$ [m[8D[J[00:10:37.363,000] [0m<inf> imu: LSM6DS3TR-C  a   0.226  -6.279   7.962  g   0.025  -0.063   0.012[0m
[1;32muart:~$ [m[8D[J[1;32muart:~$ [m[8D[J[00:10:37.364,000] [0m<inf> imu: LSM6DSV16X   a   0.524  -6.090   8.292  g  -0.012   0.003  -0.003[0m
[1;32muart:~$ [m[8D[J[00:10:37.364,000] [0m<inf> imu: ICM-42688-P  a   0.505  -6.291   7.678  g  -0.001  -0.005   0.001[0m
[1;32muart:~$ [m[8D[J[1;32muart:~$ [m[8D[J[00:10:37.465,000] [0m<inf> imu: LSM6DS3TR-C  a   0.230  -6.254   7.981  g   0.024  -0.062   0.013[0m
[1;32muart:~$ [m[8D[J[00:10:37.466,000] [0m<inf> imu: LSM6DSV16X   a   0.523  -6.092   8.308  g  -0.012   0.002  -0.003[0m
[1;32muart:~$ [m[8D[J[1;32muart:~$ [m[8D[J[00:10:37.467,000] [0m<inf> imu: ICM-42688-P  a   0.512  -6.293   7.672  g   0.000  -0.005   0.000[0m
[1;32muart:~$ [m[8D[J[00:10:37.568,000] [0m<inf> imu: LSM6DS3TR-C  a   0.235  -6.223   7.948  g   0.024  -0.062   0.011[0m
[1;32muart:~$ [m[8D[J[1;32muart:~$ [m[8D[J[00:10:37.568,000] [0m<inf> imu: LSM6DSV16X   a   0.527  -6.081   8.308  g  -0.010   0.002  -0.003[0m
[1;32muart:~$ [m[8D[J[00:10:37.569,000] [0m<inf> imu: ICM-42688-P  a   0.514  -6.285   7.670  g   0.001  -0.005  -0.001[0m
[1;32muart:~$ [m[8D[J[1;32muart:~$ [m[8D[J[00:10:37.670,000] [0m<inf> imu: LSM6DS3TR-C  a   0.248  -6.252   7.970  g   0.025  -0.063   0.012[0m
[1;32muart:~$ [m[8D[J[00:10:37.671,000] [0m<inf> imu: LSM6DSV16X   a   0.527  -6.087   8.313  g  -0.011   0.002  -0.003[0m
[1;32muart:~$ [m[8D[J[1;32muart:~$ [m[8D[J[00:10:37.671,000] [0m<inf> imu: ICM-42688-P  a   0.512  -6.281   7.689  g  -0.000  -0.006  -0.001[0m
[1;32muart:~$ [m[8D[J[00:10:37.772,000] [0m<inf> imu: LSM6DS3TR-C  a   0.217  -6.233   7.970  g   0.024  -0.062   0.012[0m
[1;32muart:~$ [m[8D[J[00:10:37.773,000] [0m<inf> imu: LSM6DSV16X   a   0.525  -6.092   8.305  g  -0.011   0.003  -0.002[0m
[1;32muart:~$ [m[8D[J[1;32muart:~$ [m[8D[J[00:10:37.773,000] [0m<inf> imu: ICM-42688-P  a   0.509  -6.285   7.681  g   0.001  -0.006  -0.000[0m
[1;32muart:~$ [m[8D[J[00:10:37.875,000] [0m<inf> imu: LSM6DS3TR-C  a   0.240  -6.227   7.941  g   0.023  -0.061   0.013[0m
[1;32muart:~$ [m[8D[J[1;32muart:~$ [m[8D[J[00:10:37.876,000] [0m<inf> imu: LSM6DSV16X   a   0.526  -6.083   8.305  g  -0.012   0.002  -0.002[0m
[1;32muart:~$ [m[8D[J[00:10:37.876,000] [0m<inf> imu: ICM-42688-P  a   0.521  -6.273   7.676  g   0.000  -0.005  -0.001[0m
[1;32muart:~$ [m[8D[J[00:10:37.978,000] [0m<inf> imu: LSM6DS3TR-C  a   0.232  -6.222   7.963  g   0.025  -0.063   0.010[0m
[1;32muart:~$ [m[8D[J[1;32muart:~$ [m[8D[J[00:10:37.978,000] [0m<inf> imu: LSM6DSV16X   a   0.519  -6.083   8.305  g  -0.011   0.002  -0.003[0m
[1;32muart:~$ [m[8D[J[00:10:37.979,000] [0m<inf> imu: ICM-42688-P  a   0.522  -6.281   7.679  g  -0.000  -0.005  -0.001[0m
[1;32muart:~$ [m[8D[J[00:10:38.080,000] [0m<inf> imu: LSM6DS3TR-C  a   0.261  -6.198   7.960  g   0.024  -0.061   0.012[0m
[1;32muart:~$ [m[8D[J[00:10:38.081,000] [0m<inf> imu: LSM6DSV16X   a   0.522  -6.092   8.308  g  -0.011   0.002  -0.003[0m
[1;32muart:~$ [m[8D[J[1;32muart:~$ [m[8D[J[00:10:38.081,000] [0m<inf> imu: ICM-42688-P  a   0.514  -6.282   7.681  g   0.000  -0.006  -0.001[0m
[1;32muart:~$ [m[8D[J[1;32muart:~$ [m[8D[J[00:10:38.182,000] [0m<inf> imu: LSM6DS3TR-C  a   0.230  -6.232   7.960  g   0.023  -0.062   0.014[0m
[1;32muart:~$ [m[8D[J[00:10:38.183,000] [0m<inf> imu: LSM6DSV16X   a   0.529  -6.082   8.308  g  -0.011   0.002  -0.003[0m
[1;32muart:~$ [m[8D[J[1;32muart:~$ [m[8D[J[00:10:38.183,000] [0m<inf> imu: ICM-42688-P  a   0.508  -6.294   7.688  g   0.001  -0.005   0.000[0m
[1;32muart:~$ [m[8D[J[00:10:38.284,000] [0m<inf> imu: LSM6DS3TR-C  a   0.234  -6.245   7.947  g   0.024  -0.064   0.011[0m
[1;32muart:~$ [m[8D[J[1;32muart:~$ [m[8D[J[00:10:38.285,000] [0m<inf> imu: LSM6DSV16X   a   0.526  -6.092   8.297  g  -0.011   0.002  -0.003[0m
[1;32muart:~$ [m[8D[J[00:10:38.286,000] [0m<inf> imu: ICM-42688-P  a   0.523  -6.297   7.678  g   0.001  -0.005  -0.001[0m
[1;32muart:~$ [m[8D[J[1;32muart:~$ [m[8D[J[00:10:38.387,000] [0m<inf> imu: LSM6DS3TR-C  a   0.217  -6.267   7.984  g   0.024  -0.063   0.013[0m
[1;32muart:~$ [m[8D[J[00:10:38.387,000] [0m<inf> imu: LSM6DSV16X   a   0.521  -6.090   8.305  g  -0.011   0.003  -0.002[0m
[1;32muart:~$ [m[8D[J[1;32muart:~$ [m[8D[J[00:10:38.388,000] [0m<inf> imu: ICM-42688-P  a   0.520  -6.285   7.666  g  -0.000  -0.005  -0.001[0m
[1;32muart:~$ [m[8D[J[00:10:38.489,000] [0m<inf> imu: LSM6DS3TR-C  a   0.256  -6.224   7.963  g   0.025  -0.062   0.011[0m
[1;32muart:~$ [m[8D[J[00:10:38.490,000] [0m<inf> imu: LSM6DSV16X   a   0.531  -6.089   8.308  g  -0.011   0.001  -0.003[0m
[1;32muart:~$ [m[8D[J[1;32muart:~$ [m[8D[J[00:10:38.490,000] [0m<inf> imu: ICM-42688-P  a   0.514  -6.281   7.673  g   0.001  -0.006  -0.001[0m
[1;32muart:~$ [m[8D[J[00:10:38.592,000] [0m<inf> imu: LSM6DS3TR-C  a   0.234  -6.225   7.984  g   0.025  -0.063   0.011[0m
[1;32muart:~$ [m[8D[J[1;32muart:~$ [m[8D[J[00:10:38.593,000] [0m<inf> imu: LSM6DSV16X   a   0.526  -6.078   8.299  g  -0.012   0.002  -0.002[0m
[1;32muart:~$ [m[8D[J[00:10:38.594,000] [0m<inf> imu: ICM-42688-P  a   0.517  -6.303   7.676  g   0.001  -0.006  -0.001[0m
[1;32muart:~$ [m[8D[J[00:10:38.695,000] [0m<inf> imu: LSM6DS3TR-C  a   0.226  -6.245   7.999  g   0.024  -0.063   0.012[0m
[1;32muart:~$ [m[8D[J[1;32muart:~$ [m[8D[J[00:10:38.696,000] [0m<inf> imu: LSM6DSV16X   a   0.529  -6.087   8.310  g  -0.012   0.002  -0.003[0m
[1;32muart:~$ [m[8D[J[00:10:38.696,000] [0m<inf> imu: ICM-42688-P  a   0.520  -6.286   7.682  g   0.001  -0.005  -0.001[0m
[1;32muart:~$ [m[8D[J[00:10:38.797,000] [0m<inf> imu: LSM6DS3TR-C  a   0.231  -6.254   7.930  g   0.023  -0.061   0.010[0m
[1;32muart:~$ [m[8D[J[00:10:38.798,000] [0m<inf> imu: LSM6DSV16X   a   0.520  -6.083   8.300  g  -0.012   0.002  -0.003[0m
[1;32muart:~$ [m[8D[J[1;32muart:~$ [m[8D[J[00:10:38.798,000] [0m<inf> imu: ICM-42688-P  a   0.512  -6.286   7.670  g   0.000  -0.006   0.000[0m
[1;32muart:~$ [m[8D[J[1;32muart:~$ [m[8D[J[00:10:38.899,000] [0m<inf> imu: LSM6DS3TR-C  a   0.235  -6.202   7.985  g   0.024  -0.064   0.011[0m
[1;32muart:~$ [m[8D[J[00:10:38.900,000] [0m<inf> imu: LSM6DSV16X   a   0.527  -6.090   8.318  g  -0.011   0.002  -0.003[0m
[1;32muart:~$ [m[8D[J[1;32muart:~$ [m[8D[J[00:10:38.901,000] [0m<inf> imu: ICM-42688-P  a   0.527  -6.293   7.666  g  -0.000  -0.006   0.000[0m
[1;32muart:~$ [m[8D[J[00:10:39.002,000] [0m<inf> imu: LSM6DS3TR-C  a   0.220  -6.271   7.940  g   0.024  -0.062   0.014[0m
[1;32muart:~$ [m[8D[J[1;32muart:~$ [m[8D[J[00:10:39.002,000] [0m<inf> imu: LSM6DSV16X   a   0.525  -6.087   8.301  g  -0.012   0.002  -0.003[0m
[1;32muart:~$ [m[8D[J[00:10:39.003,000] [0m<inf> imu: ICM-42688-P  a   0.524  -6.287   7.677  g   0.000  -0.005   0.000[0m
[1;32muart:~$ [m[8D[J[1;32muart:~$ [m[8D[J[00:10:39.104,000] [0m<inf> imu: LSM6DS3TR-C  a   0.211  -6.226   7.990  g   0.022  -0.059   0.013[0m
[1;32muart:~$ [m[8D[J[00:10:39.105,000] [0m<inf> imu: LSM6DSV16X   a   0.526  -6.078   8.296  g  -0.011   0.003  -0.002[0m
[1;32muart:~$ [m[8D[J[1;32muart:~$ [m[8D[J[00:10:39.105,000] [0m<inf> imu: ICM-42688-P  a   0.524  -6.291   7.695  g   0.001  -0.005  -0.001[0m
[1;32muart:~$ [m[8D[J[00:10:39.206,000] [0m<inf> imu: LSM6DS3TR-C  a   0.260  -6.251   7.929  g   0.025  -0.063   0.013[0m
[1;32muart:~$ [m[8D[J[00:10:39.207,000] [0m<inf> imu: LSM6DSV16X   a   0.526  -6.085   8.313  g  -0.012   0.003  -0.003[0m
[1;32muart:~$ [m[8D[J[1;32muart:~$ [m[8D[J[00:10:39.208,000] [0m<inf> imu: ICM-42688-P  a   0.512  -6.290   7.703  g   0.000  -0.006  -0.000[0m
[1;32muart:~$ [m[8D[J[00:10:39.309,000] [0m<inf> imu: LSM6DS3TR-C  a   0.207  -6.262   7.958  g   0.023  -0.061   0.012[0m
[1;32muart:~$ [m[8D[J[1;32muart:~$ [m[8D[J[00:10:39.310,000] [0m<inf> imu: LSM6DSV16X   a   0.521  -6.076   8.298  g  -0.012   0.003  -0.002[0m
[1;32muart:~$ [m[8D[J[00:10:39.311,000] [0m<inf> imu: ICM-42688-P  a   0.520  -6.288   7.707  g   0.000  -0.005   0.000[0m
[1;32muart:~$ [m[8D[J[00:10:39.412,000] [0m<inf> imu: LSM6DS3TR-C  a   0.209  -6.246   7.957  g   0.024  -0.062   0.011[0m
[1;32muart:~$ [m[8D[J[1;32muart:~$ [m[8D[J[00:10:39.413,000] [0m<inf> imu: LSM6DSV16X   a   0.524  -6.078   8.284  g  -0.012   0.002  -0.002[0m
[1;32muart:~$ [m[8D[J[00:10:39.413,000] [0m<inf> imu: ICM-42688-P  a   0.517  -6.299   7.701  g   0.001  -0.005   0.001[0m
[1;32muart:~$ [m[8D[J[00:10:39.514,000] [0m<inf> imu: LSM6DS3TR-C  a   0.214  -6.233   7.978  g   0.025  -0.062   0.012[0m
[1;32muart:~$ [m[8D[J[00:10:39.515,000] [0m<inf> imu: LSM6DSV16X   a   0.523  -6.080   8.298  g  -0.011   0.002  -0.002[0m
[1;32muart:~$ [m[8D[J[1;32muart:~$ [m[8D[J[00:10:39.515,000] [0m<inf> imu: ICM-42688-P  a   0.516  -6.279   7.678  g   0.001  -0.005  -0.001[0m
[1;32muart:~$ [m[8D[J[1;32muart:~$ [m[8D[J[00:10:39.616,000] [0m<inf> imu: LSM6DS3TR-C  a   0.205  -6.231   7.972  g   0.024  -0.063   0.012[0m
[1;32muart:~$ [m[8D[J[00:10:39.617,000] [0m<inf> imu: LSM6DSV16X   a   0.526  -6.073   8.300  g  -0.012   0.002  -0.002[0m
[1;32muart:~$ [m[8D[J[1;32muart:~$ [m[8D[J[00:10:39.618,000] [0m<inf> imu: ICM-42688-P  a   0.508  -6.290   7.685  g  -0.001  -0.005  -0.000[0m
[1;32muart:~$ [m[8D[J[00:10:39.719,000] [0m<inf> imu: LSM6DS3TR-C  a   0.262  -6.245   7.986  g   0.024  -0.061   0.014[0m
[1;32muart:~$ [m[8D[J[1;32muart:~$ [m[8D[J[00:10:39.720,000] [0m<inf> imu: LSM6DSV16X   a   0.523  -6.073   8.308  g  -0.012   0.002  -0.003[0m
[1;32muart:~$ [m[8D[J[00:10:39.720,000] [0m<inf> imu: ICM-42688-P  a   0.529  -6.284   7.666  g   0.000  -0.006  -0.000[0m
[1;32muart:~$ [m[8D[J[1;32muart:~$ [m[8D[J[00:10:39.821,000] [0m<inf> imu: LSM6DS3TR-C  a   0.249  -6.248   7.926  g   0.024  -0.063   0.012[0m
[1;32muart:~$ [m[8D[J[00:10:39.822,000] [0m<inf> imu: LSM6DSV16X   a   0.534  -6.085   8.301  g  -0.011   0.002  -0.003[0m
[1;32muart:~$ [m[8D[J[1;32muart:~$ [m[8D[J[00:10:39.822,000] [0m<inf> imu: ICM-42688-P  a   0.515  -6.287   7.685  g   0.000  -0.006  -0.001[0m
[1;32muart:~$ [m[8D[J[00:10:39.924,000] [0m<inf> imu: LSM6DS3TR-C  a   0.218  -6.270   7.980  g   0.024  -0.064   0.010[0m
[1;32muart:~$ [m[8D[J[00:10:39.924,000] [0m<inf> imu: LSM6DSV16X   a   0.525  -6.084   8.317  g  -0.012   0.002  -0.002[0m
[1;32muart:~$ [m[8D[J[1;32muart:~$ [m[8D[J[00:10:39.925,000] [0m<inf> imu: ICM-42688-P  a   0.516  -6.302   7.694  g   0.000  -0.005  -0.001[0m
[1;32muart:~$ [m[8D[J[00:10:40.027,000] [0m<inf> imu: LSM6DS3TR-C  a   0.218  -6.242   7.976  g   0.022  -0.062   0.009[0m
[1;32muart:~$ [m[8D[J[1;32muart:~$ [m[8D[J[00:10:40.027,000] [0m<inf> imu: LSM6DSV16X   a   0.529  -6.090   8.298  g  -0.012   0.002  -0.003[0m
[1;32muart:~$ [m[8D[J[00:10:40.028,000] [0m<inf> imu: ICM-42688-P  a   0.521  -6.294   7.690  g   0.001  -0.006  -0.000[0m
[1;32muart:~$ [m[8D[J[00:10:40.129,000] [0m<inf> imu: LSM6DS3TR-C  a   0.231  -6.218   8.016  g   0.025  -0.064   0.010[0m
[1;32muart:~$ [m[8D[J[00:10:40.130,000] [0m<inf> imu: LSM6DSV16X   a   0.524  -6.087   8.310  g  -0.011   0.002  -0.002[0m
[1;32muart:~$ [m[8D[J[1;32muart:~$ [m[8D[J[00:10:40.130,000] [0m<inf> imu: ICM-42688-P  a   0.529  -6.294   7.691  g   0.001  -0.006   0.000[0m
[1;32muart:~$ [m[8D[J[00:10:40.231,000] [0m<inf> imu: LSM6DS3TR-C  a   0.202  -6.232   7.944  g   0.026  -0.063   0.013[0m
[1;32muart:~$ [m[8D[J[1;32muart:~$ [m[8D[J[00:10:40.232,000] [0m<inf> imu: LSM6DSV16X   a   0.529  -6.085   8.304  g  -0.012   0.002  -0.002[0m
[1;32muart:~$ [m[8D[J[00:10:40.233,000] [0m<inf> imu: ICM-42688-P  a   0.509  -6.298   7.677  g   0.000  -0.006   0.000[0m
[1;32muart:~$ [m[8D[J[1;32muart:~$ [m[8D[J[00:10:40.334,000] [0m<inf> imu: LSM6DS3TR-C  a   0.238  -6.233   7.959  g   0.025  -0.062   0.013[0m
[1;32muart:~$ [m[8D[J[00:10:40.334,000] [0m<inf> imu: LSM6DSV16X   a   0.523  -6.085   8.305  g  -0.011   0.002  -0.002[0m
[1;32muart:~$ [m[8D[J[1;32muart:~$ [m[8D[J[00:10:40.335,000] [0m<inf> imu: ICM-42688-P  a   0.514  -6.287   7.683  g   0.000  -0.005  -0.000[0m
[1;32muart:~$ [m[8D[J[00:10:40.436,000] [0m<inf> imu: LSM6DS3TR-C  a   0.210  -6.260   7.996  g   0.023  -0.063   0.012[0m
[1;32muart:~$ [m[8D[J[1;32muart:~$ [m[8D[J[00:10:40.437,000] [0m<inf> imu: LSM6DSV16X   a   0.527  -6.090   8.310  g  -0.011   0.002  -0.002[0m
[1;32muart:~$ [m[8D[J[00:10:40.437,000] [0m<inf> imu: ICM-42688-P  a   0.527  -6.293   7.685  g  -0.000  -0.005   0.000[0m
[1;32muart:~$ [m[8D[J[1;32muart:~$ [m[8D[J[00:10:40.538,000] [0m<inf> imu: LSM6DS3TR-C  a   0.240  -6.241   7.965  g   0.023  -0.062   0.013[0m
[1;32muart:~$ [m[8D[J[00:10:40.539,000] [0m<inf> imu: LSM6DSV16X   a   0.531  -6.090   8.310  g  -0.012   0.003  -0.003[0m
[1;32muart:~$ [m[8D[J[1;32muart:~$ [m[8D[J[00:10:40.540,000] [0m<inf> imu: ICM-42688-P  a   0.511  -6.290   7.691  g   0.002  -0.005  -0.001[0m
[1;32muart:~$ [m[8D[J[00:10:40.641,000] [0m<inf> imu: LSM6DS3TR-C  a   0.218  -6.229   7.969  g   0.025  -0.061   0.013[0m
[1;32muart:~$ [m[8D[J[00:10:40.641,000] [0m<inf> imu: LSM6DSV16X   a   0.526  -6.085   8.304  g  -0.011   0.002  -0.003[0m
[1;32muart:~$ [m[8D[J[1;32muart:~$ [m[8D[J[00:10:40.642,000] [0m<inf> imu: ICM-42688-P  a   0.517  -6.294   7.682  g   0.000  -0.006   0.000[0m
[1;32muart:~$ [m[8D[J[00:10:40.743,000] [0m<inf> imu: LSM6DS3TR-C  a   0.263  -6.254   7.973  g   0.025  -0.062   0.014[0m
[1;32muart:~$ [m[8D[J[1;32muart:~$ [m[8D[J[00:10:40.744,000] [0m<inf> imu: LSM6DSV16X   a   0.523  -6.083   8.297  g  -0.012   0.002  -0.003[0m
[1;32muart:~$ [m[8D[J[00:10:40.745,000] [0m<inf> imu: ICM-42688-P  a   0.526  -6.278   7.677  g   0.001  -0.004  -0.001[0m
[1;32muart:~$ [m[8D[J[1;32muart:~$ [m[8D[J[00:10:40.846,000] [0m<inf> imu: LSM6DS3TR-C  a   0.209  -6.257   7.963  g   0.025  -0.061   0.013[0m
[1;32muart:~$ [m[8D[J[00:10:40.847,000] [0m<inf> imu: LSM6DSV16X   a   0.526  -6.086   8.301  g  -0.012   0.002  -0.003[0m
[1;32muart:~$ [m[8D[J[00:10:40.847,000] [0m<inf> imu: ICM-42688-P  a   0.523  -6.293   7.679  g   0.001  -0.005  -0.000[0m
[1;32muart:~$ [m[8D[J[1;32muart:~$ [m[8D[J[00:10:40.949,000] [0m<inf> imu: LSM6DS3TR-C  a   0.217  -6.204   7.972  g   0.023  -0.063   0.012[0m
[1;32muart:~$ [m[8D[J[00:10:40.950,000] [0m<inf> imu: LSM6DSV16X   a   0.526  -6.080   8.310  g  -0.012   0.002  -0.002[0m
[1;32muart:~$ [m[8D[J[00:10:40.951,000] [0m<inf> imu: ICM-42688-P  a   0.511  -6.291   7.675  g   0.000  -0.005  -0.001[0m
[1;32muart:~$ [m[8D[J[1;32muart:~$ [m[8D[J[00:10:41.052,000] [0m<inf> imu: LSM6DS3TR-C  a   0.217  -6.206   7.951  g   0.025  -0.062   0.013[0m
[1;32muart:~$ [m[8D[J[00:10:41.053,000] [0m<inf> imu: LSM6DSV16X   a   0.516  -6.085   8.305  g  -0.012   0.002  -0.003[0m
[1;32muart:~$ [m[8D[J[1;32muart:~$ [m[8D[J[00:10:41.053,000] [0m<inf> imu: ICM-42688-P  a   0.511  -6.294   7.678  g  -0.000  -0.005  -0.001[0m
[1;32muart:~$ [m[8D[J[00:10:41.155,000] [0m<inf> imu: LSM6DS3TR-C  a   0.237  -6.246   7.957  g   0.024  -0.062   0.012[0m
[1;32muart:~$ [m[8D[J[00:10:41.155,000] [0m<inf> imu: LSM6DSV16X   a   0.531  -6.083   8.312  g  -0.012   0.002  -0.003[0m
[1;32muart:~$ [m[8D[J[1;32muart:~$ [m[8D[J[00:10:41.156,000] [0m<inf> imu: ICM-42688-P  a   0.517  -6.298   7.685  g   0.001  -0.005  -0.001[0m
[1;32muart:~$ [m[8D[J[00:10:41.257,000] [0m<inf> imu: LSM6DS3TR-C  a   0.220  -6.225   7.991  g   0.023  -0.062   0.011[0m
[1;32muart:~$ [m[8D[J[1;32muart:~$ [m[8D[J[00:10:41.257,000] [0m<inf> imu: LSM6DSV16X   a   0.522  -6.087   8.300  g  -0.012   0.002  -0.003[0m
[1;32muart:~$ [m[8D[J[00:10:41.258,000] [0m<inf> imu: ICM-42688-P  a   0.491  -6.290   7.682  g   0.000  -0.005  -0.001[0m
[1;32muart:~$ [m[8D[J[00:10:41.359,000] [0m<inf> imu: LSM6DS3TR-C  a   0.224  -6.219   7.957  g   0.024  -0.063   0.010[0m
[1;32muart:~$ [m[8D[J[00:10:41.360,000] [0m<inf> imu: LSM6DSV16X   a   0.528  -6.086   8.308  g  -0.011   0.002  -0.003[0m
[1;32muart:~$ [m[8D[J[1;32muart:~$ [m[8D[J[00:10:41.360,000] [0m<inf> imu: ICM-42688-P  a   0.518  -6.278   7.672  g   0.000  -0.006   0.000[0m
[1;32muart:~$ [m[8D[J[00:10:41.461,000] [0m<inf> imu: LSM6DS3TR-C  a   0.230  -6.211   7.953  g   0.024  -0.063   0.012[0m
[1;32muart:~$ [m[8D[J[00:10:41.462,000] [0m<inf> imu: LSM6DSV16X   a   0.531  -6.085   8.293  g  -0.012   0.002  -0.003[0m
[1;32muart:~$ [m[8D[J[1;32muart:~$ [m[8D[J[00:10:41.463,000] [0m<inf> imu: ICM-42688-P  a   0.514  -6.280   7.685  g  -0.000  -0.005  -0.000[0m
[1;32muart:~$ [m[8D[J[00:10:41.564,000] [0m<inf> imu: LSM6DS3TR-C  a   0.218  -6.237   7.967  g   0.025  -0.062   0.012[0m
[1;32muart:~$ [m[8D[J[1;32muart:~$ [m[8D[J[00:10:41.564,000] [0m<inf> imu: LSM6DSV16X   a   0.525  -6.083   8.294  g  -0.012   0.002  -0.003[0m
[1;32muart:~$ [m[8D[J[00:10:41.565,000] [0m<inf> imu: ICM-42688-P  a   0.516  -6.276   7.682  g   0.001  -0.005  -0.001[0m
[1;32muart:~$ [m[8D[J[1;32muart:~$ [m[8D[J[00:10:41.666,000] [0m<inf> imu: LSM6DS3TR-C  a   0.261  -6.199   8.023  g   0.024  -0.059   0.012[0m
[1;32muart:~$ [m[8D[J[00:10:41.667,000] [0m<inf> imu: LSM6DSV16X   a   0.525  -6.087   8.301  g  -0.013   0.003  -0.002[0m
[1;32muart:~$ [m[8D[J[1;32muart:~$ [m[8D[J[00:10:41.667,000] [0m<inf> imu: ICM-42688-P  a   0.505  -6.281   7.670  g   0.000  -0.005  -0.001[0m
[1;32muart:~$ [m[8D[J[00:10:41.768,000] [0m<inf> imu: LSM6DS3TR-C  a   0.218  -6.230   7.988  g   0.023  -0.061   0.013[0m
[1;32muart:~$ [m[8D[J[1;32muart:~$ [m[8D[J[00:10:41.769,000] [0m<inf> imu: LSM6DSV16X   a   0.523  -6.082   8.303  g  -0.012   0.003  -0.002[0m
[1;32muart:~$ [m[8D[J[00:10:41.770,000] [0m<inf> imu: ICM-42688-P  a   0.521  -6.292   7.671  g   0.001  -0.005  -0.001[0m
[1;32muart:~$ [m[8D[J[1;32muart:~$ [m[8D[J[00:10:41.871,000] [0m<inf> imu: LSM6DS3TR-C  a   0.191  -6.247   7.948  g   0.023  -0.063   0.013[0m
[1;32muart:~$ [m[8D[J[00:10:41.871,000] [0m<inf> imu: LSM6DSV16X   a   0.524  -6.078   8.313  g  -0.011   0.002  -0.003[0m
[1;32muart:~$ [m[8D[J[1;32muart:~$ [m[8D[J[00:10:41.872,000] [0m<inf> imu: ICM-42688-P  a   0.512  -6.294   7.671  g  -0.001  -0.006  -0.000[0m
[1;32muart:~$ [m[8D[J[00:10:41.973,000] [0m<inf> imu: LSM6DS3TR-C  a   0.211  -6.234   7.994  g   0.025  -0.062   0.011[0m
[1;32muart:~$ [m[8D[J[00:10:41.974,000] [0m<inf> imu: LSM6DSV16X   a   0.519  -6.085   8.307  g  -0.011   0.002  -0.003[0m
[1;32muart:~$ [m[8D[J[1;32muart:~$ [m[8D[J[00:10:41.974,000] [0m<inf> imu: ICM-42688-P  a   0.516  -6.290   7.693  g  -0.000  -0.005  -0.000[0m
[1;32muart:~$ [m[8D[J[00:10:42.076,000] [0m<inf> imu: LSM6DS3TR-C  a   0.275  -6.217   7.978  g   0.024  -0.063   0.011[0m
[1;32muart:~$ [m[8D[J[1;32muart:~$ [m[8D[J[00:10:42.077,000] [0m<inf> imu: LSM6DSV16X   a   0.521  -6.087   8.303  g  -0.011   0.002  -0.003[0m
[1;32muart:~$ [m[8D[J[00:10:42.078,000] [0m<inf> imu: ICM-42688-P  a   0.514  -6.284   7.682  g   0.000  -0.006   0.000[0m
[1;32muart:~$ [m[8D[J[00:10:42.179,000] [0m<inf> imu: LSM6DS3TR-C  a   0.250  -6.238   7.987  g   0.025  -0.063   0.012[0m
[1;32muart:~$ [m[8D[J[1;32muart:~$ [m[8D[J[00:10:42.180,000] [0m<inf> imu: LSM6DSV16X   a   0.534  -6.090   8.303  g  -0.012   0.002  -0.003[0m
[1;32muart:~$ [m[8D[J[00:10:42.180,000] [0m<inf> imu: ICM-42688-P  a   0.515  -6.287   7.681  g   0.000  -0.006   0.000[0m
[1;32muart:~$ [m[8D[J[00:10:42.281,000] [0m<inf> imu: LSM6DS3TR-C  a   0.208  -6.238   7.994  g   0.024  -0.063   0.013[0m
[1;32muart:~$ [m[8D[J[00:10:42.282,000] [0m<inf> imu: LSM6DSV16X   a   0.525  -6.080   8.310  g  -0.011   0.002  -0.002[0m
[1;32muart:~$ [m[8D[J[1;32muart:~$ [m[8D[J[00:10:42.282,000] [0m<inf> imu: ICM-42688-P  a   0.515  -6.291   7.683  g   0.000  -0.006  -0.001[0m
[1;32muart:~$ [m[8D[J[1;32muart:~$ [m[8D[J[00:10:42.384,000] [0m<inf> imu: LSM6DS3TR-C  a   0.232  -6.260   7.985  g   0.024  -0.064   0.011[0m
[1;32muart:~$ [m[8D[J[00:10:42.384,000] [0m<inf> imu: LSM6DSV16X   a   0.519  -6.088   8.301  g  -0.012   0.002  -0.003[0m
[1;32muart:~$ [m[8D[J[1;32muart:~$ [m[8D[J[00:10:42.385,000] [0m<inf> imu: ICM-42688-P  a   0.523  -6.294   7.681  g   0.000  -0.006   0.000[0m
[1;32muart:~$ [m[8D[J[00:10:42.486,000] [0m<inf> imu: LSM6DS3TR-C  a   0.231  -6.242   7.987  g   0.026  -0.063   0.014[0m
[1;32muart:~$ [m[8D[J[1;32muart:~$ [m[8D[J[00:10:42.487,000] [0m<inf> imu: LSM6DSV16X   a   0.524  -6.083   8.313  g  -0.011   0.002  -0.002[0m
[1;32muart:~$ [m[8D[J[00:10:42.487,000] [0m<inf> imu: ICM-42688-P  a   0.520  -6.285   7.682  g   0.001  -0.006  -0.000[0m
[1;32muart:~$ [m[8D[J[1;32muart:~$ [m[8D[J[00:10:42.588,000] [0m<inf> imu: LSM6DS3TR-C  a   0.223  -6.234   7.978  g   0.023  -0.063   0.012[0m
[1;32muart:~$ [m[8D[J[00:10:42.589,000] [0m<inf> imu: LSM6DSV16X   a   0.526  -6.080   8.307  g  -0.012   0.002  -0.003[0m
[1;32muart:~$ [m[8D[J[1;32muart:~$ [m[8D[J[00:10:42.589,000] [0m<inf> imu: ICM-42688-P  a   0.515  -6.281   7.684  g   0.001  -0.005  -0.000[0m
[1;32muart:~$ [m[8D[J[00:10:42.690,000] [0m<inf> imu: LSM6DS3TR-C  a   0.207  -6.256   7.978  g   0.024  -0.062   0.011[0m
[1;32muart:~$ [m[8D[J[00:10:42.691,000] [0m<inf> imu: LSM6DSV16X   a   0.525  -6.081   8.303  g  -0.012   0.003  -0.003[0m
[1;32muart:~$ [m[8D[J[1;32muart:~$ [m[8D[J[00:10:42.692,000] [0m<inf> imu: ICM-42688-P  a   0.512  -6.296   7.672  g   0.002  -0.005   0.000[0m
[1;32muart:~$ [m[8D[J[00:10:42.793,000] [0m<inf> imu: LSM6DS3TR-C  a   0.220  -6.240   7.973  g   0.023  -0.062   0.011[0m
[1;32muart:~$ [m[8D[J[00:10:42.794,000] [0m<inf> imu: LSM6DSV16X   a   0.528  -6.090   8.302  g  -0.012   0.001  -0.002[0m
[1;32muart:~$ [m[8D[J[1;32muart:~$ [m[8D[J[00:10:42.794,000] [0m<inf> imu: ICM-42688-P  a   0.512  -6.284   7.689  g   0.000  -0.005   0.000[0m
[1;32muart:~$ [m[8D[J[00:10:42.896,000] [0m<inf> imu: LSM6DS3TR-C  a   0.242  -6.224   7.985  g   0.026  -0.064   0.012[0m
[1;32muart:~$ [m[8D[J[1;32muart:~$ [m[8D[J[00:10:42.896,000] [0m<inf> imu: LSM6DSV16X   a   0.522  -6.080   8.299  g  -0.011   0.002  -0.003[0m
[1;32muart:~$ [m[8D[J[00:10:42.897,000] [0m<inf> imu: ICM-42688-P  a   0.511  -6.287   7.673  g   0.000  -0.005  -0.001[0m
[1;32muart:~$ [m[8D[J[1;32muart:~$ [m[8D[J[00:10:42.998,000] [0m<inf> imu: LSM6DS3TR-C  a   0.219  -6.223   7.972  g   0.024  -0.061   0.010[0m
[1;32muart:~$ [m[8D[J[00:10:42.999,000] [0m<inf> imu: LSM6DSV16X   a   0.529  -6.084   8.305  g  -0.011   0.002  -0.003[0m
[1;32muart:~$ [m[8D[J[1;32muart:~$ [m[8D[J[00:10:43.000,000] [0m<inf> imu: ICM-42688-P  a   0.529  -6.291   7.678  g   0.000  -0.005   0.000[0m
[1;32muart:~$ [m[8D[J[00:10:43.101,000] [0m<inf> imu: LSM6DS3TR-C  a   0.205  -6.246   7.965  g   0.024  -0.064   0.012[0m
[1;32muart:~$ [m[8D[J[1;32muart:~$ [m[8D[J[00:10:43.102,000] [0m<inf> imu: LSM6DSV16X   a   0.529  -6.087   8.298  g  -0.011   0.002  -0.003[0m
[1;32muart:~$ [m[8D[J[00:10:43.103,000] [0m<inf> imu: ICM-42688-P  a   0.505  -6.285   7.672  g  -0.001  -0.005  -0.001[0m
[1;32muart:~$ [m[8D[J[00:10:43.204,000] [0m<inf> imu: LSM6DS3TR-C  a   0.206  -6.220   7.994  g   0.026  -0.061   0.012[0m
[1;32muart:~$ [m[8D[J[00:10:43.204,000] [0m<inf> imu: LSM6DSV16X   a   0.526  -6.080   8.301  g  -0.011   0.002  -0.003[0m
[1;32muart:~$ [m[8D[J[00:10:43.205,000] [0m<inf> imu: ICM-42688-P  a   0.511  -6.284   7.683  g  -0.001  -0.005  -0.000[0m
[1;32muart:~$ [m[8D[J[1;32muart:~$ [m[8D[J[00:10:43.306,000] [0m<inf> imu: LSM6DS3TR-C  a   0.184  -6.223   7.971  g   0.025  -0.063   0.013[0m
[1;32muart:~$ [m[8D[J[00:10:43.307,000] [0m<inf> imu: LSM6DSV16X   a   0.529  -6.083   8.310  g  -0.011   0.003  -0.002[0m
[1;32muart:~$ [m[8D[J[1;32muart:~$ [m[8D[J[00:10:43.307,000] [0m<inf> imu: ICM-42688-P  a   0.521  -6.286   7.672  g   0.000  -0.005  -0.001[0m
[1;32muart:~$ [m[8D[J[00:10:43.408,000] [0m<inf> imu: LSM6DS3TR-C  a   0.234  -6.234   7.980  g   0.024  -0.061   0.011[0m
[1;32muart:~$ [m[8D[J[00:10:43.409,000] [0m<inf> imu: LSM6DSV16X   a   0.527  -6.080   8.305  g  -0.011   0.003  -0.003[0m
[1;32muart:~$ [m[8D[J[1;32muart:~$ [m[8D[J[00:10:43.409,000] [0m<inf> imu: ICM-42688-P  a   0.521  -6.282   7.673  g   0.000  -0.006  -0.001[0m
[1;32muart:~$ [m[8D[J[00:10:43.510,000] [0m<inf> imu: LSM6DS3TR-C  a   0.259  -6.242   7.946  g   0.027  -0.061   0.014[0m
[1;32muart:~$ [m[8D[J[1;32muart:~$ [m[8D[J[00:10:43.511,000] [0m<inf> imu: LSM6DSV16X   a   0.524  -6.086   8.298  g  -0.012   0.002  -0.003[0m
[1;32muart:~$ [m[8D[J[00:10:43.512,000] [0m<inf> imu: ICM-42688-P  a   0.506  -6.297   7.666  g  -0.000  -0.005   0.000[0m
[1;32muart:~$ [m[8D[J[1;32muart:~$ [m[8D[J[00:10:43.613,000] [0m<inf> imu: LSM6DS3TR-C  a   0.240  -6.230   7.990  g   0.025  -0.063   0.012[0m
[1;32muart:~$ [m[8D[J[00:10:43.614,000] [0m<inf> imu: LSM6DSV16X   a   0.526  -6.090   8.291  g  -0.011   0.002  -0.002[0m
[1;32muart:~$ [m[8D[J[1;32muart:~$ [m[8D[J[00:10:43.615,000] [0m<inf> imu: ICM-42688-P  a   0.517  -6.287   7.672  g   0.001  -0.005  -0.001[0m
[1;32muart:~$ [m[8D[J[00:10:43.716,000] [0m<inf> imu: LSM6DS3TR-C  a   0.208  -6.215   7.974  g   0.024  -0.062   0.012[0m
[1;32muart:~$ [m[8D[J[1;32muart:~$ [m[8D[J[00:10:43.717,000] [0m<inf> imu: LSM6DSV16X   a   0.531  -6.094   8.296  g  -0.012   0.002  -0.002[0m
[1;32muart:~$ [m[8D[J[00:10:43.717,000] [0m<inf> imu: ICM-42688-P  a   0.517  -6.290   7.664  g   0.000  -0.006  -0.000[0m
[1;32muart:~$ [m[8D[J[1;32muart:~$ [m[8D[J[00:10:43.818,000] [0m<inf> imu: LSM6DS3TR-C  a   0.240  -6.276   7.978  g   0.024  -0.061   0.012[0m
[1;32muart:~$ [m[8D[J[00:10:43.819,000] [0m<inf> imu: LSM6DSV16X   a   0.522  -6.093   8.294  g  -0.012   0.002  -0.002[0m
[1;32muart:~$ [m[8D[J[1;32muart:~$ [m[8D[J[00:10:43.819,000] [0m<inf> imu: ICM-42688-P  a   0.511  -6.294   7.682  g   0.001  -0.005   0.000[0m
[1;32muart:~$ [m[8D[J[00:10:43.920,000] [0m<inf> imu: LSM6DS3TR-C  a   0.234  -6.272   7.948  g   0.023  -0.060   0.012[0m
[1;32muart:~$ [m[8D[J[00:10:43.921,000] [0m<inf> imu: LSM6DSV16X   a   0.523  -6.085   8.305  g  -0.011   0.003  -0.003[0m
[1;32muart:~$ [m[8D[J[1;32muart:~$ [m[8D[J[00:10:43.922,000] [0m<inf> imu: ICM-42688-P  a   0.510  -6.288   7.691  g   0.001  -0.005   0.000[0m
[1;32muart:~$ [m[8D[J[00:10:44.023,000] [0m<inf> imu: LSM6DS3TR-C  a   0.190  -6.233   7.947  g   0.026  -0.060   0.013[0m
[1;32muart:~$ [m[8D[J[1;32muart:~$ [m[8D[J[00:10:44.024,000] [0m<inf> imu: LSM6DSV16X   a   0.531  -6.087   8.305  g  -0.012   0.002  -0.002[0m
[1;32muart:~$ [m[8D[J[00:10:44.025,000] [0m<inf> imu: ICM-42688-P  a   0.526  -6.288   7.670  g   0.000  -0.005  -0.001[0m
[1;32muart:~$ [m[8D[J[00:10:44.126,000] [0m<inf> imu: LSM6DS3TR-C  a   0.232  -6.227   7.953  g   0.024  -0.063   0.012[0m
[1;32muart:~$ [m[8D[J[1;32muart:~$ [m[8D[J[00:10:44.127,000] [0m<inf> imu: LSM6DSV16X   a   0.522  -6.081   8.291  g  -0.011   0.002  -0.002[0m
[1;32muart:~$ [m[8D[J[00:10:44.127,000] [0m<inf> imu: ICM-42688-P  a   0.517  -6.287   7.665  g   0.000  -0.006  -0.000[0m
[1;32muart:~$ [m[8D[J[00:10:44.229,000] [0m<inf> imu: LSM6DS3TR-C  a   0.205  -6.236   7.989  g   0.023  -0.061   0.012[0m
[1;32muart:~$ [m[8D[J[00:10:44.229,000] [0m<inf> imu: LSM6DSV16X   a   0.519  -6.090   8.302  g  -0.012   0.002  -0.002[0m
[1;32muart:~$ [m[8D[J[1;32muart:~$ [m[8D[J[00:10:44.230,000] [0m<inf> imu: ICM-42688-P  a   0.512  -6.281   7.677  g   0.001  -0.005   0.000[0m
[1;32muart:~$ [m[8D[J[1;32muart:~$ [m[8D[J[00:10:44.331,000] [0m<inf> imu: LSM6DS3TR-C  a   0.236  -6.251   7.967  g   0.025  -0.063   0.012[0m
[1;32muart:~$ [m[8D[J[00:10:44.332,000] [0m<inf> imu: LSM6DSV16X   a   0.525  -6.088   8.301  g  -0.011   0.002  -0.002[0m
[1;32muart:~$ [m[8D[J[1;32muart:~$ [m[8D[J[00:10:44.332,000] [0m<inf> imu: ICM-42688-P  a   0.517  -6.281   7.691  g   0.001  -0.006  -0.001[0m
[1;32muart:~$ [m[8D[J[00:10:44.433,000] [0m<inf> imu: LSM6DS3TR-C  a   0.187  -6.249   7.988  g   0.025  -0.061   0.012[0m
[1;32muart:~$ [m[8D[J[1;32muart:~$ [m[8D[J[00:10:44.434,000] [0m<inf> imu: LSM6DSV16X   a   0.525  -6.076   8.301  g  -0.012   0.002  -0.002[0m
[1;32muart:~$ [m[8D[J[00:10:44.434,000] [0m<inf> imu: ICM-42688-P  a   0.506  -6.280   7.681  g   0.001  -0.005  -0.001[0m
[1;32muart:~$ [m[8D[J[1;32muart:~$ [m[8D[J[00:10:44.535,000] [0m<inf> imu: LSM6DS3TR-C  a   0.224  -6.226   7.956  g   0.025  -0.063   0.011[0m
[1;32muart:~$ [m[8D[J[00:10:44.536,000] [0m<inf> imu: LSM6DSV16X   a   0.522  -6.092   8.302  g  -0.011   0.002  -0.003[0m
[1;32muart:~$ [m[8D[J[1;32muart:~$ [m[8D[J[00:10:44.537,000] [0m<inf> imu: ICM-42688-P  a   0.517  -6.298   7.690  g  -0.001  -0.006   0.000[0m
[1;32muart:~$ [m[8D[J[00:10:44.638,000] [0m<inf> imu: LSM6DS3TR-C  a   0.215  -6.237   7.953  g   0.026  -0.063   0.013[0m
[1;32muart:~$ [m[8D[J[00:10:44.638,000] [0m<inf> imu: LSM6DSV16X   a   0.519  -6.084   8.293  g  -0.011   0.002  -0.002[0m
[1;32muart:~$ [m[8D[J[1;32muart:~$ [m[8D[J[00:10:44.639,000] [0m<inf> imu: ICM-42688-P  a   0.512  -6.298   7.678  g   0.000  -0.005  -0.001[0m
[1;32muart:~$ [m[8D[J[00:10:44.741,000] [0m<inf> imu: LSM6DS3TR-C  a   0.228  -6.266   7.956  g   0.024  -0.062   0.013[0m
[1;32muart:~$ [m[8D[J[00:10:44.742,000] [0m<inf> imu: LSM6DSV16X   a   0.531  -6.090   8.296  g  -0.011   0.001  -0.002[0m
[1;32muart:~$ [m[8D[J[1;32muart:~$ [m[8D[J[00:10:44.743,000] [0m<inf> imu: ICM-42688-P  a   0.509  -6.285   7.679  g  -0.001  -0.005   0.000[0m
[1;32muart:~$ [m[8D[J[00:10:44.844,000] [0m<inf> imu: LSM6DS3TR-C  a   0.223  -6.266   7.932  g   0.024  -0.064   0.012[0m
[1;32muart:~$ [m[8D[J[1;32muart:~$ [m[8D[J[00:10:44.844,000] [0m<inf> imu: LSM6DSV16X   a   0.525  -6.084   8.294  g  -0.012   0.002  -0.003[0m
[1;32muart:~$ [m[8D[J[00:10:44.845,000] [0m<inf> imu: ICM-42688-P  a   0.524  -6.287   7.681  g   0.001  -0.006  -0.000[0m
[1;32muart:~$ [m[8D[J[1;32muart:~$ [m[8D[J[00:10:44.946,000] [0m<inf> imu: LSM6DS3TR-C  a   0.212  -6.232   7.948  g   0.025  -0.064   0.012[0m
[1;32muart:~$ [m[8D[J[00:10:44.947,000] [0m<inf> imu: LSM6DSV16X   a   0.524  -6.083   8.289  g  -0.010   0.002  -0.003[0m
[1;32muart:~$ [m[8D[J[00:10:44.948,000] [0m<inf> imu: ICM-42688-P  a   0.524  -6.297   7.695  g  -0.001  -0.005   0.000[0m
[1;32muart:~$ [m[8D[J[00:10:45.049,000] [0m<inf> imu: LSM6DS3TR-C  a   0.214  -6.250   7.956  g   0.022  -0.063   0.011[0m
[1;32muart:~$ [m[8D[J[1;32muart:~$ [m[8D[J[00:10:45.050,000] [0m<inf> imu: LSM6DSV16X   a   0.526  -6.080   8.301  g  -0.011   0.002  -0.003[0m
[1;32muart:~$ [m[8D[J[00:10:45.051,000] [0m<inf> imu: ICM-42688-P  a   0.509  -6.287   7.681  g  -0.001  -0.005  -0.001[0m
[1;32muart:~$ [m[8D[J[1;32muart:~$ [m[8D[J[00:10:45.152,000] [0m<inf> imu: LSM6DS3TR-C  a   0.255  -6.244   7.987  g   0.026  -0.063   0.013[0m
[1;32muart:~$ [m[8D[J[00:10:45.152,000] [0m<inf> imu: LSM6DSV16X   a   0.526  -6.083   8.289  g  -0.011   0.002  -0.002[0m
[1;32muart:~$ [m[8D[J[1;32muart:~$ [m[8D[J[00:10:45.153,000] [0m<inf> imu: ICM-42688-P  a   0.520  -6.284   7.673  g   0.001  -0.006  -0.001[0m
[1;32muart:~$ [m[8D[J[00:10:45.254,000] [0m<inf> imu: LSM6DS3TR-C  a   0.218  -6.206   7.972  g   0.024  -0.061   0.012[0m
[1;32muart:~$ [m[8D[J[1;32muart:~$ [m[8D[J[00:10:45.254,000] [0m<inf> imu: LSM6DSV16X   a   0.524  -6.080   8.298  g  -0.012   0.002  -0.003[0m
[1;32muart:~$ [m[8D[J[00:10:45.255,000] [0m<inf> imu: ICM-42688-P  a   0.526  -6.290   7.685  g  -0.000  -0.005  -0.001[0m
[1;32muart:~$ [m[8D[J[00:10:45.356,000] [0m<inf> imu: LSM6DS3TR-C  a   0.203  -6.230   7.972  g   0.023  -0.062   0.012[0m
[1;32muart:~$ [m[8D[J[00:10:45.357,000] [0m<inf> imu: LSM6DSV16X   a   0.524  -6.088   8.291  g  -0.011   0.002  -0.002[0m
[1;32muart:~$ [m[8D[J[00:10:45.358,000] [0m<inf> imu: ICM-42688-P  a   0.517  -6.276   7.673  g   0.001  -0.005  -0.000[0m
[1;32muart:~$ [m[8D[J[1;32muart:~$ [m[8D[J[00:10:45.459,000] [0m<inf> imu: LSM6DS3TR-C  a   0.230  -6.247   7.994  g   0.024  -0.064   0.013[0m
[1;32muart:~$ [m[8D[J[00:10:45.460,000] [0m<inf> imu: LSM6DSV16X   a   0.522  -6.087   8.293  g  -0.011   0.003  -0.003[0m
[1;32muart:~$ [m[8D[J[1;32muart:~$ [m[8D[J[00:10:45.460,000] [0m<inf> imu: ICM-42688-P  a   0.518  -6.288   7.691  g  -0.000  -0.005  -0.001[0m
[1;32muart:~$ [m[8D[J[00:10:45.562,000] [0m<inf> imu: LSM6DS3TR-C  a   0.218  -6.310   7.982  g   0.025  -0.064   0.012[0m
[1;32muart:~$ [m[8D[J[1;32muart:~$ [m[8D[J[00:10:45.562,000] [0m<inf> imu: LSM6DSV16X   a   0.522  -6.086   8.289  g  -0.012   0.003  -0.002[0m
[1;32muart:~$ [m[8D[J[00:10:45.563,000] [0m<inf> imu: ICM-42688-P  a   0.521  -6.297   7.678  g   0.001  -0.006   0.000[0m
[1;32muart:~$ [m[8D[J[1;32muart:~$ [m[8D[J[00:10:45.664,000] [0m<inf> imu: LSM6DS3TR-C  a   0.206  -6.217   7.944  g   0.024  -0.062   0.013[0m
[1;32muart:~$ [m[8D[J[00:10:45.665,000] [0m<inf> imu: LSM6DSV16X   a   0.526  -6.090   8.294  g  -0.013   0.002  -0.002[0m
[1;32muart:~$ [m[8D[J[1;32muart:~$ [m[8D[J[00:10:45.665,000] [0m<inf> imu: ICM-42688-P  a   0.510  -6.293   7.688  g   0.000  -0.004   0.000[0m
[1;32muart:~$ [m[8D[J[00:10:45.766,000] [0m<inf> imu: LSM6DS3TR-C  a   0.233  -6.250   7.957  g   0.023  -0.062   0.012[0m
[1;32muart:~$ [m[8D[J[1;32muart:~$ [m[8D[J[00:10:45.767,000] [0m<inf> imu: LSM6DSV16X   a   0.523  -6.085   8.294  g  -0.011   0.002  -0.002[0m
[1;32muart:~$ [m[8D[J[00:10:45.767,000] [0m<inf> imu: ICM-42688-P  a   0.526  -6.281   7.661  g   0.000  -0.006  -0.001[0m
[1;32muart:~$ [m[8D[J[1;32muart:~$ [m[8D[J[00:10:45.868,000] [0m<inf> imu: LSM6DS3TR-C  a   0.222  -6.275   7.976  g   0.024  -0.061   0.013[0m
[1;32muart:~$ [m[8D[J[00:10:45.869,000] [0m<inf> imu: LSM6DSV16X   a   0.522  -6.085   8.296  g  -0.011   0.002  -0.003[0m
[1;32muart:~$ [m[8D[J[1;32muart:~$ [m[8D[J[00:10:45.870,000] [0m<inf> imu: ICM-42688-P  a   0.527  -6.285   7.681  g   0.000  -0.006  -0.001[0m
[1;32muart:~$ [m[8D[J[00:10:45.971,000] [0m<inf> imu: LSM6DS3TR-C  a   0.243  -6.260   7.957  g   0.023  -0.060   0.013[0m
[1;32muart:~$ [m[8D[J[00:10:45.971,000] [0m<inf> imu: LSM6DSV16X   a   0.531  -6.085   8.299  g  -0.011   0.003  -0.002[0m
[1;32muart:~$ [m[8D[J[1;32muart:~$ [m[8D[J[00:10:45.972,000] [0m<inf> imu: ICM-42688-P  a   0.515  -6.287   7.676  g   0.000  -0.005  -0.000[0m
[1;32muart:~$ [m[8D[J[00:10:46.073,000] [0m<inf> imu: LSM6DS3TR-C  a   0.200  -6.210   7.972  g   0.025  -0.061   0.012[0m
[1;32muart:~$ [m[8D[J[1;32muart:~$ [m[8D[J[00:10:46.074,000] [0m<inf> imu: LSM6DSV16X   a   0.524  -6.083   8.295  g  -0.011   0.002  -0.003[0m
[1;32muart:~$ [m[8D[J[00:10:46.075,000] [0m<inf> imu: ICM-42688-P  a   0.517  -6.286   7.681  g   0.000  -0.005   0.000[0m
[1;32muart:~$ [m[8D[J[00:10:46.176,000] [0m<inf> imu: LSM6DS3TR-C  a   0.247  -6.245   7.932  g   0.024  -0.062   0.010[0m
[1;32muart:~$ [m[8D[J[1;32muart:~$ [m[8D[J[00:10:46.177,000] [0m<inf> imu: LSM6DSV16X   a   0.523  -6.085   8.301  g  -0.011   0.002  -0.002[0m
[1;32muart:~$ [m[8D[J[00:10:46.177,000] [0m<inf> imu: ICM-42688-P  a   0.505  -6.281   7.678  g   0.001  -0.005  -0.001[0m
[1;32muart:~$ [m[8D[J[00:10:46.278,000] [0m<inf> imu: LSM6DS3TR-C  a   0.216  -6.262   7.997  g   0.024  -0.062   0.011[0m
[1;32muart:~$ [m[8D[J[00:10:46.279,000] [0m<inf> imu: LSM6DSV16X   a   0.534  -6.095   8.298  g  -0.012   0.002  -0.003[0m
[1;32muart:~$ [m[8D[J[1;32muart:~$ [m[8D[J[00:10:46.280,000] [0m<inf> imu: ICM-42688-P  a   0.517  -6.280   7.685  g   0.001  -0.005   0.001[0m
[1;32muart:~$ [m[8D[J[1;32muart:~$ [m[8D[J[00:10:46.381,000] [0m<inf> imu: LSM6DS3TR-C  a   0.275  -6.281   7.914  g   0.023  -0.062   0.012[0m
[1;32muart:~$ [m[8D[J[00:10:46.381,000] [0m<inf> imu: LSM6DSV16X   a   0.527  -6.086   8.308  g  -0.011   0.002  -0.002[0m
[1;32muart:~$ [m[8D[J[1;32muart:~$ [m[8D[J[00:10:46.382,000] [0m<inf> imu: ICM-42688-P  a   0.516  -6.290   7.682  g   0.000  -0.005   0.001[0m
[1;32muart:~$ [m[8D[J[00:10:46.483,000] [0m<inf> imu: LSM6DS3TR-C  a   0.205  -6.215   7.941  g   0.025  -0.064   0.013[0m
[1;32muart:~$ [m[8D[J[1;32muart:~$ [m[8D[J[00:10:46.484,000] [0m<inf> imu: LSM6DSV16X   a   0.531  -6.096   8.298  g  -0.011   0.002  -0.002[0m
[1;32muart:~$ [m[8D[J[00:10:46.484,000] [0m<inf> imu: ICM-42688-P  a   0.526  -6.291   7.699  g   0.000  -0.005  -0.001[0m
[1;32muart:~$ [m[8D[J[1;32muart:~$ [m[8D[J[00:10:46.585,000] [0m<inf> imu: LSM6DS3TR-C  a   0.253  -6.233   7.936  g   0.025  -0.062   0.013[0m
[1;32muart:~$ [m[8D[J[00:10:46.586,000] [0m<inf> imu: LSM6DSV16X   a   0.521  -6.075   8.310  g  -0.011   0.002  -0.002[0m
[1;32muart:~$ [m[8D[J[1;32muart:~$ [m[8D[J[00:10:46.586,000] [0m<inf> imu: ICM-42688-P  a   0.528  -6.291   7.687  g   0.001  -0.006  -0.001[0m
[1;32muart:~$ [m[8D[J[00:10:46.687,000] [0m<inf> imu: LSM6DS3TR-C  a   0.236  -6.231   7.922  g   0.023  -0.063   0.012[0m
[1;32muart:~$ [m[8D[J[00:10:46.688,000] [0m<inf> imu: LSM6DSV16X   a   0.521  -6.092   8.305  g  -0.012   0.002  -0.003[0m
[1;32muart:~$ [m[8D[J[1;32muart:~$ [m[8D[J[00:10:46.689,000] [0m<inf> imu: ICM-42688-P  a   0.523  -6.282   7.676  g  -0.001  -0.005   0.000[0m
[1;32muart:~$ [m[8D[J[00:10:46.791,000] [0m<inf> imu: LSM6DS3TR-C  a   0.207  -6.243   7.939  g   0.026  -0.063   0.012[0m
[1;32muart:~$ [m[8D[J[1;32muart:~$ [m[8D[J[00:10:46.791,000] [0m<inf> imu: LSM6DSV16X   a   0.519  -6.085   8.301  g  -0.011   0.002  -0.003[0m
[1;32muart:~$ [m[8D[J[00:10:46.792,000] [0m<inf> imu: ICM-42688-P  a   0.517  -6.281   7.673  g  -0.001  -0.005  -0.001[0m
[1;32muart:~$ [m[8D[J[00:10:46.893,000] [0m<inf> imu: LSM6DS3TR-C  a   0.212  -6.218   7.966  g   0.023  -0.060   0.013[0m
[1;32muart:~$ [m[8D[J[1;32muart:~$ [m[8D[J[00:10:46.894,000] [0m<inf> imu: LSM6DSV16X   a   0.519  -6.085   8.298  g  -0.012   0.003  -0.003[0m
[1;32muart:~$ [m[8D[J[00:10:46.894,000] [0m<inf> imu: ICM-42688-P  a   0.520  -6.285   7.683  g   0.001  -0.004  -0.000[0m
[1;32muart:~$ [m[8D[J[00:10:46.995,000] [0m<inf> imu: LSM6DS3TR-C  a   0.217  -6.230   7.960  g   0.024  -0.064   0.011[0m
[1;32muart:~$ [m[8D[J[00:10:46.996,000] [0m<inf> imu: LSM6DSV16X   a   0.524  -6.070   8.291  g  -0.011   0.003  -0.002[0m
[1;32muart:~$ [m[8D[J[1;32muart:~$ [m[8D[J[00:10:46.997,000] [0m<inf> imu: ICM-42688-P  a   0.522  -6.281   7.679  g   0.000  -0.006  -0.001[0m
[1;32muart:~$ [m[8D[J[1;32muart:~$ [m[8D[J[00:10:47.098,000] [0m<inf> imu: LSM6DS3TR-C  a   0.254  -6.229   8.007  g   0.025  -0.061   0.014[0m
[1;32muart:~$ [m[8D[J[00:10:47.098,000] [0m<inf> imu: LSM6DSV16X   a   0.525  -6.082   8.304  g  -0.011   0.002  -0.002[0m
[1;32muart:~$ [m[8D[J[1;32muart:~$ [m[8D[J[00:10:47.099,000] [0m<inf> imu: ICM-42688-P  a   0.515  -6.297   7.690  g   0.001  -0.005  -0.002[0m
[1;32muart:~$ [m[8D[J[00:10:47.200,000] [0m<inf> imu: LSM6DS3TR-C  a   0.229  -6.231   7.983  g   0.024  -0.063   0.012[0m
[1;32muart:~$ [m[8D[J[1;32muart:~$ [m[8D[J[00:10:47.201,000] [0m<inf> imu: LSM6DSV16X   a   0.524  -6.087   8.305  g  -0.011   0.002  -0.003[0m
[1;32muart:~$ [m[8D[J[00:10:47.201,000] [0m<inf> imu: ICM-42688-P  a   0.515  -6.292   7.683  g   0.001  -0.005  -0.000[0m
[1;32muart:~$ [m[8D[J[1;32muart:~$ [m[8D[J[00:10:47.302,000] [0m<inf> imu: LSM6DS3TR-C  a   0.223  -6.252   7.994  g   0.024  -0.061   0.012[0m
[1;32muart:~$ [m[8D[J[00:10:47.303,000] [0m<inf> imu: LSM6DSV16X   a   0.528  -6.073   8.328  g  -0.012   0.003  -0.002[0m
[1;32muart:~$ [m[8D[J[1;32muart:~$ [m[8D[J[00:10:47.303,000] [0m<inf> imu: ICM-42688-P  a   0.515  -6.260   7.700  g   0.003  -0.005  -0.001[0m
[1;32muart:~$ [m[8D[J[00:10:47.405,000] [0m<inf> imu: LSM6DS3TR-C  a   0.220  -6.263   7.932  g   0.027  -0.063   0.013[0m
[1;32muart:~$ [m[8D[J[00:10:47.405,000] [0m<inf> imu: LSM6DSV16X   a   0.528  -6.087   8.286  g  -0.011   0.001  -0.003[0m
[1;32muart:~$ [m[8D[J[1;32muart:~$ [m[8D[J[00:10:47.406,000] [0m<inf> imu: ICM-42688-P  a   0.516  -6.285   7.665  g   0.002  -0.006  -0.001[0m
[1;32muart:~$ [m[8D[J[00:10:47.507,000] [0m<inf> imu: LSM6DS3TR-C  a   0.233  -6.252   7.952  g   0.022  -0.063   0.011[0m
[1;32muart:~$ [m[8D[J[1;32muart:~$ [m[8D[J[00:10:47.509,000] [0m<inf> imu: LSM6DSV16X   a   0.533  -6.075   8.305  g  -0.012   0.003  -0.002[0m
[1;32muart:~$ [m[8D[J[00:10:47.509,000] [0m<inf> imu: ICM-42688-P  a   0.529  -6.285   7.681  g   0.000  -0.005   0.000[0m
[1;32muart:~$ [m[8D[J[00:10:47.611,000] [0m<inf> imu: LSM6DS3TR-C  a   0.212  -6.220   7.987  g   0.024  -0.062   0.013[0m
[1;32muart:~$ [m[8D[J[1;32muart:~$ [m[8D[J[00:10:47.611,000] [0m<inf> imu: LSM6DSV16X   a   0.526  -6.097   8.301  g  -0.011   0.002  -0.002[0m
[1;32muart:~$ [m[8D[J[00:10:47.612,000] [0m<inf> imu: ICM-42688-P  a   0.511  -6.286   7.695  g   0.002  -0.005  -0.001[0m
[1;32muart:~$ [m[8D[J[00:10:47.713,000] [0m<inf> imu: LSM6DS3TR-C  a   0.218  -6.264   7.939  g   0.026  -0.064   0.012[0m
[1;32muart:~$ [m[8D[J[00:10:47.714,000] [0m<inf> imu: LSM6DSV16X   a   0.522  -6.080   8.301  g  -0.011   0.002  -0.002[0m
[1;32muart:~$ [m[8D[J[1;32muart:~$ [m[8D[J[00:10:47.714,000] [0m<inf> imu: ICM-42688-P  a   0.528  -6.282   7.691  g  -0.001  -0.005  -0.000[0m
[1;32muart:~$ [m[8D[J[1;32muart:~$ [m[8D[J[00:10:47.815,000] [0m<inf> imu: LSM6DS3TR-C  a   0.215  -6.241   7.994  g   0.025  -0.063   0.011[0m
[1;32muart:~$ [m[8D[J[00:10:47.816,000] [0m<inf> imu: LSM6DSV16X   a   0.529  -6.095   8.297  g  -0.011   0.002  -0.003[0m
[1;32muart:~$ [m[8D[J[1;32muart:~$ [m[8D[J[00:10:47.816,000] [0m<inf> imu: ICM-42688-P  a   0.512  -6.285   7.681  g   0.001  -0.005  -0.000[0m
[1;32muart:~$ [m[8D[J[00:10:47.918,000] [0m<inf> imu: LSM6DS3TR-C  a   0.220  -6.242   7.975  g   0.024  -0.061   0.014[0m
[1;32muart:~$ [m[8D[J[1;32muart:~$ [m[8D[J[00:10:47.918,000] [0m<inf> imu: LSM6DSV16X   a   0.524  -6.092   8.299  g  -0.011   0.002  -0.002[0m
[1;32muart:~$ [m[8D[J[00:10:47.919,000] [0m<inf> imu: ICM-42688-P  a   0.516  -6.298   7.678  g   0.000  -0.006  -0.001[0m
[1;32muart:~$ [m[8D[J[1;32muart:~$ [m[8D[J[00:10:48.020,000] [0m<inf> imu: LSM6DS3TR-C  a   0.234  -6.248   7.964  g   0.023  -0.061   0.013[0m
[1;32muart:~$ [m[8D[J[00:10:48.021,000] [0m<inf> imu: LSM6DSV16X   a   0.519  -6.088   8.301  g  -0.012   0.002  -0.003[0m
[1;32muart:~$ [m[8D[J[1;32muart:~$ [m[8D[J[00:10:48.021,000] [0m<inf> imu: ICM-42688-P  a   0.534  -6.284   7.681  g   0.001  -0.005   0.000[0m
[1;32muart:~$ [m[8D[J[00:10:48.122,000] [0m<inf> imu: LSM6DS3TR-C  a   0.216  -6.256   7.944  g   0.026  -0.063   0.011[0m
[1;32muart:~$ [m[8D[J[00:10:48.123,000] [0m<inf> imu: LSM6DSV16X   a   0.527  -6.083   8.301  g  -0.012   0.002  -0.002[0m
[1;32muart:~$ [m[8D[J[1;32muart:~$ [m[8D[J[00:10:48.124,000] [0m<inf> imu: ICM-42688-P  a   0.522  -6.282   7.678  g   0.000  -0.006   0.000[0m
[1;32muart:~$ [m[8D[J[00:10:48.225,000] [0m<inf> imu: LSM6DS3TR-C  a   0.211  -6.208   7.954  g   0.024  -0.063   0.011[0m
[1;32muart:~$ [m[8D[J[1;32muart:~$ [m[8D[J[00:10:48.226,000] [0m<inf> imu: LSM6DSV16X   a   0.531  -6.086   8.305  g  -0.011   0.002  -0.002[0m
[1;32muart:~$ [m[8D[J[00:10:48.227,000] [0m<inf> imu: ICM-42688-P  a   0.512  -6.285   7.679  g   0.000  -0.005  -0.001[0m
[1;32muart:~$ [m[8D[J[00:10:48.328,000] [0m<inf> imu: LSM6DS3TR-C  a   0.196  -6.215   7.927  g   0.024  -0.062   0.015[0m
[1;32muart:~$ [m[8D[J[1;32muart:~$ [m[8D[J[00:10:48.329,000] [0m<inf> imu: LSM6DSV16X   a   0.523  -6.085   8.289  g  -0.011   0.003  -0.003[0m
[1;32muart:~$ [m[8D[J[00:10:48.329,000] [0m<inf> imu: ICM-42688-P  a   0.521  -6.298   7.679  g   0.000  -0.005  -0.000[0m
[1;32muart:~$ [m[8D[J[00:10:48.430,000] [0m<inf> imu: LSM6DS3TR-C  a   0.250  -6.246   7.939  g   0.023  -0.063   0.013[0m
[1;32muart:~$ [m[8D[J[00:10:48.431,000] [0m<inf> imu: LSM6DSV16X   a   0.528  -6.090   8.304  g  -0.012   0.003  -0.002[0m
[1;32muart:~$ [m[8D[J[1;32muart:~$ [m[8D[J[00:10:48.431,000] [0m<inf> imu: ICM-42688-P  a   0.516  -6.291   7.678  g   0.001  -0.006  -0.000[0m
[1;32muart:~$ [m[8D[J[1;32muart:~$ [m[8D[J[00:10:48.532,000] [0m<inf> imu: LSM6DS3TR-C  a   0.229  -6.242   7.970  g   0.023  -0.062   0.012[0m
[1;32muart:~$ [m[8D[J[00:10:48.533,000] [0m<inf> imu: LSM6DSV16X   a   0.526  -6.081   8.298  g  -0.011   0.002  -0.002[0m
[1;32muart:~$ [m[8D[J[1;32muart:~$ [m[8D[J[00:10:48.534,000] [0m<inf> imu: ICM-42688-P  a   0.526  -6.290   7.687  g   0.001  -0.006  -0.001[0m
[1;32muart:~$ [m[8D[J[00:10:48.635,000] [0m<inf> imu: LSM6DS3TR-C  a   0.259  -6.240   7.942  g   0.023  -0.061   0.013[0m
[1;32muart:~$ [m[8D[J[1;32muart:~$ [m[8D[J[00:10:48.636,000] [0m<inf> imu: LSM6DSV16X   a   0.523  -6.086   8.297  g  -0.012   0.003  -0.002[0m
[1;32muart:~$ [m[8D[J[00:10:48.636,000] [0m<inf> imu: ICM-42688-P  a   0.514  -6.282   7.670  g  -0.000  -0.005  -0.001[0m
[1;32muart:~$ [m[8D[J[1;32muart:~$ [m[8D[J[00:10:48.737,000] [0m<inf> imu: LSM6DS3TR-C  a   0.236  -6.236   8.005  g   0.025  -0.062   0.011[0m
[1;32muart:~$ [m[8D[J[00:10:48.738,000] [0m<inf> imu: LSM6DSV16X   a   0.523  -6.088   8.301  g  -0.012   0.002  -0.003[0m
[1;32muart:~$ [m[8D[J[1;32muart:~$ [m[8D[J[00:10:48.739,000] [0m<inf> imu: ICM-42688-P  a   0.516  -6.288   7.684  g  -0.000  -0.005  -0.001[0m
[1;32muart:~$ [m[8D[J[00:10:48.840,000] [0m<inf> imu: LSM6DS3TR-C  a   0.248  -6.233   7.953  g   0.023  -0.064   0.014[0m
[1;32muart:~$ [m[8D[J[00:10:48.840,000] [0m<inf> imu: LSM6DSV16X   a   0.526  -6.086   8.305  g  -0.011   0.002  -0.003[0m
[1;32muart:~$ [m[8D[J[1;32muart:~$ [m[8D[J[00:10:48.841,000] [0m<inf> imu: ICM-42688-P  a   0.529  -6.282   7.677  g   0.001  -0.005   0.000[0m
[1;32muart:~$ [m[8D[J[00:10:48.943,000] [0m<inf> imu: LSM6DS3TR-C  a   0.240  -6.211   7.977  g   0.024  -0.062   0.011[0m
[1;32muart:~$ [m[8D[J[1;32muart:~$ [m[8D[J[00:10:48.944,000] [0m<inf> imu: LSM6DSV16X   a   0.524  -6.075   8.301  g  -0.011   0.002  -0.002[0m
[1;32muart:~$ [m[8D[J[00:10:48.944,000] [0m<inf> imu: ICM-42688-P  a   0.524  -6.287   7.689  g   0.001  -0.006   0.000[0m
[1;32muart:~$ [m[8D[J[00:10:49.045,000] [0m<inf> imu: LSM6DS3TR-C  a   0.220  -6.239   7.959  g   0.023  -0.061   0.014[0m
[1;32muart:~$ [m[8D[J[1;32muart:~$ [m[8D[J[00:10:49.046,000] [0m<inf> imu: LSM6DSV16X   a   0.524  -6.078   8.303  g  -0.012   0.002  -0.003[0m
[1;32muart:~$ [m[8D[J[00:10:49.046,000] [0m<inf> imu: ICM-42688-P  a   0.518  -6.286   7.678  g   0.000  -0.006  -0.001[0m
[1;32muart:~$ [m[8D[J[00:10:49.147,000] [0m<inf> imu: LSM6DS3TR-C  a   0.220  -6.229   7.969  g   0.023  -0.062   0.014[0m
[1;32muart:~$ [m[8D[J[00:10:49.148,000] [0m<inf> imu: LSM6DSV16X   a   0.531  -6.086   8.308  g  -0.011   0.002  -0.003[0m
[1;32muart:~$ [m[8D[J[1;32muart:~$ [m[8D[J[00:10:49.149,000] [0m<inf> imu: ICM-42688-P  a   0.521  -6.284   7.671  g   0.001  -0.005  -0.000[0m
[1;32muart:~$ [m[8D[J[1;32muart:~$ [m[8D[J[00:10:49.250,000] [0m<inf> imu: LSM6DS3TR-C  a   0.206  -6.243   7.948  g   0.024  -0.062   0.011[0m
[1;32muart:~$ [m[8D[J[00:10:49.250,000] [0m<inf> imu: LSM6DSV16X   a   0.525  -6.092   8.307  g  -0.011   0.003  -0.003[0m
[1;32muart:~$ [m[8D[J[1;32muart:~$ [m[8D[J[00:10:49.251,000] [0m<inf> imu: ICM-42688-P  a   0.521  -6.285   7.682  g   0.001  -0.005  -0.001[0m
[1;32muart:~$ [m[8D[J[00:10:49.352,000] [0m<inf> imu: LSM6DS3TR-C  a   0.222  -6.271   7.973  g   0.024  -0.062   0.011[0m
[1;32muart:~$ [m[8D[J[1;32muart:~$ [m[8D[J[00:10:49.353,000] [0m<inf> imu: LSM6DSV16X   a   0.526  -6.088   8.306  g  -0.012   0.002  -0.002[0m
[1;32muart:~$ [m[8D[J[00:10:49.353,000] [0m<inf> imu: ICM-42688-P  a   0.520  -6.276   7.689  g  -0.000  -0.005   0.000[0m
[1;32muart:~$ [m[8D[J[1;32muart:~$ [m[8D[J[00:10:49.454,000] [0m<inf> imu: LSM6DS3TR-C  a   0.211  -6.269   7.944  g   0.024  -0.061   0.014[0m
[1;32muart:~$ [m[8D[J[00:10:49.455,000] [0m<inf> imu: LSM6DSV16X   a   0.523  -6.086   8.303  g  -0.012   0.002  -0.002[0m
[1;32muart:~$ [m[8D[J[1;32muart:~$ [m[8D[J[00:10:49.456,000] [0m<inf> imu: ICM-42688-P  a   0.523  -6.279   7.687  g   0.000  -0.005  -0.001[0m
[1;32muart:~$ [m[8D[J[00:10:49.557,000] [0m<inf> imu: LSM6DS3TR-C  a   0.229  -6.218   7.966  g   0.025  -0.063   0.012[0m
[1;32muart:~$ [m[8D[J[00:10:49.557,000] [0m<inf> imu: LSM6DSV16X   a   0.529  -6.090   8.305  g  -0.011   0.002  -0.002[0m
[1;32muart:~$ [m[8D[J[1;32muart:~$ [m[8D[J[00:10:49.558,000] [0m<inf> imu: ICM-42688-P  a   0.516  -6.288   7.675  g  -0.000  -0.005   0.001[0m
[1;32muart:~$ [m[8D[J[00:10:49.660,000] [0m<inf> imu: LSM6DS3TR-C  a   0.221  -6.240   7.960  g   0.024  -0.063   0.013[0m
[1;32muart:~$ [m[8D[J[1;32muart:~$ [m[8D[J[00:10:49.660,000] [0m<inf> imu: LSM6DSV16X   a   0.524  -6.078   8.299  g  -0.012   0.002  -0.003[0m
[1;32muart:~$ [m[8D[J[00:10:49.661,000] [0m<inf> imu: ICM-42688-P  a   0.515  -6.290   7.665  g   0.001  -0.006  -0.001[0m
[1;32muart:~$ [m[8D[J[00:10:49.762,000] [0m<inf> imu: LSM6DS3TR-C  a   0.231  -6.251   7.959  g   0.024  -0.063   0.013[0m
[1;32muart:~$ [m[8D[J[1;32muart:~$ [m[8D[J[00:10:49.763,000] [0m<inf> imu: LSM6DSV16X   a   0.514  -6.087   8.295  g  -0.011   0.002  -0.002[0m
[1;32muart:~$ [m[8D[J[00:10:49.764,000] [0m<inf> imu: ICM-42688-P  a   0.521  -6.293   7.673  g   0.000  -0.005   0.000[0m
[1;32muart:~$ [m[8D[J[00:10:49.865,000] [0m<inf> imu: LSM6DS3TR-C  a   0.223  -6.253   7.972  g   0.026  -0.061   0.013[0m
[1;32muart:~$ [m[8D[J[00:10:49.865,000] [0m<inf> imu: LSM6DSV16X   a   0.526  -6.084   8.297  g  -0.012   0.002  -0.003[0m
[1;32muart:~$ [m[8D[J[1;32muart:~$ [m[8D[J[00:10:49.866,000] [0m<inf> imu: ICM-42688-P  a   0.518  -6.282   7.679  g   0.000  -0.005   0.000[0m
[1;32muart:~$ [m[8D[J[1;32muart:~$ [m[8D[J[00:10:49.967,000] [0m<inf> imu: LSM6DS3TR-C  a   0.239  -6.269   7.957  g   0.024  -0.061   0.013[0m
[1;32muart:~$ [m[8D[J[00:10:49.968,000] [0m<inf> imu: LSM6DSV16X   a   0.522  -6.083   8.300  g  -0.011   0.002  -0.002[0m
[1;32muart:~$ [m[8D[J[1;32muart:~$ [m[8D[J[00:10:49.968,000] [0m<inf> imu: ICM-42688-P  a   0.515  -6.293   7.667  g   0.000  -0.005  -0.001[0m
[1;32muart:~$ [m[8D[J[00:10:50.069,000] [0m<inf> imu: LSM6DS3TR-C  a   0.243  -6.249   7.953  g   0.024  -0.063   0.013[0m
[1;32muart:~$ [m[8D[J[1;32muart:~$ [m[8D[J[00:10:50.070,000] [0m<inf> imu: LSM6DSV16X   a   0.524  -6.090   8.314  g  -0.012   0.002  -0.003[0m
[1;32muart:~$ [m[8D[J[00:10:50.071,000] [0m<inf> imu: ICM-42688-P  a   0.534  -6.286   7.683  g   0.001  -0.005  -0.001[0m
[1;32muart:~$ [m[8D[J[1;32muart:~$ [m[8D[J[00:10:50.172,000] [0m<inf> imu: LSM6DS3TR-C  a   0.230  -6.287   7.944  g   0.024  -0.060   0.011[0m
[1;32muart:~$ [m[8D[J[00:10:50.172,000] [0m<inf> imu: LSM6DSV16X   a   0.531  -6.086   8.301  g  -0.013   0.002  -0.003[0m
[1;32muart:~$ [m[8D[J[00:10:50.173,000] [0m<inf> imu: ICM-42688-P  a   0.524  -6.278   7.681  g   0.000  -0.005  -0.001[0m
[1;32muart:~$ [m[8D[J[1;32muart:~$ [m[8D[J[00:10:50.274,000] [0m<inf> imu: LSM6DS3TR-C  a   0.237  -6.227   7.970  g   0.024  -0.060   0.014[0m
[1;32muart:~$ [m[8D[J[00:10:50.275,000] [0m<inf> imu: LSM6DSV16X   a   0.524  -6.085   8.310  g  -0.011   0.002  -0.003[0m
[1;32muart:~$ [m[8D[J[1;32muart:~$ [m[8D[J[00:10:50.275,000] [0m<inf> imu: ICM-42688-P  a   0.504  -6.291   7.678  g   0.001  -0.005  -0.001[0m
[1;32muart:~$ [m[8D[J[00:10:50.376,000] [0m<inf> imu: LSM6DS3TR-C  a   0.216  -6.226   7.971  g   0.024  -0.062   0.012[0m
[1;32muart:~$ [m[8D[J[00:10:50.378,000] [0m<inf> imu: LSM6DSV16X   a   0.525  -6.087   8.300  g  -0.011   0.002  -0.002[0m
[1;32muart:~$ [m[8D[J[1;32muart:~$ [m[8D[J[00:10:50.379,000] [0m<inf> imu: ICM-42688-P  a   0.512  -6.296   7.679  g  -0.000  -0.006  -0.001[0m
[1;32muart:~$ [m[8D[J[00:10:50.481,000] [0m<inf> imu: LSM6DS3TR-C  a   0.224  -6.254   8.002  g   0.024  -0.062   0.012[0m
[1;32muart:~$ [m[8D[J[1;32muart:~$ [m[8D[J[00:10:50.481,000] [0m<inf> imu: LSM6DSV16X   a   0.524  -6.087   8.305  g  -0.011   0.002  -0.003[0m
[1;32muart:~$ [m[8D[J[00:10:50.482,000] [0m<inf> imu: ICM-42688-P  a   0.521  -6.287   7.682  g   0.001  -0.005  -0.001[0m
[1;32muart:~$ [m[8D[J[1;32muart:~$ [m[8D[J[00:10:50.584,000] [0m<inf> imu: LSM6DS3TR-C  a   0.261  -6.219   7.983  g   0.022  -0.062   0.011[0m
[1;32muart:~$ [m[8D[J[00:10:50.585,000] [0m<inf> imu: LSM6DSV16X   a   0.526  -6.089   8.300  g  -0.011   0.002  -0.003[0m
[1;32muart:~$ [m[8D[J[1;32muart:~$ [m[8D[J[00:10:50.586,000] [0m<inf> imu: ICM-42688-P  a   0.521  -6.292   7.666  g   0.001  -0.005  -0.001[0m
[1;32muart:~$ [m[8D[J[00:10:50.687,000] [0m<inf> imu: LSM6DS3TR-C  a   0.247  -6.212   7.937  g   0.023  -0.061   0.009[0m
[1;32muart:~$ [m[8D[J[1;32muart:~$ [m[8D[J[00:10:50.688,000] [0m<inf> imu: LSM6DSV16X   a   0.520  -6.080   8.303  g  -0.012   0.002  -0.003[0m
[1;32muart:~$ [m[8D[J[00:10:50.688,000] [0m<inf> imu: ICM-42688-P  a   0.522  -6.275   7.687  g   0.001  -0.005  -0.000[0m
[1;32muart:~$ [m[8D[J[1;32muart:~$ [m[8D[J[00:10:50.789,000] [0m<inf> imu: LSM6DS3TR-C  a   0.215  -6.230   8.012  g   0.024  -0.061   0.013[0m
[1;32muart:~$ [m[8D[J[00:10:50.790,000] [0m<inf> imu: LSM6DSV16X   a   0.533  -6.080   8.304  g  -0.011   0.001  -0.002[0m
[1;32muart:~$ [m[8D[J[1;32muart:~$ [m[8D[J[00:10:50.791,000] [0m<inf> imu: ICM-42688-P  a   0.522  -6.294   7.681  g   0.000  -0.004  -0.000[0m
[1;32muart:~$ [m[8D[J[00:10:50.892,000] [0m<inf> imu: LSM6DS3TR-C  a   0.213  -6.226   7.958  g   0.023  -0.063   0.011[0m
[1;32muart:~$ [m[8D[J[00:10:50.892,000] [0m<inf> imu: LSM6DSV16X   a   0.529  -6.080   8.296  g  -0.011   0.001  -0.003[0m
[1;32muart:~$ [m[8D[J[1;32muart:~$ [m[8D[J[00:10:50.893,000] [0m<inf> imu: ICM-42688-P  a   0.527  -6.294   7.670  g   0.000  -0.006  -0.001[0m
[1;32muart:~$ [m[8D[J[00:10:50.995,000] [0m<inf> imu: LSM6DS3TR-C  a   0.231  -6.200   7.940  g   0.024  -0.062   0.011[0m
[1;32muart:~$ [m[8D[J[1;32muart:~$ [m[8D[J[00:10:50.996,000] [0m<inf> imu: LSM6DSV16X   a   0.523  -6.085   8.305  g  -0.012   0.002  -0.003[0m
[1;32muart:~$ [m[8D[J[00:10:50.996,000] [0m<inf> imu: ICM-42688-P  a   0.516  -6.282   7.679  g   0.000  -0.006  -0.001[0m
[1;32muart:~$ [m[8D[J[00:10:51.097,000] [0m<inf> imu: LSM6DS3TR-C  a   0.237  -6.216   7.960  g   0.023  -0.061   0.013[0m
[1;32muart:~$ [m[8D[J[1;32muart:~$ [m[8D[J[00:10:51.098,000] [0m<inf> imu: LSM6DSV16X   a   0.533  -6.075   8.299  g  -0.012   0.003  -0.003[0m
[1;32muart:~$ [m[8D[J[00:10:51.099,000] [0m<inf> imu: ICM-42688-P  a   0.521  -6.298   7.672  g   0.000  -0.005   0.000[0m
[1;32muart:~$ [m[8D[J[00:10:51.200,000] [0m<inf> imu: LSM6DS3TR-C  a   0.246  -6.268   7.938  g   0.025  -0.062   0.011[0m
[1;32muart:~$ [m[8D[J[00:10:51.200,000] [0m<inf> imu: LSM6DSV16X   a   0.529  -6.098   8.298  g  -0.011   0.002  -0.003[0m
[1;32muart:~$ [m[8D[J[1;32muart:~$ [m[8D[J[00:10:51.201,000] [0m<inf> imu: ICM-42688-P  a   0.511  -6.304   7.673  g   0.000  -0.006  -0.001[0m
[1;32muart:~$ [m[8D[J[1;32muart:~$ [m[8D[J[00:10:51.302,000] [0m<inf> imu: LSM6DS3TR-C  a   0.240  -6.226   7.951  g   0.025  -0.061   0.013[0m
[1;32muart:~$ [m[8D[J[00:10:51.303,000] [0m<inf> imu: LSM6DSV16X   a   0.526  -6.090   8.306  g  -0.012   0.002  -0.002[0m
[1;32muart:~$ [m[8D[J[1;32muart:~$ [m[8D[J[00:10:51.303,000] [0m<inf> imu: ICM-42688-P  a   0.523  -6.286   7.684  g   0.000  -0.005  -0.001[0m
[1;32muart:~$ [m[8D[J[00:10:51.404,000] [0m<inf> imu: LSM6DS3TR-C  a   0.233  -6.212   7.936  g   0.023  -0.064   0.013[0m
[1;32muart:~$ [m[8D[J[1;32muart:~$ [m[8D[J[00:10:51.405,000] [0m<inf> imu: LSM6DSV16X   a   0.528  -6.090   8.303  g  -0.011   0.003  -0.003[0m
[1;32muart:~$ [m[8D[J[00:10:51.406,000] [0m<inf> imu: ICM-42688-P  a   0.526  -6.298   7.679  g   0.000  -0.006   0.000[0m
[1;32muart:~$ [m[8D[J[1;32muart:~$ [m[8D[J[00:10:51.507,000] [0m<inf> imu: LSM6DS3TR-C  a   0.195  -6.230   7.948  g   0.024  -0.064   0.012[0m
[1;32muart:~$ [m[8D[J[00:10:51.507,000] [0m<inf> imu: LSM6DSV16X   a   0.521  -6.090   8.298  g  -0.012   0.002  -0.003[0m
[1;32muart:~$ [m[8D[J[1;32muart:~$ [m[8D[J[00:10:51.508,000] [0m<inf> imu: ICM-42688-P  a   0.517  -6.290   7.687  g   0.000  -0.006  -0.001[0m
[1;32muart:~$ [m[8D[J[00:10:51.609,000] [0m<inf> imu: LSM6DS3TR-C  a   0.199  -6.260   7.942  g   0.024  -0.061   0.013[0m
[1;32muart:~$ [m[8D[J[00:10:51.610,000] [0m<inf> imu: LSM6DSV16X   a   0.522  -6.085   8.296  g  -0.012   0.002  -0.002[0m
[1;32muart:~$ [m[8D[J[1;32muart:~$ [m[8D[J[00:10:51.610,000] [0m<inf> imu: ICM-42688-P  a   0.514  -6.290   7.665  g   0.000  -0.005   0.000[0m
[1;32muart:~$ [m[8D[J[00:10:51.712,000] [0m<inf> imu: LSM6DS3TR-C  a   0.215  -6.242   7.999  g   0.024  -0.061   0.013[0m
[1;32muart:~$ [m[8D[J[1;32muart:~$ [m[8D[J[00:10:51.713,000] [0m<inf> imu: LSM6DSV16X   a   0.521  -6.083   8.302  g  -0.012   0.002  -0.003[0m
[1;32muart:~$ [m[8D[J[00:10:51.714,000] [0m<inf> imu: ICM-42688-P  a   0.529  -6.285   7.673  g   0.000  -0.006  -0.001[0m
[1;32muart:~$ [m[8D[J[00:10:51.815,000] [0m<inf> imu: LSM6DS3TR-C  a   0.217  -6.220   7.977  g   0.025  -0.063   0.012[0m
[1;32muart:~$ [m[8D[J[1;32muart:~$ [m[8D[J[00:10:51.816,000] [0m<inf> imu: LSM6DSV16X   a   0.524  -6.084   8.303  g  -0.011   0.002  -0.003[0m
[1;32muart:~$ [m[8D[J[00:10:51.816,000] [0m<inf> imu: ICM-42688-P  a   0.509  -6.280   7.677  g   0.001  -0.005  -0.001[0m
[1;32muart:~$ [m[8D[J[00:10:51.917,000] [0m<inf> imu: LSM6DS3TR-C  a   0.249  -6.232   7.964  g   0.023  -0.062   0.012[0m
[1;32muart:~$ [m[8D[J[00:10:51.918,000] [0m<inf> imu: LSM6DSV16X   a   0.522  -6.085   8.298  g  -0.011   0.002  -0.003[0m
[1;32muart:~$ [m[8D[J[1;32muart:~$ [m[8D[J[00:10:51.918,000] [0m<inf> imu: ICM-42688-P  a   0.529  -6.290   7.687  g  -0.000  -0.006  -0.001[0m
[1;32muart:~$ [m[8D[J[1;32muart:~$ [m[8D[J[00:10:52.020,000] [0m<inf> imu: LSM6DS3TR-C  a   0.241  -6.255   7.901  g   0.024  -0.063   0.012[0m
[1;32muart:~$ [m[8D[J[00:10:52.020,000] [0m<inf> imu: LSM6DSV16X   a   0.533  -6.078   8.305  g  -0.012   0.002  -0.003[0m
[1;32muart:~$ [m[8D[J[1;32muart:~$ [m[8D[J[00:10:52.021,000] [0m<inf> imu: ICM-42688-P  a   0.512  -6.293   7.682  g   0.001  -0.006  -0.001[0m
[1;32muart:~$ [m[8D[J[00:10:52.122,000] [0m<inf> imu: LSM6DS3TR-C  a   0.216  -6.270   7.942  g   0.023  -0.063   0.013[0m
[1;32muart:~$ [m[8D[J[1;32muart:~$ [m[8D[J[00:10:52.123,000] [0m<inf> imu: LSM6DSV16X   a   0.524  -6.081   8.305  g  -0.012   0.002  -0.002[0m
[1;32muart:~$ [m[8D[J[00:10:52.123,000] [0m<inf> imu: ICM-42688-P  a   0.504  -6.290   7.682  g  -0.000  -0.005   0.000[0m
[1;32muart:~$ [m[8D[J[1;32muart:~$ [m[8D[J[00:10:52.224,000] [0m<inf> imu: LSM6DS3TR-C  a   0.229  -6.231   7.960  g   0.024  -0.063   0.012[0m
[1;32muart:~$ [m[8D[J[00:10:52.225,000] [0m<inf> imu: LSM6DSV16X   a   0.527  -6.083   8.299  g  -0.011   0.002  -0.003[0m
[1;32muart:~$ [m[8D[J[1;32muart:~$ [m[8D[J[00:10:52.225,000] [0m<inf> imu: ICM-42688-P  a   0.506  -6.287   7.677  g   0.000  -0.005  -0.001[0m
[1;32muart:~$ [m[8D[J[00:10:52.326,000] [0m<inf> imu: LSM6DS3TR-C  a   0.224  -6.233   7.929  g   0.022  -0.060   0.011[0m
[1;32muart:~$ [m[8D[J[00:10:52.327,000] [0m<inf> imu: LSM6DSV16X   a   0.527  -6.086   8.293  g  -0.012   0.002  -0.002[0m
[1;32muart:~$ [m[8D[J[1;32muart:~$ [m[8D[J[00:10:52.328,000] [0m<inf> imu: ICM-42688-P  a   0.524  -6.290   7.675  g   0.001  -0.004  -0.001[0m
[1;32muart:~$ [m[8D[J[00:10:52.429,000] [0m<inf> imu: LSM6DS3TR-C  a   0.235  -6.269   7.951  g   0.024  -0.062   0.013[0m
[1;32muart:~$ [m[8D[J[1;32muart:~$ [m[8D[J[00:10:52.430,000] [0m<inf> imu: LSM6DSV16X   a   0.524  -6.086   8.299  g  -0.011   0.002  -0.003[0m
[1;32muart:~$ [m[8D[J[00:10:52.431,000] [0m<inf> imu: ICM-42688-P  a   0.508  -6.292   7.689  g   0.001  -0.006  -0.000[0m
[1;32muart:~$ [m[8D[J[00:10:52.532,000] [0m<inf> imu: LSM6DS3TR-C  a   0.249  -6.251   8.002  g   0.025  -0.063   0.012[0m
[1;32muart:~$ [m[8D[J[1;32muart:~$ [m[8D[J[00:10:52.533,000] [0m<inf> imu: LSM6DSV16X   a   0.524  -6.092   8.297  g  -0.012   0.002  -0.003[0m
[1;32muart:~$ [m[8D[J[00:10:52.533,000] [0m<inf> imu: ICM-42688-P  a   0.526  -6.286   7.672  g   0.001  -0.006   0.000[0m
[1;32muart:~$ [m[8D[J[00:10:52.634,000] [0m<inf> imu: LSM6DS3TR-C  a   0.236  -6.236   7.956  g   0.024  -0.061   0.011[0m
[1;32muart:~$ [m[8D[J[00:10:52.635,000] [0m<inf> imu: LSM6DSV16X   a   0.525  -6.085   8.313  g  -0.011   0.002  -0.003[0m
[1;32muart:~$ [m[8D[J[1;32muart:~$ [m[8D[J[00:10:52.635,000] [0m<inf> imu: ICM-42688-P  a   0.524  -6.286   7.687  g   0.001  -0.005  -0.001[0m
[1;32muart:~$ [m[8D[J[1;32muart:~$ [m[8D[J[00:10:52.737,000] [0m<inf> imu: LSM6DS3TR-C  a   0.227  -6.218   7.950  g   0.021  -0.062   0.013[0m
[1;32muart:~$ [m[8D[J[00:10:52.737,000] [0m<inf> imu: LSM6DSV16X   a   0.528  -6.083   8.301  g  -0.012   0.002  -0.002[0m
[1;32muart:~$ [m[8D[J[1;32muart:~$ [m[8D[J[00:10:52.738,000] [0m<inf> imu: ICM-42688-P  a   0.496  -6.285   7.669  g   0.001  -0.006   0.000[0m
[1;32muart:~$ [m[8D[J[00:10:52.839,000] [0m<inf> imu: LSM6DS3TR-C  a   0.238  -6.231   7.910  g   0.025  -0.061   0.012[0m
[1;32muart:~$ [m[8D[J[1;32muart:~$ [m[8D[J[00:10:52.840,000] [0m<inf> imu: LSM6DSV16X   a   0.523  -6.085   8.286  g  -0.012   0.002  -0.003[0m
[1;32muart:~$ [m[8D[J[00:10:52.840,000] [0m<inf> imu: ICM-42688-P  a   0.517  -6.282   7.673  g   0.001  -0.006  -0.001[0m
[1;32muart:~$ [m[8D[J[1;32muart:~$ [m[8D[J[00:10:52.941,000] [0m<inf> imu: LSM6DS3TR-C  a   0.232  -6.247   7.949  g   0.024  -0.062   0.013[0m
[1;32muart:~$ [m[8D[J[00:10:52.942,000] [0m<inf> imu: LSM6DSV16X   a   0.524  -6.083   8.298  g  -0.011   0.002  -0.003[0m
[1;32muart:~$ [m[8D[J[1;32muart:~$ [m[8D[J[00:10:52.943,000] [0m<inf> imu: ICM-42688-P  a   0.511  -6.292   7.673  g   0.001  -0.005  -0.001[0m
[1;32muart:~$ [m[8D[J[00:10:53.044,000] [0m<inf> imu: LSM6DS3TR-C  a   0.241  -6.230   7.939  g   0.024  -0.060   0.014[0m
[1;32muart:~$ [m[8D[J[00:10:53.044,000] [0m<inf> imu: LSM6DSV16X   a   0.522  -6.085   8.291  g  -0.011   0.002  -0.002[0m
[1;32muart:~$ [m[8D[J[1;32muart:~$ [m[8D[J[00:10:53.045,000] [0m<inf> imu: ICM-42688-P  a   0.524  -6.290   7.688  g  -0.000  -0.005  -0.001[0m
[1;32muart:~$ [m[8D[J[00:10:53.146,000] [0m<inf> imu: LSM6DS3TR-C  a   0.201  -6.261   7.918  g   0.026  -0.065   0.012[0m
[1;32muart:~$ [m[8D[J[1;32muart:~$ [m[8D[J[00:10:53.147,000] [0m<inf> imu: LSM6DSV16X   a   0.524  -6.088   8.303  g  -0.011   0.002  -0.003[0m
[1;32muart:~$ [m[8D[J[00:10:53.148,000] [0m<inf> imu: ICM-42688-P  a   0.521  -6.288   7.683  g   0.000  -0.006  -0.000[0m
[1;32muart:~$ [m[8D[J[00:10:53.249,000] [0m<inf> imu: LSM6DS3TR-C  a   0.215  -6.252   7.967  g   0.024  -0.062   0.013[0m
[1;32muart:~$ [m[8D[J[1;32muart:~$ [m[8D[J[00:10:53.250,000] [0m<inf> imu: LSM6DSV16X   a   0.529  -6.083   8.305  g  -0.011   0.002  -0.002[0m
[1;32muart:~$ [m[8D[J[00:10:53.250,000] [0m<inf> imu: ICM-42688-P  a   0.527  -6.273   7.691  g   0.000  -0.006   0.000[0m
[1;32muart:~$ [m[8D[J[00:10:53.352,000] [0m<inf> imu: LSM6DS3TR-C  a   0.214  -6.258   7.967  g   0.024  -0.062   0.012[0m
[1;32muart:~$ [m[8D[J[00:10:53.352,000] [0m<inf> imu: LSM6DSV16X   a   0.519  -6.086   8.310  g  -0.011   0.002  -0.003[0m
[1;32muart:~$ [m[8D[J[1;32muart:~$ [m[8D[J[00:10:53.353,000] [0m<inf> imu: ICM-42688-P  a   0.502  -6.291   7.678  g  -0.000  -0.006  -0.001[0m
[1;32muart:~$ [m[8D[J[1;32muart:~$ [m[8D[J[00:10:53.454,000] [0m<inf> imu: LSM6DS3TR-C  a   0.236  -6.233   7.981  g   0.024  -0.060   0.013[0m
[1;32muart:~$ [m[8D[J[00:10:53.455,000] [0m<inf> imu: LSM6DSV16X   a   0.525  -6.080   8.296  g  -0.010   0.002  -0.003[0m
[1;32muart:~$ [m[8D[J[1;32muart:~$ [m[8D[J[00:10:53.455,000] [0m<inf> imu: ICM-42688-P  a   0.516  -6.290   7.679  g   0.000  -0.005  -0.000[0m
[1;32muart:~$ [m[8D[J[00:10:53.556,000] [0m<inf> imu: LSM6DS3TR-C  a   0.224  -6.215   7.988  g   0.022  -0.062   0.012[0m
[1;32muart:~$ [m[8D[J[1;32muart:~$ [m[8D[J[00:10:53.557,000] [0m<inf> imu: LSM6DSV16X   a   0.526  -6.083   8.294  g  -0.011   0.002  -0.003[0m
[1;32muart:~$ [m[8D[J[00:10:53.558,000] [0m<inf> imu: ICM-42688-P  a   0.521  -6.287   7.687  g   0.000  -0.005  -0.001[0m
[1;32muart:~$ [m[8D[J[1;32muart:~$ [m[8D[J[00:10:53.659,000] [0m<inf> imu: LSM6DS3TR-C  a   0.236  -6.209   7.957  g   0.023  -0.061   0.012[0m
[1;32muart:~$ [m[8D[J[00:10:53.659,000] [0m<inf> imu: LSM6DSV16X   a   0.529  -6.085   8.297  g  -0.012   0.002  -0.003[0m
[1;32muart:~$ [m[8D[J[1;32muart:~$ [m[8D[J[00:10:53.660,000] [0m<inf> imu: ICM-42688-P  a   0.528  -6.282   7.675  g   0.001  -0.005  -0.000[0m
[1;32muart:~$ [m[8D[J[00:10:53.761,000] [0m<inf> imu: LSM6DS3TR-C  a   0.236  -6.240   7.978  g   0.024  -0.061   0.013[0m
[1;32muart:~$ [m[8D[J[00:10:53.762,000] [0m<inf> imu: LSM6DSV16X   a   0.522  -6.083   8.294  g  -0.012   0.002  -0.003[0m
[1;32muart:~$ [m[8D[J[1;32muart:~$ [m[8D[J[00:10:53.762,000] [0m<inf> imu: ICM-42688-P  a   0.517  -6.285   7.677  g   0.001  -0.005  -0.001[0m
[1;32muart:~$ [m[8D[J[00:10:53.864,000] [0m<inf> imu: LSM6DS3TR-C  a   0.207  -6.278   7.961  g   0.024  -0.061   0.011[0m
[1;32muart:~$ [m[8D[J[00:10:53.865,000] [0m<inf> imu: LSM6DSV16X   a   0.526  -6.085   8.303  g  -0.011   0.002  -0.002[0m
[1;32muart:~$ [m[8D[J[1;32muart:~$ [m[8D[J[00:10:53.866,000] [0m<inf> imu: ICM-42688-P  a   0.523  -6.284   7.689  g   0.000  -0.005  -0.000[0m
[1;32muart:~$ [m[8D[J[00:10:53.967,000] [0m<inf> imu: LSM6DS3TR-C  a   0.255  -6.302   7.954  g   0.024  -0.062   0.010[0m
[1;32muart:~$ [m[8D[J[1;32muart:~$ [m[8D[J[00:10:53.968,000] [0m<inf> imu: LSM6DSV16X   a   0.526  -6.089   8.299  g  -0.011   0.002  -0.003[0m
[1;32muart:~$ [m[8D[J[00:10:53.968,000] [0m<inf> imu: ICM-42688-P  a   0.523  -6.293   7.673  g   0.000  -0.006  -0.001[0m
[1;32muart:~$ [m[8D[J[1;32muart:~$ [m[8D[J[00:10:54.070,000] [0m<inf> imu: LSM6DS3TR-C  a   0.218  -6.269   7.956  g   0.025  -0.062   0.013[0m
[1;32muart:~$ [m[8D[J[00:10:54.071,000] [0m<inf> imu: LSM6DSV16X   a   0.532  -6.083   8.299  g  -0.011   0.002  -0.002[0m
[1;32muart:~$ [m[8D[J[00:10:54.072,000] [0m<inf> imu: ICM-42688-P  a   0.515  -6.292   7.682  g   0.000  -0.005  -0.001[0m
[1;32muart:~$ [m[8D[J[00:10:54.173,000] [0m<inf> imu: LSM6DS3TR-C  a   0.247  -6.279   7.963  g   0.024  -0.061   0.011[0m
[1;32muart:~$ [m[8D[J[1;32muart:~$ [m[8D[J[00:10:54.174,000] [0m<inf> imu: LSM6DSV16X   a   0.527  -6.077   8.298  g  -0.012   0.002  -0.003[0m
[1;32muart:~$ [m[8D[J[00:10:54.174,000] [0m<inf> imu: ICM-42688-P  a   0.520  -6.275   7.683  g   0.001  -0.006  -0.000[0m
[1;32muart:~$ [m[8D[J[1;32muart:~$ [m[8D[J[00:10:54.275,000] [0m<inf> imu: LSM6DS3TR-C  a   0.249  -6.237   7.991  g   0.024  -0.062   0.013[0m
[1;32muart:~$ [m[8D[J[00:10:54.276,000] [0m<inf> imu: LSM6DSV16X   a   0.527  -6.078   8.291  g  -0.013   0.002  -0.002[0m
[1;32muart:~$ [m[8D[J[1;32muart:~$ [m[8D[J[00:10:54.277,000] [0m<inf> imu: ICM-42688-P  a   0.514  -6.294   7.693  g  -0.001  -0.006  -0.001[0m
[1;32muart:~$ [m[8D[J[00:10:54.378,000] [0m<inf> imu: LSM6DS3TR-C  a   0.211  -6.252   8.002  g   0.025  -0.062   0.014[0m
[1;32muart:~$ [m[8D[J[1;32muart:~$ [m[8D[J[00:10:54.378,000] [0m<inf> imu: LSM6DSV16X   a   0.526  -6.084   8.308  g  -0.012   0.003  -0.003[0m
[1;32muart:~$ [m[8D[J[00:10:54.379,000] [0m<inf> imu: ICM-42688-P  a   0.514  -6.288   7.683  g   0.000  -0.005   0.001[0m
[1;32muart:~$ [m[8D[J[00:10:54.481,000] [0m<inf> imu: LSM6DS3TR-C  a   0.224  -6.243   8.010  g   0.024  -0.063   0.012[0m
[1;32muart:~$ [m[8D[J[00:10:54.482,000] [0m<inf> imu: LSM6DSV16X   a   0.520  -6.088   8.295  g  -0.012   0.002  -0.003[0m
[1;32muart:~$ [m[8D[J[00:10:54.483,000] [0m<inf> imu: ICM-42688-P  a   0.512  -6.288   7.678  g   0.000  -0.005   0.000[0m
[1;32muart:~$ [m[8D[J[1;32muart:~$ [m[8D[J[00:10:54.584,000] [0m<inf> imu: LSM6DS3TR-C  a   0.239  -6.272   7.952  g   0.025  -0.060   0.013[0m
[1;32muart:~$ [m[8D[J[00:10:54.584,000] [0m<inf> imu: LSM6DSV16X   a   0.526  -6.087   8.308  g  -0.011   0.002  -0.002[0m
[1;32muart:~$ [m[8D[J[1;32muart:~$ [m[8D[J[00:10:54.585,000] [0m<inf> imu: ICM-42688-P  a   0.526  -6.290   7.688  g   0.001  -0.006  -0.001[0m
[1;32muart:~$ [m[8D[J[00:10:54.686,000] [0m<inf> imu: LSM6DS3TR-C  a   0.218  -6.239   7.973  g   0.024  -0.060   0.012[0m
[1;32muart:~$ [m[8D[J[1;32muart:~$ [m[8D[J[00:10:54.687,000] [0m<inf> imu: LSM6DSV16X   a   0.528  -6.084   8.301  g  -0.011   0.002  -0.002[0m
[1;32muart:~$ [m[8D[J[00:10:54.687,000] [0m<inf> imu: ICM-42688-P  a   0.518  -6.279   7.661  g  -0.000  -0.005  -0.001[0m
[1;32muart:~$ [m[8D[J[1;32muart:~$ [m[8D[J[00:10:54.788,000] [0m<inf> imu: LSM6DS3TR-C  a   0.238  -6.240   7.948  g   0.026  -0.063   0.012[0m
[1;32muart:~$ [m[8D[J[00:10:54.789,000] [0m<inf> imu: LSM6DSV16X   a   0.522  -6.087   8.303  g  -0.011   0.002  -0.003[0m
[1;32muart:~$ [m[8D[J[1;32muart:~$ [m[8D[J[00:10:54.790,000] [0m<inf> imu: ICM-42688-P  a   0.518  -6.292   7.666  g  -0.001  -0.006   0.000[0m
[1;32muart:~$ [m[8D[J[00:10:54.891,000] [0m<inf> imu: LSM6DS3TR-C  a   0.227  -6.255   7.947  g   0.024  -0.063   0.013[0m
[1;32muart:~$ [m[8D[J[1;32muart:~$ [m[8D[J[00:10:54.891,000] [0m<inf> imu: LSM6DSV16X   a   0.524  -6.083   8.301  g  -0.011   0.002  -0.002[0m
[1;32muart:~$ [m[8D[J[00:10:54.892,000] [0m<inf> imu: ICM-42688-P  a   0.521  -6.284   7.681  g   0.000  -0.006   0.000[0m
[1;32muart:~$ [m[8D[J[1;32muart:~$ [m[8D[J[00:10:54.993,000] [0m<inf> imu: LSM6DS3TR-C  a   0.209  -6.193   7.978  g   0.026  -0.063   0.013[0m
[1;32muart:~$ [m[8D[J[00:10:54.994,000] [0m<inf> imu: LSM6DSV16X   a   0.520  -6.087   8.293  g  -0.011   0.003  -0.003[0m
[1;32muart:~$ [m[8D[J[1;32muart:~$ [m[8D[J[00:10:54.994,000] [0m<inf> imu: ICM-42688-P  a   0.515  -6.290   7.687  g   0.000  -0.005  -0.001[0m
[1;32muart:~$ [m[8D[J[00:10:55.095,000] [0m<inf> imu: LSM6DS3TR-C  a   0.239  -6.212   7.981  g   0.025  -0.063   0.010[0m
[1;32muart:~$ [m[8D[J[00:10:55.096,000] [0m<inf> imu: LSM6DSV16X   a   0.527  -6.087   8.303  g  -0.012   0.002  -0.003[0m
[1;32muart:~$ [m[8D[J[1;32muart:~$ [m[8D[J[00:10:55.096,000] [0m<inf> imu: ICM-42688-P  a   0.512  -6.285   7.678  g   0.001  -0.005  -0.001[0m
[1;32muart:~$ [m[8D[J[00:10:55.198,000] [0m<inf> imu: LSM6DS3TR-C  a   0.243  -6.235   7.973  g   0.024  -0.062   0.012[0m
[1;32muart:~$ [m[8D[J[1;32muart:~$ [m[8D[J[00:10:55.199,000] [0m<inf> imu: LSM6DSV16X   a   0.525  -6.080   8.303  g  -0.012   0.003  -0.002[0m
[1;32muart:~$ [m[8D[J[00:10:55.199,000] [0m<inf> imu: ICM-42688-P  a   0.512  -6.290   7.684  g  -0.000  -0.005  -0.001[0m
[1;32muart:~$ [m[8D[J[00:10:55.301,000] [0m<inf> imu: LSM6DS3TR-C  a   0.244  -6.224   7.987  g   0.026  -0.062   0.012[0m
[1;32muart:~$ [m[8D[J[1;32muart:~$ [m[8D[J[00:10:55.302,000] [0m<inf> imu: LSM6DSV16X   a   0.525  -6.085   8.304  g  -0.011   0.001  -0.002[0m
[1;32muart:~$ [m[8D[J[00:10:55.302,000] [0m<inf> imu: ICM-42688-P  a   0.523  -6.296   7.678  g   0.000  -0.005  -0.001[0m
[1;32muart:~$ [m[8D[J[00:10:55.403,000] [0m<inf> imu: LSM6DS3TR-C  a   0.222  -6.242   8.004  g   0.024  -0.059   0.012[0m
[1;32muart:~$ [m[8D[J[00:10:55.404,000] [0m<inf> imu: LSM6DSV16X   a   0.528  -6.087   8.302  g  -0.011   0.002  -0.003[0m
[1;32muart:~$ [m[8D[J[1;32muart:~$ [m[8D[J[00:10:55.404,000] [0m<inf> imu: ICM-42688-P  a   0.529  -6.282   7.664  g   0.000  -0.006  -0.001[0m
[1;32muart:~$ [m[8D[J[1;32muart:~$ [m[8D[J[00:10:55.505,000] [0m<inf> imu: LSM6DS3TR-C  a   0.243  -6.254   7.967  g   0.023  -0.062   0.011[0m
[1;32muart:~$ [m[8D[J[00:10:55.506,000] [0m<inf> imu: LSM6DSV16X   a   0.522  -6.090   8.282  g  -0.012   0.002  -0.002[0m
[1;32muart:~$ [m[8D[J[1;32muart:~$ [m[8D[J[00:10:55.507,000] [0m<inf> imu: ICM-42688-P  a   0.512  -6.288   7.661  g   0.000  -0.006   0.000[0m
[1;32muart:~$ [m[8D[J[00:10:55.608,000] [0m<inf> imu: LSM6DS3TR-C  a   0.242  -6.239   7.949  g   0.025  -0.062   0.012[0m
[1;32muart:~$ [m[8D[J[1;32muart:~$ [m[8D[J[00:10:55.608,000] [0m<inf> imu: LSM6DSV16X   a   0.528  -6.092   8.294  g  -0.012   0.002  -0.003[0m
[1;32muart:~$ [m[8D[J[00:10:55.609,000] [0m<inf> imu: ICM-42688-P  a   0.512  -6.290   7.673  g  -0.000  -0.006   0.000[0m
[1;32muart:~$ [m[8D[J[1;32muart:~$ [m[8D[J[00:10:55.710,000] [0m<inf> imu: LSM6DS3TR-C  a   0.201  -6.246   7.975  g   0.024  -0.064   0.012[0m
[1;32muart:~$ [m[8D[J[00:10:55.711,000] [0m<inf> imu: LSM6DSV16X   a   0.517  -6.090   8.301  g  -0.012   0.003  -0.002[0m
[1;32muart:~$ [m[8D[J[1;32muart:~$ [m[8D[J[00:10:55.711,000] [0m<inf> imu: ICM-42688-P  a   0.517  -6.296   7.681  g   0.000  -0.005   0.000[0m
[1;32muart:~$ [m[8D[J[00:10:55.812,000] [0m<inf> imu: LSM6DS3TR-C  a   0.235  -6.232   7.965  g   0.024  -0.064   0.012[0m
[1;32muart:~$ [m[8D[J[00:10:55.813,000] [0m<inf> imu: LSM6DSV16X   a   0.526  -6.085   8.295  g  -0.012   0.002  -0.003[0m
[1;32muart:~$ [m[8D[J[1;32muart:~$ [m[8D[J[00:10:55.813,000] [0m<inf> imu: ICM-42688-P  a   0.533  -6.279   7.676  g   0.001  -0.006  -0.000[0m
[1;32muart:~$ [m[8D[J[00:10:55.915,000] [0m<inf> imu: LSM6DS3TR-C  a   0.230  -6.218   7.965  g   0.024  -0.061   0.013[0m
[1;32muart:~$ [m[8D[J[1;32muart:~$ [m[8D[J[00:10:55.916,000] [0m<inf> imu: LSM6DSV16X   a   0.519  -6.088   8.301  g  -0.012   0.002  -0.002[0m
[1;32muart:~$ [m[8D[J[00:10:55.916,000] [0m<inf> imu: ICM-42688-P  a   0.510  -6.298   7.682  g   0.001  -0.005  -0.001[0m
[1;32muart:~$ [m[8D[J[1;32muart:~$ [m[8D[J[00:10:56.017,000] [0m<inf> imu: LSM6DS3TR-C  a   0.245  -6.232   7.984  g   0.024  -0.061   0.013[0m
[1;32muart:~$ [m[8D[J[00:10:56.018,000] [0m<inf> imu: LSM6DSV16X   a   0.519  -6.080   8.296  g  -0.011   0.002  -0.003[0m
[1;32muart:~$ [m[8D[J[00:10:56.019,000] [0m<inf> imu: ICM-42688-P  a   0.511  -6.282   7.673  g  -0.001  -0.005  -0.000[0m
[1;32muart:~$ [m[8D[J[1;32muart:~$ [m[8D[J[00:10:56.120,000] [0m<inf> imu: LSM6DS3TR-C  a   0.212  -6.267   7.950  g   0.025  -0.063   0.012[0m
[1;32muart:~$ [m[8D[J[00:10:56.121,000] [0m<inf> imu: LSM6DSV16X   a   0.517  -6.090   8.299  g  -0.012   0.003  -0.003[0m
[1;32muart:~$ [m[8D[J[1;32muart:~$ [m[8D[J[00:10:56.122,000] [0m<inf> imu: ICM-42688-P  a   0.521  -6.297   7.682  g  -0.001  -0.005  -0.001[0m
[1;32muart:~$ [m[8D[J[00:10:56.223,000] [0m<inf> imu: LSM6DS3TR-C  a   0.226  -6.244   7.963  g   0.026  -0.063   0.012[0m
[1;32muart:~$ [m[8D[J[1;32muart:~$ [m[8D[J[00:10:56.224,000] [0m<inf> imu: LSM6DSV16X   a   0.534  -6.087   8.304  g  -0.012   0.002  -0.002[0m
[1;32muart:~$ [m[8D[J[00:10:56.224,000] [0m<inf> imu: ICM-42688-P  a   0.532  -6.286   7.688  g   0.001  -0.006   0.000[0m
[1;32muart:~$ [m[8D[J[1;32muart:~$ [m[8D[J[00:10:56.325,000] [0m<inf> imu: LSM6DS3TR-C  a   0.227  -6.251   7.978  g   0.024  -0.063   0.011[0m
[1;32muart:~$ [m[8D[J[00:10:56.326,000] [0m<inf> imu: LSM6DSV16X   a   0.526  -6.093   8.305  g  -0.011   0.002  -0.003[0m
[1;32muart:~$ [m[8D[J[1;32muart:~$ [m[8D[J[00:10:56.327,000] [0m<inf> imu: ICM-42688-P  a   0.526  -6.292   7.688  g   0.000  -0.005  -0.000[0m
[1;32muart:~$ [m[8D[J[00:10:56.428,000] [0m<inf> imu: LSM6DS3TR-C  a   0.185  -6.238   7.960  g   0.025  -0.062   0.014[0m
[1;32muart:~$ [m[8D[J[00:10:56.428,000] [0m<inf> imu: LSM6DSV16X   a   0.522  -6.085   8.301  g  -0.011   0.002  -0.003[0m
[1;32muart:~$ [m[8D[J[1;32muart:~$ [m[8D[J[00:10:56.429,000] [0m<inf> imu: ICM-42688-P  a   0.516  -6.281   7.671  g   0.001  -0.006  -0.001[0m
[1;32muart:~$ [m[8D[J[00:10:56.531,000] [0m<inf> imu: LSM6DS3TR-C  a   0.240  -6.211   7.981  g   0.024  -0.061   0.014[0m
[1;32muart:~$ [m[8D[J[1;32muart:~$ [m[8D[J[00:10:56.532,000] [0m<inf> imu: LSM6DSV16X   a   0.533  -6.078   8.305  g  -0.011   0.002  -0.003[0m
[1;32muart:~$ [m[8D[J[00:10:56.533,000] [0m<inf> imu: ICM-42688-P  a   0.527  -6.276   7.672  g   0.000  -0.005   0.000[0m
[1;32muart:~$ [m[8D[J[00:10:56.634,000] [0m<inf> imu: LSM6DS3TR-C  a   0.221  -6.234   7.966  g   0.024  -0.060   0.014[0m
[1;32muart:~$ [m[8D[J[1;32muart:~$ [m[8D[J[00:10:56.635,000] [0m<inf> imu: LSM6DSV16X   a   0.529  -6.087   8.305  g  -0.012   0.001  -0.003[0m
[1;32muart:~$ [m[8D[J[00:10:56.635,000] [0m<inf> imu: ICM-42688-P  a   0.528  -6.297   7.673  g   0.000  -0.006  -0.001[0m
[1;32muart:~$ [m[8D[J[00:10:56.736,000] [0m<inf> imu: LSM6DS3TR-C  a   0.239  -6.232   7.968  g   0.026  -0.063   0.012[0m
[1;32muart:~$ [m[8D[J[00:10:56.737,000] [0m<inf> imu: LSM6DSV16X   a   0.527  -6.085   8.305  g  -0.011   0.003  -0.003[0m
[1;32muart:~$ [m[8D[J[1;32muart:~$ [m[8D[J[00:10:56.737,000] [0m<inf> imu: ICM-42688-P  a   0.509  -6.292   7.691  g   0.001  -0.006  -0.001[0m
[1;32muart:~$ [m[8D[J[1;32muart:~$ [m[8D[J[00:10:56.838,000] [0m<inf> imu: LSM6DS3TR-C  a   0.225  -6.265   7.982  g   0.023  -0.061   0.013[0m
[1;32muart:~$ [m[8D[J[00:10:56.839,000] [0m<inf> imu: LSM6DSV16X   a   0.526  -6.075   8.305  g  -0.010   0.003  -0.003[0m
[1;32muart:~$ [m[8D[J[1;32muart:~$ [m[8D[J[00:10:56.840,000] [0m<inf> imu: ICM-42688-P  a   0.512  -6.303   7.679  g   0.000  -0.006   0.000[0m
[1;32muart:~$ [m[8D[J[00:10:56.941,000] [0m<inf> imu: LSM6DS3TR-C  a   0.272  -6.230   7.971  g   0.022  -0.062   0.009[0m
[1;32muart:~$ [m[8D[J[1;32muart:~$ [m[8D[J[00:10:56.941,000] [0m<inf> imu: LSM6DSV16X   a   0.522  -6.098   8.298  g  -0.011   0.003  -0.002[0m
[1;32muart:~$ [m[8D[J[00:10:56.942,000] [0m<inf> imu: ICM-42688-P  a   0.534  -6.264   7.703  g   0.000  -0.005  -0.002[0m
[1;32muart:~$ [m[8D[J[1;32muart:~$ [m[8D[J[00:10:57.043,000] [0m<inf> imu: LSM6DS3TR-C  a   0.221  -6.246   7.962  g   0.026  -0.063   0.012[0m
[1;32muart:~$ [m[8D[J[00:10:57.044,000] [0m<inf> imu: LSM6DSV16X   a   0.535  -6.086   8.298  g  -0.012   0.002  -0.002[0m
[1;32muart:~$ [m[8D[J[00:10:57.044,000] [0m<inf> imu: ICM-42688-P  a   0.526  -6.282   7.690  g   0.000  -0.005  -0.001[0m
[1;32muart:~$ [m[8D[J[00:10:57.145,000] [0m<inf> imu: LSM6DS3TR-C  a   0.239  -6.289   7.975  g   0.023  -0.061   0.013[0m
[1;32muart:~$ [m[8D[J[1;32muart:~$ [m[8D[J[00:10:57.146,000] [0m<inf> imu: LSM6DSV16X   a   0.529  -6.086   8.305  g  -0.012   0.002  -0.002[0m
[1;32muart:~$ [m[8D[J[00:10:57.146,000] [0m<inf> imu: ICM-42688-P  a   0.533  -6.281   7.687  g   0.001  -0.005   0.000[0m
[1;32muart:~$ [m[8D[J[1;32muart:~$ [m[8D[J[00:10:57.248,000] [0m<inf> imu: LSM6DS3TR-C  a   0.207  -6.321   7.959  g   0.025  -0.061   0.014[0m
[1;32muart:~$ [m[8D[J[00:10:57.250,000] [0m<inf> imu: LSM6DSV16X   a   0.526  -6.081   8.282  g  -0.012   0.002  -0.002[0m
[1;32muart:~$ [m[8D[J[1;32muart:~$ [m[8D[J[00:10:57.250,000] [0m<inf> imu: ICM-42688-P  a   0.517  -6.285   7.669  g   0.000  -0.004  -0.001[0m
[1;32muart:~$ [m[8D[J[00:10:57.352,000] [0m<inf> imu: LSM6DS3TR-C  a   0.206  -6.254   7.980  g   0.025  -0.063   0.012[0m
[1;32muart:~$ [m[8D[J[00:10:57.353,000] [0m<inf> imu: LSM6DSV16X   a   0.525  -6.086   8.300  g  -0.012   0.002  -0.003[0m
[1;32muart:~$ [m[8D[J[1;32muart:~$ [m[8D[J[00:10:57.354,000] [0m<inf> imu: ICM-42688-P  a   0.509  -6.273   7.682  g   0.000  -0.005  -0.000[0m
[1;32muart:~$ [m[8D[J[00:10:57.455,000] [0m<inf> imu: LSM6DS3TR-C  a   0.242  -6.272   7.958  g   0.025  -0.062   0.011[0m
[1;32muart:~$ [m[8D[J[1;32muart:~$ [m[8D[J[00:10:57.455,000] [0m<inf> imu: LSM6DSV16X   a   0.526  -6.090   8.291  g  -0.012   0.002  -0.002[0m
[1;32muart:~$ [m[8D[J[00:10:57.456,000] [0m<inf> imu: ICM-42688-P  a   0.506  -6.300   7.677  g   0.001  -0.005  -0.001[0m
[1;32muart:~$ [m[8D[J[1;32muart:~$ [m[8D[J[00:10:57.557,000] [0m<inf> imu: LSM6DS3TR-C  a   0.210  -6.240   7.972  g   0.027  -0.061   0.011[0m
[1;32muart:~$ [m[8D[J[00:10:57.558,000] [0m<inf> imu: LSM6DSV16X   a   0.529  -6.088   8.296  g  -0.011   0.002  -0.003[0m
[1;32muart:~$ [m[8D[J[1;32muart:~$ [m[8D[J[00:10:57.558,000] [0m<inf> imu: ICM-42688-P  a   0.506  -6.281   7.672  g   0.002  -0.005  -0.000[0m
[1;32muart:~$ [m[8D[J[00:10:57.659,000] [0m<inf> imu: LSM6DS3TR-C  a   0.233  -6.232   7.965  g   0.025  -0.063   0.010[0m
[1;32muart:~$ [m[8D[J[1;32muart:~$ [m[8D[J[00:10:57.660,000] [0m<inf> imu: LSM6DSV16X   a   0.524  -6.088   8.294  g  -0.013   0.002  -0.003[0m
[1;32muart:~$ [m[8D[J[00:10:57.661,000] [0m<inf> imu: ICM-42688-P  a   0.517  -6.291   7.679  g   0.001  -0.005  -0.001[0m
[1;32muart:~$ [m[8D[J[1;32muart:~$ [m[8D[J[00:10:57.762,000] [0m<inf> imu: LSM6DS3TR-C  a   0.215  -6.214   7.999  g   0.024  -0.064   0.011[0m
[1;32muart:~$ [m[8D[J[00:10:57.762,000] [0m<inf> imu: LSM6DSV16X   a   0.534  -6.083   8.303  g  -0.011   0.002  -0.003[0m
[1;32muart:~$ [m[8D[J[1;32muart:~$ [m[8D[J[00:10:57.763,000] [0m<inf> imu: ICM-42688-P  a   0.526  -6.285   7.670  g   0.001  -0.005  -0.000[0m
[1;32muart:~$ [m[8D[J[00:10:57.864,000] [0m<inf> imu: LSM6DS3TR-C  a   0.212  -6.248   7.950  g   0.024  -0.063   0.011[0m
[1;32muart:~$ [m[8D[J[00:10:57.865,000] [0m<inf> imu: LSM6DSV16X   a   0.519  -6.085   8.301  g  -0.012   0.002  -0.003[0m
[1;32muart:~$ [m[8D[J[1;32muart:~$ [m[8D[J[00:10:57.865,000] [0m<inf> imu: ICM-42688-P  a   0.518  -6.302   7.691  g   0.000  -0.005   0.000[0m
[1;32muart:~$ [m[8D[J[00:10:57.967,000] [0m<inf> imu: LSM6DS3TR-C  a   0.229  -6.215   7.937  g   0.023  -0.064   0.012[0m
[1;32muart:~$ [m[8D[J[1;32muart:~$ [m[8D[J[00:10:57.968,000] [0m<inf> imu: LSM6DSV16X   a   0.526  -6.085   8.308  g  -0.013   0.002  -0.002[0m
[1;32muart:~$ [m[8D[J[00:10:57.969,000] [0m<inf> imu: ICM-42688-P  a   0.515  -6.280   7.685  g   0.000  -0.005  -0.001[0m
[1;32muart:~$ [m[8D[J[00:10:58.070,000] [0m<inf> imu: LSM6DS3TR-C  a   0.246  -6.240   7.950  g   0.021  -0.062   0.011[0m
[1;32muart:~$ [m[8D[J[1;32muart:~$ [m[8D[J[00:10:58.071,000] [0m<inf> imu: LSM6DSV16X   a   0.521  -6.078   8.296  g  -0.011   0.002  -0.003[0m
[1;32muart:~$ [m[8D[J[00:10:58.071,000] [0m<inf> imu: ICM-42688-P  a   0.517  -6.279   7.676  g   0.001  -0.005  -0.001[0m
[1;32muart:~$ [m[8D[J[00:10:58.172,000] [0m<inf> imu: LSM6DS3TR-C  a   0.209  -6.241   7.922  g   0.023  -0.062   0.013[0m
[1;32muart:~$ [m[8D[J[00:10:58.173,000] [0m<inf> imu: LSM6DSV16X   a   0.529  -6.084   8.294  g  -0.010   0.001  -0.003[0m
[1;32muart:~$ [m[8D[J[1;32muart:~$ [m[8D[J[00:10:58.174,000] [0m<inf> imu: ICM-42688-P  a   0.515  -6.281   7.681  g   0.000  -0.005   0.000[0m
[1;32muart:~$ [m[8D[J[1;32muart:~$ [m[8D[J[00:10:58.275,000] [0m<inf> imu: LSM6DS3TR-C  a   0.210  -6.212   7.948  g   0.024  -0.062   0.011[0m
[1;32muart:~$ [m[8D[J[00:10:58.275,000] [0m<inf> imu: LSM6DSV16X   a   0.524  -6.078   8.288  g  -0.011   0.002  -0.002[0m
[1;32muart:~$ [m[8D[J[1;32muart:~$ [m[8D[J[00:10:58.276,000] [0m<inf> imu: ICM-42688-P  a   0.528  -6.290   7.678  g   0.000  -0.006  -0.001[0m
[1;32muart:~$ [m[8D[J[00:10:58.377,000] [0m<inf> imu: LSM6DS3TR-C  a   0.236  -6.209   7.965  g   0.023  -0.063   0.012[0m
[1;32muart:~$ [m[8D[J[1;32muart:~$ [m[8D[J[00:10:58.378,000] [0m<inf> imu: LSM6DSV16X   a   0.521  -6.090   8.304  g  -0.012   0.002  -0.003[0m
[1;32muart:~$ [m[8D[J[00:10:58.378,000] [0m<inf> imu: ICM-42688-P  a   0.515  -6.293   7.683  g   0.000  -0.006  -0.001[0m
[1;32muart:~$ [m[8D[J[1;32muart:~$ [m[8D[J[00:10:58.479,000] [0m<inf> imu: LSM6DS3TR-C  a   0.253  -6.221   7.956  g   0.024  -0.064   0.013[0m
[1;32muart:~$ [m[8D[J[00:10:58.480,000] [0m<inf> imu: LSM6DSV16X   a   0.526  -6.090   8.307  g  -0.011   0.002  -0.003[0m
[1;32muart:~$ [m[8D[J[1;32muart:~$ [m[8D[J[00:10:58.480,000] [0m<inf> imu: ICM-42688-P  a   0.509  -6.276   7.682  g   0.001  -0.005  -0.001[0m
[1;32muart:~$ [m[8D[J[00:10:58.582,000] [0m<inf> imu: LSM6DS3TR-C  a   0.240  -6.241   7.971  g   0.024  -0.062   0.012[0m
[1;32muart:~$ [m[8D[J[00:10:58.582,000] [0m<inf> imu: LSM6DSV16X   a   0.538  -6.083   8.292  g  -0.011   0.002  -0.003[0m
[1;32muart:~$ [m[8D[J[1;32muart:~$ [m[8D[J[00:10:58.583,000] [0m<inf> imu: ICM-42688-P  a   0.532  -6.298   7.681  g   0.000  -0.006  -0.000[0m
[1;32muart:~$ [m[8D[J[00:10:58.685,000] [0m<inf> imu: LSM6DS3TR-C  a   0.196  -6.240   7.954  g   0.024  -0.063   0.012[0m
[1;32muart:~$ [m[8D[J[00:10:58.686,000] [0m<inf> imu: LSM6DSV16X   a   0.514  -6.083   8.296  g  -0.012   0.003  -0.002[0m
[1;32muart:~$ [m[8D[J[1;32muart:~$ [m[8D[J[00:10:58.686,000] [0m<inf> imu: ICM-42688-P  a   0.504  -6.288   7.682  g   0.000  -0.006   0.001[0m
[1;32muart:~$ [m[8D[J[00:10:58.787,000] [0m<inf> imu: LSM6DS3TR-C  a   0.220  -6.199   7.966  g   0.023  -0.063   0.013[0m
[1;32muart:~$ [m[8D[J[1;32muart:~$ [m[8D[J[00:10:58.788,000] [0m<inf> imu: LSM6DSV16X   a   0.523  -6.083   8.299  g  -0.011   0.002  -0.003[0m
[1;32muart:~$ [m[8D[J[00:10:58.789,000] [0m<inf> imu: ICM-42688-P  a   0.509  -6.290   7.678  g  -0.000  -0.005  -0.000[0m
[1;32muart:~$ [m[8D[J[00:10:58.890,000] [0m<inf> imu: LSM6DS3TR-C  a   0.219  -6.228   7.975  g   0.025  -0.063   0.010[0m
[1;32muart:~$ [m[8D[J[00:10:58.890,000] [0m<inf> imu: LSM6DSV16X   a   0.529  -6.083   8.299  g  -0.011   0.002  -0.003[0m
[1;32muart:~$ [m[8D[J[1;32muart:~$ [m[8D[J[00:10:58.891,000] [0m<inf> imu: ICM-42688-P  a   0.523  -6.285   7.684  g   0.000  -0.005  -0.001[0m
[1;32muart:~$ [m[8D[J[1;32muart:~$ [m[8D[J[00:10:58.992,000] [0m<inf> imu: LSM6DS3TR-C  a   0.201  -6.254   7.973  g   0.024  -0.062   0.011[0m
[1;32muart:~$ [m[8D[J[00:10:58.993,000] [0m<inf> imu: LSM6DSV16X   a   0.524  -6.096   8.298  g  -0.011   0.002  -0.003[0m
[1;32muart:~$ [m[8D[J[1;32muart:~$ [m[8D[J[00:10:58.993,000] [0m<inf> imu: ICM-42688-P  a   0.504  -6.306   7.694  g   0.000  -0.004   0.000[0m
[1;32muart:~$ [m[8D[J[00:10:59.094,000] [0m<inf> imu: LSM6DS3TR-C  a   0.191  -6.214   7.929  g   0.023  -0.060   0.013[0m
[1;32muart:~$ [m[8D[J[1;32muart:~$ [m[8D[J[00:10:59.095,000] [0m<inf> imu: LSM6DSV16X   a   0.514  -6.083   8.292  g  -0.011   0.002  -0.002[0m
[1;32muart:~$ [m[8D[J[00:10:59.095,000] [0m<inf> imu: ICM-42688-P  a   0.506  -6.276   7.669  g  -0.000  -0.005   0.001[0m
[1;32muart:~$ [m[8D[J[1;32muart:~$ [m[8D[J[00:10:59.197,000] [0m<inf> imu: LSM6DS3TR-C  a   0.242  -6.236   8.008  g   0.024  -0.063   0.012[0m
[1;32muart:~$ [m[8D[J[00:10:59.197,000] [0m<inf> imu: LSM6DSV16X   a   0.534  -6.083   8.310  g  -0.012   0.002  -0.002[0m
[1;32muart:~$ [m[8D[J[1;32muart:~$ [m[8D[J[00:10:59.198,000] [0m<inf> imu: ICM-42688-P  a   0.518  -6.286   7.667  g   0.001  -0.005   0.000[0m
[1;32muart:~$ [m[8D[J[00:10:59.299,000] [0m<inf> imu: LSM6DS3TR-C  a   0.221  -6.243   8.019  g   0.023  -0.063   0.012[0m
[1;32muart:~$ [m[8D[J[00:10:59.300,000] [0m<inf> imu: LSM6DSV16X   a   0.517  -6.068   8.286  g  -0.011   0.002  -0.003[0m
[1;32muart:~$ [m[8D[J[1;32muart:~$ [m[8D[J[00:10:59.300,000] [0m<inf> imu: ICM-42688-P  a   0.524  -6.268   7.649  g   0.001  -0.006  -0.001[0m
[1;32muart:~$ [m[8D[J[00:10:59.402,000] [0m<inf> imu: LSM6DS3TR-C  a   0.229  -6.233   8.005  g   0.024  -0.063   0.013[0m
[1;32muart:~$ [m[8D[J[1;32muart:~$ [m[8D[J[00:10:59.403,000] [0m<inf> imu: LSM6DSV16X   a   0.524  -6.090   8.305  g  -0.011   0.002  -0.002[0m
[1;32muart:~$ [m[8D[J[00:10:59.403,000] [0m<inf> imu: ICM-42688-P  a   0.526  -6.294   7.676  g   0.000  -0.005  -0.001[0m
[1;32muart:~$ [m[8D[J[1;32muart:~$ [m[8D[J[00:10:59.504,000] [0m<inf> imu: LSM6DS3TR-C  a   0.246  -6.203   7.965  g   0.025  -0.063   0.011[0m
[1;32muart:~$ [m[8D[J[00:10:59.505,000] [0m<inf> imu: LSM6DSV16X   a   0.526  -6.078   8.289  g  -0.011   0.003  -0.003[0m
[1;32muart:~$ [m[8D[J[00:10:59.506,000] [0m<inf> imu: ICM-42688-P  a   0.509  -6.273   7.660  g   0.000  -0.005  -0.000[0m
[1;32muart:~$ [m[8D[J[1;32muart:~$ [m[8D[J[00:10:59.607,000] [0m<inf> imu: LSM6DS3TR-C  a   0.233  -6.242   7.965  g   0.025  -0.062   0.011[0m
[1;32muart:~$ [m[8D[J[00:10:59.609,000] [0m<inf> imu: LSM6DSV16X   a   0.521  -6.086   8.305  g  -0.011   0.003  -0.003[0m
[1;32muart:~$ [m[8D[J[1;32muart:~$ [m[8D[J[00:10:59.609,000] [0m<inf> imu: ICM-42688-P  a   0.539  -6.284   7.677  g  -0.000  -0.006  -0.001[0m
[1;32muart:~$ [m[8D[J[00:10:59.710,000] [0m<inf> imu: LSM6DS3TR-C  a   0.204  -6.221   7.938  g   0.024  -0.063   0.011[0m
[1;32muart:~$ [m[8D[J[1;32muart:~$ [m[8D[J[00:10:59.711,000] [0m<inf> imu: LSM6DSV16X   a   0.519  -6.080   8.299  g  -0.010   0.003  -0.003[0m
[1;32muart:~$ [m[8D[J[00:10:59.712,000] [0m<inf> imu: ICM-42688-P  a   0.524  -6.276   7.690  g   0.000  -0.006  -0.001[0m
[1;32muart:~$ [m[8D[J[1;32muart:~$ [m[8D[J[00:10:59.813,000] [0m<inf> imu: LSM6DS3TR-C  a   0.211  -6.257   7.960  g   0.024  -0.062   0.012[0m
[1;32muart:~$ [m[8D[J[00:10:59.813,000] [0m<inf> imu: LSM6DSV16X   a   0.517  -6.092   8.300  g  -0.011   0.001  -0.003[0m
[1;32muart:~$ [m[8D[J[1;32muart:~$ [m[8D[J[00:10:59.814,000] [0m<inf> imu: ICM-42688-P  a   0.499  -6.288   7.661  g  -0.000  -0.005  -0.001[0m
[1;32muart:~$ [m[8D[J[00:10:59.915,000] [0m<inf> imu: LSM6DS3TR-C  a   0.218  -6.205   7.933  g   0.023  -0.062   0.012[0m
[1;32muart:~$ [m[8D[J[00:10:59.916,000] [0m<inf> imu: LSM6DSV16X   a   0.522  -6.088   8.308  g  -0.011   0.003  -0.002[0m
[1;32muart:~$ [m[8D[J[1;32muart:~$ [m[8D[J[00:10:59.916,000] [0m<inf> imu: ICM-42688-P  a   0.516  -6.282   7.707  g   0.000  -0.006   0.000[0m
[1;32muart:~$ [m[8D[J[00:11:00.018,000] [0m<inf> imu: LSM6DS3TR-C  a   0.238  -6.262   7.949  g   0.023  -0.061   0.011[0m
[1;32muart:~$ [m[8D[J[1;32muart:~$ [m[8D[J[00:11:00.019,000] [0m<inf> imu: LSM6DSV16X   a   0.536  -6.085   8.305  g  -0.012   0.002  -0.002[0m
[1;32muart:~$ [m[8D[J[00:11:00.020,000] [0m<inf> imu: ICM-42688-P  a   0.517  -6.285   7.689  g   0.001  -0.006  -0.001[0m
[1;32muart:~$ [m[8D[J[00:11:00.121,000] [0m<inf> imu: LSM6DS3TR-C  a   0.230  -6.249   7.989  g   0.025  -0.063   0.011[0m
[1;32muart:~$ [m[8D[J[00:11:00.122,000] [0m<inf> imu: LSM6DSV16X   a   0.528  -6.080   8.302  g  -0.012   0.002  -0.002[0m
[1;32muart:~$ [m[8D[J[1;32muart:~$ [m[8D[J[00:11:00.122,000] [0m<inf> imu: ICM-42688-P  a   0.527  -6.284   7.682  g   0.000  -0.006  -0.001[0m
[1;32muart:~$ [m[8D[J[00:11:00.224,000] [0m<inf> imu: LSM6DS3TR-C  a   0.224  -6.253   7.951  g   0.024  -0.063   0.014[0m
[1;32muart:~$ [m[8D[J[00:11:00.225,000] [0m<inf> imu: LSM6DSV16X   a   0.520  -6.080   8.300  g  -0.010   0.002  -0.003[0m
[1;32muart:~$ [m[8D[J[1;32muart:~$ [m[8D[J[00:11:00.226,000] [0m<inf> imu: ICM-42688-P  a   0.516  -6.280   7.672  g  -0.000  -0.006  -0.001[0m
[1;32muart:~$ [m[8D[J[1;32muart:~$ [m[8D[J[00:11:00.327,000] [0m<inf> imu: LSM6DS3TR-C  a   0.251  -6.217   7.950  g   0.023  -0.062   0.012[0m
[1;32muart:~$ [m[8D[J[00:11:00.327,000] [0m<inf> imu: LSM6DSV16X   a   0.521  -6.085   8.299  g  -0.011   0.001  -0.002[0m
[1;32muart:~$ [m[8D[J[1;32muart:~$ [m[8D[J[00:11:00.328,000] [0m<inf> imu: ICM-42688-P  a   0.515  -6.285   7.677  g   0.001  -0.006  -0.000[0m
[1;32muart:~$ [m[8D[J[00:11:00.429,000] [0m<inf> imu: LSM6DS3TR-C  a   0.236  -6.269   7.970  g   0.025  -0.062   0.011[0m
[1;32muart:~$ [m[8D[J[1;32muart:~$ [m[8D[J[00:11:00.430,000] [0m<inf> imu: LSM6DSV16X   a   0.527  -6.087   8.298  g  -0.012   0.003  -0.003[0m
[1;32muart:~$ [m[8D[J[00:11:00.430,000] [0m<inf> imu: ICM-42688-P  a   0.518  -6.275   7.679  g   0.001  -0.005  -0.000[0m
[1;32muart:~$ [m[8D[J[1;32muart:~$ [m[8D[J[00:11:00.531,000] [0m<inf> imu: LSM6DS3TR-C  a   0.242  -6.237   7.981  g   0.025  -0.063   0.011[0m
[1;32muart:~$ [m[8D[J[00:11:00.532,000] [0m<inf> imu: LSM6DSV16X   a   0.531  -6.077   8.297  g  -0.012   0.002  -0.002[0m
[1;32muart:~$ [m[8D[J[1;32muart:~$ [m[8D[J[00:11:00.532,000] [0m<inf> imu: ICM-42688-P  a   0.512  -6.284   7.671  g   0.001  -0.006  -0.001[0m
[1;32muart:~$ [m[8D[J[00:11:00.634,000] [0m<inf> imu: LSM6DS3TR-C  a   0.251  -6.221   7.959  g   0.024  -0.062   0.012[0m
[1;32muart:~$ [m[8D[J[00:11:00.634,000] [0m<inf> imu: LSM6DSV16X   a   0.522  -6.093   8.300  g  -0.011   0.002  -0.002[0m
[1;32muart:~$ [m[8D[J[1;32muart:~$ [m[8D[J[00:11:00.635,000] [0m<inf> imu: ICM-42688-P  a   0.517  -6.302   7.682  g   0.001  -0.006  -0.000[0m
[1;32muart:~$ [m[8D[J[00:11:00.736,000] [0m<inf> imu: LSM6DS3TR-C  a   0.202  -6.246   7.963  g   0.026  -0.063   0.013[0m
[1;32muart:~$ [m[8D[J[00:11:00.737,000] [0m<inf> imu: LSM6DSV16X   a   0.526  -6.078   8.292  g  -0.012   0.002  -0.003[0m
[1;32muart:~$ [m[8D[J[1;32muart:~$ [m[8D[J[00:11:00.738,000] [0m<inf> imu: ICM-42688-P  a   0.521  -6.285   7.678  g  -0.000  -0.006  -0.000[0m
[1;32muart:~$ [m[8D[J[00:11:00.839,000] [0m<inf> imu: LSM6DS3TR-C  a   0.259  -6.243   7.991  g   0.022  -0.061   0.014[0m
[1;32muart:~$ [m[8D[J[1;32muart:~$ [m[8D[J[00:11:00.840,000] [0m<inf> imu: LSM6DSV16X   a   0.525  -6.088   8.298  g  -0.012   0.002  -0.002[0m
[1;32muart:~$ [m[8D[J[00:11:00.840,000] [0m<inf> imu: ICM-42688-P  a   0.520  -6.304   7.675  g   0.001  -0.005   0.000[0m
[1;32muart:~$ [m[8D[J[1;32muart:~$ [m[8D[J[00:11:00.941,000] [0m<inf> imu: LSM6DS3TR-C  a   0.246  -6.235   7.966  g   0.025  -0.064   0.012[0m
[1;32muart:~$ [m[8D[J[00:11:00.943,000] [0m<inf> imu: LSM6DSV16X   a   0.522  -6.082   8.296  g  -0.011   0.002  -0.003[0m
[1;32muart:~$ [m[8D[J[1;32muart:~$ [m[8D[J[00:11:00.943,000] [0m<inf> imu: ICM-42688-P  a   0.517  -6.275   7.679  g   0.001  -0.006  -0.001[0m
[1;32muart:~$ [m[8D[J[00:11:01.044,000] [0m<inf> imu: LSM6DS3TR-C  a   0.220  -6.233   7.993  g   0.024  -0.061   0.013[0m
[1;32muart:~$ [m[8D[J[1;32muart:~$ [m[8D[J[00:11:01.045,000] [0m<inf> imu: LSM6DSV16X   a   0.517  -6.083   8.303  g  -0.011   0.001  -0.002[0m
[1;32muart:~$ [m[8D[J[00:11:01.046,000] [0m<inf> imu: ICM-42688-P  a   0.518  -6.287   7.684  g   0.000  -0.006  -0.000[0m
[1;32muart:~$ [m[8D[J[1;32muart:~$ [m[8D[J[00:11:01.147,000] [0m<inf> imu: LSM6DS3TR-C  a   0.229  -6.243   7.988  g   0.023  -0.064   0.012[0m
[1;32muart:~$ [m[8D[J[00:11:01.147,000] [0m<inf> imu: LSM6DSV16X   a   0.522  -6.085   8.296  g  -0.012   0.002  -0.002[0m
[1;32muart:~$ [m[8D[J[1;32muart:~$ [m[8D[J[00:11:01.148,000] [0m<inf> imu: ICM-42688-P  a   0.514  -6.290   7.678  g  -0.000  -0.005  -0.000[0m
[1;32muart:~$ [m[8D[J[00:11:01.249,000] [0m<inf> imu: LSM6DS3TR-C  a   0.246  -6.272   7.999  g   0.024  -0.062   0.013[0m
[1;32muart:~$ [m[8D[J[00:11:01.250,000] [0m<inf> imu: LSM6DSV16X   a   0.523  -6.087   8.308  g  -0.012   0.002  -0.003[0m
[1;32muart:~$ [m[8D[J[1;32muart:~$ [m[8D[J[00:11:01.250,000] [0m<inf> imu: ICM-42688-P  a   0.515  -6.284   7.678  g   0.000  -0.005  -0.001[0m
[1;32muart:~$ [m[8D[J[00:11:01.352,000] [0m<inf> imu: LSM6DS3TR-C  a   0.237  -6.251   7.956  g   0.023  -0.063   0.014[0m
[1;32muart:~$ [m[8D[J[00:11:01.353,000] [0m<inf> imu: LSM6DSV16X   a   0.521  -6.083   8.303  g  -0.011   0.002  -0.003[0m
[1;32muart:~$ [m[8D[J[1;32muart:~$ [m[8D[J[00:11:01.354,000] [0m<inf> imu: ICM-42688-P  a   0.515  -6.287   7.683  g   0.000  -0.005  -0.001[0m
[1;32muart:~$ [m[8D[J[00:11:01.455,000] [0m<inf> imu: LSM6DS3TR-C  a   0.197  -6.192   7.938  g   0.025  -0.060   0.012[0m
[1;32muart:~$ [m[8D[J[1;32muart:~$ [m[8D[J[00:11:01.456,000] [0m<inf> imu: LSM6DSV16X   a   0.523  -6.041   8.268  g  -0.010   0.002  -0.003[0m
[1;32muart:~$ [m[8D[J[00:11:01.456,000] [0m<inf> imu: ICM-42688-P  a   0.521  -6.255   7.696  g  -0.000  -0.005   0.000[0m
[1;32muart:~$ [m[8D[J[1;32muart:~$ [m[8D[J[00:11:01.558,000] [0m<inf> imu: LSM6DS3TR-C  a   0.262  -6.276   7.960  g   0.024  -0.062   0.013[0m
[1;32muart:~$ [m[8D[J[00:11:01.560,000] [0m<inf> imu: LSM6DSV16X   a   0.547  -6.133   8.317  g  -0.013   0.002  -0.002[0m
[1;32muart:~$ [m[8D[J[1;32muart:~$ [m[8D[J[00:11:01.560,000] [0m<inf> imu: ICM-42688-P  a   0.537  -6.328   7.691  g  -0.001  -0.006   0.000[0m
[1;32muart:~$ [m[8D[J[00:11:01.661,000] [0m<inf> imu: LSM6DS3TR-C  a   0.234  -6.184   7.966  g   0.025  -0.063   0.010[0m
[1;32muart:~$ [m[8D[J[1;32muart:~$ [m[8D[J[00:11:01.662,000] [0m<inf> imu: LSM6DSV16X   a   0.514  -6.054   8.310  g  -0.012   0.002  -0.003[0m
[1;32muart:~$ [m[8D[J[00:11:01.663,000] [0m<inf> imu: ICM-42688-P  a   0.514  -6.262   7.665  g  -0.001  -0.006  -0.001[0m
[1;32muart:~$ [m[8D[J[1;32muart:~$ [m[8D[J[00:11:01.764,000] [0m<inf> imu: LSM6DS3TR-C  a   0.184  -6.256   7.959  g   0.025  -0.063   0.012[0m
[1;32muart:~$ [m[8D[J[00:11:01.764,000] [0m<inf> imu: LSM6DSV16X   a   0.512  -6.106   8.291  g  -0.011   0.002  -0.002[0m
[1;32muart:~$ [m[8D[J[1;32muart:~$ [m[8D[J[00:11:01.765,000] [0m<inf> imu: ICM-42688-P  a   0.517  -6.316   7.693  g  -0.000  -0.005   0.000[0m
[1;32muart:~$ [m[8D[J[00:11:01.866,000] [0m<inf> imu: LSM6DS3TR-C  a   0.264  -6.218   7.946  g   0.024  -0.062   0.014[0m
[1;32muart:~$ [m[8D[J[00:11:01.867,000] [0m<inf> imu: LSM6DSV16X   a   0.543  -6.056   8.298  g  -0.011   0.002  -0.002[0m
[1;32muart:~$ [m[8D[J[1;32muart:~$ [m[8D[J[00:11:01.867,000] [0m<inf> imu: ICM-42688-P  a   0.533  -6.260   7.690  g  -0.000  -0.005   0.001[0m
[1;32muart:~$ [m[8D[J[00:11:01.969,000] [0m<inf> imu: LSM6DS3TR-C  a   0.275  -6.264   7.984  g   0.025  -0.063   0.011[0m
[1;32muart:~$ [m[8D[J[00:11:01.970,000] [0m<inf> imu: LSM6DSV16X   a   0.576  -6.102   8.315  g  -0.011   0.002  -0.003[0m
[1;32muart:~$ [m[8D[J[1;32muart:~$ [m[8D[J[00:11:01.971,000] [0m<inf> imu: ICM-42688-P  a   0.547  -6.321   7.699  g   0.001  -0.006  -0.002[0m
[1;32muart:~$ [m[8D[J[00:11:02.072,000] [0m<inf> imu: LSM6DS3TR-C  a   0.209  -6.189   7.944  g   0.025  -0.065   0.011[0m
[1;32muart:~$ [m[8D[J[1;32muart:~$ [m[8D[J[00:11:02.073,000] [0m<inf> imu: LSM6DSV16X   a   0.493  -6.071   8.282  g  -0.012   0.002  -0.004[0m
[1;32muart:~$ [m[8D[J[00:11:02.073,000] [0m<inf> imu: ICM-42688-P  a   0.472  -6.269   7.640  g   0.000  -0.006  -0.002[0m
[1;32muart:~$ [m[8D[J[1;32muart:~$ [m[8D[J[00:11:02.175,000] [0m<inf> imu: LSM6DS3TR-C  a   0.191  -6.260   7.989  g   0.024  -0.062   0.013[0m
[1;32muart:~$ [m[8D[J[00:11:02.175,000] [0m<inf> imu: LSM6DSV16X   a   0.498  -6.100   8.298  g  -0.012   0.003  -0.001[0m
[1;32muart:~$ [m[8D[J[1;32muart:~$ [m[8D[J[00:11:02.176,000] [0m<inf> imu: ICM-42688-P  a   0.510  -6.303   7.683  g   0.000  -0.005   0.000[0m
[1;32muart:~$ [m[8D[J[00:11:02.277,000] [0m<inf> imu: LSM6DS3TR-C  a   0.281  -6.202   7.947  g   0.024  -0.062   0.012[0m
[1;32muart:~$ [m[8D[J[1;32muart:~$ [m[8D[J[00:11:02.278,000] [0m<inf> imu: LSM6DSV16X   a   0.548  -6.071   8.307  g  -0.012   0.002  -0.002[0m
[1;32muart:~$ [m[8D[J[00:11:02.279,000] [0m<inf> imu: ICM-42688-P  a   0.539  -6.279   7.677  g   0.000  -0.006  -0.001[0m
[1;32muart:~$ [m[8D[J[1;32muart:~$ [m[8D[J[00:11:02.380,000] [0m<inf> imu: LSM6DS3TR-C  a   0.259  -6.251   8.009  g   0.026  -0.064   0.012[0m
[1;32muart:~$ [m[8D[J[00:11:02.380,000] [0m<inf> imu: LSM6DSV16X   a   0.539  -6.099   8.325  g  -0.012   0.001  -0.003[0m
[1;32muart:~$ [m[8D[J[1;32muart:~$ [m[8D[J[00:11:02.381,000] [0m<inf> imu: ICM-42688-P  a   0.542  -6.291   7.700  g  -0.000  -0.006  -0.001[0m
[1;32muart:~$ [m[8D[J[00:11:02.482,000] [0m<inf> imu: LSM6DS3TR-C  a   0.214  -6.246   7.939  g   0.024  -0.062   0.011[0m
[1;32muart:~$ [m[8D[J[00:11:02.483,000] [0m<inf> imu: LSM6DSV16X   a   0.505  -6.083   8.284  g  -0.012   0.002  -0.003[0m
[1;32muart:~$ [m[8D[J[1;32muart:~$ [m[8D[J[00:11:02.483,000] [0m<inf> imu: ICM-42688-P  a   0.496  -6.275   7.651  g   0.001  -0.005  -0.001[0m
[1;32muart:~$ [m[8D[J[00:11:02.585,000] [0m<inf> imu: LSM6DS3TR-C  a   0.240  -6.223   7.959  g   0.024  -0.063   0.012[0m
[1;32muart:~$ [m[8D[J[1;32muart:~$ [m[8D[J[00:11:02.586,000] [0m<inf> imu: LSM6DSV16X   a   0.517  -6.090   8.308  g  -0.011   0.003  -0.002[0m
[1;32muart:~$ [m[8D[J[00:11:02.587,000] [0m<inf> imu: ICM-42688-P  a   0.503  -6.290   7.676  g  -0.001  -0.005   0.001[0m
[1;32muart:~$ [m[8D[J[00:11:02.688,000] [0m<inf> imu: LSM6DS3TR-C  a   0.237  -6.224   7.950  g   0.025  -0.062   0.011[0m
[1;32muart:~$ [m[8D[J[1;32muart:~$ [m[8D[J[00:11:02.689,000] [0m<inf> imu: LSM6DSV16X   a   0.540  -6.080   8.297  g  -0.012   0.002  -0.003[0m
[1;32muart:~$ [m[8D[J[00:11:02.689,000] [0m<inf> imu: ICM-42688-P  a   0.532  -6.276   7.673  g   0.000  -0.006  -0.001[0m
[1;32muart:~$ [m[8D[J[00:11:02.790,000] [0m<inf> imu: LSM6DS3TR-C  a   0.255  -6.236   7.981  g   0.023  -0.062   0.013[0m
[1;32muart:~$ [m[8D[J[00:11:02.791,000] [0m<inf> imu: LSM6DSV16X   a   0.529  -6.083   8.325  g  -0.012   0.002  -0.003[0m
[1;32muart:~$ [m[8D[J[1;32muart:~$ [m[8D[J[00:11:02.791,000] [0m<inf> imu: ICM-42688-P  a   0.521  -6.286   7.682  g   0.001  -0.006  -0.001[0m
[1;32muart:~$ [m[8D[J[1;32muart:~$ [m[8D[J[00:11:02.893,000] [0m<inf> imu: LSM6DS3TR-C  a   0.223  -6.213   7.951  g   0.024  -0.064   0.012[0m
[1;32muart:~$ [m[8D[J[00:11:02.893,000] [0m<inf> imu: LSM6DSV16X   a   0.508  -6.085   8.286  g  -0.010   0.002  -0.002[0m
[1;32muart:~$ [m[8D[J[1;32muart:~$ [m[8D[J[00:11:02.894,000] [0m<inf> imu: ICM-42688-P  a   0.515  -6.310   7.670  g   0.000  -0.005  -0.001[0m
[1;32muart:~$ [m[8D[J[00:11:02.995,000] [0m<inf> imu: LSM6DS3TR-C  a   0.199  -6.236   7.976  g   0.022  -0.061   0.013[0m
[1;32muart:~$ [m[8D[J[1;32muart:~$ [m[8D[J[00:11:02.996,000] [0m<inf> imu: LSM6DSV16X   a   0.526  -6.085   8.305  g  -0.011   0.003  -0.003[0m
[1;32muart:~$ [m[8D[J[00:11:02.996,000] [0m<inf> imu: ICM-42688-P  a   0.524  -6.294   7.688  g   0.000  -0.006  -0.001[0m
[1;32muart:~$ [m[8D[J[1;32muart:~$ [m[8D[J[00:11:03.097,000] [0m<inf> imu: LSM6DS3TR-C  a   0.275  -6.227   7.987  g   0.024  -0.062   0.013[0m
[1;32muart:~$ [m[8D[J[00:11:03.098,000] [0m<inf> imu: LSM6DSV16X   a   0.534  -6.086   8.299  g  -0.012   0.002  -0.002[0m
[1;32muart:~$ [m[8D[J[1;32muart:~$ [m[8D[J[00:11:03.098,000] [0m<inf> imu: ICM-42688-P  a   0.530  -6.284   7.675  g  -0.000  -0.005  -0.000[0m
[1;32muart:~$ [m[8D[J[00:11:03.199,000] [0m<inf> imu: LSM6DS3TR-C  a   0.246  -6.253   7.984  g   0.024  -0.059   0.010[0m
[1;32muart:~$ [m[8D[J[00:11:03.200,000] [0m<inf> imu: LSM6DSV16X   a   0.532  -6.087   8.306  g  -0.010   0.002  -0.003[0m
[1;32muart:~$ [m[8D[J[1;32muart:~$ [m[8D[J[00:11:03.201,000] [0m<inf> imu: ICM-42688-P  a   0.509  -6.275   7.691  g   0.000  -0.005  -0.001[0m
[1;32muart:~$ [m[8D[J[00:11:03.302,000] [0m<inf> imu: LSM6DS3TR-C  a   0.190  -6.219   7.969  g   0.024  -0.063   0.012[0m
[1;32muart:~$ [m[8D[J[00:11:03.303,000] [0m<inf> imu: LSM6DSV16X   a   0.517  -6.078   8.305  g  -0.012   0.003  -0.002[0m
[1;32muart:~$ [m[8D[J[1;32muart:~$ [m[8D[J[00:11:03.304,000] [0m<inf> imu: ICM-42688-P  a   0.515  -6.275   7.681  g  -0.000  -0.006  -0.001[0m
[1;32muart:~$ [m[8D[J[00:11:03.405,000] [0m<inf> imu: LSM6DS3TR-C  a   0.229  -6.267   7.971  g   0.024  -0.063   0.012[0m
[1;32muart:~$ [m[8D[J[1;32muart:~$ [m[8D[J[00:11:03.406,000] [0m<inf> imu: LSM6DSV16X   a   0.524  -6.084   8.294  g  -0.011   0.002  -0.002[0m
[1;32muart:~$ [m[8D[J[00:11:03.406,000] [0m<inf> imu: ICM-42688-P  a   0.512  -6.294   7.683  g   0.000  -0.006  -0.000[0m
[1;32muart:~$ [m[8D[J[1;32muart:~$ [m[8D[J[00:11:03.508,000] [0m<inf> imu: LSM6DS3TR-C  a   0.215  -6.223   7.996  g   0.025  -0.063   0.012[0m
[1;32muart:~$ [m[8D[J[00:11:03.509,000] [0m<inf> imu: LSM6DSV16X   a   0.524  -6.073   8.301  g  -0.011   0.002  -0.003[0m
[1;32muart:~$ [m[8D[J[1;32muart:~$ [m[8D[J[00:11:03.510,000] [0m<inf> imu: ICM-42688-P  a   0.530  -6.274   7.690  g   0.001  -0.006   0.000[0m
[1;32muart:~$ [m[8D[J[00:11:03.611,000] [0m<inf> imu: LSM6DS3TR-C  a   0.257  -6.265   7.995  g   0.024  -0.061   0.013[0m
[1;32muart:~$ [m[8D[J[1;32muart:~$ [m[8D[J[00:11:03.612,000] [0m<inf> imu: LSM6DSV16X   a   0.531  -6.095   8.301  g  -0.011   0.002  -0.002[0m
[1;32muart:~$ [m[8D[J[00:11:03.612,000] [0m<inf> imu: ICM-42688-P  a   0.515  -6.302   7.677  g   0.000  -0.006  -0.000[0m
[1;32muart:~$ [m[8D[J[1;32muart:~$ [m[8D[J[00:11:03.713,000] [0m<inf> imu: LSM6DS3TR-C  a   0.241  -6.240   7.955  g   0.025  -0.062   0.010[0m
[1;32muart:~$ [m[8D[J[00:11:03.714,000] [0m<inf> imu: LSM6DSV16X   a   0.519  -6.085   8.311  g  -0.011   0.002  -0.003[0m
[1;32muart:~$ [m[8D[J[1;32muart:~$ [m[8D[J[00:11:03.714,000] [0m<inf> imu: ICM-42688-P  a   0.517  -6.286   7.663  g   0.000  -0.005  -0.001[0m
[1;32muart:~$ [m[8D[J[00:11:03.815,000] [0m<inf> imu: LSM6DS3TR-C  a   0.195  -6.221   7.936  g   0.024  -0.063   0.013[0m
[1;32muart:~$ [m[8D[J[00:11:03.816,000] [0m<inf> imu: LSM6DSV16X   a   0.521  -6.085   8.302  g  -0.012   0.003  -0.003[0m
[1;32muart:~$ [m[8D[J[1;32muart:~$ [m[8D[J[00:11:03.817,000] [0m<inf> imu: ICM-42688-P  a   0.521  -6.291   7.682  g   0.000  -0.005  -0.001[0m
[1;32muart:~$ [m[8D[J[00:11:03.918,000] [0m<inf> imu: LSM6DS3TR-C  a   0.248  -6.254   7.965  g   0.024  -0.061   0.012[0m
[1;32muart:~$ [m[8D[J[1;32muart:~$ [m[8D[J[00:11:03.919,000] [0m<inf> imu: LSM6DSV16X   a   0.522  -6.085   8.294  g  -0.010   0.002  -0.003[0m
[1;32muart:~$ [m[8D[J[00:11:03.919,000] [0m<inf> imu: ICM-42688-P  a   0.521  -6.282   7.677  g   0.000  -0.005  -0.001[0m
[1;32muart:~$ [m[8D[J[00:11:04.021,000] [0m<inf> imu: LSM6DS3TR-C  a   0.230  -6.243   7.941  g   0.024  -0.062   0.012[0m
[1;32muart:~$ [m[8D[J[1;32muart:~$ [m[8D[J[00:11:04.021,000] [0m<inf> imu: LSM6DSV16X   a   0.526  -6.087   8.301  g  -0.010   0.002  -0.002[0m
[1;32muart:~$ [m[8D[J[00:11:04.022,000] [0m<inf> imu: ICM-42688-P  a   0.523  -6.286   7.677  g   0.002  -0.006  -0.000[0m
[1;32muart:~$ [m[8D[J[00:11:04.123,000] [0m<inf> imu: LSM6DS3TR-C  a   0.223  -6.223   7.918  g   0.024  -0.060   0.011[0m
[1;32muart:~$ [m[8D[J[00:11:04.124,000] [0m<inf> imu: LSM6DSV16X   a   0.521  -6.087   8.289  g  -0.012   0.002  -0.002[0m
[1;32muart:~$ [m[8D[J[1;32muart:~$ [m[8D[J[00:11:04.124,000] [0m<inf> imu: ICM-42688-P  a   0.517  -6.292   7.677  g   0.000  -0.006   0.000[0m
[1;32muart:~$ [m[8D[J[1;32muart:~$ [m[8D[J[00:11:04.225,000] [0m<inf> imu: LSM6DS3TR-C  a   0.245  -6.239   7.965  g   0.024  -0.062   0.011[0m
[1;32muart:~$ [m[8D[J[00:11:04.226,000] [0m<inf> imu: LSM6DSV16X   a   0.529  -6.081   8.305  g  -0.010   0.002  -0.003[0m
[1;32muart:~$ [m[8D[J[1;32muart:~$ [m[8D[J[00:11:04.227,000] [0m<inf> imu: ICM-42688-P  a   0.520  -6.290   7.683  g   0.000  -0.005  -0.001[0m
[1;32muart:~$ [m[8D[J[00:11:04.328,000] [0m<inf> imu: LSM6DS3TR-C  a   0.226  -6.290   7.961  g   0.025  -0.064   0.012[0m
[1;32muart:~$ [m[8D[J[1;32muart:~$ [m[8D[J[00:11:04.328,000] [0m<inf> imu: LSM6DSV16X   a   0.519  -6.086   8.303  g  -0.011   0.002  -0.003[0m
[1;32muart:~$ [m[8D[J[00:11:04.329,000] [0m<inf> imu: ICM-42688-P  a   0.504  -6.302   7.682  g   0.000  -0.005  -0.001[0m
[1;32muart:~$ [m[8D[J[1;32muart:~$ [m[8D[J[00:11:04.430,000] [0m<inf> imu: LSM6DS3TR-C  a   0.257  -6.234   7.981  g   0.023  -0.063   0.012[0m
[1;32muart:~$ [m[8D[J[00:11:04.431,000] [0m<inf> imu: LSM6DSV16X   a   0.525  -6.089   8.300  g  -0.011   0.003  -0.003[0m
[1;32muart:~$ [m[8D[J[1;32muart:~$ [m[8D[J[00:11:04.431,000] [0m<inf> imu: ICM-42688-P  a   0.523  -6.285   7.688  g   0.000  -0.005  -0.000[0m
[1;32muart:~$ [m[8D[J[00:11:04.532,000] [0m<inf> imu: LSM6DS3TR-C  a   0.235  -6.239   7.942  g   0.024  -0.063   0.014[0m
[1;32muart:~$ [m[8D[J[00:11:04.533,000] [0m<inf> imu: LSM6DSV16X   a   0.526  -6.087   8.301  g  -0.013   0.003  -0.002[0m
[1;32muart:~$ [m[8D[J[1;32muart:~$ [m[8D[J[00:11:04.533,000] [0m<inf> imu: ICM-42688-P  a   0.528  -6.282   7.685  g   0.001  -0.006   0.000[0m
[1;32muart:~$ [m[8D[J[00:11:04.635,000] [0m<inf> imu: LSM6DS3TR-C  a   0.220  -6.257   7.970  g   0.023  -0.062   0.012[0m
[1;32muart:~$ [m[8D[J[00:11:04.637,000] [0m<inf> imu: LSM6DSV16X   a   0.524  -6.083   8.296  g  -0.011   0.002  -0.002[0m
[1;32muart:~$ [m[8D[J[1;32muart:~$ [m[8D[J[00:11:04.637,000] [0m<inf> imu: ICM-42688-P  a   0.512  -6.282   7.673  g   0.001  -0.005  -0.001[0m
[1;32muart:~$ [m[8D[J[00:11:04.739,000] [0m<inf> imu: LSM6DS3TR-C  a   0.224  -6.241   8.009  g   0.022  -0.063   0.012[0m
[1;32muart:~$ [m[8D[J[1;32muart:~$ [m[8D[J[00:11:04.739,000] [0m<inf> imu: LSM6DSV16X   a   0.527  -6.087   8.305  g  -0.011   0.002  -0.002[0m
[1;32muart:~$ [m[8D[J[00:11:04.740,000] [0m<inf> imu: ICM-42688-P  a   0.510  -6.281   7.691  g   0.000  -0.005   0.000[0m
[1;32muart:~$ [m[8D[J[1;32muart:~$ [m[8D[J[00:11:04.841,000] [0m<inf> imu: LSM6DS3TR-C  a   0.248  -6.233   7.984  g   0.025  -0.062   0.012[0m
[1;32muart:~$ [m[8D[J[00:11:04.843,000] [0m<inf> imu: LSM6DSV16X   a   0.534  -6.090   8.298  g  -0.011   0.002  -0.003[0m
[1;32muart:~$ [m[8D[J[1;32muart:~$ [m[8D[J[00:11:04.843,000] [0m<inf> imu: ICM-42688-P  a   0.524  -6.280   7.678  g   0.001  -0.004   0.000[0m
[1;32muart:~$ [m[8D[J[00:11:04.945,000] [0m<inf> imu: LSM6DS3TR-C  a   0.244  -6.242   7.974  g   0.024  -0.063   0.012[0m
[1;32muart:~$ [m[8D[J[1;32muart:~$ [m[8D[J[00:11:04.945,000] [0m<inf> imu: LSM6DSV16X   a   0.525  -6.080   8.313  g  -0.011   0.001  -0.003[0m
[1;32muart:~$ [m[8D[J[00:11:04.946,000] [0m<inf> imu: ICM-42688-P  a   0.522  -6.284   7.683  g   0.001  -0.006   0.000[0m
[1;32muart:~$ [m[8D[J[1;32muart:~$ [m[8D[J[00:11:05.047,000] [0m<inf> imu: LSM6DS3TR-C  a   0.237  -6.282   7.970  g   0.026  -0.063   0.013[0m
[1;32muart:~$ [m[8D[J[00:11:05.048,000] [0m<inf> imu: LSM6DSV16X   a   0.517  -6.089   8.300  g  -0.012   0.002  -0.003[0m
[1;32muart:~$ [m[8D[J[00:11:05.048,000] [0m<inf> imu: ICM-42688-P  a   0.515  -6.286   7.670  g   0.000  -0.006   0.000[0m
[1;32muart:~$ [m[8D[J[1;32muart:~$ [m[8D[J[00:11:05.149,000] [0m<inf> imu: LSM6DS3TR-C  a   0.217  -6.240   7.950  g   0.024  -0.063   0.012[0m
[1;32muart:~$ [m[8D[J[00:11:05.150,000] [0m<inf> imu: LSM6DSV16X   a   0.512  -6.092   8.305  g  -0.012   0.001  -0.002[0m
[1;32muart:~$ [m[8D[J[00:11:05.150,000] [0m<inf> imu: ICM-42688-P  a   0.510  -6.290   7.691  g   0.000  -0.005  -0.001[0m
[1;32muart:~$ [m[8D[J[1;32muart:~$ [m[8D[J[00:11:05.252,000] [0m<inf> imu: LSM6DS3TR-C  a   0.233  -6.215   7.979  g   0.025  -0.064   0.012[0m
[1;32muart:~$ [m[8D[J[00:11:05.252,000] [0m<inf> imu: LSM6DSV16X   a   0.531  -6.083   8.291  g  -0.013   0.002  -0.002[0m
[1;32muart:~$ [m[8D[J[1;32muart:~$ [m[8D[J[00:11:05.253,000] [0m<inf> imu: ICM-42688-P  a   0.517  -6.276   7.683  g   0.000  -0.005   0.001[0m
[1;32muart:~$ [m[8D[J[00:11:05.355,000] [0m<inf> imu: LSM6DS3TR-C  a   0.215  -6.246   7.988  g   0.025  -0.063   0.012[0m
[1;32muart:~$ [m[8D[J[1;32muart:~$ [m[8D[J[00:11:05.356,000] [0m<inf> imu: LSM6DSV16X   a   0.529  -6.090   8.311  g  -0.012   0.002  -0.002[0m
[1;32muart:~$ [m[8D[J[00:11:05.357,000] [0m<inf> imu: ICM-42688-P  a   0.521  -6.298   7.695  g   0.001  -0.005  -0.001[0m
[1;32muart:~$ [m[8D[J[1;32muart:~$ [m[8D[J[00:11:05.458,000] [0m<inf> imu: LSM6DS3TR-C  a   0.258  -6.241   7.979  g   0.024  -0.063   0.013[0m
[1;32muart:~$ [m[8D[J[00:11:05.460,000] [0m<inf> imu: LSM6DSV16X   a   0.521  -6.071   8.308  g  -0.012   0.003  -0.003[0m
[1;32muart:~$ [m[8D[J[1;32muart:~$ [m[8D[J[00:11:05.460,000] [0m<inf> imu: ICM-42688-P  a   0.529  -6.272   7.672  g   0.001  -0.006  -0.000[0m
[1;32muart:~$ [m[8D[J[00:11:05.562,000] [0m<inf> imu: LSM6DS3TR-C  a   0.249  -6.245   7.966  g   0.023  -0.063   0.013[0m
[1;32muart:~$ [m[8D[J[1;32muart:~$ [m[8D[J[00:11:05.562,000] [0m<inf> imu: LSM6DSV16X   a   0.524  -6.090   8.306  g  -0.011   0.002  -0.003[0m
[1;32muart:~$ [m[8D[J[00:11:05.563,000] [0m<inf> imu: ICM-42688-P  a   0.524  -6.286   7.671  g   0.000  -0.006  -0.001[0m
[1;32muart:~$ [m[8D[J[1;32muart:~$ [m[8D[J[00:11:05.664,000] [0m<inf> imu: LSM6DS3TR-C  a   0.230  -6.247   7.930  g   0.025  -0.064   0.012[0m
[1;32muart:~$ [m[8D[J[00:11:05.665,000] [0m<inf> imu: LSM6DSV16X   a   0.526  -6.083   8.308  g  -0.012   0.002  -0.002[0m
[1;32muart:~$ [m[8D[J[1;32muart:~$ [m[8D[J[00:11:05.665,000] [0m<inf> imu: ICM-42688-P  a   0.511  -6.287   7.678  g   0.001  -0.005   0.001[0m
[1;32muart:~$ [m[8D[J[00:11:05.766,000] [0m<inf> imu: LSM6DS3TR-C  a   0.244  -6.255   7.972  g   0.024  -0.064   0.011[0m
[1;32muart:~$ [m[8D[J[00:11:05.767,000] [0m<inf> imu: LSM6DSV16X   a   0.531  -6.083   8.298  g  -0.011   0.002  -0.003[0m
[1;32muart:~$ [m[8D[J[1;32muart:~$ [m[8D[J[00:11:05.767,000] [0m<inf> imu: ICM-42688-P  a   0.521  -6.300   7.675  g   0.000  -0.005   0.000[0m
[1;32muart:~$ [m[8D[J[00:11:05.869,000] [0m<inf> imu: LSM6DS3TR-C  a   0.234  -6.245   7.952  g   0.024  -0.063   0.013[0m
[1;32muart:~$ [m[8D[J[00:11:05.870,000] [0m<inf> imu: LSM6DSV16X   a   0.528  -6.078   8.301  g  -0.011   0.002  -0.002[0m
[1;32muart:~$ [m[8D[J[1;32muart:~$ [m[8D[J[00:11:05.871,000] [0m<inf> imu: ICM-42688-P  a   0.514  -6.285   7.682  g   0.000  -0.006   0.000[0m
[1;32muart:~$ [m[8D[J[00:11:05.972,000] [0m<inf> imu: LSM6DS3TR-C  a   0.236  -6.225   8.008  g   0.025  -0.063   0.011[0m
[1;32muart:~$ [m[8D[J[1;32muart:~$ [m[8D[J[00:11:05.973,000] [0m<inf> imu: LSM6DSV16X   a   0.522  -6.087   8.308  g  -0.011   0.003  -0.002[0m
[1;32muart:~$ [m[8D[J[00:11:05.973,000] [0m<inf> imu: ICM-42688-P  a   0.508  -6.290   7.703  g   0.000  -0.006  -0.001[0m
[1;32muart:~$ [m[8D[J[1;32muart:~$ [m[8D[J[00:11:06.075,000] [0m<inf> imu: LSM6DS3TR-C  a   0.199  -6.220   7.950  g   0.023  -0.062   0.010[0m
[1;32muart:~$ [m[8D[J[00:11:06.076,000] [0m<inf> imu: LSM6DSV16X   a   0.527  -6.083   8.308  g  -0.011   0.002  -0.003[0m
[1;32muart:~$ [m[8D[J[00:11:06.077,000] [0m<inf> imu: ICM-42688-P  a   0.512  -6.276   7.681  g   0.000  -0.005  -0.001[0m
[1;32muart:~$ [m[8D[J[00:11:06.178,000] [0m<inf> imu: LSM6DS3TR-C  a   0.236  -6.246   7.984  g   0.022  -0.060   0.014[0m
[1;32muart:~$ [m[8D[J[1;32muart:~$ [m[8D[J[00:11:06.179,000] [0m<inf> imu: LSM6DSV16X   a   0.528  -6.075   8.298  g  -0.012   0.002  -0.003[0m
[1;32muart:~$ [m[8D[J[00:11:06.179,000] [0m<inf> imu: ICM-42688-P  a   0.530  -6.280   7.703  g   0.001  -0.005   0.001[0m
[1;32muart:~$ [m[8D[J[1;32muart:~$ [m[8D[J[00:11:06.281,000] [0m<inf> imu: LSM6DS3TR-C  a   0.245  -6.246   7.978  g   0.026  -0.064   0.011[0m
[1;32muart:~$ [m[8D[J[00:11:06.281,000] [0m<inf> imu: LSM6DSV16X   a   0.534  -6.077   8.296  g  -0.011   0.002  -0.002[0m
[1;32muart:~$ [m[8D[J[1;32muart:~$ [m[8D[J[00:11:06.282,000] [0m<inf> imu: ICM-42688-P  a   0.512  -6.287   7.689  g   0.001  -0.006  -0.001[0m
[1;32muart:~$ [m[8D[J[00:11:06.383,000] [0m<inf> imu: LSM6DS3TR-C  a   0.199  -6.227   7.983  g   0.023  -0.063   0.012[0m
[1;32muart:~$ [m[8D[J[1;32muart:~$ [m[8D[J[00:11:06.383,000] [0m<inf> imu: LSM6DSV16X   a   0.526  -6.083   8.305  g  -0.011   0.002  -0.003[0m
[1;32muart:~$ [m[8D[J[00:11:06.384,000] [0m<inf> imu: ICM-42688-P  a   0.518  -6.282   7.678  g   0.001  -0.006  -0.001[0m
[1;32muart:~$ [m[8D[J[00:11:06.486,000] [0m<inf> imu: LSM6DS3TR-C  a   0.243  -6.242   7.952  g   0.024  -0.062   0.013[0m
[1;32muart:~$ [m[8D[J[00:11:06.487,000] [0m<inf> imu: LSM6DSV16X   a   0.522  -6.087   8.296  g  -0.010   0.002  -0.003[0m
[1;32muart:~$ [m[8D[J[00:11:06.488,000] [0m<inf> imu: ICM-42688-P  a   0.512  -6.290   7.673  g   0.000  -0.005  -0.001[0m
[1;32muart:~$ [m[8D[J[1;32muart:~$ [m[8D[J[00:11:06.589,000] [0m<inf> imu: LSM6DS3TR-C  a   0.215  -6.232   7.954  g   0.024  -0.062   0.013[0m
[1;32muart:~$ [m[8D[J[00:11:06.589,000] [0m<inf> imu: LSM6DSV16X   a   0.524  -6.085   8.304  g  -0.012   0.002  -0.003[0m
[1;32muart:~$ [m[8D[J[1;32muart:~$ [m[8D[J[00:11:06.590,000] [0m<inf> imu: ICM-42688-P  a   0.514  -6.285   7.687  g   0.000  -0.005  -0.001[0m
[1;32muart:~$ [m[8D[J[00:11:06.691,000] [0m<inf> imu: LSM6DS3TR-C  a   0.218  -6.224   7.966  g   0.025  -0.061   0.012[0m
[1;32muart:~$ [m[8D[J[1;32muart:~$ [m[8D[J[00:11:06.692,000] [0m<inf> imu: LSM6DSV16X   a   0.525  -6.089   8.302  g  -0.011   0.002  -0.003[0m
[1;32muart:~$ [m[8D[J[00:11:06.692,000] [0m<inf> imu: ICM-42688-P  a   0.516  -6.291   7.682  g   0.000  -0.005  -0.001[0m
[1;32muart:~$ [m[8D[J[1;32muart:~$ [m[8D[J[00:11:06.793,000] [0m<inf> imu: LSM6DS3TR-C  a   0.226  -6.245   7.947  g   0.022  -0.062   0.013[0m
[1;32muart:~$ [m[8D[J[00:11:06.794,000] [0m<inf> imu: LSM6DSV16X   a   0.529  -6.087   8.298  g  -0.012   0.002  -0.003[0m
[1;32muart:~$ [m[8D[J[1;32muart:~$ [m[8D[J[00:11:06.794,000] [0m<inf> imu: ICM-42688-P  a   0.529  -6.290   7.685  g   0.000  -0.005  -0.000[0m
[1;32muart:~$ [m[8D[J[00:11:06.895,000] [0m<inf> imu: LSM6DS3TR-C  a   0.227  -6.181   7.982  g   0.024  -0.061   0.013[0m
[1;32muart:~$ [m[8D[J[1;32muart:~$ [m[8D[J[00:11:06.896,000] [0m<inf> imu: LSM6DSV16X   a   0.534  -6.082   8.301  g  -0.011   0.002  -0.003[0m
[1;32muart:~$ [m[8D[J[00:11:06.897,000] [0m<inf> imu: ICM-42688-P  a   0.514  -6.294   7.679  g   0.001  -0.006  -0.001[0m
[1;32muart:~$ [m[8D[J[1;32muart:~$ [m[8D[J[00:11:06.998,000] [0m<inf> imu: LSM6DS3TR-C  a   0.209  -6.218   7.921  g   0.025  -0.061   0.012[0m
[1;32muart:~$ [m[8D[J[00:11:06.999,000] [0m<inf> imu: LSM6DSV16X   a   0.528  -6.086   8.305  g  -0.011   0.002  -0.003[0m
[1;32muart:~$ [m[8D[J[1;32muart:~$ [m[8D[J[00:11:06.999,000] [0m<inf> imu: ICM-42688-P  a   0.512  -6.285   7.685  g   0.000  -0.006   0.000[0m
[1;32muart:~$ [m[8D[J[00:11:07.100,000] [0m<inf> imu: LSM6DS3TR-C  a   0.238  -6.204   7.975  g   0.024  -0.064   0.010[0m
[1;32muart:~$ [m[8D[J[00:11:07.101,000] [0m<inf> imu: LSM6DSV16X   a   0.531  -6.080   8.301  g  -0.011   0.002  -0.002[0m
[1;32muart:~$ [m[8D[J[00:11:07.101,000] [0m<inf> imu: ICM-42688-P  a   0.510  -6.293   7.697  g   0.000  -0.005  -0.001[0m
[1;32muart:~$ [m[8D[J[00:11:07.203,000] [0m<inf> imu: LSM6DS3TR-C  a   0.219  -6.242   7.977  g   0.024  -0.064   0.014[0m
[1;32muart:~$ [m[8D[J[1;32muart:~$ [m[8D[J[00:11:07.204,000] [0m<inf> imu: LSM6DSV16X   a   0.524  -6.083   8.298  g  -0.011   0.003  -0.003[0m
[1;32muart:~$ [m[8D[J[00:11:07.205,000] [0m<inf> imu: ICM-42688-P  a   0.526  -6.291   7.661  g   0.001  -0.006  -0.000[0m
[1;32muart:~$ [m[8D[J[1;32muart:~$ [m[8D[J[00:11:07.306,000] [0m<inf> imu: LSM6DS3TR-C  a   0.236  -6.248   7.932  g   0.023  -0.061   0.013[0m
[1;32muart:~$ [m[8D[J[00:11:07.307,000] [0m<inf> imu: LSM6DSV16X   a   0.522  -6.085   8.300  g  -0.011   0.002  -0.003[0m
[1;32muart:~$ [m[8D[J[1;32muart:~$ [m[8D[J[00:11:07.308,000] [0m<inf> imu: ICM-42688-P  a   0.521  -6.293   7.683  g  -0.001  -0.006   0.000[0m
[1;32muart:~$ [m[8D[J[00:11:07.410,000] [0m<inf> imu: LSM6DS3TR-C  a   0.243  -6.236   8.018  g   0.025  -0.063   0.014[0m
[1;32muart:~$ [m[8D[J[1;32muart:~$ [m[8D[J[00:11:07.411,000] [0m<inf> imu: LSM6DSV16X   a   0.534  -6.083   8.315  g  -0.011   0.002  -0.003[0m
[1;32muart:~$ [m[8D[J[00:11:07.412,000] [0m<inf> imu: ICM-42688-P  a   0.515  -6.290   7.687  g   0.000  -0.005  -0.001[0m
[1;32muart:~$ [m[8D[J[1;32muart:~$ [m[8D[J[00:11:07.513,000] [0m<inf> imu: LSM6DS3TR-C  a   0.229  -6.236   7.940  g   0.024  -0.064   0.012[0m
[1;32muart:~$ [m[8D[J[00:11:07.514,000] [0m<inf> imu: LSM6DSV16X   a   0.524  -6.080   8.310  g  -0.011   0.002  -0.002[0m
[1;32muart:~$ [m[8D[J[1;32muart:~$ [m[8D[J[00:11:07.514,000] [0m<inf> imu: ICM-42688-P  a   0.517  -6.282   7.670  g   0.001  -0.006  -0.001[0m
[1;32muart:~$ [m[8D[J[00:11:07.615,000] [0m<inf> imu: LSM6DS3TR-C  a   0.209  -6.226   7.982  g   0.023  -0.063   0.011[0m
[1;32muart:~$ [m[8D[J[1;32muart:~$ [m[8D[J[00:11:07.616,000] [0m<inf> imu: LSM6DSV16X   a   0.526  -6.085   8.297  g  -0.011   0.002  -0.003[0m
[1;32muart:~$ [m[8D[J[00:11:07.617,000] [0m<inf> imu: ICM-42688-P  a   0.517  -6.282   7.694  g   0.000  -0.005  -0.001[0m
[1;32muart:~$ [m[8D[J[1;32muart:~$ [m[8D[J[00:11:07.718,000] [0m<inf> imu: LSM6DS3TR-C  a   0.212  -6.216   7.951  g   0.025  -0.060   0.014[0m
[1;32muart:~$ [m[8D[J[00:11:07.718,000] [0m<inf> imu: LSM6DSV16X   a   0.526  -6.086   8.303  g  -0.012   0.003  -0.002[0m
[1;32muart:~$ [m[8D[J[1;32muart:~$ [m[8D[J[00:11:07.719,000] [0m<inf> imu: ICM-42688-P  a   0.512  -6.284   7.684  g   0.000  -0.005   0.000[0m
[1;32muart:~$ [m[8D[J[00:11:07.820,000] [0m<inf> imu: LSM6DS3TR-C  a   0.218  -6.246   8.014  g   0.022  -0.063   0.014[0m
[1;32muart:~$ [m[8D[J[00:11:07.821,000] [0m<inf> imu: LSM6DSV16X   a   0.525  -6.085   8.301  g  -0.012   0.001  -0.002[0m
[1;32muart:~$ [m[8D[J[1;32muart:~$ [m[8D[J[00:11:07.821,000] [0m<inf> imu: ICM-42688-P  a   0.520  -6.287   7.682  g   0.001  -0.005   0.000[0m
[1;32muart:~$ [m[8D[J[00:11:07.923,000] [0m<inf> imu: LSM6DS3TR-C  a   0.234  -6.207   7.989  g   0.025  -0.062   0.011[0m
[1;32muart:~$ [m[8D[J[1;32muart:~$ [m[8D[J[00:11:07.924,000] [0m<inf> imu: LSM6DSV16X   a   0.519  -6.083   8.305  g  -0.011   0.002  -0.003[0m
[1;32muart:~$ [m[8D[J[00:11:07.925,000] [0m<inf> imu: ICM-42688-P  a   0.522  -6.273   7.691  g   0.000  -0.005  -0.001[0m
[1;32muart:~$ [m[8D[J[1;32muart:~$ [m[8D[J[00:11:08.026,000] [0m<inf> imu: LSM6DS3TR-C  a   0.215  -6.262   7.999  g   0.024  -0.062   0.010[0m
[1;32muart:~$ [m[8D[J[00:11:08.027,000] [0m<inf> imu: LSM6DSV16X   a   0.522  -6.082   8.299  g  -0.012   0.002  -0.003[0m
[1;32muart:~$ [m[8D[J[00:11:08.027,000] [0m<inf> imu: ICM-42688-P  a   0.515  -6.280   7.679  g   0.001  -0.005  -0.000[0m
[1;32muart:~$ [m[8D[J[1;32muart:~$ [m[8D[J[00:11:08.129,000] [0m<inf> imu: LSM6DS3TR-C  a   0.251  -6.252   7.970  g   0.023  -0.062   0.012[0m
[1;32muart:~$ [m[8D[J[00:11:08.130,000] [0m<inf> imu: LSM6DSV16X   a   0.520  -6.087   8.301  g  -0.011   0.002  -0.003[0m
[1;32muart:~$ [m[8D[J[1;32muart:~$ [m[8D[J[00:11:08.131,000] [0m<inf> imu: ICM-42688-P  a   0.518  -6.300   7.677  g   0.000  -0.005  -0.001[0m
[1;32muart:~$ [m[8D[J[00:11:08.232,000] [0m<inf> imu: LSM6DS3TR-C  a   0.239  -6.220   7.944  g   0.024  -0.060   0.011[0m
[1;32muart:~$ [m[8D[J[1;32muart:~$ [m[8D[J[00:11:08.233,000] [0m<inf> imu: LSM6DSV16X   a   0.522  -6.087   8.298  g  -0.010   0.003  -0.003[0m
[1;32muart:~$ [m[8D[J[00:11:08.233,000] [0m<inf> imu: ICM-42688-P  a   0.523  -6.282   7.675  g   0.001  -0.005  -0.000[0m
[1;32muart:~$ [m[8D[J[1;32muart:~$ [m[8D[J[00:11:08.334,000] [0m<inf> imu: LSM6DS3TR-C  a   0.251  -6.204   7.976  g   0.026  -0.062   0.013[0m
[1;32muart:~$ [m[8D[J[00:11:08.335,000] [0m<inf> imu: LSM6DSV16X   a   0.531  -6.075   8.291  g  -0.011   0.002  -0.003[0m
[1;32muart:~$ [m[8D[J[1;32muart:~$ [m[8D[J[00:11:08.336,000] [0m<inf> imu: ICM-42688-P  a   0.514  -6.293   7.661  g   0.001  -0.006  -0.001[0m
[1;32muart:~$ [m[8D[J[00:11:08.437,000] [0m<inf> imu: LSM6DS3TR-C  a   0.199  -6.228   7.958  g   0.024  -0.062   0.012[0m
[1;32muart:~$ [m[8D[J[00:11:08.437,000] [0m<inf> imu: LSM6DSV16X   a   0.525  -6.085   8.298  g  -0.012   0.002  -0.002[0m
[1;32muart:~$ [m[8D[J[1;32muart:~$ [m[8D[J[00:11:08.438,000] [0m<inf> imu: ICM-42688-P  a   0.516  -6.285   7.670  g   0.001  -0.006  -0.001[0m
[1;32muart:~$ [m[8D[J[00:11:08.540,000] [0m<inf> imu: LSM6DS3TR-C  a   0.229  -6.250   7.981  g   0.024  -0.063   0.011[0m
[1;32muart:~$ [m[8D[J[1;32muart:~$ [m[8D[J[00:11:08.540,000] [0m<inf> imu: LSM6DSV16X   a   0.526  -6.084   8.299  g  -0.011   0.002  -0.003[0m
[1;32muart:~$ [m[8D[J[00:11:08.541,000] [0m<inf> imu: ICM-42688-P  a   0.521  -6.294   7.690  g  -0.001  -0.005   0.000[0m
[1;32muart:~$ [m[8D[J[00:11:08.642,000] [0m<inf> imu: LSM6DS3TR-C  a   0.245  -6.254   7.939  g   0.025  -0.064   0.012[0m
[1;32muart:~$ [m[8D[J[1;32muart:~$ [m[8D[J[00:11:08.643,000] [0m<inf> imu: LSM6DSV16X   a   0.526  -6.094   8.308  g  -0.012   0.002  -0.003[0m
[1;32muart:~$ [m[8D[J[00:11:08.643,000] [0m<inf> imu: ICM-42688-P  a   0.517  -6.294   7.677  g   0.000  -0.004   0.000[0m
[1;32muart:~$ [m[8D[J[00:11:08.744,000] [0m<inf> imu: LSM6DS3TR-C  a   0.228  -6.245   7.957  g   0.024  -0.062   0.011[0m
[1;32muart:~$ [m[8D[J[00:11:08.745,000] [0m<inf> imu: LSM6DSV16X   a   0.529  -6.085   8.306  g  -0.012   0.002  -0.003[0m
[1;32muart:~$ [m[8D[J[1;32muart:~$ [m[8D[J[00:11:08.746,000] [0m<inf> imu: ICM-42688-P  a   0.518  -6.293   7.681  g  -0.001  -0.005  -0.001[0m
[1;32muart:~$ [m[8D[J[1;32muart:~$ [m[8D[J[00:11:08.847,000] [0m<inf> imu: LSM6DS3TR-C  a   0.245  -6.209   7.982  g   0.024  -0.063   0.012[0m
[1;32muart:~$ [m[8D[J[00:11:08.847,000] [0m<inf> imu: LSM6DSV16X   a   0.519  -6.075   8.299  g  -0.012   0.002  -0.003[0m
[1;32muart:~$ [m[8D[J[1;32muart:~$ [m[8D[J[00:11:08.848,000] [0m<inf> imu: ICM-42688-P  a   0.521  -6.286   7.678  g   0.001  -0.005  -0.000[0m
[1;32muart:~$ [m[8D[J[00:11:08.949,000] [0m<inf> imu: LSM6DS3TR-C  a   0.232  -6.238   7.946  g   0.024  -0.061   0.012[0m
[1;32muart:~$ [m[8D[J[1;32muart:~$ [m[8D[J[00:11:08.950,000] [0m<inf> imu: LSM6DSV16X   a   0.534  -6.083   8.316  g  -0.011   0.002  -0.003[0m
[1;32muart:~$ [m[8D[J[00:11:08.950,000] [0m<inf> imu: ICM-42688-P  a   0.517  -6.290   7.689  g   0.001  -0.007   0.000[0m
[1;32muart:~$ [m[8D[J[1;32muart:~$ [m[8D[J[00:11:09.051,000] [0m<inf> imu: LSM6DS3TR-C  a   0.221  -6.230   7.959  g   0.023  -0.063   0.012[0m
[1;32muart:~$ [m[8D[J[00:11:09.052,000] [0m<inf> imu: LSM6DSV16X   a   0.528  -6.087   8.303  g  -0.012   0.002  -0.002[0m
[1;32muart:~$ [m[8D[J[00:11:09.052,000] [0m<inf> imu: ICM-42688-P  a   0.511  -6.292   7.675  g   0.001  -0.006  -0.000[0m
[1;32muart:~$ [m[8D[J[1;32muart:~$ [m[8D[J[00:11:09.154,000] [0m<inf> imu: LSM6DS3TR-C  a   0.209  -6.221   7.949  g   0.024  -0.062   0.013[0m
[1;32muart:~$ [m[8D[J[00:11:09.154,000] [0m<inf> imu: LSM6DSV16X   a   0.534  -6.085   8.312  g  -0.012   0.002  -0.003[0m
[1;32muart:~$ [m[8D[J[1;32muart:~$ [m[8D[J[00:11:09.155,000] [0m<inf> imu: ICM-42688-P  a   0.511  -6.294   7.678  g   0.001  -0.006  -0.001[0m
[1;32muart:~$ [m[8D[J[00:11:09.257,000] [0m<inf> imu: LSM6DS3TR-C  a   0.217  -6.245   7.969  g   0.024  -0.063   0.014[0m
[1;32muart:~$ [m[8D[J[00:11:09.258,000] [0m<inf> imu: LSM6DSV16X   a   0.519  -6.084   8.303  g  -0.011   0.002  -0.003[0m
[1;32muart:~$ [m[8D[J[1;32muart:~$ [m[8D[J[00:11:09.259,000] [0m<inf> imu: ICM-42688-P  a   0.512  -6.300   7.684  g  -0.000  -0.006   0.001[0m
[1;32muart:~$ [m[8D[J[00:11:09.360,000] [0m<inf> imu: LSM6DS3TR-C  a   0.213  -6.226   7.962  g   0.024  -0.061   0.013[0m
[1;32muart:~$ [m[8D[J[1;32muart:~$ [m[8D[J[00:11:09.361,000] [0m<inf> imu: LSM6DSV16X   a   0.524  -6.078   8.302  g  -0.011   0.002  -0.002[0m
[1;32muart:~$ [m[8D[J[00:11:09.361,000] [0m<inf> imu: ICM-42688-P  a   0.527  -6.287   7.684  g   0.001  -0.005   0.000[0m
[1;32muart:~$ [m[8D[J[1;32muart:~$ [m[8D[J[00:11:09.462,000] [0m<inf> imu: LSM6DS3TR-C  a   0.273  -6.231   7.985  g   0.025  -0.063   0.011[0m
[1;32muart:~$ [m[8D[J[00:11:09.464,000] [0m<inf> imu: LSM6DSV16X   a   0.526  -6.083   8.303  g  -0.012   0.002  -0.002[0m
[1;32muart:~$ [m[8D[J[1;32muart:~$ [m[8D[J[00:11:09.465,000] [0m<inf> imu: ICM-42688-P  a   0.521  -6.305   7.667  g   0.000  -0.005  -0.001[0m
[1;32muart:~$ [m[8D[J[00:11:09.566,000] [0m<inf> imu: LSM6DS3TR-C  a   0.223  -6.220   7.977  g   0.024  -0.062   0.010[0m
[1;32muart:~$ [m[8D[J[1;32muart:~$ [m[8D[J[00:11:09.566,000] [0m<inf> imu: LSM6DSV16X   a   0.532  -6.083   8.305  g  -0.012   0.002  -0.003[0m
[1;32muart:~$ [m[8D[J[00:11:09.567,000] [0m<inf> imu: ICM-42688-P  a   0.523  -6.280   7.669  g   0.000  -0.005  -0.000[0m
[1;32muart:~$ [m[8D[J[1;32muart:~$ [m[8D[J[00:11:09.668,000] [0m<inf> imu: LSM6DS3TR-C  a   0.197  -6.244   7.948  g   0.024  -0.060   0.012[0m
[1;32muart:~$ [m[8D[J[00:11:09.669,000] [0m<inf> imu: LSM6DSV16X   a   0.528  -6.083   8.308  g  -0.012   0.002  -0.002[0m
[1;32muart:~$ [m[8D[J[1;32muart:~$ [m[8D[J[00:11:09.669,000] [0m<inf> imu: ICM-42688-P  a   0.522  -6.284   7.688  g   0.000  -0.005  -0.001[0m
[1;32muart:~$ [m[8D[J[00:11:09.770,000] [0m<inf> imu: LSM6DS3TR-C  a   0.208  -6.250   7.993  g   0.022  -0.063   0.010[0m
[1;32muart:~$ [m[8D[J[00:11:09.771,000] [0m<inf> imu: LSM6DSV16X   a   0.519  -6.089   8.300  g  -0.012   0.003  -0.002[0m
[1;32muart:~$ [m[8D[J[1;32muart:~$ [m[8D[J[00:11:09.771,000] [0m<inf> imu: ICM-42688-P  a   0.520  -6.274   7.682  g   0.000  -0.005   0.000[0m
[1;32muart:~$ [m[8D[J[00:11:09.873,000] [0m<inf> imu: LSM6DS3TR-C  a   0.224  -6.247   7.937  g   0.023  -0.062   0.013[0m
[1;32muart:~$ [m[8D[J[00:11:09.874,000] [0m<inf> imu: LSM6DSV16X   a   0.524  -6.085   8.316  g  -0.011   0.001  -0.003[0m
[1;32muart:~$ [m[8D[J[1;32muart:~$ [m[8D[J[00:11:09.874,000] [0m<inf> imu: ICM-42688-P  a   0.521  -6.290   7.688  g   0.000  -0.005   0.000[0m
[1;32muart:~$ [m[8D[J[00:11:09.975,000] [0m<inf> imu: LSM6DS3TR-C  a   0.221  -6.223   8.006  g   0.024  -0.063   0.012[0m
[1;32muart:~$ [m[8D[J[1;32muart:~$ [m[8D[J[00:11:09.976,000] [0m<inf> imu: LSM6DSV16X   a   0.529  -6.090   8.305  g  -0.011   0.002  -0.003[0m
[1;32muart:~$ [m[8D[J[00:11:09.977,000] [0m<inf> imu: ICM-42688-P  a   0.514  -6.285   7.689  g   0.000  -0.006  -0.001[0m
[1;32muart:~$ [m[8D[J[1;32muart:~$ [m[8D[J[00:11:10.078,000] [0m<inf> imu: LSM6DS3TR-C  a   0.186  -6.231   7.934  g   0.025  -0.064   0.013[0m
[1;32muart:~$ [m[8D[J[00:11:10.079,000] [0m<inf> imu: LSM6DSV16X   a   0.529  -6.083   8.305  g  -0.010   0.003  -0.002[0m
[1;32muart:~$ [m[8D[J[00:11:10.080,000] [0m<inf> imu: ICM-42688-P  a   0.516  -6.287   7.693  g   0.000  -0.005  -0.001[0m
[1;32muart:~$ [m[8D[J[1;32muart:~$ [m[8D[J[00:11:10.181,000] [0m<inf> imu: LSM6DS3TR-C  a   0.215  -6.250   7.941  g   0.025  -0.063   0.010[0m
[1;32muart:~$ [m[8D[J[00:11:10.182,000] [0m<inf> imu: LSM6DSV16X   a   0.523  -6.087   8.305  g  -0.012   0.002  -0.003[0m
[1;32muart:~$ [m[8D[J[00:11:10.182,000] [0m<inf> imu: ICM-42688-P  a   0.515  -6.297   7.678  g   0.000  -0.006   0.000[0m
[1;32muart:~$ [m[8D[J[1;32muart:~$ [m[8D[J[00:11:10.283,000] [0m<inf> imu: LSM6DS3TR-C  a   0.237  -6.242   7.979  g   0.024  -0.061   0.013[0m
[1;32muart:~$ [m[8D[J[00:11:10.284,000] [0m<inf> imu: LSM6DSV16X   a   0.524  -6.080   8.305  g  -0.011   0.001  -0.002[0m
[1;32muart:~$ [m[8D[J[1;32muart:~$ [m[8D[J[00:11:10.285,000] [0m<inf> imu: ICM-42688-P  a   0.520  -6.303   7.682  g   0.000  -0.006   0.000[0m
[1;32muart:~$ [m[8D[J[00:11:10.386,000] [0m<inf> imu: LSM6DS3TR-C  a   0.249  -6.216   7.951  g   0.024  -0.061   0.012[0m
[1;32muart:~$ [m[8D[J[1;32muart:~$ [m[8D[J[00:11:10.386,000] [0m<inf> imu: LSM6DSV16X   a   0.522  -6.084   8.300  g  -0.011   0.002  -0.002[0m
[1;32muart:~$ [m[8D[J[00:11:10.387,000] [0m<inf> imu: ICM-42688-P  a   0.505  -6.290   7.679  g   0.001  -0.005  -0.001[0m
[1;32muart:~$ [m[8D[J[00:11:10.488,000] [0m<inf> imu: LSM6DS3TR-C  a   0.232  -6.217   7.952  g   0.023  -0.061   0.012[0m
[1;32muart:~$ [m[8D[J[00:11:10.489,000] [0m<inf> imu: LSM6DSV16X   a   0.522  -6.085   8.302  g  -0.012   0.002  -0.003[0m
[1;32muart:~$ [m[8D[J[00:11:10.490,000] [0m<inf> imu: ICM-42688-P  a   0.521  -6.302   7.687  g   0.000  -0.005   0.000[0m
[1;32muart:~$ [m[8D[J[1;32muart:~$ [m[8D[J[00:11:10.591,000] [0m<inf> imu: LSM6DS3TR-C  a   0.249  -6.243   7.942  g   0.023  -0.062   0.012[0m
[1;32muart:~$ [m[8D[J[00:11:10.592,000] [0m<inf> imu: LSM6DSV16X   a   0.525  -6.086   8.298  g  -0.011   0.002  -0.003[0m
[1;32muart:~$ [m[8D[J[1;32muart:~$ [m[8D[J[00:11:10.593,000] [0m<inf> imu: ICM-42688-P  a   0.518  -6.282   7.682  g   0.001  -0.006  -0.001[0m
[1;32muart:~$ [m[8D[J[00:11:10.694,000] [0m<inf> imu: LSM6DS3TR-C  a   0.220  -6.255   7.932  g   0.023  -0.061   0.011[0m
[1;32muart:~$ [m[8D[J[1;32muart:~$ [m[8D[J[00:11:10.694,000] [0m<inf> imu: LSM6DSV16X   a   0.522  -6.083   8.307  g  -0.011   0.003  -0.002[0m
[1;32muart:~$ [m[8D[J[00:11:10.695,000] [0m<inf> imu: ICM-42688-P  a   0.522  -6.291   7.683  g   0.000  -0.005  -0.001[0m
[1;32muart:~$ [m[8D[J[1;32muart:~$ [m[8D[J[00:11:10.796,000] [0m<inf> imu: LSM6DS3TR-C  a   0.209  -6.219   7.970  g   0.024  -0.063   0.013[0m
[1;32muart:~$ [m[8D[J[00:11:10.797,000] [0m<inf> imu: LSM6DSV16X   a   0.525  -6.080   8.305  g  -0.011   0.002  -0.003[0m
[1;32muart:~$ [m[8D[J[1;32muart:~$ [m[8D[J[00:11:10.797,000] [0m<inf> imu: ICM-42688-P  a   0.512  -6.286   7.685  g   0.001  -0.005  -0.001[0m
[1;32muart:~$ [m[8D[J[00:11:10.898,000] [0m<inf> imu: LSM6DS3TR-C  a   0.209  -6.218   7.945  g   0.024  -0.064   0.012[0m
[1;32muart:~$ [m[8D[J[1;32muart:~$ [m[8D[J[00:11:10.899,000] [0m<inf> imu: LSM6DSV16X   a   0.522  -6.087   8.299  g  -0.012   0.002  -0.002[0m
[1;32muart:~$ [m[8D[J[00:11:10.899,000] [0m<inf> imu: ICM-42688-P  a   0.526  -6.306   7.678  g  -0.000  -0.005   0.000[0m
[1;32muart:~$ [m[8D[J[1;32muart:~$ [m[8D[J[00:11:11.000,000] [0m<inf> imu: LSM6DS3TR-C  a   0.229  -6.239   7.950  g   0.024  -0.063   0.012[0m
[1;32muart:~$ [m[8D[J[00:11:11.001,000] [0m<inf> imu: LSM6DSV16X   a   0.529  -6.083   8.301  g  -0.010   0.003  -0.002[0m
[1;32muart:~$ [m[8D[J[1;32muart:~$ [m[8D[J[00:11:11.002,000] [0m<inf> imu: ICM-42688-P  a   0.521  -6.290   7.678  g   0.001  -0.006  -0.001[0m
[1;32muart:~$ [m[8D[J[00:11:11.103,000] [0m<inf> imu: LSM6DS3TR-C  a   0.232  -6.251   7.945  g   0.024  -0.063   0.013[0m
[1;32muart:~$ [m[8D[J[00:11:11.104,000] [0m<inf> imu: LSM6DSV16X   a   0.525  -6.083   8.299  g  -0.010   0.002  -0.003[0m
[1;32muart:~$ [m[8D[J[00:11:11.104,000] [0m<inf> imu: ICM-42688-P  a   0.512  -6.294   7.682  g  -0.000  -0.005  -0.000[0m
[1;32muart:~$ [m[8D[J[00:11:11.205,000] [0m<inf> imu: LSM6DS3TR-C  a   0.232  -6.260   7.971  g   0.023  -0.064   0.013[0m
[1;32muart:~$ [m[8D[J[1;32muart:~$ [m[8D[J[00:11:11.206,000] [0m<inf> imu: LSM6DSV16X   a   0.524  -6.078   8.305  g  -0.011   0.002  -0.003[0m
[1;32muart:~$ [m[8D[J[00:11:11.207,000] [0m<inf> imu: ICM-42688-P  a   0.527  -6.279   7.673  g   0.000  -0.006  -0.001[0m
[1;32muart:~$ [m[8D[J[1;32muart:~$ [m[8D[J[00:11:11.309,000] [0m<inf> imu: LSM6DS3TR-C  a   0.244  -6.242   7.961  g   0.024  -0.061   0.014[0m
[1;32muart:~$ [m[8D[J[00:11:11.310,000] [0m<inf> imu: LSM6DSV16X   a   0.523  -6.086   8.298  g  -0.012   0.002  -0.002[0m
[1;32muart:~$ [m[8D[J[1;32muart:~$ [m[8D[J[00:11:11.311,000] [0m<inf> imu: ICM-42688-P  a   0.523  -6.291   7.685  g  -0.000  -0.005  -0.001[0m
[1;32muart:~$ [m[8D[J[00:11:11.412,000] [0m<inf> imu: LSM6DS3TR-C  a   0.231  -6.225   7.963  g   0.025  -0.064   0.009[0m
[1;32muart:~$ [m[8D[J[1;32muart:~$ [m[8D[J[00:11:11.413,000] [0m<inf> imu: LSM6DSV16X   a   0.523  -6.078   8.296  g  -0.012   0.002  -0.003[0m
[1;32muart:~$ [m[8D[J[00:11:11.414,000] [0m<inf> imu: ICM-42688-P  a   0.509  -6.282   7.687  g   0.001  -0.005  -0.001[0m
[1;32muart:~$ [m[8D[J[1;32muart:~$ [m[8D[J[00:11:11.515,000] [0m<inf> imu: LSM6DS3TR-C  a   0.234  -6.218   7.973  g   0.025  -0.065   0.012[0m
[1;32muart:~$ [m[8D[J[00:11:11.516,000] [0m<inf> imu: LSM6DSV16X   a   0.528  -6.089   8.304  g  -0.012   0.002  -0.002[0m
[1;32muart:~$ [m[8D[J[1;32muart:~$ [m[8D[J[00:11:11.516,000] [0m<inf> imu: ICM-42688-P  a   0.518  -6.293   7.679  g  -0.000  -0.006  -0.001[0m
[1;32muart:~$ [m[8D[J[00:11:11.618,000] [0m<inf> imu: LSM6DS3TR-C  a   0.234  -6.249   7.947  g   0.024  -0.062   0.013[0m
[1;32muart:~$ [m[8D[J[1;32muart:~$ [m[8D[J[00:11:11.618,000] [0m<inf> imu: LSM6DSV16X   a   0.520  -6.083   8.298  g  -0.011   0.002  -0.002[0m
[1;32muart:~$ [m[8D[J[00:11:11.619,000] [0m<inf> imu: ICM-42688-P  a   0.522  -6.281   7.678  g   0.001  -0.006   0.000[0m
[1;32muart:~$ [m[8D[J[1;32muart:~$ [m[8D[J[00:11:11.720,000] [0m<inf> imu: LSM6DS3TR-C  a   0.220  -6.245   7.984  g   0.025  -0.063   0.013[0m
[1;32muart:~$ [m[8D[J[00:11:11.721,000] [0m<inf> imu: LSM6DSV16X   a   0.529  -6.090   8.305  g  -0.012   0.002  -0.003[0m
[1;32muart:~$ [m[8D[J[1;32muart:~$ [m[8D[J[00:11:11.721,000] [0m<inf> imu: ICM-42688-P  a   0.514  -6.281   7.682  g   0.001  -0.006  -0.001[0m
[1;32muart:~$ [m[8D[J[00:11:11.822,000] [0m<inf> imu: LSM6DS3TR-C  a   0.232  -6.237   7.942  g   0.024  -0.059   0.013[0m
[1;32muart:~$ [m[8D[J[00:11:11.823,000] [0m<inf> imu: LSM6DSV16X   a   0.526  -6.085   8.291  g  -0.012   0.002  -0.003[0m
[1;32muart:~$ [m[8D[J[1;32muart:~$ [m[8D[J[00:11:11.823,000] [0m<inf> imu: ICM-42688-P  a   0.494  -6.294   7.665  g   0.000  -0.005  -0.001[0m
[1;32muart:~$ [m[8D[J[00:11:11.925,000] [0m<inf> imu: LSM6DS3TR-C  a   0.233  -6.248   7.957  g   0.024  -0.062   0.012[0m
[1;32muart:~$ [m[8D[J[1;32muart:~$ [m[8D[J[00:11:11.926,000] [0m<inf> imu: LSM6DSV16X   a   0.529  -6.075   8.302  g  -0.011   0.002  -0.002[0m
[1;32muart:~$ [m[8D[J[00:11:11.927,000] [0m<inf> imu: ICM-42688-P  a   0.521  -6.287   7.669  g   0.000  -0.006   0.000[0m
[1;32muart:~$ [m[8D[J[00:11:12.028,000] [0m<inf> imu: LSM6DS3TR-C  a   0.236  -6.221   7.974  g   0.024  -0.063   0.011[0m
[1;32muart:~$ [m[8D[J[1;32muart:~$ [m[8D[J[00:11:12.028,000] [0m<inf> imu: LSM6DSV16X   a   0.526  -6.085   8.305  g  -0.012   0.001  -0.003[0m
[1;32muart:~$ [m[8D[J[00:11:12.029,000] [0m<inf> imu: ICM-42688-P  a   0.523  -6.286   7.677  g   0.001  -0.005   0.000[0m
[1;32muart:~$ [m[8D[J[00:11:12.130,000] [0m<inf> imu: LSM6DS3TR-C  a   0.227  -6.243   7.950  g   0.025  -0.061   0.012[0m
[1;32muart:~$ [m[8D[J[00:11:12.131,000] [0m<inf> imu: LSM6DSV16X   a   0.522  -6.087   8.310  g  -0.012   0.002  -0.003[0m
[1;32muart:~$ [m[8D[J[1;32muart:~$ [m[8D[J[00:11:12.131,000] [0m<inf> imu: ICM-42688-P  a   0.515  -6.300   7.685  g   0.000  -0.005  -0.001[0m
[1;32muart:~$ [m[8D[J[1;32muart:~$ [m[8D[J[00:11:12.232,000] [0m<inf> imu: LSM6DS3TR-C  a   0.253  -6.230   7.987  g   0.025  -0.063   0.013[0m
[1;32muart:~$ [m[8D[J[00:11:12.233,000] [0m<inf> imu: LSM6DSV16X   a   0.529  -6.080   8.310  g  -0.012   0.002  -0.003[0m
[1;32muart:~$ [m[8D[J[1;32muart:~$ [m[8D[J[00:11:12.233,000] [0m<inf> imu: ICM-42688-P  a   0.518  -6.285   7.665  g   0.001  -0.006   0.000[0m
[1;32muart:~$ [m[8D[J[00:11:12.334,000] [0m<inf> imu: LSM6DS3TR-C  a   0.202  -6.215   7.972  g   0.023  -0.062   0.013[0m
[1;32muart:~$ [m[8D[J[1;32muart:~$ [m[8D[J[00:11:12.335,000] [0m<inf> imu: LSM6DSV16X   a   0.525  -6.078   8.294  g  -0.010   0.002  -0.003[0m
[1;32muart:~$ [m[8D[J[00:11:12.336,000] [0m<inf> imu: ICM-42688-P  a   0.517  -6.276   7.676  g   0.001  -0.005  -0.001[0m
[1;32muart:~$ [m[8D[J[1;32muart:~$ [m[8D[J[00:11:12.437,000] [0m<inf> imu: LSM6DS3TR-C  a   0.209  -6.243   7.969  g   0.025  -0.063   0.012[0m
[1;32muart:~$ [m[8D[J[00:11:12.437,000] [0m<inf> imu: LSM6DSV16X   a   0.527  -6.087   8.298  g  -0.011   0.001  -0.003[0m
[1;32muart:~$ [m[8D[J[1;32muart:~$ [m[8D[J[00:11:12.438,000] [0m<inf> imu: ICM-42688-P  a   0.512  -6.291   7.688  g   0.000  -0.005  -0.001[0m
[1;32muart:~$ [m[8D[J[00:11:12.539,000] [0m<inf> imu: LSM6DS3TR-C  a   0.241  -6.254   7.945  g   0.024  -0.062   0.011[0m
[1;32muart:~$ [m[8D[J[00:11:12.540,000] [0m<inf> imu: LSM6DSV16X   a   0.529  -6.087   8.300  g  -0.011   0.002  -0.002[0m
[1;32muart:~$ [m[8D[J[1;32muart:~$ [m[8D[J[00:11:12.540,000] [0m<inf> imu: ICM-42688-P  a   0.516  -6.287   7.678  g   0.001  -0.006   0.000[0m
[1;32muart:~$ [m[8D[J[00:11:12.642,000] [0m<inf> imu: LSM6DS3TR-C  a   0.230  -6.239   7.972  g   0.023  -0.063   0.011[0m
[1;32muart:~$ [m[8D[J[00:11:12.643,000] [0m<inf> imu: LSM6DSV16X   a   0.523  -6.080   8.303  g  -0.011   0.002  -0.003[0m
[1;32muart:~$ [m[8D[J[1;32muart:~$ [m[8D[J[00:11:12.644,000] [0m<inf> imu: ICM-42688-P  a   0.509  -6.278   7.687  g   0.000  -0.005  -0.000[0m
[1;32muart:~$ [m[8D[J[00:11:12.745,000] [0m<inf> imu: LSM6DS3TR-C  a   0.226  -6.218   7.957  g   0.023  -0.062   0.012[0m
[1;32muart:~$ [m[8D[J[1;32muart:~$ [m[8D[J[00:11:12.746,000] [0m<inf> imu: LSM6DSV16X   a   0.524  -6.085   8.298  g  -0.012   0.003  -0.003[0m
[1;32muart:~$ [m[8D[J[00:11:12.746,000] [0m<inf> imu: ICM-42688-P  a   0.517  -6.294   7.670  g   0.001  -0.005  -0.001[0m
[1;32muart:~$ [m[8D[J[1;32muart:~$ [m[8D[J[00:11:12.848,000] [0m<inf> imu: LSM6DS3TR-C  a   0.203  -6.238   7.969  g   0.025  -0.061   0.014[0m
[1;32muart:~$ [m[8D[J[00:11:12.849,000] [0m<inf> imu: LSM6DSV16X   a   0.526  -6.078   8.301  g  -0.012   0.002  -0.002[0m
[1;32muart:~$ [m[8D[J[1;32muart:~$ [m[8D[J[00:11:12.850,000] [0m<inf> imu: ICM-42688-P  a   0.504  -6.296   7.673  g   0.000  -0.006  -0.001[0m
[1;32muart:~$ [m[8D[J[00:11:12.951,000] [0m<inf> imu: LSM6DS3TR-C  a   0.245  -6.243   7.948  g   0.025  -0.061   0.013[0m
[1;32muart:~$ [m[8D[J[1;32muart:~$ [m[8D[J[00:11:12.952,000] [0m<inf> imu: LSM6DSV16X   a   0.526  -6.087   8.298  g  -0.011   0.003  -0.002[0m
[1;32muart:~$ [m[8D[J[00:11:12.952,000] [0m<inf> imu: ICM-42688-P  a   0.518  -6.287   7.673  g   0.000  -0.005  -0.000[0m
[1;32muart:~$ [m[8D[J[1;32muart:~$ [m[8D[J[00:11:13.053,000] [0m<inf> imu: LSM6DS3TR-C  a   0.234  -6.257   7.954  g   0.024  -0.062   0.013[0m
[1;32muart:~$ [m[8D[J[00:11:13.054,000] [0m<inf> imu: LSM6DSV16X   a   0.526  -6.078   8.301  g  -0.011   0.002  -0.002[0m
[1;32muart:~$ [m[8D[J[00:11:13.054,000] [0m<inf> imu: ICM-42688-P  a   0.517  -6.285   7.677  g   0.000  -0.005  -0.001[0m
[1;32muart:~$ [m[8D[J[1;32muart:~$ [m[8D[J[00:11:13.156,000] [0m<inf> imu: LSM6DS3TR-C  a   0.204  -6.228   7.960  g   0.023  -0.063   0.013[0m
[1;32muart:~$ [m[8D[J[00:11:13.156,000] [0m<inf> imu: LSM6DSV16X   a   0.525  -6.087   8.308  g  -0.011   0.002  -0.003[0m
[1;32muart:~$ [m[8D[J[1;32muart:~$ [m[8D[J[00:11:13.157,000] [0m<inf> imu: ICM-42688-P  a   0.514  -6.291   7.672  g   0.001  -0.005  -0.001[0m
[1;32muart:~$ [m[8D[J[00:11:13.258,000] [0m<inf> imu: LSM6DS3TR-C  a   0.196  -6.273   7.981  g   0.025  -0.063   0.014[0m
[1;32muart:~$ [m[8D[J[00:11:13.259,000] [0m<inf> imu: LSM6DSV16X   a   0.526  -6.090   8.302  g  -0.011   0.002  -0.003[0m
[1;32muart:~$ [m[8D[J[1;32muart:~$ [m[8D[J[00:11:13.260,000] [0m<inf> imu: ICM-42688-P  a   0.516  -6.297   7.679  g   0.000  -0.006  -0.000[0m
[1;32muart:~$ [m[8D[J[00:11:13.361,000] [0m<inf> imu: LSM6DS3TR-C  a   0.239  -6.228   7.944  g   0.022  -0.061   0.013[0m
[1;32muart:~$ [m[8D[J[1;32muart:~$ [m[8D[J[00:11:13.362,000] [0m<inf> imu: LSM6DSV16X   a   0.524  -6.080   8.298  g  -0.011   0.002  -0.003[0m
[1;32muart:~$ [m[8D[J[00:11:13.362,000] [0m<inf> imu: ICM-42688-P  a   0.521  -6.284   7.673  g   0.000  -0.006   0.000[0m
[1;32muart:~$ [m[8D[J[1;32muart:~$ [m[8D[J[00:11:13.464,000] [0m<inf> imu: LSM6DS3TR-C  a   0.231  -6.242   7.982  g   0.025  -0.064   0.012[0m
[1;32muart:~$ [m[8D[J[00:11:13.465,000] [0m<inf> imu: LSM6DSV16X   a   0.526  -6.085   8.305  g  -0.012   0.002  -0.003[0m
[1;32muart:~$ [m[8D[J[1;32muart:~$ [m[8D[J[00:11:13.466,000] [0m<inf> imu: ICM-42688-P  a   0.509  -6.280   7.678  g   0.001  -0.006   0.000[0m
[1;32muart:~$ [m[8D[J[00:11:13.567,000] [0m<inf> imu: LSM6DS3TR-C  a   0.235  -6.214   7.950  g   0.023  -0.063   0.011[0m
[1;32muart:~$ [m[8D[J[1;32muart:~$ [m[8D[J[00:11:13.567,000] [0m<inf> imu: LSM6DSV16X   a   0.526  -6.083   8.300  g  -0.011   0.002  -0.003[0m
[1;32muart:~$ [m[8D[J[00:11:13.568,000] [0m<inf> imu: ICM-42688-P  a   0.516  -6.285   7.667  g   0.000  -0.006   0.000[0m
[1;32muart:~$ [m[8D[J[1;32muart:~$ [m[8D[J[00:11:13.669,000] [0m<inf> imu: LSM6DS3TR-C  a   0.188  -6.218   7.938  g   0.026  -0.061   0.012[0m
[1;32muart:~$ [m[8D[J[00:11:13.670,000] [0m<inf> imu: LSM6DSV16X   a   0.524  -6.092   8.301  g  -0.010   0.002  -0.003[0m
[1;32muart:~$ [m[8D[J[1;32muart:~$ [m[8D[J[00:11:13.670,000] [0m<inf> imu: ICM-42688-P  a   0.517  -6.290   7.683  g   0.000  -0.005  -0.001[0m
[1;32muart:~$ [m[8D[J[00:11:13.771,000] [0m<inf> imu: LSM6DS3TR-C  a   0.209  -6.217   7.959  g   0.025  -0.061   0.012[0m
[1;32muart:~$ [m[8D[J[00:11:13.772,000] [0m<inf> imu: LSM6DSV16X   a   0.529  -6.085   8.298  g  -0.012   0.002  -0.002[0m
[1;32muart:~$ [m[8D[J[1;32muart:~$ [m[8D[J[00:11:13.772,000] [0m<inf> imu: ICM-42688-P  a   0.526  -6.291   7.682  g  -0.000  -0.005   0.000[0m
[1;32muart:~$ [m[8D[J[00:11:13.874,000] [0m<inf> imu: LSM6DS3TR-C  a   0.233  -6.232   7.955  g   0.022  -0.062   0.013[0m
[1;32muart:~$ [m[8D[J[00:11:13.875,000] [0m<inf> imu: LSM6DSV16X   a   0.526  -6.093   8.294  g  -0.012   0.001  -0.003[0m
[1;32muart:~$ [m[8D[J[1;32muart:~$ [m[8D[J[00:11:13.875,000] [0m<inf> imu: ICM-42688-P  a   0.512  -6.292   7.671  g   0.000  -0.005  -0.000[0m
[1;32muart:~$ [m[8D[J[00:11:13.977,000] [0m<inf> imu: LSM6DS3TR-C  a   0.224  -6.243   7.981  g   0.024  -0.063   0.012[0m
[1;32muart:~$ [m[8D[J[1;32muart:~$ [m[8D[J[00:11:13.977,000] [0m<inf> imu: LSM6DSV16X   a   0.527  -6.083   8.313  g  -0.011   0.001  -0.003[0m
[1;32muart:~$ [m[8D[J[00:11:13.978,000] [0m<inf> imu: ICM-42688-P  a   0.520  -6.296   7.682  g   0.001  -0.006  -0.000[0m
[1;32muart:~$ [m[8D[J[1;32muart:~$ [m[8D[J[00:11:14.079,000] [0m<inf> imu: LSM6DS3TR-C  a   0.224  -6.241   7.984  g   0.024  -0.062   0.013[0m
[1;32muart:~$ [m[8D[J[00:11:14.080,000] [0m<inf> imu: LSM6DSV16X   a   0.533  -6.088   8.301  g  -0.012   0.002  -0.003[0m
[1;32muart:~$ [m[8D[J[00:11:14.081,000] [0m<inf> imu: ICM-42688-P  a   0.511  -6.298   7.687  g   0.001  -0.005  -0.001[0m
[1;32muart:~$ [m[8D[J[1;32muart:~$ [m[8D[J[00:11:14.182,000] [0m<inf> imu: LSM6DS3TR-C  a   0.211  -6.230   7.959  g   0.024  -0.061   0.012[0m
[1;32muart:~$ [m[8D[J[00:11:14.183,000] [0m<inf> imu: LSM6DSV16X   a   0.523  -6.085   8.314  g  -0.011   0.002  -0.002[0m
[1;32muart:~$ [m[8D[J[00:11:14.183,000] [0m<inf> imu: ICM-42688-P  a   0.516  -6.294   7.676  g   0.001  -0.006   0.000[0m
[1;32muart:~$ [m[8D[J[1;32muart:~$ [m[8D[J[00:11:14.284,000] [0m<inf> imu: LSM6DS3TR-C  a   0.226  -6.200   7.994  g   0.023  -0.062   0.013[0m
[1;32muart:~$ [m[8D[J[00:11:14.285,000] [0m<inf> imu: LSM6DSV16X   a   0.526  -6.088   8.310  g  -0.012   0.003  -0.003[0m
[1;32muart:~$ [m[8D[J[1;32muart:~$ [m[8D[J[00:11:14.286,000] [0m<inf> imu: ICM-42688-P  a   0.516  -6.279   7.672  g   0.000  -0.006   0.000[0m
[1;32muart:~$ [m[8D[J[00:11:14.387,000] [0m<inf> imu: LSM6DS3TR-C  a   0.226  -6.226   7.936  g   0.026  -0.062   0.013[0m
[1;32muart:~$ [m[8D[J[1;32muart:~$ [m[8D[J[00:11:14.387,000] [0m<inf> imu: LSM6DSV16X   a   0.520  -6.090   8.298  g  -0.012   0.002  -0.002[0m
[1;32muart:~$ [m[8D[J[00:11:14.388,000] [0m<inf> imu: ICM-42688-P  a   0.532  -6.286   7.693  g  -0.001  -0.005  -0.001[0m
[1;32muart:~$ [m[8D[J[00:11:14.489,000] [0m<inf> imu: LSM6DS3TR-C  a   0.232  -6.259   7.977  g   0.023  -0.062   0.012[0m
[1;32muart:~$ [m[8D[J[00:11:14.491,000] [0m<inf> imu: LSM6DSV16X   a   0.526  -6.083   8.302  g  -0.011   0.002  -0.003[0m
[1;32muart:~$ [m[8D[J[00:11:14.491,000] [0m<inf> imu: ICM-42688-P  a   0.524  -6.276   7.681  g   0.001  -0.006  -0.001[0m
[1;32muart:~$ [m[8D[J[1;32muart:~$ [m[8D[J[00:11:14.593,000] [0m<inf> imu: LSM6DS3TR-C  a   0.227  -6.236   7.953  g   0.024  -0.063   0.013[0m
[1;32muart:~$ [m[8D[J[00:11:14.593,000] [0m<inf> imu: LSM6DSV16X   a   0.528  -6.085   8.301  g  -0.011   0.003  -0.002[0m
[1;32muart:~$ [m[8D[J[1;32muart:~$ [m[8D[J[00:11:14.594,000] [0m<inf> imu: ICM-42688-P  a   0.512  -6.273   7.690  g   0.001  -0.006   0.000[0m
[1;32muart:~$ [m[8D[J[00:11:14.695,000] [0m<inf> imu: LSM6DS3TR-C  a   0.236  -6.209   7.975  g   0.025  -0.062   0.012[0m
[1;32muart:~$ [m[8D[J[1;32muart:~$ [m[8D[J[00:11:14.696,000] [0m<inf> imu: LSM6DSV16X   a   0.524  -6.083   8.301  g  -0.010   0.002  -0.002[0m
[1;32muart:~$ [m[8D[J[00:11:14.696,000] [0m<inf> imu: ICM-42688-P  a   0.521  -6.298   7.685  g   0.000  -0.005  -0.001[0m
[1;32muart:~$ [m[8D[J[1;32muart:~$ [m[8D[J[00:11:14.797,000] [0m<inf> imu: LSM6DS3TR-C  a   0.244  -6.246   7.984  g   0.025  -0.064   0.012[0m
[1;32muart:~$ [m[8D[J[00:11:14.798,000] [0m<inf> imu: LSM6DSV16X   a   0.521  -6.083   8.294  g  -0.011   0.002  -0.003[0m
[1;32muart:~$ [m[8D[J[1;32muart:~$ [m[8D[J[00:11:14.798,000] [0m<inf> imu: ICM-42688-P  a   0.512  -6.287   7.681  g   0.001  -0.005  -0.001[0m
[1;32muart:~$ [m[8D[J[00:11:14.899,000] [0m<inf> imu: LSM6DS3TR-C  a   0.255  -6.238   7.971  g   0.023  -0.064   0.012[0m
[1;32muart:~$ [m[8D[J[1;32muart:~$ [m[8D[J[00:11:14.900,000] [0m<inf> imu: LSM6DSV16X   a   0.529  -6.083   8.303  g  -0.012   0.002  -0.002[0m
[1;32muart:~$ [m[8D[J[00:11:14.901,000] [0m<inf> imu: ICM-42688-P  a   0.514  -6.284   7.673  g   0.001  -0.006  -0.001[0m
[1;32muart:~$ [m[8D[J[1;32muart:~$ [m[8D[J[00:11:15.002,000] [0m<inf> imu: LSM6DS3TR-C  a   0.238  -6.239   7.983  g   0.025  -0.060   0.012[0m
[1;32muart:~$ [m[8D[J[00:11:15.002,000] [0m<inf> imu: LSM6DSV16X   a   0.519  -6.090   8.305  g  -0.011   0.002  -0.003[0m
[1;32muart:~$ [m[8D[J[00:11:15.003,000] [0m<inf> imu: ICM-42688-P  a   0.529  -6.294   7.685  g   0.000  -0.005  -0.001[0m
[1;32muart:~$ [m[8D[J[1;32muart:~$ [m[8D[J[00:11:15.104,000] [0m<inf> imu: LSM6DS3TR-C  a   0.240  -6.221   7.949  g   0.025  -0.061   0.013[0m
[1;32muart:~$ [m[8D[J[00:11:15.105,000] [0m<inf> imu: LSM6DSV16X   a   0.523  -6.087   8.305  g  -0.011   0.002  -0.003[0m
[1;32muart:~$ [m[8D[J[00:11:15.105,000] [0m<inf> imu: ICM-42688-P  a   0.514  -6.296   7.679  g   0.000  -0.005   0.000[0m
[1;32muart:~$ [m[8D[J[1;32muart:~$ [m[8D[J[00:11:15.207,000] [0m<inf> imu: LSM6DS3TR-C  a   0.241  -6.229   7.924  g   0.024  -0.063   0.010[0m
[1;32muart:~$ [m[8D[J[00:11:15.208,000] [0m<inf> imu: LSM6DSV16X   a   0.529  -6.086   8.306  g  -0.012   0.002  -0.003[0m
[1;32muart:~$ [m[8D[J[1;32muart:~$ [m[8D[J[00:11:15.209,000] [0m<inf> imu: ICM-42688-P  a   0.512  -6.294   7.678  g   0.000  -0.005   0.000[0m
[1;32muart:~$ [m[8D[J[00:11:15.311,000] [0m<inf> imu: LSM6DS3TR-C  a   0.246  -6.221   7.973  g   0.024  -0.061   0.012[0m
[1;32muart:~$ [m[8D[J[1;32muart:~$ [m[8D[J[00:11:15.312,000] [0m<inf> imu: LSM6DSV16X   a   0.524  -6.078   8.305  g  -0.011   0.002  -0.002[0m
[1;32muart:~$ [m[8D[J[00:11:15.313,000] [0m<inf> imu: ICM-42688-P  a   0.523  -6.284   7.681  g   0.001  -0.005  -0.001[0m
[1;32muart:~$ [m[8D[J[1;32muart:~$ [m[8D[J[00:11:15.414,000] [0m<inf> imu: LSM6DS3TR-C  a   0.214  -6.237   7.962  g   0.023  -0.062   0.011[0m
[1;32muart:~$ [m[8D[J[00:11:15.415,000] [0m<inf> imu: LSM6DSV16X   a   0.528  -6.086   8.308  g  -0.011   0.002  -0.002[0m
[1;32muart:~$ [m[8D[J[1;32muart:~$ [m[8D[J[00:11:15.416,000] [0m<inf> imu: ICM-42688-P  a   0.509  -6.294   7.678  g   0.001  -0.006  -0.001[0m
[1;32muart:~$ [m[8D[J[00:11:15.517,000] [0m<inf> imu: LSM6DS3TR-C  a   0.202  -6.231   7.983  g   0.023  -0.063   0.013[0m
[1;32muart:~$ [m[8D[J[1;32muart:~$ [m[8D[J[00:11:15.518,000] [0m<inf> imu: LSM6DSV16X   a   0.528  -6.085   8.307  g  -0.011   0.002  -0.003[0m
[1;32muart:~$ [m[8D[J[00:11:15.518,000] [0m<inf> imu: ICM-42688-P  a   0.517  -6.292   7.673  g   0.000  -0.006   0.000[0m
[1;32muart:~$ [m[8D[J[1;32muart:~$ [m[8D[J[00:11:15.619,000] [0m<inf> imu: LSM6DS3TR-C  a   0.229  -6.239   7.975  g   0.025  -0.062   0.013[0m
[1;32muart:~$ [m[8D[J[00:11:15.620,000] [0m<inf> imu: LSM6DSV16X   a   0.526  -6.085   8.303  g  -0.011   0.002  -0.002[0m
[1;32muart:~$ [m[8D[J[1;32muart:~$ [m[8D[J[00:11:15.621,000] [0m<inf> imu: ICM-42688-P  a   0.517  -6.293   7.684  g   0.000  -0.005  -0.001[0m
[1;32muart:~$ [m[8D[J[00:11:15.722,000] [0m<inf> imu: LSM6DS3TR-C  a   0.201  -6.246   7.960  g   0.024  -0.060   0.012[0m
[1;32muart:~$ [m[8D[J[00:11:15.722,000] [0m<inf> imu: LSM6DSV16X   a   0.531  -6.075   8.298  g  -0.011   0.001  -0.003[0m
[1;32muart:~$ [m[8D[J[1;32muart:~$ [m[8D[J[00:11:15.723,000] [0m<inf> imu: ICM-42688-P  a   0.521  -6.287   7.677  g   0.001  -0.006  -0.001[0m
[1;32muart:~$ [m[8D[J[00:11:15.825,000] [0m<inf> imu: LSM6DS3TR-C  a   0.232  -6.237   7.963  g   0.025  -0.064   0.010[0m
[1;32muart:~$ [m[8D[J[00:11:15.826,000] [0m<inf> imu: LSM6DSV16X   a   0.528  -6.087   8.303  g  -0.011   0.003  -0.003[0m
[1;32muart:~$ [m[8D[J[1;32muart:~$ [m[8D[J[00:11:15.827,000] [0m<inf> imu: ICM-42688-P  a   0.512  -6.299   7.676  g   0.000  -0.005   0.000[0m
[1;32muart:~$ [m[8D[J[00:11:15.928,000] [0m<inf> imu: LSM6DS3TR-C  a   0.250  -6.227   7.995  g   0.023  -0.063   0.013[0m
[1;32muart:~$ [m[8D[J[1;32muart:~$ [m[8D[J[00:11:15.928,000] [0m<inf> imu: LSM6DSV16X   a   0.531  -6.087   8.291  g  -0.011   0.002  -0.002[0m
[1;32muart:~$ [m[8D[J[00:11:15.929,000] [0m<inf> imu: ICM-42688-P  a   0.517  -6.298   7.672  g   0.000  -0.005  -0.001[0m
[1;32muart:~$ [m[8D[J[1;32muart:~$ [m[8D[J[00:11:16.030,000] [0m<inf> imu: LSM6DS3TR-C  a   0.208  -6.232   7.947  g   0.025  -0.061   0.013[0m
[1;32muart:~$ [m[8D[J[00:11:16.031,000] [0m<inf> imu: LSM6DSV16X   a   0.525  -6.071   8.303  g  -0.011   0.002  -0.002[0m
[1;32muart:~$ [m[8D[J[1;32muart:~$ [m[8D[J[00:11:16.032,000] [0m<inf> imu: ICM-42688-P  a   0.521  -6.285   7.691  g   0.000  -0.005   0.001[0m
[1;32muart:~$ [m[8D[J[00:11:16.133,000] [0m<inf> imu: LSM6DS3TR-C  a   0.260  -6.239   7.943  g   0.026  -0.064   0.011[0m
[1;32muart:~$ [m[8D[J[1;32muart:~$ [m[8D[J[00:11:16.134,000] [0m<inf> imu: LSM6DSV16X   a   0.529  -6.080   8.289  g  -0.012   0.002  -0.002[0m
[1;32muart:~$ [m[8D[J[00:11:16.134,000] [0m<inf> imu: ICM-42688-P  a   0.521  -6.286   7.675  g   0.001  -0.005   0.000[0m
[1;32muart:~$ [m[8D[J[1;32muart:~$ [m[8D[J[00:11:16.235,000] [0m<inf> imu: LSM6DS3TR-C  a   0.218  -6.246   7.950  g   0.025  -0.063   0.013[0m
[1;32muart:~$ [m[8D[J[00:11:16.236,000] [0m<inf> imu: LSM6DSV16X   a   0.529  -6.085   8.305  g  -0.012   0.002  -0.002[0m
[1;32muart:~$ [m[8D[J[1;32muart:~$ [m[8D[J[00:11:16.237,000] [0m<inf> imu: ICM-42688-P  a   0.527  -6.290   7.684  g   0.000  -0.005  -0.000[0m
[1;32muart:~$ [m[8D[J[00:11:16.338,000] [0m<inf> imu: LSM6DS3TR-C  a   0.250  -6.222   7.920  g   0.026  -0.062   0.012[0m
[1;32muart:~$ [m[8D[J[00:11:16.338,000] [0m<inf> imu: LSM6DSV16X   a   0.524  -6.086   8.305  g  -0.011   0.002  -0.002[0m
[1;32muart:~$ [m[8D[J[1;32muart:~$ [m[8D[J[00:11:16.339,000] [0m<inf> imu: ICM-42688-P  a   0.521  -6.285   7.687  g   0.001  -0.005  -0.000[0m
[1;32muart:~$ [m[8D[J[00:11:16.441,000] [0m<inf> imu: LSM6DS3TR-C  a   0.236  -6.236   7.995  g   0.025  -0.062   0.013[0m
[1;32muart:~$ [m[8D[J[00:11:16.442,000] [0m<inf> imu: LSM6DSV16X   a   0.517  -6.083   8.299  g  -0.012   0.002  -0.003[0m
[1;32muart:~$ [m[8D[J[1;32muart:~$ [m[8D[J[00:11:16.442,000] [0m<inf> imu: ICM-42688-P  a   0.526  -6.280   7.679  g   0.001  -0.005  -0.001[0m
[1;32muart:~$ [m[8D[J[00:11:16.544,000] [0m<inf> imu: LSM6DS3TR-C  a   0.231  -6.214   7.936  g   0.025  -0.063   0.013[0m
[1;32muart:~$ [m[8D[J[1;32muart:~$ [m[8D[J[00:11:16.545,000] [0m<inf> imu: LSM6DSV16X   a   0.526  -6.088   8.303  g  -0.011   0.002  -0.003[0m
[1;32muart:~$ [m[8D[J[00:11:16.545,000] [0m<inf> imu: ICM-42688-P  a   0.517  -6.282   7.687  g   0.002  -0.006  -0.001[0m
[1;32muart:~$ [m[8D[J[00:11:16.646,000] [0m<inf> imu: LSM6DS3TR-C  a   0.221  -6.249   7.928  g   0.024  -0.061   0.013[0m
[1;32muart:~$ [m[8D[J[00:11:16.647,000] [0m<inf> imu: LSM6DSV16X   a   0.531  -6.084   8.305  g  -0.011   0.002  -0.003[0m
[1;32muart:~$ [m[8D[J[1;32muart:~$ [m[8D[J[00:11:16.647,000] [0m<inf> imu: ICM-42688-P  a   0.529  -6.276   7.687  g   0.001  -0.005  -0.000[0m
[1;32muart:~$ [m[8D[J[1;32muart:~$ [m[8D[J[00:11:16.749,000] [0m<inf> imu: LSM6DS3TR-C  a   0.223  -6.223   7.956  g   0.023  -0.060   0.012[0m
[1;32muart:~$ [m[8D[J[00:11:16.749,000] [0m<inf> imu: LSM6DSV16X   a   0.528  -6.089   8.298  g  -0.011   0.001  -0.003[0m
[1;32muart:~$ [m[8D[J[1;32muart:~$ [m[8D[J[00:11:16.750,000] [0m<inf> imu: ICM-42688-P  a   0.516  -6.284   7.669  g   0.001  -0.005  -0.001[0m
[1;32muart:~$ [m[8D[J[00:11:16.851,000] [0m<inf> imu: LSM6DS3TR-C  a   0.223  -6.243   7.953  g   0.026  -0.064   0.011[0m
[1;32muart:~$ [m[8D[J[1;32muart:~$ [m[8D[J[00:11:16.852,000] [0m<inf> imu: LSM6DSV16X   a   0.526  -6.090   8.293  g  -0.011   0.002  -0.003[0m
[1;32muart:~$ [m[8D[J[00:11:16.852,000] [0m<inf> imu: ICM-42688-P  a   0.514  -6.281   7.691  g  -0.001  -0.005   0.000[0m
[1;32muart:~$ [m[8D[J[1;32muart:~$ [m[8D[J[00:11:16.953,000] [0m<inf> imu: LSM6DS3TR-C  a   0.223  -6.208   7.921  g   0.025  -0.063   0.011[0m
[1;32muart:~$ [m[8D[J[00:11:16.954,000] [0m<inf> imu: LSM6DSV16X   a   0.526  -6.080   8.295  g  -0.012   0.002  -0.003[0m
[1;32muart:~$ [m[8D[J[1;32muart:~$ [m[8D[J[00:11:16.955,000] [0m<inf> imu: ICM-42688-P  a   0.526  -6.281   7.682  g   0.001  -0.005  -0.000[0m
[1;32muart:~$ [m[8D[J[00:11:17.056,000] [0m<inf> imu: LSM6DS3TR-C  a   0.231  -6.225   7.961  g   0.024  -0.061   0.012[0m
[1;32muart:~$ [m[8D[J[00:11:17.056,000] [0m<inf> imu: LSM6DSV16X   a   0.528  -6.090   8.294  g  -0.011   0.002  -0.003[0m
[1;32muart:~$ [m[8D[J[1;32muart:~$ [m[8D[J[00:11:17.057,000] [0m<inf> imu: ICM-42688-P  a   0.521  -6.285   7.684  g   0.001  -0.006  -0.000[0m
[1;32muart:~$ [m[8D[J[00:11:17.158,000] [0m<inf> imu: LSM6DS3TR-C  a   0.219  -6.230   7.945  g   0.023  -0.061   0.012[0m
[1;32muart:~$ [m[8D[J[00:11:17.160,000] [0m<inf> imu: LSM6DSV16X   a   0.528  -6.083   8.299  g  -0.011   0.002  -0.002[0m
[1;32muart:~$ [m[8D[J[00:11:17.160,000] [0m<inf> imu: ICM-42688-P  a   0.515  -6.298   7.685  g  -0.001  -0.006   0.000[0m
[1;32muart:~$ [m[8D[J[1;32muart:~$ [m[8D[J[00:11:17.261,000] [0m<inf> imu: LSM6DS3TR-C  a   0.255  -6.218   7.942  g   0.025  -0.063   0.011[0m
[1;32muart:~$ [m[8D[J[00:11:17.262,000] [0m<inf> imu: LSM6DSV16X   a   0.526  -6.086   8.294  g  -0.012   0.001  -0.002[0m
[1;32muart:~$ [m[8D[J[1;32muart:~$ [m[8D[J[00:11:17.262,000] [0m<inf> imu: ICM-42688-P  a   0.517  -6.282   7.676  g   0.000  -0.006  -0.001[0m
[1;32muart:~$ [m[8D[J[00:11:17.365,000] [0m<inf> imu: LSM6DS3TR-C  a   0.217  -6.238   7.970  g   0.024  -0.063   0.013[0m
[1;32muart:~$ [m[8D[J[1;32muart:~$ [m[8D[J[00:11:17.365,000] [0m<inf> imu: LSM6DSV16X   a   0.529  -6.086   8.305  g  -0.013   0.003  -0.003[0m
[1;32muart:~$ [m[8D[J[00:11:17.366,000] [0m<inf> imu: ICM-42688-P  a   0.512  -6.278   7.682  g   0.000  -0.006  -0.000[0m
[1;32muart:~$ [m[8D[J[1;32muart:~$ [m[8D[J[00:11:17.467,000] [0m<inf> imu: LSM6DS3TR-C  a   0.216  -6.214   7.973  g   0.024  -0.061   0.013[0m
[1;32muart:~$ [m[8D[J[00:11:17.468,000] [0m<inf> imu: LSM6DSV16X   a   0.529  -6.089   8.291  g  -0.011   0.001  -0.003[0m
[1;32muart:~$ [m[8D[J[1;32muart:~$ [m[8D[J[00:11:17.468,000] [0m<inf> imu: ICM-42688-P  a   0.521  -6.281   7.682  g   0.000  -0.006  -0.002[0m
[1;32muart:~$ [m[8D[J[00:11:17.570,000] [0m<inf> imu: LSM6DS3TR-C  a   0.229  -6.217   7.972  g   0.024  -0.062   0.012[0m
[1;32muart:~$ [m[8D[J[1;32muart:~$ [m[8D[J[00:11:17.571,000] [0m<inf> imu: LSM6DSV16X   a   0.526  -6.094   8.305  g  -0.011   0.003  -0.002[0m
[1;32muart:~$ [m[8D[J[00:11:17.571,000] [0m<inf> imu: ICM-42688-P  a   0.523  -6.284   7.703  g  -0.000  -0.005  -0.000[0m
[1;32muart:~$ [m[8D[J[1;32muart:~$ [m[8D[J[00:11:17.672,000] [0m<inf> imu: LSM6DS3TR-C  a   0.211  -6.214   7.944  g   0.024  -0.062   0.013[0m
[1;32muart:~$ [m[8D[J[00:11:17.673,000] [0m<inf> imu: LSM6DSV16X   a   0.522  -6.087   8.310  g  -0.012   0.002  -0.003[0m
[1;32muart:~$ [m[8D[J[1;32muart:~$ [m[8D[J[00:11:17.673,000] [0m<inf> imu: ICM-42688-P  a   0.517  -6.279   7.673  g   0.001  -0.005  -0.001[0m
[1;32muart:~$ [m[8D[J[00:11:17.774,000] [0m<inf> imu: LSM6DS3TR-C  a   0.215  -6.238   7.962  g   0.024  -0.061   0.014[0m
[1;32muart:~$ [m[8D[J[00:11:17.775,000] [0m<inf> imu: LSM6DSV16X   a   0.527  -6.084   8.305  g  -0.010   0.002  -0.002[0m
[1;32muart:~$ [m[8D[J[1;32muart:~$ [m[8D[J[00:11:17.776,000] [0m<inf> imu: ICM-42688-P  a   0.522  -6.298   7.689  g   0.001  -0.005  -0.001[0m
[1;32muart:~$ [m[8D[J[00:11:17.877,000] [0m<inf> imu: LSM6DS3TR-C  a   0.206  -6.222   8.002  g   0.025  -0.062   0.012[0m
[1;32muart:~$ [m[8D[J[1;32muart:~$ [m[8D[J[00:11:17.878,000] [0m<inf> imu: LSM6DSV16X   a   0.520  -6.089   8.305  g  -0.011   0.002  -0.002[0m
[1;32muart:~$ [m[8D[J[00:11:17.879,000] [0m<inf> imu: ICM-42688-P  a   0.511  -6.298   7.672  g  -0.001  -0.006  -0.000[0m
[1;32muart:~$ [m[8D[J[00:11:17.980,000] [0m<inf> imu: LSM6DS3TR-C  a   0.236  -6.266   7.987  g   0.024  -0.062   0.012[0m
[1;32muart:~$ [m[8D[J[1;32muart:~$ [m[8D[J[00:11:17.981,000] [0m<inf> imu: LSM6DSV16X   a   0.522  -6.083   8.305  g  -0.011   0.003  -0.002[0m
[1;32muart:~$ [m[8D[J[00:11:17.981,000] [0m<inf> imu: ICM-42688-P  a   0.496  -6.287   7.665  g   0.001  -0.005   0.000[0m
[1;32muart:~$ [m[8D[J[00:11:18.082,000] [0m<inf> imu: LSM6DS3TR-C  a   0.248  -6.243   7.975  g   0.025  -0.063   0.012[0m
[1;32muart:~$ [m[8D[J[00:11:18.083,000] [0m<inf> imu: LSM6DSV16X   a   0.526  -6.083   8.306  g  -0.010   0.002  -0.002[0m
[1;32muart:~$ [m[8D[J[1;32muart:~$ [m[8D[J[00:11:18.083,000] [0m<inf> imu: ICM-42688-P  a   0.516  -6.285   7.691  g   0.001  -0.006  -0.001[0m
[1;32muart:~$ [m[8D[J[1;32muart:~$ [m[8D[J[00:11:18.185,000] [0m<inf> imu: LSM6DS3TR-C  a   0.224  -6.252   7.948  g   0.025  -0.063   0.013[0m
[1;32muart:~$ [m[8D[J[00:11:18.185,000] [0m<inf> imu: LSM6DSV16X   a   0.522  -6.085   8.296  g  -0.011   0.003  -0.003[0m
[1;32muart:~$ [m[8D[J[1;32muart:~$ [m[8D[J[00:11:18.186,000] [0m<inf> imu: ICM-42688-P  a   0.516  -6.294   7.683  g   0.000  -0.005  -0.000[0m
[1;32muart:~$ [m[8D[J[00:11:18.287,000] [0m<inf> imu: LSM6DS3TR-C  a   0.246  -6.243   7.959  g   0.026  -0.062   0.012[0m
[1;32muart:~$ [m[8D[J[1;32muart:~$ [m[8D[J[00:11:18.288,000] [0m<inf> imu: LSM6DSV16X   a   0.529  -6.083   8.301  g  -0.012   0.001  -0.003[0m
[1;32muart:~$ [m[8D[J[00:11:18.288,000] [0m<inf> imu: ICM-42688-P  a   0.523  -6.294   7.684  g   0.000  -0.006  -0.001[0m
[1;32muart:~$ [m[8D[J[1;32muart:~$ [m[8D[J[00:11:18.389,000] [0m<inf> imu: LSM6DS3TR-C  a   0.220  -6.246   7.983  g   0.024  -0.063   0.012[0m
[1;32muart:~$ [m[8D[J[00:11:18.390,000] [0m<inf> imu: LSM6DSV16X   a   0.529  -6.088   8.301  g  -0.011   0.002  -0.002[0m
[1;32muart:~$ [m[8D[J[1;32muart:~$ [m[8D[J[00:11:18.390,000] [0m<inf> imu: ICM-42688-P  a   0.511  -6.290   7.678  g  -0.000  -0.006   0.000[0m
[1;32muart:~$ [m[8D[J[00:11:18.491,000] [0m<inf> imu: LSM6DS3TR-C  a   0.245  -6.215   7.926  g   0.025  -0.061   0.012[0m
[1;32muart:~$ [m[8D[J[00:11:18.492,000] [0m<inf> imu: LSM6DSV16X   a   0.527  -6.083   8.303  g  -0.012   0.002  -0.003[0m
[1;32muart:~$ [m[8D[J[1;32muart:~$ [m[8D[J[00:11:18.493,000] [0m<inf> imu: ICM-42688-P  a   0.518  -6.280   7.667  g   0.000  -0.006  -0.000[0m
[1;32muart:~$ [m[8D[J[00:11:18.594,000] [0m<inf> imu: LSM6DS3TR-C  a   0.202  -6.237   7.941  g   0.023  -0.061   0.012[0m
[1;32muart:~$ [m[8D[J[1;32muart:~$ [m[8D[J[00:11:18.595,000] [0m<inf> imu: LSM6DSV16X   a   0.523  -6.090   8.303  g  -0.012   0.002  -0.003[0m
[1;32muart:~$ [m[8D[J[00:11:18.596,000] [0m<inf> imu: ICM-42688-P  a   0.512  -6.284   7.673  g   0.000  -0.005  -0.001[0m
[1;32muart:~$ [m[8D[J[00:11:18.697,000] [0m<inf> imu: LSM6DS3TR-C  a   0.233  -6.249   7.945  g   0.025  -0.063   0.012[0m
[1;32muart:~$ [m[8D[J[1;32muart:~$ [m[8D[J[00:11:18.698,000] [0m<inf> imu: LSM6DSV16X   a   0.529  -6.088   8.305  g  -0.011   0.002  -0.002[0m
[1;32muart:~$ [m[8D[J[00:11:18.698,000] [0m<inf> imu: ICM-42688-P  a   0.528  -6.287   7.691  g  -0.001  -0.005  -0.001[0m
[1;32muart:~$ [m[8D[J[00:11:18.799,000] [0m<inf> imu: LSM6DS3TR-C  a   0.214  -6.261   7.970  g   0.026  -0.063   0.011[0m
[1;32muart:~$ [m[8D[J[00:11:18.800,000] [0m<inf> imu: LSM6DSV16X   a   0.526  -6.085   8.301  g  -0.012   0.003  -0.003[0m
[1;32muart:~$ [m[8D[J[1;32muart:~$ [m[8D[J[00:11:18.801,000] [0m<inf> imu: ICM-42688-P  a   0.509  -6.290   7.691  g  -0.000  -0.005  -0.000[0m
[1;32muart:~$ [m[8D[J[1;32muart:~$ [m[8D[J[00:11:18.902,000] [0m<inf> imu: LSM6DS3TR-C  a   0.234  -6.233   7.973  g   0.025  -0.062   0.013[0m
[1;32muart:~$ [m[8D[J[00:11:18.902,000] [0m<inf> imu: LSM6DSV16X   a   0.524  -6.081   8.305  g  -0.011   0.002  -0.002[0m
[1;32muart:~$ [m[8D[J[1;32muart:~$ [m[8D[J[00:11:18.903,000] [0m<inf> imu: ICM-42688-P  a   0.516  -6.287   7.677  g   0.000  -0.006  -0.000[0m
[1;32muart:~$ [m[8D[J[00:11:19.004,000] [0m<inf> imu: LSM6DS3TR-C  a   0.229  -6.222   7.979  g   0.024  -0.062   0.013[0m
[1;32muart:~$ [m[8D[J[1;32muart:~$ [m[8D[J[00:11:19.005,000] [0m<inf> imu: LSM6DSV16X   a   0.526  -6.077   8.304  g  -0.011   0.002  -0.003[0m
[1;32muart:~$ [m[8D[J[00:11:19.005,000] [0m<inf> imu: ICM-42688-P  a   0.499  -6.286   7.688  g   0.001  -0.005   0.000[0m
[1;32muart:~$ [m[8D[J[1;32muart:~$ [m[8D[J[00:11:19.106,000] [0m<inf> imu: LSM6DS3TR-C  a   0.221  -6.250   8.005  g   0.023  -0.060   0.012[0m
[1;32muart:~$ [m[8D[J[00:11:19.107,000] [0m<inf> imu: LSM6DSV16X   a   0.531  -6.081   8.301  g  -0.012   0.002  -0.003[0m
[1;32muart:~$ [m[8D[J[1;32muart:~$ [m[8D[J[00:11:19.107,000] [0m<inf> imu: ICM-42688-P  a   0.526  -6.281   7.687  g   0.001  -0.005  -0.001[0m
[1;32muart:~$ [m[8D[J[00:11:19.208,000] [0m<inf> imu: LSM6DS3TR-C  a   0.229  -6.257   7.952  g   0.023  -0.064   0.010[0m
[1;32muart:~$ [m[8D[J[00:11:19.209,000] [0m<inf> imu: LSM6DSV16X   a   0.528  -6.087   8.310  g  -0.012   0.002  -0.002[0m
[1;32muart:~$ [m[8D[J[1;32muart:~$ [m[8D[J[00:11:19.210,000] [0m<inf> imu: ICM-42688-P  a   0.516  -6.291   7.677  g   0.001  -0.006  -0.000[0m
[1;32muart:~$ [m[8D[J[00:11:19.311,000] [0m<inf> imu: LSM6DS3TR-C  a   0.252  -6.226   7.969  g   0.024  -0.063   0.012[0m
[1;32muart:~$ [m[8D[J[00:11:19.313,000] [0m<inf> imu: LSM6DSV16X   a   0.528  -6.085   8.297  g  -0.012   0.002  -0.002[0m
[1;32muart:~$ [m[8D[J[1;32muart:~$ [m[8D[J[00:11:19.313,000] [0m<inf> imu: ICM-42688-P  a   0.517  -6.284   7.670  g   0.000  -0.006  -0.000[0m
[1;32muart:~$ [m[8D[J[00:11:19.415,000] [0m<inf> imu: LSM6DS3TR-C  a   0.221  -6.240   7.944  g   0.024  -0.061   0.012[0m
[1;32muart:~$ [m[8D[J[1;32muart:~$ [m[8D[J[00:11:19.416,000] [0m<inf> imu: LSM6DSV16X   a   0.526  -6.087   8.297  g  -0.011   0.002  -0.002[0m
[1;32muart:~$ [m[8D[J[00:11:19.416,000] [0m<inf> imu: ICM-42688-P  a   0.506  -6.291   7.693  g   0.000  -0.006  -0.001[0m
[1;32muart:~$ [m[8D[J[1;32muart:~$ [m[8D[J[00:11:19.517,000] [0m<inf> imu: LSM6DS3TR-C  a   0.226  -6.251   7.951  g   0.025  -0.064   0.011[0m
[1;32muart:~$ [m[8D[J[00:11:19.519,000] [0m<inf> imu: LSM6DSV16X   a   0.531  -6.083   8.298  g  -0.012   0.002  -0.002[0m
[1;32muart:~$ [m[8D[J[1;32muart:~$ [m[8D[J[00:11:19.519,000] [0m<inf> imu: ICM-42688-P  a   0.512  -6.294   7.676  g   0.000  -0.006  -0.001[0m
[1;32muart:~$ [m[8D[J[00:11:19.620,000] [0m<inf> imu: LSM6DS3TR-C  a   0.221  -6.248   7.939  g   0.023  -0.062   0.013[0m
[1;32muart:~$ [m[8D[J[1;32muart:~$ [m[8D[J[00:11:19.621,000] [0m<inf> imu: LSM6DSV16X   a   0.522  -6.082   8.301  g  -0.011   0.002  -0.002[0m
[1;32muart:~$ [m[8D[J[00:11:19.622,000] [0m<inf> imu: ICM-42688-P  a   0.523  -6.299   7.681  g   0.000  -0.005   0.000[0m
[1;32muart:~$ [m[8D[J[1;32muart:~$ [m[8D[J[00:11:19.723,000] [0m<inf> imu: LSM6DS3TR-C  a   0.199  -6.246   7.936  g   0.023  -0.063   0.013[0m
[1;32muart:~$ [m[8D[J[00:11:19.723,000] [0m<inf> imu: LSM6DSV16X   a   0.529  -6.085   8.310  g  -0.013   0.002  -0.003[0m
[1;32muart:~$ [m[8D[J[1;32muart:~$ [m[8D[J[00:11:19.724,000] [0m<inf> imu: ICM-42688-P  a   0.521  -6.290   7.678  g   0.001  -0.005  -0.000[0m
[1;32muart:~$ [m[8D[J[00:11:19.825,000] [0m<inf> imu: LSM6DS3TR-C  a   0.251  -6.217   7.954  g   0.024  -0.063   0.011[0m
[1;32muart:~$ [m[8D[J[00:11:19.826,000] [0m<inf> imu: LSM6DSV16X   a   0.521  -6.092   8.299  g  -0.011   0.003  -0.003[0m
[1;32muart:~$ [m[8D[J[1;32muart:~$ [m[8D[J[00:11:19.826,000] [0m<inf> imu: ICM-42688-P  a   0.514  -6.275   7.673  g   0.000  -0.005  -0.000[0m
[1;32muart:~$ [m[8D[J[00:11:19.928,000] [0m<inf> imu: LSM6DS3TR-C  a   0.216  -6.229   7.957  g   0.022  -0.064   0.009[0m
[1;32muart:~$ [m[8D[J[00:11:19.929,000] [0m<inf> imu: LSM6DSV16X   a   0.529  -6.081   8.298  g  -0.011   0.001  -0.003[0m
[1;32muart:~$ [m[8D[J[1;32muart:~$ [m[8D[J[00:11:19.929,000] [0m<inf> imu: ICM-42688-P  a   0.524  -6.281   7.691  g  -0.001  -0.006  -0.001[0m
[1;32muart:~$ [m[8D[J[00:11:20.031,000] [0m<inf> imu: LSM6DS3TR-C  a   0.182  -6.217   7.985  g   0.023  -0.064   0.015[0m
[1;32muart:~$ [m[8D[J[1;32muart:~$ [m[8D[J[00:11:20.031,000] [0m<inf> imu: LSM6DSV16X   a   0.522  -6.082   8.302  g  -0.010   0.003  -0.003[0m
[1;32muart:~$ [m[8D[J[00:11:20.032,000] [0m<inf> imu: ICM-42688-P  a   0.521  -6.293   7.676  g   0.001  -0.005  -0.001[0m
[1;32muart:~$ [m[8D[J[00:11:20.133,000] [0m<inf> imu: LSM6DS3TR-C  a   0.264  -6.226   7.947  g   0.024  -0.062   0.011[0m
[1;32muart:~$ [m[8D[J[00:11:20.134,000] [0m<inf> imu: LSM6DSV16X   a   0.531  -6.083   8.301  g  -0.011   0.002  -0.004[0m
[1;32muart:~$ [m[8D[J[1;32muart:~$ [m[8D[J[00:11:20.134,000] [0m<inf> imu: ICM-42688-P  a   0.520  -6.298   7.661  g   0.000  -0.005   0.000[0m
[1;32muart:~$ [m[8D[J[1;32muart:~$ [m[8D[J[00:11:20.235,000] [0m<inf> imu: LSM6DS3TR-C  a   0.237  -6.258   7.939  g   0.024  -0.060   0.014[0m
[1;32muart:~$ [m[8D[J[00:11:20.236,000] [0m<inf> imu: LSM6DSV16X   a   0.524  -6.084   8.307  g  -0.012   0.003  -0.003[0m
[1;32muart:~$ [m[8D[J[1;32muart:~$ [m[8D[J[00:11:20.236,000] [0m<inf> imu: ICM-42688-P  a   0.516  -6.280   7.689  g   0.000  -0.005   0.001[0m
[1;32muart:~$ [m[8D[J[00:11:20.337,000] [0m<inf> imu: LSM6DS3TR-C  a   0.227  -6.224   7.958  g   0.025  -0.062   0.013[0m
[1;32muart:~$ [m[8D[J[1;32muart:~$ [m[8D[J[00:11:20.338,000] [0m<inf> imu: LSM6DSV16X   a   0.527  -6.085   8.301  g  -0.012   0.002  -0.003[0m
[1;32muart:~$ [m[8D[J[00:11:20.339,000] [0m<inf> imu: ICM-42688-P  a   0.515  -6.287   7.679  g   0.000  -0.005   0.000[0m
[1;32muart:~$ [m[8D[J[1;32muart:~$ [m[8D[J[00:11:20.440,000] [0m<inf> imu: LSM6DS3TR-C  a   0.230  -6.257   7.952  g   0.026  -0.060   0.012[0m
[1;32muart:~$ [m[8D[J[00:11:20.440,000] [0m<inf> imu: LSM6DSV16X   a   0.526  -6.092   8.294  g  -0.010   0.002  -0.002[0m
[1;32muart:~$ [m[8D[J[1;32muart:~$ [m[8D[J[00:11:20.441,000] [0m<inf> imu: ICM-42688-P  a   0.526  -6.292   7.673  g   0.000  -0.005  -0.001[0m
[1;32muart:~$ [m[8D[J[00:11:20.542,000] [0m<inf> imu: LSM6DS3TR-C  a   0.240  -6.215   7.914  g   0.024  -0.063   0.012[0m
[1;32muart:~$ [m[8D[J[00:11:20.543,000] [0m<inf> imu: LSM6DSV16X   a   0.531  -6.087   8.305  g  -0.012   0.002  -0.003[0m
[1;32muart:~$ [m[8D[J[1;32muart:~$ [m[8D[J[00:11:20.543,000] [0m<inf> imu: ICM-42688-P  a   0.518  -6.285   7.670  g   0.000  -0.005  -0.001[0m
[1;32muart:~$ [m[8D[J[00:11:20.645,000] [0m<inf> imu: LSM6DS3TR-C  a   0.239  -6.262   7.958  g   0.025  -0.062   0.013[0m
[1;32muart:~$ [m[8D[J[1;32muart:~$ [m[8D[J[00:11:20.645,000] [0m<inf> imu: LSM6DSV16X   a   0.529  -6.082   8.307  g  -0.013   0.002  -0.003[0m
[1;32muart:~$ [m[8D[J[00:11:20.646,000] [0m<inf> imu: ICM-42688-P  a   0.522  -6.281   7.682  g   0.000  -0.005  -0.001[0m
[1;32muart:~$ [m[8D[J[1;32muart:~$ [m[8D[J[00:11:20.748,000] [0m<inf> imu: LSM6DS3TR-C  a   0.202  -6.257   7.982  g   0.022  -0.063   0.012[0m
[1;32muart:~$ [m[8D[J[00:11:20.748,000] [0m<inf> imu: LSM6DSV16X   a   0.529  -6.080   8.299  g  -0.012   0.002  -0.002[0m
[1;32muart:~$ [m[8D[J[00:11:20.749,000] [0m<inf> imu: ICM-42688-P  a   0.510  -6.273   7.683  g   0.000  -0.006  -0.001[0m
[1;32muart:~$ [m[8D[J[1;32muart:~$ [m[8D[J[00:11:20.850,000] [0m<inf> imu: LSM6DS3TR-C  a   0.243  -6.242   7.979  g   0.022  -0.064   0.012[0m
[1;32muart:~$ [m[8D[J[00:11:20.852,000] [0m<inf> imu: LSM6DSV16X   a   0.524  -6.087   8.299  g  -0.011   0.003  -0.003[0m
[1;32muart:~$ [m[8D[J[1;32muart:~$ [m[8D[J[00:11:20.852,000] [0m<inf> imu: ICM-42688-P  a   0.517  -6.290   7.683  g  -0.000  -0.005  -0.001[0m
[1;32muart:~$ [m[8D[J[00:11:20.953,000] [0m<inf> imu: LSM6DS3TR-C  a   0.214  -6.272   8.009  g   0.023  -0.062   0.013[0m
[1;32muart:~$ [m[8D[J[1;32muart:~$ [m[8D[J[00:11:20.954,000] [0m<inf> imu: LSM6DSV16X   a   0.524  -6.087   8.306  g  -0.012   0.001  -0.002[0m
[1;32muart:~$ [m[8D[J[00:11:20.955,000] [0m<inf> imu: ICM-42688-P  a   0.522  -6.290   7.685  g   0.000  -0.005  -0.000[0m
[1;32muart:~$ [m[8D[J[1;32muart:~$ [m[8D[J[00:11:21.056,000] [0m<inf> imu: LSM6DS3TR-C  a   0.230  -6.239   7.886  g   0.025  -0.062   0.013[0m
[1;32muart:~$ [m[8D[J[00:11:21.056,000] [0m<inf> imu: LSM6DSV16X   a   0.524  -6.083   8.308  g  -0.010   0.002  -0.002[0m
[1;32muart:~$ [m[8D[J[00:11:21.057,000] [0m<inf> imu: ICM-42688-P  a   0.517  -6.298   7.678  g   0.000  -0.005  -0.001[0m
[1;32muart:~$ [m[8D[J[1;32muart:~$ [m[8D[J[00:11:21.158,000] [0m<inf> imu: LSM6DS3TR-C  a   0.197  -6.230   7.953  g   0.026  -0.064   0.013[0m
[1;32muart:~$ [m[8D[J[00:11:21.159,000] [0m<inf> imu: LSM6DSV16X   a   0.526  -6.085   8.301  g  -0.012   0.001  -0.002[0m
[1;32muart:~$ [m[8D[J[1;32muart:~$ [m[8D[J[00:11:21.159,000] [0m<inf> imu: ICM-42688-P  a   0.520  -6.293   7.676  g   0.000  -0.005  -0.001[0m
[1;32muart:~$ [m[8D[J[00:11:21.261,000] [0m<inf> imu: LSM6DS3TR-C  a   0.243  -6.243   7.992  g   0.025  -0.062   0.011[0m
[1;32muart:~$ [m[8D[J[1;32muart:~$ [m[8D[J[00:11:21.262,000] [0m<inf> imu: LSM6DSV16X   a   0.522  -6.081   8.307  g  -0.011   0.002  -0.003[0m
[1;32muart:~$ [m[8D[J[00:11:21.263,000] [0m<inf> imu: ICM-42688-P  a   0.517  -6.278   7.678  g   0.001  -0.005  -0.001[0m
[1;32muart:~$ [m[8D[J[00:11:21.364,000] [0m<inf> imu: LSM6DS3TR-C  a   0.220  -6.330   7.958  g   0.024  -0.063   0.014[0m
[1;32muart:~$ [m[8D[J[1;32muart:~$ [m[8D[J[00:11:21.365,000] [0m<inf> imu: LSM6DSV16X   a   0.525  -6.085   8.313  g  -0.011   0.002  -0.002[0m
[1;32muart:~$ [m[8D[J[00:11:21.365,000] [0m<inf> imu: ICM-42688-P  a   0.555  -6.244   7.702  g   0.001  -0.006  -0.001[0m
[1;32muart:~$ [m[8D[J[1;32muart:~$ [m[8D[J[00:11:21.467,000] [0m<inf> imu: LSM6DS3TR-C  a   0.236  -6.198   7.944  g   0.026  -0.062   0.012[0m
[1;32muart:~$ [m[8D[J[00:11:21.468,000] [0m<inf> imu: LSM6DSV16X   a   0.528  -6.077   8.295  g  -0.009   0.002  -0.003[0m
[1;32muart:~$ [m[8D[J[1;32muart:~$ [m[8D[J[00:11:21.469,000] [0m<inf> imu: ICM-42688-P  a   0.521  -6.282   7.700  g   0.003  -0.005  -0.001[0m
[1;32muart:~$ [m[8D[J[00:11:21.570,000] [0m<inf> imu: LSM6DS3TR-C  a   0.223  -6.260   7.968  g   0.023  -0.061   0.013[0m
[1;32muart:~$ [m[8D[J[1;32muart:~$ [m[8D[J[00:11:21.571,000] [0m<inf> imu: LSM6DSV16X   a   0.524  -6.081   8.304  g  -0.013   0.003  -0.003[0m
[1;32muart:~$ [m[8D[J[00:11:21.571,000] [0m<inf> imu: ICM-42688-P  a   0.509  -6.276   7.700  g   0.000  -0.006  -0.001[0m
[1;32muart:~$ [m[8D[J[1;32muart:~$ [m[8D[J[00:11:21.672,000] [0m<inf> imu: LSM6DS3TR-C  a   0.260  -6.237   7.953  g   0.026  -0.064   0.013[0m
[1;32muart:~$ [m[8D[J[00:11:21.673,000] [0m<inf> imu: LSM6DSV16X   a   0.525  -6.074   8.292  g  -0.012   0.002  -0.004[0m
[1;32muart:~$ [m[8D[J[1;32muart:~$ [m[8D[J[00:11:21.673,000] [0m<inf> imu: ICM-42688-P  a   0.509  -6.297   7.677  g   0.000  -0.006  -0.001[0m
[1;32muart:~$ [m[8D[J[00:11:21.774,000] [0m<inf> imu: LSM6DS3TR-C  a   0.229  -6.243   7.944  g   0.023  -0.063   0.012[0m
[1;32muart:~$ [m[8D[J[00:11:21.775,000] [0m<inf> imu: LSM6DSV16X   a   0.522  -6.080   8.289  g  -0.013   0.002  -0.003[0m
[1;32muart:~$ [m[8D[J[1;32muart:~$ [m[8D[J[00:11:21.776,000] [0m<inf> imu: ICM-42688-P  a   0.521  -6.279   7.687  g  -0.000  -0.005  -0.001[0m
[1;32muart:~$ [m[8D[J[00:11:21.877,000] [0m<inf> imu: LSM6DS3TR-C  a   0.265  -6.224   7.975  g   0.025  -0.065   0.013[0m
[1;32muart:~$ [m[8D[J[1;32muart:~$ [m[8D[J[00:11:21.878,000] [0m<inf> imu: LSM6DSV16X   a   0.541  -6.088   8.305  g  -0.011   0.001  -0.003[0m
[1;32muart:~$ [m[8D[J[00:11:21.879,000] [0m<inf> imu: ICM-42688-P  a   0.530  -6.287   7.658  g   0.000  -0.005  -0.001[0m
[1;32muart:~$ [m[8D[J[1;32muart:~$ [m[8D[J[00:11:21.980,000] [0m<inf> imu: LSM6DS3TR-C  a   0.219  -6.264   7.926  g   0.024  -0.064   0.011[0m
[1;32muart:~$ [m[8D[J[00:11:21.981,000] [0m<inf> imu: LSM6DSV16X   a   0.511  -6.096   8.303  g  -0.011   0.002  -0.003[0m
[1;32muart:~$ [m[8D[J[00:11:21.981,000] [0m<inf> imu: ICM-42688-P  a   0.508  -6.304   7.700  g   0.000  -0.006  -0.000[0m
[1;32muart:~$ [m[8D[J[1;32muart:~$ [m[8D[J[00:11:22.083,000] [0m<inf> imu: LSM6DS3TR-C  a   0.224  -6.236   7.941  g   0.022  -0.061   0.011[0m
[1;32muart:~$ [m[8D[J[00:11:22.083,000] [0m<inf> imu: LSM6DSV16X   a   0.536  -6.083   8.298  g  -0.012   0.002  -0.002[0m
[1;32muart:~$ [m[8D[J[00:11:22.084,000] [0m<inf> imu: ICM-42688-P  a   0.529  -6.264   7.684  g   0.001  -0.006   0.001[0m
[1;32muart:~$ [m[8D[J[1;32muart:~$ [m[8D[J[00:11:22.185,000] [0m<inf> imu: LSM6DS3TR-C  a   0.223  -6.195   7.974  g   0.027  -0.063   0.011[0m
[1;32muart:~$ [m[8D[J[00:11:22.186,000] [0m<inf> imu: LSM6DSV16X   a   0.528  -6.089   8.305  g  -0.012   0.001  -0.002[0m
[1;32muart:~$ [m[8D[J[00:11:22.186,000] [0m<inf> imu: ICM-42688-P  a   0.510  -6.298   7.687  g   0.001  -0.005   0.000[0m
[1;32muart:~$ [m[8D[J[1;32muart:~$ [m[8D[J[00:11:22.287,000] [0m<inf> imu: LSM6DS3TR-C  a   0.239  -6.227   7.972  g   0.024  -0.062   0.011[0m
[1;32muart:~$ [m[8D[J[00:11:22.288,000] [0m<inf> imu: LSM6DSV16X   a   0.536  -6.072   8.305  g  -0.012   0.002  -0.003[0m
[1;32muart:~$ [m[8D[J[1;32muart:~$ [m[8D[J[00:11:22.289,000] [0m<inf> imu: ICM-42688-P  a   0.529  -6.280   7.684  g   0.000  -0.006  -0.001[0m
[1;32muart:~$ [m[8D[J[00:11:22.390,000] [0m<inf> imu: LSM6DS3TR-C  a   0.214  -6.265   7.994  g   0.023  -0.062   0.013[0m
[1;32muart:~$ [m[8D[J[1;32muart:~$ [m[8D[J[00:11:22.390,000] [0m<inf> imu: LSM6DSV16X   a   0.522  -6.089   8.310  g  -0.012   0.003  -0.003[0m
[1;32muart:~$ [m[8D[J[00:11:22.391,000] [0m<inf> imu: ICM-42688-P  a   0.506  -6.303   7.657  g   0.001  -0.005  -0.001[0m
[1;32muart:~$ [m[8D[J[00:11:22.492,000] [0m<inf> imu: LSM6DS3TR-C  a   0.235  -6.202   8.004  g   0.026  -0.061   0.013[0m
[1;32muart:~$ [m[8D[J[00:11:22.493,000] [0m<inf> imu: LSM6DSV16X   a   0.529  -6.078   8.296  g  -0.011   0.002  -0.002[0m
[1;32muart:~$ [m[8D[J[1;32muart:~$ [m[8D[J[00:11:22.494,000] [0m<inf> imu: ICM-42688-P  a   0.504  -6.297   7.682  g   0.001  -0.005   0.000[0m
[1;32muart:~$ [m[8D[J[00:11:22.595,000] [0m<inf> imu: LSM6DS3TR-C  a   0.248  -6.236   7.978  g   0.024  -0.060   0.013[0m
[1;32muart:~$ [m[8D[J[00:11:22.595,000] [0m<inf> imu: LSM6DSV16X   a   0.547  -6.087   8.296  g  -0.010   0.003  -0.002[0m
[1;32muart:~$ [m[8D[J[1;32muart:~$ [m[8D[J[00:11:22.596,000] [0m<inf> imu: ICM-42688-P  a   0.535  -6.288   7.667  g   0.001  -0.005   0.001[0m
[1;32muart:~$ [m[8D[J[00:11:22.697,000] [0m<inf> imu: LSM6DS3TR-C  a   0.221  -6.220   7.976  g   0.024  -0.062   0.012[0m
[1;32muart:~$ [m[8D[J[1;32muart:~$ [m[8D[J[00:11:22.698,000] [0m<inf> imu: LSM6DSV16X   a   0.517  -6.083   8.301  g  -0.011   0.003  -0.003[0m
[1;32muart:~$ [m[8D[J[00:11:22.698,000] [0m<inf> imu: ICM-42688-P  a   0.530  -6.281   7.677  g   0.001  -0.006  -0.001[0m
[1;32muart:~$ [m[8D[J[1;32muart:~$ [m[8D[J[00:11:22.800,000] [0m<inf> imu: LSM6DS3TR-C  a   0.218  -6.230   7.933  g   0.026  -0.064   0.013[0m
[1;32muart:~$ [m[8D[J[00:11:22.800,000] [0m<inf> imu: LSM6DSV16X   a   0.514  -6.085   8.305  g  -0.011   0.002  -0.003[0m
[1;32muart:~$ [m[8D[J[1;32muart:~$ [m[8D[J[00:11:22.801,000] [0m<inf> imu: ICM-42688-P  a   0.512  -6.296   7.678  g   0.000  -0.005  -0.000[0m
[1;32muart:~$ [m[8D[J[00:11:22.902,000] [0m<inf> imu: LSM6DS3TR-C  a   0.223  -6.275   7.932  g   0.025  -0.062   0.012[0m
[1;32muart:~$ [m[8D[J[1;32muart:~$ [m[8D[J[00:11:22.903,000] [0m<inf> imu: LSM6DSV16X   a   0.528  -6.089   8.291  g  -0.012   0.002  -0.002[0m
[1;32muart:~$ [m[8D[J[00:11:22.903,000] [0m<inf> imu: ICM-42688-P  a   0.517  -6.284   7.675  g   0.001  -0.005  -0.001[0m
[1;32muart:~$ [m[8D[J[1;32muart:~$ [m[8D[J[00:11:23.004,000] [0m<inf> imu: LSM6DS3TR-C  a   0.248  -6.254   7.973  g   0.024  -0.062   0.011[0m
[1;32muart:~$ [m[8D[J[00:11:23.005,000] [0m<inf> imu: LSM6DSV16X   a   0.532  -6.080   8.304  g  -0.011   0.003  -0.002[0m
[1;32muart:~$ [m[8D[J[1;32muart:~$ [m[8D[J[00:11:23.005,000] [0m<inf> imu: ICM-42688-P  a   0.524  -6.285   7.693  g  -0.000  -0.005  -0.000[0m
[1;32muart:~$ [m[8D[J[00:11:23.106,000] [0m<inf> imu: LSM6DS3TR-C  a   0.205  -6.233   7.952  g   0.024  -0.062   0.012[0m
[1;32muart:~$ [m[8D[J[00:11:23.107,000] [0m<inf> imu: LSM6DSV16X   a   0.525  -6.088   8.294  g  -0.011   0.003  -0.002[0m
[1;32muart:~$ [m[8D[J[00:11:23.108,000] [0m<inf> imu: ICM-42688-P  a   0.512  -6.288   7.673  g   0.000  -0.006  -0.001[0m
[1;32muart:~$ [m[8D[J[1;32muart:~$ [m[8D[J[00:11:23.209,000] [0m<inf> imu: LSM6DS3TR-C  a   0.223  -6.231   7.964  g   0.024  -0.060   0.013[0m
[1;32muart:~$ [m[8D[J[00:11:23.210,000] [0m<inf> imu: LSM6DSV16X   a   0.519  -6.080   8.313  g  -0.012   0.002  -0.002[0m
[1;32muart:~$ [m[8D[J[00:11:23.211,000] [0m<inf> imu: ICM-42688-P  a   0.522  -6.273   7.682  g   0.000  -0.005   0.000[0m
[1;32muart:~$ [m[8D[J[1;32muart:~$ [m[8D[J[00:11:23.313,000] [0m<inf> imu: LSM6DS3TR-C  a   0.237  -6.223   7.934  g   0.024  -0.060   0.013[0m
[1;32muart:~$ [m[8D[J[00:11:23.314,000] [0m<inf> imu: LSM6DSV16X   a   0.529  -6.087   8.305  g  -0.011   0.002  -0.002[0m
[1;32muart:~$ [m[8D[J[1;32muart:~$ [m[8D[J[00:11:23.315,000] [0m<inf> imu: ICM-42688-P  a   0.517  -6.292   7.673  g   0.001  -0.005  -0.001[0m
[1;32muart:~$ [m[8D[J[00:11:23.417,000] [0m<inf> imu: LSM6DS3TR-C  a   0.229  -6.254   7.965  g   0.024  -0.062   0.013[0m
[1;32muart:~$ [m[8D[J[1;32muart:~$ [m[8D[J[00:11:23.418,000] [0m<inf> imu: LSM6DSV16X   a   0.522  -6.081   8.303  g  -0.012   0.002  -0.003[0m
[1;32muart:~$ [m[8D[J[00:11:23.419,000] [0m<inf> imu: ICM-42688-P  a   0.523  -6.303   7.672  g   0.000  -0.005  -0.001[0m
[1;32muart:~$ [m[8D[J[1;32muart:~$ [m[8D[J[00:11:23.520,000] [0m<inf> imu: LSM6DS3TR-C  a   0.227  -6.249   7.944  g   0.023  -0.062   0.010[0m
[1;32muart:~$ [m[8D[J[00:11:23.521,000] [0m<inf> imu: LSM6DSV16X   a   0.531  -6.081   8.297  g  -0.012   0.002  -0.002[0m
[1;32muart:~$ [m[8D[J[1;32muart:~$ [m[8D[J[00:11:23.521,000] [0m<inf> imu: ICM-42688-P  a   0.516  -6.290   7.684  g   0.001  -0.005  -0.001[0m
[1;32muart:~$ [m[8D[J[00:11:23.623,000] [0m<inf> imu: LSM6DS3TR-C  a   0.229  -6.236   7.945  g   0.024  -0.061   0.014[0m
[1;32muart:~$ [m[8D[J[1;32muart:~$ [m[8D[J[00:11:23.623,000] [0m<inf> imu: LSM6DSV16X   a   0.519  -6.090   8.291  g  -0.011   0.002  -0.003[0m
[1;32muart:~$ [m[8D[J[00:11:23.624,000] [0m<inf> imu: ICM-42688-P  a   0.515  -6.290   7.685  g   0.000  -0.006  -0.001[0m
[1;32muart:~$ [m[8D[J[1;32muart:~$ [m[8D[J[00:11:23.725,000] [0m<inf> imu: LSM6DS3TR-C  a   0.219  -6.224   7.970  g   0.024  -0.063   0.012[0m
[1;32muart:~$ [m[8D[J[00:11:23.726,000] [0m<inf> imu: LSM6DSV16X   a   0.521  -6.080   8.305  g  -0.011   0.002  -0.003[0m
[1;32muart:~$ [m[8D[J[1;32muart:~$ [m[8D[J[00:11:23.726,000] [0m<inf> imu: ICM-42688-P  a   0.510  -6.285   7.679  g   0.001  -0.006  -0.001[0m
[1;32muart:~$ [m[8D[J[00:11:23.827,000] [0m<inf> imu: LSM6DS3TR-C  a   0.256  -6.231   7.960  g   0.026  -0.064   0.012[0m
[1;32muart:~$ [m[8D[J[00:11:23.828,000] [0m<inf> imu: LSM6DSV16X   a   0.522  -6.088   8.294  g  -0.011   0.002  -0.003[0m
[1;32muart:~$ [m[8D[J[1;32muart:~$ [m[8D[J[00:11:23.828,000] [0m<inf> imu: ICM-42688-P  a   0.516  -6.299   7.676  g   0.000  -0.006  -0.001[0m
[1;32muart:~$ [m[8D[J[00:11:23.929,000] [0m<inf> imu: LSM6DS3TR-C  a   0.223  -6.223   7.955  g   0.025  -0.061   0.011[0m
[1;32muart:~$ [m[8D[J[00:11:23.931,000] [0m<inf> imu: LSM6DSV16X   a   0.529  -6.078   8.303  g  -0.011   0.002  -0.002[0m
[1;32muart:~$ [m[8D[J[1;32muart:~$ [m[8D[J[00:11:23.932,000] [0m<inf> imu: ICM-42688-P  a   0.509  -6.285   7.669  g   0.000  -0.005   0.000[0m
[1;32muart:~$ [m[8D[J[00:11:24.033,000] [0m<inf> imu: LSM6DS3TR-C  a   0.258  -6.227   7.981  g   0.027  -0.063   0.013[0m
[1;32muart:~$ [m[8D[J[1;32muart:~$ [m[8D[J[00:11:24.033,000] [0m<inf> imu: LSM6DSV16X   a   0.524  -6.090   8.291  g  -0.011   0.002  -0.002[0m
[1;32muart:~$ [m[8D[J[00:11:24.034,000] [0m<inf> imu: ICM-42688-P  a   0.514  -6.306   7.676  g  -0.001  -0.006   0.000[0m
[1;32muart:~$ [m[8D[J[1;32muart:~$ [m[8D[J[00:11:24.135,000] [0m<inf> imu: LSM6DS3TR-C  a   0.264  -6.242   7.933  g   0.024  -0.062   0.012[0m
[1;32muart:~$ [m[8D[J[00:11:24.137,000] [0m<inf> imu: LSM6DSV16X   a   0.529  -6.085   8.296  g  -0.012   0.002  -0.003[0m
[1;32muart:~$ [m[8D[J[1;32muart:~$ [m[8D[J[00:11:24.137,000] [0m<inf> imu: ICM-42688-P  a   0.509  -6.284   7.678  g   0.001  -0.005   0.000[0m
[1;32muart:~$ [m[8D[J[00:11:24.239,000] [0m<inf> imu: LSM6DS3TR-C  a   0.216  -6.220   7.990  g   0.026  -0.062   0.012[0m
[1;32muart:~$ [m[8D[J[1;32muart:~$ [m[8D[J[00:11:24.239,000] [0m<inf> imu: LSM6DSV16X   a   0.519  -6.085   8.296  g  -0.012   0.001  -0.003[0m
[1;32muart:~$ [m[8D[J[00:11:24.240,000] [0m<inf> imu: ICM-42688-P  a   0.529  -6.290   7.670  g   0.000  -0.005  -0.001[0m
[1;32muart:~$ [m[8D[J[1;32muart:~$ [m[8D[J[00:11:24.341,000] [0m<inf> imu: LSM6DS3TR-C  a   0.196  -6.230   7.960  g   0.024  -0.064   0.012[0m
[1;32muart:~$ [m[8D[J[00:11:24.342,000] [0m<inf> imu: LSM6DSV16X   a   0.521  -6.087   8.296  g  -0.012   0.002  -0.002[0m
[1;32muart:~$ [m[8D[J[1;32muart:~$ [m[8D[J[00:11:24.342,000] [0m<inf> imu: ICM-42688-P  a   0.516  -6.302   7.691  g   0.000  -0.005  -0.000[0m
[1;32muart:~$ [m[8D[J[00:11:24.443,000] [0m<inf> imu: LSM6DS3TR-C  a   0.245  -6.248   7.960  g   0.024  -0.061   0.011[0m
[1;32muart:~$ [m[8D[J[00:11:24.444,000] [0m<inf> imu: LSM6DSV16X   a   0.517  -6.083   8.296  g  -0.012   0.002  -0.002[0m
[1;32muart:~$ [m[8D[J[1;32muart:~$ [m[8D[J[00:11:24.444,000] [0m<inf> imu: ICM-42688-P  a   0.520  -6.282   7.687  g   0.000  -0.006  -0.000[0m
[1;32muart:~$ [m[8D[J[00:11:24.546,000] [0m<inf> imu: LSM6DS3TR-C  a   0.221  -6.223   7.977  g   0.024  -0.063   0.014[0m
[1;32muart:~$ [m[8D[J[1;32muart:~$ [m[8D[J[00:11:24.547,000] [0m<inf> imu: LSM6DSV16X   a   0.531  -6.083   8.299  g  -0.012   0.002  -0.003[0m
[1;32muart:~$ [m[8D[J[00:11:24.548,000] [0m<inf> imu: ICM-42688-P  a   0.521  -6.290   7.670  g   0.001  -0.006  -0.000[0m
[1;32muart:~$ [m[8D[J[00:11:24.649,000] [0m<inf> imu: LSM6DS3TR-C  a   0.209  -6.269   7.948  g   0.024  -0.064   0.012[0m
[1;32muart:~$ [m[8D[J[1;32muart:~$ [m[8D[J[00:11:24.650,000] [0m<inf> imu: LSM6DSV16X   a   0.532  -6.083   8.305  g  -0.011   0.002  -0.003[0m
[1;32muart:~$ [m[8D[J[00:11:24.650,000] [0m<inf> imu: ICM-42688-P  a   0.530  -6.287   7.695  g   0.000  -0.005  -0.001[0m
[1;32muart:~$ [m[8D[J[00:11:24.751,000] [0m<inf> imu: LSM6DS3TR-C  a   0.233  -6.234   7.965  g   0.025  -0.063   0.010[0m
[1;32muart:~$ [m[8D[J[00:11:24.752,000] [0m<inf> imu: LSM6DSV16X   a   0.531  -6.083   8.298  g  -0.012   0.002  -0.003[0m
[1;32muart:~$ [m[8D[J[1;32muart:~$ [m[8D[J[00:11:24.753,000] [0m<inf> imu: ICM-42688-P  a   0.517  -6.284   7.700  g   0.000  -0.006  -0.001[0m
[1;32muart:~$ [m[8D[J[1;32muart:~$ [m[8D[J[00:11:24.854,000] [0m<inf> imu: LSM6DS3TR-C  a   0.186  -6.209   7.950  g   0.026  -0.062   0.011[0m
[1;32muart:~$ [m[8D[J[00:11:24.854,000] [0m<inf> imu: LSM6DSV16X   a   0.502  -6.092   8.286  g  -0.011   0.002  -0.003[0m
[1;32muart:~$ [m[8D[J[1;32muart:~$ [m[8D[J[00:11:24.855,000] [0m<inf> imu: ICM-42688-P  a   0.491  -6.294   7.661  g   0.000  -0.005  -0.001[0m
[1;32muart:~$ [m[8D[J[00:11:24.956,000] [0m<inf> imu: LSM6DS3TR-C  a   0.263  -6.232   8.021  g   0.025  -0.060   0.012[0m
[1;32muart:~$ [m[8D[J[1;32muart:~$ [m[8D[J[00:11:24.957,000] [0m<inf> imu: LSM6DSV16X   a   0.539  -6.088   8.305  g  -0.012   0.003  -0.002[0m
[1;32muart:~$ [m[8D[J[00:11:24.957,000] [0m<inf> imu: ICM-42688-P  a   0.542  -6.287   7.691  g   0.001  -0.004   0.000[0m
[1;32muart:~$ [m[8D[J[1;32muart:~$ [m[8D[J[00:11:25.058,000] [0m<inf> imu: LSM6DS3TR-C  a   0.229  -6.245   7.993  g   0.024  -0.063   0.011[0m
[1;32muart:~$ [m[8D[J[00:11:25.059,000] [0m<inf> imu: LSM6DSV16X   a   0.529  -6.080   8.301  g  -0.011   0.002  -0.003[0m
[1;32muart:~$ [m[8D[J[1;32muart:~$ [m[8D[J[00:11:25.060,000] [0m<inf> imu: ICM-42688-P  a   0.532  -6.287   7.706  g   0.001  -0.005  -0.001[0m
[1;32muart:~$ [m[8D[J[00:11:25.161,000] [0m<inf> imu: LSM6DS3TR-C  a   0.203  -6.221   7.964  g   0.023  -0.063   0.013[0m
[1;32muart:~$ [m[8D[J[00:11:25.161,000] [0m<inf> imu: LSM6DSV16X   a   0.505  -6.089   8.279  g  -0.011   0.002  -0.003[0m
[1;32muart:~$ [m[8D[J[1;32muart:~$ [m[8D[J[00:11:25.162,000] [0m<inf> imu: ICM-42688-P  a   0.499  -6.294   7.682  g  -0.001  -0.006   0.000[0m
[1;32muart:~$ [m[8D[J[00:11:25.264,000] [0m<inf> imu: LSM6DS3TR-C  a   0.204  -6.219   7.997  g   0.025  -0.063   0.014[0m
[1;32muart:~$ [m[8D[J[00:11:25.265,000] [0m<inf> imu: LSM6DSV16X   a   0.514  -6.087   8.286  g  -0.012   0.003  -0.002[0m
[1;32muart:~$ [m[8D[J[1;32muart:~$ [m[8D[J[00:11:25.266,000] [0m<inf> imu: ICM-42688-P  a   0.510  -6.276   7.678  g   0.000  -0.005   0.000[0m
[1;32muart:~$ [m[8D[J[00:11:25.367,000] [0m<inf> imu: LSM6DS3TR-C  a   0.240  -6.242   7.957  g   0.023  -0.063   0.013[0m
[1;32muart:~$ [m[8D[J[1;32muart:~$ [m[8D[J[00:11:25.367,000] [0m<inf> imu: LSM6DSV16X   a   0.531  -6.087   8.299  g  -0.011   0.002  -0.003[0m
[1;32muart:~$ [m[8D[J[00:11:25.368,000] [0m<inf> imu: ICM-42688-P  a   0.521  -6.276   7.700  g  -0.002  -0.005   0.000[0m
[1;32muart:~$ [m[8D[J[1;32muart:~$ [m[8D[J[00:11:25.469,000] [0m<inf> imu: LSM6DS3TR-C  a   0.219  -6.239   7.961  g   0.026  -0.062   0.012[0m
[1;32muart:~$ [m[8D[J[00:11:25.471,000] [0m<inf> imu: LSM6DSV16X   a   0.526  -6.083   8.294  g  -0.012   0.002  -0.003[0m
[1;32muart:~$ [m[8D[J[1;32muart:~$ [m[8D[J[00:11:25.471,000] [0m<inf> imu: ICM-42688-P  a   0.526  -6.294   7.664  g   0.001  -0.006  -0.001[0m
[1;32muart:~$ [m[8D[J[00:11:25.572,000] [0m<inf> imu: LSM6DS3TR-C  a   0.237  -6.251   7.926  g   0.024  -0.061   0.013[0m
[1;32muart:~$ [m[8D[J[1;32muart:~$ [m[8D[J[00:11:25.573,000] [0m<inf> imu: LSM6DSV16X   a   0.526  -6.083   8.297  g  -0.011   0.002  -0.003[0m
[1;32muart:~$ [m[8D[J[00:11:25.574,000] [0m<inf> imu: ICM-42688-P  a   0.511  -6.298   7.678  g   0.001  -0.006  -0.000[0m
[1;32muart:~$ [m[8D[J[1;32muart:~$ [m[8D[J[00:11:25.675,000] [0m<inf> imu: LSM6DS3TR-C  a   0.231  -6.222   7.957  g   0.025  -0.062   0.012[0m
[1;32muart:~$ [m[8D[J[00:11:25.676,000] [0m<inf> imu: LSM6DSV16X   a   0.526  -6.085   8.289  g  -0.011   0.002  -0.003[0m
[1;32muart:~$ [m[8D[J[1;32muart:~$ [m[8D[J[00:11:25.676,000] [0m<inf> imu: ICM-42688-P  a   0.517  -6.279   7.658  g   0.001  -0.005  -0.001[0m
[1;32muart:~$ [m[8D[J[00:11:25.777,000] [0m<inf> imu: LSM6DS3TR-C  a   0.229  -6.221   8.009  g   0.025  -0.063   0.013[0m
[1;32muart:~$ [m[8D[J[00:11:25.778,000] [0m<inf> imu: LSM6DSV16X   a   0.523  -6.086   8.301  g  -0.011   0.003  -0.002[0m
[1;32muart:~$ [m[8D[J[1;32muart:~$ [m[8D[J[00:11:25.778,000] [0m<inf> imu: ICM-42688-P  a   0.518  -6.285   7.695  g   0.000  -0.006   0.000[0m
[1;32muart:~$ [m[8D[J[00:11:25.880,000] [0m<inf> imu: LSM6DS3TR-C  a   0.214  -6.284   7.927  g   0.024  -0.062   0.012[0m
[1;32muart:~$ [m[8D[J[1;32muart:~$ [m[8D[J[00:11:25.881,000] [0m<inf> imu: LSM6DSV16X   a   0.524  -6.089   8.299  g  -0.012   0.002  -0.003[0m
[1;32muart:~$ [m[8D[J[00:11:25.882,000] [0m<inf> imu: ICM-42688-P  a   0.514  -6.288   7.665  g   0.000  -0.005  -0.000[0m
[1;32muart:~$ [m[8D[J[00:11:25.983,000] [0m<inf> imu: LSM6DS3TR-C  a   0.242  -6.236   7.988  g   0.025  -0.062   0.010[0m
[1;32muart:~$ [m[8D[J[1;32muart:~$ [m[8D[J[00:11:25.984,000] [0m<inf> imu: LSM6DSV16X   a   0.531  -6.085   8.298  g  -0.011   0.002  -0.003[0m
[1;32muart:~$ [m[8D[J[00:11:25.984,000] [0m<inf> imu: ICM-42688-P  a   0.526  -6.290   7.681  g   0.000  -0.005  -0.001[0m
[1;32muart:~$ [m[8D[J[00:11:26.085,000] [0m<inf> imu: LSM6DS3TR-C  a   0.222  -6.207   7.982  g   0.026  -0.062   0.013[0m
[1;32muart:~$ [m[8D[J[00:11:26.086,000] [0m<inf> imu: LSM6DSV16X   a   0.531  -6.084   8.292  g  -0.011   0.002  -0.003[0m
[1;32muart:~$ [m[8D[J[1;32muart:~$ [m[8D[J[00:11:26.086,000] [0m<inf> imu: ICM-42688-P  a   0.517  -6.290   7.679  g   0.001  -0.006  -0.000[0m
[1;32muart:~$ [m[8D[J[1;32muart:~$ [m[8D[J[00:11:26.187,000] [0m<inf> imu: LSM6DS3TR-C  a   0.240  -6.240   8.014  g   0.025  -0.064   0.012[0m
[1;32muart:~$ [m[8D[J[00:11:26.188,000] [0m<inf> imu: LSM6DSV16X   a   0.528  -6.085   8.303  g  -0.011   0.002  -0.002[0m
[1;32muart:~$ [m[8D[J[1;32muart:~$ [m[8D[J[00:11:26.189,000] [0m<inf> imu: ICM-42688-P  a   0.528  -6.282   7.687  g   0.000  -0.006  -0.001[0m
[1;32muart:~$ [m[8D[J[00:11:26.290,000] [0m<inf> imu: LSM6DS3TR-C  a   0.203  -6.272   7.991  g   0.027  -0.064   0.013[0m
[1;32muart:~$ [m[8D[J[1;32muart:~$ [m[8D[J[00:11:26.291,000] [0m<inf> imu: LSM6DSV16X   a   0.524  -6.080   8.301  g  -0.011   0.003  -0.003[0m
[1;32muart:~$ [m[8D[J[00:11:26.291,000] [0m<inf> imu: ICM-42688-P  a   0.521  -6.285   7.687  g   0.000  -0.005  -0.001[0m
[1;32muart:~$ [m[8D[J[1;32muart:~$ [m[8D[J[00:11:26.392,000] [0m<inf> imu: LSM6DS3TR-C  a   0.253  -6.205   7.976  g   0.024  -0.062   0.011[0m
[1;32muart:~$ [m[8D[J[00:11:26.393,000] [0m<inf> imu: LSM6DSV16X   a   0.526  -6.085   8.298  g  -0.011   0.003  -0.002[0m
[1;32muart:~$ [m[8D[J[1;32muart:~$ [m[8D[J[00:11:26.393,000] [0m<inf> imu: ICM-42688-P  a   0.526  -6.287   7.684  g   0.000  -0.005  -0.001[0m
[1;32muart:~$ [m[8D[J[00:11:26.494,000] [0m<inf> imu: LSM6DS3TR-C  a   0.233  -6.248   7.963  g   0.024  -0.062   0.013[0m
[1;32muart:~$ [m[8D[J[00:11:26.495,000] [0m<inf> imu: LSM6DSV16X   a   0.526  -6.078   8.300  g  -0.012   0.002  -0.003[0m
[1;32muart:~$ [m[8D[J[1;32muart:~$ [m[8D[J[00:11:26.496,000] [0m<inf> imu: ICM-42688-P  a   0.528  -6.292   7.685  g   0.001  -0.006  -0.001[0m
[1;32muart:~$ [m[8D[J[00:11:26.597,000] [0m<inf> imu: LSM6DS3TR-C  a   0.237  -6.233   7.957  g   0.024  -0.061   0.011[0m
[1;32muart:~$ [m[8D[J[1;32muart:~$ [m[8D[J[00:11:26.598,000] [0m<inf> imu: LSM6DSV16X   a   0.531  -6.088   8.303  g  -0.012   0.002  -0.002[0m
[1;32muart:~$ [m[8D[J[00:11:26.599,000] [0m<inf> imu: ICM-42688-P  a   0.521  -6.285   7.687  g   0.001  -0.006  -0.001[0m
[1;32muart:~$ [m[8D[J[00:11:26.700,000] [0m<inf> imu: LSM6DS3TR-C  a   0.227  -6.244   7.994  g   0.024  -0.061   0.013[0m
[1;32muart:~$ [m[8D[J[1;32muart:~$ [m[8D[J[00:11:26.701,000] [0m<inf> imu: LSM6DSV16X   a   0.528  -6.080   8.298  g  -0.011   0.003  -0.003[0m
[1;32muart:~$ [m[8D[J[00:11:26.701,000] [0m<inf> imu: ICM-42688-P  a   0.512  -6.293   7.699  g   0.000  -0.006  -0.001[0m
[1;32muart:~$ [m[8D[J[00:11:26.802,000] [0m<inf> imu: LSM6DS3TR-C  a   0.217  -6.209   7.968  g   0.024  -0.063   0.011[0m
[1;32muart:~$ [m[8D[J[00:11:26.803,000] [0m<inf> imu: LSM6DSV16X   a   0.521  -6.080   8.298  g  -0.011   0.003  -0.002[0m
[1;32muart:~$ [m[8D[J[1;32muart:~$ [m[8D[J[00:11:26.803,000] [0m<inf> imu: ICM-42688-P  a   0.523  -6.290   7.675  g   0.000  -0.006   0.000[0m
[1;32muart:~$ [m[8D[J[1;32muart:~$ [m[8D[J[00:11:26.905,000] [0m<inf> imu: LSM6DS3TR-C  a   0.227  -6.218   7.939  g   0.026  -0.061   0.013[0m
[1;32muart:~$ [m[8D[J[00:11:26.906,000] [0m<inf> imu: LSM6DSV16X   a   0.532  -6.088   8.304  g  -0.012   0.003  -0.002[0m
[1;32muart:~$ [m[8D[J[1;32muart:~$ [m[8D[J[00:11:26.906,000] [0m<inf> imu: ICM-42688-P  a   0.529  -6.291   7.689  g   0.000  -0.006   0.000[0m
[1;32muart:~$ [m[8D[J[00:11:27.007,000] [0m<inf> imu: LSM6DS3TR-C  a   0.213  -6.232   7.976  g   0.025  -0.061   0.013[0m
[1;32muart:~$ [m[8D[J[1;32muart:~$ [m[8D[J[00:11:27.008,000] [0m<inf> imu: LSM6DSV16X   a   0.522  -6.080   8.297  g  -0.012   0.002  -0.002[0m
[1;32muart:~$ [m[8D[J[00:11:27.008,000] [0m<inf> imu: ICM-42688-P  a   0.517  -6.284   7.677  g   0.000  -0.006  -0.001[0m
[1;32muart:~$ [m[8D[J[1;32muart:~$ [m[8D[J[00:11:27.109,000] [0m<inf> imu: LSM6DS3TR-C  a   0.249  -6.259   7.969  g   0.024  -0.061   0.013[0m
[1;32muart:~$ [m[8D[J[00:11:27.110,000] [0m<inf> imu: LSM6DSV16X   a   0.529  -6.087   8.305  g  -0.012   0.002  -0.002[0m
[1;32muart:~$ [m[8D[J[1;32muart:~$ [m[8D[J[00:11:27.111,000] [0m<inf> imu: ICM-42688-P  a   0.521  -6.302   7.677  g   0.002  -0.006  -0.001[0m
[1;32muart:~$ [m[8D[J[00:11:27.212,000] [0m<inf> imu: LSM6DS3TR-C  a   0.213  -6.220   7.960  g   0.025  -0.061   0.012[0m
[1;32muart:~$ [m[8D[J[00:11:27.212,000] [0m<inf> imu: LSM6DSV16X   a   0.523  -6.088   8.301  g  -0.012   0.002  -0.003[0m
[1;32muart:~$ [m[8D[J[1;32muart:~$ [m[8D[J[00:11:27.213,000] [0m<inf> imu: ICM-42688-P  a   0.524  -6.273   7.679  g   0.000  -0.006  -0.001[0m
[1;32muart:~$ [m[8D[J[00:11:27.314,000] [0m<inf> imu: LSM6DS3TR-C  a   0.257  -6.238   8.008  g   0.024  -0.061   0.011[0m
[1;32muart:~$ [m[8D[J[1;32muart:~$ [m[8D[J[00:11:27.315,000] [0m<inf> imu: LSM6DSV16X   a   0.529  -6.089   8.299  g  -0.011   0.002  -0.003[0m
[1;32muart:~$ [m[8D[J[00:11:27.316,000] [0m<inf> imu: ICM-42688-P  a   0.518  -6.290   7.673  g   0.000  -0.006   0.000[0m
[1;32muart:~$ [m[8D[J[00:11:27.417,000] [0m<inf> imu: LSM6DS3TR-C  a   0.249  -6.249   7.959  g   0.024  -0.062   0.011[0m
[1;32muart:~$ [m[8D[J[1;32muart:~$ [m[8D[J[00:11:27.418,000] [0m<inf> imu: LSM6DSV16X   a   0.525  -6.085   8.294  g  -0.011   0.003  -0.003[0m
[1;32muart:~$ [m[8D[J[00:11:27.418,000] [0m<inf> imu: ICM-42688-P  a   0.520  -6.290   7.671  g   0.000  -0.005  -0.001[0m
[1;32muart:~$ [m[8D[J[00:11:27.519,000] [0m<inf> imu: LSM6DS3TR-C  a   0.235  -6.217   7.979  g   0.025  -0.062   0.014[0m
[1;32muart:~$ [m[8D[J[00:11:27.520,000] [0m<inf> imu: LSM6DSV16X   a   0.519  -6.083   8.300  g  -0.011   0.002  -0.003[0m
[1;32muart:~$ [m[8D[J[1;32muart:~$ [m[8D[J[00:11:27.520,000] [0m<inf> imu: ICM-42688-P  a   0.512  -6.274   7.675  g   0.000  -0.005  -0.001[0m
[1;32muart:~$ [m[8D[J[1;32muart:~$ [m[8D[J[00:11:27.622,000] [0m<inf> imu: LSM6DS3TR-C  a   0.242  -6.222   7.994  g   0.025  -0.063   0.014[0m
[1;32muart:~$ [m[8D[J[00:11:27.622,000] [0m<inf> imu: LSM6DSV16X   a   0.526  -6.087   8.289  g  -0.011   0.002  -0.003[0m
[1;32muart:~$ [m[8D[J[1;32muart:~$ [m[8D[J[00:11:27.623,000] [0m<inf> imu: ICM-42688-P  a   0.512  -6.292   7.700  g  -0.000  -0.005  -0.001[0m
[1;32muart:~$ [m[8D[J[00:11:27.724,000] [0m<inf> imu: LSM6DS3TR-C  a   0.214  -6.243   7.976  g   0.024  -0.061   0.014[0m
[1;32muart:~$ [m[8D[J[1;32muart:~$ [m[8D[J[00:11:27.725,000] [0m<inf> imu: LSM6DSV16X   a   0.524  -6.078   8.298  g  -0.012   0.002  -0.003[0m
[1;32muart:~$ [m[8D[J[00:11:27.725,000] [0m<inf> imu: ICM-42688-P  a   0.505  -6.285   7.682  g   0.000  -0.006  -0.001[0m
[1;32muart:~$ [m[8D[J[1;32muart:~$ [m[8D[J[00:11:27.826,000] [0m<inf> imu: LSM6DS3TR-C  a   0.233  -6.255   8.002  g   0.023  -0.061   0.012[0m
[1;32muart:~$ [m[8D[J[00:11:27.827,000] [0m<inf> imu: LSM6DSV16X   a   0.526  -6.099   8.299  g  -0.011   0.002  -0.002[0m
[1;32muart:~$ [m[8D[J[1;32muart:~$ [m[8D[J[00:11:27.828,000] [0m<inf> imu: ICM-42688-P  a   0.522  -6.290   7.683  g  -0.001  -0.004   0.000[0m
[1;32muart:~$ [m[8D[J[00:11:27.929,000] [0m<inf> imu: LSM6DS3TR-C  a   0.257  -6.257   7.937  g   0.024  -0.062   0.013[0m
[1;32muart:~$ [m[8D[J[00:11:27.929,000] [0m<inf> imu: LSM6DSV16X   a   0.526  -6.083   8.313  g  -0.012   0.001  -0.003[0m
[1;32muart:~$ [m[8D[J[1;32muart:~$ [m[8D[J[00:11:27.930,000] [0m<inf> imu: ICM-42688-P  a   0.518  -6.299   7.684  g  -0.001  -0.005   0.000[0m
[1;32muart:~$ [m[8D[J[00:11:28.032,000] [0m<inf> imu: LSM6DS3TR-C  a   0.253  -6.233   7.936  g   0.022  -0.061   0.014[0m
[1;32muart:~$ [m[8D[J[1;32muart:~$ [m[8D[J[00:11:28.033,000] [0m<inf> imu: LSM6DSV16X   a   0.522  -6.082   8.295  g  -0.012   0.002  -0.002[0m
[1;32muart:~$ [m[8D[J[00:11:28.033,000] [0m<inf> imu: ICM-42688-P  a   0.522  -6.281   7.670  g   0.000  -0.006  -0.000[0m
[1;32muart:~$ [m[8D[J[00:11:28.135,000] [0m<inf> imu: LSM6DS3TR-C  a   0.230  -6.239   7.961  g   0.024  -0.063   0.012[0m
[1;32muart:~$ [m[8D[J[1;32muart:~$ [m[8D[J[00:11:28.136,000] [0m<inf> imu: LSM6DSV16X   a   0.531  -6.080   8.298  g  -0.012   0.002  -0.003[0m
[1;32muart:~$ [m[8D[J[00:11:28.136,000] [0m<inf> imu: ICM-42688-P  a   0.518  -6.303   7.679  g  -0.001  -0.005  -0.001[0m
[1;32muart:~$ [m[8D[J[00:11:28.237,000] [0m<inf> imu: LSM6DS3TR-C  a   0.230  -6.220   7.997  g   0.025  -0.063   0.013[0m
[1;32muart:~$ [m[8D[J[00:11:28.238,000] [0m<inf> imu: LSM6DSV16X   a   0.526  -6.075   8.289  g  -0.011   0.001  -0.003[0m
[1;32muart:~$ [m[8D[J[1;32muart:~$ [m[8D[J[00:11:28.239,000] [0m<inf> imu: ICM-42688-P  a   0.517  -6.281   7.688  g   0.000  -0.006  -0.001[0m
[1;32muart:~$ [m[8D[J[1;32muart:~$ [m[8D[J[00:11:28.340,000] [0m<inf> imu: LSM6DS3TR-C  a   0.218  -6.269   7.966  g   0.025  -0.063   0.013[0m
[1;32muart:~$ [m[8D[J[00:11:28.340,000] [0m<inf> imu: LSM6DSV16X   a   0.526  -6.085   8.298  g  -0.010   0.002  -0.003[0m
[1;32muart:~$ [m[8D[J[1;32muart:~$ [m[8D[J[00:11:28.341,000] [0m<inf> imu: ICM-42688-P  a   0.517  -6.294   7.690  g   0.001  -0.005  -0.001[0m
[1;32muart:~$ [m[8D[J[00:11:28.442,000] [0m<inf> imu: LSM6DS3TR-C  a   0.237  -6.224   8.011  g   0.024  -0.062   0.012[0m
[1;32muart:~$ [m[8D[J[1;32muart:~$ [m[8D[J[00:11:28.443,000] [0m<inf> imu: LSM6DSV16X   a   0.524  -6.085   8.299  g  -0.011   0.002  -0.003[0m
[1;32muart:~$ [m[8D[J[00:11:28.443,000] [0m<inf> imu: ICM-42688-P  a   0.514  -6.286   7.684  g   0.000  -0.006  -0.000[0m
[1;32muart:~$ [m[8D[J[1;32muart:~$ [m[8D[J[00:11:28.544,000] [0m<inf> imu: LSM6DS3TR-C  a   0.208  -6.257   7.980  g   0.025  -0.062   0.012[0m
[1;32muart:~$ [m[8D[J[00:11:28.545,000] [0m<inf> imu: LSM6DSV16X   a   0.524  -6.081   8.297  g  -0.012   0.002  -0.003[0m
[1;32muart:~$ [m[8D[J[1;32muart:~$ [m[8D[J[00:11:28.545,000] [0m<inf> imu: ICM-42688-P  a   0.517  -6.281   7.691  g   0.001  -0.005   0.001[0m
[1;32muart:~$ [m[8D[J[00:11:28.646,000] [0m<inf> imu: LSM6DS3TR-C  a   0.238  -6.227   8.008  g   0.024  -0.062   0.014[0m
[1;32muart:~$ [m[8D[J[00:11:28.647,000] [0m<inf> imu: LSM6DSV16X   a   0.526  -6.080   8.295  g  -0.011   0.002  -0.003[0m
[1;32muart:~$ [m[8D[J[1;32muart:~$ [m[8D[J[00:11:28.648,000] [0m<inf> imu: ICM-42688-P  a   0.517  -6.269   7.672  g   0.000  -0.005   0.000[0m
[1;32muart:~$ [m[8D[J[00:11:28.750,000] [0m<inf> imu: LSM6DS3TR-C  a   0.224  -6.249   7.964  g   0.024  -0.061   0.013[0m
[1;32muart:~$ [m[8D[J[1;32muart:~$ [m[8D[J[00:11:28.750,000] [0m<inf> imu: LSM6DSV16X   a   0.519  -6.084   8.303  g  -0.011   0.002  -0.003[0m
[1;32muart:~$ [m[8D[J[00:11:28.751,000] [0m<inf> imu: ICM-42688-P  a   0.509  -6.280   7.681  g   0.001  -0.005  -0.001[0m
[1;32muart:~$ [m[8D[J[00:11:28.852,000] [0m<inf> imu: LSM6DS3TR-C  a   0.239  -6.234   7.969  g   0.025  -0.062   0.012[0m
[1;32muart:~$ [m[8D[J[1;32muart:~$ [m[8D[J[00:11:28.853,000] [0m<inf> imu: LSM6DSV16X   a   0.525  -6.078   8.303  g  -0.011   0.002  -0.002[0m
[1;32muart:~$ [m[8D[J[00:11:28.854,000] [0m<inf> imu: ICM-42688-P  a   0.510  -6.288   7.682  g  -0.001  -0.006   0.000[0m
[1;32muart:~$ [m[8D[J[00:11:28.955,000] [0m<inf> imu: LSM6DS3TR-C  a   0.239  -6.249   7.917  g   0.024  -0.060   0.013[0m
[1;32muart:~$ [m[8D[J[00:11:28.955,000] [0m<inf> imu: LSM6DSV16X   a   0.528  -6.083   8.305  g  -0.011   0.003  -0.003[0m
[1;32muart:~$ [m[8D[J[1;32muart:~$ [m[8D[J[00:11:28.956,000] [0m<inf> imu: ICM-42688-P  a   0.514  -6.302   7.673  g   0.000  -0.005  -0.001[0m
[1;32muart:~$ [m[8D[J[1;32muart:~$ [m[8D[J[00:11:29.057,000] [0m<inf> imu: LSM6DS3TR-C  a   0.217  -6.246   7.972  g   0.024  -0.061   0.012[0m
[1;32muart:~$ [m[8D[J[00:11:29.058,000] [0m<inf> imu: LSM6DSV16X   a   0.522  -6.090   8.301  g  -0.011   0.002  -0.002[0m
[1;32muart:~$ [m[8D[J[1;32muart:~$ [m[8D[J[00:11:29.058,000] [0m<inf> imu: ICM-42688-P  a   0.510  -6.286   7.688  g   0.001  -0.006  -0.000[0m
[1;32muart:~$ [m[8D[J[00:11:29.159,000] [0m<inf> imu: LSM6DS3TR-C  a   0.234  -6.227   7.963  g   0.023  -0.064   0.013[0m
[1;32muart:~$ [m[8D[J[00:11:29.160,000] [0m<inf> imu: LSM6DSV16X   a   0.524  -6.084   8.297  g  -0.011   0.002  -0.002[0m
[1;32muart:~$ [m[8D[J[1;32muart:~$ [m[8D[J[00:11:29.160,000] [0m<inf> imu: ICM-42688-P  a   0.529  -6.280   7.689  g   0.002  -0.005   0.000[0m
[1;32muart:~$ [m[8D[J[00:11:29.261,000] [0m<inf> imu: LSM6DS3TR-C  a   0.217  -6.253   7.973  g   0.023  -0.063   0.010[0m
[1;32muart:~$ [m[8D[J[00:11:29.262,000] [0m<inf> imu: LSM6DSV16X   a   0.526  -6.081   8.300  g  -0.012   0.002  -0.003[0m
[1;32muart:~$ [m[8D[J[1;32muart:~$ [m[8D[J[00:11:29.263,000] [0m<inf> imu: ICM-42688-P  a   0.532  -6.273   7.687  g   0.001  -0.006  -0.001[0m
[1;32muart:~$ [m[8D[J[00:11:29.364,000] [0m<inf> imu: LSM6DS3TR-C  a   0.244  -6.234   7.962  g   0.025  -0.062   0.011[0m
[1;32muart:~$ [m[8D[J[1;32muart:~$ [m[8D[J[00:11:29.364,000] [0m<inf> imu: LSM6DSV16X   a   0.521  -6.087   8.303  g  -0.012   0.002  -0.002[0m
[1;32muart:~$ [m[8D[J[00:11:29.365,000] [0m<inf> imu: ICM-42688-P  a   0.504  -6.288   7.678  g   0.001  -0.005   0.000[0m
[1;32muart:~$ [m[8D[J[00:11:29.466,000] [0m<inf> imu: LSM6DS3TR-C  a   0.229  -6.231   7.975  g   0.024  -0.061   0.013[0m
[1;32muart:~$ [m[8D[J[00:11:29.467,000] [0m<inf> imu: LSM6DSV16X   a   0.523  -6.092   8.305  g  -0.010   0.002  -0.002[0m
[1;32muart:~$ [m[8D[J[00:11:29.467,000] [0m<inf> imu: ICM-42688-P  a   0.518  -6.292   7.677  g  -0.000  -0.006   0.000[0m
[1;32muart:~$ [m[8D[J[1;32muart:~$ [m[8D[J[00:11:29.568,000] [0m<inf> imu: LSM6DS3TR-C  a   0.223  -6.250   7.984  g   0.026  -0.063   0.011[0m
[1;32muart:~$ [m[8D[J[00:11:29.569,000] [0m<inf> imu: LSM6DSV16X   a   0.523  -6.090   8.300  g  -0.011   0.002  -0.002[0m
[1;32muart:~$ [m[8D[J[1;32muart:~$ [m[8D[J[00:11:29.570,000] [0m<inf> imu: ICM-42688-P  a   0.517  -6.290   7.673  g   0.001  -0.006   0.000[0m
[1;32muart:~$ [m[8D[J[00:11:29.671,000] [0m<inf> imu: LSM6DS3TR-C  a   0.181  -6.246   7.979  g   0.025  -0.062   0.012[0m
[1;32muart:~$ [m[8D[J[1;32muart:~$ [m[8D[J[00:11:29.671,000] [0m<inf> imu: LSM6DSV16X   a   0.528  -6.085   8.294  g  -0.011   0.002  -0.002[0m
[1;32muart:~$ [m[8D[J[00:11:29.672,000] [0m<inf> imu: ICM-42688-P  a   0.517  -6.276   7.679  g   0.001  -0.005  -0.001[0m
[1;32muart:~$ [m[8D[J[1;32muart:~$ [m[8D[J[00:11:29.773,000] [0m<inf> imu: LSM6DS3TR-C  a   0.212  -6.242   7.972  g   0.024  -0.061   0.015[0m
[1;32muart:~$ [m[8D[J[00:11:29.774,000] [0m<inf> imu: LSM6DSV16X   a   0.534  -6.083   8.298  g  -0.012   0.002  -0.003[0m
[1;32muart:~$ [m[8D[J[1;32muart:~$ [m[8D[J[00:11:29.774,000] [0m<inf> imu: ICM-42688-P  a   0.509  -6.292   7.682  g   0.000  -0.006  -0.001[0m
[1;32muart:~$ [m[8D[J[00:11:29.875,000] [0m<inf> imu: LSM6DS3TR-C  a   0.214  -6.229   7.973  g   0.024  -0.063   0.012[0m
[1;32muart:~$ [m[8D[J[1;32muart:~$ [m[8D[J[00:11:29.876,000] [0m<inf> imu: LSM6DSV16X   a   0.522  -6.085   8.300  g  -0.011   0.002  -0.003[0m
[1;32muart:~$ [m[8D[J[00:11:29.876,000] [0m<inf> imu: ICM-42688-P  a   0.514  -6.293   7.677  g   0.000  -0.005  -0.001[0m
[1;32muart:~$ [m[8D[J[00:11:29.978,000] [0m<inf> imu: LSM6DS3TR-C  a   0.195  -6.194   8.000  g   0.024  -0.062   0.013[0m
[1;32muart:~$ [m[8D[J[00:11:29.978,000] [0m<inf> imu: LSM6DSV16X   a   0.531  -6.092   8.305  g  -0.011   0.002  -0.003[0m
[1;32muart:~$ [m[8D[J[00:11:29.979,000] [0m<inf> imu: ICM-42688-P  a   0.521  -6.285   7.690  g   0.001  -0.006  -0.001[0m
[1;32muart:~$ [m[8D[J[1;32muart:~$ [m[8D[J[00:11:30.080,000] [0m<inf> imu: LSM6DS3TR-C  a   0.226  -6.243   7.982  g   0.026  -0.061   0.013[0m
[1;32muart:~$ [m[8D[J[00:11:30.081,000] [0m<inf> imu: LSM6DSV16X   a   0.529  -6.077   8.303  g  -0.012   0.002  -0.002[0m
[1;32muart:~$ [m[8D[J[1;32muart:~$ [m[8D[J[00:11:30.081,000] [0m<inf> imu: ICM-42688-P  a   0.528  -6.286   7.670  g   0.001  -0.005  -0.001[0m
[1;32muart:~$ [m[8D[J[00:11:30.182,000] [0m<inf> imu: LSM6DS3TR-C  a   0.203  -6.240   7.991  g   0.025  -0.063   0.012[0m
[1;32muart:~$ [m[8D[J[00:11:30.183,000] [0m<inf> imu: LSM6DSV16X   a   0.526  -6.083   8.310  g  -0.012   0.002  -0.002[0m
[1;32muart:~$ [m[8D[J[1;32muart:~$ [m[8D[J[00:11:30.183,000] [0m<inf> imu: ICM-42688-P  a   0.524  -6.291   7.673  g   0.001  -0.005  -0.001[0m
[1;32muart:~$ [m[8D[J[00:11:30.284,000] [0m<inf> imu: LSM6DS3TR-C  a   0.234  -6.245   7.965  g   0.024  -0.061   0.013[0m
[1;32muart:~$ [m[8D[J[1;32muart:~$ [m[8D[J[00:11:30.285,000] [0m<inf> imu: LSM6DSV16X   a   0.527  -6.083   8.298  g  -0.011   0.003  -0.003[0m
[1;32muart:~$ [m[8D[J[00:11:30.286,000] [0m<inf> imu: ICM-42688-P  a   0.514  -6.276   7.673  g   0.001  -0.005  -0.001[0m
[1;32muart:~$ [m[8D[J[1;32muart:~$ [m[8D[J[00:11:30.387,000] [0m<inf> imu: LSM6DS3TR-C  a   0.258  -6.223   8.009  g   0.024  -0.063   0.011[0m
[1;32muart:~$ [m[8D[J[00:11:30.389,000] [0m<inf> imu: LSM6DSV16X   a   0.531  -6.083   8.301  g  -0.011   0.002  -0.003[0m
[1;32muart:~$ [m[8D[J[1;32muart:~$ [m[8D[J[00:11:30.389,000] [0m<inf> imu: ICM-42688-P  a   0.517  -6.299   7.684  g   0.001  -0.005  -0.001[0m
[1;32muart:~$ [m[8D[J[00:11:30.490,000] [0m<inf> imu: LSM6DS3TR-C  a   0.239  -6.218   7.964  g   0.024  -0.062   0.013[0m
[1;32muart:~$ [m[8D[J[1;32muart:~$ [m[8D[J[00:11:30.491,000] [0m<inf> imu: LSM6DSV16X   a   0.526  -6.088   8.303  g  -0.012   0.002  -0.003[0m
[1;32muart:~$ [m[8D[J[00:11:30.492,000] [0m<inf> imu: ICM-42688-P  a   0.509  -6.286   7.689  g  -0.000  -0.005   0.000[0m
[1;32muart:~$ [m[8D[J[1;32muart:~$ [m[8D[J[00:11:30.593,000] [0m<inf> imu: LSM6DS3TR-C  a   0.224  -6.238   7.945  g   0.024  -0.062   0.011[0m
[1;32muart:~$ [m[8D[J[00:11:30.593,000] [0m<inf> imu: LSM6DSV16X   a   0.525  -6.083   8.305  g  -0.010   0.002  -0.003[0m
[1;32muart:~$ [m[8D[J[1;32muart:~$ [m[8D[J[00:11:30.594,000] [0m<inf> imu: ICM-42688-P  a   0.527  -6.299   7.696  g   0.000  -0.006   0.000[0m
[1;32muart:~$ [m[8D[J[00:11:30.695,000] [0m<inf> imu: LSM6DS3TR-C  a   0.210  -6.252   8.003  g   0.022  -0.061   0.011[0m
[1;32muart:~$ [m[8D[J[00:11:30.696,000] [0m<inf> imu: LSM6DSV16X   a   0.529  -6.090   8.311  g  -0.012   0.002  -0.003[0m
[1;32muart:~$ [m[8D[J[1;32muart:~$ [m[8D[J[00:11:30.696,000] [0m<inf> imu: ICM-42688-P  a   0.524  -6.293   7.677  g   0.001  -0.005  -0.000[0m
[1;32muart:~$ [m[8D[J[00:11:30.798,000] [0m<inf> imu: LSM6DS3TR-C  a   0.222  -6.252   8.002  g   0.024  -0.063   0.011[0m
[1;32muart:~$ [m[8D[J[1;32muart:~$ [m[8D[J[00:11:30.799,000] [0m<inf> imu: LSM6DSV16X   a   0.527  -6.094   8.304  g  -0.011   0.002  -0.003[0m
[1;32muart:~$ [m[8D[J[00:11:30.800,000] [0m<inf> imu: ICM-42688-P  a   0.512  -6.294   7.678  g   0.001  -0.005  -0.001[0m
[1;32muart:~$ [m[8D[J[1;32muart:~$ [m[8D[J[00:11:30.901,000] [0m<inf> imu: LSM6DS3TR-C  a   0.199  -6.241   7.984  g   0.025  -0.063   0.013[0m
[1;32muart:~$ [m[8D[J[00:11:30.902,000] [0m<inf> imu: LSM6DSV16X   a   0.527  -6.087   8.298  g  -0.012   0.002  -0.002[0m
[1;32muart:~$ [m[8D[J[00:11:30.902,000] [0m<inf> imu: ICM-42688-P  a   0.524  -6.280   7.687  g   0.000  -0.006   0.000[0m
[1;32muart:~$ [m[8D[J[1;32muart:~$ [m[8D[J[00:11:31.004,000] [0m<inf> imu: LSM6DS3TR-C  a   0.234  -6.230   7.963  g   0.024  -0.063   0.013[0m
[1;32muart:~$ [m[8D[J[00:11:31.005,000] [0m<inf> imu: LSM6DSV16X   a   0.529  -6.087   8.300  g  -0.011   0.002  -0.003[0m
[1;32muart:~$ [m[8D[J[1;32muart:~$ [m[8D[J[00:11:31.006,000] [0m<inf> imu: ICM-42688-P  a   0.517  -6.285   7.670  g   0.000  -0.005  -0.000[0m
[1;32muart:~$ [m[8D[J[00:11:31.107,000] [0m<inf> imu: LSM6DS3TR-C  a   0.233  -6.211   7.997  g   0.024  -0.063   0.012[0m
[1;32muart:~$ [m[8D[J[1;32muart:~$ [m[8D[J[00:11:31.108,000] [0m<inf> imu: LSM6DSV16X   a   0.524  -6.087   8.308  g  -0.012   0.002  -0.002[0m
[1;32muart:~$ [m[8D[J[00:11:31.108,000] [0m<inf> imu: ICM-42688-P  a   0.499  -6.291   7.667  g   0.001  -0.006  -0.001[0m
[1;32muart:~$ [m[8D[J[00:11:31.209,000] [0m<inf> imu: LSM6DS3TR-C  a   0.227  -6.246   7.989  g   0.024  -0.062   0.011[0m
[1;32muart:~$ [m[8D[J[00:11:31.210,000] [0m<inf> imu: LSM6DSV16X   a   0.529  -6.083   8.310  g  -0.011   0.002  -0.002[0m
[1;32muart:~$ [m[8D[J[00:11:31.210,000] [0m<inf> imu: ICM-42688-P  a   0.502  -6.290   7.681  g  -0.000  -0.004   0.000[0m
[1;32muart:~$ [m[8D[J[1;32muart:~$ [m[8D[J[00:11:31.312,000] [0m<inf> imu: LSM6DS3TR-C  a   0.248  -6.249   7.978  g   0.024  -0.064   0.014[0m
[1;32muart:~$ [m[8D[J[00:11:31.312,000] [0m<inf> imu: LSM6DSV16X   a   0.522  -6.086   8.312  g  -0.012   0.002  -0.003[0m
[1;32muart:~$ [m[8D[J[1;32muart:~$ [m[8D[J[00:11:31.313,000] [0m<inf> imu: ICM-42688-P  a   0.516  -6.284   7.690  g  -0.001  -0.006  -0.001[0m
[1;32muart:~$ [m[8D[J[00:11:31.414,000] [0m<inf> imu: LSM6DS3TR-C  a   0.244  -6.235   7.986  g   0.025  -0.062   0.011[0m
[1;32muart:~$ [m[8D[J[00:11:31.415,000] [0m<inf> imu: LSM6DSV16X   a   0.526  -6.083   8.305  g  -0.011   0.002  -0.002[0m
[1;32muart:~$ [m[8D[J[1;32muart:~$ [m[8D[J[00:11:31.415,000] [0m<inf> imu: ICM-42688-P  a   0.509  -6.294   7.682  g   0.001  -0.005  -0.001[0m
[1;32muart:~$ [m[8D[J[00:11:31.517,000] [0m<inf> imu: LSM6DS3TR-C  a   0.224  -6.224   7.991  g   0.024  -0.060   0.012[0m
[1;32muart:~$ [m[8D[J[1;32muart:~$ [m[8D[J[00:11:31.517,000] [0m<inf> imu: LSM6DSV16X   a   0.525  -6.078   8.298  g  -0.011   0.001  -0.003[0m
[1;32muart:~$ [m[8D[J[00:11:31.518,000] [0m<inf> imu: ICM-42688-P  a   0.517  -6.290   7.672  g   0.001  -0.005  -0.000[0m
[1;32muart:~$ [m[8D[J[00:11:31.619,000] [0m<inf> imu: LSM6DS3TR-C  a   0.210  -6.224   7.992  g   0.025  -0.063   0.013[0m
[1;32muart:~$ [m[8D[J[00:11:31.620,000] [0m<inf> imu: LSM6DSV16X   a   0.527  -6.082   8.305  g  -0.011   0.001  -0.003[0m
[1;32muart:~$ [m[8D[J[1;32muart:~$ [m[8D[J[00:11:31.620,000] [0m<inf> imu: ICM-42688-P  a   0.520  -6.290   7.676  g   0.001  -0.006   0.000[0m
[1;32muart:~$ [m[8D[J[1;32muart:~$ [m[8D[J[00:11:31.721,000] [0m<inf> imu: LSM6DS3TR-C  a   0.233  -6.255   7.982  g   0.026  -0.061   0.013[0m
[1;32muart:~$ [m[8D[J[00:11:31.722,000] [0m<inf> imu: LSM6DSV16X   a   0.517  -6.095   8.300  g  -0.011   0.002  -0.003[0m
[1;32muart:~$ [m[8D[J[1;32muart:~$ [m[8D[J[00:11:31.723,000] [0m<inf> imu: ICM-42688-P  a   0.512  -6.285   7.682  g   0.002  -0.005  -0.001[0m
[1;32muart:~$ [m[8D[J[00:11:31.824,000] [0m<inf> imu: LSM6DS3TR-C  a   0.248  -6.206   7.979  g   0.025  -0.062   0.013[0m
[1;32muart:~$ [m[8D[J[1;32muart:~$ [m[8D[J[00:11:31.825,000] [0m<inf> imu: LSM6DSV16X   a   0.528  -6.078   8.313  g  -0.011   0.002  -0.003[0m
[1;32muart:~$ [m[8D[J[00:11:31.825,000] [0m<inf> imu: ICM-42688-P  a   0.521  -6.287   7.684  g   0.002  -0.005  -0.001[0m
[1;32muart:~$ [m[8D[J[1;32muart:~$ [m[8D[J[00:11:31.926,000] [0m<inf> imu: LSM6DS3TR-C  a   0.248  -6.221   7.990  g   0.023  -0.064   0.013[0m
[1;32muart:~$ [m[8D[J[00:11:31.927,000] [0m<inf> imu: LSM6DSV16X   a   0.526  -6.090   8.302  g  -0.011   0.002  -0.003[0m
[1;32muart:~$ [m[8D[J[1;32muart:~$ [m[8D[J[00:11:31.927,000] [0m<inf> imu: ICM-42688-P  a   0.522  -6.284   7.690  g   0.000  -0.005  -0.001[0m
[1;32muart:~$ [m[8D[J[00:11:32.029,000] [0m<inf> imu: LSM6DS3TR-C  a   0.225  -6.236   7.957  g   0.023  -0.062   0.013[0m
[1;32muart:~$ [m[8D[J[00:11:32.029,000] [0m<inf> imu: LSM6DSV16X   a   0.519  -6.084   8.303  g  -0.012   0.002  -0.003[0m
[1;32muart:~$ [m[8D[J[1;32muart:~$ [m[8D[J[00:11:32.030,000] [0m<inf> imu: ICM-42688-P  a   0.526  -6.285   7.695  g   0.001  -0.006  -0.001[0m
[1;32muart:~$ [m[8D[J[00:11:32.132,000] [0m<inf> imu: LSM6DS3TR-C  a   0.201  -6.251   7.975  g   0.024  -0.063   0.011[0m
[1;32muart:~$ [m[8D[J[1;32muart:~$ [m[8D[J[00:11:32.132,000] [0m<inf> imu: LSM6DSV16X   a   0.524  -6.083   8.310  g  -0.011   0.002  -0.003[0m
[1;32muart:~$ [m[8D[J[00:11:32.133,000] [0m<inf> imu: ICM-42688-P  a   0.529  -6.292   7.665  g   0.001  -0.005   0.000[0m
[1;32muart:~$ [m[8D[J[1;32muart:~$ [m[8D[J[00:11:32.234,000] [0m<inf> imu: LSM6DS3TR-C  a   0.236  -6.239   7.957  g   0.024  -0.062   0.013[0m
[1;32muart:~$ [m[8D[J[00:11:32.235,000] [0m<inf> imu: LSM6DSV16X   a   0.526  -6.078   8.298  g  -0.011   0.003  -0.003[0m
[1;32muart:~$ [m[8D[J[00:11:32.235,000] [0m<inf> imu: ICM-42688-P  a   0.511  -6.282   7.672  g   0.001  -0.006  -0.001[0m
[1;32muart:~$ [m[8D[J[1;32muart:~$ [m[8D[J[00:11:32.337,000] [0m<inf> imu: LSM6DS3TR-C  a   0.236  -6.202   7.973  g   0.024  -0.061   0.011[0m
[1;32muart:~$ [m[8D[J[00:11:32.338,000] [0m<inf> imu: LSM6DSV16X   a   0.520  -6.089   8.302  g  -0.010   0.002  -0.002[0m
[1;32muart:~$ [m[8D[J[1;32muart:~$ [m[8D[J[00:11:32.339,000] [0m<inf> imu: ICM-42688-P  a   0.521  -6.285   7.678  g  -0.000  -0.005   0.000[0m
[1;32muart:~$ [m[8D[J[00:11:32.440,000] [0m<inf> imu: LSM6DS3TR-C  a   0.252  -6.224   7.997  g   0.025  -0.062   0.011[0m
[1;32muart:~$ [m[8D[J[1;32muart:~$ [m[8D[J[00:11:32.441,000] [0m<inf> imu: LSM6DSV16X   a   0.526  -6.092   8.301  g  -0.011   0.002  -0.003[0m
[1;32muart:~$ [m[8D[J[00:11:32.441,000] [0m<inf> imu: ICM-42688-P  a   0.515  -6.291   7.681  g   0.001  -0.005   0.000[0m
[1;32muart:~$ [m[8D[J[1;32muart:~$ [m[8D[J[00:11:32.542,000] [0m<inf> imu: LSM6DS3TR-C  a   0.217  -6.212   7.992  g   0.022  -0.060   0.012[0m
[1;32muart:~$ [m[8D[J[00:11:32.543,000] [0m<inf> imu: LSM6DSV16X   a   0.525  -6.087   8.306  g  -0.012   0.003  -0.002[0m
[1;32muart:~$ [m[8D[J[1;32muart:~$ [m[8D[J[00:11:32.544,000] [0m<inf> imu: ICM-42688-P  a   0.521  -6.285   7.678  g  -0.000  -0.005   0.000[0m
[1;32muart:~$ [m[8D[J[00:11:32.645,000] [0m<inf> imu: LSM6DS3TR-C  a   0.231  -6.226   7.991  g   0.026  -0.064   0.009[0m
[1;32muart:~$ [m[8D[J[00:11:32.645,000] [0m<inf> imu: LSM6DSV16X   a   0.531  -6.089   8.315  g  -0.011   0.002  -0.002[0m
[1;32muart:~$ [m[8D[J[1;32muart:~$ [m[8D[J[00:11:32.646,000] [0m<inf> imu: ICM-42688-P  a   0.526  -6.291   7.672  g   0.000  -0.005   0.000[0m
[1;32muart:~$ [m[8D[J[00:11:32.748,000] [0m<inf> imu: LSM6DS3TR-C  a   0.236  -6.236   7.944  g   0.024  -0.061   0.013[0m
[1;32muart:~$ [m[8D[J[1;32muart:~$ [m[8D[J[00:11:32.749,000] [0m<inf> imu: LSM6DSV16X   a   0.531  -6.076   8.296  g  -0.011   0.003  -0.002[0m
[1;32muart:~$ [m[8D[J[00:11:32.749,000] [0m<inf> imu: ICM-42688-P  a   0.515  -6.286   7.676  g   0.001  -0.005  -0.000[0m
[1;32muart:~$ [m[8D[J[00:11:32.850,000] [0m<inf> imu: LSM6DS3TR-C  a   0.224  -6.212   8.002  g   0.025  -0.062   0.013[0m
[1;32muart:~$ [m[8D[J[1;32muart:~$ [m[8D[J[00:11:32.851,000] [0m<inf> imu: LSM6DSV16X   a   0.529  -6.083   8.313  g  -0.011   0.002  -0.003[0m
[1;32muart:~$ [m[8D[J[00:11:32.852,000] [0m<inf> imu: ICM-42688-P  a   0.517  -6.296   7.670  g   0.001  -0.006  -0.002[0m
[1;32muart:~$ [m[8D[J[00:11:32.953,000] [0m<inf> imu: LSM6DS3TR-C  a   0.207  -6.241   7.968  g   0.024  -0.062   0.014[0m
[1;32muart:~$ [m[8D[J[00:11:32.953,000] [0m<inf> imu: LSM6DSV16X   a   0.524  -6.092   8.302  g  -0.011   0.001  -0.003[0m
[1;32muart:~$ [m[8D[J[1;32muart:~$ [m[8D[J[00:11:32.954,000] [0m<inf> imu: ICM-42688-P  a   0.527  -6.285   7.683  g   0.001  -0.005  -0.000[0m
[1;32muart:~$ [m[8D[J[1;32muart:~$ [m[8D[J[00:11:33.055,000] [0m<inf> imu: LSM6DS3TR-C  a   0.235  -6.249   7.977  g   0.024  -0.062   0.011[0m
[1;32muart:~$ [m[8D[J[00:11:33.056,000] [0m<inf> imu: LSM6DSV16X   a   0.527  -6.080   8.295  g  -0.011   0.002  -0.003[0m
[1;32muart:~$ [m[8D[J[1;32muart:~$ [m[8D[J[00:11:33.056,000] [0m<inf> imu: ICM-42688-P  a   0.514  -6.288   7.677  g   0.001  -0.005  -0.001[0m
[1;32muart:~$ [m[8D[J[00:11:33.157,000] [0m<inf> imu: LSM6DS3TR-C  a   0.234  -6.207   7.986  g   0.024  -0.062   0.013[0m
[1;32muart:~$ [m[8D[J[00:11:33.158,000] [0m<inf> imu: LSM6DSV16X   a   0.526  -6.080   8.293  g  -0.011   0.002  -0.002[0m
[1;32muart:~$ [m[8D[J[1;32muart:~$ [m[8D[J[00:11:33.158,000] [0m<inf> imu: ICM-42688-P  a   0.516  -6.279   7.659  g   0.001  -0.005   0.000[0m
[1;32muart:~$ [m[8D[J[00:11:33.260,000] [0m<inf> imu: LSM6DS3TR-C  a   0.206  -6.236   7.982  g   0.024  -0.061   0.013[0m
[1;32muart:~$ [m[8D[J[00:11:33.260,000] [0m<inf> imu: LSM6DSV16X   a   0.517  -6.082   8.301  g  -0.011   0.002  -0.002[0m
[1;32muart:~$ [m[8D[J[1;32muart:~$ [m[8D[J[00:11:33.261,000] [0m<inf> imu: ICM-42688-P  a   0.523  -6.285   7.691  g   0.001  -0.005  -0.001[0m
[1;32muart:~$ [m[8D[J[00:11:33.362,000] [0m<inf> imu: LSM6DS3TR-C  a   0.205  -6.244   7.950  g   0.025  -0.062   0.010[0m
[1;32muart:~$ [m[8D[J[1;32muart:~$ [m[8D[J[00:11:33.363,000] [0m<inf> imu: LSM6DSV16X   a   0.527  -6.087   8.298  g  -0.011   0.002  -0.002[0m
[1;32muart:~$ [m[8D[J[00:11:33.363,000] [0m<inf> imu: ICM-42688-P  a   0.516  -6.281   7.676  g   0.000  -0.006  -0.001[0m
[1;32muart:~$ [m[8D[J[00:11:33.464,000] [0m<inf> imu: LSM6DS3TR-C  a   0.231  -6.246   7.970  g   0.025  -0.062   0.013[0m
[1;32muart:~$ [m[8D[J[00:11:33.465,000] [0m<inf> imu: LSM6DSV16X   a   0.527  -6.080   8.301  g  -0.012   0.001  -0.003[0m
[1;32muart:~$ [m[8D[J[00:11:33.465,000] [0m<inf> imu: ICM-42688-P  a   0.509  -6.285   7.660  g  -0.000  -0.005   0.000[0m
[1;32muart:~$ [m[8D[J[1;32muart:~$ [m[8D[J[00:11:33.566,000] [0m<inf> imu: LSM6DS3TR-C  a   0.245  -6.216   7.963  g   0.024  -0.062   0.012[0m
[1;32muart:~$ [m[8D[J[00:11:33.567,000] [0m<inf> imu: LSM6DSV16X   a   0.526  -6.083   8.305  g  -0.011   0.002  -0.002[0m
[1;32muart:~$ [m[8D[J[1;32muart:~$ [m[8D[J[00:11:33.568,000] [0m<inf> imu: ICM-42688-P  a   0.506  -6.298   7.659  g   0.001  -0.006   0.000[0m
[1;32muart:~$ [m[8D[J[00:11:33.669,000] [0m<inf> imu: LSM6DS3TR-C  a   0.232  -6.265   7.954  g   0.024  -0.063   0.012[0m
[1;32muart:~$ [m[8D[J[1;32muart:~$ [m[8D[J[00:11:33.669,000] [0m<inf> imu: LSM6DSV16X   a   0.529  -6.076   8.308  g  -0.011   0.003  -0.003[0m
[1;32muart:~$ [m[8D[J[00:11:33.670,000] [0m<inf> imu: ICM-42688-P  a   0.526  -6.281   7.678  g   0.001  -0.006  -0.001[0m
[1;32muart:~$ [m[8D[J[1;32muart:~$ [m[8D[J[00:11:33.771,000] [0m<inf> imu: LSM6DS3TR-C  a   0.235  -6.237   7.962  g   0.024  -0.061   0.013[0m
[1;32muart:~$ [m[8D[J[00:11:33.772,000] [0m<inf> imu: LSM6DSV16X   a   0.524  -6.083   8.308  g  -0.012   0.002  -0.002[0m
[1;32muart:~$ [m[8D[J[1;32muart:~$ [m[8D[J[00:11:33.772,000] [0m<inf> imu: ICM-42688-P  a   0.512  -6.286   7.688  g  -0.000  -0.005  -0.000[0m
[1;32muart:~$ [m[8D[J[00:11:33.874,000] [0m<inf> imu: LSM6DS3TR-C  a   0.246  -6.236   7.964  g   0.025  -0.065   0.012[0m
[1;32muart:~$ [m[8D[J[1;32muart:~$ [m[8D[J[00:11:33.874,000] [0m<inf> imu: LSM6DSV16X   a   0.526  -6.085   8.310  g  -0.011   0.002  -0.002[0m
[1;32muart:~$ [m[8D[J[00:11:33.875,000] [0m<inf> imu: ICM-42688-P  a   0.512  -6.290   7.688  g   0.000  -0.005   0.000[0m
[1;32muart:~$ [m[8D[J[1;32muart:~$ [m[8D[J[00:11:33.976,000] [0m<inf> imu: LSM6DS3TR-C  a   0.216  -6.208   7.973  g   0.024  -0.063   0.011[0m
[1;32muart:~$ [m[8D[J[00:11:33.977,000] [0m<inf> imu: LSM6DSV16X   a   0.527  -6.089   8.296  g  -0.012   0.002  -0.002[0m
[1;32muart:~$ [m[8D[J[1;32muart:~$ [m[8D[J[00:11:33.977,000] [0m<inf> imu: ICM-42688-P  a   0.516  -6.282   7.683  g   0.000  -0.005  -0.000[0m
[1;32muart:~$ [m[8D[J[00:11:34.078,000] [0m<inf> imu: LSM6DS3TR-C  a   0.218  -6.246   7.953  g   0.025  -0.061   0.013[0m
[1;32muart:~$ [m[8D[J[00:11:34.079,000] [0m<inf> imu: LSM6DSV16X   a   0.526  -6.081   8.300  g  -0.012   0.002  -0.002[0m
[1;32muart:~$ [m[8D[J[1;32muart:~$ [m[8D[J[00:11:34.079,000] [0m<inf> imu: ICM-42688-P  a   0.509  -6.281   7.695  g  -0.000  -0.006   0.000[0m
[1;32muart:~$ [m[8D[J[00:11:34.180,000] [0m<inf> imu: LSM6DS3TR-C  a   0.227  -6.225   7.972  g   0.025  -0.061   0.013[0m
[1;32muart:~$ [m[8D[J[00:11:34.181,000] [0m<inf> imu: LSM6DSV16X   a   0.528  -6.086   8.310  g  -0.011   0.002  -0.003[0m
[1;32muart:~$ [m[8D[J[1;32muart:~$ [m[8D[J[00:11:34.182,000] [0m<inf> imu: ICM-42688-P  a   0.512  -6.291   7.661  g   0.000  -0.005   0.000[0m
[1;32muart:~$ [m[8D[J[00:11:34.283,000] [0m<inf> imu: LSM6DS3TR-C  a   0.233  -6.227   7.971  g   0.025  -0.064   0.013[0m
[1;32muart:~$ [m[8D[J[1;32muart:~$ [m[8D[J[00:11:34.284,000] [0m<inf> imu: LSM6DSV16X   a   0.524  -6.087   8.298  g  -0.012   0.002  -0.003[0m
[1;32muart:~$ [m[8D[J[00:11:34.284,000] [0m<inf> imu: ICM-42688-P  a   0.522  -6.279   7.678  g  -0.000  -0.006   0.000[0m
[1;32muart:~$ [m[8D[J[1;32muart:~$ [m[8D[J[00:11:34.386,000] [0m<inf> imu: LSM6DS3TR-C  a   0.232  -6.241   7.991  g   0.024  -0.064   0.012[0m
[1;32muart:~$ [m[8D[J[00:11:34.387,000] [0m<inf> imu: LSM6DSV16X   a   0.526  -6.078   8.304  g  -0.011   0.003  -0.003[0m
[1;32muart:~$ [m[8D[J[1;32muart:~$ [m[8D[J[00:11:34.388,000] [0m<inf> imu: ICM-42688-P  a   0.522  -6.282   7.672  g   0.001  -0.005  -0.001[0m
[1;32muart:~$ [m[8D[J[00:11:34.489,000] [0m<inf> imu: LSM6DS3TR-C  a   0.241  -6.245   7.942  g   0.025  -0.061   0.014[0m
[1;32muart:~$ [m[8D[J[1;32muart:~$ [m[8D[J[00:11:34.490,000] [0m<inf> imu: LSM6DSV16X   a   0.523  -6.078   8.297  g  -0.012   0.002  -0.003[0m
[1;32muart:~$ [m[8D[J[00:11:34.490,000] [0m<inf> imu: ICM-42688-P  a   0.523  -6.268   7.673  g   0.000  -0.006  -0.000[0m
[1;32muart:~$ [m[8D[J[1;32muart:~$ [m[8D[J[00:11:34.592,000] [0m<inf> imu: LSM6DS3TR-C  a   0.232  -6.240   7.951  g   0.026  -0.064   0.013[0m
[1;32muart:~$ [m[8D[J[00:11:34.592,000] [0m<inf> imu: LSM6DSV16X   a   0.531  -6.083   8.300  g  -0.012   0.002  -0.003[0m
[1;32muart:~$ [m[8D[J[1;32muart:~$ [m[8D[J[00:11:34.593,000] [0m<inf> imu: ICM-42688-P  a   0.536  -6.278   7.673  g  -0.001  -0.005  -0.001[0m
[1;32muart:~$ [m[8D[J[00:11:34.694,000] [0m<inf> imu: LSM6DS3TR-C  a   0.243  -6.246   7.976  g   0.024  -0.064   0.013[0m
[1;32muart:~$ [m[8D[J[00:11:34.695,000] [0m<inf> imu: LSM6DSV16X   a   0.527  -6.092   8.301  g  -0.011   0.002  -0.002[0m
[1;32muart:~$ [m[8D[J[1;32muart:~$ [m[8D[J[00:11:34.695,000] [0m<inf> imu: ICM-42688-P  a   0.517  -6.285   7.681  g   0.000  -0.006   0.000[0m
[1;32muart:~$ [m[8D[J[00:11:34.797,000] [0m<inf> imu: LSM6DS3TR-C  a   0.191  -6.254   7.978  g   0.024  -0.063   0.012[0m
[1;32muart:~$ [m[8D[J[1;32muart:~$ [m[8D[J[00:11:34.798,000] [0m<inf> imu: LSM6DSV16X   a   0.517  -6.088   8.296  g  -0.011   0.002  -0.003[0m
[1;32muart:~$ [m[8D[J[00:11:34.798,000] [0m<inf> imu: ICM-42688-P  a   0.524  -6.294   7.682  g   0.000  -0.006   0.000[0m
[1;32muart:~$ [m[8D[J[00:11:34.899,000] [0m<inf> imu: LSM6DS3TR-C  a   0.226  -6.205   7.975  g   0.026  -0.061   0.013[0m
[1;32muart:~$ [m[8D[J[1;32muart:~$ [m[8D[J[00:11:34.900,000] [0m<inf> imu: LSM6DSV16X   a   0.520  -6.095   8.296  g  -0.011   0.002  -0.003[0m
[1;32muart:~$ [m[8D[J[00:11:34.900,000] [0m<inf> imu: ICM-42688-P  a   0.512  -6.288   7.670  g   0.000  -0.005  -0.000[0m
[1;32muart:~$ [m[8D[J[00:11:35.001,000] [0m<inf> imu: LSM6DS3TR-C  a   0.249  -6.234   7.985  g   0.022  -0.061   0.014[0m
[1;32muart:~$ [m[8D[J[00:11:35.002,000] [0m<inf> imu: LSM6DSV16X   a   0.531  -6.087   8.303  g  -0.011   0.002  -0.003[0m
[1;32muart:~$ [m[8D[J[1;32muart:~$ [m[8D[J[00:11:35.003,000] [0m<inf> imu: ICM-42688-P  a   0.521  -6.288   7.685  g   0.000  -0.005   0.000[0m
[1;32muart:~$ [m[8D[J[1;32muart:~$ [m[8D[J[00:11:35.104,000] [0m<inf> imu: LSM6DS3TR-C  a   0.237  -6.239   7.990  g   0.025  -0.062   0.012[0m
[1;32muart:~$ [m[8D[J[00:11:35.104,000] [0m<inf> imu: LSM6DSV16X   a   0.525  -6.083   8.292  g  -0.011   0.001  -0.003[0m
[1;32muart:~$ [m[8D[J[1;32muart:~$ [m[8D[J[00:11:35.105,000] [0m<inf> imu: ICM-42688-P  a   0.518  -6.285   7.685  g   0.000  -0.006  -0.000[0m
[1;32muart:~$ [m[8D[J[00:11:35.206,000] [0m<inf> imu: LSM6DS3TR-C  a   0.188  -6.257   8.006  g   0.024  -0.063   0.011[0m
[1;32muart:~$ [m[8D[J[1;32muart:~$ [m[8D[J[00:11:35.207,000] [0m<inf> imu: LSM6DSV16X   a   0.525  -6.084   8.298  g  -0.011   0.002  -0.003[0m
[1;32muart:~$ [m[8D[J[00:11:35.207,000] [0m<inf> imu: ICM-42688-P  a   0.521  -6.290   7.672  g   0.000  -0.006   0.000[0m
[1;32muart:~$ [m[8D[J[1;32muart:~$ [m[8D[J[00:11:35.308,000] [0m<inf> imu: LSM6DS3TR-C  a   0.232  -6.243   7.944  g   0.024  -0.063   0.013[0m
[1;32muart:~$ [m[8D[J[00:11:35.309,000] [0m<inf> imu: LSM6DSV16X   a   0.531  -6.083   8.310  g  -0.012   0.003  -0.003[0m
[1;32muart:~$ [m[8D[J[1;32muart:~$ [m[8D[J[00:11:35.310,000] [0m<inf> imu: ICM-42688-P  a   0.523  -6.286   7.681  g   0.001  -0.005   0.000[0m
[1;32muart:~$ [m[8D[J[00:11:35.411,000] [0m<inf> imu: LSM6DS3TR-C  a   0.236  -6.263   8.001  g   0.025  -0.063   0.014[0m
[1;32muart:~$ [m[8D[J[00:11:35.411,000] [0m<inf> imu: LSM6DSV16X   a   0.526  -6.086   8.299  g  -0.012   0.003  -0.002[0m
[1;32muart:~$ [m[8D[J[1;32muart:~$ [m[8D[J[00:11:35.412,000] [0m<inf> imu: ICM-42688-P  a   0.528  -6.285   7.687  g   0.000  -0.006   0.000[0m
[1;32muart:~$ [m[8D[J[00:11:35.514,000] [0m<inf> imu: LSM6DS3TR-C  a   0.228  -6.250   7.952  g   0.025  -0.063   0.013[0m
[1;32muart:~$ [m[8D[J[1;32muart:~$ [m[8D[J[00:11:35.515,000] [0m<inf> imu: LSM6DSV16X   a   0.522  -6.087   8.294  g  -0.011   0.001  -0.003[0m
[1;32muart:~$ [m[8D[J[00:11:35.515,000] [0m<inf> imu: ICM-42688-P  a   0.517  -6.296   7.679  g   0.001  -0.006  -0.000[0m
[1;32muart:~$ [m[8D[J[1;32muart:~$ [m[8D[J[00:11:35.616,000] [0m<inf> imu: LSM6DS3TR-C  a   0.236  -6.251   7.959  g   0.024  -0.062   0.013[0m
[1;32muart:~$ [m[8D[J[00:11:35.617,000] [0m<inf> imu: LSM6DSV16X   a   0.523  -6.077   8.298  g  -0.012   0.002  -0.003[0m
[1;32muart:~$ [m[8D[J[00:11:35.618,000] [0m<inf> imu: ICM-42688-P  a   0.516  -6.282   7.691  g   0.001  -0.006  -0.000[0m
[1;32muart:~$ [m[8D[J[1;32muart:~$ [m[8D[J[00:11:35.719,000] [0m<inf> imu: LSM6DS3TR-C  a   0.228  -6.266   7.954  g   0.022  -0.062   0.011[0m
[1;32muart:~$ [m[8D[J[00:11:35.721,000] [0m<inf> imu: LSM6DSV16X   a   0.531  -6.099   8.297  g  -0.011   0.002  -0.002[0m
[1;32muart:~$ [m[8D[J[1;32muart:~$ [m[8D[J[00:11:35.721,000] [0m<inf> imu: ICM-42688-P  a   0.524  -6.284   7.689  g   0.000  -0.005  -0.001[0m
[1;32muart:~$ [m[8D[J[00:11:35.822,000] [0m<inf> imu: LSM6DS3TR-C  a   0.229  -6.246   7.962  g   0.022  -0.062   0.011[0m
[1;32muart:~$ [m[8D[J[1;32muart:~$ [m[8D[J[00:11:35.823,000] [0m<inf> imu: LSM6DSV16X   a   0.526  -6.089   8.306  g  -0.012   0.002  -0.002[0m
[1;32muart:~$ [m[8D[J[00:11:35.824,000] [0m<inf> imu: ICM-42688-P  a   0.521  -6.290   7.669  g   0.000  -0.006  -0.000[0m
[1;32muart:~$ [m[8D[J[1;32muart:~$ [m[8D[J[00:11:35.925,000] [0m<inf> imu: LSM6DS3TR-C  a   0.234  -6.247   7.962  g   0.023  -0.063   0.012[0m
[1;32muart:~$ [m[8D[J[00:11:35.926,000] [0m<inf> imu: LSM6DSV16X   a   0.526  -6.085   8.296  g  -0.011   0.002  -0.002[0m
[1;32muart:~$ [m[8D[J[1;32muart:~$ [m[8D[J[00:11:35.926,000] [0m<inf> imu: ICM-42688-P  a   0.517  -6.278   7.678  g   0.000  -0.005  -0.000[0m
[1;32muart:~$ [m[8D[J[00:11:36.027,000] [0m<inf> imu: LSM6DS3TR-C  a   0.237  -6.255   7.938  g   0.025  -0.062   0.012[0m
[1;32muart:~$ [m[8D[J[00:11:36.028,000] [0m<inf> imu: LSM6DSV16X   a   0.522  -6.090   8.308  g  -0.013   0.002  -0.003[0m
[1;32muart:~$ [m[8D[J[1;32muart:~$ [m[8D[J[00:11:36.028,000] [0m<inf> imu: ICM-42688-P  a   0.526  -6.300   7.682  g   0.000  -0.005   0.000[0m
[1;32muart:~$ [m[8D[J[00:11:36.130,000] [0m<inf> imu: LSM6DS3TR-C  a   0.194  -6.237   7.967  g   0.025  -0.063   0.012[0m
[1;32muart:~$ [m[8D[J[1;32muart:~$ [m[8D[J[00:11:36.131,000] [0m<inf> imu: LSM6DSV16X   a   0.526  -6.092   8.289  g  -0.011   0.003  -0.002[0m
[1;32muart:~$ [m[8D[J[00:11:36.131,000] [0m<inf> imu: ICM-42688-P  a   0.524  -6.276   7.690  g   0.000  -0.005  -0.001[0m
[1;32muart:~$ [m[8D[J[1;32muart:~$ [m[8D[J[00:11:36.233,000] [0m<inf> imu: LSM6DS3TR-C  a   0.235  -6.243   7.985  g   0.024  -0.061   0.012[0m
[1;32muart:~$ [m[8D[J[00:11:36.233,000] [0m<inf> imu: LSM6DSV16X   a   0.524  -6.090   8.306  g  -0.012   0.002  -0.003[0m
[1;32muart:~$ [m[8D[J[00:11:36.234,000] [0m<inf> imu: ICM-42688-P  a   0.516  -6.298   7.669  g  -0.001  -0.005   0.000[0m
[1;32muart:~$ [m[8D[J[1;32muart:~$ [m[8D[J[00:11:36.335,000] [0m<inf> imu: LSM6DS3TR-C  a   0.228  -6.238   7.966  g   0.023  -0.062   0.012[0m
[1;32muart:~$ [m[8D[J[00:11:36.336,000] [0m<inf> imu: LSM6DSV16X   a   0.528  -6.080   8.301  g  -0.012   0.002  -0.002[0m
[1;32muart:~$ [m[8D[J[1;32muart:~$ [m[8D[J[00:11:36.337,000] [0m<inf> imu: ICM-42688-P  a   0.522  -6.291   7.679  g   0.001  -0.005  -0.001[0m
[1;32muart:~$ [m[8D[J[00:11:36.438,000] [0m<inf> imu: LSM6DS3TR-C  a   0.184  -6.211   7.982  g   0.027  -0.064   0.012[0m
[1;32muart:~$ [m[8D[J[1;32muart:~$ [m[8D[J[00:11:36.439,000] [0m<inf> imu: LSM6DSV16X   a   0.526  -6.085   8.289  g  -0.011   0.002  -0.003[0m
[1;32muart:~$ [m[8D[J[00:11:36.439,000] [0m<inf> imu: ICM-42688-P  a   0.527  -6.287   7.695  g   0.000  -0.005   0.000[0m
[1;32muart:~$ [m[8D[J[1;32muart:~$ [m[8D[J[00:11:36.540,000] [0m<inf> imu: LSM6DS3TR-C  a   0.221  -6.254   7.947  g   0.026  -0.064   0.014[0m
[1;32muart:~$ [m[8D[J[00:11:36.541,000] [0m<inf> imu: LSM6DSV16X   a   0.534  -6.082   8.295  g  -0.011   0.002  -0.003[0m
[1;32muart:~$ [m[8D[J[1;32muart:~$ [m[8D[J[00:11:36.541,000] [0m<inf> imu: ICM-42688-P  a   0.517  -6.287   7.669  g   0.001  -0.005  -0.000[0m
[1;32muart:~$ [m[8D[J[00:11:36.643,000] [0m<inf> imu: LSM6DS3TR-C  a   0.248  -6.218   7.954  g   0.024  -0.062   0.011[0m
[1;32muart:~$ [m[8D[J[00:11:36.643,000] [0m<inf> imu: LSM6DSV16X   a   0.529  -6.075   8.310  g  -0.011   0.003  -0.003[0m
[1;32muart:~$ [m[8D[J[1;32muart:~$ [m[8D[J[00:11:36.644,000] [0m<inf> imu: ICM-42688-P  a   0.510  -6.297   7.685  g   0.001  -0.005  -0.001[0m
[1;32muart:~$ [m[8D[J[00:11:36.745,000] [0m<inf> imu: LSM6DS3TR-C  a   0.219  -6.239   8.001  g   0.024  -0.062   0.012[0m
[1;32muart:~$ [m[8D[J[1;32muart:~$ [m[8D[J[00:11:36.746,000] [0m<inf> imu: LSM6DSV16X   a   0.526  -6.083   8.297  g  -0.011   0.002  -0.003[0m
[1;32muart:~$ [m[8D[J[00:11:36.747,000] [0m<inf> imu: ICM-42688-P  a   0.505  -6.284   7.676  g   0.001  -0.006  -0.001[0m
[1;32muart:~$ [m[8D[J[00:11:36.848,000] [0m<inf> imu: LSM6DS3TR-C  a   0.206  -6.243   7.990  g   0.025  -0.062   0.012[0m
[1;32muart:~$ [m[8D[J[1;32muart:~$ [m[8D[J[00:11:36.849,000] [0m<inf> imu: LSM6DSV16X   a   0.534  -6.092   8.301  g  -0.012   0.002  -0.002[0m
[1;32muart:~$ [m[8D[J[00:11:36.849,000] [0m<inf> imu: ICM-42688-P  a   0.517  -6.288   7.685  g   0.000  -0.005   0.000[0m
[1;32muart:~$ [m[8D[J[00:11:36.950,000] [0m<inf> imu: LSM6DS3TR-C  a   0.214  -6.234   7.947  g   0.024  -0.061   0.012[0m
[1;32muart:~$ [m[8D[J[00:11:36.951,000] [0m<inf> imu: LSM6DSV16X   a   0.525  -6.081   8.301  g  -0.012   0.001  -0.003[0m
[1;32muart:~$ [m[8D[J[1;32muart:~$ [m[8D[J[00:11:36.951,000] [0m<inf> imu: ICM-42688-P  a   0.517  -6.284   7.682  g  -0.001  -0.005   0.000[0m
[1;32muart:~$ [m[8D[J[1;32muart:~$ [m[8D[J[00:11:37.052,000] [0m<inf> imu: LSM6DS3TR-C  a   0.240  -6.230   7.965  g   0.026  -0.061   0.011[0m
[1;32muart:~$ [m[8D[J[00:11:37.053,000] [0m<inf> imu: LSM6DSV16X   a   0.534  -6.083   8.303  g  -0.011   0.002  -0.003[0m
[1;32muart:~$ [m[8D[J[1;32muart:~$ [m[8D[J[00:11:37.054,000] [0m<inf> imu: ICM-42688-P  a   0.520  -6.292   7.675  g   0.001  -0.005   0.000[0m
[1;32muart:~$ [m[8D[J[00:11:37.155,000] [0m<inf> imu: LSM6DS3TR-C  a   0.234  -6.261   8.014  g   0.023  -0.064   0.012[0m
[1;32muart:~$ [m[8D[J[00:11:37.156,000] [0m<inf> imu: LSM6DSV16X   a   0.526  -6.082   8.301  g  -0.011   0.002  -0.003[0m
[1;32muart:~$ [m[8D[J[1;32muart:~$ [m[8D[J[00:11:37.156,000] [0m<inf> imu: ICM-42688-P  a   0.523  -6.290   7.670  g   0.000  -0.005  -0.000[0m
[1;32muart:~$ [m[8D[J[00:11:37.257,000] [0m<inf> imu: LSM6DS3TR-C  a   0.223  -6.234   7.997  g   0.024  -0.061   0.014[0m
[1;32muart:~$ [m[8D[J[00:11:37.258,000] [0m<inf> imu: LSM6DSV16X   a   0.529  -6.086   8.304  g  -0.012   0.002  -0.003[0m
[1;32muart:~$ [m[8D[J[1;32muart:~$ [m[8D[J[00:11:37.258,000] [0m<inf> imu: ICM-42688-P  a   0.509  -6.285   7.693  g   0.000  -0.005   0.000[0m
[1;32muart:~$ [m[8D[J[00:11:37.359,000] [0m<inf> imu: LSM6DS3TR-C  a   0.194  -6.264   7.944  g   0.026  -0.061   0.013[0m
[1;32muart:~$ [m[8D[J[1;32muart:~$ [m[8D[J[00:11:37.360,000] [0m<inf> imu: LSM6DSV16X   a   0.536  -6.080   8.301  g  -0.011   0.002  -0.002[0m
[1;32muart:~$ [m[8D[J[00:11:37.361,000] [0m<inf> imu: ICM-42688-P  a   0.515  -6.285   7.671  g   0.001  -0.005   0.000[0m
[1;32muart:~$ [m[8D[J[00:11:37.462,000] [0m<inf> imu: LSM6DS3TR-C  a   0.227  -6.270   7.959  g   0.025  -0.062   0.011[0m
[1;32muart:~$ [m[8D[J[00:11:37.462,000] [0m<inf> imu: LSM6DSV16X   a   0.526  -6.080   8.304  g  -0.012   0.001  -0.002[0m
[1;32muart:~$ [m[8D[J[00:11:37.463,000] [0m<inf> imu: ICM-42688-P  a   0.502  -6.281   7.672  g   0.000  -0.006  -0.001[0m
[1;32muart:~$ [m[8D[J[1;32muart:~$ [m[8D[J[00:11:37.564,000] [0m<inf> imu: LSM6DS3TR-C  a   0.201  -6.223   8.011  g   0.025  -0.061   0.011[0m
[1;32muart:~$ [m[8D[J[00:11:37.565,000] [0m<inf> imu: LSM6DSV16X   a   0.526  -6.083   8.292  g  -0.010   0.002  -0.002[0m
[1;32muart:~$ [m[8D[J[1;32muart:~$ [m[8D[J[00:11:37.565,000] [0m<inf> imu: ICM-42688-P  a   0.514  -6.281   7.688  g   0.001  -0.006  -0.000[0m
[1;32muart:~$ [m[8D[J[00:11:37.666,000] [0m<inf> imu: LSM6DS3TR-C  a   0.217  -6.252   7.938  g   0.025  -0.062   0.012[0m
[1;32muart:~$ [m[8D[J[1;32muart:~$ [m[8D[J[00:11:37.667,000] [0m<inf> imu: LSM6DSV16X   a   0.532  -6.083   8.305  g  -0.012   0.002  -0.002[0m
[1;32muart:~$ [m[8D[J[00:11:37.667,000] [0m<inf> imu: ICM-42688-P  a   0.517  -6.292   7.682  g   0.000  -0.006  -0.001[0m
[1;32muart:~$ [m[8D[J[1;32muart:~$ [m[8D[J[00:11:37.769,000] [0m<inf> imu: LSM6DS3TR-C  a   0.244  -6.270   7.993  g   0.024  -0.063   0.012[0m
[1;32muart:~$ [m[8D[J[00:11:37.769,000] [0m<inf> imu: LSM6DSV16X   a   0.525  -6.080   8.307  g  -0.012   0.003  -0.003[0m
[1;32muart:~$ [m[8D[J[1;32muart:~$ [m[8D[J[00:11:37.770,000] [0m<inf> imu: ICM-42688-P  a   0.523  -6.275   7.688  g   0.000  -0.005  -0.001[0m
[1;32muart:~$ [m[8D[J[00:11:37.871,000] [0m<inf> imu: LSM6DS3TR-C  a   0.229  -6.255   7.962  g   0.023  -0.064   0.014[0m
[1;32muart:~$ [m[8D[J[1;32muart:~$ [m[8D[J[00:11:37.872,000] [0m<inf> imu: LSM6DSV16X   a   0.524  -6.082   8.300  g  -0.011   0.002  -0.003[0m
[1;32muart:~$ [m[8D[J[00:11:37.872,000] [0m<inf> imu: ICM-42688-P  a   0.526  -6.281   7.683  g   0.000  -0.005  -0.001[0m
[1;32muart:~$ [m[8D[J[1;32muart:~$ [m[8D[J[00:11:37.973,000] [0m<inf> imu: LSM6DS3TR-C  a   0.203  -6.236   7.990  g   0.025  -0.063   0.012[0m
[1;32muart:~$ [m[8D[J[00:11:37.974,000] [0m<inf> imu: LSM6DSV16X   a   0.532  -6.083   8.296  g  -0.011   0.002  -0.002[0m
[1;32muart:~$ [m[8D[J[1;32muart:~$ [m[8D[J[00:11:37.975,000] [0m<inf> imu: ICM-42688-P  a   0.520  -6.298   7.684  g  -0.000  -0.005  -0.001[0m
[1;32muart:~$ [m[8D[J[00:11:38.076,000] [0m<inf> imu: LSM6DS3TR-C  a   0.239  -6.254   7.950  g   0.024  -0.064   0.013[0m
[1;32muart:~$ [m[8D[J[00:11:38.076,000] [0m<inf> imu: LSM6DSV16X   a   0.526  -6.086   8.294  g  -0.011   0.002  -0.003[0m
[1;32muart:~$ [m[8D[J[1;32muart:~$ [m[8D[J[00:11:38.077,000] [0m<inf> imu: ICM-42688-P  a   0.523  -6.292   7.670  g   0.000  -0.007  -0.001[0m
[1;32muart:~$ [m[8D[J[00:11:38.178,000] [0m<inf> imu: LSM6DS3TR-C  a   0.208  -6.258   7.996  g   0.024  -0.064   0.012[0m
[1;32muart:~$ [m[8D[J[1;32muart:~$ [m[8D[J[00:11:38.179,000] [0m<inf> imu: LSM6DSV16X   a   0.523  -6.077   8.310  g  -0.011   0.002  -0.002[0m
[1;32muart:~$ [m[8D[J[00:11:38.180,000] [0m<inf> imu: ICM-42688-P  a   0.512  -6.285   7.681  g   0.000  -0.006  -0.001[0m
[1;32muart:~$ [m[8D[J[00:11:38.281,000] [0m<inf> imu: LSM6DS3TR-C  a   0.264  -6.251   7.954  g   0.025  -0.062   0.013[0m
[1;32muart:~$ [m[8D[J[1;32muart:~$ [m[8D[J[00:11:38.281,000] [0m<inf> imu: LSM6DSV16X   a   0.534  -6.084   8.298  g  -0.012   0.002  -0.003[0m
[1;32muart:~$ [m[8D[J[00:11:38.282,000] [0m<inf> imu: ICM-42688-P  a   0.520  -6.279   7.682  g   0.000  -0.005  -0.001[0m
[1;32muart:~$ [m[8D[J[00:11:38.383,000] [0m<inf> imu: LSM6DS3TR-C  a   0.234  -6.258   7.954  g   0.024  -0.064   0.011[0m
[1;32muart:~$ [m[8D[J[00:11:38.384,000] [0m<inf> imu: LSM6DSV16X   a   0.525  -6.078   8.303  g  -0.012   0.002  -0.003[0m
[1;32muart:~$ [m[8D[J[1;32muart:~$ [m[8D[J[00:11:38.384,000] [0m<inf> imu: ICM-42688-P  a   0.512  -6.286   7.688  g   0.000  -0.005  -0.001[0m
[1;32muart:~$ [m[8D[J[1;32muart:~$ [m[8D[J[00:11:38.485,000] [0m<inf> imu: LSM6DS3TR-C  a   0.253  -6.227   7.949  g   0.025  -0.064   0.012[0m
[1;32muart:~$ [m[8D[J[00:11:38.486,000] [0m<inf> imu: LSM6DSV16X   a   0.522  -6.088   8.307  g  -0.012   0.002  -0.003[0m
[1;32muart:~$ [m[8D[J[1;32muart:~$ [m[8D[J[00:11:38.487,000] [0m<inf> imu: ICM-42688-P  a   0.518  -6.282   7.676  g   0.000  -0.005  -0.001[0m
[1;32muart:~$ [m[8D[J[00:11:38.588,000] [0m<inf> imu: LSM6DS3TR-C  a   0.208  -6.249   7.960  g   0.024  -0.062   0.013[0m
[1;32muart:~$ [m[8D[J[1;32muart:~$ [m[8D[J[00:11:38.588,000] [0m<inf> imu: LSM6DSV16X   a   0.526  -6.076   8.295  g  -0.011   0.001  -0.003[0m
[1;32muart:~$ [m[8D[J[00:11:38.589,000] [0m<inf> imu: ICM-42688-P  a   0.515  -6.286   7.676  g   0.001  -0.005   0.000[0m
[1;32muart:~$ [m[8D[J[1;32muart:~$ [m[8D[J[00:11:38.690,000] [0m<inf> imu: LSM6DS3TR-C  a   0.254  -6.217   7.996  g   0.023  -0.061   0.010[0m
[1;32muart:~$ [m[8D[J[00:11:38.691,000] [0m<inf> imu: LSM6DSV16X   a   0.526  -6.076   8.305  g  -0.011   0.003  -0.003[0m
[1;32muart:~$ [m[8D[J[1;32muart:~$ [m[8D[J[00:11:38.691,000] [0m<inf> imu: ICM-42688-P  a   0.517  -6.284   7.672  g   0.001  -0.006  -0.000[0m
[1;32muart:~$ [m[8D[J[00:11:38.792,000] [0m<inf> imu: LSM6DS3TR-C  a   0.237  -6.260   7.989  g   0.026  -0.060   0.012[0m
[1;32muart:~$ [m[8D[J[00:11:38.793,000] [0m<inf> imu: LSM6DSV16X   a   0.529  -6.080   8.301  g  -0.011   0.002  -0.002[0m
[1;32muart:~$ [m[8D[J[1;32muart:~$ [m[8D[J[00:11:38.793,000] [0m<inf> imu: ICM-42688-P  a   0.517  -6.286   7.687  g   0.001  -0.005   0.000[0m
[1;32muart:~$ [m[8D[J[00:11:38.895,000] [0m<inf> imu: LSM6DS3TR-C  a   0.260  -6.240   7.995  g   0.023  -0.064   0.012[0m
[1;32muart:~$ [m[8D[J[1;32muart:~$ [m[8D[J[00:11:38.895,000] [0m<inf> imu: LSM6DSV16X   a   0.524  -6.088   8.305  g  -0.011   0.003  -0.003[0m
[1;32muart:~$ [m[8D[J[00:11:38.896,000] [0m<inf> imu: ICM-42688-P  a   0.498  -6.276   7.672  g   0.000  -0.006  -0.001[0m
[1;32muart:~$ [m[8D[J[00:11:38.997,000] [0m<inf> imu: LSM6DS3TR-C  a   0.205  -6.220   8.000  g   0.024  -0.062   0.013[0m
[1;32muart:~$ [m[8D[J[1;32muart:~$ [m[8D[J[00:11:38.998,000] [0m<inf> imu: LSM6DSV16X   a   0.529  -6.086   8.291  g  -0.011   0.002  -0.003[0m
[1;32muart:~$ [m[8D[J[00:11:38.999,000] [0m<inf> imu: ICM-42688-P  a   0.504  -6.298   7.675  g  -0.000  -0.006  -0.000[0m
[1;32muart:~$ [m[8D[J[00:11:39.100,000] [0m<inf> imu: LSM6DS3TR-C  a   0.246  -6.225   7.954  g   0.025  -0.061   0.013[0m
[1;32muart:~$ [m[8D[J[00:11:39.100,000] [0m<inf> imu: LSM6DSV16X   a   0.531  -6.082   8.302  g  -0.011   0.002  -0.002[0m
[1;32muart:~$ [m[8D[J[1;32muart:~$ [m[8D[J[00:11:39.101,000] [0m<inf> imu: ICM-42688-P  a   0.520  -6.294   7.678  g   0.000  -0.005  -0.001[0m
[1;32muart:~$ [m[8D[J[1;32muart:~$ [m[8D[J[00:11:39.202,000] [0m<inf> imu: LSM6DS3TR-C  a   0.225  -6.240   7.955  g   0.024  -0.062   0.013[0m
[1;32muart:~$ [m[8D[J[00:11:39.203,000] [0m<inf> imu: LSM6DSV16X   a   0.537  -6.085   8.304  g  -0.011   0.002  -0.003[0m
[1;32muart:~$ [m[8D[J[1;32muart:~$ [m[8D[J[00:11:39.203,000] [0m<inf> imu: ICM-42688-P  a   0.526  -6.288   7.685  g   0.000  -0.006  -0.001[0m
[1;32muart:~$ [m[8D[J[00:11:39.304,000] [0m<inf> imu: LSM6DS3TR-C  a   0.257  -6.248   7.975  g   0.024  -0.061   0.012[0m
[1;32muart:~$ [m[8D[J[1;32muart:~$ [m[8D[J[00:11:39.305,000] [0m<inf> imu: LSM6DSV16X   a   0.526  -6.075   8.298  g  -0.012   0.001  -0.003[0m
[1;32muart:~$ [m[8D[J[00:11:39.305,000] [0m<inf> imu: ICM-42688-P  a   0.514  -6.292   7.673  g   0.000  -0.005  -0.001[0m
[1;32muart:~$ [m[8D[J[1;32muart:~$ [m[8D[J[00:11:39.406,000] [0m<inf> imu: LSM6DS3TR-C  a   0.243  -6.255   7.990  g   0.025  -0.063   0.012[0m
[1;32muart:~$ [m[8D[J[00:11:39.407,000] [0m<inf> imu: LSM6DSV16X   a   0.525  -6.085   8.301  g  -0.011   0.002  -0.003[0m
[1;32muart:~$ [m[8D[J[1;32muart:~$ [m[8D[J[00:11:39.408,000] [0m<inf> imu: ICM-42688-P  a   0.520  -6.296   7.671  g   0.001  -0.005  -0.001[0m
[1;32muart:~$ [m[8D[J[00:11:39.509,000] [0m<inf> imu: LSM6DS3TR-C  a   0.206  -6.237   7.996  g   0.024  -0.063   0.012[0m
[1;32muart:~$ [m[8D[J[00:11:39.510,000] [0m<inf> imu: LSM6DSV16X   a   0.526  -6.089   8.302  g  -0.012   0.002  -0.002[0m
[1;32muart:~$ [m[8D[J[1;32muart:~$ [m[8D[J[00:11:39.510,000] [0m<inf> imu: ICM-42688-P  a   0.511  -6.291   7.687  g   0.000  -0.006  -0.001[0m
[1;32muart:~$ [m[8D[J[00:11:39.612,000] [0m<inf> imu: LSM6DS3TR-C  a   0.225  -6.236   7.946  g   0.024  -0.061   0.012[0m
[1;32muart:~$ [m[8D[J[00:11:39.613,000] [0m<inf> imu: LSM6DSV16X   a   0.531  -6.075   8.305  g  -0.011   0.002  -0.003[0m
[1;32muart:~$ [m[8D[J[1;32muart:~$ [m[8D[J[00:11:39.614,000] [0m<inf> imu: ICM-42688-P  a   0.511  -6.276   7.676  g   0.001  -0.005  -0.000[0m
[1;32muart:~$ [m[8D[J[00:11:39.715,000] [0m<inf> imu: LSM6DS3TR-C  a   0.235  -6.249   7.931  g   0.024  -0.063   0.013[0m
[1;32muart:~$ [m[8D[J[1;32muart:~$ [m[8D[J[00:11:39.716,000] [0m<inf> imu: LSM6DSV16X   a   0.526  -6.080   8.298  g  -0.012   0.002  -0.002[0m
[1;32muart:~$ [m[8D[J[00:11:39.716,000] [0m<inf> imu: ICM-42688-P  a   0.510  -6.291   7.676  g  -0.000  -0.006  -0.001[0m
[1;32muart:~$ [m[8D[J[1;32muart:~$ [m[8D[J[00:11:39.818,000] [0m<inf> imu: LSM6DS3TR-C  a   0.217  -6.251   7.963  g   0.024  -0.061   0.013[0m
[1;32muart:~$ [m[8D[J[00:11:39.820,000] [0m<inf> imu: LSM6DSV16X   a   0.522  -6.085   8.301  g  -0.012   0.003  -0.002[0m
[1;32muart:~$ [m[8D[J[1;32muart:~$ [m[8D[J[00:11:39.820,000] [0m<inf> imu: ICM-42688-P  a   0.512  -6.284   7.689  g   0.001  -0.005  -0.001[0m
[1;32muart:~$ [m[8D[J[00:11:39.921,000] [0m<inf> imu: LSM6DS3TR-C  a   0.226  -6.249   7.930  g   0.026  -0.063   0.012[0m
[1;32muart:~$ [m[8D[J[00:11:39.922,000] [0m<inf> imu: LSM6DSV16X   a   0.525  -6.086   8.300  g  -0.011   0.001  -0.003[0m
[1;32muart:~$ [m[8D[J[1;32muart:~$ [m[8D[J[00:11:39.922,000] [0m<inf> imu: ICM-42688-P  a   0.512  -6.285   7.673  g  -0.000  -0.005  -0.001[0m
[1;32muart:~$ [m[8D[J[00:11:40.023,000] [0m<inf> imu: LSM6DS3TR-C  a   0.220  -6.226   7.994  g   0.025  -0.063   0.012[0m
[1;32muart:~$ [m[8D[J[00:11:40.024,000] [0m<inf> imu: LSM6DSV16X   a   0.521  -6.082   8.310  g  -0.012   0.002  -0.003[0m
[1;32muart:~$ [m[8D[J[1;32muart:~$ [m[8D[J[00:11:40.025,000] [0m<inf> imu: ICM-42688-P  a   0.511  -6.288   7.681  g   0.001  -0.006  -0.001[0m
[1;32muart:~$ [m[8D[J[00:11:40.126,000] [0m<inf> imu: LSM6DS3TR-C  a   0.199  -6.234   7.998  g   0.025  -0.063   0.011[0m
[1;32muart:~$ [m[8D[J[1;32muart:~$ [m[8D[J[00:11:40.126,000] [0m<inf> imu: LSM6DSV16X   a   0.522  -6.078   8.305  g  -0.012   0.003  -0.002[0m
[1;32muart:~$ [m[8D[J[00:11:40.127,000] [0m<inf> imu: ICM-42688-P  a   0.504  -6.290   7.670  g   0.000  -0.005  -0.000[0m
[1;32muart:~$ [m[8D[J[00:11:40.228,000] [0m<inf> imu: LSM6DS3TR-C  a   0.228  -6.243   7.975  g   0.024  -0.063   0.011[0m
[1;32muart:~$ [m[8D[J[00:11:40.229,000] [0m<inf> imu: LSM6DSV16X   a   0.529  -6.087   8.301  g  -0.012   0.003  -0.003[0m
[1;32muart:~$ [m[8D[J[00:11:40.229,000] [0m<inf> imu: ICM-42688-P  a   0.515  -6.294   7.682  g   0.001  -0.005  -0.001[0m
[1;32muart:~$ [m[8D[J[1;32muart:~$ [m[8D[J[00:11:40.331,000] [0m<inf> imu: LSM6DS3TR-C  a   0.235  -6.211   7.976  g   0.024  -0.062   0.012[0m
[1;32muart:~$ [m[8D[J[00:11:40.331,000] [0m<inf> imu: LSM6DSV16X   a   0.522  -6.080   8.295  g  -0.012   0.001  -0.003[0m
[1;32muart:~$ [m[8D[J[00:11:40.332,000] [0m<inf> imu: ICM-42688-P  a   0.522  -6.276   7.681  g   0.001  -0.006  -0.001[0m
[1;32muart:~$ [m[8D[J[1;32muart:~$ [m[8D[J[00:11:40.433,000] [0m<inf> imu: LSM6DS3TR-C  a   0.210  -6.247   7.977  g   0.024  -0.062   0.012[0m
[1;32muart:~$ [m[8D[J[00:11:40.434,000] [0m<inf> imu: LSM6DSV16X   a   0.527  -6.085   8.287  g  -0.011   0.003  -0.002[0m
[1;32muart:~$ [m[8D[J[1;32muart:~$ [m[8D[J[00:11:40.435,000] [0m<inf> imu: ICM-42688-P  a   0.521  -6.282   7.673  g   0.000  -0.005  -0.000[0m
[1;32muart:~$ [m[8D[J[00:11:40.536,000] [0m<inf> imu: LSM6DS3TR-C  a   0.218  -6.223   7.960  g   0.024  -0.061   0.013[0m
[1;32muart:~$ [m[8D[J[1;32muart:~$ [m[8D[J[00:11:40.537,000] [0m<inf> imu: LSM6DSV16X   a   0.528  -6.075   8.284  g  -0.012   0.002  -0.003[0m
[1;32muart:~$ [m[8D[J[00:11:40.537,000] [0m<inf> imu: ICM-42688-P  a   0.512  -6.291   7.697  g   0.000  -0.005   0.000[0m
[1;32muart:~$ [m[8D[J[1;32muart:~$ [m[8D[J[00:11:40.638,000] [0m<inf> imu: LSM6DS3TR-C  a   0.215  -6.249   7.962  g   0.024  -0.062   0.014[0m
[1;32muart:~$ [m[8D[J[00:11:40.639,000] [0m<inf> imu: LSM6DSV16X   a   0.526  -6.093   8.304  g  -0.011   0.002  -0.003[0m
[1;32muart:~$ [m[8D[J[1;32muart:~$ [m[8D[J[00:11:40.640,000] [0m<inf> imu: ICM-42688-P  a   0.512  -6.291   7.679  g  -0.000  -0.005   0.000[0m
[1;32muart:~$ [m[8D[J[00:11:40.741,000] [0m<inf> imu: LSM6DS3TR-C  a   0.198  -6.189   7.966  g   0.025  -0.063   0.013[0m
[1;32muart:~$ [m[8D[J[00:11:40.741,000] [0m<inf> imu: LSM6DSV16X   a   0.526  -6.083   8.301  g  -0.011   0.002  -0.003[0m
[1;32muart:~$ [m[8D[J[1;32muart:~$ [m[8D[J[00:11:40.742,000] [0m<inf> imu: ICM-42688-P  a   0.504  -6.291   7.681  g   0.000  -0.006   0.000[0m
[1;32muart:~$ [m[8D[J[00:11:40.843,000] [0m<inf> imu: LSM6DS3TR-C  a   0.243  -6.241   7.998  g   0.024  -0.062   0.015[0m
[1;32muart:~$ [m[8D[J[00:11:40.844,000] [0m<inf> imu: LSM6DSV16X   a   0.522  -6.092   8.289  g  -0.011   0.002  -0.002[0m
[1;32muart:~$ [m[8D[J[1;32muart:~$ [m[8D[J[00:11:40.845,000] [0m<inf> imu: ICM-42688-P  a   0.503  -6.291   7.682  g   0.001  -0.006   0.000[0m
[1;32muart:~$ [m[8D[J[00:11:40.946,000] [0m<inf> imu: LSM6DS3TR-C  a   0.237  -6.230   7.976  g   0.023  -0.063   0.012[0m
[1;32muart:~$ [m[8D[J[1;32muart:~$ [m[8D[J[00:11:40.947,000] [0m<inf> imu: LSM6DSV16X   a   0.526  -6.081   8.306  g  -0.012   0.003  -0.002[0m
[1;32muart:~$ [m[8D[J[00:11:40.947,000] [0m<inf> imu: ICM-42688-P  a   0.520  -6.290   7.682  g   0.000  -0.006  -0.000[0m
[1;32muart:~$ [m[8D[J[1;32muart:~$ [m[8D[J[00:11:41.049,000] [0m<inf> imu: LSM6DS3TR-C  a   0.228  -6.224   7.979  g   0.024  -0.062   0.011[0m
[1;32muart:~$ [m[8D[J[00:11:41.051,000] [0m<inf> imu: LSM6DSV16X   a   0.529  -6.087   8.298  g  -0.013   0.002  -0.002[0m
[1;32muart:~$ [m[8D[J[1;32muart:~$ [m[8D[J[00:11:41.051,000] [0m<inf> imu: ICM-42688-P  a   0.518  -6.290   7.684  g   0.000  -0.006   0.000[0m
[1;32muart:~$ [m[8D[J[00:11:41.152,000] [0m<inf> imu: LSM6DS3TR-C  a   0.233  -6.214   7.972  g   0.024  -0.063   0.013[0m
[1;32muart:~$ [m[8D[J[00:11:41.153,000] [0m<inf> imu: LSM6DSV16X   a   0.531  -6.084   8.295  g  -0.011   0.002  -0.003[0m
[1;32muart:~$ [m[8D[J[00:11:41.154,000] [0m<inf> imu: ICM-42688-P  a   0.524  -6.291   7.672  g   0.000  -0.006   0.000[0m
[1;32muart:~$ [m[8D[J[1;32muart:~$ [m[8D[J[00:11:41.255,000] [0m<inf> imu: LSM6DS3TR-C  a   0.239  -6.240   7.997  g   0.024  -0.061   0.014[0m
[1;32muart:~$ [m[8D[J[00:11:41.255,000] [0m<inf> imu: LSM6DSV16X   a   0.526  -6.086   8.303  g  -0.012   0.002  -0.003[0m
[1;32muart:~$ [m[8D[J[1;32muart:~$ [m[8D[J[00:11:41.256,000] [0m<inf> imu: ICM-42688-P  a   0.520  -6.290   7.677  g   0.000  -0.006  -0.001[0m
[1;32muart:~$ [m[8D[J[00:11:41.357,000] [0m<inf> imu: LSM6DS3TR-C  a   0.249  -6.233   7.994  g   0.024  -0.060   0.011[0m
[1;32muart:~$ [m[8D[J[1;32muart:~$ [m[8D[J[00:11:41.358,000] [0m<inf> imu: LSM6DSV16X   a   0.522  -6.089   8.305  g  -0.011   0.003  -0.003[0m
[1;32muart:~$ [m[8D[J[00:11:41.358,000] [0m<inf> imu: ICM-42688-P  a   0.524  -6.298   7.676  g   0.001  -0.005  -0.001[0m
[1;32muart:~$ [m[8D[J[00:11:41.460,000] [0m<inf> imu: LSM6DS3TR-C  a   0.178  -6.234   7.991  g   0.025  -0.061   0.012[0m
[1;32muart:~$ [m[8D[J[00:11:41.461,000] [0m<inf> imu: LSM6DSV16X   a   0.529  -6.083   8.296  g  -0.012   0.002  -0.003[0m
[1;32muart:~$ [m[8D[J[1;32muart:~$ [m[8D[J[00:11:41.461,000] [0m<inf> imu: ICM-42688-P  a   0.514  -6.275   7.684  g   0.000  -0.006  -0.000[0m
[1;32muart:~$ [m[8D[J[00:11:41.562,000] [0m<inf> imu: LSM6DS3TR-C  a   0.202  -6.245   7.966  g   0.025  -0.063   0.014[0m
[1;32muart:~$ [m[8D[J[00:11:41.563,000] [0m<inf> imu: LSM6DSV16X   a   0.526  -6.092   8.294  g  -0.010   0.002  -0.003[0m
[1;32muart:~$ [m[8D[J[1;32muart:~$ [m[8D[J[00:11:41.564,000] [0m<inf> imu: ICM-42688-P  a   0.518  -6.285   7.685  g   0.001  -0.006  -0.001[0m
[1;32muart:~$ [m[8D[J[00:11:41.665,000] [0m<inf> imu: LSM6DS3TR-C  a   0.236  -6.230   7.948  g   0.024  -0.063   0.012[0m
[1;32muart:~$ [m[8D[J[1;32muart:~$ [m[8D[J[00:11:41.666,000] [0m<inf> imu: LSM6DSV16X   a   0.526  -6.087   8.310  g  -0.011   0.003  -0.002[0m
[1;32muart:~$ [m[8D[J[00:11:41.666,000] [0m<inf> imu: ICM-42688-P  a   0.512  -6.281   7.691  g   0.001  -0.005   0.001[0m
[1;32muart:~$ [m[8D[J[1;32muart:~$ [m[8D[J[00:11:41.767,000] [0m<inf> imu: LSM6DS3TR-C  a   0.241  -6.246   7.959  g   0.024  -0.063   0.013[0m
[1;32muart:~$ [m[8D[J[00:11:41.768,000] [0m<inf> imu: LSM6DSV16X   a   0.531  -6.093   8.305  g  -0.011   0.002  -0.003[0m
[1;32muart:~$ [m[8D[J[1;32muart:~$ [m[8D[J[00:11:41.768,000] [0m<inf> imu: ICM-42688-P  a   0.512  -6.285   7.685  g  -0.001  -0.005   0.000[0m
[1;32muart:~$ [m[8D[J[00:11:41.869,000] [0m<inf> imu: LSM6DS3TR-C  a   0.249  -6.240   7.957  g   0.024  -0.062   0.012[0m
[1;32muart:~$ [m[8D[J[1;32muart:~$ [m[8D[J[00:11:41.870,000] [0m<inf> imu: LSM6DSV16X   a   0.521  -6.082   8.304  g  -0.012   0.002  -0.002[0m
[1;32muart:~$ [m[8D[J[00:11:41.871,000] [0m<inf> imu: ICM-42688-P  a   0.517  -6.286   7.676  g   0.001  -0.006  -0.001[0m
[1;32muart:~$ [m[8D[J[1;32muart:~$ [m[8D[J[00:11:41.972,000] [0m<inf> imu: LSM6DS3TR-C  a   0.227  -6.239   7.929  g   0.027  -0.062   0.011[0m
[1;32muart:~$ [m[8D[J[00:11:41.972,000] [0m<inf> imu: LSM6DSV16X   a   0.526  -6.078   8.305  g  -0.011   0.002  -0.003[0m
[1;32muart:~$ [m[8D[J[1;32muart:~$ [m[8D[J[00:11:41.973,000] [0m<inf> imu: ICM-42688-P  a   0.529  -6.288   7.683  g   0.000  -0.006  -0.001[0m
[1;32muart:~$ [m[8D[J[00:11:42.074,000] [0m<inf> imu: LSM6DS3TR-C  a   0.225  -6.256   7.969  g   0.022  -0.060   0.013[0m
[1;32muart:~$ [m[8D[J[00:11:42.075,000] [0m<inf> imu: LSM6DSV16X   a   0.515  -6.083   8.298  g  -0.012   0.001  -0.003[0m
[1;32muart:~$ [m[8D[J[1;32muart:~$ [m[8D[J[00:11:42.075,000] [0m<inf> imu: ICM-42688-P  a   0.503  -6.294   7.672  g   0.000  -0.005  -0.001[0m
[1;32muart:~$ [m[8D[J[00:11:42.177,000] [0m<inf> imu: LSM6DS3TR-C  a   0.230  -6.264   7.996  g   0.024  -0.061   0.013[0m
[1;32muart:~$ [m[8D[J[00:11:42.178,000] [0m<inf> imu: LSM6DSV16X   a   0.532  -6.075   8.293  g  -0.011   0.002  -0.002[0m
[1;32muart:~$ [m[8D[J[1;32muart:~$ [m[8D[J[00:11:42.179,000] [0m<inf> imu: ICM-42688-P  a   0.521  -6.290   7.670  g   0.000  -0.006  -0.001[0m
[1;32muart:~$ [m[8D[J[00:11:42.280,000] [0m<inf> imu: LSM6DS3TR-C  a   0.243  -6.229   7.962  g   0.024  -0.061   0.013[0m
[1;32muart:~$ [m[8D[J[1;32muart:~$ [m[8D[J[00:11:42.281,000] [0m<inf> imu: LSM6DSV16X   a   0.522  -6.081   8.297  g  -0.011   0.002  -0.003[0m
[1;32muart:~$ [m[8D[J[00:11:42.281,000] [0m<inf> imu: ICM-42688-P  a   0.521  -6.273   7.672  g   0.001  -0.005  -0.001[0m
[1;32muart:~$ [m[8D[J[00:11:42.382,000] [0m<inf> imu: LSM6DS3TR-C  a   0.213  -6.242   7.987  g   0.025  -0.064   0.013[0m
[1;32muart:~$ [m[8D[J[00:11:42.383,000] [0m<inf> imu: LSM6DSV16X   a   0.519  -6.085   8.294  g  -0.010   0.003  -0.003[0m
[1;32muart:~$ [m[8D[J[1;32muart:~$ [m[8D[J[00:11:42.384,000] [0m<inf> imu: ICM-42688-P  a   0.512  -6.286   7.678  g   0.000  -0.006  -0.001[0m
[1;32muart:~$ [m[8D[J[1;32muart:~$ [m[8D[J[00:11:42.485,000] [0m<inf> imu: LSM6DS3TR-C  a   0.243  -6.244   7.978  g   0.024  -0.061   0.012[0m
[1;32muart:~$ [m[8D[J[00:11:42.485,000] [0m<inf> imu: LSM6DSV16X   a   0.526  -6.087   8.297  g  -0.011   0.003  -0.003[0m
[1;32muart:~$ [m[8D[J[1;32muart:~$ [m[8D[J[00:11:42.486,000] [0m<inf> imu: ICM-42688-P  a   0.509  -6.279   7.670  g   0.001  -0.006  -0.001[0m
[1;32muart:~$ [m[8D[J[00:11:42.587,000] [0m<inf> imu: LSM6DS3TR-C  a   0.221  -6.236   7.965  g   0.027  -0.061   0.013[0m
[1;32muart:~$ [m[8D[J[1;32muart:~$ [m[8D[J[00:11:42.588,000] [0m<inf> imu: LSM6DSV16X   a   0.526  -6.081   8.287  g  -0.011   0.002  -0.003[0m
[1;32muart:~$ [m[8D[J[00:11:42.588,000] [0m<inf> imu: ICM-42688-P  a   0.509  -6.273   7.691  g   0.001  -0.006  -0.001[0m
[1;32muart:~$ [m[8D[J[1;32muart:~$ [m[8D[J[00:11:42.689,000] [0m<inf> imu: LSM6DS3TR-C  a   0.248  -6.233   7.979  g   0.025  -0.062   0.014[0m
[1;32muart:~$ [m[8D[J[00:11:42.690,000] [0m<inf> imu: LSM6DSV16X   a   0.529  -6.087   8.301  g  -0.012   0.002  -0.003[0m
[1;32muart:~$ [m[8D[J[1;32muart:~$ [m[8D[J[00:11:42.691,000] [0m<inf> imu: ICM-42688-P  a   0.509  -6.296   7.679  g   0.001  -0.006  -0.001[0m
[1;32muart:~$ [m[8D[J[00:11:42.792,000] [0m<inf> imu: LSM6DS3TR-C  a   0.202  -6.237   7.997  g   0.023  -0.060   0.013[0m
[1;32muart:~$ [m[8D[J[00:11:42.792,000] [0m<inf> imu: LSM6DSV16X   a   0.529  -6.080   8.294  g  -0.012   0.002  -0.003[0m
[1;32muart:~$ [m[8D[J[1;32muart:~$ [m[8D[J[00:11:42.793,000] [0m<inf> imu: ICM-42688-P  a   0.517  -6.290   7.687  g   0.000  -0.005  -0.001[0m
[1;32muart:~$ [m[8D[J[00:11:42.895,000] [0m<inf> imu: LSM6DS3TR-C  a   0.184  -6.223   7.966  g   0.025  -0.063   0.011[0m
[1;32muart:~$ [m[8D[J[1;32muart:~$ [m[8D[J[00:11:42.895,000] [0m<inf> imu: LSM6DSV16X   a   0.521  -6.087   8.294  g  -0.012   0.003  -0.003[0m
[1;32muart:~$ [m[8D[J[00:11:42.896,000] [0m<inf> imu: ICM-42688-P  a   0.520  -6.284   7.673  g   0.001  -0.006  -0.001[0m
[1;32muart:~$ [m[8D[J[00:11:42.998,000] [0m<inf> imu: LSM6DS3TR-C  a   0.250  -6.241   7.996  g   0.024  -0.061   0.011[0m
[1;32muart:~$ [m[8D[J[1;32muart:~$ [m[8D[J[00:11:42.998,000] [0m<inf> imu: LSM6DSV16X   a   0.528  -6.090   8.298  g  -0.012   0.002  -0.002[0m
[1;32muart:~$ [m[8D[J[00:11:42.999,000] [0m<inf> imu: ICM-42688-P  a   0.510  -6.290   7.673  g  -0.000  -0.006  -0.001[0m
[1;32muart:~$ [m[8D[J[00:11:43.100,000] [0m<inf> imu: LSM6DS3TR-C  a   0.232  -6.248   7.950  g   0.024  -0.063   0.012[0m
[1;32muart:~$ [m[8D[J[00:11:43.101,000] [0m<inf> imu: LSM6DSV16X   a   0.519  -6.089   8.301  g  -0.011   0.002  -0.002[0m
[1;32muart:~$ [m[8D[J[1;32muart:~$ [m[8D[J[00:11:43.101,000] [0m<inf> imu: ICM-42688-P  a   0.520  -6.285   7.675  g   0.001  -0.005   0.000[0m
[1;32muart:~$ [m[8D[J[1;32muart:~$ [m[8D[J[00:11:43.202,000] [0m<inf> imu: LSM6DS3TR-C  a   0.226  -6.228   7.938  g   0.024  -0.062   0.013[0m
[1;32muart:~$ [m[8D[J[00:11:43.203,000] [0m<inf> imu: LSM6DSV16X   a   0.526  -6.087   8.291  g  -0.012   0.002  -0.002[0m
[1;32muart:~$ [m[8D[J[1;32muart:~$ [m[8D[J[00:11:43.203,000] [0m<inf> imu: ICM-42688-P  a   0.526  -6.298   7.685  g   0.000  -0.005  -0.000[0m
[1;32muart:~$ [m[8D[J[00:11:43.304,000] [0m<inf> imu: LSM6DS3TR-C  a   0.227  -6.229   7.980  g   0.024  -0.064   0.012[0m
[1;32muart:~$ [m[8D[J[1;32muart:~$ [m[8D[J[00:11:43.305,000] [0m<inf> imu: LSM6DSV16X   a   0.528  -6.087   8.306  g  -0.011   0.002  -0.002[0m
[1;32muart:~$ [m[8D[J[00:11:43.306,000] [0m<inf> imu: ICM-42688-P  a   0.520  -6.291   7.670  g   0.001  -0.005   0.000[0m
[1;32muart:~$ [m[8D[J[1;32muart:~$ [m[8D[J[00:11:43.407,000] [0m<inf> imu: LSM6DS3TR-C  a   0.204  -6.212   7.993  g   0.022  -0.064   0.012[0m
[1;32muart:~$ [m[8D[J[00:11:43.407,000] [0m<inf> imu: LSM6DSV16X   a   0.526  -6.087   8.308  g  -0.011   0.002  -0.003[0m
[1;32muart:~$ [m[8D[J[1;32muart:~$ [m[8D[J[00:11:43.408,000] [0m<inf> imu: ICM-42688-P  a   0.517  -6.288   7.683  g   0.000  -0.005  -0.001[0m
[1;32muart:~$ [m[8D[J[00:11:43.509,000] [0m<inf> imu: LSM6DS3TR-C  a   0.224  -6.242   7.972  g   0.025  -0.064   0.012[0m
[1;32muart:~$ [m[8D[J[00:11:43.510,000] [0m<inf> imu: LSM6DSV16X   a   0.522  -6.086   8.298  g  -0.011   0.001  -0.002[0m
[1;32muart:~$ [m[8D[J[1;32muart:~$ [m[8D[J[00:11:43.510,000] [0m<inf> imu: ICM-42688-P  a   0.526  -6.282   7.673  g   0.001  -0.006   0.000[0m
[1;32muart:~$ [m[8D[J[00:11:43.612,000] [0m<inf> imu: LSM6DS3TR-C  a   0.209  -6.255   7.984  g   0.023  -0.061   0.013[0m
[1;32muart:~$ [m[8D[J[00:11:43.613,000] [0m<inf> imu: LSM6DSV16X   a   0.527  -6.078   8.299  g  -0.011   0.002  -0.003[0m
[1;32muart:~$ [m[8D[J[1;32muart:~$ [m[8D[J[00:11:43.613,000] [0m<inf> imu: ICM-42688-P  a   0.521  -6.286   7.694  g   0.001  -0.005   0.000[0m
[1;32muart:~$ [m[8D[J[00:11:43.715,000] [0m<inf> imu: LSM6DS3TR-C  a   0.194  -6.235   7.967  g   0.025  -0.062   0.012[0m
[1;32muart:~$ [m[8D[J[1;32muart:~$ [m[8D[J[00:11:43.715,000] [0m<inf> imu: LSM6DSV16X   a   0.529  -6.077   8.310  g  -0.011   0.002  -0.003[0m
[1;32muart:~$ [m[8D[J[00:11:43.716,000] [0m<inf> imu: ICM-42688-P  a   0.521  -6.290   7.669  g   0.001  -0.005  -0.001[0m
[1;32muart:~$ [m[8D[J[1;32muart:~$ [m[8D[J[00:11:43.817,000] [0m<inf> imu: LSM6DS3TR-C  a   0.252  -6.232   7.971  g   0.023  -0.063   0.011[0m
[1;32muart:~$ [m[8D[J[00:11:43.819,000] [0m<inf> imu: LSM6DSV16X   a   0.522  -6.083   8.313  g  -0.011   0.002  -0.002[0m
[1;32muart:~$ [m[8D[J[1;32muart:~$ [m[8D[J[00:11:43.819,000] [0m<inf> imu: ICM-42688-P  a   0.502  -6.280   7.695  g   0.000  -0.006  -0.001[0m
[1;32muart:~$ [m[8D[J[00:11:43.920,000] [0m<inf> imu: LSM6DS3TR-C  a   0.226  -6.266   7.981  g   0.024  -0.063   0.012[0m
[1;32muart:~$ [m[8D[J[1;32muart:~$ [m[8D[J[00:11:43.921,000] [0m<inf> imu: LSM6DSV16X   a   0.525  -6.082   8.298  g  -0.012   0.002  -0.003[0m
[1;32muart:~$ [m[8D[J[00:11:43.922,000] [0m<inf> imu: ICM-42688-P  a   0.517  -6.287   7.682  g   0.000  -0.005   0.000[0m
[1;32muart:~$ [m[8D[J[1;32muart:~$ [m[8D[J[00:11:44.023,000] [0m<inf> imu: LSM6DS3TR-C  a   0.233  -6.229   7.942  g   0.025  -0.062   0.013[0m
[1;32muart:~$ [m[8D[J[00:11:44.023,000] [0m<inf> imu: LSM6DSV16X   a   0.526  -6.086   8.301  g  -0.011   0.003  -0.003[0m
[1;32muart:~$ [m[8D[J[1;32muart:~$ [m[8D[J[00:11:44.024,000] [0m<inf> imu: ICM-42688-P  a   0.517  -6.285   7.688  g   0.000  -0.005  -0.001[0m
[1;32muart:~$ [m[8D[J[00:11:44.125,000] [0m<inf> imu: LSM6DS3TR-C  a   0.240  -6.253   7.990  g   0.025  -0.063   0.012[0m
[1;32muart:~$ [m[8D[J[00:11:44.126,000] [0m<inf> imu: LSM6DSV16X   a   0.527  -6.083   8.305  g  -0.012   0.002  -0.002[0m
[1;32muart:~$ [m[8D[J[1;32muart:~$ [m[8D[J[00:11:44.126,000] [0m<inf> imu: ICM-42688-P  a   0.517  -6.292   7.681  g   0.001  -0.007  -0.001[0m
[1;32muart:~$ [m[8D[J[00:11:44.228,000] [0m<inf> imu: LSM6DS3TR-C  a   0.223  -6.232   7.930  g   0.025  -0.062   0.011[0m
[1;32muart:~$ [m[8D[J[00:11:44.229,000] [0m<inf> imu: LSM6DSV16X   a   0.523  -6.083   8.300  g  -0.011   0.002  -0.002[0m
[1;32muart:~$ [m[8D[J[1;32muart:~$ [m[8D[J[00:11:44.229,000] [0m<inf> imu: ICM-42688-P  a   0.517  -6.285   7.683  g   0.000  -0.005  -0.000[0m
[1;32muart:~$ [m[8D[J[00:11:44.330,000] [0m<inf> imu: LSM6DS3TR-C  a   0.220  -6.206   7.964  g   0.024  -0.062   0.011[0m
[1;32muart:~$ [m[8D[J[1;32muart:~$ [m[8D[J[00:11:44.331,000] [0m<inf> imu: LSM6DSV16X   a   0.528  -6.075   8.303  g  -0.011   0.002  -0.003[0m
[1;32muart:~$ [m[8D[J[00:11:44.332,000] [0m<inf> imu: ICM-42688-P  a   0.517  -6.282   7.682  g   0.001  -0.005  -0.001[0m
[1;32muart:~$ [m[8D[J[1;32muart:~$ [m[8D[J[00:11:44.433,000] [0m<inf> imu: LSM6DS3TR-C  a   0.212  -6.249   8.026  g   0.024  -0.063   0.010[0m
[1;32muart:~$ [m[8D[J[00:11:44.434,000] [0m<inf> imu: LSM6DSV16X   a   0.526  -6.090   8.293  g  -0.011   0.002  -0.003[0m
[1;32muart:~$ [m[8D[J[1;32muart:~$ [m[8D[J[00:11:44.435,000] [0m<inf> imu: ICM-42688-P  a   0.524  -6.281   7.695  g   0.000  -0.006  -0.000[0m
[1;32muart:~$ [m[8D[J[00:11:44.536,000] [0m<inf> imu: LSM6DS3TR-C  a   0.245  -6.236   7.957  g   0.024  -0.062   0.011[0m
[1;32muart:~$ [m[8D[J[1;32muart:~$ [m[8D[J[00:11:44.537,000] [0m<inf> imu: LSM6DSV16X   a   0.524  -6.090   8.308  g  -0.010   0.002  -0.003[0m
[1;32muart:~$ [m[8D[J[00:11:44.537,000] [0m<inf> imu: ICM-42688-P  a   0.520  -6.281   7.682  g   0.001  -0.006   0.000[0m
[1;32muart:~$ [m[8D[J[1;32muart:~$ [m[8D[J[00:11:44.638,000] [0m<inf> imu: LSM6DS3TR-C  a   0.215  -6.251   7.975  g   0.024  -0.063   0.012[0m
[1;32muart:~$ [m[8D[J[00:11:44.639,000] [0m<inf> imu: LSM6DSV16X   a   0.520  -6.073   8.312  g  -0.012   0.002  -0.003[0m
[1;32muart:~$ [m[8D[J[1;32muart:~$ [m[8D[J[00:11:44.640,000] [0m<inf> imu: ICM-42688-P  a   0.521  -6.276   7.682  g  -0.000  -0.004  -0.000[0m
[1;32muart:~$ [m[8D[J[00:11:44.741,000] [0m<inf> imu: LSM6DS3TR-C  a   0.241  -6.252   7.981  g   0.025  -0.060   0.013[0m
[1;32muart:~$ [m[8D[J[00:11:44.741,000] [0m<inf> imu: LSM6DSV16X   a   0.529  -6.087   8.298  g  -0.011   0.002  -0.002[0m
[1;32muart:~$ [m[8D[J[1;32muart:~$ [m[8D[J[00:11:44.742,000] [0m<inf> imu: ICM-42688-P  a   0.514  -6.288   7.685  g   0.001  -0.006  -0.001[0m
[1;32muart:~$ [m[8D[J[00:11:44.844,000] [0m<inf> imu: LSM6DS3TR-C  a   0.227  -6.251   7.975  g   0.024  -0.061   0.013[0m
[1;32muart:~$ [m[8D[J[1;32muart:~$ [m[8D[J[00:11:44.844,000] [0m<inf> imu: LSM6DSV16X   a   0.523  -6.078   8.305  g  -0.012   0.002  -0.002[0m
[1;32muart:~$ [m[8D[J[00:11:44.845,000] [0m<inf> imu: ICM-42688-P  a   0.521  -6.292   7.673  g   0.000  -0.005   0.000[0m
[1;32muart:~$ [m[8D[J[00:11:44.946,000] [0m<inf> imu: LSM6DS3TR-C  a   0.240  -6.230   7.945  g   0.023  -0.062   0.013[0m
[1;32muart:~$ [m[8D[J[1;32muart:~$ [m[8D[J[00:11:44.947,000] [0m<inf> imu: LSM6DSV16X   a   0.525  -6.087   8.289  g  -0.012   0.002  -0.003[0m
[1;32muart:~$ [m[8D[J[00:11:44.947,000] [0m<inf> imu: ICM-42688-P  a   0.522  -6.285   7.675  g   0.001  -0.006  -0.001[0m
[1;32muart:~$ [m[8D[J[00:11:45.049,000] [0m<inf> imu: LSM6DS3TR-C  a   0.188  -6.251   7.981  g   0.025  -0.062   0.010[0m
[1;32muart:~$ [m[8D[J[00:11:45.049,000] [0m<inf> imu: LSM6DSV16X   a   0.524  -6.087   8.301  g  -0.011   0.002  -0.002[0m
[1;32muart:~$ [m[8D[J[1;32muart:~$ [m[8D[J[00:11:45.050,000] [0m<inf> imu: ICM-42688-P  a   0.512  -6.286   7.677  g   0.000  -0.005  -0.001[0m
[1;32muart:~$ [m[8D[J[1;32muart:~$ [m[8D[J[00:11:45.151,000] [0m<inf> imu: LSM6DS3TR-C  a   0.239  -6.218   7.961  g   0.025  -0.062   0.011[0m
[1;32muart:~$ [m[8D[J[00:11:45.152,000] [0m<inf> imu: LSM6DSV16X   a   0.528  -6.092   8.291  g  -0.011   0.001  -0.003[0m
[1;32muart:~$ [m[8D[J[1;32muart:~$ [m[8D[J[00:11:45.152,000] [0m<inf> imu: ICM-42688-P  a   0.512  -6.291   7.679  g   0.000  -0.005  -0.001[0m
[1;32muart:~$ [m[8D[J[00:11:45.253,000] [0m<inf> imu: LSM6DS3TR-C  a   0.237  -6.263   7.969  g   0.025  -0.062   0.011[0m
[1;32muart:~$ [m[8D[J[1;32muart:~$ [m[8D[J[00:11:45.254,000] [0m<inf> imu: LSM6DSV16X   a   0.526  -6.083   8.300  g  -0.013   0.002  -0.003[0m
[1;32muart:~$ [m[8D[J[00:11:45.254,000] [0m<inf> imu: ICM-42688-P  a   0.514  -6.290   7.670  g   0.001  -0.006  -0.001[0m
[1;32muart:~$ [m[8D[J[1;32muart:~$ [m[8D[J[00:11:45.355,000] [0m<inf> imu: LSM6DS3TR-C  a   0.248  -6.241   7.978  g   0.026  -0.062   0.012[0m
[1;32muart:~$ [m[8D[J[00:11:45.356,000] [0m<inf> imu: LSM6DSV16X   a   0.525  -6.085   8.294  g  -0.011   0.001  -0.003[0m
[1;32muart:~$ [m[8D[J[1;32muart:~$ [m[8D[J[00:11:45.357,000] [0m<inf> imu: ICM-42688-P  a   0.522  -6.285   7.685  g   0.001  -0.005  -0.001[0m
[1;32muart:~$ [m[8D[J[00:11:45.458,000] [0m<inf> imu: LSM6DS3TR-C  a   0.232  -6.234   7.974  g   0.024  -0.061   0.015[0m
[1;32muart:~$ [m[8D[J[00:11:45.458,000] [0m<inf> imu: LSM6DSV16X   a   0.526  -6.087   8.299  g  -0.012   0.002  -0.003[0m
[1;32muart:~$ [m[8D[J[1;32muart:~$ [m[8D[J[00:11:45.459,000] [0m<inf> imu: ICM-42688-P  a   0.512  -6.285   7.682  g   0.001  -0.005  -0.000[0m
[1;32muart:~$ [m[8D[J[00:11:45.560,000] [0m<inf> imu: LSM6DS3TR-C  a   0.242  -6.218   7.992  g   0.024  -0.062   0.013[0m
[1;32muart:~$ [m[8D[J[1;32muart:~$ [m[8D[J[00:11:45.561,000] [0m<inf> imu: LSM6DSV16X   a   0.528  -6.082   8.299  g  -0.011   0.003  -0.003[0m
[1;32muart:~$ [m[8D[J[00:11:45.562,000] [0m<inf> imu: ICM-42688-P  a   0.520  -6.298   7.673  g   0.000  -0.004   0.001[0m
[1;32muart:~$ [m[8D[J[00:11:45.663,000] [0m<inf> imu: LSM6DS3TR-C  a   0.221  -6.243   7.947  g   0.026  -0.062   0.014[0m
[1;32muart:~$ [m[8D[J[1;32muart:~$ [m[8D[J[00:11:45.664,000] [0m<inf> imu: LSM6DSV16X   a   0.523  -6.081   8.299  g  -0.011   0.002  -0.003[0m
[1;32muart:~$ [m[8D[J[00:11:45.664,000] [0m<inf> imu: ICM-42688-P  a   0.524  -6.275   7.681  g   0.001  -0.006  -0.001[0m
[1;32muart:~$ [m[8D[J[00:11:45.765,000] [0m<inf> imu: LSM6DS3TR-C  a   0.244  -6.271   7.969  g   0.022  -0.063   0.009[0m
[1;32muart:~$ [m[8D[J[00:11:45.766,000] [0m<inf> imu: LSM6DSV16X   a   0.524  -6.082   8.301  g  -0.011   0.002  -0.003[0m
[1;32muart:~$ [m[8D[J[1;32muart:~$ [m[8D[J[00:11:45.767,000] [0m<inf> imu: ICM-42688-P  a   0.520  -6.285   7.689  g  -0.000  -0.006  -0.001[0m
[1;32muart:~$ [m[8D[J[1;32muart:~$ [m[8D[J[00:11:45.868,000] [0m<inf> imu: LSM6DS3TR-C  a   0.206  -6.261   7.993  g   0.026  -0.064   0.011[0m
[1;32muart:~$ [m[8D[J[00:11:45.868,000] [0m<inf> imu: LSM6DSV16X   a   0.524  -6.083   8.307  g  -0.011   0.002  -0.002[0m
[1;32muart:~$ [m[8D[J[1;32muart:~$ [m[8D[J[00:11:45.869,000] [0m<inf> imu: ICM-42688-P  a   0.520  -6.287   7.667  g   0.001  -0.005  -0.000[0m
[1;32muart:~$ [m[8D[J[00:11:45.970,000] [0m<inf> imu: LSM6DS3TR-C  a   0.236  -6.225   7.982  g   0.025  -0.061   0.013[0m
[1;32muart:~$ [m[8D[J[1;32muart:~$ [m[8D[J[00:11:45.971,000] [0m<inf> imu: LSM6DSV16X   a   0.522  -6.085   8.305  g  -0.010   0.001  -0.003[0m
[1;32muart:~$ [m[8D[J[00:11:45.971,000] [0m<inf> imu: ICM-42688-P  a   0.523  -6.288   7.682  g  -0.001  -0.005  -0.000[0m
[1;32muart:~$ [m[8D[J[1;32muart:~$ [m[8D[J[00:11:46.072,000] [0m<inf> imu: LSM6DS3TR-C  a   0.227  -6.229   7.991  g   0.024  -0.062   0.013[0m
[1;32muart:~$ [m[8D[J[00:11:46.073,000] [0m<inf> imu: LSM6DSV16X   a   0.526  -6.087   8.305  g  -0.012   0.002  -0.003[0m
[1;32muart:~$ [m[8D[J[1;32muart:~$ [m[8D[J[00:11:46.074,000] [0m<inf> imu: ICM-42688-P  a   0.523  -6.290   7.677  g   0.000  -0.005  -0.001[0m
[1;32muart:~$ [m[8D[J[00:11:46.175,000] [0m<inf> imu: LSM6DS3TR-C  a   0.232  -6.267   7.960  g   0.024  -0.063   0.012[0m
[1;32muart:~$ [m[8D[J[00:11:46.176,000] [0m<inf> imu: LSM6DSV16X   a   0.520  -6.086   8.296  g  -0.011   0.001  -0.003[0m
[1;32muart:~$ [m[8D[J[1;32muart:~$ [m[8D[J[00:11:46.176,000] [0m<inf> imu: ICM-42688-P  a   0.510  -6.306   7.690  g  -0.000  -0.005  -0.001[0m
[1;32muart:~$ [m[8D[J[00:11:46.277,000] [0m<inf> imu: LSM6DS3TR-C  a   0.230  -6.222   7.985  g   0.024  -0.062   0.015[0m
[1;32muart:~$ [m[8D[J[00:11:46.279,000] [0m<inf> imu: LSM6DSV16X   a   0.524  -6.092   8.304  g  -0.010   0.001  -0.003[0m
[1;32muart:~$ [m[8D[J[1;32muart:~$ [m[8D[J[00:11:46.280,000] [0m<inf> imu: ICM-42688-P  a   0.512  -6.299   7.689  g  -0.000  -0.005  -0.001[0m
[1;32muart:~$ [m[8D[J[00:11:46.381,000] [0m<inf> imu: LSM6DS3TR-C  a   0.252  -6.210   7.959  g   0.024  -0.061   0.014[0m
[1;32muart:~$ [m[8D[J[1;32muart:~$ [m[8D[J[00:11:46.381,000] [0m<inf> imu: LSM6DSV16X   a   0.526  -6.085   8.304  g  -0.011   0.002  -0.003[0m
[1;32muart:~$ [m[8D[J[00:11:46.382,000] [0m<inf> imu: ICM-42688-P  a   0.517  -6.293   7.681  g  -0.001  -0.005   0.001[0m
[1;32muart:~$ [m[8D[J[1;32muart:~$ [m[8D[J[00:11:46.484,000] [0m<inf> imu: LSM6DS3TR-C  a   0.227  -6.249   7.935  g   0.024  -0.063   0.013[0m
[1;32muart:~$ [m[8D[J[00:11:46.484,000] [0m<inf> imu: LSM6DSV16X   a   0.526  -6.081   8.296  g  -0.011   0.002  -0.003[0m
[1;32muart:~$ [m[8D[J[1;32muart:~$ [m[8D[J[00:11:46.485,000] [0m<inf> imu: ICM-42688-P  a   0.526  -6.298   7.697  g  -0.001  -0.005  -0.000[0m
[1;32muart:~$ [m[8D[J[00:11:46.586,000] [0m<inf> imu: LSM6DS3TR-C  a   0.206  -6.243   7.983  g   0.024  -0.061   0.013[0m
[1;32muart:~$ [m[8D[J[1;32muart:~$ [m[8D[J[00:11:46.587,000] [0m<inf> imu: LSM6DSV16X   a   0.524  -6.090   8.299  g  -0.012   0.002  -0.003[0m
[1;32muart:~$ [m[8D[J[00:11:46.588,000] [0m<inf> imu: ICM-42688-P  a   0.524  -6.299   7.681  g  -0.000  -0.005  -0.001[0m
[1;32muart:~$ [m[8D[J[1;32muart:~$ [m[8D[J[00:11:46.689,000] [0m<inf> imu: LSM6DS3TR-C  a   0.217  -6.257   7.979  g   0.024  -0.062   0.009[0m
[1;32muart:~$ [m[8D[J[00:11:46.689,000] [0m<inf> imu: LSM6DSV16X   a   0.523  -6.085   8.305  g  -0.012   0.002  -0.002[0m
[1;32muart:~$ [m[8D[J[1;32muart:~$ [m[8D[J[00:11:46.690,000] [0m<inf> imu: ICM-42688-P  a   0.526  -6.279   7.682  g  -0.000  -0.005  -0.001[0m
[1;32muart:~$ [m[8D[J[00:11:46.791,000] [0m<inf> imu: LSM6DS3TR-C  a   0.211  -6.233   7.997  g   0.024  -0.064   0.012[0m
[1;32muart:~$ [m[8D[J[00:11:46.792,000] [0m<inf> imu: LSM6DSV16X   a   0.522  -6.081   8.298  g  -0.012   0.002  -0.003[0m
[1;32muart:~$ [m[8D[J[1;32muart:~$ [m[8D[J[00:11:46.792,000] [0m<inf> imu: ICM-42688-P  a   0.509  -6.293   7.676  g   0.000  -0.005   0.000[0m
[1;32muart:~$ [m[8D[J[00:11:46.893,000] [0m<inf> imu: LSM6DS3TR-C  a   0.215  -6.252   7.954  g   0.025  -0.062   0.013[0m
[1;32muart:~$ [m[8D[J[1;32muart:~$ [m[8D[J[00:11:46.895,000] [0m<inf> imu: LSM6DSV16X   a   0.526  -6.087   8.303  g  -0.011   0.002  -0.003[0m
[1;32muart:~$ [m[8D[J[00:11:46.895,000] [0m<inf> imu: ICM-42688-P  a   0.505  -6.299   7.682  g   0.000  -0.005  -0.000[0m
[1;32muart:~$ [m[8D[J[00:11:46.997,000] [0m<inf> imu: LSM6DS3TR-C  a   0.227  -6.220   7.976  g   0.026  -0.061   0.012[0m
[1;32muart:~$ [m[8D[J[1;32muart:~$ [m[8D[J[00:11:46.997,000] [0m<inf> imu: LSM6DSV16X   a   0.526  -6.089   8.305  g  -0.012   0.002  -0.003[0m
[1;32muart:~$ [m[8D[J[00:11:46.998,000] [0m<inf> imu: ICM-42688-P  a   0.514  -6.294   7.682  g  -0.000  -0.006   0.000[0m
[1;32muart:~$ [m[8D[J[00:11:47.099,000] [0m<inf> imu: LSM6DS3TR-C  a   0.275  -6.230   7.976  g   0.024  -0.063   0.012[0m
[1;32muart:~$ [m[8D[J[00:11:47.100,000] [0m<inf> imu: LSM6DSV16X   a   0.531  -6.083   8.306  g  -0.012   0.002  -0.003[0m
[1;32muart:~$ [m[8D[J[1;32muart:~$ [m[8D[J[00:11:47.100,000] [0m<inf> imu: ICM-42688-P  a   0.524  -6.304   7.687  g  -0.000  -0.006   0.000[0m
[1;32muart:~$ [m[8D[J[1;32muart:~$ [m[8D[J[00:11:47.201,000] [0m<inf> imu: LSM6DS3TR-C  a   0.224  -6.221   7.986  g   0.024  -0.064   0.010[0m
[1;32muart:~$ [m[8D[J[00:11:47.202,000] [0m<inf> imu: LSM6DSV16X   a   0.524  -6.085   8.304  g  -0.011   0.002  -0.003[0m
[1;32muart:~$ [m[8D[J[1;32muart:~$ [m[8D[J[00:11:47.202,000] [0m<inf> imu: ICM-42688-P  a   0.521  -6.279   7.681  g   0.001  -0.005   0.000[0m
[1;32muart:~$ [m[8D[J[00:11:47.303,000] [0m<inf> imu: LSM6DS3TR-C  a   0.222  -6.242   7.955  g   0.024  -0.062   0.013[0m
[1;32muart:~$ [m[8D[J[1;32muart:~$ [m[8D[J[00:11:47.304,000] [0m<inf> imu: LSM6DSV16X   a   0.529  -6.085   8.298  g  -0.012   0.002  -0.002[0m
[1;32muart:~$ [m[8D[J[00:11:47.305,000] [0m<inf> imu: ICM-42688-P  a   0.520  -6.291   7.677  g   0.000  -0.006  -0.000[0m
[1;32muart:~$ [m[8D[J[1;32muart:~$ [m[8D[J[00:11:47.406,000] [0m<inf> imu: LSM6DS3TR-C  a   0.214  -6.233   7.975  g   0.023  -0.061   0.013[0m
[1;32muart:~$ [m[8D[J[00:11:47.406,000] [0m<inf> imu: LSM6DSV16X   a   0.525  -6.080   8.298  g  -0.010   0.002  -0.003[0m
[1;32muart:~$ [m[8D[J[1;32muart:~$ [m[8D[J[00:11:47.407,000] [0m<inf> imu: ICM-42688-P  a   0.521  -6.284   7.678  g   0.001  -0.006   0.000[0m
[1;32muart:~$ [m[8D[J[00:11:47.508,000] [0m<inf> imu: LSM6DS3TR-C  a   0.216  -6.236   7.963  g   0.025  -0.061   0.014[0m
[1;32muart:~$ [m[8D[J[00:11:47.509,000] [0m<inf> imu: LSM6DSV16X   a   0.531  -6.085   8.311  g  -0.011   0.002  -0.003[0m
[1;32muart:~$ [m[8D[J[1;32muart:~$ [m[8D[J[00:11:47.509,000] [0m<inf> imu: ICM-42688-P  a   0.515  -6.278   7.682  g   0.000  -0.005  -0.001[0m
[1;32muart:~$ [m[8D[J[00:11:47.611,000] [0m<inf> imu: LSM6DS3TR-C  a   0.249  -6.219   7.992  g   0.024  -0.060   0.012[0m
[1;32muart:~$ [m[8D[J[1;32muart:~$ [m[8D[J[00:11:47.612,000] [0m<inf> imu: LSM6DSV16X   a   0.527  -6.084   8.301  g  -0.011   0.002  -0.003[0m
[1;32muart:~$ [m[8D[J[00:11:47.613,000] [0m<inf> imu: ICM-42688-P  a   0.512  -6.291   7.684  g   0.000  -0.005  -0.000[0m
[1;32muart:~$ [m[8D[J[00:11:47.714,000] [0m<inf> imu: LSM6DS3TR-C  a   0.225  -6.212   7.986  g   0.023  -0.061   0.012[0m
[1;32muart:~$ [m[8D[J[1;32muart:~$ [m[8D[J[00:11:47.714,000] [0m<inf> imu: LSM6DSV16X   a   0.523  -6.087   8.298  g  -0.011   0.002  -0.003[0m
[1;32muart:~$ [m[8D[J[00:11:47.715,000] [0m<inf> imu: ICM-42688-P  a   0.522  -6.278   7.688  g   0.000  -0.006  -0.001[0m
[1;32muart:~$ [m[8D[J[00:11:47.816,000] [0m<inf> imu: LSM6DS3TR-C  a   0.214  -6.242   7.968  g   0.024  -0.060   0.014[0m
[1;32muart:~$ [m[8D[J[00:11:47.817,000] [0m<inf> imu: LSM6DSV16X   a   0.531  -6.083   8.303  g  -0.012   0.002  -0.003[0m
[1;32muart:~$ [m[8D[J[1;32muart:~$ [m[8D[J[00:11:47.817,000] [0m<inf> imu: ICM-42688-P  a   0.515  -6.282   7.699  g  -0.000  -0.006  -0.001[0m
[1;32muart:~$ [m[8D[J[1;32muart:~$ [m[8D[J[00:11:47.918,000] [0m<inf> imu: LSM6DS3TR-C  a   0.254  -6.197   7.981  g   0.024  -0.063   0.012[0m
[1;32muart:~$ [m[8D[J[00:11:47.919,000] [0m<inf> imu: LSM6DSV16X   a   0.533  -6.094   8.308  g  -0.011   0.002  -0.003[0m
[1;32muart:~$ [m[8D[J[1;32muart:~$ [m[8D[J[00:11:47.919,000] [0m<inf> imu: ICM-42688-P  a   0.526  -6.297   7.677  g   0.000  -0.005  -0.001[0m
[1;32muart:~$ [m[8D[J[00:11:48.020,000] [0m<inf> imu: LSM6DS3TR-C  a   0.243  -6.220   7.965  g   0.023  -0.062   0.012[0m
[1;32muart:~$ [m[8D[J[1;32muart:~$ [m[8D[J[00:11:48.021,000] [0m<inf> imu: LSM6DSV16X   a   0.526  -6.095   8.291  g  -0.012   0.002  -0.003[0m
[1;32muart:~$ [m[8D[J[00:11:48.022,000] [0m<inf> imu: ICM-42688-P  a   0.521  -6.279   7.688  g  -0.001  -0.005  -0.001[0m
[1;32muart:~$ [m[8D[J[1;32muart:~$ [m[8D[J[00:11:48.123,000] [0m<inf> imu: LSM6DS3TR-C  a   0.200  -6.227   7.999  g   0.024  -0.061   0.012[0m
[1;32muart:~$ [m[8D[J[00:11:48.124,000] [0m<inf> imu: LSM6DSV16X   a   0.531  -6.086   8.294  g  -0.011   0.002  -0.002[0m
[1;32muart:~$ [m[8D[J[1;32muart:~$ [m[8D[J[00:11:48.124,000] [0m<inf> imu: ICM-42688-P  a   0.527  -6.291   7.676  g   0.000  -0.005   0.000[0m
[1;32muart:~$ [m[8D[J[00:11:48.225,000] [0m<inf> imu: LSM6DS3TR-C  a   0.231  -6.239   8.006  g   0.026  -0.062   0.013[0m
[1;32muart:~$ [m[8D[J[00:11:48.226,000] [0m<inf> imu: LSM6DSV16X   a   0.517  -6.083   8.299  g  -0.012   0.002  -0.003[0m
[1;32muart:~$ [m[8D[J[1;32muart:~$ [m[8D[J[00:11:48.226,000] [0m<inf> imu: ICM-42688-P  a   0.517  -6.291   7.688  g  -0.001  -0.005  -0.000[0m
[1;32muart:~$ [m[8D[J[00:11:48.328,000] [0m<inf> imu: LSM6DS3TR-C  a   0.218  -6.263   7.951  g   0.024  -0.063   0.012[0m
[1;32muart:~$ [m[8D[J[1;32muart:~$ [m[8D[J[00:11:48.329,000] [0m<inf> imu: LSM6DSV16X   a   0.533  -6.080   8.308  g  -0.012   0.003  -0.002[0m
[1;32muart:~$ [m[8D[J[00:11:48.330,000] [0m<inf> imu: ICM-42688-P  a   0.530  -6.303   7.693  g   0.001  -0.005   0.000[0m
[1;32muart:~$ [m[8D[J[00:11:48.431,000] [0m<inf> imu: LSM6DS3TR-C  a   0.219  -6.251   7.994  g   0.025  -0.060   0.011[0m
[1;32muart:~$ [m[8D[J[1;32muart:~$ [m[8D[J[00:11:48.431,000] [0m<inf> imu: LSM6DSV16X   a   0.526  -6.085   8.296  g  -0.012   0.002  -0.003[0m
[1;32muart:~$ [m[8D[J[00:11:48.432,000] [0m<inf> imu: ICM-42688-P  a   0.524  -6.291   7.667  g   0.000  -0.005   0.000[0m
[1;32muart:~$ [m[8D[J[00:11:48.533,000] [0m<inf> imu: LSM6DS3TR-C  a   0.233  -6.243   7.985  g   0.025  -0.060   0.014[0m
[1;32muart:~$ [m[8D[J[00:11:48.534,000] [0m<inf> imu: LSM6DSV16X   a   0.528  -6.082   8.298  g  -0.011   0.002  -0.002[0m
[1;32muart:~$ [m[8D[J[1;32muart:~$ [m[8D[J[00:11:48.534,000] [0m<inf> imu: ICM-42688-P  a   0.512  -6.288   7.669  g   0.001  -0.006  -0.001[0m
[1;32muart:~$ [m[8D[J[1;32muart:~$ [m[8D[J[00:11:48.635,000] [0m<inf> imu: LSM6DS3TR-C  a   0.243  -6.222   7.979  g   0.022  -0.063   0.011[0m
[1;32muart:~$ [m[8D[J[00:11:48.636,000] [0m<inf> imu: LSM6DSV16X   a   0.522  -6.083   8.298  g  -0.011   0.004  -0.002[0m
[1;32muart:~$ [m[8D[J[1;32muart:~$ [m[8D[J[00:11:48.636,000] [0m<inf> imu: ICM-42688-P  a   0.520  -6.296   7.673  g   0.000  -0.005  -0.000[0m
[1;32muart:~$ [m[8D[J[00:11:48.738,000] [0m<inf> imu: LSM6DS3TR-C  a   0.228  -6.233   7.999  g   0.023  -0.062   0.013[0m
[1;32muart:~$ [m[8D[J[1;32muart:~$ [m[8D[J[00:11:48.738,000] [0m<inf> imu: LSM6DSV16X   a   0.524  -6.089   8.299  g  -0.011   0.002  -0.002[0m
[1;32muart:~$ [m[8D[J[00:11:48.739,000] [0m<inf> imu: ICM-42688-P  a   0.517  -6.290   7.679  g   0.001  -0.006  -0.001[0m
[1;32muart:~$ [m[8D[J[1;32muart:~$ [m[8D[J[00:11:48.840,000] [0m<inf> imu: LSM6DS3TR-C  a   0.221  -6.255   7.983  g   0.024  -0.062   0.012[0m
[1;32muart:~$ [m[8D[J[00:11:48.841,000] [0m<inf> imu: LSM6DSV16X   a   0.526  -6.087   8.294  g  -0.011   0.002  -0.002[0m
[1;32muart:~$ [m[8D[J[1;32muart:~$ [m[8D[J[00:11:48.841,000] [0m<inf> imu: ICM-42688-P  a   0.523  -6.288   7.699  g   0.000  -0.005  -0.001[0m
[1;32muart:~$ [m[8D[J[00:11:48.942,000] [0m<inf> imu: LSM6DS3TR-C  a   0.211  -6.229   7.951  g   0.024  -0.061   0.012[0m
[1;32muart:~$ [m[8D[J[00:11:48.943,000] [0m<inf> imu: LSM6DSV16X   a   0.526  -6.090   8.303  g  -0.012   0.002  -0.003[0m
[1;32muart:~$ [m[8D[J[1;32muart:~$ [m[8D[J[00:11:48.943,000] [0m<inf> imu: ICM-42688-P  a   0.520  -6.293   7.678  g   0.001  -0.005  -0.001[0m
[1;32muart:~$ [m[8D[J[00:11:49.045,000] [0m<inf> imu: LSM6DS3TR-C  a   0.263  -6.205   7.969  g   0.025  -0.061   0.010[0m
[1;32muart:~$ [m[8D[J[1;32muart:~$ [m[8D[J[00:11:49.046,000] [0m<inf> imu: LSM6DSV16X   a   0.532  -6.078   8.306  g  -0.012   0.002  -0.003[0m
[1;32muart:~$ [m[8D[J[00:11:49.047,000] [0m<inf> imu: ICM-42688-P  a   0.518  -6.286   7.684  g   0.001  -0.005  -0.001[0m
[1;32muart:~$ [m[8D[J[00:11:49.148,000] [0m<inf> imu: LSM6DS3TR-C  a   0.238  -6.251   7.968  g   0.025  -0.060   0.014[0m
[1;32muart:~$ [m[8D[J[1;32muart:~$ [m[8D[J[00:11:49.149,000] [0m<inf> imu: LSM6DSV16X   a   0.528  -6.085   8.293  g  -0.012   0.002  -0.002[0m
[1;32muart:~$ [m[8D[J[00:11:49.149,000] [0m<inf> imu: ICM-42688-P  a   0.514  -6.276   7.673  g  -0.001  -0.006  -0.000[0m
[1;32muart:~$ [m[8D[J[00:11:49.250,000] [0m<inf> imu: LSM6DS3TR-C  a   0.243  -6.209   7.971  g   0.024  -0.065   0.012[0m
[1;32muart:~$ [m[8D[J[00:11:49.251,000] [0m<inf> imu: LSM6DSV16X   a   0.524  -6.093   8.303  g  -0.011   0.002  -0.002[0m
[1;32muart:~$ [m[8D[J[1;32muart:~$ [m[8D[J[00:11:49.251,000] [0m<inf> imu: ICM-42688-P  a   0.517  -6.285   7.682  g   0.001  -0.005  -0.001[0m
[1;32muart:~$ [m[8D[J[1;32muart:~$ [m[8D[J[00:11:49.353,000] [0m<inf> imu: LSM6DS3TR-C  a   0.232  -6.255   7.978  g   0.024  -0.061   0.012[0m
[1;32muart:~$ [m[8D[J[00:11:49.353,000] [0m<inf> imu: LSM6DSV16X   a   0.524  -6.078   8.303  g  -0.012   0.003  -0.002[0m
[1;32muart:~$ [m[8D[J[1;32muart:~$ [m[8D[J[00:11:49.354,000] [0m<inf> imu: ICM-42688-P  a   0.511  -6.282   7.683  g   0.000  -0.006   0.000[0m
[1;32muart:~$ [m[8D[J[00:11:49.455,000] [0m<inf> imu: LSM6DS3TR-C  a   0.245  -6.212   7.960  g   0.024  -0.061   0.013[0m
[1;32muart:~$ [m[8D[J[1;32muart:~$ [m[8D[J[00:11:49.456,000] [0m<inf> imu: LSM6DSV16X   a   0.531  -6.082   8.310  g  -0.011   0.003  -0.003[0m
[1;32muart:~$ [m[8D[J[00:11:49.456,000] [0m<inf> imu: ICM-42688-P  a   0.514  -6.299   7.678  g   0.000  -0.005   0.000[0m
[1;32muart:~$ [m[8D[J[1;32muart:~$ [m[8D[J[00:11:49.557,000] [0m<inf> imu: LSM6DS3TR-C  a   0.263  -6.229   7.974  g   0.026  -0.063   0.014[0m
[1;32muart:~$ [m[8D[J[00:11:49.558,000] [0m<inf> imu: LSM6DSV16X   a   0.524  -6.090   8.298  g  -0.011   0.003  -0.003[0m
[1;32muart:~$ [m[8D[J[1;32muart:~$ [m[8D[J[00:11:49.558,000] [0m<inf> imu: ICM-42688-P  a   0.499  -6.275   7.687  g   0.002  -0.006  -0.001[0m
[1;32muart:~$ [m[8D[J[00:11:49.659,000] [0m<inf> imu: LSM6DS3TR-C  a   0.236  -6.250   7.966  g   0.025  -0.062   0.012[0m
[1;32muart:~$ [m[8D[J[00:11:49.660,000] [0m<inf> imu: LSM6DSV16X   a   0.526  -6.106   8.294  g  -0.012   0.003  -0.002[0m
[1;32muart:~$ [m[8D[J[1;32muart:~$ [m[8D[J[00:11:49.661,000] [0m<inf> imu: ICM-42688-P  a   0.520  -6.279   7.652  g  -0.001  -0.005   0.001[0m
[1;32muart:~$ [m[8D[J[00:11:49.762,000] [0m<inf> imu: LSM6DS3TR-C  a   0.220  -6.251   7.970  g   0.026  -0.063   0.013[0m
[1;32muart:~$ [m[8D[J[00:11:49.763,000] [0m<inf> imu: LSM6DSV16X   a   0.523  -6.078   8.280  g  -0.011   0.002  -0.003[0m
[1;32muart:~$ [m[8D[J[1;32muart:~$ [m[8D[J[00:11:49.764,000] [0m<inf> imu: ICM-42688-P  a   0.510  -6.267   7.638  g  -0.001  -0.005   0.000[0m
[1;32muart:~$ [m[8D[J[00:11:49.865,000] [0m<inf> imu: LSM6DS3TR-C  a   0.218  -6.239   8.027  g   0.024  -0.061   0.013[0m
[1;32muart:~$ [m[8D[J[1;32muart:~$ [m[8D[J[00:11:49.866,000] [0m<inf> imu: LSM6DSV16X   a   0.531  -6.087   8.320  g  -0.011   0.003  -0.002[0m
[1;32muart:~$ [m[8D[J[00:11:49.867,000] [0m<inf> imu: ICM-42688-P  a   0.522  -6.302   7.702  g   0.000  -0.005  -0.001[0m
[1;32muart:~$ [m[8D[J[1;32muart:~$ [m[8D[J[00:11:49.968,000] [0m<inf> imu: LSM6DS3TR-C  a   0.251  -6.253   7.956  g   0.025  -0.062   0.014[0m
[1;32muart:~$ [m[8D[J[00:11:49.969,000] [0m<inf> imu: LSM6DSV16X   a   0.536  -6.080   8.294  g  -0.013   0.003  -0.002[0m
[1;32muart:~$ [m[8D[J[1;32muart:~$ [m[8D[J[00:11:49.970,000] [0m<inf> imu: ICM-42688-P  a   0.511  -6.275   7.663  g   0.000  -0.005  -0.001[0m
[1;32muart:~$ [m[8D[J[00:11:50.071,000] [0m<inf> imu: LSM6DS3TR-C  a   0.224  -6.279   7.992  g   0.026  -0.062   0.012[0m
[1;32muart:~$ [m[8D[J[1;32muart:~$ [m[8D[J[00:11:50.072,000] [0m<inf> imu: LSM6DSV16X   a   0.534  -6.097   8.307  g  -0.010   0.002  -0.002[0m
[1;32muart:~$ [m[8D[J[00:11:50.072,000] [0m<inf> imu: ICM-42688-P  a   0.520  -6.309   7.689  g   0.000  -0.006  -0.001[0m
[1;32muart:~$ [m[8D[J[1;32muart:~$ [m[8D[J[00:11:50.174,000] [0m<inf> imu: LSM6DS3TR-C  a   0.245  -6.242   7.951  g   0.024  -0.062   0.011[0m
[1;32muart:~$ [m[8D[J[00:11:50.174,000] [0m<inf> imu: LSM6DSV16X   a   0.519  -6.083   8.301  g  -0.010   0.002  -0.003[0m
[1;32muart:~$ [m[8D[J[1;32muart:~$ [m[8D[J[00:11:50.175,000] [0m<inf> imu: ICM-42688-P  a   0.509  -6.269   7.669  g   0.000  -0.006  -0.001[0m
[1;32muart:~$ [m[8D[J[00:11:50.276,000] [0m<inf> imu: LSM6DS3TR-C  a   0.250  -6.234   7.934  g   0.024  -0.062   0.013[0m
[1;32muart:~$ [m[8D[J[00:11:50.277,000] [0m<inf> imu: LSM6DSV16X   a   0.526  -6.092   8.308  g  -0.011   0.002  -0.002[0m
[1;32muart:~$ [m[8D[J[1;32muart:~$ [m[8D[J[00:11:50.277,000] [0m<inf> imu: ICM-42688-P  a   0.521  -6.286   7.688  g   0.001  -0.006  -0.000[0m
[1;32muart:~$ [m[8D[J[00:11:50.379,000] [0m<inf> imu: LSM6DS3TR-C  a   0.229  -6.230   7.989  g   0.023  -0.063   0.014[0m
[1;32muart:~$ [m[8D[J[00:11:50.380,000] [0m<inf> imu: LSM6DSV16X   a   0.532  -6.072   8.287  g  -0.012   0.002  -0.003[0m
[1;32muart:~$ [m[8D[J[1;32muart:~$ [m[8D[J[00:11:50.380,000] [0m<inf> imu: ICM-42688-P  a   0.510  -6.290   7.671  g  -0.000  -0.005   0.000[0m
[1;32muart:~$ [m[8D[J[00:11:50.481,000] [0m<inf> imu: LSM6DS3TR-C  a   0.249  -6.228   7.979  g   0.026  -0.062   0.013[0m
[1;32muart:~$ [m[8D[J[1;32muart:~$ [m[8D[J[00:11:50.482,000] [0m<inf> imu: LSM6DSV16X   a   0.529  -6.095   8.300  g  -0.012   0.002  -0.003[0m
[1;32muart:~$ [m[8D[J[00:11:50.483,000] [0m<inf> imu: ICM-42688-P  a   0.529  -6.296   7.687  g   0.000  -0.006  -0.000[0m
[1;32muart:~$ [m[8D[J[1;32muart:~$ [m[8D[J[00:11:50.584,000] [0m<inf> imu: LSM6DS3TR-C  a   0.211  -6.240   7.958  g   0.024  -0.063   0.012[0m
[1;32muart:~$ [m[8D[J[00:11:50.585,000] [0m<inf> imu: LSM6DSV16X   a   0.527  -6.080   8.295  g  -0.011   0.002  -0.003[0m
[1;32muart:~$ [m[8D[J[1;32muart:~$ [m[8D[J[00:11:50.586,000] [0m<inf> imu: ICM-42688-P  a   0.526  -6.274   7.678  g   0.000  -0.005  -0.001[0m
[1;32muart:~$ [m[8D[J[00:11:50.687,000] [0m<inf> imu: LSM6DS3TR-C  a   0.217  -6.224   7.960  g   0.024  -0.063   0.012[0m
[1;32muart:~$ [m[8D[J[1;32muart:~$ [m[8D[J[00:11:50.688,000] [0m<inf> imu: LSM6DSV16X   a   0.522  -6.092   8.298  g  -0.012   0.003  -0.002[0m
[1;32muart:~$ [m[8D[J[00:11:50.688,000] [0m<inf> imu: ICM-42688-P  a   0.530  -6.296   7.682  g  -0.000  -0.004   0.000[0m
[1;32muart:~$ [m[8D[J[1;32muart:~$ [m[8D[J[00:11:50.790,000] [0m<inf> imu: LSM6DS3TR-C  a   0.257  -6.227   7.944  g   0.023  -0.064   0.013[0m
[1;32muart:~$ [m[8D[J[00:11:50.790,000] [0m<inf> imu: LSM6DSV16X   a   0.521  -6.083   8.294  g  -0.011   0.002  -0.002[0m
[1;32muart:~$ [m[8D[J[1;32muart:~$ [m[8D[J[00:11:50.791,000] [0m<inf> imu: ICM-42688-P  a   0.509  -6.288   7.673  g   0.001  -0.006  -0.001[0m
[1;32muart:~$ [m[8D[J[00:11:50.892,000] [0m<inf> imu: LSM6DS3TR-C  a   0.209  -6.244   8.021  g   0.025  -0.064   0.013[0m
[1;32muart:~$ [m[8D[J[00:11:50.893,000] [0m<inf> imu: LSM6DSV16X   a   0.526  -6.081   8.303  g  -0.012   0.002  -0.003[0m
[1;32muart:~$ [m[8D[J[1;32muart:~$ [m[8D[J[00:11:50.893,000] [0m<inf> imu: ICM-42688-P  a   0.522  -6.287   7.682  g   0.001  -0.005  -0.000[0m
[1;32muart:~$ [m[8D[J[00:11:50.995,000] [0m<inf> imu: LSM6DS3TR-C  a   0.223  -6.240   7.975  g   0.024  -0.062   0.011[0m
[1;32muart:~$ [m[8D[J[00:11:50.996,000] [0m<inf> imu: LSM6DSV16X   a   0.526  -6.095   8.303  g  -0.012   0.002  -0.003[0m
[1;32muart:~$ [m[8D[J[1;32muart:~$ [m[8D[J[00:11:50.997,000] [0m<inf> imu: ICM-42688-P  a   0.517  -6.287   7.690  g   0.000  -0.005  -0.001[0m
[1;32muart:~$ [m[8D[J[00:11:51.098,000] [0m<inf> imu: LSM6DS3TR-C  a   0.228  -6.231   7.953  g   0.024  -0.062   0.012[0m
[1;32muart:~$ [m[8D[J[1;32muart:~$ [m[8D[J[00:11:51.099,000] [0m<inf> imu: LSM6DSV16X   a   0.534  -6.090   8.303  g  -0.011   0.002  -0.003[0m
[1;32muart:~$ [m[8D[J[00:11:51.099,000] [0m<inf> imu: ICM-42688-P  a   0.518  -6.290   7.694  g   0.001  -0.005   0.000[0m
[1;32muart:~$ [m[8D[J[1;32muart:~$ [m[8D[J[00:11:51.201,000] [0m<inf> imu: LSM6DS3TR-C  a   0.243  -6.248   7.932  g   0.025  -0.061   0.012[0m
[1;32muart:~$ [m[8D[J[00:11:51.202,000] [0m<inf> imu: LSM6DSV16X   a   0.529  -6.090   8.293  g  -0.012   0.002  -0.003[0m
[1;32muart:~$ [m[8D[J[1;32muart:~$ [m[8D[J[00:11:51.203,000] [0m<inf> imu: ICM-42688-P  a   0.523  -6.297   7.670  g   0.001  -0.006  -0.000[0m
[1;32muart:~$ [m[8D[J[00:11:51.304,000] [0m<inf> imu: LSM6DS3TR-C  a   0.232  -6.245   7.982  g   0.025  -0.061   0.013[0m
[1;32muart:~$ [m[8D[J[1;32muart:~$ [m[8D[J[00:11:51.305,000] [0m<inf> imu: LSM6DSV16X   a   0.522  -6.085   8.300  g  -0.011   0.002  -0.002[0m
[1;32muart:~$ [m[8D[J[00:11:51.305,000] [0m<inf> imu: ICM-42688-P  a   0.524  -6.287   7.678  g   0.001  -0.005  -0.001[0m
[1;32muart:~$ [m[8D[J[1;32muart:~$ [m[8D[J[00:11:51.406,000] [0m<inf> imu: LSM6DS3TR-C  a   0.230  -6.236   7.941  g   0.026  -0.061   0.013[0m
[1;32muart:~$ [m[8D[J[00:11:51.407,000] [0m<inf> imu: LSM6DSV16X   a   0.524  -6.087   8.307  g  -0.012   0.003  -0.002[0m
[1;32muart:~$ [m[8D[J[1;32muart:~$ [m[8D[J[00:11:51.408,000] [0m<inf> imu: ICM-42688-P  a   0.520  -6.290   7.672  g   0.000  -0.005  -0.000[0m
[1;32muart:~$ [m[8D[J[00:11:51.509,000] [0m<inf> imu: LSM6DS3TR-C  a   0.221  -6.238   7.982  g   0.024  -0.062   0.012[0m
[1;32muart:~$ [m[8D[J[00:11:51.510,000] [0m<inf> imu: LSM6DSV16X   a   0.523  -6.080   8.301  g  -0.011   0.001  -0.002[0m
[1;32muart:~$ [m[8D[J[1;32muart:~$ [m[8D[J[00:11:51.510,000] [0m<inf> imu: ICM-42688-P  a   0.516  -6.281   7.661  g   0.001  -0.006  -0.001[0m
[1;32muart:~$ [m[8D[J[00:11:51.611,000] [0m<inf> imu: LSM6DS3TR-C  a   0.240  -6.239   7.954  g   0.023  -0.063   0.013[0m
[1;32muart:~$ [m[8D[J[1;32muart:~$ [m[8D[J[00:11:51.613,000] [0m<inf> imu: LSM6DSV16X   a   0.521  -6.077   8.301  g  -0.010   0.002  -0.002[0m
[1;32muart:~$ [m[8D[J[00:11:51.614,000] [0m<inf> imu: ICM-42688-P  a   0.512  -6.285   7.681  g   0.000  -0.005  -0.001[0m
[1;32muart:~$ [m[8D[J[00:11:51.715,000] [0m<inf> imu: LSM6DS3TR-C  a   0.212  -6.255   7.947  g   0.023  -0.063   0.013[0m
[1;32muart:~$ [m[8D[J[1;32muart:~$ [m[8D[J[00:11:51.715,000] [0m<inf> imu: LSM6DSV16X   a   0.531  -6.090   8.306  g  -0.012   0.002  -0.002[0m
[1;32muart:~$ [m[8D[J[00:11:51.716,000] [0m<inf> imu: ICM-42688-P  a   0.509  -6.294   7.675  g  -0.000  -0.005  -0.001[0m
[1;32muart:~$ [m[8D[J[1;32muart:~$ [m[8D[J[00:11:51.817,000] [0m<inf> imu: LSM6DS3TR-C  a   0.248  -6.234   7.939  g   0.025  -0.063   0.012[0m
[1;32muart:~$ [m[8D[J[00:11:51.818,000] [0m<inf> imu: LSM6DSV16X   a   0.526  -6.080   8.297  g  -0.012   0.002  -0.003[0m
[1;32muart:~$ [m[8D[J[1;32muart:~$ [m[8D[J[00:11:51.819,000] [0m<inf> imu: ICM-42688-P  a   0.504  -6.284   7.687  g   0.001  -0.005  -0.000[0m
[1;32muart:~$ [m[8D[J[00:11:51.920,000] [0m<inf> imu: LSM6DS3TR-C  a   0.216  -6.252   7.959  g   0.024  -0.063   0.013[0m
[1;32muart:~$ [m[8D[J[1;32muart:~$ [m[8D[J[00:11:51.921,000] [0m<inf> imu: LSM6DSV16X   a   0.529  -6.089   8.303  g  -0.012   0.002  -0.002[0m
[1;32muart:~$ [m[8D[J[00:11:51.922,000] [0m<inf> imu: ICM-42688-P  a   0.527  -6.288   7.672  g   0.001  -0.005   0.000[0m
[1;32muart:~$ [m[8D[J[1;32muart:~$ [m[8D[J[00:11:52.023,000] [0m<inf> imu: LSM6DS3TR-C  a   0.249  -6.225   7.959  g   0.024  -0.063   0.012[0m
[1;32muart:~$ [m[8D[J[00:11:52.023,000] [0m<inf> imu: LSM6DSV16X   a   0.524  -6.078   8.291  g  -0.011   0.002  -0.002[0m
[1;32muart:~$ [m[8D[J[1;32muart:~$ [m[8D[J[00:11:52.024,000] [0m<inf> imu: ICM-42688-P  a   0.514  -6.284   7.682  g   0.001  -0.006  -0.001[0m
[1;32muart:~$ [m[8D[J[00:11:52.125,000] [0m<inf> imu: LSM6DS3TR-C  a   0.221  -6.216   7.946  g   0.024  -0.062   0.011[0m
[1;32muart:~$ [m[8D[J[00:11:52.126,000] [0m<inf> imu: LSM6DSV16X   a   0.537  -6.084   8.301  g  -0.011   0.002  -0.003[0m
[1;32muart:~$ [m[8D[J[1;32muart:~$ [m[8D[J[00:11:52.126,000] [0m<inf> imu: ICM-42688-P  a   0.517  -6.281   7.682  g   0.000  -0.006  -0.001[0m
[1;32muart:~$ [m[8D[J[00:11:52.228,000] [0m<inf> imu: LSM6DS3TR-C  a   0.214  -6.248   7.955  g   0.025  -0.063   0.013[0m
[1;32muart:~$ [m[8D[J[00:11:52.229,000] [0m<inf> imu: LSM6DSV16X   a   0.524  -6.096   8.299  g  -0.011   0.002  -0.002[0m
[1;32muart:~$ [m[8D[J[1;32muart:~$ [m[8D[J[00:11:52.230,000] [0m<inf> imu: ICM-42688-P  a   0.512  -6.281   7.701  g  -0.001  -0.006  -0.001[0m
[1;32muart:~$ [m[8D[J[00:11:52.331,000] [0m<inf> imu: LSM6DS3TR-C  a   0.229  -6.234   7.963  g   0.025  -0.062   0.013[0m
[1;32muart:~$ [m[8D[J[1;32muart:~$ [m[8D[J[00:11:52.332,000] [0m<inf> imu: LSM6DSV16X   a   0.533  -6.094   8.297  g  -0.012   0.002  -0.003[0m
[1;32muart:~$ [m[8D[J[00:11:52.333,000] [0m<inf> imu: ICM-42688-P  a   0.517  -6.303   7.682  g   0.000  -0.005  -0.001[0m
[1;32muart:~$ [m[8D[J[1;32muart:~$ [m[8D[J[00:11:52.435,000] [0m<inf> imu: LSM6DS3TR-C  a   0.217  -6.225   7.953  g   0.023  -0.060   0.010[0m
[1;32muart:~$ [m[8D[J[00:11:52.435,000] [0m<inf> imu: LSM6DSV16X   a   0.507  -6.087   8.279  g  -0.011   0.003  -0.003[0m
[1;32muart:~$ [m[8D[J[1;32muart:~$ [m[8D[J[00:11:52.436,000] [0m<inf> imu: ICM-42688-P  a   0.488  -6.309   7.678  g   0.002  -0.006   0.000[0m
[1;32muart:~$ [m[8D[J[00:11:52.537,000] [0m<inf> imu: LSM6DS3TR-C  a   0.223  -6.224   7.951  g   0.025  -0.065   0.011[0m
[1;32muart:~$ [m[8D[J[1;32muart:~$ [m[8D[J[00:11:52.538,000] [0m<inf> imu: LSM6DSV16X   a   0.519  -6.078   8.295  g  -0.012   0.001  -0.002[0m
[1;32muart:~$ [m[8D[J[00:11:52.539,000] [0m<inf> imu: ICM-42688-P  a   0.508  -6.285   7.676  g   0.000  -0.005  -0.000[0m
[1;32muart:~$ [m[8D[J[1;32muart:~$ [m[8D[J[00:11:52.640,000] [0m<inf> imu: LSM6DS3TR-C  a   0.229  -6.246   7.948  g   0.023  -0.062   0.011[0m
[1;32muart:~$ [m[8D[J[00:11:52.640,000] [0m<inf> imu: LSM6DSV16X   a   0.517  -6.085   8.270  g  -0.011   0.002  -0.004[0m
[1;32muart:~$ [m[8D[J[1;32muart:~$ [m[8D[J[00:11:52.641,000] [0m<inf> imu: ICM-42688-P  a   0.512  -6.297   7.660  g   0.001  -0.005  -0.001[0m
[1;32muart:~$ [m[8D[J[00:11:52.742,000] [0m<inf> imu: LSM6DS3TR-C  a   0.253  -6.248   7.973  g   0.024  -0.061   0.013[0m
[1;32muart:~$ [m[8D[J[00:11:52.743,000] [0m<inf> imu: LSM6DSV16X   a   0.531  -6.092   8.310  g  -0.012   0.002  -0.002[0m
[1;32muart:~$ [m[8D[J[1;32muart:~$ [m[8D[J[00:11:52.743,000] [0m<inf> imu: ICM-42688-P  a   0.523  -6.297   7.688  g   0.000  -0.005   0.000[0m
[1;32muart:~$ [m[8D[J[00:11:52.844,000] [0m<inf> imu: LSM6DS3TR-C  a   0.278  -6.251   7.943  g   0.025  -0.062   0.010[0m
[1;32muart:~$ [m[8D[J[1;32muart:~$ [m[8D[J[00:11:52.846,000] [0m<inf> imu: LSM6DSV16X   a   0.537  -6.081   8.283  g  -0.011   0.002  -0.003[0m
[1;32muart:~$ [m[8D[J[00:11:52.846,000] [0m<inf> imu: ICM-42688-P  a   0.526  -6.291   7.654  g   0.001  -0.005  -0.002[0m
[1;32muart:~$ [m[8D[J[00:11:52.948,000] [0m<inf> imu: LSM6DS3TR-C  a   0.193  -6.264   7.966  g   0.024  -0.062   0.013[0m
[1;32muart:~$ [m[8D[J[1;32muart:~$ [m[8D[J[00:11:52.948,000] [0m<inf> imu: LSM6DSV16X   a   0.486  -6.077   8.294  g  -0.012   0.002  -0.003[0m
[1;32muart:~$ [m[8D[J[00:11:52.949,000] [0m<inf> imu: ICM-42688-P  a   0.482  -6.333   7.683  g   0.002  -0.006  -0.001[0m
[1;32muart:~$ [m[8D[J[00:11:53.050,000] [0m<inf> imu: LSM6DS3TR-C  a   0.205  -6.187   7.970  g   0.026  -0.062   0.016[0m
[1;32muart:~$ [m[8D[J[00:11:53.051,000] [0m<inf> imu: LSM6DSV16X   a   0.541  -6.059   8.298  g  -0.011   0.003  -0.001[0m
[1;32muart:~$ [m[8D[J[1;32muart:~$ [m[8D[J[00:11:53.051,000] [0m<inf> imu: ICM-42688-P  a   0.536  -6.264   7.670  g  -0.001  -0.004   0.001[0m
[1;32muart:~$ [m[8D[J[1;32muart:~$ [m[8D[J[00:11:53.152,000] [0m<inf> imu: LSM6DS3TR-C  a   0.273  -6.202   7.999  g   0.027  -0.062   0.009[0m
[1;32muart:~$ [m[8D[J[00:11:53.153,000] [0m<inf> imu: LSM6DSV16X   a   0.582  -6.066   8.341  g  -0.011   0.002  -0.005[0m
[1;32muart:~$ [m[8D[J[1;32muart:~$ [m[8D[J[00:11:53.154,000] [0m<inf> imu: ICM-42688-P  a   0.547  -6.341   7.730  g   0.001  -0.00