=~=~=~=~=~=~=~=~=~=~=~= PuTTY log 2026.09.30 17:37:02 =~=~=~=~=~=~=~=~=~=~=~=
[m
[1;32muart:~$ [m[8D[J*** Booting Zephyr OS build v4.4.0-2160-gf39ad09bd21c ***
[1;32muart:~$ [m[8D[J[00:00:00.157,000] [0m<inf> sharc: micromouse starting[0m
[1;32muart:~$ [m[8D[J[00:00:00.157,000] [0m<inf> power: power board link up on USART3, bridge off[0m
[1;32muart:~$ [m[8D[J[1;32muart:~$ [m[8D[J[00:00:00.157,000] [0m<inf> gps: GPS ready on UART4, powered off[0m
[1;32muart:~$ [m[8D[J[00:00:00.157,000] [0m<inf> iridium: Iridium ready on USART2, powered off[0m
[1;32muart:~$ [m[8D[J[00:00:00.157,000] [0m<inf> lora: SX1278 found, RegVersion 0x12[0m
[1;32muart:~$ [m[8D[J[1;32muart:~$ [m[8D[J[00:00:00.159,000] [0m<inf> lora: LoRa ready: 433000000 Hz SF9 BW125 CR4/5 17 dBm[0m
[1;32muart:~$ [m[8D[J[00:00:00.166,000] [0m<inf> imu: 3 of 3 IMUs present, all at +/-2 g and +/-500 dps[0m
[1;32muart:~$ [m[8D[J[00:00:00.167,000] [1;33m<wrn> imu: LSM6DSV16X reads all zero, so it is powered down rather than sampling[0m
[1;32muart:~$ [m[8D[J[00:00:00.167,000] [0m<inf> sd: SD disk "SD", mount point /SD:[0m
[1;32muart:~$ [m[8D[J[1;31m[1;31m--- 7 messages dropped ---
[0m[m[00:00:00.222,000] [1;31m<err> stm32_sdmmc: failed to init stm32_sdmmc (ErrorCode 0x4)[0m
[1;32muart:~$ [m[8D[J[00:00:00.222,000] [1;33m<wrn> stm32_sdmmc: Failed to configure pins for sleep (-2)[0m
[1;32muart:~$ [m[8D[J[00:00:00.223,000] [1;31m<err> sd: disk init failed (-5). Card not inserted, or the SDMMC1 lines are not wired.[0m
[1;32muart:~$ [m[8D[J[00:00:00.223,000] [1;33m<wrn> sd: not mounted at boot, use 'sd mount' once a card is in[0m
[1;32muart:~$ [m[8D[J[00:00:00.223,000] [0m<inf> heartbeat: heartbeat on gpio@48000800 pin 13, active high[0m
[1;32muart:~$ [m[8D[J[00:00:00.223,000] [0m<inf> heartbeat: power management enabled[0m
[1;32muart:~$ [m[8D[J[00:00:00.223,000] [0m<inf> app_mode: boot: VBUS present, starting in debug mode[0m
[1;32muart:~$ [m[8D[J[00:00:00.223,000] [0m<inf> heartbeat: PM suspend-to-idle lock taken (still active: yes)[0m
[1;32muart:~$ [m[8D[J[00:00:00.233,000] [0m<inf> app_usb: USB up: port 0 = shell, port 1 = power board bridge[0m
[1;32muart:~$ [m[8D[J[00:00:00.239,000] [0m<inf> app_usb: USBD: Device suspended[0m
[1;32muart:~$ [m[8D[J[00:00:00.384,000] [0m<inf> app_usb: USBD: Bus reset[0m
[1;32muart:~$ [m[8D[J[00:00:00.470,000] [0m<inf> app_usb: USBD: Bus reset[0m
[1;32muart:~$ [m[8D[J[00:00:00.627,000] [0m<inf> app_usb: USBD: New device configuration[0m
[1;32muart:~$ [m[8D[J[00:00:00.662,000] [0m<inf> app_usb: USBD: CDC ACM control line state[0m
[1;32muart:~$ [m[8D[J[1;32muart:~$ [m[8D[J[1;32muart:~$ [m[8D[J[00:00:48.079,000] [1;31m<err> udc_stm32: ep 0x00 queue is empty[0m
[1;32muart:~$ [m[8D[J[00:00:48.079,000] [0m<inf> app_usb: USBD: CDC ACM line coding[0m
[1;32muart:~$ [m[8D[J[00:00:48.083,000] [0m<inf> app_usb: USBD: CDC ACM control line state[0m
[1;32muart:~$ [m[8D[J[1;32muart:~$ [m[8D[J[00:00:48.083,000] [0m<inf> app_usb: Host terminal opened[0m
[1;32muart:~$ [m[8D[J[00:00:48.085,000] [1;31m<err> udc_stm32: ep 0x00 queue is empty[0m
[1;32muart:~$ [m[8D[J[00:00:48.085,000] [0m<inf> app_usb: USBD: CDC ACM line coding[0m
[1;32muart:~$ [m[8D[J[1;32muart:~$ [mimu stream on 10
streaming. Three lines per tick, so keep the rate low or the shell cannot keep up.
[1;32muart:~$ [m[8D[J[00:00:53.921,000] [0m<inf> imu: LSM6DS3TR-C  a  -0.369   9.806   0.569  g   0.023  -0.060   0.014[0m
[1;32muart:~$ [m[8D[J[00:00:53.923,000] [0m<inf> imu: LSM6DSV16X   a  -0.144   9.854   0.921  g  -0.011   0.002  -0.003[0m
[1;32muart:~$ [m[8D[J[00:00:53.923,000] [0m<inf> imu: ICM-42688-P  a  -0.157   9.738   0.312  g   0.000  -0.005   0.000[0m
[1;32muart:~$ [m[8D[J[00:00:54.024,000] [0m<inf> imu: LSM6DS3TR-C  a  -0.358   9.860   0.540  g   0.022  -0.062   0.016[0m
[1;32muart:~$ [m[8D[J[1;32muart:~$ [m[8D[J[00:00:54.025,000] [0m<inf> imu: LSM6DSV16X   a  -0.124   9.839   0.912  g  -0.012   0.002  -0.003[0m
[1;32muart:~$ [m[8D[J[00:00:54.026,000] [0m<inf> imu: ICM-42688-P  a  -0.162   9.766   0.332  g  -0.000  -0.005   0.000[0m
[1;32muart:~$ [m[8D[J[1;32muart:~$ [m[8D[J[00:00:54.127,000] [0m<inf> imu: LSM6DS3TR-C  a  -0.328   9.837   0.516  g   0.023  -0.061   0.016[0m
[1;32muart:~$ [m[8D[J[00:00:54.127,000] [0m<inf> imu: LSM6DSV16X   a  -0.122   9.849   0.929  g  -0.011   0.003  -0.003[0m
[1;32muart:~$ [m[8D[J[1;32muart:~$ [m[8D[J[00:00:54.128,000] [0m<inf> imu: ICM-42688-P  a  -0.157   9.738   0.303  g   0.000  -0.006   0.001[0m
[1;32muart:~$ [m[8D[J[00:00:54.229,000] [0m<inf> imu: LSM6DS3TR-C  a  -0.341   9.846   0.564  g   0.021  -0.062   0.016[0m
[1;32muart:~$ [m[8D[J[1;32muart:~$ [m[8D[J[00:00:54.229,000] [0m<inf> imu: LSM6DSV16X   a  -0.127   9.835   0.915  g  -0.012   0.002  -0.003[0m
[1;32muart:~$ [m[8D[J[00:00:54.230,000] [0m<inf> imu: ICM-42688-P  a  -0.162   9.747   0.310  g  -0.000  -0.005   0.000[0m
[1;32muart:~$ [m[8D[J[00:00:54.332,000] [0m<inf> imu: LSM6DS3TR-C  a  -0.343   9.858   0.542  g   0.022  -0.060   0.016[0m
[1;32muart:~$ [m[8D[J[00:00:54.333,000] [0m<inf> imu: LSM6DSV16X   a  -0.119   9.834   0.921  g  -0.011   0.001  -0.003[0m
[1;32muart:~$ [m[8D[J[00:00:54.333,000] [0m<inf> imu: ICM-42688-P  a  -0.145   9.754   0.311  g   0.001  -0.005   0.001[0m
[1;32muart:~$ [m[8D[J[1;32muart:~$ [m[8D[J[00:00:54.435,000] [0m<inf> imu: LSM6DS3TR-C  a  -0.374   9.863   0.522  g   0.024  -0.058   0.014[0m
[1;32muart:~$ [m[8D[J[00:00:54.436,000] [0m<inf> imu: LSM6DSV16X   a  -0.141   9.834   0.919  g  -0.012   0.002  -0.003[0m
[1;32muart:~$ [m[8D[J[1;32muart:~$ [m[8D[J[00:00:54.436,000] [0m<inf> imu: ICM-42688-P  a  -0.163   9.753   0.317  g   0.000  -0.005   0.000[0m
[1;32muart:~$ [m[8D[J[00:00:54.537,000] [0m<inf> imu: LSM6DS3TR-C  a  -0.336   9.863   0.605  g   0.023  -0.061   0.014[0m
[1;32muart:~$ [m[8D[J[1;32muart:~$ [m[8D[J[00:00:54.538,000] [0m<inf> imu: LSM6DSV16X   a  -0.122   9.839   0.931  g  -0.010   0.002  -0.003[0m
[1;32muart:~$ [m[8D[J[00:00:54.538,000] [0m<inf> imu: ICM-42688-P  a  -0.159   9.759   0.316  g   0.000  -0.005   0.000[0m
[1;32muart:~$ [m[8D[J[1;32muart:~$ [m[8D[J[00:00:54.640,000] [0m<inf> imu: LSM6DS3TR-C  a  -0.365   9.851   0.550  g   0.022  -0.061   0.015[0m
[1;32muart:~$ [m[8D[J[00:00:54.640,000] [0m<inf> imu: LSM6DSV16X   a  -0.129   9.848   0.924  g  -0.011   0.002  -0.003[0m
[1;32muart:~$ [m[8D[J[1;32muart:~$ [m[8D[J[00:00:54.641,000] [0m<inf> imu: ICM-42688-P  a  -0.164   9.771   0.311  g  -0.000  -0.006   0.001[0m
[1;32muart:~$ [m[8D[J[00:00:54.742,000] [0m<inf> imu: LSM6DS3TR-C  a  -0.365   9.857   0.539  g   0.023  -0.061   0.013[0m
[1;32muart:~$ [m[8D[J[1;32muart:~$ [m[8D[J[00:00:54.743,000] [0m<inf> imu: LSM6DSV16X   a  -0.127   9.835   0.921  g  -0.012   0.002  -0.003[0m
[1;32muart:~$ [m[8D[J[00:00:54.743,000] [0m<inf> imu: ICM-42688-P  a  -0.159   9.765   0.308  g   0.001  -0.005   0.001[0m
[1;32muart:~$ [m[8D[J[1;32muart:~$ [m[8D[J[00:00:54.844,000] [0m<inf> imu: LSM6DS3TR-C  a  -0.323   9.857   0.573  g   0.022  -0.060   0.016[0m
[1;32muart:~$ [m[8D[J[00:00:54.845,000] [0m<inf> imu: LSM6DSV16X   a  -0.127   9.836   0.926  g  -0.011   0.002  -0.003[0m
[1;32muart:~$ [m[8D[J[1;32muart:~$ [m[8D[J[00:00:54.845,000] [0m<inf> imu: ICM-42688-P  a  -0.165   9.760   0.323  g  -0.000  -0.005  -0.000[0m
[1;32muart:~$ [m[8D[J[00:00:54.947,000] [0m<inf> imu: LSM6DS3TR-C  a  -0.368   9.879   0.580  g   0.023  -0.060   0.015[0m
[1;32muart:~$ [m[8D[J[00:00:54.947,000] [0m<inf> imu: LSM6DSV16X   a  -0.132   9.832   0.924  g  -0.012   0.002  -0.003[0m
[1;32muart:~$ [m[8D[J[1;32muart:~$ [m[8D[J[00:00:54.948,000] [0m<inf> imu: ICM-42688-P  a  -0.144   9.753   0.312  g   0.000  -0.005   0.000[0m
[1;32muart:~$ [m[8D[J[00:00:55.049,000] [0m<inf> imu: LSM6DS3TR-C  a  -0.349   9.858   0.561  g   0.023  -0.060   0.015[0m
[1;32muart:~$ [m[8D[J[00:00:55.050,000] [0m<inf> imu: LSM6DSV16X   a  -0.125   9.837   0.924  g  -0.011   0.002  -0.003[0m
[1;32muart:~$ [m[8D[J[1;32muart:~$ [m[8D[J[00:00:55.051,000] [0m<inf> imu: ICM-42688-P  a  -0.163   9.756   0.312  g  -0.001  -0.005   0.000[0m
[1;32muart:~$ [m[8D[J[00:00:55.152,000] [0m<inf> imu: LSM6DS3TR-C  a  -0.375   9.835   0.556  g   0.023  -0.058   0.015[0m
[1;32muart:~$ [m[8D[J[1;32muart:~$ [m[8D[J[00:00:55.153,000] [0m<inf> imu: LSM6DSV16X   a  -0.130   9.837   0.933  g  -0.012   0.002  -0.002[0m
[1;32muart:~$ [m[8D[J[00:00:55.153,000] [0m<inf> imu: ICM-42688-P  a  -0.150   9.760   0.333  g   0.001  -0.005   0.000[0m
[1;32muart:~$ [m[8D[J[1;32muart:~$ [m[8D[J[00:00:55.255,000] [0m<inf> imu: LSM6DS3TR-C  a  -0.379   9.829   0.589  g   0.024  -0.061   0.016[0m
[1;32muart:~$ [m[8D[J[00:00:55.256,000] [0m<inf> imu: LSM6DSV16X   a  -0.121   9.835   0.924  g  -0.011   0.002  -0.003[0m
[1;32muart:~$ [m[8D[J[1;32muart:~$ [m[8D[J[00:00:55.257,000] [0m<inf> imu: ICM-42688-P  a  -0.157   9.765   0.315  g  -0.001  -0.005  -0.000[0m
[1;32muart:~$ [m[8D[J[00:00:55.358,000] [0m<inf> imu: LSM6DS3TR-C  a  -0.356   9.813   0.574  g   0.022  -0.060   0.015[0m
[1;32muart:~$ [m[8D[J[1;32muart:~$ [m[8D[J[00:00:55.358,000] [0m<inf> imu: LSM6DSV16X   a  -0.132   9.839   0.936  g  -0.011   0.002  -0.002[0m
[1;32muart:~$ [m[8D[J[00:00:55.359,000] [0m<inf> imu: ICM-42688-P  a  -0.159   9.770   0.312  g   0.001  -0.005   0.001[0m
[1;32muart:~$ [m[8D[J[1;32muart:~$ [m[8D[J[00:00:55.460,000] [0m<inf> imu: LSM6DS3TR-C  a  -0.325   9.816   0.519  g   0.022  -0.060   0.015[0m
[1;32muart:~$ [m[8D[J[00:00:55.461,000] [0m<inf> imu: LSM6DSV16X   a  -0.115   9.832   0.921  g  -0.012   0.002  -0.002[0m
[1;32muart:~$ [m[8D[J[1;32muart:~$ [m[8D[J[00:00:55.461,000] [0m<inf> imu: ICM-42688-P  a  -0.151   9.762   0.326  g   0.001  -0.005   0.001[0m
[1;32muart:~$ [m[8D[J[00:00:55.562,000] [0m<inf> imu: LSM6DS3TR-C  a  -0.368   9.864   0.539  g   0.021  -0.061   0.012[0m
[1;32muart:~$ [m[8D[J[00:00:55.563,000] [0m<inf> imu: LSM6DSV16X   a  -0.117   9.842   0.928  g  -0.012   0.002  -0.003[0m
[1;32muart:~$ [m[8D[J[1;32muart:~$ [m[8D[J[00:00:55.563,000] [0m<inf> imu: ICM-42688-P  a  -0.156   9.752   0.321  g  -0.001  -0.005   0.001[0m
[1;32muart:~$ [m[8D[J[00:00:55.665,000] [0m<inf> imu: LSM6DS3TR-C  a  -0.362   9.816   0.535  g   0.023  -0.062   0.015[0m
[1;32muart:~$ [m[8D[J[00:00:55.666,000] [0m<inf> imu: LSM6DSV16X   a  -0.127   9.835   0.912  g  -0.011   0.002  -0.002[0m
[1;32muart:~$ [m[8D[J[1;32muart:~$ [m[8D[J[00:00:55.667,000] [0m<inf> imu: ICM-42688-P  a  -0.158   9.761   0.303  g   0.000  -0.005  -0.000[0m
[1;32muart:~$ [m[8D[J[00:00:55.768,000] [0m<inf> imu: LSM6DS3TR-C  a  -0.366   9.884   0.555  g   0.022  -0.061   0.015[0m
[1;32muart:~$ [m[8D[J[1;32muart:~$ [m[8D[J[00:00:55.769,000] [0m<inf> imu: LSM6DSV16X   a  -0.127   9.835   0.929  g  -0.011   0.001  -0.003[0m
[1;32muart:~$ [m[8D[J[00:00:55.769,000] [0m<inf> imu: ICM-42688-P  a  -0.159   9.743   0.303  g   0.000  -0.005  -0.001[0m
[1;32muart:~$ [m[8D[J[00:00:55.870,000] [0m<inf> imu: LSM6DS3TR-C  a  -0.375   9.855   0.557  g   0.023  -0.060   0.018[0m
[1;32muart:~$ [m[8D[J[00:00:55.871,000] [0m<inf> imu: LSM6DSV16X   a  -0.120   9.842   0.926  g  -0.011   0.002  -0.003[0m
[1;32muart:~$ [m[8D[J[1;32muart:~$ [m[8D[J[00:00:55.872,000] [0m<inf> imu: ICM-42688-P  a  -0.146   9.762   0.309  g   0.001  -0.005   0.001[0m
[1;32muart:~$ [m[8D[J[1;32muart:~$ [m[8D[J[00:00:55.973,000] [0m<inf> imu: LSM6DS3TR-C  a  -0.371   9.863   0.538  g   0.024  -0.059   0.014[0m
[1;32muart:~$ [m[8D[J[00:00:55.973,000] [0m<inf> imu: LSM6DSV16X   a  -0.127   9.843   0.930  g  -0.012   0.001  -0.003[0m
[1;32muart:~$ [m[8D[J[1;32muart:~$ [m[8D[J[00:00:55.974,000] [0m<inf> imu: ICM-42688-P  a  -0.152   9.758   0.324  g  -0.000  -0.005   0.001[0m
[1;32muart:~$ [m[8D[J[00:00:56.075,000] [0m<inf> imu: LSM6DS3TR-C  a  -0.336   9.839   0.518  g   0.023  -0.059   0.015[0m
[1;32muart:~$ [m[8D[J[1;32muart:~$ [m[8D[J[00:00:56.076,000] [0m<inf> imu: LSM6DSV16X   a  -0.120   9.828   0.921  g  -0.011   0.002  -0.003[0m
[1;32muart:~$ [m[8D[J[00:00:56.076,000] [0m<inf> imu: ICM-42688-P  a  -0.158   9.768   0.322  g   0.000  -0.005   0.000[0m
[1;32muart:~$ [m[8D[J[1;32muart:~$ [m[8D[J[00:00:56.177,000] [0m<inf> imu: LSM6DS3TR-C  a  -0.327   9.849   0.543  g   0.022  -0.060   0.014[0m
[1;32muart:~$ [m[8D[J[00:00:56.178,000] [0m<inf> imu: LSM6DSV16X   a  -0.123   9.847   0.925  g  -0.012   0.001  -0.003[0m
[1;32muart:~$ [m[8D[J[1;32muart:~$ [m[8D[J[00:00:56.178,000] [0m<inf> imu: ICM-42688-P  a  -0.146   9.772   0.316  g   0.000  -0.005   0.001[0m
[1;32muart:~$ [m[8D[J[00:00:56.280,000] [0m<inf> imu: LSM6DS3TR-C  a  -0.343   9.838   0.559  g   0.023  -0.060   0.015[0m
[1;32muart:~$ [m[8D[J[00:00:56.280,000] [0m<inf> imu: LSM6DSV16X   a  -0.129   9.835   0.923  g  -0.010   0.002  -0.002[0m
[1;32muart:~$ [m[8D[J[1;32muart:~$ [m[8D[J[00:00:56.281,000] [0m<inf> imu: ICM-42688-P  a  -0.157   9.749   0.317  g   0.001  -0.006   0.000[0m
[1;32muart:~$ [m[8D[J[00:00:56.383,000] [0m<inf> imu: LSM6DS3TR-C  a  -0.377   9.815   0.561  g   0.024  -0.060   0.013[0m
[1;32muart:~$ [m[8D[J[1;32muart:~$ [m[8D[J[00:00:56.383,000] [0m<inf> imu: LSM6DSV16X   a  -0.117   9.830   0.901  g  -0.013   0.002  -0.003[0m
[1;32muart:~$ [m[8D[J[00:00:56.384,000] [0m<inf> imu: ICM-42688-P  a  -0.144   9.754   0.327  g  -0.001  -0.005   0.000[0m
[1;32muart:~$ [m[8D[J[00:00:56.485,000] [0m<inf> imu: LSM6DS3TR-C  a  -0.372   9.868   0.528  g   0.023  -0.060   0.015[0m
[1;32muart:~$ [m[8D[J[1;32muart:~$ [m[8D[J[00:00:56.486,000] [0m<inf> imu: LSM6DSV16X   a  -0.132   9.849   0.916  g  -0.011   0.002  -0.003[0m
[1;32muart:~$ [m[8D[J[00:00:56.486,000] [0m<inf> imu: ICM-42688-P  a  -0.165   9.776   0.316  g  -0.000  -0.006   0.000[0m
[1;32muart:~$ [m[8D[J[00:00:56.587,000] [0m<inf> imu: LSM6DS3TR-C  a  -0.360   9.829   0.560  g   0.024  -0.060   0.016[0m
[1;32muart:~$ [m[8D[J[00:00:56.588,000] [0m<inf> imu: LSM6DSV16X   a  -0.120   9.826   0.924  g  -0.011   0.002  -0.003[0m
[1;32muart:~$ [m[8D[J[1;32muart:~$ [m[8D[J[00:00:56.589,000] [0m<inf> imu: ICM-42688-P  a  -0.163   9.747   0.320  g   0.000  -0.005   0.001[0m
[1;32muart:~$ [m[8D[J[1;32muart:~$ [m[8D[J[00:00:56.690,000] [0m<inf> imu: LSM6DS3TR-C  a  -0.343   9.844   0.540  g   0.021  -0.061   0.014[0m
[1;32muart:~$ [m[8D[J[00:00:56.690,000] [0m<inf> imu: LSM6DSV16X   a  -0.135   9.843   0.933  g  -0.012   0.002  -0.002[0m
[1;32muart:~$ [m[8D[J[1;32muart:~$ [m[8D[J[00:00:56.691,000] [0m<inf> imu: ICM-42688-P  a  -0.163   9.766   0.340  g   0.001  -0.005   0.000[0m
[1;32muart:~$ [m[8D[J[00:00:56.792,000] [0m<inf> imu: LSM6DS3TR-C  a  -0.356   9.835   0.526  g   0.024  -0.061   0.015[0m
[1;32muart:~$ [m[8D[J[1;32muart:~$ [m[8D[J[00:00:56.793,000] [0m<inf> imu: LSM6DSV16X   a  -0.124   9.826   0.921  g  -0.011   0.002  -0.003[0m
[1;32muart:~$ [m[8D[J[00:00:56.793,000] [0m<inf> imu: ICM-42688-P  a  -0.151   9.741   0.311  g   0.001  -0.005   0.001[0m
[1;32muart:~$ [m[8D[J[1;32muart:~$ [m[8D[J[00:00:56.894,000] [0m<inf> imu: LSM6DS3TR-C  a  -0.370   9.866   0.596  g   0.024  -0.059   0.017[0m
[1;32muart:~$ [m[8D[J[00:00:56.895,000] [0m<inf> imu: LSM6DSV16X   a  -0.127   9.843   0.916  g  -0.010   0.003  -0.003[0m
[1;32muart:~$ [m[8D[J[1;32muart:~$ [m[8D[J[00:00:56.895,000] [0m<inf> imu: ICM-42688-P  a  -0.153   9.772   0.320  g  -0.001  -0.005   0.000[0m
[1;32muart:~$ [m[8D[J[00:00:56.997,000] [0m<inf> imu: LSM6DS3TR-C  a  -0.339   9.819   0.565  g   0.024  -0.060   0.015[0m
[1;32muart:~$ [m[8D[J[00:00:56.997,000] [0m<inf> imu: LSM6DSV16X   a  -0.134   9.830   0.919  g  -0.011   0.002  -0.003[0m
[1;32muart:~$ [m[8D[J[1;32muart:~$ [m[8D[J[00:00:56.998,000] [0m<inf> imu: ICM-42688-P  a  -0.147   9.747   0.314  g   0.000  -0.005   0.000[0m
[1;32muart:~$ [m[8D[J[00:00:57.099,000] [0m<inf> imu: LSM6DS3TR-C  a  -0.331   9.842   0.504  g   0.021  -0.060   0.015[0m
[1;32muart:~$ [m[8D[J[1;32muart:~$ [m[8D[J[00:00:57.100,000] [0m<inf> imu: LSM6DSV16X   a  -0.120   9.844   0.924  g  -0.011   0.002  -0.003[0m
[1;32muart:~$ [m[8D[J[00:00:57.101,000] [0m<inf> imu: ICM-42688-P  a  -0.156   9.756   0.315  g   0.000  -0.005   0.000[0m
[1;32muart:~$ [m[8D[J[00:00:57.202,000] [0m<inf> imu: LSM6DS3TR-C  a  -0.368   9.845   0.554  g   0.022  -0.060   0.014[0m
[1;32muart:~$ [m[8D[J[1;32muart:~$ [m[8D[J[00:00:57.203,000] [0m<inf> imu: LSM6DSV16X   a  -0.131   9.835   0.914  g  -0.011   0.001  -0.003[0m
[1;32muart:~$ [m[8D[J[00:00:57.203,000] [0m<inf> imu: ICM-42688-P  a  -0.165   9.765   0.317  g  -0.000  -0.005   0.000[0m
[1;32muart:~$ [m[8D[J[1;32muart:~$ [m[8D[J[00:00:57.304,000] [0m<inf> imu: LSM6DS3TR-C  a  -0.357   9.839   0.562  g   0.023  -0.061   0.015[0m
[1;32muart:~$ [m[8D[J[00:00:57.306,000] [0m<inf> imu: LSM6DSV16X   a  -0.117   9.841   0.925  g  -0.011   0.002  -0.002[0m
[1;32muart:~$ [m[8D[J[1;32muart:~$ [m[8D[J[00:00:57.307,000] [0m<inf> imu: ICM-42688-P  a  -0.146   9.756   0.305  g  -0.000  -0.005  -0.000[0m
[1;32muart:~$ [m[8D[J[00:00:57.408,000] [0m<inf> imu: LSM6DS3TR-C  a  -0.383   9.820   0.556  g   0.023  -0.060   0.015[0m
[1;32muart:~$ [m[8D[J[1;32muart:~$ [m[8D[J[00:00:57.408,000] [0m<inf> imu: LSM6DSV16X   a  -0.125   9.836   0.923  g  -0.011   0.002  -0.002[0m
[1;32muart:~$ [m[8D[J[00:00:57.409,000] [0m<inf> imu: ICM-42688-P  a  -0.159   9.746   0.312  g   0.000  -0.005   0.000[0m
[1;32muart:~$ [m[8D[J[1;32muart:~$ [m[8D[J[00:00:57.510,000] [0m<inf> imu: LSM6DS3TR-C  a  -0.348   9.828   0.529  g   0.022  -0.063   0.014[0m
[1;32muart:~$ [m[8D[J[00:00:57.511,000] [0m<inf> imu: LSM6DSV16X   a  -0.131   9.841   0.929  g  -0.012   0.001  -0.003[0m
[1;32muart:~$ [m[8D[J[1;32muart:~$ [m[8D[J[00:00:57.511,000] [0m<inf> imu: ICM-42688-P  a  -0.141   9.747   0.311  g  -0.001  -0.005   0.000[0m
[1;32muart:~$ [m[8D[J[00:00:57.612,000] [0m<inf> imu: LSM6DS3TR-C  a  -0.372   9.851   0.544  g   0.023  -0.060   0.013[0m
[1;32muart:~$ [m[8D[J[00:00:57.613,000] [0m<inf> imu: LSM6DSV16X   a  -0.124   9.832   0.914  g  -0.011   0.002  -0.003[0m
[1;32muart:~$ [m[8D[J[1;32muart:~$ [m[8D[J[00:00:57.614,000] [0m<inf> imu: ICM-42688-P  a  -0.162   9.771   0.329  g  -0.001  -0.006   0.000[0m
[1;32muart:~$ [m[8D[J[00:00:57.715,000] [0m<inf> imu: LSM6DS3TR-C  a  -0.364   9.833   0.550  g   0.024  -0.060   0.014[0m
[1;32muart:~$ [m[8D[J[1;32muart:~$ [m[8D[J[00:00:57.716,000] [0m<inf> imu: LSM6DSV16X   a  -0.127   9.835   0.918  g  -0.011   0.003  -0.003[0m
[1;32muart:~$ [m[8D[J[00:00:57.716,000] [0m<inf> imu: ICM-42688-P  a  -0.158   9.760   0.314  g   0.000  -0.006   0.001[0m
[1;32muart:~$ [m[8D[J[00:00:57.817,000] [0m<inf> imu: LSM6DS3TR-C  a  -0.349   9.821   0.562  g   0.023  -0.060   0.016[0m
[1;32muart:~$ [m[8D[J[1;32muart:~$ [m[8D[J[00:00:57.818,000] [0m<inf> imu: LSM6DSV16X   a  -0.127   9.839   0.926  g  -0.012   0.002  -0.003[0m
[1;32muart:~$ [m[8D[J[00:00:57.819,000] [0m<inf> imu: ICM-42688-P  a  -0.165   9.760   0.315  g  -0.001  -0.006  -0.000[0m
[1;32muart:~$ [m[8D[J[1;32muart:~$ [m[8D[J[00:00:57.920,000] [0m<inf> imu: LSM6DS3TR-C  a  -0.335   9.844   0.569  g   0.024  -0.060   0.014[0m
[1;32muart:~$ [m[8D[J[00:00:57.922,000] [0m<inf> imu: LSM6DSV16X   a  -0.124   9.836   0.921  g  -0.012   0.001  -0.002[0m
[1;32muart:~$ [m[8D[J[00:00:57.922,000] [0m<inf> imu: ICM-42688-P  a  -0.148   9.753   0.316  g   0.000  -0.005   0.001[0m
[1;32muart:~$ [m[8D[J[00:00:58.023,000] [0m<inf> imu: LSM6DS3TR-C  a  -0.398   9.817   0.580  g   0.023  -0.061   0.013[0m
[1;32muart:~$ [m[8D[J[1;32muart:~$ [m[8D[J[00:00:58.024,000] [0m<inf> imu: LSM6DSV16X   a  -0.117   9.837   0.925  g  -0.011   0.002  -0.002[0m
[1;32muart:~$ [m[8D[J[00:00:58.025,000] [0m<inf> imu: ICM-42688-P  a  -0.154   9.760   0.311  g   0.000  -0.005   0.000[0m
[1;32muart:~$ [m[8D[J[1;32muart:~$ [m[8D[J[00:00:58.126,000] [0m<inf> imu: LSM6DS3TR-C  a  -0.369   9.851   0.521  g   0.022  -0.060   0.014[0m
[1;32muart:~$ [m[8D[J[00:00:58.126,000] [0m<inf> imu: LSM6DSV16X   a  -0.134   9.835   0.918  g  -0.011   0.002  -0.003[0m
[1;32muart:~$ [m[8D[J[1;32muart:~$ [m[8D[J[00:00:58.127,000] [0m<inf> imu: ICM-42688-P  a  -0.157   9.740   0.311  g   0.000  -0.005   0.000[0m
[1;32muart:~$ [m[8D[J[00:00:58.228,000] [0m<inf> imu: LSM6DS3TR-C  a  -0.360   9.825   0.546  g   0.022  -0.060   0.016[0m
[1;32muart:~$ [m[8D[J[1;32muart:~$ [m[8D[J[00:00:58.229,000] [0m<inf> imu: LSM6DSV16X   a  -0.120   9.843   0.921  g  -0.011   0.002  -0.002[0m
[1;32muart:~$ [m[8D[J[00:00:58.229,000] [0m<inf> imu: ICM-42688-P  a  -0.162   9.761   0.316  g   0.001  -0.004   0.000[0m
[1;32muart:~$ [m[8D[J[00:00:58.331,000] [0m<inf> imu: LSM6DS3TR-C  a  -0.370   9.852   0.590  g   0.022  -0.061   0.014[0m
[1;32muart:~$ [m[8D[J[00:00:58.332,000] [0m<inf> imu: LSM6DSV16X   a  -0.129   9.834   0.916  g  -0.012   0.002  -0.003[0m
[1;32muart:~$ [m[8D[J[00:00:58.333,000] [0m<inf> imu: ICM-42688-P  a  -0.154   9.746   0.320  g  -0.000  -0.005   0.000[0m
[1;32muart:~$ [m[8D[J[1;32muart:~$ [m[8D[J[00:00:58.434,000] [0m<inf> imu: LSM6DS3TR-C  a  -0.385   9.833   0.524  g   0.022  -0.061   0.015[0m
[1;32muart:~$ [m[8D[J[00:00:58.435,000] [0m<inf> imu: LSM6DSV16X   a  -0.124   9.848   0.926  g  -0.011   0.001  -0.003[0m
[1;32muart:~$ [m[8D[J[1;32muart:~$ [m[8D[J[00:00:58.435,000] [0m<inf> imu: ICM-42688-P  a  -0.157   9.758   0.316  g   0.000  -0.005   0.001[0m
[1;32muart:~$ [m[8D[J[00:00:58.536,000] [0m<inf> imu: LSM6DS3TR-C  a  -0.386   9.835   0.520  g   0.024  -0.059   0.016[0m
[1;32muart:~$ [m[8D[J[1;32muart:~$ [m[8D[J[00:00:58.537,000] [0m<inf> imu: LSM6DSV16X   a  -0.124   9.839   0.923  g  -0.012   0.002  -0.002[0m
[1;32muart:~$ [m[8D[J[00:00:58.537,000] [0m<inf> imu: ICM-42688-P  a  -0.153   9.747   0.309  g   0.000  -0.005   0.000[0m
[1;32muart:~$ [m[8D[J[1;32muart:~$ [m[8D[J[00:00:58.638,000] [0m<inf> imu: LSM6DS3TR-C  a  -0.389   9.860   0.544  g   0.021  -0.060   0.016[0m
[1;32muart:~$ [m[8D[J[00:00:58.639,000] [0m<inf> imu: LSM6DSV16X   a  -0.124   9.839   0.926  g  -0.011   0.003  -0.003[0m
[1;32muart:~$ [m[8D[J[1;32muart:~$ [m[8D[J[00:00:58.640,000] [0m<inf> imu: ICM-42688-P  a  -0.154   9.765   0.303  g   0.000  -0.005   0.001[0m
[1;32muart:~$ [m[8D[J[00:00:58.741,000] [0m<inf> imu: LSM6DS3TR-C  a  -0.374   9.842   0.572  g   0.023  -0.063   0.014[0m
[1;32muart:~$ [m[8D[J[1;32muart:~$ [m[8D[J[00:00:58.741,000] [0m<inf> imu: LSM6DSV16X   a  -0.131   9.833   0.921  g  -0.012   0.002  -0.002[0m
[1;32muart:~$ [m[8D[J[00:00:58.742,000] [0m<inf> imu: ICM-42688-P  a  -0.164   9.746   0.309  g   0.001  -0.005   0.000[0m
[1;32muart:~$ [m[8D[J[1;32muart:~$ [m[8D[J[00:00:58.843,000] [0m<inf> imu: LSM6DS3TR-C  a  -0.360   9.854   0.571  g   0.021  -0.060   0.014[0m
[1;32muart:~$ [m[8D[J[00:00:58.844,000] [0m<inf> imu: LSM6DSV16X   a  -0.132   9.837   0.916  g  -0.012   0.002  -0.003[0m
[1;32muart:~$ [m[8D[J[1;32muart:~$ [m[8D[J[00:00:58.844,000] [0m<inf> imu: ICM-42688-P  a  -0.165   9.756   0.312  g  -0.001  -0.005  -0.001[0m
[1;32muart:~$ [m[8D[J[00:00:58.945,000] [0m<inf> imu: LSM6DS3TR-C  a  -0.366   9.836   0.553  g   0.024  -0.061   0.015[0m
[1;32muart:~$ [m[8D[J[00:00:58.946,000] [0m<inf> imu: LSM6DSV16X   a  -0.125   9.839   0.921  g  -0.011   0.002  -0.003[0m
[1;32muart:~$ [m[8D[J[1;32muart:~$ [m[8D[J[00:00:58.947,000] [0m<inf> imu: ICM-42688-P  a  -0.150   9.756   0.322  g  -0.000  -0.005   0.001[0m
[1;32muart:~$ [m[8D[J[00:00:59.048,000] [0m<inf> imu: LSM6DS3TR-C  a  -0.345   9.881   0.552  g   0.021  -0.060   0.013[0m
[1;32muart:~$ [m[8D[J[1;32muart:~$ [m[8D[J[00:00:59.049,000] [0m<inf> imu: LSM6DSV16X   a  -0.127   9.844   0.925  g  -0.012   0.002  -0.003[0m
[1;32muart:~$ [m[8D[J[00:00:59.050,000] [0m<inf> imu: ICM-42688-P  a  -0.162   9.764   0.312  g  -0.000  -0.005   0.000[0m
[1;32muart:~$ [m[8D[J[00:00:59.151,000] [0m<inf> imu: LSM6DS3TR-C  a  -0.353   9.832   0.541  g   0.023  -0.060   0.015[0m
[1;32muart:~$ [m[8D[J[00:00:59.152,000] [0m<inf> imu: LSM6DSV16X   a  -0.126   9.837   0.924  g  -0.012   0.002  -0.003[0m
[1;32muart:~$ [m[8D[J[1;32muart:~$ [m[8D[J[00:00:59.152,000] [0m<inf> imu: ICM-42688-P  a  -0.157   9.756   0.322  g  -0.000  -0.005   0.000[0m
[1;32muart:~$ [m[8D[J[00:00:59.253,000] [0m<inf> imu: LSM6DS3TR-C  a  -0.360   9.842   0.555  g   0.023  -0.063   0.014[0m
[1;32muart:~$ [m[8D[J[1;32muart:~$ [m[8D[J[00:00:59.254,000] [0m<inf> imu: LSM6DSV16X   a  -0.129   9.842   0.915  g  -0.011   0.002  -0.003[0m
[1;32muart:~$ [m[8D[J[00:00:59.254,000] [0m<inf> imu: ICM-42688-P  a  -0.176   9.773   0.323  g   0.000  -0.005   0.001[0m
[1;32muart:~$ [m[8D[J[1;32muart:~$ [m[8D[J[00:00:59.355,000] [0m<inf> imu: LSM6DS3TR-C  a  -0.358   9.843   0.580  g   0.023  -0.060   0.013[0m
[1;32muart:~$ [m[8D[J[00:00:59.356,000] [0m<inf> imu: LSM6DSV16X   a  -0.123   9.834   0.916  g  -0.011   0.002  -0.003[0m
[1;32muart:~$ [m[8D[J[1;32muart:~$ [m[8D[J[00:00:59.357,000] [0m<inf> imu: ICM-42688-P  a  -0.160   9.750   0.324  g  -0.000  -0.005   0.001[0m
[1;32muart:~$ [m[8D[J[00:00:59.458,000] [0m<inf> imu: LSM6DS3TR-C  a  -0.345   9.866   0.557  g   0.023  -0.059   0.016[0m
[1;32muart:~$ [m[8D[J[1;32muart:~$ [m[8D[J[00:00:59.458,000] [0m<inf> imu: LSM6DSV16X   a  -0.134   9.835   0.938  g  -0.011   0.002  -0.003[0m
[1;32muart:~$ [m[8D[J[00:00:59.459,000] [0m<inf> imu: ICM-42688-P  a  -0.159   9.768   0.320  g   0.000  -0.004   0.000[0m
[1;32muart:~$ [m[8D[J[1;32muart:~$ [m[8D[J[00:00:59.560,000] [0m<inf> imu: LSM6DS3TR-C  a  -0.380   9.829   0.540  g   0.024  -0.062   0.015[0m
[1;32muart:~$ [m[8D[J[00:00:59.561,000] [0m<inf> imu: LSM6DSV16X   a  -0.127   9.835   0.916  g  -0.012   0.002  -0.002[0m
[1;32muart:~$ [m[8D[J[1;32muart:~$ [m[8D[J[00:00:59.561,000] [0m<inf> imu: ICM-42688-P  a  -0.163   9.765   0.322  g  -0.000  -0.006   0.001[0m
[1;32muart:~$ [m[8D[J[00:00:59.662,000] [0m<inf> imu: LSM6DS3TR-C  a  -0.363   9.840   0.541  g   0.022  -0.061   0.014[0m
[1;32muart:~$ [m[8D[J[00:00:59.663,000] [0m<inf> imu: LSM6DSV16X   a  -0.120   9.839   0.922  g  -0.012   0.002  -0.003[0m
[1;32muart:~$ [m[8D[J[1;32muart:~$ [m[8D[J[00:00:59.664,000] [0m<inf> imu: ICM-42688-P  a  -0.154   9.749   0.299  g  -0.000  -0.005   0.001[0m
[1;32muart:~$ [m[8D[J[00:00:59.765,000] [0m<inf> imu: LSM6DS3TR-C  a  -0.371   9.822   0.571  g   0.024  -0.061   0.015[0m
[1;32muart:~$ [m[8D[J[1;32muart:~$ [m[8D[J[00:00:59.766,000] [0m<inf> imu: LSM6DSV16X   a  -0.130   9.839   0.926  g  -0.011   0.002  -0.003[0m
[1;32muart:~$ [m[8D[J[00:00:59.767,000] [0m<inf> imu: ICM-42688-P  a  -0.158   9.777   0.322  g   0.000  -0.005   0.000[0m
[1;32muart:~$ [m[8D[J[00:00:59.868,000] [0m<inf> imu: LSM6DS3TR-C  a  -0.348   9.824   0.570  g   0.022  -0.062   0.016[0m
[1;32muart:~$ [m[8D[J[1;32muart:~$ [m[8D[J[00:00:59.868,000] [0m<inf> imu: LSM6DSV16X   a  -0.120   9.836   0.923  g  -0.011   0.002  -0.003[0m
[1;32muart:~$ [m[8D[J[00:00:59.869,000] [0m<inf> imu: ICM-42688-P  a  -0.150   9.761   0.336  g  -0.001  -0.005   0.001[0m
[1;32muart:~$ [m[8D[J[00:00:59.970,000] [0m<inf> imu: LSM6DS3TR-C  a  -0.342   9.833   0.551  g   0.023  -0.060   0.014[0m
[1;32muart:~$ [m[8D[J[00:00:59.971,000] [0m<inf> imu: LSM6DSV16X   a  -0.129   9.842   0.926  g  -0.012   0.001  -0.003[0m
[1;32muart:~$ [m[8D[J[1;32muart:~$ [m[8D[J[00:00:59.971,000] [0m<inf> imu: ICM-42688-P  a  -0.154   9.752   0.311  g   0.001  -0.005   0.000[0m
[1;32muart:~$ [m[8D[J[1;32muart:~$ [m[8D[J[00:01:00.072,000] [0m<inf> imu: LSM6DS3TR-C  a  -0.368   9.835   0.547  g   0.023  -0.061   0.014[0m
[1;32muart:~$ [m[8D[J[00:01:00.073,000] [0m<inf> imu: LSM6DSV16X   a  -0.132   9.837   0.918  g  -0.011   0.002  -0.003[0m
[1;32muart:~$ [m[8D[J[1;32muart:~$ [m[8D[J[00:01:00.073,000] [0m<inf> imu: ICM-42688-P  a  -0.159   9.752   0.324  g  -0.001  -0.006   0.000[0m
[1;32muart:~$ [m[8D[J[00:01:00.175,000] [0m<inf> imu: LSM6DS3TR-C  a  -0.351   9.820   0.571  g   0.023  -0.060   0.013[0m
[1;32muart:~$ [m[8D[J[1;32muart:~$ [m[8D[J[00:01:00.175,000] [0m<inf> imu: LSM6DSV16X   a  -0.127   9.830   0.912  g  -0.012   0.002  -0.003[0m
[1;32muart:~$ [m[8D[J[00:01:00.176,000] [0m<inf> imu: ICM-42688-P  a  -0.158   9.752   0.316  g  -0.000  -0.006   0.000[0m
[1;32muart:~$ [m[8D[J[1;32muart:~$ [m[8D[J[00:01:00.277,000] [0m<inf> imu: LSM6DS3TR-C  a  -0.376   9.821   0.552  g   0.022  -0.059   0.015[0m
[1;32muart:~$ [m[8D[J[00:01:00.278,000] [0m<inf> imu: LSM6DSV16X   a  -0.127   9.840   0.922  g  -0.012   0.002  -0.003[0m
[1;32muart:~$ [m[8D[J[1;32muart:~$ [m[8D[J[00:01:00.278,000] [0m<inf> imu: ICM-42688-P  a  -0.168   9.758   0.324  g  -0.000  -0.005   0.000[0m
[1;32muart:~$ [m[8D[J[00:01:00.379,000] [0m<inf> imu: LSM6DS3TR-C  a  -0.348   9.846   0.585  g   0.023  -0.062   0.015[0m
[1;32muart:~$ [m[8D[J[00:01:00.380,000] [0m<inf> imu: LSM6DSV16X   a  -0.130   9.839   0.928  g  -0.011   0.002  -0.003[0m
[1;32muart:~$ [m[8D[J[1;32muart:~$ [m[8D[J[00:01:00.380,000] [0m<inf> imu: ICM-42688-P  a  -0.156   9.762   0.321  g   0.000  -0.006   0.001[0m
[1;32muart:~$ [m[8D[J[00:01:00.482,000] [0m<inf> imu: LSM6DS3TR-C  a  -0.351   9.852   0.553  g   0.023  -0.060   0.014[0m
[1;32muart:~$ [m[8D[J[1;32muart:~$ [m[8D[J[00:01:00.483,000] [0m<inf> imu: LSM6DSV16X   a  -0.124   9.833   0.925  g  -0.012   0.002  -0.002[0m
[1;32muart:~$ [m[8D[J[00:01:00.484,000] [0m<inf> imu: ICM-42688-P  a  -0.146   9.772   0.303  g  -0.000  -0.005   0.000[0m
[1;32muart:~$ [m[8D[J[00:01:00.585,000] [0m<inf> imu: LSM6DS3TR-C  a  -0.357   9.821   0.575  g   0.023  -0.061   0.015[0m
[1;32muart:~$ [m[8D[J[1;32muart:~$ [m[8D[J[00:01:00.586,000] [0m<inf> imu: LSM6DSV16X   a  -0.127   9.836   0.919  g  -0.011   0.002  -0.003[0m
[1;32muart:~$ [m[8D[J[00:01:00.586,000] [0m<inf> imu: ICM-42688-P  a  -0.162   9.761   0.321  g   0.000  -0.005   0.000[0m
[1;32muart:~$ [m[8D[J[1;32muart:~$ [m[8D[J[00:01:00.687,000] [0m<inf> imu: LSM6DS3TR-C  a  -0.357   9.844   0.527  g   0.025  -0.060   0.016[0m
[1;32muart:~$ [m[8D[J[00:01:00.688,000] [0m<inf> imu: LSM6DSV16X   a  -0.129   9.841   0.921  g  -0.012   0.002  -0.003[0m
[1;32muart:~$ [m[8D[J[1;32muart:~$ [m[8D[J[00:01:00.689,000] [0m<inf> imu: ICM-42688-P  a  -0.160   9.762   0.320  g  -0.000  -0.005   0.001[0m
[1;32muart:~$ [m[8D[J[00:01:00.790,000] [0m<inf> imu: LSM6DS3TR-C  a  -0.339   9.838   0.534  g   0.022  -0.061   0.016[0m
[1;32muart:~$ [m[8D[J[1;32muart:~$ [m[8D[J[00:01:00.791,000] [0m<inf> imu: LSM6DSV16X   a  -0.124   9.830   0.927  g  -0.013   0.003  -0.003[0m
[1;32muart:~$ [m[8D[J[00:01:00.791,000] [0m<inf> imu: ICM-42688-P  a  -0.146   9.756   0.311  g   0.001  -0.005   0.000[0m
[1;32muart:~$ [m[8D[J[1;32muart:~$ [m[8D[J[00:01:00.893,000] [0m<inf> imu: LSM6DS3TR-C  a  -0.373   9.823   0.578  g   0.022  -0.061   0.016[0m
[1;32muart:~$ [m[8D[J[00:01:00.893,000] [0m<inf> imu: LSM6DSV16X   a  -0.124   9.841   0.924  g  -0.012   0.002  -0.003[0m
[1;32muart:~$ [m[8D[J[1;32muart:~$ [m[8D[J[00:01:00.894,000] [0m<inf> imu: ICM-42688-P  a  -0.157   9.746   0.309  g   0.001  -0.005   0.001[0m
[1;32muart:~$ [m[8D[J[00:01:00.995,000] [0m<inf> imu: LSM6DS3TR-C  a  -0.349   9.840   0.549  g   0.021  -0.059   0.014[0m
[1;32muart:~$ [m[8D[J[00:01:00.996,000] [0m<inf> imu: LSM6DSV16X   a  -0.121   9.836   0.921  g  -0.011   0.003  -0.003[0m
[1;32muart:~$ [m[8D[J[1;32muart:~$ [m[8D[J[00:01:00.996,000] [0m<inf> imu: ICM-42688-P  a  -0.164   9.765   0.324  g   0.000  -0.005   0.001[0m
[1;32muart:~$ [m[8D[J[00:01:01.097,000] [0m<inf> imu: LSM6DS3TR-C  a  -0.330   9.855   0.530  g   0.022  -0.060   0.014[0m
[1;32muart:~$ [m[8D[J[00:01:01.098,000] [0m<inf> imu: LSM6DSV16X   a  -0.124   9.835   0.919  g  -0.012   0.002  -0.003[0m
[1;32muart:~$ [m[8D[J[1;32muart:~$ [m[8D[J[00:01:01.099,000] [0m<inf> imu: ICM-42688-P  a  -0.158   9.755   0.317  g   0.000  -0.005   0.000[0m
[1;32muart:~$ [m[8D[J[00:01:01.200,000] [0m<inf> imu: LSM6DS3TR-C  a  -0.400   9.848   0.555  g   0.023  -0.060   0.016[0m
[1;32muart:~$ [m[8D[J[1;32muart:~$ [m[8D[J[00:01:01.201,000] [0m<inf> imu: LSM6DSV16X   a  -0.124   9.842   0.917  g  -0.011   0.002  -0.003[0m
[1;32muart:~$ [m[8D[J[00:01:01.201,000] [0m<inf> imu: ICM-42688-P  a  -0.159   9.752   0.303  g   0.000  -0.005   0.000[0m
[1;32muart:~$ [m[8D[J[1;32muart:~$ [m[8D[J[00:01:01.303,000] [0m<inf> imu: LSM6DS3TR-C  a  -0.343   9.850   0.547  g   0.023  -0.059   0.015[0m
[1;32muart:~$ [m[8D[J[00:01:01.304,000] [0m<inf> imu: LSM6DSV16X   a  -0.127   9.834   0.916  g  -0.012   0.002  -0.002[0m
[1;32muart:~$ [m[8D[J[1;32muart:~$ [m[8D[J[00:01:01.305,000] [0m<inf> imu: ICM-42688-P  a  -0.159   9.760   0.317  g   0.000  -0.005   0.001[0m
[1;32muart:~$ [m[8D[J[00:01:01.406,000] [0m<inf> imu: LSM6DS3TR-C  a  -0.345   9.840   0.544  g   0.022  -0.060   0.015[0m
[1;32muart:~$ [m[8D[J[1;32muart:~$ [m[8D[J[00:01:01.407,000] [0m<inf> imu: LSM6DSV16X   a  -0.125   9.837   0.921  g  -0.011   0.002  -0.003[0m
[1;32muart:~$ [m[8D[J[00:01:01.408,000] [0m<inf> imu: ICM-42688-P  a  -0.157   9.750   0.324  g   0.001  -0.005   0.000[0m
[1;32muart:~$ [m[8D[J[1;32muart:~$ [m[8D[J[00:01:01.509,000] [0m<inf> imu: LSM6DS3TR-C  a  -0.360   9.808   0.551  g   0.024  -0.060   0.014[0m
[1;32muart:~$ [m[8D[J[00:01:01.510,000] [0m<inf> imu: LSM6DSV16X   a  -0.122   9.832   0.912  g  -0.011   0.002  -0.002[0m
[1;32muart:~$ [m[8D[J[1;32muart:~$ [m[8D[J[00:01:01.510,000] [0m<inf> imu: ICM-42688-P  a  -0.154   9.754   0.328  g   0.000  -0.005   0.000[0m
[1;32muart:~$ [m[8D[J[00:01:01.611,000] [0m<inf> imu: LSM6DS3TR-C  a  -0.357   9.857   0.549  g   0.022  -0.061   0.016[0m
[1;32muart:~$ [m[8D[J[00:01:01.612,000] [0m<inf> imu: LSM6DSV16X   a  -0.127   9.835   0.913  g  -0.011   0.002  -0.002[0m
[1;32muart:~$ [m[8D[J[1;32muart:~$ [m[8D[J[00:01:01.612,000] [0m<inf> imu: ICM-42688-P  a  -0.164   9.760   0.317  g   0.001  -0.006   0.001[0m
[1;32muart:~$ [m[8D[J[00:01:01.714,000] [0m<inf> imu: LSM6DS3TR-C  a  -0.369   9.873   0.541  g   0.024  -0.061   0.015[0m
[1;32muart:~$ [m[8D[J[1;32muart:~$ [m[8D[J[00:01:01.714,000] [0m<inf> imu: LSM6DSV16X   a  -0.122   9.842   0.919  g  -0.011   0.002  -0.002[0m
[1;32muart:~$ [m[8D[J[00:01:01.715,000] [0m<inf> imu: ICM-42688-P  a  -0.154   9.756   0.303  g   0.000  -0.006   0.001[0m
[1;32muart:~$ [m[8D[J[00:01:01.816,000] [0m<inf> imu: LSM6DS3TR-C  a  -0.370   9.866   0.531  g   0.023  -0.060   0.014[0m
[1;32muart:~$ [m[8D[J[1;32muart:~$ [m[8D[J[00:01:01.817,000] [0m<inf> imu: LSM6DSV16X   a  -0.130   9.837   0.919  g  -0.011   0.001  -0.003[0m
[1;32muart:~$ [m[8D[J[00:01:01.817,000] [0m<inf> imu: ICM-42688-P  a  -0.159   9.760   0.317  g   0.000  -0.005   0.000[0m
[1;32muart:~$ [m[8D[J[1;32muart:~$ [m[8D[J[00:01:01.918,000] [0m<inf> imu: LSM6DS3TR-C  a  -0.386   9.835   0.592  g   0.023  -0.060   0.015[0m
[1;32muart:~$ [m[8D[J[00:01:01.919,000] [0m<inf> imu: LSM6DSV16X   a  -0.127   9.835   0.916  g  -0.012   0.002  -0.003[0m
[1;32muart:~$ [m[8D[J[1;32muart:~$ [m[8D[J[00:01:01.920,000] [0m<inf> imu: ICM-42688-P  a  -0.150   9.760   0.317  g  -0.000  -0.005   0.000[0m
[1;32muart:~$ [m[8D[J[00:01:02.021,000] [0m<inf> imu: LSM6DS3TR-C  a  -0.337   9.815   0.549  g   0.023  -0.060   0.017[0m
[1;32muart:~$ [m[8D[J[1;32muart:~$ [m[8D[J[00:01:02.022,000] [0m<inf> imu: LSM6DSV16X   a  -0.120   9.842   0.923  g  -0.011   0.002  -0.003[0m
[1;32muart:~$ [m[8D[J[00:01:02.023,000] [0m<inf> imu: ICM-42688-P  a  -0.157   9.760   0.318  g  -0.001  -0.005   0.001[0m
[1;32muart:~$ [m[8D[J[1;32muart:~$ [m[8D[J[00:01:02.124,000] [0m<inf> imu: LSM6DS3TR-C  a  -0.336   9.850   0.553  g   0.022  -0.060   0.016[0m
[1;32muart:~$ [m[8D[J[00:01:02.125,000] [0m<inf> imu: LSM6DSV16X   a  -0.131   9.836   0.928  g  -0.012   0.002  -0.002[0m
[1;32muart:~$ [m[8D[J[1;32muart:~$ [m[8D[J[00:01:02.125,000] [0m<inf> imu: ICM-42688-P  a  -0.156   9.760   0.309  g  -0.000  -0.005   0.000[0m
[1;32muart:~$ [m[8D[J[00:01:02.226,000] [0m<inf> imu: LSM6DS3TR-C  a  -0.349   9.841   0.531  g   0.023  -0.062   0.016[0m
[1;32muart:~$ [m[8D[J[00:01:02.227,000] [0m<inf> imu: LSM6DSV16X   a  -0.132   9.835   0.914  g  -0.011   0.002  -0.003[0m
[1;32muart:~$ [m[8D[J[1;32muart:~$ [m[8D[J[00:01:02.227,000] [0m<inf> imu: ICM-42688-P  a  -0.150   9.756   0.311  g   0.000  -0.005   0.001[0m
[1;32muart:~$ [m[8D[J[00:01:02.329,000] [0m<inf> imu: LSM6DS3TR-C  a  -0.381   9.815   0.531  g   0.022  -0.060   0.013[0m
[1;32muart:~$ [m[8D[J[00:01:02.330,000] [0m<inf> imu: LSM6DSV16X   a  -0.126   9.835   0.929  g  -0.012   0.002  -0.003[0m
[1;32muart:~$ [m[8D[J[1;32muart:~$ [m[8D[J[00:01:02.331,000] [0m<inf> imu: ICM-42688-P  a  -0.160   9.764   0.321  g   0.000  -0.005   0.000[0m
[1;32muart:~$ [m[8D[J[00:01:02.432,000] [0m<inf> imu: LSM6DS3TR-C  a  -0.374   9.830   0.559  g   0.023  -0.059   0.016[0m
[1;32muart:~$ [m[8D[J[1;32muart:~$ [m[8D[J[00:01:02.433,000] [0m<inf> imu: LSM6DSV16X   a  -0.124   9.835   0.927  g  -0.012   0.002  -0.003[0m
[1;32muart:~$ [m[8D[J[00:01:02.433,000] [0m<inf> imu: ICM-42688-P  a  -0.154   9.747   0.311  g   0.000  -0.005   0.001[0m
[1;32muart:~$ [m[8D[J[1;32muart:~$ [m[8D[J[00:01:02.535,000] [0m<inf> imu: LSM6DS3TR-C  a  -0.351   9.860   0.541  g   0.022  -0.058   0.014[0m
[1;32muart:~$ [m[8D[J[00:01:02.536,000] [0m<inf> imu: LSM6DSV16X   a  -0.134   9.842   0.924  g  -0.011   0.002  -0.002[0m
[1;32muart:~$ [m[8D[J[1;32muart:~$ [m[8D[J[00:01:02.537,000] [0m<inf> imu: ICM-42688-P  a  -0.154   9.766   0.314  g   0.000  -0.005   0.001[0m
[1;32muart:~$ [m[8D[J[00:01:02.638,000] [0m<inf> imu: LSM6DS3TR-C  a  -0.357   9.874   0.568  g   0.022  -0.061   0.014[0m
[1;32muart:~$ [m[8D[J[1;32muart:~$ [m[8D[J[00:01:02.639,000] [0m<inf> imu: LSM6DSV16X   a  -0.129   9.846   0.930  g  -0.011   0.003  -0.003[0m
[1;32muart:~$ [m[8D[J[00:01:02.639,000] [0m<inf> imu: ICM-42688-P  a  -0.147   9.758   0.308  g   0.001  -0.005   0.000[0m
[1;32muart:~$ [m[8D[J[1;32muart:~$ [m[8D[J[00:01:02.740,000] [0m<inf> imu: LSM6DS3TR-C  a  -0.346   9.816   0.543  g   0.024  -0.061   0.015[0m
[1;32muart:~$ [m[8D[J[00:01:02.741,000] [0m<inf> imu: LSM6DSV16X   a  -0.131   9.835   0.921  g  -0.010   0.001  -0.003[0m
[1;32muart:~$ [m[8D[J[1;32muart:~$ [m[8D[J[00:01:02.742,000] [0m<inf> imu: ICM-42688-P  a  -0.160   9.752   0.324  g   0.001  -0.005   0.000[0m
[1;32muart:~$ [m[8D[J[00:01:02.843,000] [0m<inf> imu: LSM6DS3TR-C  a  -0.348   9.846   0.538  g   0.022  -0.061   0.014[0m
[1;32muart:~$ [m[8D[J[00:01:02.843,000] [0m<inf> imu: LSM6DSV16X   a  -0.120   9.835   0.919  g  -0.012   0.002  -0.003[0m
[1;32muart:~$ [m[8D[J[1;32muart:~$ [m[8D[J[00:01:02.844,000] [0m<inf> imu: ICM-42688-P  a  -0.163   9.764   0.322  g  -0.000  -0.005   0.001[0m
[1;32muart:~$ [m[8D[J[00:01:02.946,000] [0m<inf> imu: LSM6DS3TR-C  a  -0.394   9.857   0.540  g   0.022  -0.060   0.014[0m
[1;32muart:~$ [m[8D[J[00:01:02.947,000] [0m<inf> imu: LSM6DSV16X   a  -0.127   9.837   0.924  g  -0.013   0.002  -0.003[0m
[1;32muart:~$ [m[8D[J[1;32muart:~$ [m[8D[J[00:01:02.947,000] [0m<inf> imu: ICM-42688-P  a  -0.164   9.753   0.314  g  -0.001  -0.005   0.000[0m
[1;32muart:~$ [m[8D[J[00:01:03.049,000] [0m<inf> imu: LSM6DS3TR-C  a  -0.387   9.845   0.581  g   0.023  -0.060   0.014[0m
[1;32muart:~$ [m[8D[J[1;32muart:~$ [m[8D[J[00:01:03.049,000] [0m<inf> imu: LSM6DSV16X   a  -0.126   9.842   0.926  g  -0.012   0.002  -0.003[0m
[1;32muart:~$ [m[8D[J[00:01:03.050,000] [0m<inf> imu: ICM-42688-P  a  -0.154   9.767   0.314  g   0.000  -0.006   0.000[0m
[1;32muart:~$ [m[8D[J[00:01:03.151,000] [0m<inf> imu: LSM6DS3TR-C  a  -0.334   9.846   0.535  g   0.025  -0.060   0.016[0m
[1;32muart:~$ [m[8D[J[00:01:03.152,000] [0m<inf> imu: LSM6DSV16X   a  -0.127   9.836   0.922  g  -0.012   0.003  -0.003[0m
[1;32muart:~$ [m[8D[J[1;32muart:~$ [m[8D[J[00:01:03.152,000] [0m<inf> imu: ICM-42688-P  a  -0.159   9.758   0.314  g  -0.000  -0.005   0.001[0m
[1;32muart:~$ [m[8D[J[1;32muart:~$ [m[8D[J[00:01:03.253,000] [0m<inf> imu: LSM6DS3TR-C  a  -0.379   9.822   0.540  g   0.023  -0.059   0.014[0m
[1;32muart:~$ [m[8D[J[00:01:03.254,000] [0m<inf> imu: LSM6DSV16X   a  -0.129   9.839   0.936  g  -0.012   0.002  -0.003[0m
[1;32muart:~$ [m[8D[J[1;32muart:~$ [m[8D[J[00:01:03.254,000] [0m<inf> imu: ICM-42688-P  a  -0.152   9.766   0.333  g   0.000  -0.005   0.000[0m
[1;32muart:~$ [m[8D[J[00:01:03.355,000] [0m<inf> imu: LSM6DS3TR-C  a  -0.379   9.851   0.548  g   0.023  -0.060   0.015[0m
[1;32muart:~$ [m[8D[J[1;32muart:~$ [m[8D[J[00:01:03.356,000] [0m<inf> imu: LSM6DSV16X   a  -0.129   9.840   0.921  g  -0.012   0.002  -0.003[0m
[1;32muart:~$ [m[8D[J[00:01:03.357,000] [0m<inf> imu: ICM-42688-P  a  -0.159   9.764   0.308  g   0.000  -0.005   0.001[0m
[1;32muart:~$ [m[8D[J[1;32muart:~$ [m[8D[J[00:01:03.458,000] [0m<inf> imu: LSM6DS3TR-C  a  -0.370   9.855   0.510  g   0.023  -0.059   0.016[0m
[1;32muart:~$ [m[8D[J[00:01:03.458,000] [0m<inf> imu: LSM6DSV16X   a  -0.132   9.832   0.921  g  -0.011   0.002  -0.003[0m
[1;32muart:~$ [m[8D[J[1;32muart:~$ [m[8D[J[00:01:03.459,000] [0m<inf> imu: ICM-42688-P  a  -0.151   9.770   0.323  g   0.000  -0.005   0.001[0m
[1;32muart:~$ [m[8D[J[00:01:03.560,000] [0m<inf> imu: LSM6DS3TR-C  a  -0.340   9.891   0.556  g   0.023  -0.058   0.014[0m
[1;32muart:~$ [m[8D[J[00:01:03.561,000] [0m<inf> imu: LSM6DSV16X   a  -0.127   9.842   0.916  g  -0.012   0.001  -0.003[0m
[1;32muart:~$ [m[8D[J[1;32muart:~$ [m[8D[J[00:01:03.561,000] [0m<inf> imu: ICM-42688-P  a  -0.150   9.755   0.314  g  -0.001  -0.005   0.000[0m
[1;32muart:~$ [m[8D[J[00:01:03.663,000] [0m<inf> imu: LSM6DS3TR-C  a  -0.350   9.854   0.541  g   0.023  -0.062   0.015[0m
[1;32muart:~$ [m[8D[J[1;32muart:~$ [m[8D[J[00:01:03.664,000] [0m<inf> imu: LSM6DSV16X   a  -0.130   9.839   0.916  g  -0.012   0.002  -0.003[0m
[1;32muart:~$ [m[8D[J[00:01:03.665,000] [0m<inf> imu: ICM-42688-P  a  -0.151   9.760   0.303  g   0.000  -0.006   0.000[0m
[1;32muart:~$ [m[8D[J[1;32muart:~$ [m[8D[J[00:01:03.766,000] [0m<inf> imu: LSM6DS3TR-C  a  -0.383   9.853   0.539  g   0.023  -0.059   0.016[0m
[1;32muart:~$ [m[8D[J[00:01:03.766,000] [0m<inf> imu: LSM6DSV16X   a  -0.124   9.832   0.919  g  -0.011   0.002  -0.003[0m
[1;32muart:~$ [m[8D[J[00:01:03.767,000] [0m<inf> imu: ICM-42688-P  a  -0.157   9.760   0.314  g  -0.000  -0.005   0.001[0m
[1;32muart:~$ [m[8D[J[1;32muart:~$ [m[8D[J[00:01:03.869,000] [0m<inf> imu: LSM6DS3TR-C  a  -0.340   9.842   0.555  g   0.023  -0.062   0.015[0m
[1;32muart:~$ [m[8D[J[00:01:03.870,000] [0m<inf> imu: LSM6DSV16X   a  -0.124   9.830   0.926  g  -0.011   0.002  -0.003[0m
[1;32muart:~$ [m[8D[J[1;32muart:~$ [m[8D[J[00:01:03.870,000] [0m<inf> imu: ICM-42688-P  a  -0.146   9.755   0.315  g  -0.000  -0.005   0.000[0m
[1;32muart:~$ [m[8D[J[00:01:03.971,000] [0m<inf> imu: LSM6DS3TR-C  a  -0.354   9.837   0.551  g   0.021  -0.060   0.014[0m
[1;32muart:~$ [m[8D[J[1;32muart:~$ [m[8D[J[00:01:03.972,000] [0m<inf> imu: LSM6DSV16X   a  -0.127   9.846   0.927  g  -0.011   0.002  -0.002[0m
[1;32muart:~$ [m[8D[J[00:01:03.973,000] [0m<inf> imu: ICM-42688-P  a  -0.154   9.754   0.309  g  -0.000  -0.005   0.000[0m
[1;32muart:~$ [m[8D[J[1;32muart:~$ [m[8D[J[00:01:04.074,000] [0m<inf> imu: LSM6DS3TR-C  a  -0.343   9.852   0.513  g   0.022  -0.060   0.015[0m
[1;32muart:~$ [m[8D[J[00:01:04.074,000] [0m<inf> imu: LSM6DSV16X   a  -0.125   9.830   0.925  g  -0.012   0.002  -0.003[0m
[1;32muart:~$ [m[8D[J[1;32muart:~$ [m[8D[J[00:01:04.075,000] [0m<inf> imu: ICM-42688-P  a  -0.154   9.760   0.302  g   0.000  -0.005   0.000[0m
[1;32muart:~$ [m[8D[J[00:01:04.176,000] [0m<inf> imu: LSM6DS3TR-C  a  -0.383   9.821   0.532  g   0.024  -0.060   0.017[0m
[1;32muart:~$ [m[8D[J[00:01:04.177,000] [0m<inf> imu: LSM6DSV16X   a  -0.127   9.835   0.924  g  -0.011   0.002  -0.003[0m
[1;32muart:~$ [m[8D[J[1;32muart:~$ [m[8D[J[00:01:04.177,000] [0m<inf> imu: ICM-42688-P  a  -0.163   9.767   0.314  g   0.000  -0.005   0.000[0m
[1;32muart:~$ [m[8D[J[00:01:04.279,000] [0m<inf> imu: LSM6DS3TR-C  a  -0.351   9.829   0.552  g   0.022  -0.059   0.014[0m
[1;32muart:~$ [m[8D[J[1;32muart:~$ [m[8D[J[00:01:04.280,000] [0m<inf> imu: LSM6DSV16X   a  -0.120   9.839   0.916  g  -0.011   0.002  -0.003[0m
[1;32muart:~$ [m[8D[J[00:01:04.281,000] [0m<inf> imu: ICM-42688-P  a  -0.159   9.762   0.314  g   0.001  -0.006   0.001[0m
[1;32muart:~$ [m[8D[J[00:01:04.382,000] [0m<inf> imu: LSM6DS3TR-C  a  -0.348   9.858   0.565  g   0.023  -0.060   0.015[0m
[1;32muart:~$ [m[8D[J[1;32muart:~$ [m[8D[J[00:01:04.382,000] [0m<inf> imu: LSM6DSV16X   a  -0.129   9.839   0.924  g  -0.012   0.002  -0.002[0m
[1;32muart:~$ [m[8D[J[00:01:04.383,000] [0m<inf> imu: ICM-42688-P  a  -0.156   9.755   0.308  g  -0.000  -0.005   0.001[0m
[1;32muart:~$ [m[8D[J[00:01:04.484,000] [0m<inf> imu: LSM6DS3TR-C  a  -0.325   9.843   0.544  g   0.023  -0.060   0.014[0m
[1;32muart:~$ [m[8D[J[00:01:04.485,000] [0m<inf> imu: LSM6DSV16X   a  -0.129   9.843   0.924  g  -0.012   0.002  -0.003[0m
[1;32muart:~$ [m[8D[J[1;32muart:~$ [m[8D[J[00:01:04.485,000] [0m<inf> imu: ICM-42688-P  a  -0.150   9.756   0.320  g  -0.001  -0.005   0.000[0m
[1;32muart:~$ [m[8D[J[1;32muart:~$ [m[8D[J[00:01:04.586,000] [0m<inf> imu: LSM6DS3TR-C  a  -0.332   9.874   0.541  g   0.023  -0.060   0.013[0m
[1;32muart:~$ [m[8D[J[00:01:04.587,000] [0m<inf> imu: LSM6DSV16X   a  -0.126   9.837   0.921  g  -0.012   0.003  -0.003[0m
[1;32muart:~$ [m[8D[J[1;32muart:~$ [m[8D[J[00:01:04.587,000] [0m<inf> imu: ICM-42688-P  a  -0.158   9.752   0.323  g   0.000  -0.005   0.001[0m
[1;32muart:~$ [m[8D[J[00:01:04.688,000] [0m<inf> imu: LSM6DS3TR-C  a  -0.342   9.814   0.545  g   0.021  -0.060   0.016[0m
[1;32muart:~$ [m[8D[J[1;32muart:~$ [m[8D[J[00:01:04.689,000] [0m<inf> imu: LSM6DSV16X   a  -0.132   9.840   0.931  g  -0.011   0.002  -0.003[0m
[1;32muart:~$ [m[8D[J[00:01:04.690,000] [0m<inf> imu: ICM-42688-P  a  -0.165   9.758   0.317  g  -0.001  -0.005   0.000[0m
[1;32muart:~$ [m[8D[J[1;32muart:~$ [m[8D[J[00:01:04.791,000] [0m<inf> imu: LSM6DS3TR-C  a  -0.351   9.830   0.548  g   0.022  -0.059   0.016[0m
[1;32muart:~$ [m[8D[J[00:01:04.791,000] [0m<inf> imu: LSM6DSV16X   a  -0.123   9.835   0.926  g  -0.011   0.002  -0.003[0m
[1;32muart:~$ [m[8D[J[1;32muart:~$ [m[8D[J[00:01:04.792,000] [0m<inf> imu: ICM-42688-P  a  -0.163   9.760   0.306  g  -0.001  -0.005   0.000[0m
[1;32muart:~$ [m[8D[J[00:01:04.893,000] [0m<inf> imu: LSM6DS3TR-C  a  -0.366   9.847   0.565  g   0.024  -0.060   0.015[0m
[1;32muart:~$ [m[8D[J[00:01:04.894,000] [0m<inf> imu: LSM6DSV16X   a  -0.132   9.837   0.926  g  -0.012   0.002  -0.003[0m
[1;32muart:~$ [m[8D[J[1;32muart:~$ [m[8D[J[00:01:04.894,000] [0m<inf> imu: ICM-42688-P  a  -0.165   9.760   0.323  g   0.000  -0.005   0.000[0m
[1;32muart:~$ [m[8D[J[00:01:04.995,000] [0m<inf> imu: LSM6DS3TR-C  a  -0.370   9.843   0.517  g   0.021  -0.061   0.014[0m
[1;32muart:~$ [m[8D[J[1;32muart:~$ [m[8D[J[00:01:04.997,000] [0m<inf> imu: LSM6DSV16X   a  -0.121   9.842   0.931  g  -0.010   0.002  -0.003[0m
[1;32muart:~$ [m[8D[J[00:01:04.998,000] [0m<inf> imu: ICM-42688-P  a  -0.159   9.761   0.315  g   0.001  -0.005   0.000[0m
[1;32muart:~$ [m[8D[J[00:01:05.099,000] [0m<inf> imu: LSM6DS3TR-C  a  -0.360   9.817   0.572  g   0.024  -0.060   0.014[0m
[1;32muart:~$ [m[8D[J[1;32muart:~$ [m[8D[J[00:01:05.099,000] [0m<inf> imu: LSM6DSV16X   a  -0.130   9.839   0.928  g  -0.011   0.002  -0.003[0m
[1;32muart:~$ [m[8D[J[00:01:05.100,000] [0m<inf> imu: ICM-42688-P  a  -0.163   9.765   0.326  g   0.000  -0.005  -0.000[0m
[1;32muart:~$ [m[8D[J[00:01:05.201,000] [0m<inf> imu: LSM6DS3TR-C  a  -0.357   9.896   0.549  g   0.023  -0.060   0.016[0m
[1;32muart:~$ [m[8D[J[00:01:05.202,000] [0m<inf> imu: LSM6DSV16X   a  -0.129   9.841   0.923  g  -0.010   0.002  -0.003[0m
[1;32muart:~$ [m[8D[J[1;32muart:~$ [m[8D[J[00:01:05.202,000] [0m<inf> imu: ICM-42688-P  a  -0.156   9.756   0.320  g   0.000  -0.005   0.000[0m
[1;32muart:~$ [m[8D[J[1;32muart:~$ [m[8D[J[00:01:05.303,000] [0m<inf> imu: LSM6DS3TR-C  a  -0.358   9.863   0.558  g   0.023  -0.061   0.015[0m
[1;32muart:~$ [m[8D[J[00:01:05.304,000] [0m<inf> imu: LSM6DSV16X   a  -0.127   9.837   0.928  g  -0.012   0.002  -0.003[0m
[1;32muart:~$ [m[8D[J[1;32muart:~$ [m[8D[J[00:01:05.304,000] [0m<inf> imu: ICM-42688-P  a  -0.159   9.765   0.304  g   0.000  -0.005   0.000[0m
[1;32muart:~$ [m[8D[J[00:01:05.406,000] [0m<inf> imu: LSM6DS3TR-C  a  -0.342   9.853   0.549  g   0.023  -0.061   0.015[0m
[1;32muart:~$ [m[8D[J[1;32muart:~$ [m[8D[J[00:01:05.406,000] [0m<inf> imu: LSM6DSV16X   a  -0.125   9.835   0.914  g  -0.011   0.002  -0.003[0m
[1;32muart:~$ [m[8D[J[00:01:05.407,000] [0m<inf> imu: ICM-42688-P  a  -0.162   9.758   0.311  g   0.000  -0.004   0.000[0m
[1;32muart:~$ [m[8D[J[1;32muart:~$ [m[8D[J[00:01:05.508,000] [0m<inf> imu: LSM6DS3TR-C  a  -0.361   9.832   0.536  g   0.023  -0.062   0.014[0m
[1;32muart:~$ [m[8D[J[00:01:05.509,000] [0m<inf> imu: LSM6DSV16X   a  -0.130   9.840   0.928  g  -0.012   0.002  -0.002[0m
[1;32muart:~$ [m[8D[J[1;32muart:~$ [m[8D[J[00:01:05.509,000] [0m<inf> imu: ICM-42688-P  a  -0.148   9.743   0.311  g  -0.000  -0.005   0.000[0m
[1;32muart:~$ [m[8D[J[00:01:05.610,000] [0m<inf> imu: LSM6DS3TR-C  a  -0.359   9.830   0.580  g   0.023  -0.061   0.013[0m
[1;32muart:~$ [m[8D[J[00:01:05.611,000] [0m<inf> imu: LSM6DSV16X   a  -0.132   9.840   0.928  g  -0.012   0.002  -0.003[0m
[1;32muart:~$ [m[8D[J[1;32muart:~$ [m[8D[J[00:01:05.611,000] [0m<inf> imu: ICM-42688-P  a  -0.158   9.770   0.311  g   0.000  -0.004   0.001[0m
[1;32muart:~$ [m[8D[J[00:01:05.713,000] [0m<inf> imu: LSM6DS3TR-C  a  -0.368   9.864   0.532  g   0.023  -0.059   0.017[0m
[1;32muart:~$ [m[8D[J[1;32muart:~$ [m[8D[J[00:01:05.714,000] [0m<inf> imu: LSM6DSV16X   a  -0.127   9.835   0.931  g  -0.011   0.002  -0.003[0m
[1;32muart:~$ [m[8D[J[00:01:05.715,000] [0m<inf> imu: ICM-42688-P  a  -0.160   9.753   0.303  g   0.000  -0.005   0.000[0m
[1;32muart:~$ [m[8D[J[00:01:05.816,000] [0m<inf> imu: LSM6DS3TR-C  a  -0.363   9.845   0.556  g   0.022  -0.060   0.016[0m
[1;32muart:~$ [m[8D[J[1;32muart:~$ [m[8D[J[00:01:05.816,000] [0m<inf> imu: LSM6DSV16X   a  -0.134   9.844   0.926  g  -0.011   0.003  -0.003[0m
[1;32muart:~$ [m[8D[J[00:01:05.817,000] [0m<inf> imu: ICM-42688-P  a  -0.151   9.760   0.323  g  -0.000  -0.005   0.001[0m
[1;32muart:~$ [m[8D[J[00:01:05.918,000] [0m<inf> imu: LSM6DS3TR-C  a  -0.326   9.822   0.555  g   0.022  -0.060   0.016[0m
[1;32muart:~$ [m[8D[J[00:01:05.919,000] [0m<inf> imu: LSM6DSV16X   a  -0.134   9.839   0.931  g  -0.011   0.002  -0.003[0m
[1;32muart:~$ [m[8D[J[1;32muart:~$ [m[8D[J[00:01:05.919,000] [0m<inf> imu: ICM-42688-P  a  -0.150   9.760   0.318  g   0.000  -0.005   0.001[0m
[1;32muart:~$ [m[8D[J[1;32muart:~$ [m[8D[J[00:01:06.020,000] [0m<inf> imu: LSM6DS3TR-C  a  -0.364   9.821   0.546  g   0.024  -0.060   0.015[0m
[1;32muart:~$ [m[8D[J[00:01:06.021,000] [0m<inf> imu: LSM6DSV16X   a  -0.127   9.837   0.928  g  -0.011   0.002  -0.002[0m
[1;32muart:~$ [m[8D[J[1;32muart:~$ [m[8D[J[00:01:06.021,000] [0m<inf> imu: ICM-42688-P  a  -0.154   9.758   0.317  g  -0.000  -0.005   0.000[0m
[1;32muart:~$ [m[8D[J[00:01:06.123,000] [0m<inf> imu: LSM6DS3TR-C  a  -0.363   9.844   0.540  g   0.023  -0.060   0.015[0m
[1;32muart:~$ [m[8D[J[1;32muart:~$ [m[8D[J[00:01:06.123,000] [0m<inf> imu: LSM6DSV16X   a  -0.127   9.842   0.926  g  -0.012   0.002  -0.003[0m
[1;32muart:~$ [m[8D[J[00:01:06.124,000] [0m<inf> imu: ICM-42688-P  a  -0.159   9.759   0.324  g  -0.001  -0.005   0.001[0m
[1;32muart:~$ [m[8D[J[1;32muart:~$ [m[8D[J[00:01:06.225,000] [0m<inf> imu: LSM6DS3TR-C  a  -0.368   9.860   0.564  g   0.025  -0.060   0.014[0m
[1;32muart:~$ [m[8D[J[00:01:06.226,000] [0m<inf> imu: LSM6DSV16X   a  -0.127   9.847   0.916  g  -0.011   0.002  -0.003[0m
[1;32muart:~$ [m[8D[J[1;32muart:~$ [m[8D[J[00:01:06.226,000] [0m<inf> imu: ICM-42688-P  a  -0.168   9.754   0.309  g  -0.000  -0.005   0.000[0m
[1;32muart:~$ [m[8D[J[00:01:06.327,000] [0m<inf> imu: LSM6DS3TR-C  a  -0.381   9.867   0.561  g   0.024  -0.060   0.016[0m
[1;32muart:~$ [m[8D[J[00:01:06.328,000] [0m<inf> imu: LSM6DSV16X   a  -0.132   9.837   0.928  g  -0.011   0.002  -0.003[0m
[1;32muart:~$ [m[8D[J[1;32muart:~$ [m[8D[J[00:01:06.328,000] [0m<inf> imu: ICM-42688-P  a  -0.154   9.759   0.324  g   0.001  -0.005  -0.001[0m
[1;32muart:~$ [m[8D[J[00:01:06.430,000] [0m<inf> imu: LSM6DS3TR-C  a  -0.376   9.843   0.564  g   0.021  -0.060   0.016[0m
[1;32muart:~$ [m[8D[J[1;32muart:~$ [m[8D[J[00:01:06.431,000] [0m<inf> imu: LSM6DSV16X   a  -0.129   9.842   0.919  g  -0.011   0.002  -0.003[0m
[1;32muart:~$ [m[8D[J[00:01:06.431,000] [0m<inf> imu: ICM-42688-P  a  -0.154   9.748   0.314  g   0.000  -0.005   0.001[0m
[1;32muart:~$ [m[8D[J[00:01:06.532,000] [0m<inf> imu: LSM6DS3TR-C  a  -0.355   9.828   0.574  g   0.022  -0.062   0.016[0m
[1;32muart:~$ [m[8D[J[1;32muart:~$ [m[8D[J[00:01:06.533,000] [0m<inf> imu: LSM6DSV16X   a  -0.127   9.836   0.925  g  -0.011   0.001  -0.003[0m
[1;32muart:~$ [m[8D[J[00:01:06.534,000] [0m<inf> imu: ICM-42688-P  a  -0.163   9.765   0.320  g  -0.001  -0.006   0.001[0m
[1;32muart:~$ [m[8D[J[00:01:06.635,000] [0m<inf> imu: LSM6DS3TR-C  a  -0.358   9.814   0.566  g   0.023  -0.060   0.016[0m
[1;32muart:~$ [m[8D[J[00:01:06.635,000] [0m<inf> imu: LSM6DSV16X   a  -0.129   9.836   0.926  g  -0.011   0.002  -0.003[0m
[1;32muart:~$ [m[8D[J[1;32muart:~$ [m[8D[J[00:01:06.636,000] [0m<inf> imu: ICM-42688-P  a  -0.156   9.764   0.305  g   0.000  -0.005   0.000[0m
[1;32muart:~$ [m[8D[J[1;32muart:~$ [m[8D[J[00:01:06.737,000] [0m<inf> imu: LSM6DS3TR-C  a  -0.388   9.860   0.550  g   0.022  -0.059   0.015[0m
[1;32muart:~$ [m[8D[J[00:01:06.738,000] [0m<inf> imu: LSM6DSV16X   a  -0.132   9.834   0.925  g  -0.011   0.003  -0.003[0m
[1;32muart:~$ [m[8D[J[1;32muart:~$ [m[8D[J[00:01:06.738,000] [0m<inf> imu: ICM-42688-P  a  -0.163   9.752   0.305  g  -0.001  -0.005   0.000[0m
[1;32muart:~$ [m[8D[J[00:01:06.839,000] [0m<inf> imu: LSM6DS3TR-C  a  -0.371   9.837   0.535  g   0.022  -0.060   0.016[0m
[1;32muart:~$ [m[8D[J[1;32muart:~$ [m[8D[J[00:01:06.840,000] [0m<inf> imu: LSM6DSV16X   a  -0.127   9.835   0.924  g  -0.012   0.002  -0.003[0m
[1;32muart:~$ [m[8D[J[00:01:06.841,000] [0m<inf> imu: ICM-42688-P  a  -0.154   9.765   0.309  g  -0.000  -0.005  -0.000[0m
[1;32muart:~$ [m[8D[J[1;32muart:~$ [m[8D[J[00:01:06.942,000] [0m<inf> imu: LSM6DS3TR-C  a  -0.363   9.852   0.565  g   0.022  -0.059   0.016[0m
[1;32muart:~$ [m[8D[J[00:01:06.942,000] [0m<inf> imu: LSM6DSV16X   a  -0.129   9.834   0.926  g  -0.011   0.003  -0.003[0m
[1;32muart:~$ [m[8D[J[1;32muart:~$ [m[8D[J[00:01:06.943,000] [0m<inf> imu: ICM-42688-P  a  -0.148   9.764   0.329  g   0.000  -0.005   0.001[0m
[1;32muart:~$ [m[8D[J[00:01:07.044,000] [0m<inf> imu: LSM6DS3TR-C  a  -0.369   9.858   0.581  g   0.021  -0.061   0.015[0m
[1;32muart:~$ [m[8D[J[00:01:07.045,000] [0m<inf> imu: LSM6DSV16X   a  -0.132   9.836   0.934  g  -0.012   0.002  -0.003[0m
[1;32muart:~$ [m[8D[J[1;32muart:~$ [m[8D[J[00:01:07.045,000] [0m<inf> imu: ICM-42688-P  a  -0.157   9.759   0.312  g   0.000  -0.006   0.001[0m
[1;32muart:~$ [m[8D[J[00:01:07.147,000] [0m<inf> imu: LSM6DS3TR-C  a  -0.371   9.861   0.553  g   0.023  -0.059   0.017[0m
[1;32muart:~$ [m[8D[J[1;32muart:~$ [m[8D[J[00:01:07.147,000] [0m<inf> imu: LSM6DSV16X   a  -0.126   9.837   0.928  g  -0.011   0.003  -0.003[0m
[1;32muart:~$ [m[8D[J[00:01:07.148,000] [0m<inf> imu: ICM-42688-P  a  -0.156   9.765   0.316  g   0.000  -0.005   0.000[0m
[1;32muart:~$ [m[8D[J[00:01:07.249,000] [0m<inf> imu: LSM6DS3TR-C  a  -0.373   9.871   0.567  g   0.022  -0.061   0.015[0m
[1;32muart:~$ [m[8D[J[1;32muart:~$ [m[8D[J[00:01:07.250,000] [0m<inf> imu: LSM6DSV16X   a  -0.125   9.840   0.919  g  -0.011   0.002  -0.003[0m
[1;32muart:~$ [m[8D[J[00:01:07.250,000] [0m<inf> imu: ICM-42688-P  a  -0.163   9.755   0.327  g   0.001  -0.005   0.000[0m
[1;32muart:~$ [m[8D[J[00:01:07.352,000] [0m<inf> imu: LSM6DS3TR-C  a  -0.375   9.854   0.533  g   0.022  -0.061   0.013[0m
[1;32muart:~$ [m[8D[J[00:01:07.352,000] [0m<inf> imu: LSM6DSV16X   a  -0.127   9.836   0.919  g  -0.012   0.002  -0.003[0m
[1;32muart:~$ [m[8D[J[1;32muart:~$ [m[8D[J[00:01:07.353,000] [0m<inf> imu: ICM-42688-P  a  -0.159   9.760   0.318  g  -0.000  -0.005   0.000[0m
[1;32muart:~$ [m[8D[J[1;32muart:~$ [m[8D[J[00:01:07.454,000] [0m<inf> imu: LSM6DS3TR-C  a  -0.335   9.842   0.567  g   0.021  -0.059   0.017[0m
[1;32muart:~$ [m[8D[J[00:01:07.455,000] [0m<inf> imu: LSM6DSV16X   a  -0.127   9.832   0.924  g  -0.012   0.002  -0.003[0m
[1;32muart:~$ [m[8D[J[1;32muart:~$ [m[8D[J[00:01:07.455,000] [0m<inf> imu: ICM-42688-P  a  -0.150   9.761   0.320  g  -0.000  -0.006   0.000[0m
[1;32muart:~$ [m[8D[J[00:01:07.556,000] [0m<inf> imu: LSM6DS3TR-C  a  -0.377   9.850   0.556  g   0.024  -0.062   0.015[0m
[1;32muart:~$ [m[8D[J[1;32muart:~$ [m[8D[J[00:01:07.557,000] [0m<inf> imu: LSM6DSV16X   a  -0.127   9.845   0.933  g  -0.011   0.003  -0.003[0m
[1;32muart:~$ [m[8D[J[00:01:07.557,000] [0m<inf> imu: ICM-42688-P  a  -0.168   9.756   0.317  g   0.000  -0.005   0.000[0m
[1;32muart:~$ [m[8D[J[1;32muart:~$ [m[8D[J[00:01:07.658,000] [0m<inf> imu: LSM6DS3TR-C  a  -0.343   9.852   0.523  g   0.025  -0.059   0.015[0m
[1;32muart:~$ [m[8D[J[00:01:07.659,000] [0m<inf> imu: LSM6DSV16X   a  -0.129   9.833   0.921  g  -0.013   0.002  -0.003[0m
[1;32muart:~$ [m[8D[J[1;32muart:~$ [m[8D[J[00:01:07.660,000] [0m<inf> imu: ICM-42688-P  a  -0.159   9.761   0.304  g   0.001  -0.005  -0.000[0m
[1;32muart:~$ [m[8D[J[00:01:07.761,000] [0m<inf> imu: LSM6DS3TR-C  a  -0.354   9.869   0.533  g   0.023  -0.061   0.015[0m
[1;32muart:~$ [m[8D[J[00:01:07.761,000] [0m<inf> imu: LSM6DSV16X   a  -0.129   9.835   0.917  g  -0.012   0.002  -0.003[0m
[1;32muart:~$ [m[8D[J[1;32muart:~$ [m[8D[J[00:01:07.762,000] [0m<inf> imu: ICM-42688-P  a  -0.159   9.768   0.322  g  -0.001  -0.005   0.001[0m
[1;32muart:~$ [m[8D[J[00:01:07.864,000] [0m<inf> imu: LSM6DS3TR-C  a  -0.351   9.837   0.552  g   0.022  -0.062   0.015[0m
[1;32muart:~$ [m[8D[J[00:01:07.865,000] [0m<inf> imu: LSM6DSV16X   a  -0.127   9.833   0.914  g  -0.012   0.001  -0.002[0m
[1;32muart:~$ [m[8D[J[1;32muart:~$ [m[8D[J[00:01:07.865,000] [0m<inf> imu: ICM-42688-P  a  -0.148   9.756   0.311  g   0.001  -0.005   0.000[0m
[1;32muart:~$ [m[8D[J[00:01:07.967,000] [0m<inf> imu: LSM6DS3TR-C  a  -0.385   9.883   0.591  g   0.024  -0.061   0.016[0m
[1;32muart:~$ [m[8D[J[1;32muart:~$ [m[8D[J[00:01:07.967,000] [0m<inf> imu: LSM6DSV16X   a  -0.127   9.841   0.919  g  -0.012   0.002  -0.003[0m
[1;32muart:~$ [m[8D[J[00:01:07.968,000] [0m<inf> imu: ICM-42688-P  a  -0.160   9.765   0.317  g   0.001  -0.006   0.001[0m
[1;32muart:~$ [m[8D[J[1;32muart:~$ [m[8D[J[00:01:08.070,000] [0m<inf> imu: LSM6DS3TR-C  a  -0.343   9.823   0.560  g   0.022  -0.060   0.016[0m
[1;32muart:~$ [m[8D[J[00:01:08.070,000] [0m<inf> imu: LSM6DSV16X   a  -0.123   9.837   0.915  g  -0.010   0.002  -0.003[0m
[1;32muart:~$ [m[8D[J[1;32muart:~$ [m[8D[J[00:01:08.071,000] [0m<inf> imu: ICM-42688-P  a  -0.148   9.750   0.329  g  -0.000  -0.006   0.000[0m
[1;32muart:~$ [m[8D[J[00:01:08.172,000] [0m<inf> imu: LSM6DS3TR-C  a  -0.346   9.842   0.555  g   0.022  -0.058   0.016[0m
[1;32muart:~$ [m[8D[J[1;32muart:~$ [m[8D[J[00:01:08.173,000] [0m<inf> imu: LSM6DSV16X   a  -0.124   9.844   0.919  g  -0.012   0.002  -0.003[0m
[1;32muart:~$ [m[8D[J[00:01:08.174,000] [0m<inf> imu: ICM-42688-P  a  -0.160   9.764   0.315  g   0.001  -0.005   0.000[0m
[1;32muart:~$ [m[8D[J[1;32muart:~$ [m[8D[J[00:01:08.275,000] [0m<inf> imu: LSM6DS3TR-C  a  -0.354   9.843   0.531  g   0.023  -0.060   0.013[0m
[1;32muart:~$ [m[8D[J[00:01:08.275,000] [0m<inf> imu: LSM6DSV16X   a  -0.120   9.833   0.913  g  -0.011   0.001  -0.003[0m
[1;32muart:~$ [m[8D[J[1;32muart:~$ [m[8D[J[00:01:08.276,000] [0m<inf> imu: ICM-42688-P  a  -0.150   9.762   0.322  g   0.000  -0.006   0.000[0m
[1;32muart:~$ [m[8D[J[00:01:08.377,000] [0m<inf> imu: LSM6DS3TR-C  a  -0.379   9.839   0.540  g   0.023  -0.061   0.016[0m
[1;32muart:~$ [m[8D[J[00:01:08.378,000] [0m<inf> imu: LSM6DSV16X   a  -0.125   9.837   0.912  g  -0.012   0.002  -0.002[0m
[1;32muart:~$ [m[8D[J[1;32muart:~$ [m[8D[J[00:01:08.378,000] [0m<inf> imu: ICM-42688-P  a  -0.151   9.765   0.316  g  -0.001  -0.005   0.000[0m
[1;32muart:~$ [m[8D[J[00:01:08.480,000] [0m<inf> imu: LSM6DS3TR-C  a  -0.358   9.828   0.569  g   0.021  -0.058   0.016[0m
[1;32muart:~$ [m[8D[J[00:01:08.481,000] [0m<inf> imu: LSM6DSV16X   a  -0.129   9.843   0.919  g  -0.012   0.001  -0.002[0m
[1;32muart:~$ [m[8D[J[1;32muart:~$ [m[8D[J[00:01:08.481,000] [0m<inf> imu: ICM-42688-P  a  -0.162   9.765   0.304  g   0.000  -0.005   0.001[0m
[1;32muart:~$ [m[8D[J[00:01:08.583,000] [0m<inf> imu: LSM6DS3TR-C  a  -0.333   9.860   0.528  g   0.024  -0.060   0.016[0m
[1;32muart:~$ [m[8D[J[1;32muart:~$ [m[8D[J[00:01:08.583,000] [0m<inf> imu: LSM6DSV16X   a  -0.129   9.841   0.912  g  -0.011   0.002  -0.003[0m
[1;32muart:~$ [m[8D[J[00:01:08.584,000] [0m<inf> imu: ICM-42688-P  a  -0.151   9.759   0.327  g  -0.001  -0.005   0.001[0m
[1;32muart:~$ [m[8D[J[1;32muart:~$ [m[8D[J[00:01:08.685,000] [0m<inf> imu: LSM6DS3TR-C  a  -0.365   9.846   0.546  g   0.022  -0.060   0.015[0m
[1;32muart:~$ [m[8D[J[00:01:08.686,000] [0m<inf> imu: LSM6DSV16X   a  -0.121   9.837   0.922  g  -0.011   0.002  -0.003[0m
[1;32muart:~$ [m[8D[J[1;32muart:~$ [m[8D[J[00:01:08.687,000] [0m<inf> imu: ICM-42688-P  a  -0.163   9.764   0.317  g  -0.001  -0.005   0.000[0m
[1;32muart:~$ [m[8D[J[00:01:08.788,000] [0m<inf> imu: LSM6DS3TR-C  a  -0.354   9.827   0.532  g   0.021  -0.062   0.014[0m
[1;32muart:~$ [m[8D[J[1;32muart:~$ [m[8D[J[00:01:08.789,000] [0m<inf> imu: LSM6DSV16X   a  -0.129   9.837   0.915  g  -0.011   0.003  -0.003[0m
[1;32muart:~$ [m[8D[J[00:01:08.789,000] [0m<inf> imu: ICM-42688-P  a  -0.150   9.760   0.317  g  -0.000  -0.005   0.000[0m
[1;32muart:~$ [m[8D[J[1;32muart:~$ [m[8D[J[00:01:08.890,000] [0m<inf> imu: LSM6DS3TR-C  a  -0.372   9.833   0.538  g   0.023  -0.060   0.014[0m
[1;32muart:~$ [m[8D[J[00:01:08.891,000] [0m<inf> imu: LSM6DSV16X   a  -0.123   9.842   0.933  g  -0.011   0.002  -0.003[0m
[1;32muart:~$ [m[8D[J[1;32muart:~$ [m[8D[J[00:01:08.891,000] [0m<inf> imu: ICM-42688-P  a  -0.168   9.760   0.317  g   0.000  -0.005  -0.000[0m
[1;32muart:~$ [m[8D[J[00:01:08.992,000] [0m<inf> imu: LSM6DS3TR-C  a  -0.357   9.853   0.549  g   0.023  -0.060   0.014[0m
[1;32muart:~$ [m[8D[J[00:01:08.993,000] [0m<inf> imu: LSM6DSV16X   a  -0.132   9.836   0.922  g  -0.012   0.002  -0.003[0m
[1;32muart:~$ [m[8D[J[1;32muart:~$ [m[8D[J[00:01:08.994,000] [0m<inf> imu: ICM-42688-P  a  -0.154   9.760   0.309  g   0.001  -0.006   0.000[0m
[1;32muart:~$ [m[8D[J[00:01:09.095,000] [0m<inf> imu: LSM6DS3TR-C  a  -0.382   9.845   0.558  g   0.022  -0.063   0.014[0m
[1;32muart:~$ [m[8D[J[00:01:09.096,000] [0m<inf> imu: LSM6DSV16X   a  -0.126   9.834   0.922  g  -0.012   0.002  -0.003[0m
[1;32muart:~$ [m[8D[J[1;32muart:~$ [m[8D[J[00:01:09.097,000] [0m<inf> imu: ICM-42688-P  a  -0.158   9.761   0.318  g   0.000  -0.005  -0.001[0m
[1;32muart:~$ [m[8D[J[00:01:09.198,000] [0m<inf> imu: LSM6DS3TR-C  a  -0.398   9.845   0.536  g   0.023  -0.060   0.016[0m
[1;32muart:~$ [m[8D[J[1;32muart:~$ [m[8D[J[00:01:09.199,000] [0m<inf> imu: LSM6DSV16X   a  -0.131   9.847   0.916  g  -0.011   0.002  -0.002[0m
[1;32muart:~$ [m[8D[J[00:01:09.200,000] [0m<inf> imu: ICM-42688-P  a  -0.158   9.760   0.314  g   0.000  -0.005   0.001[0m
[1;32muart:~$ [m[8D[J[1;32muart:~$ [m[8D[J[00:01:09.302,000] [0m<inf> imu: LSM6DS3TR-C  a  -0.351   9.865   0.529  g   0.023  -0.061   0.016[0m
[1;32muart:~$ [m[8D[J[00:01:09.303,000] [0m<inf> imu: LSM6DSV16X   a  -0.124   9.837   0.919  g  -0.012   0.001  -0.003[0m
[1;32muart:~$ [m[8D[J[1;32muart:~$ [m[8D[J[00:01:09.303,000] [0m<inf> imu: ICM-42688-P  a  -0.157   9.752   0.322  g   0.001  -0.005   0.001[0m
[1;32muart:~$ [m[8D[J[00:01:09.405,000] [0m<inf> imu: LSM6DS3TR-C  a  -0.351   9.858   0.567  g   0.022  -0.060   0.015[0m
[1;32muart:~$ [m[8D[J[1;32muart:~$ [m[8D[J[00:01:09.405,000] [0m<inf> imu: LSM6DSV16X   a  -0.120   9.847   0.923  g  -0.011   0.002  -0.002[0m
[1;32muart:~$ [m[8D[J[00:01:09.406,000] [0m<inf> imu: ICM-42688-P  a  -0.163   9.762   0.322  g   0.000  -0.005   0.001[0m
[1;32muart:~$ [m[8D[J[1;32muart:~$ [m[8D[J[00:01:09.507,000] [0m<inf> imu: LSM6DS3TR-C  a  -0.372   9.835   0.537  g   0.022  -0.059   0.016[0m
[1;32muart:~$ [m[8D[J[00:01:09.508,000] [0m<inf> imu: LSM6DSV16X   a  -0.133   9.835   0.917  g  -0.012   0.001  -0.003[0m
[1;32muart:~$ [m[8D[J[1;32muart:~$ [m[8D[J[00:01:09.508,000] [0m<inf> imu: ICM-42688-P  a  -0.142   9.743   0.327  g  -0.001  -0.005   0.001[0m
[1;32muart:~$ [m[8D[J[00:01:09.609,000] [0m<inf> imu: LSM6DS3TR-C  a  -0.356   9.852   0.529  g   0.022  -0.060   0.017[0m
[1;32muart:~$ [m[8D[J[00:01:09.610,000] [0m<inf> imu: LSM6DSV16X   a  -0.123   9.832   0.921  g  -0.011   0.002  -0.003[0m
[1;32muart:~$ [m[8D[J[1;32muart:~$ [m[8D[J[00:01:09.610,000] [0m<inf> imu: ICM-42688-P  a  -0.164   9.766   0.322  g  -0.000  -0.005   0.000[0m
[1;32muart:~$ [m[8D[J[00:01:09.712,000] [0m<inf> imu: LSM6DS3TR-C  a  -0.344   9.861   0.550  g   0.021  -0.061   0.014[0m
[1;32muart:~$ [m[8D[J[00:01:09.713,000] [0m<inf> imu: LSM6DSV16X   a  -0.122   9.842   0.921  g  -0.012   0.002  -0.003[0m
[1;32muart:~$ [m[8D[J[1;32muart:~$ [m[8D[J[00:01:09.714,000] [0m<inf> imu: ICM-42688-P  a  -0.150   9.758   0.321  g   0.000  -0.005   0.000[0m
[1;32muart:~$ [m[8D[J[00:01:09.815,000] [0m<inf> imu: LSM6DS3TR-C  a  -0.343   9.849   0.562  g   0.022  -0.060   0.016[0m
[1;32muart:~$ [m[8D[J[1;32muart:~$ [m[8D[J[00:01:09.816,000] [0m<inf> imu: LSM6DSV16X   a  -0.129   9.841   0.927  g  -0.012   0.001  -0.003[0m
[1;32muart:~$ [m[8D[J[00:01:09.816,000] [0m<inf> imu: ICM-42688-P  a  -0.154   9.759   0.320  g   0.000  -0.005   0.000[0m
[1;32muart:~$ [m[8D[J[00:01:09.917,000] [0m<inf> imu: LSM6DS3TR-C  a  -0.345   9.873   0.567  g   0.022  -0.060   0.016[0m
[1;32muart:~$ [m[8D[J[00:01:09.918,000] [0m<inf> imu: LSM6DSV16X   a  -0.125   9.830   0.922  g  -0.011   0.002  -0.003[0m
[1;32muart:~$ [m[8D[J[1;32muart:~$ [m[8D[J[00:01:09.919,000] [0m<inf> imu: ICM-42688-P  a  -0.159   9.759   0.315  g   0.000  -0.005   0.000[0m
[1;32muart:~$ [m[8D[J[1;32muart:~$ [m[8D[J[00:01:10.020,000] [0m<inf> imu: LSM6DS3TR-C  a  -0.374   9.866   0.552  g   0.022  -0.062   0.015[0m
[1;32muart:~$ [m[8D[J[00:01:10.020,000] [0m<inf> imu: LSM6DSV16X   a  -0.122   9.835   0.921  g  -0.012   0.002  -0.003[0m
[1;32muart:~$ [m[8D[J[1;32muart:~$ [m[8D[J[00:01:10.021,000] [0m<inf> imu: ICM-42688-P  a  -0.168   9.750   0.320  g   0.001  -0.005   0.001[0m
[1;32muart:~$ [m[8D[J[00:01:10.122,000] [0m<inf> imu: LSM6DS3TR-C  a  -0.377   9.825   0.561  g   0.021  -0.060   0.014[0m
[1;32muart:~$ [m[8D[J[1;32muart:~$ [m[8D[J[00:01:10.123,000] [0m<inf> imu: LSM6DSV16X   a  -0.132   9.837   0.928  g  -0.012   0.002  -0.003[0m
[1;32muart:~$ [m[8D[J[00:01:10.123,000] [0m<inf> imu: ICM-42688-P  a  -0.166   9.764   0.308  g   0.000  -0.005   0.000[0m
[1;32muart:~$ [m[8D[J[1;32muart:~$ [m[8D[J[00:01:10.224,000] [0m<inf> imu: LSM6DS3TR-C  a  -0.356   9.851   0.561  g   0.021  -0.061   0.014[0m
[1;32muart:~$ [m[8D[J[00:01:10.225,000] [0m<inf> imu: LSM6DSV16X   a  -0.123   9.841   0.923  g  -0.011   0.002  -0.002[0m
[1;32muart:~$ [m[8D[J[1;32muart:~$ [m[8D[J[00:01:10.226,000] [0m<inf> imu: ICM-42688-P  a  -0.157   9.752   0.316  g   0.000  -0.005   0.001[0m
[1;32muart:~$ [m[8D[J[00:01:10.327,000] [0m<inf> imu: LSM6DS3TR-C  a  -0.359   9.822   0.537  g   0.023  -0.059   0.016[0m
[1;32muart:~$ [m[8D[J[00:01:10.327,000] [0m<inf> imu: LSM6DSV16X   a  -0.126   9.837   0.909  g  -0.011   0.002  -0.002[0m
[1;32muart:~$ [m[8D[J[1;32muart:~$ [m[8D[J[00:01:10.328,000] [0m<inf> imu: ICM-42688-P  a  -0.154   9.759   0.310  g   0.001  -0.005   0.001[0m
[1;32muart:~$ [m[8D[J[00:01:10.429,000] [0m<inf> imu: LSM6DS3TR-C  a  -0.335   9.845   0.524  g   0.022  -0.061   0.015[0m
[1;32muart:~$ [m[8D[J[1;32muart:~$ [m[8D[J[00:01:10.430,000] [0m<inf> imu: LSM6DSV16X   a  -0.126   9.834   0.919  g  -0.011   0.002  -0.003[0m
[1;32muart:~$ [m[8D[J[00:01:10.431,000] [0m<inf> imu: ICM-42688-P  a  -0.159   9.768   0.324  g  -0.001  -0.006  -0.001[0m
[1;32muart:~$ [m[8D[J[00:01:10.532,000] [0m<inf> imu: LSM6DS3TR-C  a  -0.347   9.867   0.552  g   0.023  -0.060   0.015[0m
[1;32muart:~$ [m[8D[J[1;32muart:~$ [m[8D[J[00:01:10.533,000] [0m<inf> imu: LSM6DSV16X   a  -0.129   9.839   0.921  g  -0.010   0.002  -0.003[0m
[1;32muart:~$ [m[8D[J[00:01:10.533,000] [0m<inf> imu: ICM-42688-P  a  -0.154   9.777   0.305  g  -0.000  -0.005   0.001[0m
[1;32muart:~$ [m[8D[J[00:01:10.635,000] [0m<inf> imu: LSM6DS3TR-C  a  -0.370   9.871   0.564  g   0.024  -0.060   0.015[0m
[1;32muart:~$ [m[8D[J[00:01:10.635,000] [0m<inf> imu: LSM6DSV16X   a  -0.129   9.837   0.924  g  -0.011   0.002  -0.002[0m
[1;32muart:~$ [m[8D[J[1;32muart:~$ [m[8D[J[00:01:10.636,000] [0m<inf> imu: ICM-42688-P  a  -0.154   9.752   0.302  g   0.000  -0.005   0.000[0m
[1;32muart:~$ [m[8D[J[1;32muart:~$ [m[8D[J[00:01:10.737,000] [0m<inf> imu: LSM6DS3TR-C  a  -0.365   9.867   0.538  g   0.024  -0.061   0.018[0m
[1;32muart:~$ [m[8D[J[00:01:10.738,000] [0m<inf> imu: LSM6DSV16X   a  -0.123   9.837   0.930  g  -0.012   0.002  -0.003[0m
[1;32muart:~$ [m[8D[J[1;32muart:~$ [m[8D[J[00:01:10.738,000] [0m<inf> imu: ICM-42688-P  a  -0.153   9.761   0.311  g  -0.001  -0.005   0.000[0m
[1;32muart:~$ [m[8D[J[00:01:10.839,000] [0m<inf> imu: LSM6DS3TR-C  a  -0.370   9.840   0.529  g   0.022  -0.062   0.015[0m
[1;32muart:~$ [m[8D[J[1;32muart:~$ [m[8D[J[00:01:10.840,000] [0m<inf> imu: LSM6DSV16X   a  -0.123   9.839   0.921  g  -0.012   0.002  -0.003[0m
[1;32muart:~$ [m[8D[J[00:01:10.840,000] [0m<inf> imu: ICM-42688-P  a  -0.158   9.744   0.309  g  -0.001  -0.005   0.001[0m
[1;32muart:~$ [m[8D[J[1;32muart:~$ [m[8D[J[00:01:10.941,000] [0m<inf> imu: LSM6DS3TR-C  a  -0.355   9.845   0.576  g   0.023  -0.061   0.017[0m
[1;32muart:~$ [m[8D[J[00:01:10.942,000] [0m<inf> imu: LSM6DSV16X   a  -0.130   9.836   0.928  g  -0.011   0.003  -0.003[0m
[1;32muart:~$ [m[8D[J[1;32muart:~$ [m[8D[J[00:01:10.943,000] [0m<inf> imu: ICM-42688-P  a  -0.154   9.749   0.316  g   0.000  -0.005   0.000[0m
[1;32muart:~$ [m[8D[J[00:01:11.044,000] [0m<inf> imu: LSM6DS3TR-C  a  -0.372   9.866   0.538  g   0.024  -0.060   0.015[0m
[1;32muart:~$ [m[8D[J[00:01:11.044,000] [0m<inf> imu: LSM6DSV16X   a  -0.127   9.839   0.924  g  -0.012   0.002  -0.003[0m
[1;32muart:~$ [m[8D[J[1;32muart:~$ [m[8D[J[00:01:11.045,000] [0m<inf> imu: ICM-42688-P  a  -0.156   9.761   0.327  g   0.000  -0.004   0.000[0m
[1;32muart:~$ [m[8D[J[00:01:11.146,000] [0m<inf> imu: LSM6DS3TR-C  a  -0.337   9.822   0.579  g   0.023  -0.061   0.015[0m
[1;32muart:~$ [m[8D[J[00:01:11.147,000] [0m<inf> imu: LSM6DSV16X   a  -0.129   9.836   0.931  g  -0.012   0.002  -0.003[0m
[1;32muart:~$ [m[8D[J[1;32muart:~$ [m[8D[J[00:01:11.148,000] [0m<inf> imu: ICM-42688-P  a  -0.153   9.752   0.324  g   0.001  -0.005   0.000[0m
[1;32muart:~$ [m[8D[J[00:01:11.249,000] [0m<inf> imu: LSM6DS3TR-C  a  -0.360   9.866   0.520  g   0.023  -0.060   0.016[0m
[1;32muart:~$ [m[8D[J[1;32muart:~$ [m[8D[J[00:01:11.249,000] [0m<inf> imu: LSM6DSV16X   a  -0.130   9.835   0.918  g  -0.012   0.002  -0.003[0m
[1;32muart:~$ [m[8D[J[00:01:11.250,000] [0m<inf> imu: ICM-42688-P  a  -0.153   9.764   0.308  g   0.001  -0.006   0.000[0m
[1;32muart:~$ [m[8D[J[1;32muart:~$ [m[8D[J[00:01:11.352,000] [0m<inf> imu: LSM6DS3TR-C  a  -0.370   9.834   0.540  g   0.024  -0.060   0.016[0m
[1;32muart:~$ [m[8D[J[00:01:11.353,000] [0m<inf> imu: LSM6DSV16X   a  -0.130   9.842   0.924  g  -0.011   0.003  -0.002[0m
[1;32muart:~$ [m[8D[J[1;32muart:~$ [m[8D[J[00:01:11.354,000] [0m<inf> imu: ICM-42688-P  a  -0.156   9.760   0.316  g   0.000  -0.005   0.001[0m
[1;32muart:~$ [m[8D[J[00:01:11.455,000] [0m<inf> imu: LSM6DS3TR-C  a  -0.362   9.861   0.549  g   0.023  -0.061   0.015[0m
[1;32muart:~$ [m[8D[J[1;32muart:~$ [m[8D[J[00:01:11.456,000] [0m<inf> imu: LSM6DSV16X   a  -0.129   9.835   0.919  g  -0.012   0.002  -0.003[0m
[1;32muart:~$ [m[8D[J[00:01:11.456,000] [0m<inf> imu: ICM-42688-P  a  -0.152   9.756   0.309  g   0.000  -0.005   0.000[0m
[1;32muart:~$ [m[8D[J[1;32muart:~$ [m[8D[J[00:01:11.557,000] [0m<inf> imu: LSM6DS3TR-C  a  -0.341   9.841   0.538  g   0.021  -0.060   0.016[0m
[1;32muart:~$ [m[8D[J[00:01:11.558,000] [0m<inf> imu: LSM6DSV16X   a  -0.129   9.832   0.921  g  -0.011   0.002  -0.003[0m
[1;32muart:~$ [m[8D[J[1;32muart:~$ [m[8D[J[00:01:11.558,000] [0m<inf> imu: ICM-42688-P  a  -0.150   9.756   0.318  g   0.000  -0.004  -0.001[0m
[1;32muart:~$ [m[8D[J[00:01:11.659,000] [0m<inf> imu: LSM6DS3TR-C  a  -0.358   9.867   0.564  g   0.023  -0.062   0.014[0m
[1;32muart:~$ [m[8D[J[00:01:11.660,000] [0m<inf> imu: LSM6DSV16X   a  -0.120   9.830   0.923  g  -0.012   0.002  -0.002[0m
[1;32muart:~$ [m[8D[J[1;32muart:~$ [m[8D[J[00:01:11.661,000] [0m<inf> imu: ICM-42688-P  a  -0.150   9.760   0.328  g   0.000  -0.005   0.001[0m
[1;32muart:~$ [m[8D[J[00:01:11.762,000] [0m<inf> imu: LSM6DS3TR-C  a  -0.383   9.845   0.591  g   0.023  -0.062   0.014[0m
[1;32muart:~$ [m[8D[J[1;32muart:~$ [m[8D[J[00:01:11.763,000] [0m<inf> imu: LSM6DSV16X   a  -0.125   9.842   0.921  g  -0.012   0.002  -0.003[0m
[1;32muart:~$ [m[8D[J[00:01:11.764,000] [0m<inf> imu: ICM-42688-P  a  -0.154   9.756   0.303  g  -0.001  -0.005   0.001[0m
[1;32muart:~$ [m[8D[J[00:01:11.865,000] [0m<inf> imu: LSM6DS3TR-C  a  -0.345   9.818   0.558  g   0.024  -0.060   0.015[0m
[1;32muart:~$ [m[8D[J[1;32muart:~$ [m[8D[J[00:01:11.865,000] [0m<inf> imu: LSM6DSV16X   a  -0.124   9.835   0.924  g  -0.012   0.002  -0.003[0m
[1;32muart:~$ [m[8D[J[00:01:11.866,000] [0m<inf> imu: ICM-42688-P  a  -0.159   9.756   0.314  g  -0.000  -0.005   0.001[0m
[1;32muart:~$ [m[8D[J[00:01:11.967,000] [0m<inf> imu: LSM6DS3TR-C  a  -0.335   9.835   0.588  g   0.024  -0.061   0.016[0m
[1;32muart:~$ [m[8D[J[00:01:11.968,000] [0m<inf> imu: LSM6DSV16X   a  -0.127   9.840   0.930  g  -0.012   0.002  -0.003[0m
[1;32muart:~$ [m[8D[J[1;32muart:~$ [m[8D[J[00:01:11.968,000] [0m<inf> imu: ICM-42688-P  a  -0.153   9.765   0.333  g  -0.000  -0.005  -0.000[0m
[1;32muart:~$ [m[8D[J[1;32muart:~$ [m[8D[J[00:01:12.069,000] [0m<inf> imu: LSM6DS3TR-C  a  -0.355   9.808   0.571  g   0.022  -0.061   0.016[0m
[1;32muart:~$ [m[8D[J[00:01:12.070,000] [0m<inf> imu: LSM6DSV16X   a  -0.132   9.836   0.919  g  -0.011   0.002  -0.003[0m
[1;32muart:~$ [m[8D[J[1;32muart:~$ [m[8D[J[00:01:12.071,000] [0m<inf> imu: ICM-42688-P  a  -0.156   9.749   0.323  g  -0.001  -0.005   0.000[0m
[1;32muart:~$ [m[8D[J[00:01:12.172,000] [0m<inf> imu: LSM6DS3TR-C  a  -0.390   9.857   0.579  g   0.024  -0.062   0.014[0m
[1;32muart:~$ [m[8D[J[1;32muart:~$ [m[8D[J[00:01:12.172,000] [0m<inf> imu: LSM6DSV16X   a  -0.127   9.839   0.916  g  -0.012   0.002  -0.003[0m
[1;32muart:~$ [m[8D[J[00:01:12.173,000] [0m<inf> imu: ICM-42688-P  a  -0.160   9.765   0.324  g   0.000  -0.005   0.000[0m
[1;32muart:~$ [m[8D[J[1;32muart:~$ [m[8D[J[00:01:12.274,000] [0m<inf> imu: LSM6DS3TR-C  a  -0.344   9.802   0.584  g   0.023  -0.060   0.013[0m
[1;32muart:~$ [m[8D[J[00:01:12.275,000] [0m<inf> imu: LSM6DSV16X   a  -0.126   9.835   0.928  g  -0.011   0.002  -0.003[0m
[1;32muart:~$ [m[8D[J[1;32muart:~$ [m[8D[J[00:01:12.275,000] [0m<inf> imu: ICM-42688-P  a  -0.154   9.756   0.309  g  -0.000  -0.005   0.000[0m
[1;32muart:~$ [m[8D[J[00:01:12.376,000] [0m<inf> imu: LSM6DS3TR-C  a  -0.350   9.831   0.573  g   0.023  -0.063   0.016[0m
[1;32muart:~$ [m[8D[J[00:01:12.377,000] [0m<inf> imu: LSM6DSV16X   a  -0.127   9.837   0.928  g  -0.012   0.002  -0.002[0m
[1;32muart:~$ [m[8D[J[1;32muart:~$ [m[8D[J[00:01:12.377,000] [0m<inf> imu: ICM-42688-P  a  -0.156   9.762   0.340  g  -0.001  -0.005   0.001[0m
[1;32muart:~$ [m[8D[J[00:01:12.479,000] [0m<inf> imu: LSM6DS3TR-C  a  -0.367   9.853   0.543  g   0.023  -0.061   0.016[0m
[1;32muart:~$ [m[8D[J[1;32muart:~$ [m[8D[J[00:01:12.480,000] [0m<inf> imu: LSM6DSV16X   a  -0.120   9.833   0.930  g  -0.012   0.003  -0.003[0m
[1;32muart:~$ [m[8D[J[00:01:12.481,000] [0m<inf> imu: ICM-42688-P  a  -0.156   9.756   0.316  g  -0.001  -0.005   0.000[0m
[1;32muart:~$ [m[8D[J[00:01:12.582,000] [0m<inf> imu: LSM6DS3TR-C  a  -0.353   9.857   0.531  g   0.020  -0.060   0.015[0m
[1;32muart:~$ [m[8D[J[1;32muart:~$ [m[8D[J[00:01:12.583,000] [0m<inf> imu: LSM6DSV16X   a  -0.126   9.832   0.926  g  -0.012   0.002  -0.003[0m
[1;32muart:~$ [m[8D[J[00:01:12.583,000] [0m<inf> imu: ICM-42688-P  a  -0.163   9.748   0.318  g   0.000  -0.005   0.000[0m
[1;32muart:~$ [m[8D[J[00:01:12.684,000] [0m<inf> imu: LSM6DS3TR-C  a  -0.364   9.820   0.555  g   0.023  -0.060   0.016[0m
[1;32muart:~$ [m[8D[J[00:01:12.685,000] [0m<inf> imu: LSM6DSV16X   a  -0.127   9.836   0.922  g  -0.011   0.002  -0.003[0m
[1;32muart:~$ [m[8D[J[1;32muart:~$ [m[8D[J[00:01:12.685,000] [0m<inf> imu: ICM-42688-P  a  -0.165   9.756   0.314  g  -0.001  -0.005   0.000[0m
[1;32muart:~$ [m[8D[J[1;32muart:~$ [m[8D[J[00:01:12.786,000] [0m<inf> imu: LSM6DS3TR-C  a  -0.365   9.832   0.557  g   0.023  -0.059   0.014[0m
[1;32muart:~$ [m[8D[J[00:01:12.787,000] [0m<inf> imu: LSM6DSV16X   a  -0.125   9.839   0.919  g  -0.012   0.002  -0.003[0m
[1;32muart:~$ [m[8D[J[1;32muart:~$ [m[8D[J[00:01:12.788,000] [0m<inf> imu: ICM-42688-P  a  -0.160   9.754   0.316  g   0.000  -0.005   0.000[0m
[1;32muart:~$ [m[8D[J[00:01:12.889,000] [0m<inf> imu: LSM6DS3TR-C  a  -0.318   9.827   0.540  g   0.023  -0.060   0.016[0m
[1;32muart:~$ [m[8D[J[1;32muart:~$ [m[8D[J[00:01:12.889,000] [0m<inf> imu: LSM6DSV16X   a  -0.124   9.839   0.925  g  -0.012   0.002  -0.003[0m
[1;32muart:~$ [m[8D[J[00:01:12.890,000] [0m<inf> imu: ICM-42688-P  a  -0.160   9.765   0.312  g  -0.001  -0.005   0.001[0m
[1;32muart:~$ [m[8D[J[1;32muart:~$ [m[8D[J[00:01:12.991,000] [0m<inf> imu: LSM6DS3TR-C  a  -0.333   9.832   0.565  g   0.022  -0.061   0.013[0m
[1;32muart:~$ [m[8D[J[00:01:12.992,000] [0m<inf> imu: LSM6DSV16X   a  -0.127   9.834   0.927  g  -0.012   0.002  -0.003[0m
[1;32muart:~$ [m[8D[J[1;32muart:~$ [m[8D[J[00:01:12.992,000] [0m<inf> imu: ICM-42688-P  a  -0.158   9.754   0.311  g   0.000  -0.005   0.001[0m
[1;32muart:~$ [m[8D[J[00:01:13.093,000] [0m<inf> imu: LSM6DS3TR-C  a  -0.374   9.832   0.562  g   0.023  -0.061   0.016[0m
[1;32muart:~$ [m[8D[J[00:01:13.094,000] [0m<inf> imu: LSM6DSV16X   a  -0.124   9.839   0.919  g  -0.012   0.002  -0.004[0m
[1;32muart:~$ [m[8D[J[1;32muart:~$ [m[8D[J[00:01:13.094,000] [0m<inf> imu: ICM-42688-P  a  -0.159   9.768   0.320  g   0.000  -0.005   0.000[0m
[1;32muart:~$ [m[8D[J[00:01:13.196,000] [0m<inf> imu: LSM6DS3TR-C  a  -0.379   9.830   0.526  g   0.023  -0.060   0.016[0m
[1;32muart:~$ [m[8D[J[00:01:13.197,000] [0m<inf> imu: LSM6DSV16X   a  -0.123   9.835   0.921  g  -0.011   0.003  -0.003[0m
[1;32muart:~$ [m[8D[J[1;32muart:~$ [m[8D[J[00:01:13.198,000] [0m<inf> imu: ICM-42688-P  a  -0.171   9.756   0.311  g  -0.001  -0.005   0.000[0m
[1;32muart:~$ [m[8D[J[00:01:13.299,000] [0m<inf> imu: LSM6DS3TR-C  a  -0.339   9.876   0.514  g   0.022  -0.061   0.014[0m
[1;32muart:~$ [m[8D[J[1;32muart:~$ [m[8D[J[00:01:13.300,000] [0m<inf> imu: LSM6DSV16X   a  -0.132   9.842   0.923  g  -0.011   0.002  -0.003[0m
[1;32muart:~$ [m[8D[J[00:01:13.300,000] [0m<inf> imu: ICM-42688-P  a  -0.158   9.760   0.311  g   0.000  -0.005  -0.001[0m
[1;32muart:~$ [m[8D[J[1;32muart:~$ [m[8D[J[00:01:13.402,000] [0m<inf> imu: LSM6DS3TR-C  a  -0.370   9.848   0.577  g   0.021  -0.061   0.014[0m
[1;32muart:~$ [m[8D[J[00:01:13.403,000] [0m<inf> imu: LSM6DSV16X   a  -0.125   9.839   0.919  g  -0.012   0.002  -0.003[0m
[1;32muart:~$ [m[8D[J[1;32muart:~$ [m[8D[J[00:01:13.404,000] [0m<inf> imu: ICM-42688-P  a  -0.147   9.756   0.316  g   0.001  -0.005  -0.000[0m
[1;32muart:~$ [m[8D[J[00:01:13.505,000] [0m<inf> imu: LSM6DS3TR-C  a  -0.359   9.846   0.564  g   0.021  -0.058   0.015[0m
[1;32muart:~$ [m[8D[J[1;32muart:~$ [m[8D[J[00:01:13.506,000] [0m<inf> imu: LSM6DSV16X   a  -0.134   9.845   0.926  g  -0.012   0.002  -0.002[0m
[1;32muart:~$ [m[8D[J[00:01:13.506,000] [0m<inf> imu: ICM-42688-P  a  -0.157   9.760   0.304  g   0.000  -0.005   0.000[0m
[1;32muart:~$ [m[8D[J[1;32muart:~$ [m[8D[J[00:01:13.607,000] [0m<inf> imu: LSM6DS3TR-C  a  -0.350   9.898   0.567  g   0.021  -0.061   0.016[0m
[1;32muart:~$ [m[8D[J[00:01:13.608,000] [0m<inf> imu: LSM6DSV16X   a  -0.124   9.832   0.923  g  -0.011   0.003  -0.002[0m
[1;32muart:~$ [m[8D[J[1;32muart:~$ [m[8D[J[00:01:13.608,000] [0m<inf> imu: ICM-42688-P  a  -0.170   9.767   0.323  g  -0.001  -0.005   0.001[0m
[1;32muart:~$ [m[8D[J[00:01:13.709,000] [0m<inf> imu: LSM6DS3TR-C  a  -0.363   9.867   0.544  g   0.023  -0.059   0.015[0m
[1;32muart:~$ [m[8D[J[00:01:13.710,000] [0m<inf> imu: LSM6DSV16X   a  -0.134   9.837   0.918  g  -0.012   0.002  -0.002[0m
[1;32muart:~$ [m[8D[J[1;32muart:~$ [m[8D[J[00:01:13.711,000] [0m<inf> imu: ICM-42688-P  a  -0.153   9.754   0.320  g  -0.000  -0.006  -0.000[0m
[1;32muart:~$ [m[8D[J[00:01:13.812,000] [0m<inf> imu: LSM6DS3TR-C  a  -0.378   9.842   0.577  g   0.022  -0.061   0.014[0m
[1;32muart:~$ [m[8D[J[00:01:13.813,000] [0m<inf> imu: LSM6DSV16X   a  -0.120   9.832   0.923  g  -0.011   0.002  -0.003[0m
[1;32muart:~$ [m[8D[J[1;32muart:~$ [m[8D[J[00:01:13.814,000] [0m<inf> imu: ICM-42688-P  a  -0.154   9.758   0.314  g   0.000  -0.005  -0.000[0m
[1;32muart:~$ [m[8D[J[00:01:13.915,000] [0m<inf> imu: LSM6DS3TR-C  a  -0.357   9.845   0.569  g   0.023  -0.061   0.015[0m
[1;32muart:~$ [m[8D[J[1;32muart:~$ [m[8D[J[00:01:13.916,000] [0m<inf> imu: LSM6DSV16X   a  -0.127   9.840   0.916  g  -0.011   0.002  -0.003[0m
[1;32muart:~$ [m[8D[J[00:01:13.916,000] [0m<inf> imu: ICM-42688-P  a  -0.150   9.756   0.311  g  -0.001  -0.005   0.000[0m
[1;32muart:~$ [m[8D[J[1;32muart:~$ [m[8D[J[00:01:14.018,000] [0m<inf> imu: LSM6DS3TR-C  a  -0.385   9.852   0.565  g   0.022  -0.061   0.016[0m
[1;32muart:~$ [m[8D[J[00:01:14.019,000] [0m<inf> imu: LSM6DSV16X   a  -0.129   9.834   0.919  g  -0.011   0.002  -0.002[0m
[1;32muart:~$ [m[8D[J[1;32muart:~$ [m[8D[J[00:01:14.019,000] [0m<inf> imu: ICM-42688-P  a  -0.153   9.765   0.316  g  -0.001  -0.005   0.001[0m
[1;32muart:~$ [m[8D[J[00:01:14.120,000] [0m<inf> imu: LSM6DS3TR-C  a  -0.364   9.863   0.581  g   0.023  -0.060   0.014[0m
[1;32muart:~$ [m[8D[J[1;32muart:~$ [m[8D[J[00:01:14.121,000] [0m<inf> imu: LSM6DSV16X   a  -0.125   9.834   0.919  g  -0.012   0.002  -0.003[0m
[1;32muart:~$ [m[8D[J[00:01:14.122,000] [0m<inf> imu: ICM-42688-P  a  -0.150   9.756   0.323  g   0.000  -0.005   0.000[0m
[1;32muart:~$ [m[8D[J[1;32muart:~$ [m[8D[J[00:01:14.223,000] [0m<inf> imu: LSM6DS3TR-C  a  -0.376   9.845   0.554  g   0.023  -0.061   0.013[0m
[1;32muart:~$ [m[8D[J[00:01:14.223,000] [0m<inf> imu: LSM6DSV16X   a  -0.129   9.836   0.911  g  -0.011   0.001  -0.003[0m
[1;32muart:~$ [m[8D[J[1;32muart:~$ [m[8D[J[00:01:14.224,000] [0m<inf> imu: ICM-42688-P  a  -0.172   9.762   0.324  g   0.000  -0.005  -0.001[0m
[1;32muart:~$ [m[8D[J[00:01:14.325,000] [0m<inf> imu: LSM6DS3TR-C  a  -0.321   9.849   0.527  g   0.020  -0.059   0.016[0m
[1;32muart:~$ [m[8D[J[00:01:14.326,000] [0m<inf> imu: LSM6DSV16X   a  -0.124   9.835   0.921  g  -0.011   0.002  -0.002[0m
[1;32muart:~$ [m[8D[J[1;32muart:~$ [m[8D[J[00:01:14.326,000] [0m<inf> imu: ICM-42688-P  a  -0.162   9.752   0.308  g   0.000  -0.005   0.001[0m
[1;32muart:~$ [m[8D[J[00:01:14.428,000] [0m<inf> imu: LSM6DS3TR-C  a  -0.338   9.858   0.550  g   0.023  -0.062   0.015[0m
[1;32muart:~$ [m[8D[J[1;32muart:~$ [m[8D[J[00:01:14.429,000] [0m<inf> imu: LSM6DSV16X   a  -0.127   9.834   0.919  g  -0.011   0.003  -0.002[0m
[1;32muart:~$ [m[8D[J[00:01:14.430,000] [0m<inf> imu: ICM-42688-P  a  -0.154   9.765   0.324  g  -0.001  -0.005   0.001[0m
[1;32muart:~$ [m[8D[J[00:01:14.531,000] [0m<inf> imu: LSM6DS3TR-C  a  -0.380   9.858   0.574  g   0.024  -0.060   0.015[0m
[1;32muart:~$ [m[8D[J[1;32muart:~$ [m[8D[J[00:01:14.532,000] [0m<inf> imu: LSM6DSV16X   a  -0.132   9.844   0.926  g  -0.011   0.002  -0.003[0m
[1;32muart:~$ [m[8D[J[00:01:14.532,000] [0m<inf> imu: ICM-42688-P  a  -0.158   9.753   0.322  g  -0.000  -0.005   0.000[0m
[1;32muart:~$ [m[8D[J[00:01:14.633,000] [0m<inf> imu: LSM6DS3TR-C  a  -0.380   9.851   0.586  g   0.023  -0.060   0.016[0m
[1;32muart:~$ [m[8D[J[00:01:14.634,000] [0m<inf> imu: LSM6DSV16X   a  -0.127   9.840   0.913  g  -0.012   0.002  -0.002[0m
[1;32muart:~$ [m[8D[J[1;32muart:~$ [m[8D[J[00:01:14.635,000] [0m<inf> imu: ICM-42688-P  a  -0.153   9.761   0.312  g  -0.001  -0.005   0.000[0m
[1;32muart:~$ [m[8D[J[1;32muart:~$ [m[8D[J[00:01:14.736,000] [0m<inf> imu: LSM6DS3TR-C  a  -0.337   9.861   0.534  g   0.023  -0.061   0.015[0m
[1;32muart:~$ [m[8D[J[00:01:14.736,000] [0m<inf> imu: LSM6DSV16X   a  -0.127   9.839   0.924  g  -0.011   0.002  -0.003[0m
[1;32muart:~$ [m[8D[J[1;32muart:~$ [m[8D[J[00:01:14.737,000] [0m<inf> imu: ICM-42688-P  a  -0.148   9.764   0.329  g  -0.001  -0.005   0.000[0m
[1;32muart:~$ [m[8D[J[00:01:14.838,000] [0m<inf> imu: LSM6DS3TR-C  a  -0.368   9.854   0.541  g   0.023  -0.060   0.016[0m
[1;32muart:~$ [m[8D[J[1;32muart:~$ [m[8D[J[00:01:14.839,000] [0m<inf> imu: LSM6DSV16X   a  -0.126   9.837   0.922  g  -0.010   0.002  -0.003[0m
[1;32muart:~$ [m[8D[J[00:01:14.839,000] [0m<inf> imu: ICM-42688-P  a  -0.156   9.755   0.305  g   0.001  -0.005   0.001[0m
[1;32muart:~$ [m[8D[J[1;32muart:~$ [m[8D[J[00:01:14.940,000] [0m<inf> imu: LSM6DS3TR-C  a  -0.373   9.835   0.580  g   0.022  -0.060   0.015[0m
[1;32muart:~$ [m[8D[J[00:01:14.941,000] [0m<inf> imu: LSM6DSV16X   a  -0.124   9.836   0.924  g  -0.011   0.002  -0.003[0m
[1;32muart:~$ [m[8D[J[1;32muart:~$ [m[8D[J[00:01:14.941,000] [0m<inf> imu: ICM-42688-P  a  -0.159   9.765   0.315  g   0.001  -0.005   0.000[0m
[1;32muart:~$ [m[8D[J[00:01:15.042,000] [0m<inf> imu: LSM6DS3TR-C  a  -0.381   9.851   0.562  g   0.025  -0.060   0.016[0m
[1;32muart:~$ [m[8D[J[00:01:15.043,000] [0m<inf> imu: LSM6DSV16X   a  -0.134   9.836   0.931  g  -0.011   0.002  -0.003[0m
[1;32muart:~$ [m[8D[J[1;32muart:~$ [m[8D[J[00:01:15.044,000] [0m<inf> imu: ICM-42688-P  a  -0.154   9.761   0.322  g   0.000  -0.005   0.000[0m
[1;32muart:~$ [m[8D[J[00:01:15.145,000] [0m<inf> imu: LSM6DS3TR-C  a  -0.354   9.827   0.541  g   0.022  -0.060   0.016[0m
[1;32muart:~$ [m[8D[J[00:01:15.146,000] [0m<inf> imu: LSM6DSV16X   a  -0.123   9.836   0.918  g  -0.011   0.002  -0.003[0m
[1;32muart:~$ [m[8D[J[1;32muart:~$ [m[8D[J[00:01:15.147,000] [0m<inf> imu: ICM-42688-P  a  -0.159   9.762   0.333  g   0.000  -0.005   0.001[0m
[1;32muart:~$ [m[8D[J[00:01:15.248,000] [0m<inf> imu: LSM6DS3TR-C  a  -0.364   9.847   0.528  g   0.022  -0.059   0.016[0m
[1;32muart:~$ [m[8D[J[1;32muart:~$ [m[8D[J[00:01:15.249,000] [0m<inf> imu: LSM6DSV16X   a  -0.130   9.830   0.919  g  -0.012   0.003  -0.003[0m
[1;32muart:~$ [m[8D[J[00:01:15.249,000] [0m<inf> imu: ICM-42688-P  a  -0.151   9.747   0.314  g  -0.001  -0.005   0.000[0m
[1;32muart:~$ [m[8D[J[1;32muart:~$ [m[8D[J[00:01:15.351,000] [0m<inf> imu: LSM6DS3TR-C  a  -0.340   9.865   0.558  g   0.022  -0.060   0.016[0m
[1;32muart:~$ [m[8D[J[00:01:15.352,000] [0m<inf> imu: LSM6DSV16X   a  -0.131   9.835   0.927  g  -0.011   0.001  -0.003[0m
[1;32muart:~$ [m[8D[J[1;32muart:~$ [m[8D[J[00:01:15.353,000] [0m<inf> imu: ICM-42688-P  a  -0.156   9.765   0.322  g   0.000  -0.005   0.000[0m
[1;32muart:~$ [m[8D[J[00:01:15.454,000] [0m<inf> imu: LSM6DS3TR-C  a  -0.345   9.820   0.567  g   0.023  -0.060   0.015[0m
[1;32muart:~$ [m[8D[J[1;32muart:~$ [m[8D[J[00:01:15.455,000] [0m<inf> imu: LSM6DSV16X   a  -0.122   9.835   0.923  g  -0.011   0.003  -0.003[0m
[1;32muart:~$ [m[8D[J[00:01:15.455,000] [0m<inf> imu: ICM-42688-P  a  -0.150   9.752   0.314  g   0.001  -0.006   0.000[0m
[1;32muart:~$ [m[8D[J[1;32muart:~$ [m[8D[J[00:01:15.556,000] [0m<inf> imu: LSM6DS3TR-C  a  -0.324   9.864   0.581  g   0.022  -0.060   0.015[0m
[1;32muart:~$ [m[8D[J[00:01:15.557,000] [0m<inf> imu: LSM6DSV16X   a  -0.130   9.829   0.914  g  -0.012   0.002  -0.002[0m
[1;32muart:~$ [m[8D[J[1;32muart:~$ [m[8D[J[00:01:15.558,000] [0m<inf> imu: ICM-42688-P  a  -0.156   9.759   0.328  g  -0.001  -0.005   0.000[0m
[1;32muart:~$ [m[8D[J[00:01:15.659,000] [0m<inf> imu: LSM6DS3TR-C  a  -0.346   9.861   0.573  g   0.023  -0.060   0.016[0m
[1;32muart:~$ [m[8D[J[00:01:15.659,000] [0m<inf> imu: LSM6DSV16X   a  -0.124   9.837   0.923  g  -0.011   0.002  -0.002[0m
[1;32muart:~$ [m[8D[J[1;32muart:~$ [m[8D[J[00:01:15.660,000] [0m<inf> imu: ICM-42688-P  a  -0.153   9.752   0.315  g  -0.001  -0.005   0.001[0m
[1;32muart:~$ [m[8D[J[00:01:15.761,000] [0m<inf> imu: LSM6DS3TR-C  a  -0.352   9.867   0.541  g   0.023  -0.061   0.015[0m
[1;32muart:~$ [m[8D[J[1;32muart:~$ [m[8D[J[00:01:15.762,000] [0m<inf> imu: LSM6DSV16X   a  -0.132   9.839   0.923  g  -0.011   0.002  -0.002[0m
[1;32muart:~$ [m[8D[J[00:01:15.763,000] [0m<inf> imu: ICM-42688-P  a  -0.159   9.756   0.332  g   0.000  -0.005   0.001[0m
[1;32muart:~$ [m[8D[J[00:01:15.864,000] [0m<inf> imu: LSM6DS3TR-C  a  -0.352   9.854   0.567  g   0.023  -0.061   0.016[0m
[1;32muart:~$ [m[8D[J[1;32muart:~$ [m[8D[J[00:01:15.865,000] [0m<inf> imu: LSM6DSV16X   a  -0.122   9.835   0.924  g  -0.012   0.002  -0.002[0m
[1;32muart:~$ [m[8D[J[00:01:15.865,000] [0m<inf> imu: ICM-42688-P  a  -0.160   9.744   0.318  g   0.001  -0.005   0.000[0m
[1;32muart:~$ [m[8D[J[00:01:15.967,000] [0m<inf> imu: LSM6DS3TR-C  a  -0.362   9.824   0.549  g   0.021  -0.061   0.017[0m
[1;32muart:~$ [m[8D[J[00:01:15.967,000] [0m<inf> imu: LSM6DSV16X   a  -0.132   9.840   0.913  g  -0.011   0.002  -0.003[0m
[1;32muart:~$ [m[8D[J[1;32muart:~$ [m[8D[J[00:01:15.968,000] [0m<inf> imu: ICM-42688-P  a  -0.159   9.756   0.311  g   0.001  -0.005   0.001[0m
[1;32muart:~$ [m[8D[J[1;32muart:~$ [m[8D[J[00:01:16.069,000] [0m<inf> imu: LSM6DS3TR-C  a  -0.360   9.852   0.525  g   0.022  -0.060   0.015[0m
[1;32muart:~$ [m[8D[J[00:01:16.070,000] [0m<inf> imu: LSM6DSV16X   a  -0.127   9.834   0.919  g  -0.012   0.002  -0.003[0m
[1;32muart:~$ [m[8D[J[1;32muart:~$ [m[8D[J[00:01:16.070,000] [0m<inf> imu: ICM-42688-P  a  -0.153   9.748   0.317  g   0.000  -0.006   0.001[0m
[1;32muart:~$ [m[8D[J[00:01:16.171,000] [0m<inf> imu: LSM6DS3TR-C  a  -0.378   9.876   0.530  g   0.022  -0.061   0.015[0m
[1;32muart:~$ [m[8D[J[1;32muart:~$ [m[8D[J[00:01:16.172,000] [0m<inf> imu: LSM6DSV16X   a  -0.132   9.827   0.913  g  -0.011   0.002  -0.002[0m
[1;32muart:~$ [m[8D[J[00:01:16.172,000] [0m<inf> imu: ICM-42688-P  a  -0.160   9.765   0.308  g  -0.001  -0.005  -0.000[0m
[1;32muart:~$ [m[8D[J[1;32muart:~$ [m[8D[J[00:01:16.273,000] [0m<inf> imu: LSM6DS3TR-C  a  -0.358   9.842   0.574  g   0.023  -0.061   0.014[0m
[1;32muart:~$ [m[8D[J[00:01:16.274,000] [0m<inf> imu: LSM6DSV16X   a  -0.127   9.839   0.921  g  -0.012   0.002  -0.003[0m
[1;32muart:~$ [m[8D[J[1;32muart:~$ [m[8D[J[00:01:16.275,000] [0m<inf> imu: ICM-42688-P  a  -0.154   9.771   0.323  g   0.000  -0.005  -0.000[0m
[1;32muart:~$ [m[8D[J[00:01:16.376,000] [0m<inf> imu: LSM6DS3TR-C  a  -0.342   9.858   0.516  g   0.023  -0.060   0.014[0m
[1;32muart:~$ [m[8D[J[00:01:16.376,000] [0m<inf> imu: LSM6DSV16X   a  -0.129   9.829   0.924  g  -0.011   0.002  -0.003[0m
[1;32muart:~$ [m[8D[J[1;32muart:~$ [m[8D[J[00:01:16.377,000] [0m<inf> imu: ICM-42688-P  a  -0.148   9.767   0.320  g   0.000  -0.005   0.001[0m
[1;32muart:~$ [m[8D[J[00:01:16.478,000] [0m<inf> imu: LSM6DS3TR-C  a  -0.376   9.861   0.574  g   0.022  -0.060   0.016[0m
[1;32muart:~$ [m[8D[J[00:01:16.479,000] [0m<inf> imu: LSM6DSV16X   a  -0.120   9.837   0.921  g  -0.013   0.002  -0.002[0m
[1;32muart:~$ [m[8D[J[1;32muart:~$ [m[8D[J[00:01:16.480,000] [0m<inf> imu: ICM-42688-P  a  -0.160   9.756   0.305  g   0.001  -0.005   0.000[0m
[1;32muart:~$ [m[8D[J[00:01:16.581,000] [0m<inf> imu: LSM6DS3TR-C  a  -0.347   9.858   0.568  g   0.025  -0.060   0.015[0m
[1;32muart:~$ [m[8D[J[1;32muart:~$ [m[8D[J[00:01:16.582,000] [0m<inf> imu: LSM6DSV16X   a  -0.124   9.841   0.919  g  -0.012   0.002  -0.003[0m
[1;32muart:~$ [m[8D[J[00:01:16.582,000] [0m<inf> imu: ICM-42688-P  a  -0.153   9.768   0.311  g   0.000  -0.005   0.001[0m
[1;32muart:~$ [m[8D[J[1;32muart:~$ [m[8D[J[00:01:16.684,000] [0m<inf> imu: LSM6DS3TR-C  a  -0.351   9.826   0.569  g   0.023  -0.061   0.013[0m
[1;32muart:~$ [m[8D[J[00:01:16.685,000] [0m<inf> imu: LSM6DSV16X   a  -0.124   9.837   0.922  g  -0.011   0.002  -0.003[0m
[1;32muart:~$ [m[8D[J[1;32muart:~$ [m[8D[J[00:01:16.686,000] [0m<inf> imu: ICM-42688-P  a  -0.162   9.760   0.308  g  -0.000  -0.005   0.000[0m
[1;32muart:~$ [m[8D[J[00:01:16.787,000] [0m<inf> imu: LSM6DS3TR-C  a  -0.346   9.860   0.533  g   0.022  -0.060   0.014[0m
[1;32muart:~$ [m[8D[J[1;32muart:~$ [m[8D[J[00:01:16.788,000] [0m<inf> imu: LSM6DSV16X   a  -0.121   9.835   0.922  g  -0.011   0.002  -0.003[0m
[1;32muart:~$ [m[8D[J[00:01:16.788,000] [0m<inf> imu: ICM-42688-P  a  -0.152   9.743   0.311  g   0.001  -0.005   0.001[0m
[1;32muart:~$ [m[8D[J[1;32muart:~$ [m[8D[J[00:01:16.889,000] [0m<inf> imu: LSM6DS3TR-C  a  -0.371   9.860   0.592  g   0.022  -0.060   0.016[0m
[1;32muart:~$ [m[8D[J[00:01:16.890,000] [0m<inf> imu: LSM6DSV16X   a  -0.129   9.839   0.916  g  -0.012   0.002  -0.003[0m
[1;32muart:~$ [m[8D[J[1;32muart:~$ [m[8D[J[00:01:16.890,000] [0m<inf> imu: ICM-42688-P  a  -0.166   9.759   0.314  g   0.000  -0.006   0.000[0m
[1;32muart:~$ [m[8D[J[00:01:16.991,000] [0m<inf> imu: LSM6DS3TR-C  a  -0.368   9.843   0.578  g   0.021  -0.060   0.015[0m
[1;32muart:~$ [m[8D[J[00:01:16.992,000] [0m<inf> imu: LSM6DSV16X   a  -0.124   9.835   0.921  g  -0.013   0.001  -0.003[0m
[1;32muart:~$ [m[8D[J[1;32muart:~$ [m[8D[J[00:01:16.993,000] [0m<inf> imu: ICM-42688-P  a  -0.152   9.759   0.326  g  -0.001  -0.005   0.000[0m
[1;32muart:~$ [m[8D[J[00:01:17.094,000] [0m<inf> imu: LSM6DS3TR-C  a  -0.369   9.837   0.565  g   0.022  -0.060   0.015[0m
[1;32muart:~$ [m[8D[J[00:01:17.095,000] [0m<inf> imu: LSM6DSV16X   a  -0.123   9.839   0.926  g  -0.011   0.002  -0.003[0m
[1;32muart:~$ [m[8D[J[1;32muart:~$ [m[8D[J[00:01:17.096,000] [0m<inf> imu: ICM-42688-P  a  -0.154   9.762   0.311  g   0.000  -0.005   0.001[0m
[1;32muart:~$ [m[8D[J[00:01:17.197,000] [0m<inf> imu: LSM6DS3TR-C  a  -0.369   9.854   0.553  g   0.022  -0.061   0.015[0m
[1;32muart:~$ [m[8D[J[00:01:17.197,000] [0m<inf> imu: LSM6DSV16X   a  -0.120   9.836   0.916  g  -0.012   0.001  -0.003[0m
[1;32muart:~$ [m[8D[J[1;32muart:~$ [m[8D[J[00:01:17.198,000] [0m<inf> imu: ICM-42688-P  a  -0.154   9.747   0.308  g   0.001  -0.005   0.001[0m
[1;32muart:~$ [m[8D[J[00:01:17.299,000] [0m<inf> imu: LSM6DS3TR-C  a  -0.390   9.852   0.526  g   0.024  -0.062   0.015[0m
[1;32muart:~$ [m[8D[J[1;32muart:~$ [m[8D[J[00:01:17.300,000] [0m<inf> imu: LSM6DSV16X   a  -0.129   9.840   0.915  g  -0.012   0.002  -0.003[0m
[1;32muart:~$ [m[8D[J[00:01:17.300,000] [0m<inf> imu: ICM-42688-P  a  -0.154   9.760   0.315  g  -0.001  -0.006   0.001[0m
[1;32muart:~$ [m[8D[J[1;32muart:~$ [m[8D[J[00:01:17.401,000] [0m<inf> imu: LSM6DS3TR-C  a  -0.378   9.855   0.568  g   0.023  -0.061   0.014[0m
[1;32muart:~$ [m[8D[J[00:01:17.402,000] [0m<inf> imu: LSM6DSV16X   a  -0.132   9.835   0.916  g  -0.011   0.002  -0.002[0m
[1;32muart:~$ [m[8D[J[1;32muart:~$ [m[8D[J[00:01:17.403,000] [0m<inf> imu: ICM-42688-P  a  -0.163   9.760   0.333  g  -0.001  -0.006   0.000[0m
[1;32muart:~$ [m[8D[J[00:01:17.504,000] [0m<inf> imu: LSM6DS3TR-C  a  -0.372   9.847   0.565  g   0.023  -0.060   0.014[0m
[1;32muart:~$ [m[8D[J[1;32muart:~$ [m[8D[J[00:01:17.504,000] [0m<inf> imu: LSM6DSV16X   a  -0.132   9.835   0.922  g  -0.011   0.002  -0.002[0m
[1;32muart:~$ [m[8D[J[00:01:17.505,000] [0m<inf> imu: ICM-42688-P  a  -0.151   9.752   0.324  g  -0.001  -0.005  -0.001[0m
[1;32muart:~$ [m[8D[J[1;32muart:~$ [m[8D[J[00:01:17.606,000] [0m<inf> imu: LSM6DS3TR-C  a  -0.351   9.842   0.560  g   0.024  -0.060   0.016[0m
[1;32muart:~$ [m[8D[J[00:01:17.607,000] [0m<inf> imu: LSM6DSV16X   a  -0.126   9.839   0.919  g  -0.011   0.002  -0.002[0m
[1;32muart:~$ [m[8D[J[1;32muart:~$ [m[8D[J[00:01:17.607,000] [0m<inf> imu: ICM-42688-P  a  -0.142   9.766   0.311  g   0.000  -0.006   0.000[0m
[1;32muart:~$ [m[8D[J[00:01:17.708,000] [0m<inf> imu: LSM6DS3TR-C  a  -0.332   9.850   0.559  g   0.023  -0.059   0.016[0m
[1;32muart:~$ [m[8D[J[00:01:17.709,000] [0m<inf> imu: LSM6DSV16X   a  -0.130   9.837   0.922  g  -0.011   0.003  -0.003[0m
[1;32muart:~$ [m[8D[J[1;32muart:~$ [m[8D[J[00:01:17.709,000] [0m<inf> imu: ICM-42688-P  a  -0.168   9.756   0.316  g   0.000  -0.005   0.000[0m
[1;32muart:~$ [m[8D[J[00:01:17.811,000] [0m<inf> imu: LSM6DS3TR-C  a  -0.350   9.858   0.588  g   0.021  -0.060   0.015[0m
[1;32muart:~$ [m[8D[J[1;32muart:~$ [m[8D[J[00:01:17.812,000] [0m<inf> imu: LSM6DSV16X   a  -0.125   9.837   0.918  g  -0.012   0.003  -0.003[0m
[1;32muart:~$ [m[8D[J[00:01:17.812,000] [0m<inf> imu: ICM-42688-P  a  -0.169   9.749   0.316  g   0.001  -0.005   0.001[0m
[1;32muart:~$ [m[8D[J[00:01:17.914,000] [0m<inf> imu: LSM6DS3TR-C  a  -0.327   9.862   0.573  g   0.023  -0.059   0.016[0m
[1;32muart:~$ [m[8D[J[1;32muart:~$ [m[8D[J[00:01:17.914,000] [0m<inf> imu: LSM6DSV16X   a  -0.127   9.840   0.921  g  -0.011   0.002  -0.002[0m
[1;32muart:~$ [m[8D[J[00:01:17.915,000] [0m<inf> imu: ICM-42688-P  a  -0.160   9.752   0.312  g   0.001  -0.005   0.001[0m
[1;32muart:~$ [m[8D[J[00:01:18.016,000] [0m<inf> imu: LSM6DS3TR-C  a  -0.315   9.841   0.559  g   0.023  -0.060   0.014[0m
[1;32muart:~$ [m[8D[J[00:01:18.017,000] [0m<inf> imu: LSM6DSV16X   a  -0.129   9.832   0.919  g  -0.012   0.002  -0.003[0m
[1;32muart:~$ [m[8D[J[1;32muart:~$ [m[8D[J[00:01:18.017,000] [0m<inf> imu: ICM-42688-P  a  -0.151   9.746   0.311  g  -0.000  -0.005   0.000[0m
[1;32muart:~$ [m[8D[J[1;32muart:~$ [m[8D[J[00:01:18.118,000] [0m<inf> imu: LSM6DS3TR-C  a  -0.363   9.858   0.562  g   0.023  -0.060   0.013[0m
[1;32muart:~$ [m[8D[J[00:01:18.119,000] [0m<inf> imu: LSM6DSV16X   a  -0.129   9.834   0.913  g  -0.012   0.003  -0.003[0m
[1;32muart:~$ [m[8D[J[1;32muart:~$ [m[8D[J[00:01:18.119,000] [0m<inf> imu: ICM-42688-P  a  -0.165   9.760   0.311  g   0.001  -0.005   0.001[0m
[1;32muart:~$ [m[8D[J[00:01:18.220,000] [0m<inf> imu: LSM6DS3TR-C  a  -0.366   9.854   0.538  g   0.023  -0.060   0.015[0m
[1;32muart:~$ [m[8D[J[1;32muart:~$ [m[8D[J[00:01:18.221,000] [0m<inf> imu: LSM6DSV16X   a  -0.127   9.841   0.924  g  -0.011   0.002  -0.002[0m
[1;32muart:~$ [m[8D[J[00:01:18.222,000] [0m<inf> imu: ICM-42688-P  a  -0.159   9.767   0.329  g   0.001  -0.006  -0.001[0m
[1;32muart:~$ [m[8D[J[1;32muart:~$ [m[8D[J[00:01:18.323,000] [0m<inf> imu: LSM6DS3TR-C  a  -0.382   9.842   0.552  g   0.022  -0.062   0.016[0m
[1;32muart:~$ [m[8D[J[00:01:18.323,000] [0m<inf> imu: LSM6DSV16X   a  -0.122   9.833   0.930  g  -0.012   0.003  -0.003[0m
[1;32muart:~$ [m[8D[J[1;32muart:~$ [m[8D[J[00:01:18.324,000] [0m<inf> imu: ICM-42688-P  a  -0.148   9.759   0.322  g   0.000  -0.005   0.000[0m
[1;32muart:~$ [m[8D[J[00:01:18.425,000] [0m<inf> imu: LSM6DS3TR-C  a  -0.343   9.845   0.547  g   0.023  -0.060   0.014[0m
[1;32muart:~$ [m[8D[J[00:01:18.426,000] [0m<inf> imu: LSM6DSV16X   a  -0.124   9.842   0.923  g  -0.012   0.002  -0.003[0m
[1;32muart:~$ [m[8D[J[1;32muart:~$ [m[8D[J[00:01:18.426,000] [0m<inf> imu: ICM-42688-P  a  -0.158   9.761   0.316  g   0.000  -0.005   0.000[0m
[1;32muart:~$ [m[8D[J[00:01:18.528,000] [0m<inf> imu: LSM6DS3TR-C  a  -0.368   9.842   0.604  g   0.024  -0.061   0.014[0m
[1;32muart:~$ [m[8D[J[00:01:18.529,000] [0m<inf> imu: LSM6DSV16X   a  -0.129   9.837   0.919  g  -0.011   0.002  -0.002[0m
[1;32muart:~$ [m[8D[J[1;32muart:~$ [m[8D[J[00:01:18.530,000] [0m<inf> imu: ICM-42688-P  a  -0.147   9.754   0.299  g  -0.001  -0.006   0.001[0m
[1;32muart:~$ [m[8D[J[00:01:18.631,000] [0m<inf> imu: LSM6DS3TR-C  a  -0.345   9.840   0.559  g   0.024  -0.059   0.014[0m
[1;32muart:~$ [m[8D[J[1;32muart:~$ [m[8D[J[00:01:18.632,000] [0m<inf> imu: LSM6DSV16X   a  -0.127   9.835   0.912  g  -0.011   0.002  -0.002[0m
[1;32muart:~$ [m[8D[J[00:01:18.633,000] [0m<inf> imu: ICM-42688-P  a  -0.159   9.748   0.323  g   0.000  -0.005   0.001[0m
[1;32muart:~$ [m[8D[J[1;32muart:~$ [m[8D[J[00:01:18.734,000] [0m<inf> imu: LSM6DS3TR-C  a  -0.360   9.840   0.572  g   0.023  -0.059   0.016[0m
[1;32muart:~$ [m[8D[J[00:01:18.735,000] [0m<inf> imu: LSM6DSV16X   a  -0.125   9.845   0.921  g  -0.012   0.002  -0.003[0m
[1;32muart:~$ [m[8D[J[1;32muart:~$ [m[8D[J[00:01:18.736,000] [0m<inf> imu: ICM-42688-P  a  -0.163   9.756   0.308  g   0.001  -0.005   0.001[0m
[1;32muart:~$ [m[8D[J[00:01:18.837,000] [0m<inf> imu: LSM6DS3TR-C  a  -0.355   9.850   0.584  g   0.024  -0.061   0.014[0m
[1;32muart:~$ [m[8D[J[1;32muart:~$ [m[8D[J[00:01:18.838,000] [0m<inf> imu: LSM6DSV16X   a  -0.124   9.834   0.931  g  -0.012   0.002  -0.003[0m
[1;32muart:~$ [m[8D[J[00:01:18.838,000] [0m<inf> imu: ICM-42688-P  a  -0.159   9.762   0.317  g   0.000  -0.005   0.001[0m
[1;32muart:~$ [m[8D[J[1;32muart:~$ [m[8D[J[00:01:18.939,000] [0m<inf> imu: LSM6DS3TR-C  a  -0.359   9.870   0.558  g   0.023  -0.059   0.014[0m
[1;32muart:~$ [m[8D[J[00:01:18.940,000] [0m<inf> imu: LSM6DSV16X   a  -0.129   9.837   0.933  g  -0.011   0.002  -0.003[0m
[1;32muart:~$ [m[8D[J[1;32muart:~$ [m[8D[J[00:01:18.941,000] [0m<inf> imu: ICM-42688-P  a  -0.154   9.758   0.321  g   0.000  -0.005   0.000[0m
[1;32muart:~$ [m[8D[J[00:01:19.042,000] [0m<inf> imu: LSM6DS3TR-C  a  -0.368   9.835   0.552  g   0.023  -0.061   0.014[0m
[1;32muart:~$ [m[8D[J[00:01:19.042,000] [0m<inf> imu: LSM6DSV16X   a  -0.127   9.837   0.921  g  -0.010   0.002  -0.003[0m
[1;32muart:~$ [m[8D[J[1;32muart:~$ [m[8D[J[00:01:19.043,000] [0m<inf> imu: ICM-42688-P  a  -0.152   9.766   0.324  g  -0.000  -0.006   0.001[0m
[1;32muart:~$ [m[8D[J[00:01:19.145,000] [0m<inf> imu: LSM6DS3TR-C  a  -0.369   9.854   0.564  g   0.022  -0.060   0.015[0m
[1;32muart:~$ [m[8D[J[00:01:19.145,000] [0m<inf> imu: LSM6DSV16X   a  -0.132   9.837   0.915  g  -0.012   0.002  -0.003[0m
[1;32muart:~$ [m[8D[J[1;32muart:~$ [m[8D[J[00:01:19.146,000] [0m<inf> imu: ICM-42688-P  a  -0.154   9.756   0.308  g   0.000  -0.005   0.001[0m
[1;32muart:~$ [m[8D[J[00:01:19.248,000] [0m<inf> imu: LSM6DS3TR-C  a  -0.386   9.829   0.549  g   0.022  -0.061   0.016[0m
[1;32muart:~$ [m[8D[J[1;32muart:~$ [m[8D[J[00:01:19.248,000] [0m<inf> imu: LSM6DSV16X   a  -0.124   9.839   0.918  g  -0.012   0.002  -0.003[0m
[1;32muart:~$ [m[8D[J[00:01:19.249,000] [0m<inf> imu: ICM-42688-P  a  -0.162   9.768   0.310  g   0.000  -0.005   0.001[0m
[1;32muart:~$ [m[8D[J[1;32muart:~$ [m[8D[J[00:01:19.351,000] [0m<inf> imu: LSM6DS3TR-C  a  -0.343   9.857   0.596  g   0.024  -0.060   0.015[0m
[1;32muart:~$ [m[8D[J[00:01:19.352,000] [0m<inf> imu: LSM6DSV16X   a  -0.125   9.844   0.914  g  -0.011   0.001  -0.002[0m
[1;32muart:~$ [m[8D[J[1;32muart:~$ [m[8D[J[00:01:19.352,000] [0m<inf> imu: ICM-42688-P  a  -0.151   9.748   0.315  g  -0.000  -0.005   0.000[0m
[1;32muart:~$ [m[8D[J[00:01:19.453,000] [0m<inf> imu: LSM6DS3TR-C  a  -0.371   9.835   0.577  g   0.022  -0.060   0.016[0m
[1;32muart:~$ [m[8D[J[1;32muart:~$ [m[8D[J[00:01:19.454,000] [0m<inf> imu: LSM6DSV16X   a  -0.133   9.837   0.924  g  -0.012   0.001  -0.002[0m
[1;32muart:~$ [m[8D[J[00:01:19.455,000] [0m<inf> imu: ICM-42688-P  a  -0.154   9.764   0.327  g   0.000  -0.005   0.001[0m
[1;32muart:~$ [m[8D[J[1;32muart:~$ [m[8D[J[00:01:19.556,000] [0m<inf> imu: LSM6DS3TR-C  a  -0.347   9.873   0.544  g   0.023  -0.062   0.016[0m
[1;32muart:~$ [m[8D[J[00:01:19.556,000] [0m<inf> imu: LSM6DSV16X   a  -0.126   9.837   0.919  g  -0.012   0.002  -0.003[0m
[1;32muart:~$ [m[8D[J[1;32muart:~$ [m[8D[J[00:01:19.557,000] [0m<inf> imu: ICM-42688-P  a  -0.164   9.765   0.318  g  -0.000  -0.005   0.001[0m
[1;32muart:~$ [m[8D[J[00:01:19.658,000] [0m<inf> imu: LSM6DS3TR-C  a  -0.359   9.860   0.561  g   0.022  -0.061   0.015[0m
[1;32muart:~$ [m[8D[J[00:01:19.659,000] [0m<inf> imu: LSM6DSV16X   a  -0.131   9.836   0.931  g  -0.012   0.002  -0.003[0m
[1;32muart:~$ [m[8D[J[1;32muart:~$ [m[8D[J[00:01:19.659,000] [0m<inf> imu: ICM-42688-P  a  -0.159   9.758   0.297  g   0.000  -0.006   0.001[0m
[1;32muart:~$ [m[8D[J[00:01:19.761,000] [0m<inf> imu: LSM6DS3TR-C  a  -0.351   9.842   0.575  g   0.024  -0.061   0.014[0m
[1;32muart:~$ [m[8D[J[00:01:19.762,000] [0m<inf> imu: LSM6DSV16X   a  -0.124   9.836   0.916  g  -0.011   0.002  -0.003[0m
[1;32muart:~$ [m[8D[J[1;32muart:~$ [m[8D[J[00:01:19.763,000] [0m<inf> imu: ICM-42688-P  a  -0.153   9.761   0.317  g   0.001  -0.005   0.000[0m
[1;32muart:~$ [m[8D[J[00:01:19.864,000] [0m<inf> imu: LSM6DS3TR-C  a  -0.342   9.847   0.559  g   0.021  -0.060   0.014[0m
[1;32muart:~$ [m[8D[J[1;32muart:~$ [m[8D[J[00:01:19.865,000] [0m<inf> imu: LSM6DSV16X   a  -0.132   9.844   0.926  g  -0.011   0.003  -0.003[0m
[1;32muart:~$ [m[8D[J[00:01:19.865,000] [0m<inf> imu: ICM-42688-P  a  -0.169   9.761   0.311  g   0.001  -0.004   0.000[0m
[1;32muart:~$ [m[8D[J[1;32muart:~$ [m[8D[J[00:01:19.967,000] [0m<inf> imu: LSM6DS3TR-C  a  -0.357   9.867   0.528  g   0.024  -0.060   0.014[0m
[1;32muart:~$ [m[8D[J[00:01:19.968,000] [0m<inf> imu: LSM6DSV16X   a  -0.118   9.839   0.921  g  -0.011   0.002  -0.003[0m
[1;32muart:~$ [m[8D[J[1;32muart:~$ [m[8D[J[00:01:19.969,000] [0m<inf> imu: ICM-42688-P  a  -0.163   9.755   0.317  g  -0.000  -0.005   0.000[0m
[1;32muart:~$ [m[8D[J[00:01:20.070,000] [0m<inf> imu: LSM6DS3TR-C  a  -0.363   9.862   0.543  g   0.024  -0.062   0.015[0m
[1;32muart:~$ [m[8D[J[1;32muart:~$ [m[8D[J[00:01:20.071,000] [0m<inf> imu: LSM6DSV16X   a  -0.132   9.842   0.921  g  -0.011   0.002  -0.002[0m
[1;32muart:~$ [m[8D[J[00:01:20.071,000] [0m<inf> imu: ICM-42688-P  a  -0.163   9.755   0.321  g   0.000  -0.005   0.000[0m
[1;32muart:~$ [m[8D[J[1;32muart:~$ [m[8D[J[00:01:20.172,000] [0m<inf> imu: LSM6DS3TR-C  a  -0.380   9.819   0.541  g   0.023  -0.060   0.015[0m
[1;32muart:~$ [m[8D[J[00:01:20.173,000] [0m<inf> imu: LSM6DSV16X   a  -0.122   9.833   0.919  g  -0.012   0.002  -0.003[0m
[1;32muart:~$ [m[8D[J[1;32muart:~$ [m[8D[J[00:01:20.173,000] [0m<inf> imu: ICM-42688-P  a  -0.160   9.755   0.308  g   0.000  -0.005   0.001[0m
[1;32muart:~$ [m[8D[J[00:01:20.274,000] [0m<inf> imu: LSM6DS3TR-C  a  -0.363   9.814   0.572  g   0.024  -0.060   0.015[0m
[1;32muart:~$ [m[8D[J[00:01:20.275,000] [0m<inf> imu: LSM6DSV16X   a  -0.129   9.830   0.921  g  -0.011   0.003  -0.002[0m
[1;32muart:~$ [m[8D[J[1;32muart:~$ [m[8D[J[00:01:20.276,000] [0m<inf> imu: ICM-42688-P  a  -0.156   9.755   0.317  g  -0.001  -0.005   0.000[0m
[1;32muart:~$ [m[8D[J[00:01:20.378,000] [0m<inf> imu: LSM6DS3TR-C  a  -0.372   9.867   0.538  g   0.022  -0.059   0.015[0m
[1;32muart:~$ [m[8D[J[1;32muart:~$ [m[8D[J[00:01:20.379,000] [0m<inf> imu: LSM6DSV16X   a  -0.127   9.832   0.919  g  -0.011   0.002  -0.003[0m
[1;32muart:~$ [m[8D[J[00:01:20.379,000] [0m<inf> imu: ICM-42688-P  a  -0.150   9.762   0.327  g   0.001  -0.005   0.001[0m
[1;32muart:~$ [m[8D[J[00:01:20.480,000] [0m<inf> imu: LSM6DS3TR-C  a  -0.355   9.856   0.575  g   0.023  -0.060   0.013[0m
[1;32muart:~$ [m[8D[J[1;32muart:~$ [m[8D[J[00:01:20.481,000] [0m<inf> imu: LSM6DSV16X   a  -0.132   9.840   0.923  g  -0.011   0.003  -0.003[0m
[1;32muart:~$ [m[8D[J[00:01:20.482,000] [0m<inf> imu: ICM-42688-P  a  -0.153   9.759   0.326  g  -0.001  -0.006  -0.000[0m
[1;32muart:~$ [m[8D[J[00:01:20.583,000] [0m<inf> imu: LSM6DS3TR-C  a  -0.343   9.837   0.568  g   0.023  -0.060   0.016[0m
[1;32muart:~$ [m[8D[J[00:01:20.583,000] [0m<inf> imu: LSM6DSV16X   a  -0.129   9.840   0.928  g  -0.013   0.001  -0.003[0m
[1;32muart:~$ [m[8D[J[1;32muart:~$ [m[8D[J[00:01:20.584,000] [0m<inf> imu: ICM-42688-P  a  -0.159   9.764   0.324  g   0.000  -0.006   0.001[0m
[1;32muart:~$ [m[8D[J[1;32muart:~$ [m[8D[J[00:01:20.685,000] [0m<inf> imu: LSM6DS3TR-C  a  -0.394   9.874   0.564  g   0.023  -0.058   0.016[0m
[1;32muart:~$ [m[8D[J[00:01:20.686,000] [0m<inf> imu: LSM6DSV16X   a  -0.123   9.840   0.914  g  -0.011   0.002  -0.003[0m
[1;32muart:~$ [m[8D[J[1;32muart:~$ [m[8D[J[00:01:20.686,000] [0m<inf> imu: ICM-42688-P  a  -0.162   9.765   0.318  g   0.000  -0.006   0.000[0m
[1;32muart:~$ [m[8D[J[00:01:20.787,000] [0m<inf> imu: LSM6DS3TR-C  a  -0.392   9.826   0.559  g   0.024  -0.061   0.016[0m
[1;32muart:~$ [m[8D[J[1;32muart:~$ [m[8D[J[00:01:20.788,000] [0m<inf> imu: LSM6DSV16X   a  -0.124   9.840   0.926  g  -0.012   0.002  -0.002[0m
[1;32muart:~$ [m[8D[J[00:01:20.789,000] [0m<inf> imu: ICM-42688-P  a  -0.156   9.761   0.318  g   0.001  -0.006   0.000[0m
[1;32muart:~$ [m[8D[J[1;32muart:~$ [m[8D[J[00:01:20.890,000] [0m<inf> imu: LSM6DS3TR-C  a  -0.370   9.830   0.567  g   0.023  -0.059   0.016[0m
[1;32muart:~$ [m[8D[J[00:01:20.890,000] [0m<inf> imu: LSM6DSV16X   a  -0.129   9.835   0.922  g  -0.012   0.002  -0.003[0m
[1;32muart:~$ [m[8D[J[1;32muart:~$ [m[8D[J[00:01:20.891,000] [0m<inf> imu: ICM-42688-P  a  -0.166   9.761   0.320  g   0.000  -0.005   0.001[0m
[1;32muart:~$ [m[8D[J[00:01:20.992,000] [0m<inf> imu: LSM6DS3TR-C  a  -0.360   9.825   0.544  g   0.024  -0.060   0.014[0m
[1;32muart:~$ [m[8D[J[00:01:20.993,000] [0m<inf> imu: LSM6DSV16X   a  -0.126   9.836   0.921  g  -0.012   0.002  -0.003[0m
[1;32muart:~$ [m[8D[J[1;32muart:~$ [m[8D[J[00:01:20.993,000] [0m<inf> imu: ICM-42688-P  a  -0.147   9.759   0.323  g   0.001  -0.005   0.000[0m
[1;32muart:~$ [m[8D[J[00:01:21.095,000] [0m<inf> imu: LSM6DS3TR-C  a  -0.354   9.870   0.548  g   0.022  -0.059   0.016[0m
[1;32muart:~$ [m[8D[J[00:01:21.096,000] [0m<inf> imu: LSM6DSV16X   a  -0.127   9.830   0.919  g  -0.012   0.003  -0.003[0m
[1;32muart:~$ [m[8D[J[1;32muart:~$ [m[8D[J[00:01:21.096,000] [0m<inf> imu: ICM-42688-P  a  -0.160   9.753   0.317  g   0.000  -0.005   0.001[0m
[1;32muart:~$ [m[8D[J[00:01:21.197,000] [0m<inf> imu: LSM6DS3TR-C  a  -0.357   9.853   0.572  g   0.023  -0.062   0.014[0m
[1;32muart:~$ [m[8D[J[00:01:21.198,000] [0m<inf> imu: LSM6DSV16X   a  -0.127   9.845   0.919  g  -0.012   0.003  -0.003[0m
[1;32muart:~$ [m[8D[J[1;32muart:~$ [m[8D[J[00:01:21.198,000] [0m<inf> imu: ICM-42688-P  a  -0.160   9.771   0.308  g   0.001  -0.005   0.000[0m
[1;32muart:~$ [m[8D[J[00:01:21.300,000] [0m<inf> imu: LSM6DS3TR-C  a  -0.334   9.854   0.569  g   0.024  -0.060   0.013[0m
[1;32muart:~$ [m[8D[J[1;32muart:~$ [m[8D[J[00:01:21.301,000] [0m<inf> imu: LSM6DSV16X   a  -0.132   9.835   0.934  g  -0.012   0.002  -0.003[0m
[1;32muart:~$ [m[8D[J[00:01:21.301,000] [0m<inf> imu: ICM-42688-P  a  -0.156   9.764   0.321  g   0.001  -0.006  -0.000[0m
[1;32muart:~$ [m[8D[J[1;32muart:~$ [m[8D[J[00:01:21.402,000] [0m<inf> imu: LSM6DS3TR-C  a  -0.383   9.832   0.559  g   0.024  -0.060   0.013[0m
[1;32muart:~$ [m[8D[J[00:01:21.403,000] [0m<inf> imu: LSM6DSV16X   a  -0.130   9.836   0.913  g  -0.011   0.002  -0.003[0m
[1;32muart:~$ [m[8D[J[1;32muart:~$ [m[8D[J[00:01:21.404,000] [0m<inf> imu: ICM-42688-P  a  -0.162   9.756   0.322  g   0.000  -0.005   0.001[0m
[1;32muart:~$ [m[8D[J[00:01:21.505,000] [0m<inf> imu: LSM6DS3TR-C  a  -0.336   9.814   0.545  g   0.024  -0.060   0.016[0m
[1;32muart:~$ [m[8D[J[1;32muart:~$ [m[8D[J[00:01:21.505,000] [0m<inf> imu: LSM6DSV16X   a  -0.124   9.835   0.914  g  -0.010   0.003  -0.003[0m
[1;32muart:~$ [m[8D[J[00:01:21.506,000] [0m<inf> imu: ICM-42688-P  a  -0.153   9.765   0.324  g   0.001  -0.005   0.000[0m
[1;32muart:~$ [m[8D[J[1;32muart:~$ [m[8D[J[00:01:21.607,000] [0m<inf> imu: LSM6DS3TR-C  a  -0.365   9.876   0.542  g   0.021  -0.061   0.014[0m
[1;32muart:~$ [m[8D[J[00:01:21.608,000] [0m<inf> imu: LSM6DSV16X   a  -0.124   9.837   0.927  g  -0.012   0.002  -0.003[0m
[1;32muart:~$ [m[8D[J[1;32muart:~$ [m[8D[J[00:01:21.608,000] [0m<inf> imu: ICM-42688-P  a  -0.147   9.758   0.310  g  -0.000  -0.006   0.001[0m
[1;32muart:~$ [m[8D[J[00:01:21.709,000] [0m<inf> imu: LSM6DS3TR-C  a  -0.316   9.845   0.574  g   0.024  -0.060   0.015[0m
[1;32muart:~$ [m[8D[J[00:01:21.710,000] [0m<inf> imu: LSM6DSV16X   a  -0.125   9.835   0.918  g  -0.011   0.002  -0.003[0m
[1;32muart:~$ [m[8D[J[1;32muart:~$ [m[8D[J[00:01:21.710,000] [0m<inf> imu: ICM-42688-P  a  -0.166   9.764   0.329  g   0.000  -0.005  -0.000[0m
[1;32muart:~$ [m[8D[J[00:01:21.812,000] [0m<inf> imu: LSM6DS3TR-C  a  -0.374   9.833   0.550  g   0.023  -0.060   0.014[0m
[1;32muart:~$ [m[8D[J[00:01:21.812,000] [0m<inf> imu: LSM6DSV16X   a  -0.127   9.835   0.917  g  -0.011   0.001  -0.003[0m
[1;32muart:~$ [m[8D[J[1;32muart:~$ [m[8D[J[00:01:21.813,000] [0m<inf> imu: ICM-42688-P  a  -0.159   9.760   0.328  g   0.000  -0.005   0.000[0m
[1;32muart:~$ [m[8D[J[00:01:21.914,000] [0m<inf> imu: LSM6DS3TR-C  a  -0.373   9.861   0.571  g   0.023  -0.061   0.014[0m
[1;32muart:~$ [m[8D[J[1;32muart:~$ [m[8D[J[00:01:21.915,000] [0m<inf> imu: LSM6DSV16X   a  -0.124   9.837   0.931  g  -0.011   0.002  -0.002[0m
[1;32muart:~$ [m[8D[J[00:01:21.916,000] [0m<inf> imu: ICM-42688-P  a  -0.168   9.762   0.311  g  -0.001  -0.005   0.000[0m
[1;32muart:~$ [m[8D[J[00:01:22.017,000] [0m<inf> imu: LSM6DS3TR-C  a  -0.360   9.840   0.537  g   0.024  -0.060   0.016[0m
[1;32muart:~$ [m[8D[J[00:01:22.017,000] [0m<inf> imu: LSM6DSV16X   a  -0.124   9.835   0.923  g  -0.011   0.001  -0.003[0m
[1;32muart:~$ [m[8D[J[1;32muart:~$ [m[8D[J[00:01:22.018,000] [0m<inf> imu: ICM-42688-P  a  -0.159   9.756   0.320  g   0.000  -0.006   0.000[0m
[1;32muart:~$ [m[8D[J[1;32muart:~$ [m[8D[J[00:01:22.119,000] [0m<inf> imu: LSM6DS3TR-C  a  -0.364   9.855   0.550  g   0.024  -0.062   0.015[0m
[1;32muart:~$ [m[8D[J[00:01:22.120,000] [0m<inf> imu: LSM6DSV16X   a  -0.129   9.840   0.928  g  -0.012   0.002  -0.003[0m
[1;32muart:~$ [m[8D[J[1;32muart:~$ [m[8D[J[00:01:22.120,000] [0m<inf> imu: ICM-42688-P  a  -0.153   9.764   0.311  g  -0.001  -0.005   0.001[0m
[1;32muart:~$ [m[8D[J[00:01:22.221,000] [0m<inf> imu: LSM6DS3TR-C  a  -0.385   9.856   0.532  g   0.024  -0.060   0.014[0m
[1;32muart:~$ [m[8D[J[1;32muart:~$ [m[8D[J[00:01:22.222,000] [0m<inf> imu: LSM6DSV16X   a  -0.132   9.830   0.921  g  -0.011   0.002  -0.003[0m
[1;32muart:~$ [m[8D[J[00:01:22.222,000] [0m<inf> imu: ICM-42688-P  a  -0.169   9.747   0.324  g  -0.000  -0.005   0.001[0m
[1;32muart:~$ [m[8D[J[1;32muart:~$ [m[8D[J[00:01:22.323,000] [0m<inf> imu: LSM6DS3TR-C  a  -0.366   9.835   0.607  g   0.022  -0.063   0.015[0m
[1;32muart:~$ [m[8D[J[00:01:22.324,000] [0m<inf> imu: LSM6DSV16X   a  -0.130   9.837   0.925  g  -0.011   0.002  -0.003[0m
[1;32muart:~$ [m[8D[J[1;32muart:~$ [m[8D[J[00:01:22.325,000] [0m<inf> imu: ICM-42688-P  a  -0.150   9.760   0.316  g   0.001  -0.005   0.001[0m
[1;32muart:~$ [m[8D[J[00:01:22.426,000] [0m<inf> imu: LSM6DS3TR-C  a  -0.333   9.840   0.565  g   0.026  -0.060   0.015[0m
[1;32muart:~$ [m[8D[J[00:01:22.427,000] [0m<inf> imu: LSM6DSV16X   a  -0.133   9.835   0.933  g  -0.011   0.002  -0.003[0m
[1;32muart:~$ [m[8D[J[1;32muart:~$ [m[8D[J[00:01:22.427,000] [0m<inf> imu: ICM-42688-P  a  -0.157   9.753   0.317  g   0.000  -0.005   0.002[0m
[1;32muart:~$ [m[8D[J[00:01:22.528,000] [0m<inf> imu: LSM6DS3TR-C  a  -0.343   9.845   0.581  g   0.021  -0.061   0.012[0m
[1;32muart:~$ [m[8D[J[1;32muart:~$ [m[8D[J[00:01:22.529,000] [0m<inf> imu: LSM6DSV16X   a  -0.135   9.846   0.926  g  -0.011   0.002  -0.003[0m
[1;32muart:~$ [m[8D[J[00:01:22.530,000] [0m<inf> imu: ICM-42688-P  a  -0.163   9.750   0.310  g  -0.000  -0.005   0.001[0m
[1;32muart:~$ [m[8D[J[1;32muart:~$ [m[8D[J[00:01:22.631,000] [0m<inf> imu: LSM6DS3TR-C  a  -0.327   9.835   0.538  g   0.024  -0.060   0.015[0m
[1;32muart:~$ [m[8D[J[00:01:22.632,000] [0m<inf> imu: LSM6DSV16X   a  -0.129   9.830   0.919  g  -0.011   0.002  -0.002[0m
[1;32muart:~$ [m[8D[J[00:01:22.632,000] [0m<inf> imu: ICM-42688-P  a  -0.162   9.756   0.321  g   0.000  -0.006   0.000[0m
[1;32muart:~$ [m[8D[J[1;32muart:~$ [m[8D[J[00:01:22.734,000] [0m<inf> imu: LSM6DS3TR-C  a  -0.357   9.865   0.539  g   0.022  -0.063   0.014[0m
[1;32muart:~$ [m[8D[J[00:01:22.735,000] [0m<inf> imu: LSM6DSV16X   a  -0.132   9.837   0.917  g  -0.011   0.002  -0.003[0m
[1;32muart:~$ [m[8D[J[1;32muart:~$ [m[8D[J[00:01:22.736,000] [0m<inf> imu: ICM-42688-P  a  -0.162   9.756   0.329  g  -0.001  -0.005   0.001[0m
[1;32muart:~$ [m[8D[J[00:01:22.837,000] [0m<inf> imu: LSM6DS3TR-C  a  -0.380   9.836   0.533  g   0.021  -0.060   0.016[0m
[1;32muart:~$ [m[8D[J[1;32muart:~$ [m[8D[J[00:01:22.838,000] [0m<inf> imu: LSM6DSV16X   a  -0.124   9.841   0.922  g  -0.012   0.002  -0.002[0m
[1;32muart:~$ [m[8D[J[00:01:22.838,000] [0m<inf> imu: ICM-42688-P  a  -0.148   9.762   0.320  g  -0.001  -0.005   0.000[0m
[1;32muart:~$ [m[8D[J[1;32muart:~$ [m[8D[J[00:01:22.939,000] [0m<inf> imu: LSM6DS3TR-C  a  -0.378   9.845   0.562  g   0.023  -0.060   0.014[0m
[1;32muart:~$ [m[8D[J[00:01:22.940,000] [0m<inf> imu: LSM6DSV16X   a  -0.124   9.837   0.917  g  -0.012   0.003  -0.003[0m
[1;32muart:~$ [m[8D[J[1;32muart:~$ [m[8D[J[00:01:22.940,000] [0m<inf> imu: ICM-42688-P  a  -0.157   9.749   0.305  g   0.000  -0.005   0.000[0m
[1;32muart:~$ [m[8D[J[00:01:23.041,000] [0m<inf> imu: LSM6DS3TR-C  a  -0.369   9.835   0.559  g   0.022  -0.059   0.016[0m
[1;32muart:~$ [m[8D[J[00:01:23.042,000] [0m<inf> imu: LSM6DSV16X   a  -0.129   9.834   0.926  g  -0.012   0.002  -0.003[0m
[1;32muart:~$ [m[8D[J[1;32muart:~$ [m[8D[J[00:01:23.043,000] [0m<inf> imu: ICM-42688-P  a  -0.160   9.756   0.330  g   0.001  -0.005   0.001[0m
[1;32muart:~$ [m[8D[J[00:01:23.144,000] [0m<inf> imu: LSM6DS3TR-C  a  -0.347   9.820   0.543  g   0.022  -0.062   0.016[0m
[1;32muart:~$ [m[8D[J[00:01:23.145,000] [0m<inf> imu: LSM6DSV16X   a  -0.129   9.835   0.919  g  -0.012   0.003  -0.004[0m
[1;32muart:~$ [m[8D[J[1;32muart:~$ [m[8D[J[00:01:23.146,000] [0m<inf> imu: ICM-42688-P  a  -0.153   9.747   0.316  g   0.000  -0.005   0.001[0m
[1;32muart:~$ [m[8D[J[00:01:23.248,000] [0m<inf> imu: LSM6DS3TR-C  a  -0.363   9.867   0.538  g   0.023  -0.059   0.016[0m
[1;32muart:~$ [m[8D[J[1;32muart:~$ [m[8D[J[00:01:23.248,000] [0m<inf> imu: LSM6DSV16X   a  -0.131   9.829   0.921  g  -0.011   0.001  -0.003[0m
[1;32muart:~$ [m[8D[J[00:01:23.249,000] [0m<inf> imu: ICM-42688-P  a  -0.154   9.760   0.311  g   0.000  -0.004   0.000[0m
[1;32muart:~$ [m[8D[J[00:01:23.350,000] [0m<inf> imu: LSM6DS3TR-C  a  -0.361   9.859   0.586  g   0.024  -0.061   0.014[0m
[1;32muart:~$ [m[8D[J[00:01:23.351,000] [0m<inf> imu: LSM6DSV16X   a  -0.129   9.837   0.926  g  -0.012   0.002  -0.003[0m
[1;32muart:~$ [m[8D[J[1;32muart:~$ [m[8D[J[00:01:23.351,000] [0m<inf> imu: ICM-42688-P  a  -0.146   9.760   0.312  g   0.001  -0.005   0.002[0m
[1;32muart:~$ [m[8D[J[1;32muart:~$ [m[8D[J[00:01:23.452,000] [0m<inf> imu: LSM6DS3TR-C  a  -0.348   9.866   0.526  g   0.025  -0.062   0.015[0m
[1;32muart:~$ [m[8D[J[00:01:23.453,000] [0m<inf> imu: LSM6DSV16X   a  -0.129   9.842   0.929  g  -0.012   0.002  -0.003[0m
[1;32muart:~$ [m[8D[J[1;32muart:~$ [m[8D[J[00:01:23.453,000] [0m<inf> imu: ICM-42688-P  a  -0.162   9.753   0.310  g  -0.000  -0.005   0.000[0m
[1;32muart:~$ [m[8D[J[00:01:23.554,000] [0m<inf> imu: LSM6DS3TR-C  a  -0.365   9.815   0.538  g   0.023  -0.061   0.013[0m
[1;32muart:~$ [m[8D[J[1;32muart:~$ [m[8D[J[00:01:23.555,000] [0m<inf> imu: LSM6DSV16X   a  -0.130   9.835   0.919  g  -0.012   0.002  -0.003[0m
[1;32muart:~$ [m[8D[J[00:01:23.556,000] [0m<inf> imu: ICM-42688-P  a  -0.150   9.753   0.316  g   0.000  -0.005   0.000[0m
[1;32muart:~$ [m[8D[J[1;32muart:~$ [m[8D[J[00:01:23.657,000] [0m<inf> imu: LSM6DS3TR-C  a  -0.352   9.821   0.541  g   0.023  -0.061   0.014[0m
[1;32muart:~$ [m[8D[J[00:01:23.657,000] [0m<inf> imu: LSM6DSV16X   a  -0.127   9.832   0.921  g  -0.012   0.002  -0.003[0m
[1;32muart:~$ [m[8D[J[1;32muart:~$ [m[8D[J[00:01:23.658,000] [0m<inf> imu: ICM-42688-P  a  -0.162   9.756   0.318  g  -0.001  -0.005   0.000[0m
[1;32muart:~$ [m[8D[J[00:01:23.759,000] [0m<inf> imu: LSM6DS3TR-C  a  -0.384   9.849   0.540  g   0.021  -0.059   0.015[0m
[1;32muart:~$ [m[8D[J[00:01:23.760,000] [0m<inf> imu: LSM6DSV16X   a  -0.121   9.845   0.915  g  -0.011   0.003  -0.003[0m
[1;32muart:~$ [m[8D[J[1;32muart:~$ [m[8D[J[00:01:23.760,000] [0m<inf> imu: ICM-42688-P  a  -0.154   9.761   0.320  g   0.000  -0.005   0.000[0m
[1;32muart:~$ [m[8D[J[00:01:23.862,000] [0m<inf> imu: LSM6DS3TR-C  a  -0.332   9.848   0.522  g   0.024  -0.060   0.015[0m
[1;32muart:~$ [m[8D[J[1;32muart:~$ [m[8D[J[00:01:23.863,000] [0m<inf> imu: LSM6DSV16X   a  -0.122   9.835   0.921  g  -0.011   0.003  -0.003[0m
[1;32muart:~$ [m[8D[J[00:01:23.864,000] [0m<inf> imu: ICM-42688-P  a  -0.154   9.749   0.311  g   0.000  -0.005   0.000[0m
[1;32muart:~$ [m[8D[J[00:01:23.965,000] [0m<inf> imu: LSM6DS3TR-C  a  -0.393   9.873   0.538  g   0.022  -0.060   0.017[0m
[1;32muart:~$ [m[8D[J[1;32muart:~$ [m[8D[J[00:01:23.966,000] [0m<inf> imu: LSM6DSV16X   a  -0.124   9.835   0.924  g  -0.011   0.002  -0.003[0m
[1;32muart:~$ [m[8D[J[00:01:23.966,000] [0m<inf> imu: ICM-42688-P  a  -0.156   9.752   0.316  g  -0.000  -0.005   0.001[0m
[1;32muart:~$ [m[8D[J[00:01:24.067,000] [0m<inf> imu: LSM6DS3TR-C  a  -0.360   9.857   0.547  g   0.023  -0.061   0.016[0m
[1;32muart:~$ [m[8D[J[00:01:24.068,000] [0m<inf> imu: LSM6DSV16X   a  -0.125   9.841   0.924  g  -0.011   0.002  -0.002[0m
[1;32muart:~$ [m[8D[J[1;32muart:~$ [m[8D[J[00:01:24.068,000] [0m<inf> imu: ICM-42688-P  a  -0.141   9.756   0.323  g  -0.001  -0.005  -0.000[0m
[1;32muart:~$ [m[8D[J[1;32muart:~$ [m[8D[J[00:01:24.169,000] [0m<inf> imu: LSM6DS3TR-C  a  -0.330   9.870   0.552  g   0.020  -0.060   0.014[0m
[1;32muart:~$ [m[8D[J[00:01:24.170,000] [0m<inf> imu: LSM6DSV16X   a  -0.126   9.840   0.912  g  -0.012   0.002  -0.002[0m
[1;32muart:~$ [m[8D[J[1;32muart:~$ [m[8D[J[00:01:24.171,000] [0m<inf> imu: ICM-42688-P  a  -0.158   9.755   0.321  g  -0.001  -0.005   0.001[0m
[1;32muart:~$ [m[8D[J[00:01:24.272,000] [0m<inf> imu: LSM6DS3TR-C  a  -0.366   9.875   0.528  g   0.021  -0.062   0.014[0m
[1;32muart:~$ [m[8D[J[1;32muart:~$ [m[8D[J[00:01:24.272,000] [0m<inf> imu: LSM6DSV16X   a  -0.122   9.841   0.925  g  -0.012   0.002  -0.003[0m
[1;32muart:~$ [m[8D[J[00:01:24.273,000] [0m<inf> imu: ICM-42688-P  a  -0.159   9.771   0.320  g  -0.000  -0.005   0.000[0m
[1;32muart:~$ [m[8D[J[1;32muart:~$ [m[8D[J[00:01:24.374,000] [0m<inf> imu: LSM6DS3TR-C  a  -0.360   9.862   0.556  g   0.022  -0.060   0.015[0m
[1;32muart:~$ [m[8D[J[00:01:24.375,000] [0m<inf> imu: LSM6DSV16X   a  -0.120   9.837   0.924  g  -0.012   0.001  -0.003[0m
[1;32muart:~$ [m[8D[J[1;32muart:~$ [m[8D[J[00:01:24.375,000] [0m<inf> imu: ICM-42688-P  a  -0.153   9.749   0.324  g   0.000  -0.005   0.001[0m
[1;32muart:~$ [m[8D[J[00:01:24.476,000] [0m<inf> imu: LSM6DS3TR-C  a  -0.360   9.837   0.529  g   0.024  -0.060   0.015[0m
[1;32muart:~$ [m[8D[J[00:01:24.477,000] [0m<inf> imu: LSM6DSV16X   a  -0.122   9.840   0.926  g  -0.011   0.002  -0.003[0m
[1;32muart:~$ [m[8D[J[1;32muart:~$ [m[8D[J[00:01:24.478,000] [0m<inf> imu: ICM-42688-P  a  -0.150   9.766   0.320  g  -0.001  -0.005   0.001[0m
[1;32muart:~$ [m[8D[J[00:01:24.579,000] [0m<inf> imu: LSM6DS3TR-C  a  -0.367   9.849   0.559  g   0.023  -0.062   0.018[0m
[1;32muart:~$ [m[8D[J[1;32muart:~$ [m[8D[J[00:01:24.580,000] [0m<inf> imu: LSM6DSV16X   a  -0.124   9.835   0.916  g  -0.012   0.001  -0.003[0m
[1;32muart:~$ [m[8D[J[00:01:24.581,000] [0m<inf> imu: ICM-42688-P  a  -0.157   9.755   0.324  g  -0.000  -0.005   0.001[0m
[1;32muart:~$ [m[8D[J[1;32muart:~$ [m[8D[J[00:01:24.682,000] [0m<inf> imu: LSM6DS3TR-C  a  -0.379   9.855   0.519  g   0.022  -0.060   0.013[0m
[1;32muart:~$ [m[8D[J[00:01:24.683,000] [0m<inf> imu: LSM6DSV16X   a  -0.126   9.837   0.919  g  -0.011   0.002  -0.003[0m
[1;32muart:~$ [m[8D[J[00:01:24.683,000] [0m<inf> imu: ICM-42688-P  a  -0.163   9.766   0.317  g   0.000  -0.005   0.001[0m
[1;32muart:~$ [m[8D[J[1;32muart:~$ [m[8D[J[00:01:24.785,000] [0m<inf> imu: LSM6DS3TR-C  a  -0.365   9.864   0.522  g   0.025  -0.060   0.016[0m
[1;32muart:~$ [m[8D[J[00:01:24.786,000] [0m<inf> imu: LSM6DSV16X   a  -0.136   9.835   0.921  g  -0.012   0.002  -0.003[0m
[1;32muart:~$ [m[8D[J[1;32muart:~$ [m[8D[J[00:01:24.787,000] [0m<inf> imu: ICM-42688-P  a  -0.154   9.754   0.309  g  -0.000  -0.005   0.000[0m
[1;32muart:~$ [m[8D[J[00:01:24.888,000] [0m<inf> imu: LSM6DS3TR-C  a  -0.363   9.861   0.553  g   0.022  -0.059   0.015[0m
[1;32muart:~$ [m[8D[J[1;32muart:~$ [m[8D[J[00:01:24.889,000] [0m<inf> imu: LSM6DSV16X   a  -0.129   9.837   0.924  g  -0.012   0.002  -0.002[0m
[1;32muart:~$ [m[8D[J[00:01:24.889,000] [0m<inf> imu: ICM-42688-P  a  -0.158   9.762   0.320  g   0.000  -0.005   0.000[0m
[1;32muart:~$ [m[8D[J[1;32muart:~$ [m[8D[J[00:01:24.990,000] [0m<inf> imu: LSM6DS3TR-C  a  -0.332   9.831   0.537  g   0.022  -0.060   0.014[0m
[1;32muart:~$ [m[8D[J[00:01:24.991,000] [0m<inf> imu: LSM6DSV16X   a  -0.126   9.839   0.928  g  -0.011   0.002  -0.003[0m
[1;32muart:~$ [m[8D[J[1;32muart:~$ [m[8D[J[00:01:24.991,000] [0m<inf> imu: ICM-42688-P  a  -0.152   9.750   0.303  g   0.001  -0.005   0.000[0m
[1;32muart:~$ [m[8D[J[00:01:25.093,000] [0m<inf> imu: LSM6DS3TR-C  a  -0.374   9.833   0.537  g   0.021  -0.061   0.014[0m
[1;32muart:~$ [m[8D[J[00:01:25.093,000] [0m<inf> imu: LSM6DSV16X   a  -0.130   9.837   0.921  g  -0.012   0.002  -0.002[0m
[1;32muart:~$ [m[8D[J[00:01:25.094,000] [0m<inf> imu: ICM-42688-P  a  -0.159   9.753   0.310  g   0.000  -0.005   0.000[0m
[1;32muart:~$ [m[8D[J[1;32muart:~$ [m[8D[J[00:01:25.196,000] [0m<inf> imu: LSM6DS3TR-C  a  -0.356   9.869   0.522  g   0.024  -0.058   0.016[0m
[1;32muart:~$ [m[8D[J[00:01:25.196,000] [0m<inf> imu: LSM6DSV16X   a  -0.122   9.842   0.916  g  -0.011   0.002  -0.003[0m
[1;32muart:~$ [m[8D[J[1;32muart:~$ [m[8D[J[00:01:25.197,000] [0m<inf> imu: ICM-42688-P  a  -0.160   9.743   0.320  g  -0.000  -0.005   0.000[0m
[1;32muart:~$ [m[8D[J[00:01:25.299,000] [0m<inf> imu: LSM6DS3TR-C  a  -0.354   9.858   0.563  g   0.024  -0.061   0.015[0m
[1;32muart:~$ [m[8D[J[1;32muart:~$ [m[8D[J[00:01:25.300,000] [0m<inf> imu: LSM6DSV16X   a  -0.131   9.835   0.910  g  -0.011   0.002  -0.003[0m
[1;32muart:~$ [m[8D[J[00:01:25.301,000] [0m<inf> imu: ICM-42688-P  a  -0.151   9.752   0.303  g  -0.000  -0.005   0.001[0m
[1;32muart:~$ [m[8D[J[1;32muart:~$ [m[8D[J[00:01:25.403,000] [0m<inf> imu: LSM6DS3TR-C  a  -0.357   9.859   0.565  g   0.022  -0.062   0.015[0m
[1;32muart:~$ [m[8D[J[00:01:25.403,000] [0m<inf> imu: LSM6DSV16X   a  -0.129   9.835   0.916  g  -0.013   0.002  -0.003[0m
[1;32muart:~$ [m[8D[J[1;32muart:~$ [m[8D[J[00:01:25.404,000] [0m<inf> imu: ICM-42688-P  a  -0.163   9.755   0.305  g  -0.000  -0.004   0.000[0m
[1;32muart:~$ [m[8D[J[00:01:25.505,000] [0m<inf> imu: LSM6DS3TR-C  a  -0.363   9.860   0.562  g   0.023  -0.061   0.013[0m
[1;32muart:~$ [m[8D[J[1;32muart:~$ [m[8D[J[00:01:25.506,000] [0m<inf> imu: LSM6DSV16X   a  -0.129   9.839   0.921  g  -0.012   0.001  -0.003[0m
[1;32muart:~$ [m[8D[J[00:01:25.506,000] [0m<inf> imu: ICM-42688-P  a  -0.163   9.765   0.324  g  -0.001  -0.005   0.001[0m
[1;32muart:~$ [m[8D[J[1;32muart:~$ [m[8D[J[00:01:25.607,000] [0m<inf> imu: LSM6DS3TR-C  a  -0.368   9.837   0.588  g   0.024  -0.061   0.015[0m
[1;32muart:~$ [m[8D[J[00:01:25.608,000] [0m<inf> imu: LSM6DSV16X   a  -0.136   9.839   0.924  g  -0.012   0.002  -0.002[0m
[1;32muart:~$ [m[8D[J[1;32muart:~$ [m[8D[J[00:01:25.609,000] [0m<inf> imu: ICM-42688-P  a  -0.154   9.765   0.315  g  -0.000  -0.005   0.000[0m
[1;32muart:~$ [m[8D[J[00:01:25.710,000] [0m<inf> imu: LSM6DS3TR-C  a  -0.324   9.836   0.562  g   0.023  -0.059   0.014[0m
[1;32muart:~$ [m[8D[J[00:01:25.710,000] [0m<inf> imu: LSM6DSV16X   a  -0.127   9.839   0.919  g  -0.011   0.002  -0.003[0m
[1;32muart:~$ [m[8D[J[1;32muart:~$ [m[8D[J[00:01:25.711,000] [0m<inf> imu: ICM-42688-P  a  -0.159   9.749   0.318  g   0.000  -0.005   0.000[0m
[1;32muart:~$ [m[8D[J[00:01:25.813,000] [0m<inf> imu: LSM6DS3TR-C  a  -0.410   9.849   0.536  g   0.024  -0.060   0.016[0m
[1;32muart:~$ [m[8D[J[1;32muart:~$ [m[8D[J[00:01:25.814,000] [0m<inf> imu: LSM6DSV16X   a  -0.129   9.832   0.924  g  -0.012   0.002  -0.003[0m
[1;32muart:~$ [m[8D[J[00:01:25.814,000] [0m<inf> imu: ICM-42688-P  a  -0.151   9.752   0.304  g   0.001  -0.005   0.001[0m
[1;32muart:~$ [m[8D[J[00:01:25.915,000] [0m<inf> imu: LSM6DS3TR-C  a  -0.376   9.833   0.558  g   0.023  -0.060   0.015[0m
[1;32muart:~$ [m[8D[J[1;32muart:~$ [m[8D[J[00:01:25.916,000] [0m<inf> imu: LSM6DSV16X   a  -0.127   9.843   0.913  g  -0.011   0.002  -0.003[0m
[1;32muart:~$ [m[8D[J[00:01:25.916,000] [0m<inf> imu: ICM-42688-P  a  -0.157   9.771   0.322  g  -0.000  -0.006   0.001[0m
[1;32muart:~$ [m[8D[J[00:01:26.018,000] [0m<inf> imu: LSM6DS3TR-C  a  -0.361   9.826   0.555  g   0.024  -0.061   0.016[0m
[1;32muart:~$ [m[8D[J[00:01:26.018,000] [0m<inf> imu: LSM6DSV16X   a  -0.124   9.833   0.924  g  -0.011   0.002  -0.003[0m
[1;32muart:~$ [m[8D[J[1;32muart:~$ [m[8D[J[00:01:26.019,000] [0m<inf> imu: ICM-42688-P  a  -0.152   9.753   0.308  g  -0.000  -0.005   0.000[0m
[1;32muart:~$ [m[8D[J[1;32muart:~$ [m[8D[J[00:01:26.120,000] [0m<inf> imu: LSM6DS3TR-C  a  -0.379   9.857   0.540  g   0.024  -0.061   0.015[0m
[1;32muart:~$ [m[8D[J[00:01:26.121,000] [0m<inf> imu: LSM6DSV16X   a  -0.132   9.840   0.928  g  -0.012   0.002  -0.003[0m
[1;32muart:~$ [m[8D[J[1;32muart:~$ [m[8D[J[00:01:26.121,000] [0m<inf> imu: ICM-42688-P  a  -0.150   9.762   0.329  g  -0.000  -0.006   0.000[0m
[1;32muart:~$ [m[8D[J[00:01:26.222,000] [0m<inf> imu: LSM6DS3TR-C  a  -0.356   9.851   0.540  g   0.022  -0.059   0.014[0m
[1;32muart:~$ [m[8D[J[1;32muart:~$ [m[8D[J[00:01:26.223,000] [0m<inf> imu: LSM6DSV16X   a  -0.127   9.835   0.921  g  -0.011   0.002  -0.003[0m
[1;32muart:~$ [m[8D[J[00:01:26.223,000] [0m<inf> imu: ICM-42688-P  a  -0.152   9.760   0.308  g   0.000  -0.005  -0.000[0m
[1;32muart:~$ [m[8D[J[1;32muart:~$ [m[8D[J[00:01:26.324,000] [0m<inf> imu: LSM6DS3TR-C  a  -0.361   9.861   0.575  g   0.022  -0.059   0.013[0m
[1;32muart:~$ [m[8D[J[00:01:26.325,000] [0m<inf> imu: LSM6DSV16X   a  -0.127   9.839   0.921  g  -0.011   0.003  -0.003[0m
[1;32muart:~$ [m[8D[J[1;32muart:~$ [m[8D[J[00:01:26.326,000] [0m<inf> imu: ICM-42688-P  a  -0.152   9.765   0.329  g  -0.001  -0.005   0.000[0m
[1;32muart:~$ [m[8D[J[00:01:26.427,000] [0m<inf> imu: LSM6DS3TR-C  a  -0.376   9.823   0.579  g   0.023  -0.060   0.015[0m
[1;32muart:~$ [m[8D[J[00:01:26.427,000] [0m<inf> imu: LSM6DSV16X   a  -0.127   9.842   0.921  g  -0.011   0.003  -0.003[0m
[1;32muart:~$ [m[8D[J[1;32muart:~$ [m[8D[J[00:01:26.428,000] [0m<inf> imu: ICM-42688-P  a  -0.158   9.755   0.320  g   0.000  -0.005  -0.001[0m
[1;32muart:~$ [m[8D[J[00:01:26.530,000] [0m<inf> imu: LSM6DS3TR-C  a  -0.362   9.836   0.554  g   0.023  -0.063   0.012[0m
[1;32muart:~$ [m[8D[J[1;32muart:~$ [m[8D[J[00:01:26.531,000] [0m<inf> imu: LSM6DSV16X   a  -0.123   9.832   0.921  g  -0.012   0.002  -0.002[0m
[1;32muart:~$ [m[8D[J[00:01:26.531,000] [0m<inf> imu: ICM-42688-P  a  -0.154   9.758   0.317  g   0.001  -0.006   0.001[0m
[1;32muart:~$ [m[8D[J[00:01:26.632,000] [0m<inf> imu: LSM6DS3TR-C  a  -0.378   9.865   0.581  g   0.022  -0.060   0.015[0m
[1;32muart:~$ [m[8D[J[1;32muart:~$ [m[8D[J[00:01:26.633,000] [0m<inf> imu: LSM6DSV16X   a  -0.124   9.837   0.914  g  -0.011   0.003  -0.003[0m
[1;32muart:~$ [m[8D[J[00:01:26.634,000] [0m<inf> imu: ICM-42688-P  a  -0.157   9.750   0.309  g   0.000  -0.005   0.000[0m
[1;32muart:~$ [m[8D[J[1;32muart:~$ [m[8D[J[00:01:26.735,000] [0m<inf> imu: LSM6DS3TR-C  a  -0.364   9.817   0.546  g   0.021  -0.061   0.014[0m
[1;32muart:~$ [m[8D[J[00:01:26.736,000] [0m<inf> imu: LSM6DSV16X   a  -0.124   9.826   0.919  g  -0.011   0.002  -0.003[0m
[1;32muart:~$ [m[8D[J[1;32muart:~$ [m[8D[J[00:01:26.737,000] [0m<inf> imu: ICM-42688-P  a  -0.141   9.756   0.324  g   0.001  -0.005   0.001[0m
[1;32muart:~$ [m[8D[J[00:01:26.838,000] [0m<inf> imu: LSM6DS3TR-C  a  -0.395   9.887   0.568  g   0.022  -0.060   0.015[0m
[1;32muart:~$ [m[8D[J[1;32muart:~$ [m[8D[J[00:01:26.838,000] [0m<inf> imu: LSM6DSV16X   a  -0.129   9.837   0.930  g  -0.011   0.002  -0.002[0m
[1;32muart:~$ [m[8D[J[00:01:26.839,000] [0m<inf> imu: ICM-42688-P  a  -0.158   9.760   0.322  g   0.000  -0.005   0.000[0m
[1;32muart:~$ [m[8D[J[1;32muart:~$ [m[8D[J[00:01:26.940,000] [0m<inf> imu: LSM6DS3TR-C  a  -0.372   9.840   0.572  g   0.022  -0.059   0.016[0m
[1;32muart:~$ [m[8D[J[00:01:26.941,000] [0m<inf> imu: LSM6DSV16X   a  -0.132   9.828   0.916  g  -0.012   0.002  -0.003[0m
[1;32muart:~$ [m[8D[J[1;32muart:~$ [m[8D[J[00:01:26.941,000] [0m<inf> imu: ICM-42688-P  a  -0.163   9.750   0.308  g   0.000  -0.005   0.001[0m
[1;32muart:~$ [m[8D[J[00:01:27.042,000] [0m<inf> imu: LSM6DS3TR-C  a  -0.361   9.848   0.565  g   0.023  -0.063   0.015[0m
[1;32muart:~$ [m[8D[J[00:01:27.043,000] [0m<inf> imu: LSM6DSV16X   a  -0.127   9.832   0.914  g  -0.011   0.003  -0.003[0m
[1;32muart:~$ [m[8D[J[1;32muart:~$ [m[8D[J[00:01:27.043,000] [0m<inf> imu: ICM-42688-P  a  -0.159   9.758   0.311  g   0.000  -0.005  -0.001[0m
[1;32muart:~$ [m[8D[J[00:01:27.145,000] [0m<inf> imu: LSM6DS3TR-C  a  -0.404   9.834   0.580  g   0.023  -0.058   0.013[0m
[1;32muart:~$ [m[8D[J[00:01:27.146,000] [0m<inf> imu: LSM6DSV16X   a  -0.124   9.833   0.912  g  -0.011   0.002  -0.002[0m
[1;32muart:~$ [m[8D[J[1;32muart:~$ [m[8D[J[00:01:27.147,000] [0m<inf> imu: ICM-42688-P  a  -0.160   9.765   0.334  g   0.001  -0.005   0.000[0m
[1;32muart:~$ [m[8D[J[00:01:27.248,000] [0m<inf> imu: LSM6DS3TR-C  a  -0.359   9.819   0.572  g   0.020  -0.061   0.016[0m
[1;32muart:~$ [m[8D[J[00:01:27.248,000] [0m<inf> imu: LSM6DSV16X   a  -0.133   9.835   0.924  g  -0.011   0.002  -0.003[0m
[1;32muart:~$ [m[8D[J[1;32muart:~$ [m[8D[J[00:01:27.249,000] [0m<inf> imu: ICM-42688-P  a  -0.154   9.760   0.324  g  -0.000  -0.005   0.000[0m
[1;32muart:~$ [m[8D[J[00:01:27.350,000] [0m<inf> imu: LSM6DS3TR-C  a  -0.349   9.819   0.546  g   0.022  -0.059   0.016[0m
[1;32muart:~$ [m[8D[J[1;32muart:~$ [m[8D[J[00:01:27.351,000] [0m<inf> imu: LSM6DSV16X   a  -0.132   9.839   0.912  g  -0.012   0.002  -0.003[0m
[1;32muart:~$ [m[8D[J[00:01:27.351,000] [0m<inf> imu: ICM-42688-P  a  -0.166   9.758   0.322  g  -0.001  -0.005   0.001[0m
[1;32muart:~$ [m[8D[J[1;32muart:~$ [m[8D[J[00:01:27.452,000] [0m<inf> imu: LSM6DS3TR-C  a  -0.395   9.857   0.564  g   0.023  -0.061   0.016[0m
[1;32muart:~$ [m[8D[J[00:01:27.453,000] [0m<inf> imu: LSM6DSV16X   a  -0.132   9.835   0.927  g  -0.012   0.002  -0.003[0m
[1;32muart:~$ [m[8D[J[1;32muart:~$ [m[8D[J[00:01:27.453,000] [0m<inf> imu: ICM-42688-P  a  -0.180   9.758   0.334  g   0.000  -0.005   0.001[0m
[1;32muart:~$ [m[8D[J[00:01:27.554,000] [0m<inf> imu: LSM6DS3TR-C  a  -0.322   9.864   0.520  g   0.022  -0.061   0.016[0m
[1;32muart:~$ [m[8D[J[1;32muart:~$ [m[8D[J[00:01:27.555,000] [0m<inf> imu: LSM6DSV16X   a  -0.130   9.837   0.921  g  -0.012   0.002  -0.003[0m
[1;32muart:~$ [m[8D[J[00:01:27.556,000] [0m<inf> imu: ICM-42688-P  a  -0.141   9.765   0.309  g   0.001  -0.005   0.001[0m
[1;32muart:~$ [m[8D[J[1;32muart:~$ [m[8D[J[00:01:27.657,000] [0m<inf> imu: LSM6DS3TR-C  a  -0.352   9.871   0.577  g   0.023  -0.061   0.014[0m
[1;32muart:~$ [m[8D[J[00:01:27.657,000] [0m<inf> imu: LSM6DSV16X   a  -0.129   9.837   0.904  g  -0.011   0.002  -0.002[0m
[1;32muart:~$ [m[8D[J[1;32muart:~$ [m[8D[J[00:01:27.658,000] [0m<inf> imu: ICM-42688-P  a  -0.169   9.760   0.311  g  -0.001  -0.005  -0.000[0m
[1;32muart:~$ [m[8D[J[00:01:27.759,000] [0m<inf> imu: LSM6DS3TR-C  a  -0.359   9.869   0.568  g   0.022  -0.059   0.014[0m
[1;32muart:~$ [m[8D[J[00:01:27.760,000] [0m<inf> imu: LSM6DSV16X   a  -0.136   9.832   0.914  g  -0.012   0.002  -0.003[0m
[1;32muart:~$ [m[8D[J[1;32muart:~$ [m[8D[J[00:01:27.760,000] [0m<inf> imu: ICM-42688-P  a  -0.151   9.760   0.316  g  -0.000  -0.005   0.000[0m
[1;32muart:~$ [m[8D[J[00:01:27.862,000] [0m<inf> imu: LSM6DS3TR-C  a  -0.348   9.827   0.561  g   0.023  -0.059   0.013[0m
[1;32muart:~$ [m[8D[J[1;32muart:~$ [m[8D[J[00:01:27.862,000] [0m<inf> imu: LSM6DSV16X   a  -0.129   9.839   0.918  g  -0.012   0.002  -0.002[0m
[1;32muart:~$ [m[8D[J[00:01:27.863,000] [0m<inf> imu: ICM-42688-P  a  -0.158   9.754   0.320  g   0.000  -0.004   0.001[0m
[1;32muart:~$ [m[8D[J[00:01:27.964,000] [0m<inf> imu: LSM6DS3TR-C  a  -0.354   9.820   0.550  g   0.022  -0.061   0.016[0m
[1;32muart:~$ [m[8D[J[1;32muart:~$ [m[8D[J[00:01:27.965,000] [0m<inf> imu: LSM6DSV16X   a  -0.127   9.836   0.916  g  -0.012   0.002  -0.003[0m
[1;32muart:~$ [m[8D[J[00:01:27.966,000] [0m<inf> imu: ICM-42688-P  a  -0.157   9.762   0.308  g   0.000  -0.006   0.001[0m
[1;32muart:~$ [m[8D[J[00:01:28.067,000] [0m<inf> imu: LSM6DS3TR-C  a  -0.359   9.844   0.562  g   0.022  -0.061   0.016[0m
[1;32muart:~$ [m[8D[J[00:01:28.067,000] [0m<inf> imu: LSM6DSV16X   a  -0.127   9.835   0.916  g  -0.011   0.002  -0.003[0m
[1;32muart:~$ [m[8D[J[1;32muart:~$ [m[8D[J[00:01:28.068,000] [0m<inf> imu: ICM-42688-P  a  -0.158   9.766   0.327  g   0.000  -0.005   0.001[0m
[1;32muart:~$ [m[8D[J[1;32muart:~$ [m[8D[J[00:01:28.169,000] [0m<inf> imu: LSM6DS3TR-C  a  -0.352   9.845   0.572  g   0.023  -0.060   0.015[0m
[1;32muart:~$ [m[8D[J[00:01:28.170,000] [0m<inf> imu: LSM6DSV16X   a  -0.132   9.832   0.921  g  -0.011   0.002  -0.003[0m
[1;32muart:~$ [m[8D[J[1;32muart:~$ [m[8D[J[00:01:28.170,000] [0m<inf> imu: ICM-42688-P  a  -0.154   9.767   0.326  g   0.000  -0.005  -0.001[0m
[1;32muart:~$ [m[8D[J[00:01:28.271,000] [0m<inf> imu: LSM6DS3TR-C  a  -0.360   9.811   0.582  g   0.023  -0.061   0.014[0m
[1;32muart:~$ [m[8D[J[1;32muart:~$ [m[8D[J[00:01:28.272,000] [0m<inf> imu: LSM6DSV16X   a  -0.131   9.837   0.928  g  -0.012   0.002  -0.002[0m
[1;32muart:~$ [m[8D[J[00:01:28.272,000] [0m<inf> imu: ICM-42688-P  a  -0.159   9.752   0.324  g  -0.000  -0.005   0.000[0m
[1;32muart:~$ [m[8D[J[1;32muart:~$ [m[8D[J[00:01:28.374,000] [0m<inf> imu: LSM6DS3TR-C  a  -0.369   9.845   0.562  g   0.023  -0.061   0.013[0m
[1;32muart:~$ [m[8D[J[00:01:28.374,000] [0m<inf> imu: LSM6DSV16X   a  -0.124   9.833   0.919  g  -0.012   0.003  -0.003[0m
[1;32muart:~$ [m[8D[J[1;32muart:~$ [m[8D[J[00:01:28.375,000] [0m<inf> imu: ICM-42688-P  a  -0.157   9.747   0.318  g   0.001  -0.005  -0.001[0m
[1;32muart:~$ [m[8D[J[00:01:28.476,000] [0m<inf> imu: LSM6DS3TR-C  a  -0.327   9.820   0.551  g   0.022  -0.060   0.016[0m
[1;32muart:~$ [m[8D[J[00:01:28.477,000] [0m<inf> imu: LSM6DSV16X   a  -0.122   9.839   0.913  g  -0.013   0.002  -0.003[0m
[1;32muart:~$ [m[8D[J[1;32muart:~$ [m[8D[J[00:01:28.477,000] [0m<inf> imu: ICM-42688-P  a  -0.158   9.767   0.338  g   0.000  -0.005   0.000[0m
[1;32muart:~$ [m[8D[J[00:01:28.579,000] [0m<inf> imu: LSM6DS3TR-C  a  -0.371   9.828   0.540  g   0.024  -0.061   0.013[0m
[1;32muart:~$ [m[8D[J[00:01:28.579,000] [0m<inf> imu: LSM6DSV16X   a  -0.129   9.834   0.921  g  -0.012   0.002  -0.003[0m
[1;32muart:~$ [m[8D[J[1;32muart:~$ [m[8D[J[00:01:28.580,000] [0m<inf> imu: ICM-42688-P  a  -0.141   9.752   0.299  g  -0.001  -0.005  -0.000[0m
[1;32muart:~$ [m[8D[J[00:01:28.681,000] [0m<inf> imu: LSM6DS3TR-C  a  -0.372   9.846   0.544  g   0.022  -0.060   0.013[0m
[1;32muart:~$ [m[8D[J[1;32muart:~$ [m[8D[J[00:01:28.682,000] [0m<inf> imu: LSM6DSV16X   a  -0.133   9.842   0.924  g  -0.011   0.002  -0.003[0m
[1;32muart:~$ [m[8D[J[00:01:28.683,000] [0m<inf> imu: ICM-42688-P  a  -0.168   9.760   0.326  g   0.000  -0.004   0.000[0m
[1;32muart:~$ [m[8D[J[1;32muart:~$ [m[8D[J[00:01:28.784,000] [0m<inf> imu: LSM6DS3TR-C  a  -0.341   9.842   0.574  g   0.021  -0.061   0.015[0m
[1;32muart:~$ [m[8D[J[00:01:28.786,000] [0m<inf> imu: LSM6DSV16X   a  -0.124   9.837   0.921  g  -0.011   0.002  -0.002[0m
[1;32muart:~$ [m[8D[J[1;32muart:~$ [m[8D[J[00:01:28.786,000] [0m<inf> imu: ICM-42688-P  a  -0.158   9.761   0.322  g  -0.001  -0.005  -0.001[0m
[1;32muart:~$ [m[8D[J[00:01:28.887,000] [0m<inf> imu: LSM6DS3TR-C  a  -0.364   9.830   0.550  g   0.021  -0.062   0.014[0m
[1;32muart:~$ [m[8D[J[1;32muart:~$ [m[8D[J[00:01:28.888,000] [0m<inf> imu: LSM6DSV16X   a  -0.129   9.835   0.931  g  -0.012   0.002  -0.003[0m
[1;32muart:~$ [m[8D[J[00:01:28.889,000] [0m<inf> imu: ICM-42688-P  a  -0.154   9.760   0.320  g   0.000  -0.005   0.001[0m
[1;32muart:~$ [m[8D[J[1;32muart:~$ [m[8D[J[00:01:28.990,000] [0m<inf> imu: LSM6DS3TR-C  a  -0.349   9.852   0.540  g   0.023  -0.060   0.013[0m
[1;32muart:~$ [m[8D[J[00:01:28.990,000] [0m<inf> imu: LSM6DSV16X   a  -0.124   9.841   0.924  g  -0.012   0.002  -0.003[0m
[1;32muart:~$ [m[8D[J[1;32muart:~$ [m[8D[J[00:01:28.991,000] [0m<inf> imu: ICM-42688-P  a  -0.157   9.754   0.320  g   0.000  -0.005   0.000[0m
[1;32muart:~$ [m[8D[J[00:01:29.092,000] [0m<inf> imu: LSM6DS3TR-C  a  -0.354   9.818   0.544  g   0.023  -0.062   0.015[0m
[1;32muart:~$ [m[8D[J[00:01:29.093,000] [0m<inf> imu: LSM6DSV16X   a  -0.123   9.834   0.917  g  -0.011   0.002  -0.002[0m
[1;32muart:~$ [m[8D[J[00:01:29.093,000] [0m<inf> imu: ICM-42688-P  a  -0.158   9.764   0.326  g  -0.001  -0.005   0.001[0m
[1;32muart:~$ [m[8D[J[1;32muart:~$ [m[8D[J[00:01:29.196,000] [0m<inf> imu: LSM6DS3TR-C  a  -0.352   9.856   0.542  g   0.022  -0.061   0.013[0m
[1;32muart:~$ [m[8D[J[00:01:29.197,000] [0m<inf> imu: LSM6DSV16X   a  -0.124   9.841   0.921  g  -0.011   0.003  -0.003[0m
[1;32muart:~$ [m[8D[J[1;32muart:~$ [m[8D[J[00:01:29.197,000] [0m<inf> imu: ICM-42688-P  a  -0.156   9.753   0.316  g   0.000  -0.005  -0.000[0m
[1;32muart:~$ [m[8D[J[00:01:29.299,000] [0m<inf> imu: LSM6DS3TR-C  a  -0.322   9.829   0.540  g   0.023  -0.061   0.016[0m
[1;32muart:~$ [m[8D[J[1;32muart:~$ [m[8D[J[00:01:29.301,000] [0m<inf> imu: LSM6DSV16X   a  -0.120   9.833   0.928  g  -0.012   0.003  -0.003[0m
[1;32muart:~$ [m[8D[J[00:01:29.301,000] [0m<inf> imu: ICM-42688-P  a  -0.152   9.759   0.314  g   0.000  -0.006   0.001[0m
[1;32muart:~$ [m[8D[J[1;32muart:~$ [m[8D[J[00:01:29.403,000] [0m<inf> imu: LSM6DS3TR-C  a  -0.369   9.867   0.571  g   0.023  -0.059   0.016[0m
[1;32muart:~$ [m[8D[J[00:01:29.404,000] [0m<inf> imu: LSM6DSV16X   a  -0.122   9.841   0.923  g  -0.011   0.003  -0.003[0m
[1;32muart:~$ [m[8D[J[1;32muart:~$ [m[8D[J[00:01:29.405,000] [0m<inf> imu: ICM-42688-P  a  -0.151   9.749   0.320  g  -0.001  -0.005   0.001[0m
[1;32muart:~$ [m[8D[J[00:01:29.506,000] [0m<inf> imu: LSM6DS3TR-C  a  -0.364   9.857   0.551  g   0.023  -0.060   0.015[0m
[1;32muart:~$ [m[8D[J[1;32muart:~$ [m[8D[J[00:01:29.506,000] [0m<inf> imu: LSM6DSV16X   a  -0.129   9.846   0.915  g  -0.012   0.003  -0.003[0m
[1;32muart:~$ [m[8D[J[00:01:29.507,000] [0m<inf> imu: ICM-42688-P  a  -0.151   9.761   0.320  g   0.000  -0.006   0.001[0m
[1;32muart:~$ [m[8D[J[1;32muart:~$ [m[8D[J[00:01:29.608,000] [0m<inf> imu: LSM6DS3TR-C  a  -0.365   9.843   0.569  g   0.024  -0.060   0.014[0m
[1;32muart:~$ [m[8D[J[00:01:29.609,000] [0m<inf> imu: LSM6DSV16X   a  -0.129   9.837   0.926  g  -0.011   0.001  -0.003[0m
[1;32muart:~$ [m[8D[J[1;32muart:~$ [m[8D[J[00:01:29.609,000] [0m<inf> imu: ICM-42688-P  a  -0.151   9.755   0.322  g   0.000  -0.006   0.001[0m
[1;32muart:~$ [m[8D[J[00:01:29.710,000] [0m<inf> imu: LSM6DS3TR-C  a  -0.392   9.869   0.558  g   0.022  -0.062   0.014[0m
[1;32muart:~$ [m[8D[J[00:01:29.711,000] [0m<inf> imu: LSM6DSV16X   a  -0.132   9.845   0.926  g  -0.012   0.002  -0.003[0m
[1;32muart:~$ [m[8D[J[1;32muart:~$ [m[8D[J[00:01:29.711,000] [0m<inf> imu: ICM-42688-P  a  -0.159   9.764   0.321  g   0.001  -0.005   0.000[0m
[1;32muart:~$ [m[8D[J[00:01:29.813,000] [0m<inf> imu: LSM6DS3TR-C  a  -0.383   9.842   0.575  g   0.022  -0.059   0.015[0m
[1;32muart:~$ [m[8D[J[00:01:29.814,000] [0m<inf> imu: LSM6DSV16X   a  -0.123   9.840   0.928  g  -0.011   0.002  -0.003[0m
[1;32muart:~$ [m[8D[J[1;32muart:~$ [m[8D[J[00:01:29.815,000] [0m<inf> imu: ICM-42688-P  a  -0.160   9.759   0.324  g   0.000  -0.005   0.000[0m
[1;32muart:~$ [m[8D[J[00:01:29.916,000] [0m<inf> imu: LSM6DS3TR-C  a  -0.416   9.873   0.587  g   0.024  -0.059   0.014[0m
[1;32muart:~$ [m[8D[J[1;32muart:~$ [m[8D[J[00:01:29.916,000] [0m<inf> imu: LSM6DSV16X   a  -0.129   9.835   0.921  g  -0.011   0.002  -0.003[0m
[1;32muart:~$ [m[8D[J[00:01:29.917,000] [0m<inf> imu: ICM-42688-P  a  -0.147   9.756   0.312  g   0.000  -0.006   0.000[0m
[1;32muart:~$ [m[8D[J[1;32muart:~$ [m[8D[J[00:01:30.018,000] [0m<inf> imu: LSM6DS3TR-C  a  -0.355   9.826   0.569  g   0.023  -0.061   0.015[0m
[1;32muart:~$ [m[8D[J[00:01:30.020,000] [0m<inf> imu: LSM6DSV16X   a  -0.121   9.837   0.925  g  -0.012   0.003  -0.003[0m
[1;32muart:~$ [m[8D[J[1;32muart:~$ [m[8D[J[00:01:30.020,000] [0m<inf> imu: ICM-42688-P  a  -0.154   9.765   0.321  g  -0.000  -0.005   0.001[0m
[1;32muart:~$ [m[8D[J[00:01:30.121,000] [0m<inf> imu: LSM6DS3TR-C  a  -0.361   9.836   0.572  g   0.022  -0.060   0.015[0m
[1;32muart:~$ [m[8D[J[1;32muart:~$ [m[8D[J[00:01:30.122,000] [0m<inf> imu: LSM6DSV16X   a  -0.132   9.830   0.928  g  -0.011   0.002  -0.003[0m
[1;32muart:~$ [m[8D[J[00:01:30.123,000] [0m<inf> imu: ICM-42688-P  a  -0.159   9.761   0.309  g   0.001  -0.005   0.000[0m
[1;32muart:~$ [m[8D[J[1;32muart:~$ [m[8D[J[00:01:30.224,000] [0m<inf> imu: LSM6DS3TR-C  a  -0.359   9.857   0.567  g   0.024  -0.060   0.014[0m
[1;32muart:~$ [m[8D[J[00:01:30.224,000] [0m<inf> imu: LSM6DSV16X   a  -0.127   9.835   0.917  g  -0.011   0.002  -0.003[0m
[1;32muart:~$ [m[8D[J[1;32muart:~$ [m[8D[J[00:01:30.225,000] [0m<inf> imu: ICM-42688-P  a  -0.164   9.749   0.303  g   0.000  -0.005   0.000[0m
[1;32muart:~$ [m[8D[J[00:01:30.326,000] [0m<inf> imu: LSM6DS3TR-C  a  -0.363   9.854   0.558  g   0.024  -0.060   0.015[0m
[1;32muart:~$ [m[8D[J[00:01:30.327,000] [0m<inf> imu: LSM6DSV16X   a  -0.125   9.839   0.936  g  -0.012   0.002  -0.002[0m
[1;32muart:~$ [m[8D[J[1;32muart:~$ [m[8D[J[00:01:30.327,000] [0m<inf> imu: ICM-42688-P  a  -0.150   9.760   0.312  g  -0.001  -0.005   0.000[0m
[1;32muart:~$ [m[8D[J[00:01:30.429,000] [0m<inf> imu: LSM6DS3TR-C  a  -0.342   9.830   0.547  g   0.024  -0.062   0.014[0m
[1;32muart:~$ [m[8D[J[00:01:30.430,000] [0m<inf> imu: LSM6DSV16X   a  -0.120   9.839   0.919  g  -0.011   0.003  -0.003[0m
[1;32muart:~$ [m[8D[J[1;32muart:~$ [m[8D[J[00:01:30.431,000] [0m<inf> imu: ICM-42688-P  a  -0.152   9.748   0.315  g   0.001  -0.005   0.000[0m
[1;32muart:~$ [m[8D[J[00:01:30.532,000] [0m<inf> imu: LSM6DS3TR-C  a  -0.344   9.854   0.550  g   0.022  -0.060   0.015[0m
[1;32muart:~$ [m[8D[J[1;32muart:~$ [m[8D[J[00:01:30.533,000] [0m<inf> imu: LSM6DSV16X   a  -0.124   9.832   0.921  g  -0.012   0.002  -0.003[0m
[1;32muart:~$ [m[8D[J[00:01:30.533,000] [0m<inf> imu: ICM-42688-P  a  -0.170   9.747   0.312  g  -0.001  -0.006   0.000[0m
[1;32muart:~$ [m[8D[J[1;32muart:~$ [m[8D[J[00:01:30.635,000] [0m<inf> imu: LSM6DS3TR-C  a  -0.383   9.869   0.562  g   0.022  -0.059   0.017[0m
[1;32muart:~$ [m[8D[J[00:01:30.636,000] [0m<inf> imu: LSM6DSV16X   a  -0.136   9.840   0.923  g  -0.012   0.002  -0.003[0m
[1;32muart:~$ [m[8D[J[1;32muart:~$ [m[8D[J[00:01:30.637,000] [0m<inf> imu: ICM-42688-P  a  -0.159   9.762   0.318  g   0.000  -0.005  -0.000[0m
[1;32muart:~$ [m[8D[J[00:01:30.738,000] [0m<inf> imu: LSM6DS3TR-C  a  -0.362   9.850   0.583  g   0.024  -0.061   0.014[0m
[1;32muart:~$ [m[8D[J[1;32muart:~$ [m[8D[J[00:01:30.739,000] [0m<inf> imu: LSM6DSV16X   a  -0.127   9.837   0.921  g  -0.011   0.002  -0.003[0m
[1;32muart:~$ [m[8D[J[00:01:30.739,000] [0m<inf> imu: ICM-42688-P  a  -0.160   9.752   0.303  g   0.000  -0.006  -0.001[0m
[1;32muart:~$ [m[8D[J[1;32muart:~$ [m[8D[J[00:01:30.840,000] [0m<inf> imu: LSM6DS3TR-C  a  -0.342   9.848   0.507  g   0.023  -0.061   0.017[0m
[1;32muart:~$ [m[8D[J[00:01:30.841,000] [0m<inf> imu: LSM6DSV16X   a  -0.124   9.839   0.916  g  -0.011   0.002  -0.003[0m
[1;32muart:~$ [m[8D[J[1;32muart:~$ [m[8D[J[00:01:30.842,000] [0m<inf> imu: ICM-42688-P  a  -0.159   9.752   0.311  g   0.001  -0.005   0.000[0m
[1;32muart:~$ [m[8D[J[00:01:30.943,000] [0m<inf> imu: LSM6DS3TR-C  a  -0.371   9.842   0.546  g   0.024  -0.061   0.013[0m
[1;32muart:~$ [m[8D[J[00:01:30.943,000] [0m<inf> imu: LSM6DSV16X   a  -0.132   9.825   0.925  g  -0.012   0.002  -0.003[0m
[1;32muart:~$ [m[8D[J[1;32muart:~$ [m[8D[J[00:01:30.944,000] [0m<inf> imu: ICM-42688-P  a  -0.159   9.755   0.322  g  -0.000  -0.005   0.000[0m
[1;32muart:~$ [m[8D[J[00:01:31.045,000] [0m<inf> imu: LSM6DS3TR-C  a  -0.363   9.850   0.574  g   0.022  -0.059   0.016[0m
[1;32muart:~$ [m[8D[J[00:01:31.046,000] [0m<inf> imu: LSM6DSV16X   a  -0.122   9.835   0.930  g  -0.011   0.002  -0.003[0m
[1;32muart:~$ [m[8D[J[1;32muart:~$ [m[8D[J[00:01:31.047,000] [0m<inf> imu: ICM-42688-P  a  -0.150   9.767   0.311  g  -0.001  -0.005   0.001[0m
[1;32muart:~$ [m[8D[J[00:01:31.148,000] [0m<inf> imu: LSM6DS3TR-C  a  -0.358   9.869   0.569  g   0.024  -0.060   0.016[0m
[1;32muart:~$ [m[8D[J[00:01:31.149,000] [0m<inf> imu: LSM6DSV16X   a  -0.127   9.841   0.931  g  -0.011   0.002  -0.002[0m
[1;32muart:~$ [m[8D[J[1;32muart:~$ [m[8D[J[00:01:31.149,000] [0m<inf> imu: ICM-42688-P  a  -0.153   9.756   0.316  g  -0.000  -0.005   0.000[0m
[1;32muart:~$ [m[8D[J[00:01:31.250,000] [0m<inf> imu: LSM6DS3TR-C  a  -0.376   9.857   0.580  g   0.022  -0.060   0.013[0m
[1;32muart:~$ [m[8D[J[00:01:31.251,000] [0m<inf> imu: LSM6DSV16X   a  -0.129   9.835   0.926  g  -0.012   0.002  -0.002[0m
[1;32muart:~$ [m[8D[J[1;32muart:~$ [m[8D[J[00:01:31.251,000] [0m<inf> imu: ICM-42688-P  a  -0.145   9.764   0.311  g   0.001  -0.005   0.000[0m
[1;32muart:~$ [m[8D[J[1;32muart:~$ [m[8D[J[00:01:31.353,000] [0m<inf> imu: LSM6DS3TR-C  a  -0.374   9.844   0.561  g   0.023  -0.061   0.015[0m
[1;32muart:~$ [m[8D[J[00:01:31.354,000] [0m<inf> imu: LSM6DSV16X   a  -0.120   9.836   0.923  g  -0.012   0.002  -0.003[0m
[1;32muart:~$ [m[8D[J[1;32muart:~$ [m[8D[J[00:01:31.354,000] [0m<inf> imu: ICM-42688-P  a  -0.152   9.754   0.311  g   0.000  -0.005   0.001[0m
[1;32muart:~$ [m[8D[J[00:01:31.455,000] [0m<inf> imu: LSM6DS3TR-C  a  -0.367   9.811   0.514  g   0.022  -0.060   0.013[0m
[1;32muart:~$ [m[8D[J[1;32muart:~$ [m[8D[J[00:01:31.456,000] [0m<inf> imu: LSM6DSV16X   a  -0.127   9.833   0.928  g  -0.012   0.002  -0.002[0m
[1;32muart:~$ [m[8D[J[00:01:31.456,000] [0m<inf> imu: ICM-42688-P  a  -0.154   9.758   0.317  g   0.001  -0.005   0.000[0m
[1;32muart:~$ [m[8D[J[1;32muart:~$ [m[8D[J[00:01:31.557,000] [0m<inf> imu: LSM6DS3TR-C  a  -0.361   9.846   0.571  g   0.022  -0.061   0.016[0m
[1;32muart:~$ [m[8D[J[00:01:31.558,000] [0m<inf> imu: LSM6DSV16X   a  -0.127   9.837   0.912  g  -0.011   0.002  -0.003[0m
[1;32muart:~$ [m[8D[J[1;32muart:~$ [m[8D[J[00:01:31.559,000] [0m<inf> imu: ICM-42688-P  a  -0.153   9.759   0.324  g  -0.001  -0.005  -0.000[0m
[1;32muart:~$ [m[8D[J[00:01:31.660,000] [0m<inf> imu: LSM6DS3TR-C  a  -0.351   9.826   0.555  g   0.023  -0.062   0.015[0m
[1;32muart:~$ [m[8D[J[00:01:31.660,000] [0m<inf> imu: LSM6DSV16X   a  -0.129   9.840   0.936  g  -0.012   0.002  -0.003[0m
[1;32muart:~$ [m[8D[J[1;32muart:~$ [m[8D[J[00:01:31.661,000] [0m<inf> imu: ICM-42688-P  a  -0.158   9.752   0.321  g   0.000  -0.004   0.001[0m
[1;32muart:~$ [m[8D[J[00:01:31.763,000] [0m<inf> imu: LSM6DS3TR-C  a  -0.333   9.843   0.547  g   0.024  -0.060   0.015[0m
[1;32muart:~$ [m[8D[J[1;32muart:~$ [m[8D[J[00:01:31.764,000] [0m<inf> imu: LSM6DSV16X   a  -0.132   9.833   0.917  g  -0.013   0.003  -0.002[0m
[1;32muart:~$ [m[8D[J[00:01:31.764,000] [0m<inf> imu: ICM-42688-P  a  -0.165   9.760   0.317  g   0.000  -0.005   0.001[0m
[1;32muart:~$ [m[8D[J[1;32muart:~$ [m[8D[J[00:01:31.865,000] [0m<inf> imu: LSM6DS3TR-C  a  -0.352   9.865   0.559  g   0.022  -0.062   0.016[0m
[1;32muart:~$ [m[8D[J[00:01:31.866,000] [0m<inf> imu: LSM6DSV16X   a  -0.126   9.835   0.924  g  -0.012   0.002  -0.003[0m
[1;32muart:~$ [m[8D[J[00:01:31.867,000] [0m<inf> imu: ICM-42688-P  a  -0.163   9.762   0.321  g   0.000  -0.005   0.001[0m
[1;32muart:~$ [m[8D[J[1;32muart:~$ [m[8D[J[00:01:31.968,000] [0m<inf> imu: LSM6DS3TR-C  a  -0.346   9.838   0.558  g   0.022  -0.059   0.016[0m
[1;32muart:~$ [m[8D[J[00:01:31.969,000] [0m<inf> imu: LSM6DSV16X   a  -0.129   9.839   0.916  g  -0.012   0.002  -0.003[0m
[1;32muart:~$ [m[8D[J[1;32muart:~$ [m[8D[J[00:01:31.970,000] [0m<inf> imu: ICM-42688-P  a  -0.165   9.766   0.315  g   0.000  -0.005   0.000[0m
[1;32muart:~$ [m[8D[J[00:01:32.071,000] [0m<inf> imu: LSM6DS3TR-C  a  -0.341   9.853   0.547  g   0.023  -0.061   0.013[0m
[1;32muart:~$ [m[8D[J[1;32muart:~$ [m[8D[J[00:01:32.072,000] [0m<inf> imu: LSM6DSV16X   a  -0.121   9.837   0.921  g  -0.011   0.001  -0.003[0m
[1;32muart:~$ [m[8D[J[00:01:32.072,000] [0m<inf> imu: ICM-42688-P  a  -0.153   9.754   0.317  g   0.001  -0.005   0.000[0m
[1;32muart:~$ [m[8D[J[1;32muart:~$ [m[8D[J[00:01:32.174,000] [0m<inf> imu: LSM6DS3TR-C  a  -0.368   9.830   0.567  g   0.023  -0.060   0.014[0m
[1;32muart:~$ [m[8D[J[00:01:32.174,000] [0m<inf> imu: LSM6DSV16X   a  -0.132   9.839   0.913  g  -0.011   0.002  -0.003[0m
[1;32muart:~$ [m[8D[J[1;32muart:~$ [m[8D[J[00:01:32.175,000] [0m<inf> imu: ICM-42688-P  a  -0.164   9.756   0.311  g  -0.001  -0.006   0.001[0m
[1;32muart:~$ [m[8D[J[00:01:32.276,000] [0m<inf> imu: LSM6DS3TR-C  a  -0.376   9.845   0.529  g   0.023  -0.059   0.016[0m
[1;32muart:~$ [m[8D[J[00:01:32.277,000] [0m<inf> imu: LSM6DSV16X   a  -0.122   9.837   0.911  g  -0.011   0.002  -0.003[0m
[1;32muart:~$ [m[8D[J[1;32muart:~$ [m[8D[J[00:01:32.277,000] [0m<inf> imu: ICM-42688-P  a  -0.150   9.750   0.312  g  -0.000  -0.005   0.001[0m
[1;32muart:~$ [m[8D[J[00:01:32.379,000] [0m<inf> imu: LSM6DS3TR-C  a  -0.357   9.843   0.544  g   0.022  -0.060   0.015[0m
[1;32muart:~$ [m[8D[J[1;32muart:~$ [m[8D[J[00:01:32.380,000] [0m<inf> imu: LSM6DSV16X   a  -0.134   9.835   0.921  g  -0.012   0.002  -0.003[0m
[1;32muart:~$ [m[8D[J[00:01:32.380,000] [0m<inf> imu: ICM-42688-P  a  -0.150   9.748   0.316  g   0.000  -0.005   0.000[0m
[1;32muart:~$ [m[8D[J[00:01:32.482,000] [0m<inf> imu: LSM6DS3TR-C  a  -0.353   9.853   0.547  g   0.024  -0.060   0.014[0m
[1;32muart:~$ [m[8D[J[1;32muart:~$ [m[8D[J[00:01:32.482,000] [0m<inf> imu: LSM6DSV16X   a  -0.129   9.839   0.924  g  -0.011   0.001  -0.003[0m
[1;32muart:~$ [m[8D[J[00:01:32.483,000] [0m<inf> imu: ICM-42688-P  a  -0.162   9.750   0.312  g   0.001  -0.005   0.001[0m
[1;32muart:~$ [m[8D[J[00:01:32.584,000] [0m<inf> imu: LSM6DS3TR-C  a  -0.351   9.851   0.532  g   0.022  -0.060   0.014[0m
[1;32muart:~$ [m[8D[J[00:01:32.585,000] [0m<inf> imu: LSM6DSV16X   a  -0.132   9.827   0.921  g  -0.011   0.002  -0.003[0m
[1;32muart:~$ [m[8D[J[1;32muart:~$ [m[8D[J[00:01:32.585,000] [0m<inf> imu: ICM-42688-P  a  -0.160   9.749   0.316  g  -0.000  -0.006  -0.000[0m
[1;32muart:~$ [m[8D[J[1;32muart:~$ [m[8D[J[00:01:32.686,000] [0m<inf> imu: LSM6DS3TR-C  a  -0.341   9.846   0.572  g   0.023  -0.060   0.015[0m
[1;32muart:~$ [m[8D[J[00:01:32.687,000] [0m<inf> imu: LSM6DSV16X   a  -0.134   9.835   0.916  g  -0.012   0.002  -0.002[0m
[1;32muart:~$ [m[8D[J[1;32muart:~$ [m[8D[J[00:01:32.687,000] [0m<inf> imu: ICM-42688-P  a  -0.154   9.755   0.312  g  -0.000  -0.006   0.001[0m
[1;32muart:~$ [m[8D[J[00:01:32.789,000] [0m<inf> imu: LSM6DS3TR-C  a  -0.387   9.851   0.608  g   0.024  -0.060   0.013[0m
[1;32muart:~$ [m[8D[J[1;32muart:~$ [m[8D[J[00:01:32.789,000] [0m<inf> imu: LSM6DSV16X   a  -0.124   9.845   0.921  g  -0.011   0.002  -0.002[0m
[1;32muart:~$ [m[8D[J[00:01:32.790,000] [0m<inf> imu: ICM-42688-P  a  -0.157   9.767   0.316  g   0.000  -0.005   0.000[0m
[1;32muart:~$ [m[8D[J[1;32muart:~$ [m[8D[J[00:01:32.891,000] [0m<inf> imu: LSM6DS3TR-C  a  -0.347   9.867   0.528  g   0.022  -0.062   0.016[0m
[1;32muart:~$ [m[8D[J[00:01:32.892,000] [0m<inf> imu: LSM6DSV16X   a  -0.117   9.825   0.921  g  -0.011   0.003  -0.003[0m
[1;32muart:~$ [m[8D[J[1;32muart:~$ [m[8D[J[00:01:32.892,000] [0m<inf> imu: ICM-42688-P  a  -0.169   9.755   0.309  g  -0.000  -0.005   0.000[0m
[1;32muart:~$ [m[8D[J[00:01:32.993,000] [0m<inf> imu: LSM6DS3TR-C  a  -0.342   9.888   0.575  g   0.023  -0.060   0.013[0m
[1;32muart:~$ [m[8D[J[00:01:32.994,000] [0m<inf> imu: LSM6DSV16X   a  -0.127   9.835   0.919  g  -0.011   0.002  -0.003[0m
[1;32muart:~$ [m[8D[J[1;32muart:~$ [m[8D[J[00:01:32.994,000] [0m<inf> imu: ICM-42688-P  a  -0.158   9.760   0.316  g   0.000  -0.005   0.000[0m
[1;32muart:~$ [m[8D[J[00:01:33.096,000] [0m<inf> imu: LSM6DS3TR-C  a  -0.349   9.854   0.541  g   0.022  -0.061   0.015[0m
[1;32muart:~$ [m[8D[J[00:01:33.097,000] [0m<inf> imu: LSM6DSV16X   a  -0.132   9.842   0.927  g  -0.011   0.002  -0.002[0m
[1;32muart:~$ [m[8D[J[1;32muart:~$ [m[8D[J[00:01:33.097,000] [0m<inf> imu: ICM-42688-P  a  -0.147   9.765   0.320  g   0.000  -0.005   0.001[0m
[1;32muart:~$ [m[8D[J[00:01:33.199,000] [0m<inf> imu: LSM6DS3TR-C  a  -0.399   9.808   0.547  g   0.023  -0.059   0.013[0m
[1;32muart:~$ [m[8D[J[00:01:33.199,000] [0m<inf> imu: LSM6DSV16X   a  -0.127   9.844   0.921  g  -0.012   0.002  -0.002[0m
[1;32muart:~$ [m[8D[J[1;32muart:~$ [m[8D[J[00:01:33.200,000] [0m<inf> imu: ICM-42688-P  a  -0.163   9.765   0.315  g   0.000  -0.005   0.001[0m
[1;32muart:~$ [m[8D[J[00:01:33.301,000] [0m<inf> imu: LSM6DS3TR-C  a  -0.361   9.843   0.538  g   0.022  -0.062   0.014[0m
[1;32muart:~$ [m[8D[J[1;32muart:~$ [m[8D[J[00:01:33.302,000] [0m<inf> imu: LSM6DSV16X   a  -0.124   9.837   0.917  g  -0.011   0.002  -0.003[0m
[1;32muart:~$ [m[8D[J[00:01:33.302,000] [0m<inf> imu: ICM-42688-P  a  -0.159   9.756   0.311  g  -0.000  -0.005   0.001[0m
[1;32muart:~$ [m[8D[J[1;32muart:~$ [m[8D[J[00:01:33.403,000] [0m<inf> imu: LSM6DS3TR-C  a  -0.355   9.846   0.545  g   0.023  -0.061   0.013[0m
[1;32muart:~$ [m[8D[J[00:01:33.404,000] [0m<inf> imu: LSM6DSV16X   a  -0.125   9.839   0.928  g  -0.011   0.002  -0.003[0m
[1;32muart:~$ [m[8D[J[1;32muart:~$ [m[8D[J[00:01:33.405,000] [0m<inf> imu: ICM-42688-P  a  -0.157   9.765   0.329  g   0.001  -0.005   0.000[0m
[1;32muart:~$ [m[8D[J[00:01:33.506,000] [0m<inf> imu: LSM6DS3TR-C  a  -0.351   9.856   0.585  g   0.020  -0.063   0.014[0m
[1;32muart:~$ [m[8D[J[1;32muart:~$ [m[8D[J[00:01:33.506,000] [0m<inf> imu: LSM6DSV16X   a  -0.129   9.839   0.934  g  -0.011   0.002  -0.002[0m
[1;32muart:~$ [m[8D[J[00:01:33.507,000] [0m<inf> imu: ICM-42688-P  a  -0.146   9.760   0.314  g   0.000  -0.005   0.000[0m
[1;32muart:~$ [m[8D[J[1;32muart:~$ [m[8D[J[00:01:33.608,000] [0m<inf> imu: LSM6DS3TR-C  a  -0.382   9.854   0.563  g   0.024  -0.060   0.016[0m
[1;32muart:~$ [m[8D[J[00:01:33.609,000] [0m<inf> imu: LSM6DSV16X   a  -0.124   9.842   0.931  g  -0.012   0.002  -0.003[0m
[1;32muart:~$ [m[8D[J[1;32muart:~$ [m[8D[J[00:01:33.609,000] [0m<inf> imu: ICM-42688-P  a  -0.162   9.762   0.328  g  -0.000  -0.005   0.001[0m
[1;32muart:~$ [m[8D[J[00:01:33.710,000] [0m<inf> imu: LSM6DS3TR-C  a  -0.339   9.859   0.570  g   0.022  -0.059   0.015[0m
[1;32muart:~$ [m[8D[J[00:01:33.711,000] [0m<inf> imu: LSM6DSV16X   a  -0.122   9.839   0.919  g  -0.012   0.002  -0.002[0m
[1;32muart:~$ [m[8D[J[1;32muart:~$ [m[8D[J[00:01:33.711,000] [0m<inf> imu: ICM-42688-P  a  -0.148   9.755   0.316  g  -0.000  -0.005   0.000[0m
[1;32muart:~$ [m[8D[J[00:01:33.813,000] [0m<inf> imu: LSM6DS3TR-C  a  -0.357   9.850   0.600  g   0.022  -0.060   0.016[0m
[1;32muart:~$ [m[8D[J[1;32muart:~$ [m[8D[J[00:01:33.814,000] [0m<inf> imu: LSM6DSV16X   a  -0.125   9.837   0.925  g  -0.012   0.002  -0.003[0m
[1;32muart:~$ [m[8D[J[00:01:33.815,000] [0m<inf> imu: ICM-42688-P  a  -0.154   9.772   0.324  g  -0.001  -0.005   0.001[0m
[1;32muart:~$ [m[8D[J[00:01:33.916,000] [0m<inf> imu: LSM6DS3TR-C  a  -0.352   9.851   0.549  g   0.023  -0.061   0.015[0m
[1;32muart:~$ [m[8D[J[1;32muart:~$ [m[8D[J[00:01:33.917,000] [0m<inf> imu: LSM6DSV16X   a  -0.123   9.837   0.918  g  -0.011   0.002  -0.003[0m
[1;32muart:~$ [m[8D[J[00:01:33.917,000] [0m<inf> imu: ICM-42688-P  a  -0.144   9.760   0.333  g  -0.001  -0.005   0.001[0m
[1;32muart:~$ [m[8D[J[00:01:34.018,000] [0m<inf> imu: LSM6DS3TR-C  a  -0.367   9.854   0.561  g   0.022  -0.060   0.013[0m
[1;32muart:~$ [m[8D[J[00:01:34.019,000] [0m<inf> imu: LSM6DSV16X   a  -0.127   9.835   0.919  g  -0.012   0.002  -0.003[0m
[1;32muart:~$ [m[8D[J[1;32muart:~$ [m[8D[J[00:01:34.020,000] [0m<inf> imu: ICM-42688-P  a  -0.163   9.766   0.305  g   0.000  -0.006   0.000[0m
[1;32muart:~$ [m[8D[J[1;32muart:~$ [m[8D[J[00:01:34.121,000] [0m<inf> imu: LSM6DS3TR-C  a  -0.373   9.842   0.533  g   0.022  -0.059   0.016[0m
[1;32muart:~$ [m[8D[J[00:01:34.121,000] [0m<inf> imu: LSM6DSV16X   a  -0.126   9.839   0.928  g  -0.011   0.002  -0.003[0m
[1;32muart:~$ [m[8D[J[1;32muart:~$ [m[8D[J[00:01:34.122,000] [0m<inf> imu: ICM-42688-P  a  -0.158   9.770   0.321  g   0.000  -0.006   0.001[0m
[1;32muart:~$ [m[8D[J[00:01:34.223,000] [0m<inf> imu: LSM6DS3TR-C  a  -0.364   9.854   0.549  g   0.023  -0.061   0.015[0m
[1;32muart:~$ [m[8D[J[1;32muart:~$ [m[8D[J[00:01:34.224,000] [0m<inf> imu: LSM6DSV16X   a  -0.126   9.839   0.912  g  -0.011   0.002  -0.003[0m
[1;32muart:~$ [m[8D[J[00:01:34.224,000] [0m<inf> imu: ICM-42688-P  a  -0.154   9.754   0.312  g   0.000  -0.005  -0.001[0m
[1;32muart:~$ [m[8D[J[1;32muart:~$ [m[8D[J[00:01:34.325,000] [0m<inf> imu: LSM6DS3TR-C  a  -0.325   9.840   0.567  g   0.022  -0.061   0.017[0m
[1;32muart:~$ [m[8D[J[00:01:34.326,000] [0m<inf> imu: LSM6DSV16X   a  -0.129   9.840   0.922  g  -0.010   0.002  -0.003[0m
[1;32muart:~$ [m[8D[J[1;32muart:~$ [m[8D[J[00:01:34.326,000] [0m<inf> imu: ICM-42688-P  a  -0.164   9.761   0.328  g  -0.000  -0.005   0.001[0m
[1;32muart:~$ [m[8D[J[00:01:34.427,000] [0m<inf> imu: LSM6DS3TR-C  a  -0.364   9.843   0.537  g   0.021  -0.059   0.014[0m
[1;32muart:~$ [m[8D[J[00:01:34.428,000] [0m<inf> imu: LSM6DSV16X   a  -0.124   9.839   0.919  g  -0.011   0.002  -0.003[0m
[1;32muart:~$ [m[8D[J[1;32muart:~$ [m[8D[J[00:01:34.429,000] [0m<inf> imu: ICM-42688-P  a  -0.153   9.761   0.323  g  -0.000  -0.005   0.000[0m
[1;32muart:~$ [m[8D[J[00:01:34.530,000] [0m<inf> imu: LSM6DS3TR-C  a  -0.333   9.838   0.528  g   0.024  -0.063   0.015[0m
[1;32muart:~$ [m[8D[J[00:01:34.531,000] [0m<inf> imu: LSM6DSV16X   a  -0.123   9.835   0.931  g  -0.011   0.001  -0.003[0m
[1;32muart:~$ [m[8D[J[1;32muart:~$ [m[8D[J[00:01:34.532,000] [0m<inf> imu: ICM-42688-P  a  -0.159   9.759   0.314  g   0.001  -0.006  -0.001[0m
[1;32muart:~$ [m[8D[J[00:01:34.633,000] [0m<inf> imu: LSM6DS3TR-C  a  -0.358   9.823   0.602  g   0.021  -0.060   0.014[0m
[1;32muart:~$ [m[8D[J[1;32muart:~$ [m[8D[J[00:01:34.634,000] [0m<inf> imu: LSM6DSV16X   a  -0.124   9.840   0.917  g  -0.011   0.002  -0.002[0m
[1;32muart:~$ [m[8D[J[00:01:34.634,000] [0m<inf> imu: ICM-42688-P  a  -0.147   9.759   0.314  g  -0.000  -0.005  -0.001[0m
[1;32muart:~$ [m[8D[J[1;32muart:~$ [m[8D[J[00:01:34.736,000] [0m<inf> imu: LSM6DS3TR-C  a  -0.376   9.839   0.543  g   0.022  -0.061   0.015[0m
[1;32muart:~$ [m[8D[J[00:01:34.737,000] [0m<inf> imu: LSM6DSV16X   a  -0.129   9.841   0.917  g  -0.011   0.002  -0.002[0m
[1;32muart:~$ [m[8D[J[1;32muart:~$ [m[8D[J[00:01:34.738,000] [0m<inf> imu: ICM-42688-P  a  -0.154   9.761   0.323  g   0.000  -0.005  -0.000[0m
[1;32muart:~$ [m[8D[J[00:01:34.839,000] [0m<inf> imu: LSM6DS3TR-C  a  -0.343   9.834   0.541  g   0.023  -0.061   0.016[0m
[1;32muart:~$ [m[8D[J[1;32muart:~$ [m[8D[J[00:01:34.840,000] [0m<inf> imu: LSM6DSV16X   a  -0.129   9.839   0.933  g  -0.012   0.002  -0.003[0m
[1;32muart:~$ [m[8D[J[00:01:34.840,000] [0m<inf> imu: ICM-42688-P  a  -0.157   9.755   0.311  g  -0.001  -0.005   0.000[0m
[1;32muart:~$ [m[8D[J[1;32muart:~$ [m[8D[J[00:01:34.941,000] [0m<inf> imu: LSM6DS3TR-C  a  -0.333   9.853   0.564  g   0.024  -0.060   0.015[0m
[1;32muart:~$ [m[8D[J[00:01:34.942,000] [0m<inf> imu: LSM6DSV16X   a  -0.129   9.834   0.916  g  -0.012   0.002  -0.003[0m
[1;32muart:~$ [m[8D[J[1;32muart:~$ [m[8D[J[00:01:34.943,000] [0m<inf> imu: ICM-42688-P  a  -0.160   9.762   0.316  g   0.000  -0.004   0.001[0m
[1;32muart:~$ [m[8D[J[00:01:35.044,000] [0m<inf> imu: LSM6DS3TR-C  a  -0.336   9.841   0.545  g   0.022  -0.061   0.015[0m
[1;32muart:~$ [m[8D[J[00:01:35.044,000] [0m<inf> imu: LSM6DSV16X   a  -0.129   9.836   0.917  g  -0.012   0.002  -0.003[0m
[1;32muart:~$ [m[8D[J[1;32muart:~$ [m[8D[J[00:01:35.045,000] [0m<inf> imu: ICM-42688-P  a  -0.166   9.762   0.323  g   0.001  -0.006   0.000[0m
[1;32muart:~$ [m[8D[J[00:01:35.147,000] [0m<inf> imu: LSM6DS3TR-C  a  -0.348   9.861   0.585  g   0.022  -0.061   0.013[0m
[1;32muart:~$ [m[8D[J[00:01:35.148,000] [0m<inf> imu: LSM6DSV16X   a  -0.127   9.839   0.931  g  -0.012   0.002  -0.003[0m
[1;32muart:~$ [m[8D[J[1;32muart:~$ [m[8D[J[00:01:35.149,000] [0m<inf> imu: ICM-42688-P  a  -0.168   9.768   0.324  g   0.000  -0.005   0.000[0m
[1;32muart:~$ [m[8D[J[00:01:35.250,000] [0m<inf> imu: LSM6DS3TR-C  a  -0.342   9.835   0.527  g   0.024  -0.061   0.016[0m
[1;32muart:~$ [m[8D[J[00:01:35.250,000] [0m<inf> imu: LSM6DSV16X   a  -0.124   9.845   0.916  g  -0.012   0.002  -0.002[0m
[1;32muart:~$ [m[8D[J[1;32muart:~$ [m[8D[J[00:01:35.251,000] [0m<inf> imu: ICM-42688-P  a  -0.151   9.753   0.320  g   0.000  -0.005   0.001[0m
[1;32muart:~$ [m[8D[J[00:01:35.352,000] [0m<inf> imu: LSM6DS3TR-C  a  -0.394   9.829   0.540  g   0.022  -0.061   0.015[0m
[1;32muart:~$ [m[8D[J[1;32muart:~$ [m[8D[J[00:01:35.353,000] [0m<inf> imu: LSM6DSV16X   a  -0.129   9.835   0.917  g  -0.011   0.002  -0.003[0m
[1;32muart:~$ [m[8D[J[00:01:35.353,000] [0m<inf> imu: ICM-42688-P  a  -0.165   9.760   0.303  g   0.000  -0.005   0.000[0m
[1;32muart:~$ [m[8D[J[1;32muart:~$ [m[8D[J[00:01:35.454,000] [0m<inf> imu: LSM6DS3TR-C  a  -0.332   9.850   0.546  g   0.021  -0.062   0.015[0m
[1;32muart:~$ [m[8D[J[00:01:35.455,000] [0m<inf> imu: LSM6DSV16X   a  -0.132   9.832   0.912  g  -0.011   0.002  -0.003[0m
[1;32muart:~$ [m[8D[J[1;32muart:~$ [m[8D[J[00:01:35.455,000] [0m<inf> imu: ICM-42688-P  a  -0.160   9.760   0.318  g  -0.000  -0.005   0.000[0m
[1;32muart:~$ [m[8D[J[00:01:35.556,000] [0m<inf> imu: LSM6DS3TR-C  a  -0.342   9.845   0.546  g   0.022  -0.062   0.016[0m
[1;32muart:~$ [m[8D[J[1;32muart:~$ [m[8D[J[00:01:35.557,000] [0m<inf> imu: LSM6DSV16X   a  -0.134   9.835   0.917  g  -0.012   0.002  -0.003[0m
[1;32muart:~$ [m[8D[J[00:01:35.558,000] [0m<inf> imu: ICM-42688-P  a  -0.147   9.758   0.306  g  -0.001  -0.005   0.000[0m
[1;32muart:~$ [m[8D[J[1;32muart:~$ [m[8D[J[00:01:35.659,000] [0m<inf> imu: LSM6DS3TR-C  a  -0.358   9.834   0.558  g   0.022  -0.061   0.016[0m
[1;32muart:~$ [m[8D[J[00:01:35.659,000] [0m<inf> imu: LSM6DSV16X   a  -0.127   9.843   0.912  g  -0.012   0.002  -0.003[0m
[1;32muart:~$ [m[8D[J[1;32muart:~$ [m[8D[J[00:01:35.660,000] [0m<inf> imu: ICM-42688-P  a  -0.154   9.760   0.311  g  -0.000  -0.005  -0.000[0m
[1;32muart:~$ [m[8D[J[00:01:35.761,000] [0m<inf> imu: LSM6DS3TR-C  a  -0.371   9.838   0.529  g   0.022  -0.060   0.016[0m
[1;32muart:~$ [m[8D[J[00:01:35.762,000] [0m<inf> imu: LSM6DSV16X   a  -0.121   9.837   0.923  g  -0.011   0.002  -0.002[0m
[1;32muart:~$ [m[8D[J[1;32muart:~$ [m[8D[J[00:01:35.762,000] [0m<inf> imu: ICM-42688-P  a  -0.150   9.771   0.339  g  -0.000  -0.005   0.000[0m
[1;32muart:~$ [m[8D[J[00:01:35.864,000] [0m<inf> imu: LSM6DS3TR-C  a  -0.391   9.878   0.565  g   0.021  -0.060   0.015[0m
[1;32muart:~$ [m[8D[J[1;32muart:~$ [m[8D[J[00:01:35.864,000] [0m<inf> imu: LSM6DSV16X   a  -0.129   9.837   0.919  g  -0.012   0.002  -0.003[0m
[1;32muart:~$ [m[8D[J[00:01:35.865,000] [0m<inf> imu: ICM-42688-P  a  -0.162   9.756   0.308  g  -0.000  -0.005   0.001[0m
[1;32muart:~$ [m[8D[J[00:01:35.966,000] [0m<inf> imu: LSM6DS3TR-C  a  -0.346   9.862   0.537  g   0.023  -0.060   0.014[0m
[1;32muart:~$ [m[8D[J[1;32muart:~$ [m[8D[J[00:01:35.967,000] [0m<inf> imu: LSM6DSV16X   a  -0.131   9.833   0.927  g  -0.012   0.002  -0.003[0m
[1;32muart:~$ [m[8D[J[00:01:35.968,000] [0m<inf> imu: ICM-42688-P  a  -0.162   9.760   0.311  g   0.000  -0.005   0.000[0m
[1;32muart:~$ [m[8D[J[00:01:36.069,000] [0m<inf> imu: LSM6DS3TR-C  a  -0.383   9.873   0.592  g   0.022  -0.060   0.014[0m
[1;32muart:~$ [m[8D[J[00:01:36.069,000] [0m<inf> imu: LSM6DSV16X   a  -0.127   9.840   0.933  g  -0.011   0.003  -0.003[0m
[1;32muart:~$ [m[8D[J[1;32muart:~$ [m[8D[J[00:01:36.070,000] [0m<inf> imu: ICM-42688-P  a  -0.154   9.760   0.306  g  -0.001  -0.006   0.000[0m
[1;32muart:~$ [m[8D[J[1;32muart:~$ [m[8D[J[00:01:36.171,000] [0m<inf> imu: LSM6DS3TR-C  a  -0.336   9.853   0.557  g   0.023  -0.059   0.015[0m
[1;32muart:~$ [m[8D[J[00:01:36.172,000] [0m<inf> imu: LSM6DSV16X   a  -0.129   9.833   0.919  g  -0.011   0.001  -0.003[0m
[1;32muart:~$ [m[8D[J[1;32muart:~$ [m[8D[J[00:01:36.172,000] [0m<inf> imu: ICM-42688-P  a  -0.154   9.760   0.320  g  -0.001  -0.005  -0.000[0m
[1;32muart:~$ [m[8D[J[00:01:36.273,000] [0m<inf> imu: LSM6DS3TR-C  a  -0.356   9.871   0.568  g   0.021  -0.060   0.016[0m
[1;32muart:~$ [m[8D[J[1;32muart:~$ [m[8D[J[00:01:36.274,000] [0m<inf> imu: LSM6DSV16X   a  -0.125   9.840   0.921  g  -0.012   0.002  -0.002[0m
[1;32muart:~$ [m[8D[J[00:01:36.274,000] [0m<inf> imu: ICM-42688-P  a  -0.156   9.776   0.323  g  -0.001  -0.005   0.000[0m
[1;32muart:~$ [m[8D[J[1;32muart:~$ [m[8D[J[00:01:36.375,000] [0m<inf> imu: LSM6DS3TR-C  a  -0.358   9.855   0.564  g   0.020  -0.060   0.017[0m
[1;32muart:~$ [m[8D[J[00:01:36.376,000] [0m<inf> imu: LSM6DSV16X   a  -0.123   9.836   0.926  g  -0.012   0.002  -0.003[0m
[1;32muart:~$ [m[8D[J[1;32muart:~$ [m[8D[J[00:01:36.377,000] [0m<inf> imu: ICM-42688-P  a  -0.152   9.754   0.308  g   0.000  -0.005   0.000[0m
[1;32muart:~$ [m[8D[J[00:01:36.478,000] [0m<inf> imu: LSM6DS3TR-C  a  -0.360   9.842   0.545  g   0.024  -0.062   0.014[0m
[1;32muart:~$ [m[8D[J[00:01:36.479,000] [0m<inf> imu: LSM6DSV16X   a  -0.125   9.837   0.926  g  -0.013   0.002  -0.003[0m
[1;32muart:~$ [m[8D[J[1;32muart:~$ [m[8D[J[00:01:36.479,000] [0m<inf> imu: ICM-42688-P  a  -0.153   9.748   0.311  g   0.001  -0.006   0.000[0m
[1;32muart:~$ [m[8D[J[00:01:36.580,000] [0m<inf> imu: LSM6DS3TR-C  a  -0.355   9.820   0.503  g   0.024  -0.061   0.013[0m
[1;32muart:~$ [m[8D[J[1;32muart:~$ [m[8D[J[00:01:36.582,000] [0m<inf> imu: LSM6DSV16X   a  -0.129   9.832   0.922  g  -0.011   0.002  -0.003[0m
[1;32muart:~$ [m[8D[J[00:01:36.582,000] [0m<inf> imu: ICM-42688-P  a  -0.154   9.749   0.327  g   0.001  -0.005   0.000[0m
[1;32muart:~$ [m[8D[J[00:01:36.683,000] [0m<inf> imu: LSM6DS3TR-C  a  -0.330   9.842   0.540  g   0.024  -0.062   0.014[0m
[1;32muart:~$ [m[8D[J[1;32muart:~$ [m[8D[J[00:01:36.684,000] [0m<inf> imu: LSM6DSV16X   a  -0.132   9.834   0.924  g  -0.012   0.002  -0.002[0m
[1;32muart:~$ [m[8D[J[00:01:36.685,000] [0m<inf> imu: ICM-42688-P  a  -0.157   9.753   0.317  g  -0.001  -0.006   0.000[0m
[1;32muart:~$ [m[8D[J[00:01:36.786,000] [0m<inf> imu: LSM6DS3TR-C  a  -0.361   9.867   0.567  g   0.023  -0.059   0.015[0m
[1;32muart:~$ [m[8D[J[00:01:36.786,000] [0m<inf> imu: LSM6DSV16X   a  -0.127   9.829   0.924  g  -0.012   0.002  -0.003[0m
[1;32muart:~$ [m[8D[J[1;32muart:~$ [m[8D[J[00:01:36.787,000] [0m<inf> imu: ICM-42688-P  a  -0.163   9.768   0.303  g   0.000  -0.005   0.000[0m
[1;32muart:~$ [m[8D[J[1;32muart:~$ [m[8D[J[00:01:36.888,000] [0m<inf> imu: LSM6DS3TR-C  a  -0.318   9.837   0.558  g   0.023  -0.062   0.014[0m
[1;32muart:~$ [m[8D[J[00:01:36.889,000] [0m<inf> imu: LSM6DSV16X   a  -0.132   9.837   0.921  g  -0.011   0.002  -0.003[0m
[1;32muart:~$ [m[8D[J[00:01:36.889,000] [0m<inf> imu: ICM-42688-P  a  -0.150   9.764   0.326  g   0.000  -0.006   0.000[0m
[1;32muart:~$ [m[8D[J[1;32muart:~$ [m[8D[J[00:01:36.990,000] [0m<inf> imu: LSM6DS3TR-C  a  -0.382   9.855   0.537  g   0.022  -0.062   0.015[0m
[1;32muart:~$ [m[8D[J[00:01:36.991,000] [0m<inf> imu: LSM6DSV16X   a  -0.127   9.839   0.928  g  -0.011   0.003  -0.003[0m
[1;32muart:~$ [m[8D[J[00:01:36.991,000] [0m<inf> imu: ICM-42688-P  a  -0.157   9.755   0.317  g   0.001  -0.005   0.000[0m
[1;32muart:~$ [m[8D[J[1;32muart:~$ [m[8D[J[00:01:37.093,000] [0m<inf> imu: LSM6DS3TR-C  a  -0.374   9.846   0.557  g   0.022  -0.060   0.013[0m
[1;32muart:~$ [m[8D[J[00:01:37.093,000] [0m<inf> imu: LSM6DSV16X   a  -0.123   9.830   0.928  g  -0.011   0.002  -0.003[0m
[1;32muart:~$ [m[8D[J[1;32muart:~$ [m[8D[J[00:01:37.094,000] [0m<inf> imu: ICM-42688-P  a  -0.162   9.750   0.316  g   0.000  -0.006   0.000[0m
[1;32muart:~$ [m[8D[J[00:01:37.195,000] [0m<inf> imu: LSM6DS3TR-C  a  -0.355   9.849   0.546  g   0.022  -0.061   0.013[0m
[1;32muart:~$ [m[8D[J[1;32muart:~$ [m[8D[J[00:01:37.195,000] [0m<inf> imu: LSM6DSV16X   a  -0.120   9.832   0.912  g  -0.012   0.002  -0.003[0m
[1;32muart:~$ [m[8D[J[00:01:37.196,000] [0m<inf> imu: ICM-42688-P  a  -0.159   9.752   0.302  g   0.001  -0.005   0.000[0m
[1;32muart:~$ [m[8D[J[00:01:37.298,000] [0m<inf> imu: LSM6DS3TR-C  a  -0.376   9.829   0.542  g   0.023  -0.059   0.013[0m
[1;32muart:~$ [m[8D[J[00:01:37.298,000] [0m<inf> imu: LSM6DSV16X   a  -0.127   9.842   0.925  g  -0.011   0.002  -0.002[0m
[1;32muart:~$ [m[8D[J[00:01:37.299,000] [0m<inf> imu: ICM-42688-P  a  -0.165   9.765   0.302  g  -0.001  -0.005   0.000[0m
[1;32muart:~$ [m[8D[J[1;32muart:~$ [m[8D[J[00:01:37.400,000] [0m<inf> imu: LSM6DS3TR-C  a  -0.368   9.846   0.535  g   0.023  -0.060   0.014[0m
[1;32muart:~$ [m[8D[J[00:01:37.401,000] [0m<inf> imu: LSM6DSV16X   a  -0.120   9.830   0.912  g  -0.011   0.001  -0.003[0m
[1;32muart:~$ [m[8D[J[1;32muart:~$ [m[8D[J[00:01:37.402,000] [0m<inf> imu: ICM-42688-P  a  -0.159   9.759   0.311  g   0.000  -0.004   0.000[0m
[1;32muart:~$ [m[8D[J[00:01:37.503,000] [0m<inf> imu: LSM6DS3TR-C  a  -0.341   9.878   0.522  g   0.022  -0.060   0.014[0m
[1;32muart:~$ [m[8D[J[1;32muart:~$ [m[8D[J[00:01:37.504,000] [0m<inf> imu: LSM6DSV16X   a  -0.124   9.835   0.916  g  -0.012   0.002  -0.003[0m
[1;32muart:~$ [m[8D[J[00:01:37.505,000] [0m<inf> imu: ICM-42688-P  a  -0.158   9.758   0.311  g   0.001  -0.005   0.001[0m
[1;32muart:~$ [m[8D[J[1;32muart:~$ [m[8D[J[00:01:37.606,000] [0m<inf> imu: LSM6DS3TR-C  a  -0.363   9.832   0.527  g   0.023  -0.061   0.014[0m
[1;32muart:~$ [m[8D[J[00:01:37.606,000] [0m<inf> imu: LSM6DSV16X   a  -0.124   9.842   0.907  g  -0.011   0.003  -0.003[0m
[1;32muart:~$ [m[8D[J[1;32muart:~$ [m[8D[J[00:01:37.607,000] [0m<inf> imu: ICM-42688-P  a  -0.148   9.756   0.302  g   0.001  -0.006   0.000[0m
[1;32muart:~$ [m[8D[J[00:01:37.708,000] [0m<inf> imu: LSM6DS3TR-C  a  -0.336   9.857   0.528  g   0.022  -0.060   0.015[0m
[1;32muart:~$ [m[8D[J[1;32muart:~$ [m[8D[J[00:01:37.709,000] [0m<inf> imu: LSM6DSV16X   a  -0.131   9.833   0.912  g  -0.011   0.002  -0.003[0m
[1;32muart:~$ [m[8D[J[00:01:37.709,000] [0m<inf> imu: ICM-42688-P  a  -0.160   9.767   0.308  g   0.000  -0.005   0.000[0m
[1;32muart:~$ [m[8D[J[1;32muart:~$ [m[8D[J[00:01:37.810,000] [0m<inf> imu: LSM6DS3TR-C  a  -0.352   9.858   0.514  g   0.023  -0.059   0.016[0m
[1;32muart:~$ [m[8D[J[00:01:37.811,000] [0m<inf> imu: LSM6DSV16X   a  -0.132   9.839   0.914  g  -0.012   0.002  -0.003[0m
[1;32muart:~$ [m[8D[J[1;32muart:~$ [m[8D[J[00:01:37.812,000] [0m<inf> imu: ICM-42688-P  a  -0.159   9.759   0.311  g   0.000  -0.005   0.001[0m
[1;32muart:~$ [m[8D[J[00:01:37.913,000] [0m<inf> imu: LSM6DS3TR-C  a  -0.385   9.823   0.539  g   0.024  -0.060   0.013[0m
[1;32muart:~$ [m[8D[J[00:01:37.913,000] [0m<inf> imu: LSM6DSV16X   a  -0.127   9.834   0.918  g  -0.012   0.002  -0.003[0m
[1;32muart:~$ [m[8D[J[1;32muart:~$ [m[8D[J[00:01:37.914,000] [0m<inf> imu: ICM-42688-P  a  -0.154   9.758   0.306  g  -0.001  -0.005   0.000[0m
[1;32muart:~$ [m[8D[J[00:01:38.016,000] [0m<inf> imu: LSM6DS3TR-C  a  -0.360   9.814   0.543  g   0.023  -0.061   0.015[0m
[1;32muart:~$ [m[8D[J[00:01:38.017,000] [0m<inf> imu: LSM6DSV16X   a  -0.127   9.837   0.914  g  -0.012   0.002  -0.002[0m
[1;32muart:~$ [m[8D[J[1;32muart:~$ [m[8D[J[00:01:38.017,000] [0m<inf> imu: ICM-42688-P  a  -0.168   9.756   0.317  g   0.000  -0.005   0.001[0m
[1;32muart:~$ [m[8D[J[00:01:38.118,000] [0m<inf> imu: LSM6DS3TR-C  a  -0.366   9.857   0.534  g   0.022  -0.060   0.015[0m
[1;32muart:~$ [m[8D[J[1;32muart:~$ [m[8D[J[00:01:38.119,000] [0m<inf> imu: LSM6DSV16X   a  -0.126   9.839   0.912  g  -0.012   0.002  -0.003[0m
[1;32muart:~$ [m[8D[J[00:01:38.119,000] [0m<inf> imu: ICM-42688-P  a  -0.159   9.761   0.304  g   0.000  -0.005   0.001[0m
[1;32muart:~$ [m[8D[J[1;32muart:~$ [m[8D[J[00:01:38.221,000] [0m<inf> imu: LSM6DS3TR-C  a  -0.355   9.856   0.542  g   0.023  -0.060   0.013[0m
[1;32muart:~$ [m[8D[J[00:01:38.222,000] [0m<inf> imu: LSM6DSV16X   a  -0.127   9.841   0.921  g  -0.012   0.002  -0.002[0m
[1;32muart:~$ [m[8D[J[1;32muart:~$ [m[8D[J[00:01:38.222,000] [0m<inf> imu: ICM-42688-P  a  -0.151   9.750   0.290  g  -0.000  -0.005   0.001[0m
[1;32muart:~$ [m[8D[J[00:01:38.323,000] [0m<inf> imu: LSM6DS3TR-C  a  -0.399   9.837   0.553  g   0.024  -0.062   0.014[0m
[1;32muart:~$ [m[8D[J[1;32muart:~$ [m[8D[J[00:01:38.324,000] [0m<inf> imu: LSM6DSV16X   a  -0.127   9.832   0.916  g  -0.011   0.002  -0.003[0m
[1;32muart:~$ [m[8D[J[00:01:38.325,000] [0m<inf> imu: ICM-42688-P  a  -0.154   9.760   0.308  g  -0.000  -0.005   0.000[0m
[1;32muart:~$ [m[8D[J[1;32muart:~$ [m[8D[J[00:01:38.426,000] [0m<inf> imu: LSM6DS3TR-C  a  -0.371   9.876   0.530  g   0.022  -0.060   0.014[0m
[1;32muart:~$ [m[8D[J[00:01:38.427,000] [0m<inf> imu: LSM6DSV16X   a  -0.134   9.842   0.921  g  -0.011   0.002  -0.003[0m
[1;32muart:~$ [m[8D[J[1;32muart:~$ [m[8D[J[00:01:38.427,000] [0m<inf> imu: ICM-42688-P  a  -0.152   9.764   0.316  g   0.001  -0.005   0.000[0m
[1;32muart:~$ [m[8D[J[00:01:38.528,000] [0m<inf> imu: LSM6DS3TR-C  a  -0.391   9.857   0.534  g   0.021  -0.060   0.014[0m
[1;32muart:~$ [m[8D[J[00:01:38.529,000] [0m<inf> imu: LSM6DSV16X   a  -0.122   9.835   0.904  g  -0.011   0.002  -0.003[0m
[1;32muart:~$ [m[8D[J[1;32muart:~$ [m[8D[J[00:01:38.529,000] [0m<inf> imu: ICM-42688-P  a  -0.159   9.755   0.294  g  -0.000  -0.005   0.000[0m
[1;32muart:~$ [m[8D[J[00:01:38.631,000] [0m<inf> imu: LSM6DS3TR-C  a  -0.377   9.860   0.535  g   0.022  -0.061   0.014[0m
[1;32muart:~$ [m[8D[J[1;32muart:~$ [m[8D[J[00:01:38.632,000] [0m<inf> imu: LSM6DSV16X   a  -0.127   9.837   0.909  g  -0.012   0.002  -0.002[0m
[1;32muart:~$ [m[8D[J[00:01:38.633,000] [0m<inf> imu: ICM-42688-P  a  -0.159   9.752   0.303  g   0.000  -0.004   0.001[0m
[1;32muart:~$ [m[8D[J[00:01:38.734,000] [0m<inf> imu: LSM6DS3TR-C  a  -0.358   9.837   0.526  g   0.023  -0.061   0.014[0m
[1;32muart:~$ [m[8D[J[1;32muart:~$ [m[8D[J[00:01:38.735,000] [0m<inf> imu: LSM6DSV16X   a  -0.122   9.832   0.916  g  -0.012   0.001  -0.003[0m
[1;32muart:~$ [m[8D[J[00:01:38.735,000] [0m<inf> imu: ICM-42688-P  a  -0.152   9.749   0.314  g   0.001  -0.006   0.000[0m
[1;32muart:~$ [m[8D[J[00:01:38.836,000] [0m<inf> imu: LSM6DS3TR-C  a  -0.356   9.879   0.561  g   0.022  -0.059   0.015[0m
[1;32muart:~$ [m[8D[J[00:01:38.837,000] [0m<inf> imu: LSM6DSV16X   a  -0.129   9.836   0.931  g  -0.012   0.002  -0.003[0m
[1;32muart:~$ [m[8D[J[1;32muart:~$ [m[8D[J[00:01:38.838,000] [0m<inf> imu: ICM-42688-P  a  -0.153   9.762   0.297  g   0.000  -0.005  -0.000[0m
[1;32muart:~$ [m[8D[J[1;32muart:~$ [m[8D[J[00:01:38.939,000] [0m<inf> imu: LSM6DS3TR-C  a  -0.369   9.843   0.575  g   0.022  -0.062   0.013[0m
[1;32muart:~$ [m[8D[J[00:01:38.939,000] [0m<inf> imu: LSM6DSV16X   a  -0.120   9.835   0.913  g  -0.012   0.002  -0.003[0m
[1;32muart:~$ [m[8D[J[00:01:38.940,000] [0m<inf> imu: ICM-42688-P  a  -0.150   9.758   0.302  g  -0.001  -0.005   0.000[0m
[1;32muart:~$ [m[8D[J[1;32muart:~$ [m[8D[J[00:01:39.041,000] [0m<inf> imu: LSM6DS3TR-C  a  -0.340   9.837   0.548  g   0.023  -0.063   0.015[0m
[1;32muart:~$ [m[8D[J[00:01:39.042,000] [0m<inf> imu: LSM6DSV16X   a  -0.132   9.827   0.921  g  -0.012   0.002  -0.003[0m
[1;32muart:~$ [m[8D[J[1;32muart:~$ [m[8D[J[00:01:39.042,000] [0m<inf> imu: ICM-42688-P  a  -0.157   9.753   0.300  g  -0.001  -0.006   0.001[0m
[1;32muart:~$ [m[8D[J[00:01:39.143,000] [0m<inf> imu: LSM6DS3TR-C  a  -0.359   9.868   0.528  g   0.022  -0.060   0.014[0m
[1;32muart:~$ [m[8D[J[00:01:39.144,000] [0m<inf> imu: LSM6DSV16X   a  -0.129   9.844   0.926  g  -0.012   0.003  -0.003[0m
[1;32muart:~$ [m[8D[J[1;32muart:~$ [m[8D[J[00:01:39.145,000] [0m<inf> imu: ICM-42688-P  a  -0.147   9.752   0.303  g   0.000  -0.006   0.001[0m
[1;32muart:~$ [m[8D[J[00:01:39.246,000] [0m<inf> imu: LSM6DS3TR-C  a  -0.361   9.873   0.553  g   0.022  -0.062   0.013[0m
[1;32muart:~$ [m[8D[J[1;32muart:~$ [m[8D[J[00:01:39.246,000] [0m<inf> imu: LSM6DSV16X   a  -0.127   9.832   0.918  g  -0.011   0.002  -0.003[0m
[1;32muart:~$ [m[8D[J[00:01:39.247,000] [0m<inf> imu: ICM-42688-P  a  -0.159   9.766   0.311  g   0.001  -0.006   0.000[0m
[1;32muart:~$ [m[8D[J[00:01:39.348,000] [0m<inf> imu: LSM6DS3TR-C  a  -0.345   9.849   0.562  g   0.023  -0.061   0.015[0m
[1;32muart:~$ [m[8D[J[00:01:39.349,000] [0m<inf> imu: LSM6DSV16X   a  -0.126   9.837   0.922  g  -0.011   0.002  -0.003[0m
[1;32muart:~$ [m[8D[J[1;32muart:~$ [m[8D[J[00:01:39.349,000] [0m<inf> imu: ICM-42688-P  a  -0.158   9.746   0.311  g   0.000  -0.006   0.000[0m
[1;32muart:~$ [m[8D[J[00:01:39.450,000] [0m<inf> imu: LSM6DS3TR-C  a  -0.330   9.830   0.551  g   0.020  -0.061   0.016[0m
[1;32muart:~$ [m[8D[J[00:01:39.451,000] [0m<inf> imu: LSM6DSV16X   a  -0.127   9.834   0.919  g  -0.012   0.002  -0.003[0m
[1;32muart:~$ [m[8D[J[1;32muart:~$ [m[8D[J[00:01:39.451,000] [0m<inf> imu: ICM-42688-P  a  -0.160   9.760   0.320  g  -0.000  -0.005   0.000[0m
[1;32muart:~$ [m[8D[J[00:01:39.552,000] [0m<inf> imu: LSM6DS3TR-C  a  -0.382   9.869   0.536  g   0.023  -0.060   0.016[0m
[1;32muart:~$ [m[8D[J[1;32muart:~$ [m[8D[J[00:01:39.553,000] [0m<inf> imu: LSM6DSV16X   a  -0.130   9.837   0.919  g  -0.011   0.003  -0.003[0m
[1;32muart:~$ [m[8D[J[00:01:39.554,000] [0m<inf> imu: ICM-42688-P  a  -0.156   9.756   0.300  g  -0.001  -0.006   0.001[0m
[1;32muart:~$ [m[8D[J[1;32muart:~$ [m[8D[J[00:01:39.655,000] [0m<inf> imu: LSM6DS3TR-C  a  -0.367   9.863   0.572  g   0.023  -0.059   0.014[0m
[1;32muart:~$ [m[8D[J[00:01:39.656,000] [0m<inf> imu: LSM6DSV16X   a  -0.129   9.840   0.919  g  -0.011   0.002  -0.003[0m
[1;32muart:~$ [m[8D[J[1;32muart:~$ [m[8D[J[00:01:39.656,000] [0m<inf> imu: ICM-42688-P  a  -0.145   9.756   0.320  g  -0.001  -0.005   0.000[0m
[1;32muart:~$ [m[8D[J[00:01:39.757,000] [0m<inf> imu: LSM6DS3TR-C  a  -0.362   9.851   0.572  g   0.023  -0.061   0.014[0m
[1;32muart:~$ [m[8D[J[1;32muart:~$ [m[8D[J[00:01:39.758,000] [0m<inf> imu: LSM6DSV16X   a  -0.129   9.840   0.924  g  -0.012   0.002  -0.002[0m
[1;32muart:~$ [m[8D[J[00:01:39.758,000] [0m<inf> imu: ICM-42688-P  a  -0.151   9.771   0.303  g   0.000  -0.006   0.000[0m
[1;32muart:~$ [m[8D[J[1;32muart:~$ [m[8D[J[00:01:39.859,000] [0m<inf> imu: LSM6DS3TR-C  a  -0.371   9.833   0.561  g   0.022  -0.062   0.014[0m
[1;32muart:~$ [m[8D[J[00:01:39.860,000] [0m<inf> imu: LSM6DSV16X   a  -0.124   9.830   0.924  g  -0.011   0.002  -0.003[0m
[1;32muart:~$ [m[8D[J[1;32muart:~$ [m[8D[J[00:01:39.861,000] [0m<inf> imu: ICM-42688-P  a  -0.158   9.765   0.321  g   0.000  -0.005   0.001[0m
[1;32muart:~$ [m[8D[J[00:01:39.962,000] [0m<inf> imu: LSM6DS3TR-C  a  -0.352   9.888   0.566  g   0.023  -0.060   0.015[0m
[1;32muart:~$ [m[8D[J[00:01:39.962,000] [0m<inf> imu: LSM6DSV16X   a  -0.122   9.837   0.919  g  -0.011   0.001  -0.003[0m
[1;32muart:~$ [m[8D[J[1;32muart:~$ [m[8D[J[00:01:39.963,000] [0m<inf> imu: ICM-42688-P  a  -0.156   9.760   0.316  g   0.000  -0.004   0.001[0m
[1;32muart:~$ [m[8D[J[00:01:40.064,000] [0m<inf> imu: LSM6DS3TR-C  a  -0.345   9.825   0.571  g   0.024  -0.061   0.016[0m
[1;32muart:~$ [m[8D[J[1;32muart:~$ [m[8D[J[00:01:40.065,000] [0m<inf> imu: LSM6DSV16X   a  -0.127   9.840   0.916  g  -0.011   0.002  -0.003[0m
[1;32muart:~$ [m[8D[J[00:01:40.066,000] [0m<inf> imu: ICM-42688-P  a  -0.159   9.752   0.320  g   0.000  -0.005   0.001[0m
[1;32muart:~$ [m[8D[J[00:01:40.167,000] [0m<inf> imu: LSM6DS3TR-C  a  -0.398   9.858   0.572  g   0.022  -0.061   0.015[0m
[1;32muart:~$ [m[8D[J[1;32muart:~$ [m[8D[J[00:01:40.168,000] [0m<inf> imu: LSM6DSV16X   a  -0.120   9.837   0.926  g  -0.012   0.002  -0.003[0m
[1;32muart:~$ [m[8D[J[00:01:40.168,000] [0m<inf> imu: ICM-42688-P  a  -0.159   9.768   0.300  g  -0.001  -0.005   0.000[0m
[1;32muart:~$ [m[8D[J[00:01:40.270,000] [0m<inf> imu: LSM6DS3TR-C  a  -0.374   9.839   0.592  g   0.021  -0.060   0.013[0m
[1;32muart:~$ [m[8D[J[00:01:40.270,000] [0m<inf> imu: LSM6DSV16X   a  -0.127   9.839   0.921  g  -0.011   0.002  -0.003[0m
[1;32muart:~$ [m[8D[J[1;32muart:~$ [m[8D[J[00:01:40.271,000] [0m<inf> imu: ICM-42688-P  a  -0.156   9.759   0.318  g   0.000  -0.005   0.000[0m
[1;32muart:~$ [m[8D[J[1;32muart:~$ [m[8D[J[00:01:40.372,000] [0m<inf> imu: LSM6DS3TR-C  a  -0.355   9.862   0.584  g   0.023  -0.061   0.015[0m
[1;32muart:~$ [m[8D[J[00:01:40.373,000] [0m<inf> imu: LSM6DSV16X   a  -0.125   9.837   0.919  g  -0.011   0.002  -0.003[0m
[1;32muart:~$ [m[8D[J[1;32muart:~$ [m[8D[J[00:01:40.373,000] [0m<inf> imu: ICM-42688-P  a  -0.159   9.760   0.299  g   0.000  -0.005   0.000[0m
[1;32muart:~$ [m[8D[J[00:01:40.474,000] [0m<inf> imu: LSM6DS3TR-C  a  -0.377   9.840   0.544  g   0.024  -0.061   0.014[0m
[1;32muart:~$ [m[8D[J[1;32muart:~$ [m[8D[J[00:01:40.475,000] [0m<inf> imu: LSM6DSV16X   a  -0.132   9.835   0.926  g  -0.012   0.002  -0.003[0m
[1;32muart:~$ [m[8D[J[00:01:40.475,000] [0m<inf> imu: ICM-42688-P  a  -0.154   9.762   0.311  g   0.001  -0.006   0.001[0m
[1;32muart:~$ [m[8D[J[1;32muart:~$ [m[8D[J[00:01:40.576,000] [0m<inf> imu: LSM6DS3TR-C  a  -0.350   9.837   0.543  g   0.021  -0.061   0.015[0m
[1;32muart:~$ [m[8D[J[00:01:40.577,000] [0m<inf> imu: LSM6DSV16X   a  -0.127   9.842   0.922  g  -0.011   0.002  -0.002[0m
[1;32muart:~$ [m[8D[J[1;32muart:~$ [m[8D[J[00:01:40.578,000] [0m<inf> imu: ICM-42688-P  a  -0.146   9.762   0.312  g  -0.001  -0.005   0.001[0m
[1;32muart:~$ [m[8D[J[00:01:40.679,000] [0m<inf> imu: LSM6DS3TR-C  a  -0.361   9.835   0.562  g   0.021  -0.060   0.015[0m
[1;32muart:~$ [m[8D[J[00:01:40.679,000] [0m<inf> imu: LSM6DSV16X   a  -0.130   9.833   0.924  g  -0.012   0.002  -0.003[0m
[1;32muart:~$ [m[8D[J[1;32muart:~$ [m[8D[J[00:01:40.680,000] [0m<inf> imu: ICM-42688-P  a  -0.150   9.750   0.318  g  -0.000  -0.005   0.000[0m
[1;32muart:~$ [m[8D[J[00:01:40.782,000] [0m<inf> imu: LSM6DS3TR-C  a  -0.377   9.866   0.561  g   0.022  -0.061   0.015[0m
[1;32muart:~$ [m[8D[J[1;32muart:~$ [m[8D[J[00:01:40.782,000] [0m<inf> imu: LSM6DSV16X   a  -0.129   9.837   0.904  g  -0.011   0.002  -0.003[0m
[1;32muart:~$ [m[8D[J[00:01:40.783,000] [0m<inf> imu: ICM-42688-P  a  -0.154   9.770   0.318  g   0.000  -0.005   0.001[0m
[1;32muart:~$ [m[8D[J[00:01:40.885,000] [0m<inf> imu: LSM6DS3TR-C  a  -0.371   9.844   0.569  g   0.024  -0.061   0.016[0m
[1;32muart:~$ [m[8D[J[1;32muart:~$ [m[8D[J[00:01:40.885,000] [0m<inf> imu: LSM6DSV16X   a  -0.127   9.834   0.922  g  -0.011   0.002  -0.002[0m
[1;32muart:~$ [m[8D[J[00:01:40.886,000] [0m<inf> imu: ICM-42688-P  a  -0.159   9.759   0.328  g  -0.000  -0.005   0.001[0m
[1;32muart:~$ [m[8D[J[00:01:40.987,000] [0m<inf> imu: LSM6DS3TR-C  a  -0.339   9.839   0.562  g   0.023  -0.060   0.016[0m
[1;32muart:~$ [m[8D[J[00:01:40.988,000] [0m<inf> imu: LSM6DSV16X   a  -0.127   9.836   0.919  g  -0.011   0.003  -0.003[0m
[1;32muart:~$ [m[8D[J[1;32muart:~$ [m[8D[J[00:01:40.988,000] [0m<inf> imu: ICM-42688-P  a  -0.172   9.760   0.321  g   0.000  -0.005   0.001[0m
[1;32muart:~$ [m[8D[J[1;32muart:~$ [m[8D[J[00:01:41.089,000] [0m<inf> imu: LSM6DS3TR-C  a  -0.367   9.846   0.526  g   0.022  -0.060   0.013[0m
[1;32muart:~$ [m[8D[J[00:01:41.090,000] [0m<inf> imu: LSM6DSV16X   a  -0.122   9.829   0.917  g  -0.012   0.002  -0.003[0m
[1;32muart:~$ [m[8D[J[1;32muart:~$ [m[8D[J[00:01:41.090,000] [0m<inf> imu: ICM-42688-P  a  -0.159   9.765   0.303  g   0.000  -0.005   0.000[0m
[1;32muart:~$ [m[8D[J[00:01:41.191,000] [0m<inf> imu: LSM6DS3TR-C  a  -0.379   9.870   0.549  g   0.023  -0.062   0.015[0m
[1;32muart:~$ [m[8D[J[1;32muart:~$ [m[8D[J[00:01:41.192,000] [0m<inf> imu: LSM6DSV16X   a  -0.126   9.839   0.928  g  -0.012   0.002  -0.003[0m
[1;32muart:~$ [m[8D[J[00:01:41.193,000] [0m<inf> imu: ICM-42688-P  a  -0.159   9.753   0.314  g  -0.001  -0.005  -0.001[0m
[1;32muart:~$ [m[8D[J[1;32muart:~$ [m[8D[J[00:01:41.294,000] [0m<inf> imu: LSM6DS3TR-C  a  -0.360   9.847   0.540  g   0.022  -0.060   0.016[0m
[1;32muart:~$ [m[8D[J[00:01:41.294,000] [0m<inf> imu: LSM6DSV16X   a  -0.131   9.835   0.925  g  -0.012   0.002  -0.003[0m
[1;32muart:~$ [m[8D[J[1;32muart:~$ [m[8D[J[00:01:41.295,000] [0m<inf> imu: ICM-42688-P  a  -0.154   9.752   0.314  g   0.001  -0.005   0.000[0m
[1;32muart:~$ [m[8D[J[00:01:41.396,000] [0m<inf> imu: LSM6DS3TR-C  a  -0.333   9.830   0.545  g   0.024  -0.059   0.016[0m
[1;32muart:~$ [m[8D[J[00:01:41.397,000] [0m<inf> imu: LSM6DSV16X   a  -0.127   9.847   0.919  g  -0.011   0.002  -0.003[0m
[1;32muart:~$ [m[8D[J[1;32muart:~$ [m[8D[J[00:01:41.397,000] [0m<inf> imu: ICM-42688-P  a  -0.154   9.770   0.316  g   0.000  -0.005   0.000[0m
[1;32muart:~$ [m[8D[J[00:01:41.499,000] [0m<inf> imu: LSM6DS3TR-C  a  -0.351   9.842   0.543  g   0.022  -0.061   0.016[0m
[1;32muart:~$ [m[8D[J[1;32muart:~$ [m[8D[J[00:01:41.500,000] [0m<inf> imu: LSM6DSV16X   a  -0.127   9.840   0.914  g  -0.012   0.002  -0.003[0m
[1;32muart:~$ [m[8D[J[00:01:41.500,000] [0m<inf> imu: ICM-42688-P  a  -0.159   9.760   0.318  g   0.001  -0.005   0.000[0m
[1;32muart:~$ [m[8D[J[00:01:41.601,000] [0m<inf> imu: LSM6DS3TR-C  a  -0.359   9.869   0.569  g   0.021  -0.060   0.016[0m
[1;32muart:~$ [m[8D[J[1;32muart:~$ [m[8D[J[00:01:41.602,000] [0m<inf> imu: LSM6DSV16X   a  -0.120   9.833   0.919  g  -0.011   0.002  -0.003[0m
[1;32muart:~$ [m[8D[J[00:01:41.603,000] [0m<inf> imu: ICM-42688-P  a  -0.154   9.765   0.311  g   0.000  -0.005   0.000[0m
[1;32muart:~$ [m[8D[J[00:01:41.704,000] [0m<inf> imu: LSM6DS3TR-C  a  -0.306   9.844   0.539  g   0.022  -0.060   0.016[0m
[1;32muart:~$ [m[8D[J[00:01:41.704,000] [0m<inf> imu: LSM6DSV16X   a  -0.127   9.839   0.916  g  -0.012   0.002  -0.002[0m
[1;32muart:~$ [m[8D[J[1;32muart:~$ [m[8D[J[00:01:41.705,000] [0m<inf> imu: ICM-42688-P  a  -0.163   9.762   0.316  g   0.000  -0.006   0.000[0m
[1;32muart:~$ [m[8D[J[1;32muart:~$ [m[8D[J[00:01:41.806,000] [0m<inf> imu: LSM6DS3TR-C  a  -0.364   9.860   0.543  g   0.023  -0.060   0.016[0m
[1;32muart:~$ [m[8D[J[00:01:41.807,000] [0m<inf> imu: LSM6DSV16X   a  -0.129   9.837   0.919  g  -0.010   0.002  -0.003[0m
[1;32muart:~$ [m[8D[J[1;32muart:~$ [m[8D[J[00:01:41.807,000] [0m<inf> imu: ICM-42688-P  a  -0.168   9.756   0.329  g  -0.001  -0.006   0.001[0m
[1;32muart:~$ [m[8D[J[00:01:41.908,000] [0m<inf> imu: LSM6DS3TR-C  a  -0.333   9.864   0.561  g   0.025  -0.062   0.017[0m
[1;32muart:~$ [m[8D[J[1;32muart:~$ [m[8D[J[00:01:41.909,000] [0m<inf> imu: LSM6DSV16X   a  -0.129   9.842   0.913  g  -0.011   0.002  -0.003[0m
[1;32muart:~$ [m[8D[J[00:01:41.909,000] [0m<inf> imu: ICM-42688-P  a  -0.162   9.752   0.310  g   0.000  -0.005   0.001[0m
[1;32muart:~$ [m[8D[J[1;32muart:~$ [m[8D[J[00:01:42.010,000] [0m<inf> imu: LSM6DS3TR-C  a  -0.368   9.841   0.567  g   0.024  -0.060   0.016[0m
[1;32muart:~$ [m[8D[J[00:01:42.011,000] [0m<inf> imu: LSM6DSV16X   a  -0.131   9.833   0.912  g  -0.011   0.003  -0.003[0m
[1;32muart:~$ [m[8D[J[1;32muart:~$ [m[8D[J[00:01:42.012,000] [0m<inf> imu: ICM-42688-P  a  -0.162   9.760   0.323  g  -0.001  -0.004   0.001[0m
[1;32muart:~$ [m[8D[J[00:01:42.113,000] [0m<inf> imu: LSM6DS3TR-C  a  -0.360   9.833   0.573  g   0.022  -0.060   0.014[0m
[1;32muart:~$ [m[8D[J[00:01:42.114,000] [0m<inf> imu: LSM6DSV16X   a  -0.121   9.844   0.928  g  -0.012   0.002  -0.003[0m
[1;32muart:~$ [m[8D[J[1;32muart:~$ [m[8D[J[00:01:42.114,000] [0m<inf> imu: ICM-42688-P  a  -0.160   9.774   0.320  g  -0.000  -0.005   0.001[0m
[1;32muart:~$ [m[8D[J[00:01:42.215,000] [0m<inf> imu: LSM6DS3TR-C  a  -0.354   9.836   0.589  g   0.023  -0.061   0.016[0m
[1;32muart:~$ [m[8D[J[1;32muart:~$ [m[8D[J[00:01:42.217,000] [0m<inf> imu: LSM6DSV16X   a  -0.127   9.829   0.919  g  -0.012   0.003  -0.004[0m
[1;32muart:~$ [m[8D[J[00:01:42.217,000] [0m<inf> imu: ICM-42688-P  a  -0.150   9.761   0.326  g   0.000  -0.005   0.000[0m
[1;32muart:~$ [m[8D[J[00:01:42.318,000] [0m<inf> imu: LSM6DS3TR-C  a  -0.349   9.854   0.581  g   0.023  -0.060   0.015[0m
[1;32muart:~$ [m[8D[J[1;32muart:~$ [m[8D[J[00:01:42.319,000] [0m<inf> imu: LSM6DSV16X   a  -0.123   9.839   0.919  g  -0.012   0.002  -0.002[0m
[1;32muart:~$ [m[8D[J[00:01:42.320,000] [0m<inf> imu: ICM-42688-P  a  -0.164   9.765   0.320  g   0.000  -0.005   0.001[0m
[1;32muart:~$ [m[8D[J[00:01:42.421,000] [0m<inf> imu: LSM6DS3TR-C  a  -0.371   9.834   0.516  g   0.022  -0.062   0.013[0m
[1;32muart:~$ [m[8D[J[00:01:42.421,000] [0m<inf> imu: LSM6DSV16X   a  -0.124   9.826   0.917  g  -0.012   0.002  -0.003[0m
[1;32muart:~$ [m[8D[J[1;32muart:~$ [m[8D[J[00:01:42.422,000] [0m<inf> imu: ICM-42688-P  a  -0.169   9.756   0.321  g   0.000  -0.005   0.000[0m
[1;32muart:~$ [m[8D[J[1;32muart:~$ [m[8D[J[00:01:42.523,000] [0m<inf> imu: LSM6DS3TR-C  a  -0.359   9.845   0.524  g   0.023  -0.061   0.016[0m
[1;32muart:~$ [m[8D[J[00:01:42.524,000] [0m<inf> imu: LSM6DSV16X   a  -0.132   9.832   0.919  g  -0.011   0.002  -0.003[0m
[1;32muart:~$ [m[8D[J[1;32muart:~$ [m[8D[J[00:01:42.524,000] [0m<inf> imu: ICM-42688-P  a  -0.150   9.756   0.314  g  -0.001  -0.005   0.000[0m
[1;32muart:~$ [m[8D[J[00:01:42.625,000] [0m<inf> imu: LSM6DS3TR-C  a  -0.367   9.873   0.569  g   0.022  -0.060   0.013[0m
[1;32muart:~$ [m[8D[J[1;32muart:~$ [m[8D[J[00:01:42.626,000] [0m<inf> imu: LSM6DSV16X   a  -0.127   9.840   0.916  g  -0.011   0.002  -0.003[0m
[1;32muart:~$ [m[8D[J[00:01:42.626,000] [0m<inf> imu: ICM-42688-P  a  -0.152   9.770   0.309  g   0.000  -0.005   0.000[0m
[1;32muart:~$ [m[8D[J[1;32muart:~$ [m[8D[J[00:01:42.728,000] [0m<inf> imu: LSM6DS3TR-C  a  -0.363   9.840   0.525  g   0.022  -0.060   0.016[0m
[1;32muart:~$ [m[8D[J[00:01:42.728,000] [0m<inf> imu: LSM6DSV16X   a  -0.127   9.835   0.916  g  -0.011   0.003  -0.003[0m
[1;32muart:~$ [m[8D[J[1;32muart:~$ [m[8D[J[00:01:42.729,000] [0m<inf> imu: ICM-42688-P  a  -0.160   9.758   0.316  g   0.000  -0.005   0.000[0m
[1;32muart:~$ [m[8D[J[00:01:42.830,000] [0m<inf> imu: LSM6DS3TR-C  a  -0.354   9.872   0.571  g   0.022  -0.060   0.016[0m
[1;32muart:~$ [m[8D[J[00:01:42.831,000] [0m<inf> imu: LSM6DSV16X   a  -0.124   9.835   0.914  g  -0.012   0.002  -0.003[0m
[1;32muart:~$ [m[8D[J[1;32muart:~$ [m[8D[J[00:01:42.831,000] [0m<inf> imu: ICM-42688-P  a  -0.163   9.758   0.311  g   0.000  -0.005   0.000[0m
[1;32muart:~$ [m[8D[J[00:01:42.932,000] [0m<inf> imu: LSM6DS3TR-C  a  -0.371   9.824   0.568  g   0.021  -0.061   0.014[0m
[1;32muart:~$ [m[8D[J[00:01:42.933,000] [0m<inf> imu: LSM6DSV16X   a  -0.122   9.835   0.919  g  -0.012   0.002  -0.003[0m
[1;32muart:~$ [m[8D[J[1;32muart:~$ [m[8D[J[00:01:42.934,000] [0m<inf> imu: ICM-42688-P  a  -0.154   9.752   0.312  g  -0.001  -0.005   0.000[0m
[1;32muart:~$ [m[8D[J[00:01:43.035,000] [0m<inf> imu: LSM6DS3TR-C  a  -0.336   9.851   0.553  g   0.024  -0.060   0.015[0m
[1;32muart:~$ [m[8D[J[1;32muart:~$ [m[8D[J[00:01:43.036,000] [0m<inf> imu: LSM6DSV16X   a  -0.126   9.836   0.910  g  -0.011   0.002  -0.003[0m
[1;32muart:~$ [m[8D[J[00:01:43.036,000] [0m<inf> imu: ICM-42688-P  a  -0.168   9.759   0.320  g   0.000  -0.005   0.000[0m
[1;32muart:~$ [m[8D[J[1;32muart:~$ [m[8D[J[00:01:43.138,000] [0m<inf> imu: LSM6DS3TR-C  a  -0.394   9.853   0.558  g   0.021  -0.060   0.013[0m
[1;32muart:~$ [m[8D[J[00:01:43.139,000] [0m<inf> imu: LSM6DSV16X   a  -0.132   9.835   0.916  g  -0.012   0.002  -0.003[0m
[1;32muart:~$ [m[8D[J[1;32muart:~$ [m[8D[J[00:01:43.139,000] [0m<inf> imu: ICM-42688-P  a  -0.162   9.760   0.324  g   0.000  -0.005   0.000[0m
[1;32muart:~$ [m[8D[J[00:01:43.240,000] [0m<inf> imu: LSM6DS3TR-C  a  -0.358   9.857   0.555  g   0.024  -0.061   0.016[0m
[1;32muart:~$ [m[8D[J[1;32muart:~$ [m[8D[J[00:01:43.241,000] [0m<inf> imu: LSM6DSV16X   a  -0.129   9.830   0.921  g  -0.011   0.001  -0.002[0m
[1;32muart:~$ [m[8D[J[00:01:43.242,000] [0m<inf> imu: ICM-42688-P  a  -0.166   9.760   0.326  g   0.000  -0.005   0.001[0m
[1;32muart:~$ [m[8D[J[1;32muart:~$ [m[8D[J[00:01:43.343,000] [0m<inf> imu: LSM6DS3TR-C  a  -0.398   9.879   0.555  g   0.022  -0.060   0.013[0m
[1;32muart:~$ [m[8D[J[00:01:43.343,000] [0m<inf> imu: LSM6DSV16X   a  -0.121   9.844   0.922  g  -0.011   0.003  -0.002[0m
[1;32muart:~$ [m[8D[J[1;32muart:~$ [m[8D[J[00:01:43.344,000] [0m<inf> imu: ICM-42688-P  a  -0.162   9.759   0.329  g   0.000  -0.004   0.000[0m
[1;32muart:~$ [m[8D[J[00:01:43.445,000] [0m<inf> imu: LSM6DS3TR-C  a  -0.332   9.826   0.572  g   0.022  -0.061   0.014[0m
[1;32muart:~$ [m[8D[J[00:01:43.446,000] [0m<inf> imu: LSM6DSV16X   a  -0.124   9.841   0.924  g  -0.012   0.002  -0.003[0m
[1;32muart:~$ [m[8D[J[1;32muart:~$ [m[8D[J[00:01:43.446,000] [0m<inf> imu: ICM-42688-P  a  -0.163   9.768   0.324  g  -0.000  -0.005   0.000[0m
[1;32muart:~$ [m[8D[J[00:01:43.548,000] [0m<inf> imu: LSM6DS3TR-C  a  -0.343   9.859   0.571  g   0.022  -0.061   0.014[0m
[1;32muart:~$ [m[8D[J[00:01:43.550,000] [0m<inf> imu: LSM6DSV16X   a  -0.132   9.842   0.915  g  -0.011   0.002  -0.003[0m
[1;32muart:~$ [m[8D[J[1;32muart:~$ [m[8D[J[00:01:43.550,000] [0m<inf> imu: ICM-42688-P  a  -0.157   9.764   0.321  g   0.000  -0.005   0.000[0m
[1;32muart:~$ [m[8D[J[00:01:43.651,000] [0m<inf> imu: LSM6DS3TR-C  a  -0.333   9.825   0.545  g   0.026  -0.060   0.016[0m
[1;32muart:~$ [m[8D[J[1;32muart:~$ [m[8D[J[00:01:43.652,000] [0m<inf> imu: LSM6DSV16X   a  -0.124   9.833   0.916  g  -0.012   0.002  -0.003[0m
[1;32muart:~$ [m[8D[J[00:01:43.652,000] [0m<inf> imu: ICM-42688-P  a  -0.159   9.748   0.303  g  -0.000  -0.005   0.001[0m
[1;32muart:~$ [m[8D[J[1;32muart:~$ [m[8D[J[00:01:43.753,000] [0m<inf> imu: LSM6DS3TR-C  a  -0.370   9.851   0.536  g   0.022  -0.060   0.015[0m
[1;32muart:~$ [m[8D[J[00:01:43.754,000] [0m<inf> imu: LSM6DSV16X   a  -0.124   9.832   0.915  g  -0.011   0.002  -0.003[0m
[1;32muart:~$ [m[8D[J[1;32muart:~$ [m[8D[J[00:01:43.755,000] [0m<inf> imu: ICM-42688-P  a  -0.156   9.767   0.306  g  -0.001  -0.005   0.000[0m
[1;32muart:~$ [m[8D[J[00:01:43.856,000] [0m<inf> imu: LSM6DS3TR-C  a  -0.364   9.827   0.578  g   0.023  -0.062   0.013[0m
[1;32muart:~$ [m[8D[J[1;32muart:~$ [m[8D[J[00:01:43.857,000] [0m<inf> imu: LSM6DSV16X   a  -0.124   9.825   0.925  g  -0.011   0.001  -0.002[0m
[1;32muart:~$ [m[8D[J[00:01:43.858,000] [0m<inf> imu: ICM-42688-P  a  -0.156   9.743   0.314  g   0.000  -0.006   0.000[0m
[1;32muart:~$ [m[8D[J[1;32muart:~$ [m[8D[J[00:01:43.959,000] [0m<inf> imu: LSM6DS3TR-C  a  -0.338   9.832   0.593  g   0.022  -0.061   0.015[0m
[1;32muart:~$ [m[8D[J[00:01:43.959,000] [0m<inf> imu: LSM6DSV16X   a  -0.131   9.830   0.913  g  -0.012   0.002  -0.003[0m
[1;32muart:~$ [m[8D[J[1;32muart:~$ [m[8D[J[00:01:43.960,000] [0m<inf> imu: ICM-42688-P  a  -0.158   9.760   0.328  g   0.000  -0.006   0.001[0m
[1;32muart:~$ [m[8D[J[00:01:44.061,000] [0m<inf> imu: LSM6DS3TR-C  a  -0.352   9.839   0.554  g   0.022  -0.061   0.013[0m
[1;32muart:~$ [m[8D[J[00:01:44.062,000] [0m<inf> imu: LSM6DSV16X   a  -0.127   9.837   0.922  g  -0.011   0.002  -0.002[0m
[1;32muart:~$ [m[8D[J[1;32muart:~$ [m[8D[J[00:01:44.062,000] [0m<inf> imu: ICM-42688-P  a  -0.159   9.762   0.320  g  -0.000  -0.005   0.000[0m
[1;32muart:~$ [m[8D[J[00:01:44.164,000] [0m<inf> imu: LSM6DS3TR-C  a  -0.357   9.857   0.573  g   0.022  -0.060   0.014[0m
[1;32muart:~$ [m[8D[J[00:01:44.165,000] [0m<inf> imu: LSM6DSV16X   a  -0.132   9.842   0.930  g  -0.012   0.002  -0.003[0m
[1;32muart:~$ [m[8D[J[1;32muart:~$ [m[8D[J[00:01:44.166,000] [0m<inf> imu: ICM-42688-P  a  -0.158   9.765   0.311  g  -0.000  -0.004  -0.000[0m
[1;32muart:~$ [m[8D[J[00:01:44.267,000] [0m<inf> imu: LSM6DS3TR-C  a  -0.383   9.849   0.522  g   0.024  -0.059   0.015[0m
[1;32muart:~$ [m[8D[J[1;32muart:~$ [m[8D[J[00:01:44.268,000] [0m<inf> imu: LSM6DSV16X   a  -0.125   9.832   0.916  g  -0.011   0.002  -0.002[0m
[1;32muart:~$ [m[8D[J[00:01:44.268,000] [0m<inf> imu: ICM-42688-P  a  -0.152   9.759   0.303  g  -0.001  -0.006   0.000[0m
[1;32muart:~$ [m[8D[J[00:01:44.369,000] [0m<inf> imu: LSM6DS3TR-C  a  -0.370   9.817   0.532  g   0.023  -0.063   0.015[0m
[1;32muart:~$ [m[8D[J[00:01:44.370,000] [0m<inf> imu: LSM6DSV16X   a  -0.124   9.830   0.921  g  -0.012   0.002  -0.002[0m
[1;32muart:~$ [m[8D[J[1;32muart:~$ [m[8D[J[00:01:44.371,000] [0m<inf> imu: ICM-42688-P  a  -0.153   9.756   0.321  g   0.000  -0.005   0.001[0m
[1;32muart:~$ [m[8D[J[1;32muart:~$ [m[8D[J[00:01:44.472,000] [0m<inf> imu: LSM6DS3TR-C  a  -0.388   9.859   0.567  g   0.023  -0.060   0.015[0m
[1;32muart:~$ [m[8D[J[00:01:44.472,000] [0m<inf> imu: LSM6DSV16X   a  -0.129   9.839   0.921  g  -0.012   0.002  -0.003[0m
[1;32muart:~$ [m[8D[J[1;32muart:~$ [m[8D[J[00:01:44.473,000] [0m<inf> imu: ICM-42688-P  a  -0.160   9.767   0.309  g  -0.000  -0.005  -0.000[0m
[1;32muart:~$ [m[8D[J[00:01:44.574,000] [0m<inf> imu: LSM6DS3TR-C  a  -0.366   9.868   0.550  g   0.022  -0.061   0.014[0m
[1;32muart:~$ [m[8D[J[1;32muart:~$ [m[8D[J[00:01:44.575,000] [0m<inf> imu: LSM6DSV16X   a  -0.125   9.832   0.914  g  -0.012   0.002  -0.003[0m
[1;32muart:~$ [m[8D[J[00:01:44.575,000] [0m<inf> imu: ICM-42688-P  a  -0.151   9.752   0.316  g  -0.001  -0.005   0.000[0m
[1;32muart:~$ [m[8D[J[1;32muart:~$ [m[8D[J[00:01:44.676,000] [0m<inf> imu: LSM6DS3TR-C  a  -0.350   9.857   0.564  g   0.023  -0.061   0.017[0m
[1;32muart:~$ [m[8D[J[00:01:44.677,000] [0m<inf> imu: LSM6DSV16X   a  -0.122   9.842   0.921  g  -0.011   0.003  -0.002[0m
[1;32muart:~$ [m[8D[J[1;32muart:~$ [m[8D[J[00:01:44.677,000] [0m<inf> imu: ICM-42688-P  a  -0.163   9.759   0.318  g   0.000  -0.006   0.000[0m
[1;32muart:~$ [m[8D[J[00:01:44.779,000] [0m<inf> imu: LSM6DS3TR-C  a  -0.354   9.850   0.558  g   0.022  -0.061   0.014[0m
[1;32muart:~$ [m[8D[J[00:01:44.779,000] [0m<inf> imu: LSM6DSV16X   a  -0.123   9.835   0.919  g  -0.012   0.002  -0.003[0m
[1;32muart:~$ [m[8D[J[1;32muart:~$ [m[8D[J[00:01:44.780,000] [0m<inf> imu: ICM-42688-P  a  -0.164   9.766   0.310  g   0.000  -0.005   0.000[0m
[1;32muart:~$ [m[8D[J[00:01:44.881,000] [0m<inf> imu: LSM6DS3TR-C  a  -0.372   9.852   0.538  g   0.024  -0.061   0.014[0m
[1;32muart:~$ [m[8D[J[1;32muart:~$ [m[8D[J[00:01:44.882,000] [0m<inf> imu: LSM6DSV16X   a  -0.129   9.839   0.917  g  -0.011   0.002  -0.003[0m
[1;32muart:~$ [m[8D[J[00:01:44.883,000] [0m<inf> imu: ICM-42688-P  a  -0.159   9.754   0.312  g   0.000  -0.005   0.000[0m
[1;32muart:~$ [m[8D[J[00:01:44.984,000] [0m<inf> imu: LSM6DS3TR-C  a  -0.363   9.820   0.550  g   0.024  -0.060   0.014[0m
[1;32muart:~$ [m[8D[J[1;32muart:~$ [m[8D[J[00:01:44.985,000] [0m<inf> imu: LSM6DSV16X   a  -0.124   9.828   0.926  g  -0.011   0.001  -0.003[0m
[1;32muart:~$ [m[8D[J[00:01:44.985,000] [0m<inf> imu: ICM-42688-P  a  -0.154   9.756   0.294  g  -0.001  -0.005  -0.000[0m
[1;32muart:~$ [m[8D[J[00:01:45.086,000] [0m<inf> imu: LSM6DS3TR-C  a  -0.377   9.832   0.529  g   0.022  -0.058   0.016[0m
[1;32muart:~$ [m[8D[J[00:01:45.087,000] [0m<inf> imu: LSM6DSV16X   a  -0.127   9.830   0.928  g  -0.010   0.002  -0.003[0m
[1;32muart:~$ [m[8D[J[1;32muart:~$ [m[8D[J[00:01:45.087,000] [0m<inf> imu: ICM-42688-P  a  -0.150   9.752   0.321  g  -0.001  -0.006   0.000[0m
[1;32muart:~$ [m[8D[J[1;32muart:~$ [m[8D[J[00:01:45.188,000] [0m<inf> imu: LSM6DS3TR-C  a  -0.352   9.860   0.570  g   0.024  -0.060   0.016[0m
[1;32muart:~$ [m[8D[J[00:01:45.189,000] [0m<inf> imu: LSM6DSV16X   a  -0.129   9.840   0.928  g  -0.011   0.001  -0.002[0m
[1;32muart:~$ [m[8D[J[1;32muart:~$ [m[8D[J[00:01:45.190,000] [0m<inf> imu: ICM-42688-P  a  -0.165   9.773   0.320  g  -0.000  -0.005   0.000[0m
[1;32muart:~$ [m[8D[J[00:01:45.291,000] [0m<inf> imu: LSM6DS3TR-C  a  -0.388   9.845   0.541  g   0.022  -0.060   0.015[0m
[1;32muart:~$ [m[8D[J[1;32muart:~$ [m[8D[J[00:01:45.291,000] [0m<inf> imu: LSM6DSV16X   a  -0.125   9.839   0.918  g  -0.011   0.002  -0.002[0m
[1;32muart:~$ [m[8D[J[00:01:45.292,000] [0m<inf> imu: ICM-42688-P  a  -0.158   9.762   0.316  g   0.000  -0.005   0.000[0m
[1;32muart:~$ [m[8D[J[1;32muart:~$ [m[8D[J[00:01:45.393,000] [0m<inf> imu: LSM6DS3TR-C  a  -0.376   9.833   0.553  g   0.023  -0.059   0.015[0m
[1;32muart:~$ [m[8D[J[00:01:45.394,000] [0m<inf> imu: LSM6DSV16X   a  -0.126   9.837   0.915  g  -0.010   0.002  -0.003[0m
[1;32muart:~$ [m[8D[J[1;32muart:~$ [m[8D[J[00:01:45.394,000] [0m<inf> imu: ICM-42688-P  a  -0.154   9.749   0.320  g   0.000  -0.005   0.000[0m
[1;32muart:~$ [m[8D[J[00:01:45.495,000] [0m<inf> imu: LSM6DS3TR-C  a  -0.377   9.849   0.569  g   0.022  -0.060   0.015[0m
[1;32muart:~$ [m[8D[J[00:01:45.496,000] [0m<inf> imu: LSM6DSV16X   a  -0.124   9.840   0.917  g  -0.012   0.003  -0.003[0m
[1;32muart:~$ [m[8D[J[1;32muart:~$ [m[8D[J[00:01:45.497,000] [0m<inf> imu: ICM-42688-P  a  -0.159   9.762   0.321  g  -0.001  -0.005   0.000[0m
[1;32muart:~$ [m[8D[J[00:01:45.598,000] [0m<inf> imu: LSM6DS3TR-C  a  -0.374   9.818   0.549  g   0.023  -0.059   0.016[0m
[1;32muart:~$ [m[8D[J[1;32muart:~$ [m[8D[J[00:01:45.599,000] [0m<inf> imu: LSM6DSV16X   a  -0.134   9.839   0.916  g  -0.012   0.002  -0.002[0m
[1;32muart:~$ [m[8D[J[00:01:45.599,000] [0m<inf> imu: ICM-42688-P  a  -0.157   9.766   0.316  g  -0.000  -0.005   0.000[0m
[1;32muart:~$ [m[8D[J[00:01:45.700,000] [0m<inf> imu: LSM6DS3TR-C  a  -0.393   9.856   0.536  g   0.023  -0.062   0.014[0m
[1;32muart:~$ [m[8D[J[1;32muart:~$ [m[8D[J[00:01:45.701,000] [0m<inf> imu: LSM6DSV16X   a  -0.130   9.839   0.933  g  -0.011   0.002  -0.003[0m
[1;32muart:~$ [m[8D[J[00:01:45.702,000] [0m<inf> imu: ICM-42688-P  a  -0.157   9.762   0.315  g   0.000  -0.005   0.000[0m
[1;32muart:~$ [m[8D[J[00:01:45.803,000] [0m<inf> imu: LSM6DS3TR-C  a  -0.357   9.835   0.553  g   0.021  -0.059   0.016[0m
[1;32muart:~$ [m[8D[J[00:01:45.803,000] [0m<inf> imu: LSM6DSV16X   a  -0.124   9.839   0.924  g  -0.011   0.002  -0.003[0m
[1;32muart:~$ [m[8D[J[1;32muart:~$ [m[8D[J[00:01:45.804,000] [0m<inf> imu: ICM-42688-P  a  -0.162   9.752   0.326  g   0.000  -0.005   0.001[0m
[1;32muart:~$ [m[8D[J[1;32muart:~$ [m[8D[J[00:01:45.905,000] [0m<inf> imu: LSM6DS3TR-C  a  -0.327   9.840   0.561  g   0.022  -0.060   0.014[0m
[1;32muart:~$ [m[8D[J[00:01:45.906,000] [0m<inf> imu: LSM6DSV16X   a  -0.134   9.837   0.922  g  -0.012   0.003  -0.003[0m
[1;32muart:~$ [m[8D[J[1;32muart:~$ [m[8D[J[00:01:45.906,000] [0m<inf> imu: ICM-42688-P  a  -0.156   9.770   0.322  g  -0.001  -0.005   0.000[0m
[1;32muart:~$ [m[8D[J[00:01:46.007,000] [0m<inf> imu: LSM6DS3TR-C  a  -0.342   9.848   0.577  g   0.022  -0.060   0.014[0m
[1;32muart:~$ [m[8D[J[00:01:46.008,000] [0m<inf> imu: LSM6DSV16X   a  -0.127   9.835   0.919  g  -0.011   0.001  -0.003[0m
[1;32muart:~$ [m[8D[J[1;32muart:~$ [m[8D[J[00:01:46.009,000] [0m<inf> imu: ICM-42688-P  a  -0.159   9.773   0.316  g   0.000  -0.005   0.000[0m
[1;32muart:~$ [m[8D[J[00:01:46.110,000] [0m<inf> imu: LSM6DS3TR-C  a  -0.390   9.835   0.578  g   0.022  -0.060   0.013[0m
[1;32muart:~$ [m[8D[J[00:01:46.110,000] [0m<inf> imu: LSM6DSV16X   a  -0.129   9.835   0.926  g  -0.012   0.002  -0.003[0m
[1;32muart:~$ [m[8D[J[1;32muart:~$ [m[8D[J[00:01:46.111,000] [0m<inf> imu: ICM-42688-P  a  -0.146   9.750   0.316  g  -0.000  -0.005  -0.000[0m
[1;32muart:~$ [m[8D[J[00:01:46.212,000] [0m<inf> imu: LSM6DS3TR-C  a  -0.342   9.842   0.532  g   0.021  -0.059   0.015[0m
[1;32muart:~$ [m[8D[J[1;32muart:~$ [m[8D[J[00:01:46.213,000] [0m<inf> imu: LSM6DSV16X   a  -0.129   9.837   0.923  g  -0.011   0.002  -0.002[0m
[1;32muart:~$ [m[8D[J[00:01:46.213,000] [0m<inf> imu: ICM-42688-P  a  -0.150   9.772   0.324  g   0.001  -0.005   0.001[0m
[1;32muart:~$ [m[8D[J[00:01:46.314,000] [0m<inf> imu: LSM6DS3TR-C  a  -0.352   9.847   0.561  g   0.021  -0.060   0.016[0m
[1;32muart:~$ [m[8D[J[00:01:46.315,000] [0m<inf> imu: LSM6DSV16X   a  -0.131   9.849   0.919  g  -0.011   0.002  -0.003[0m
[1;32muart:~$ [m[8D[J[1;32muart:~$ [m[8D[J[00:01:46.315,000] [0m<inf> imu: ICM-42688-P  a  -0.165   9.768   0.320  g   0.000  -0.005   0.001[0m
[1;32muart:~$ [m[8D[J[00:01:46.416,000] [0m<inf> imu: LSM6DS3TR-C  a  -0.356   9.830   0.554  g   0.022  -0.061   0.013[0m
[1;32muart:~$ [m[8D[J[00:01:46.417,000] [0m<inf> imu: LSM6DSV16X   a  -0.123   9.832   0.914  g  -0.012   0.002  -0.003[0m
[1;32muart:~$ [m[8D[J[1;32muart:~$ [m[8D[J[00:01:46.418,000] [0m<inf> imu: ICM-42688-P  a  -0.159   9.758   0.324  g   0.000  -0.005   0.000[0m
[1;32muart:~$ [m[8D[J[00:01:46.519,000] [0m<inf> imu: LSM6DS3TR-C  a  -0.371   9.825   0.540  g   0.024  -0.061   0.016[0m
[1;32muart:~$ [m[8D[J[1;32muart:~$ [m[8D[J[00:01:46.520,000] [0m<inf> imu: LSM6DSV16X   a  -0.132   9.832   0.928  g  -0.012   0.002  -0.003[0m
[1;32muart:~$ [m[8D[J[00:01:46.520,000] [0m<inf> imu: ICM-42688-P  a  -0.159   9.756   0.334  g   0.001  -0.005   0.000[0m
[1;32muart:~$ [m[8D[J[1;32muart:~$ [m[8D[J[00:01:46.621,000] [0m<inf> imu: LSM6DS3TR-C  a  -0.366   9.835   0.571  g   0.024  -0.062   0.016[0m
[1;32muart:~$ [m[8D[J[00:01:46.622,000] [0m<inf> imu: LSM6DSV16X   a  -0.127   9.828   0.917  g  -0.011   0.002  -0.003[0m
[1;32muart:~$ [m[8D[J[1;32muart:~$ [m[8D[J[00:01:46.622,000] [0m<inf> imu: ICM-42688-P  a  -0.145   9.759   0.320  g  -0.001  -0.005  -0.000[0m
[1;32muart:~$ [m[8D[J[00:01:46.723,000] [0m<inf> imu: LSM6DS3TR-C  a  -0.352   9.826   0.566  g   0.022  -0.061   0.015[0m
[1;32muart:~$ [m[8D[J[1;32muart:~$ [m[8D[J[00:01:46.724,000] [0m<inf> imu: LSM6DSV16X   a  -0.122   9.824   0.921  g  -0.011   0.002  -0.002[0m
[1;32muart:~$ [m[8D[J[00:01:46.725,000] [0m<inf> imu: ICM-42688-P  a  -0.147   9.747   0.324  g  -0.001  -0.005   0.000[0m
[1;32muart:~$ [m[8D[J[1;32muart:~$ [m[8D[J[00:01:46.826,000] [0m<inf> imu: LSM6DS3TR-C  a  -0.372   9.863   0.510  g   0.022  -0.059   0.017[0m
[1;32muart:~$ [m[8D[J[00:01:46.826,000] [0m<inf> imu: LSM6DSV16X   a  -0.132   9.842   0.919  g  -0.012   0.002  -0.002[0m
[1;32muart:~$ [m[8D[J[1;32muart:~$ [m[8D[J[00:01:46.827,000] [0m<inf> imu: ICM-42688-P  a  -0.151   9.755   0.316  g  -0.000  -0.005  -0.001[0m
[1;32muart:~$ [m[8D[J[00:01:46.928,000] [0m<inf> imu: LSM6DS3TR-C  a  -0.357   9.839   0.535  g   0.024  -0.062   0.015[0m
[1;32muart:~$ [m[8D[J[00:01:46.929,000] [0m<inf> imu: LSM6DSV16X   a  -0.129   9.828   0.919  g  -0.012   0.002  -0.003[0m
[1;32muart:~$ [m[8D[J[1;32muart:~$ [m[8D[J[00:01:46.929,000] [0m<inf> imu: ICM-42688-P  a  -0.158   9.764   0.310  g   0.000  -0.004   0.000[0m
[1;32muart:~$ [m[8D[J[00:01:47.031,000] [0m<inf> imu: LSM6DS3TR-C  a  -0.340   9.860   0.546  g   0.020  -0.060   0.015[0m
[1;32muart:~$ [m[8D[J[1;32muart:~$ [m[8D[J[00:01:47.032,000] [0m<inf> imu: LSM6DSV16X   a  -0.115   9.854   0.921  g  -0.012   0.002  -0.002[0m
[1;32muart:~$ [m[8D[J[00:01:47.032,000] [0m<inf> imu: ICM-42688-P  a  -0.169   9.786   0.327  g   0.000  -0.006   0.001[0m
[1;32muart:~$ [m[8D[J[00:01:47.134,000] [0m<inf> imu: LSM6DS3TR-C  a  -0.358   9.815   0.572  g   0.022  -0.062   0.014[0m
[1;32muart:~$ [m[8D[J[1;32muart:~$ [m[8D[J[00:01:47.134,000] [0m<inf> imu: LSM6DSV16X   a  -0.129   9.832   0.924  g  -0.011   0.002  -0.002[0m
[1;32muart:~$ [m[8D[J[00:01:47.135,000] [0m<inf> imu: ICM-42688-P  a  -0.157   9.752   0.314  g  -0.001  -0.004   0.000[0m
[1;32muart:~$ [m[8D[J[1;32muart:~$ [m[8D[J[00:01:47.236,000] [0m<inf> imu: LSM6DS3TR-C  a  -0.339   9.852   0.594  g   0.024  -0.060   0.015[0m
[1;32muart:~$ [m[8D[J[00:01:47.237,000] [0m<inf> imu: LSM6DSV16X   a  -0.122   9.843   0.930  g  -0.011   0.002  -0.003[0m
[1;32muart:~$ [m[8D[J[1;32muart:~$ [m[8D[J[00:01:47.238,000] [0m<inf> imu: ICM-42688-P  a  -0.154   9.760   0.324  g   0.000  -0.005   0.000[0m
[1;32muart:~$ [m[8D[J[00:01:47.339,000] [0m<inf> imu: LSM6DS3TR-C  a  -0.335   9.845   0.546  g   0.024  -0.062   0.017[0m
[1;32muart:~$ [m[8D[J[1;32muart:~$ [m[8D[J[00:01:47.340,000] [0m<inf> imu: LSM6DSV16X   a  -0.126   9.842   0.931  g  -0.011   0.001  -0.003[0m
[1;32muart:~$ [m[8D[J[00:01:47.340,000] [0m<inf> imu: ICM-42688-P  a  -0.162   9.764   0.306  g   0.000  -0.005   0.001[0m
[1;32muart:~$ [m[8D[J[1;32muart:~$ [m[8D[J[00:01:47.441,000] [0m<inf> imu: LSM6DS3TR-C  a  -0.361   9.852   0.521  g   0.023  -0.060   0.016[0m
[1;32muart:~$ [m[8D[J[00:01:47.442,000] [0m<inf> imu: LSM6DSV16X   a  -0.124   9.830   0.918  g  -0.011   0.001  -0.002[0m
[1;32muart:~$ [m[8D[J[1;32muart:~$ [m[8D[J[00:01:47.442,000] [0m<inf> imu: ICM-42688-P  a  -0.163   9.738   0.310  g  -0.000  -0.005   0.000[0m
[1;32muart:~$ [m[8D[J[00:01:47.543,000] [0m<inf> imu: LSM6DS3TR-C  a  -0.372   9.835   0.550  g   0.023  -0.060   0.014[0m
[1;32muart:~$ [m[8D[J[00:01:47.544,000] [0m<inf> imu: LSM6DSV16X   a  -0.127   9.837   0.921  g  -0.012   0.002  -0.002[0m
[1;32muart:~$ [m[8D[J[1;32muart:~$ [m[8D[J[00:01:47.545,000] [0m<inf> imu: ICM-42688-P  a  -0.138   9.754   0.328  g   0.000  -0.005   0.000[0m
[1;32muart:~$ [m[8D[J[00:01:47.646,000] [0m<inf> imu: LSM6DS3TR-C  a  -0.358   9.861   0.543  g   0.024  -0.062   0.014[0m
[1;32muart:~$ [m[8D[J[1;32muart:~$ [m[8D[J[00:01:47.647,000] [0m<inf> imu: LSM6DSV16X   a  -0.136   9.839   0.928  g  -0.010   0.002  -0.002[0m
[1;32muart:~$ [m[8D[J[00:01:47.648,000] [0m<inf> imu: ICM-42688-P  a  -0.171   9.772   0.336  g   0.000  -0.005   0.000[0m
[1;32muart:~$ [m[8D[J[00:01:47.749,000] [0m<inf> imu: LSM6DS3TR-C  a  -0.336   9.842   0.550  g   0.024  -0.060   0.014[0m
[1;32muart:~$ [m[8D[J[1;32muart:~$ [m[8D[J[00:01:47.750,000] [0m<inf> imu: LSM6DSV16X   a  -0.123   9.842   0.929  g  -0.012   0.002  -0.003[0m
[1;32muart:~$ [m[8D[J[00:01:47.750,000] [0m<inf> imu: ICM-42688-P  a  -0.146   9.756   0.312  g   0.000  -0.005   0.001[0m
[1;32muart:~$ [m[8D[J[00:01:47.851,000] [0m<inf> imu: LSM6DS3TR-C  a  -0.373   9.846   0.546  g   0.022  -0.062   0.014[0m
[1;32muart:~$ [m[8D[J[00:01:47.852,000] [0m<inf> imu: LSM6DSV16X   a  -0.134   9.828   0.916  g  -0.013   0.002  -0.003[0m
[1;32muart:~$ [m[8D[J[1;32muart:~$ [m[8D[J[00:01:47.853,000] [0m<inf> imu: ICM-42688-P  a  -0.168   9.756   0.311  g   0.000  -0.005   0.000[0m
[1;32muart:~$ [m[8D[J[1;32muart:~$ [m[8D[J[00:01:47.954,000] [0m<inf> imu: LSM6DS3TR-C  a  -0.336   9.823   0.576  g   0.023  -0.060   0.017[0m
[1;32muart:~$ [m[8D[J[00:01:47.954,000] [0m<inf> imu: LSM6DSV16X   a  -0.122   9.837   0.921  g  -0.012   0.002  -0.003[0m
[1;32muart:~$ [m[8D[J[1;32muart:~$ [m[8D[J[00:01:47.955,000] [0m<inf> imu: ICM-42688-P  a  -0.165   9.755   0.311  g   0.000  -0.005   0.000[0m
[1;32muart:~$ [m[8D[J[00:01:48.056,000] [0m<inf> imu: LSM6DS3TR-C  a  -0.369   9.884   0.556  g   0.023  -0.062   0.015[0m
[1;32muart:~$ [m[8D[J[1;32muart:~$ [m[8D[J[00:01:48.057,000] [0m<inf> imu: LSM6DSV16X   a  -0.127   9.836   0.921  g  -0.011   0.002  -0.003[0m
[1;32muart:~$ [m[8D[J[00:01:48.057,000] [0m<inf> imu: ICM-42688-P  a  -0.171   9.750   0.316  g   0.000  -0.004   0.001[0m
[1;32muart:~$ [m[8D[J[1;32muart:~$ [m[8D[J[00:01:48.158,000] [0m<inf> imu: LSM6DS3TR-C  a  -0.345   9.861   0.558  g   0.022  -0.061   0.016[0m
[1;32muart:~$ [m[8D[J[00:01:48.159,000] [0m<inf> imu: LSM6DSV16X   a  -0.132   9.842   0.928  g  -0.011   0.002  -0.004[0m
[1;32muart:~$ [m[8D[J[1;32muart:~$ [m[8D[J[00:01:48.159,000] [0m<inf> imu: ICM-42688-P  a  -0.158   9.768   0.332  g  -0.001  -0.005   0.000[0m
[1;32muart:~$ [m[8D[J[00:01:48.260,000] [0m<inf> imu: LSM6DS3TR-C  a  -0.365   9.832   0.556  g   0.021  -0.059   0.015[0m
[1;32muart:~$ [m[8D[J[00:01:48.261,000] [0m<inf> imu: LSM6DSV16X   a  -0.122   9.833   0.917  g  -0.011   0.002  -0.003[0m
[1;32muart:~$ [m[8D[J[1;32muart:~$ [m[8D[J[00:01:48.262,000] [0m<inf> imu: ICM-42688-P  a  -0.163   9.756   0.292  g  -0.000  -0.005   0.000[0m
[1;32muart:~$ [m[8D[J[00:01:48.363,000] [0m<inf> imu: LSM6DS3TR-C  a  -0.355   9.862   0.569  g   0.024  -0.061   0.013[0m
[1;32muart:~$ [m[8D[J[1;32muart:~$ [m[8D[J[00:01:48.364,000] [0m<inf> imu: LSM6DSV16X   a  -0.129   9.841   0.922  g  -0.012   0.003  -0.003[0m
[1;32muart:~$ [m[8D[J[00:01:48.364,000] [0m<inf> imu: ICM-42688-P  a  -0.151   9.762   0.324  g   0.000  -0.005   0.000[0m
[1;32muart:~$ [m[8D[J[00:01:48.466,000] [0m<inf> imu: LSM6DS3TR-C  a  -0.352   9.856   0.552  g   0.021  -0.060   0.016[0m
[1;32muart:~$ [m[8D[J[1;32muart:~$ [m[8D[J[00:01:48.466,000] [0m<inf> imu: LSM6DSV16X   a  -0.119   9.840   0.928  g  -0.011   0.002  -0.003[0m
[1;32muart:~$ [m[8D[J[00:01:48.467,000] [0m<inf> imu: ICM-42688-P  a  -0.159   9.761   0.312  g   0.000  -0.006   0.000[0m
[1;32muart:~$ [m[8D[J[00:01:48.568,000] [0m<inf> imu: LSM6DS3TR-C  a  -0.348   9.865   0.550  g   0.020  -0.060   0.015[0m
[1;32muart:~$ [m[8D[J[00:01:48.569,000] [0m<inf> imu: LSM6DSV16X   a  -0.139   9.836   0.919  g  -0.012   0.002  -0.003[0m
[1;32muart:~$ [m[8D[J[1;32muart:~$ [m[8D[J[00:01:48.569,000] [0m<inf> imu: ICM-42688-P  a  -0.159   9.759   0.309  g  -0.000  -0.005   0.000[0m
[1;32muart:~$ [m[8D[J[1;32muart:~$ [m[8D[J[00:01:48.670,000] [0m<inf> imu: LSM6DS3TR-C  a  -0.346   9.845   0.550  g   0.023  -0.061   0.015[0m
[1;32muart:~$ [m[8D[J[00:01:48.671,000] [0m<inf> imu: LSM6DSV16X   a  -0.123   9.835   0.919  g  -0.012   0.002  -0.003[0m
[1;32muart:~$ [m[8D[J[1;32muart:~$ [m[8D[J[00:01:48.671,000] [0m<inf> imu: ICM-42688-P  a  -0.135   9.761   0.317  g  -0.001  -0.005   0.001[0m
[1;32muart:~$ [m[8D[J[00:01:48.772,000] [0m<inf> imu: LSM6DS3TR-C  a  -0.352   9.852   0.577  g   0.024  -0.060   0.016[0m
[1;32muart:~$ [m[8D[J[1;32muart:~$ [m[8D[J[00:01:48.773,000] [0m<inf> imu: LSM6DSV16X   a  -0.132   9.835   0.918  g  -0.012   0.001  -0.003[0m
[1;32muart:~$ [m[8D[J[00:01:48.774,000] [0m<inf> imu: ICM-42688-P  a  -0.159   9.755   0.311  g   0.000  -0.005   0.000[0m
[1;32muart:~$ [m[8D[J[1;32muart:~$ [m[8D[J[00:01:48.875,000] [0m<inf> imu: LSM6DS3TR-C  a  -0.363   9.873   0.565  g   0.024  -0.061   0.015[0m
[1;32muart:~$ [m[8D[J[00:01:48.875,000] [0m<inf> imu: LSM6DSV16X   a  -0.129   9.832   0.922  g  -0.011   0.003  -0.003[0m
[1;32muart:~$ [m[8D[J[1;32muart:~$ [m[8D[J[00:01:48.876,000] [0m<inf> imu: ICM-42688-P  a  -0.144   9.760   0.305  g  -0.000  -0.005   0.001[0m
[1;32muart:~$ [m[8D[J[00:01:48.977,000] [0m<inf> imu: LSM6DS3TR-C  a  -0.403   9.845   0.537  g   0.022  -0.061   0.017[0m
[1;32muart:~$ [m[8D[J[00:01:48.978,000] [0m<inf> imu: LSM6DSV16X   a  -0.127   9.836   0.919  g  -0.012   0.002  -0.003[0m
[1;32muart:~$ [m[8D[J[1;32muart:~$ [m[8D[J[00:01:48.978,000] [0m<inf> imu: ICM-42688-P  a  -0.153   9.760   0.304  g   0.000  -0.005  -0.000[0m
[1;32muart:~$ [m[8D[J[00:01:49.080,000] [0m<inf> imu: LSM6DS3TR-C  a  -0.369   9.857   0.558  g   0.022  -0.061   0.016[0m
[1;32muart:~$ [m[8D[J[1;32muart:~$ [m[8D[J[00:01:49.081,000] [0m<inf> imu: LSM6DSV16X   a  -0.127   9.837   0.928  g  -0.011   0.001  -0.003[0m
[1;32muart:~$ [m[8D[J[00:01:49.081,000] [0m<inf> imu: ICM-42688-P  a  -0.148   9.756   0.300  g  -0.001  -0.005   0.000[0m
[1;32muart:~$ [m[8D[J[00:01:49.183,000] [0m<inf> imu: LSM6DS3TR-C  a  -0.349   9.869   0.521  g   0.024  -0.060   0.015[0m
[1;32muart:~$ [m[8D[J[1;32muart:~$ [m[8D[J[00:01:49.183,000] [0m<inf> imu: LSM6DSV16X   a  -0.126   9.836   0.924  g  -0.012   0.002  -0.003[0m
[1;32muart:~$ [m[8D[J[00:01:49.184,000] [0m<inf> imu: ICM-42688-P  a  -0.142   9.760   0.316  g  -0.001  -0.005   0.001[0m
[1;32muart:~$ [m[8D[J[00:01:49.285,000] [0m<inf> imu: LSM6DS3TR-C  a  -0.373   9.858   0.541  g   0.022  -0.060   0.015[0m
[1;32muart:~$ [m[8D[J[00:01:49.286,000] [0m<inf> imu: LSM6DSV16X   a  -0.136   9.829   0.912  g  -0.012   0.002  -0.003[0m
[1;32muart:~$ [m[8D[J[1;32muart:~$ [m[8D[J[00:01:49.286,000] [0m<inf> imu: ICM-42688-P  a  -0.160   9.753   0.323  g  -0.000  -0.005   0.000[0m
[1;32muart:~$ [m[8D[J[1;32muart:~$ [m[8D[J[00:01:49.387,000] [0m<inf> imu: LSM6DS3TR-C  a  -0.352   9.856   0.581  g   0.020  -0.060   0.013[0m
[1;32muart:~$ [m[8D[J[00:01:49.388,000] [0m<inf> imu: LSM6DSV16X   a  -0.129   9.848   0.916  g  -0.012   0.002  -0.003[0m
[1;32muart:~$ [m[8D[J[1;32muart:~$ [m[8D[J[00:01:49.388,000] [0m<inf> imu: ICM-42688-P  a  -0.156   9.765   0.300  g  -0.002  -0.005   0.000[0m
[1;32muart:~$ [m[8D[J[00:01:49.489,000] [0m<inf> imu: LSM6DS3TR-C  a  -0.364   9.801   0.553  g   0.022  -0.058   0.014[0m
[1;32muart:~$ [m[8D[J[1;32muart:~$ [m[8D[J[00:01:49.490,000] [0m<inf> imu: LSM6DSV16X   a  -0.120   9.825   0.931  g  -0.013   0.003  -0.004[0m
[1;32muart:~$ [m[8D[J[00:01:49.491,000] [0m<inf> imu: ICM-42688-P  a  -0.139   9.737   0.321  g  -0.001  -0.005   0.000[0m
[1;32muart:~$ [m[8D[J[1;32muart:~$ [m[8D[J[00:01:49.592,000] [0m<inf> imu: LSM6DS3TR-C  a  -0.377   9.925   0.558  g   0.022  -0.059   0.014[0m
[1;32muart:~$ [m[8D[J[00:01:49.593,000] [0m<inf> imu: LSM6DSV16X   a  -0.163   9.860   0.927  g  -0.014   0.003  -0.005[0m
[1;32muart:~$ [m[8D[J[1;32muart:~$ [m[8D[J[00:01:49.593,000] [0m<inf> imu: ICM-42688-P  a  -0.195   9.787   0.320  g  -0.004  -0.004  -0.002[0m
[1;32muart:~$ [m[8D[J[00:01:49.694,000] [0m<inf> imu: LSM6DS3TR-C  a  -0.360   9.836   0.578  g   0.023  -0.060   0.015[0m
[1;32muart:~$ [m[8D[J[00:01:49.695,000] [0m<inf> imu: LSM6DSV16X   a  -0.124   9.878   0.943  g  -0.011   0.001  -0.003[0m
[1;32muart:~$ [m[8D[J[1;32muart:~$ [m[8D[J[00:01:49.695,000] [0m<inf> imu: ICM-42688-P  a  -0.146   9.828   0.339  g  -0.001  -0.005  -0.001[0m
[1;32muart:~$ [m[8D[J[00:01:49.797,000] [0m<inf> imu: LSM6DS3TR-C  a  -0.341   9.830   0.557  g   0.022  -0.061   0.012[0m
[1;32muart:~$ [m[8D[J[00:01:49.798,000] [0m<inf> imu: LSM6DSV16X   a  -0.131   9.799   0.921  g  -0.013   0.002  -0.003[0m
[1;32muart:~$ [m[8D[J[1;32muart:~$ [m[8D[J[00:01:49.799,000] [0m<inf> imu: ICM-42688-P  a  -0.168   9.728   0.311  g  -0.000  -0.006  -0.001[0m
[1;32muart:~$ [m[8D[J[00:01:49.900,000] [0m<inf> imu: LSM6DS3TR-C  a  -0.390   9.852   0.577  g   0.023  -0.057   0.014[0m
[1;32muart:~$ [m[8D[J[1;32muart:~$ [m[8D[J[00:01:49.901,000] [0m<inf> imu: LSM6DSV16X   a  -0.136   9.840   0.919  g  -0.012   0.003  -0.003[0m
[1;32muart:~$ [m[8D[J[00:01:49.901,000] [0m<inf> imu: ICM-42688-P  a  -0.154   9.767   0.320  g   0.000  -0.004   0.001[0m
[1;32muart:~$ [m[8D[J[1;32muart:~$ [m[8D[J[00:01:50.003,000] [0m<inf> imu: LSM6DS3TR-C  a  -0.358   9.853   0.551  g   0.021  -0.062   0.015[0m
[1;32muart:~$ [m[8D[J[00:01:50.004,000] [0m<inf> imu: LSM6DSV16X   a  -0.121   9.827   0.929  g  -0.012   0.003  -0.003[0m
[1;32muart:~$ [m[8D[J[1;32muart:~$ [m[8D[J[00:01:50.005,000] [0m<inf> imu: ICM-42688-P  a  -0.144   9.759   0.321  g  -0.001  -0.006  -0.000[0m
[1;32muart:~$ [m[8D[J[00:01:50.106,000] [0m<inf> imu: LSM6DS3TR-C  a  -0.377   9.842   0.556  g   0.023  -0.061   0.015[0m
[1;32muart:~$ [m[8D[J[1;32muart:~$ [m[8D[J[00:01:50.107,000] [0m<inf> imu: LSM6DSV16X   a  -0.143   9.827   0.925  g  -0.013   0.002  -0.003[0m
[1;32muart:~$ [m[8D[J[00:01:50.107,000] [0m<inf> imu: ICM-42688-P  a  -0.182   9.750   0.320  g  -0.001  -0.005   0.000[0m
[1;32muart:~$ [m[8D[J[1;32muart:~$ [m[8D[J[00:01:50.208,000] [0m<inf> imu: LSM6DS3TR-C  a  -0.337   9.817   0.559  g   0.023  -0.061   0.015[0m
[1;32muart:~$ [m[8D[J[00:01:50.209,000] [0m<inf> imu: LSM6DSV16X   a  -0.112   9.821   0.936  g  -0.012   0.002  -0.002[0m
[1;32muart:~$ [m[8D[J[1;32muart:~$ [m[8D[J[00:01:50.209,000] [0m<inf> imu: ICM-42688-P  a  -0.146   9.743   0.327  g   0.001  -0.005   0.001[0m
[1;32muart:~$ [m[8D[J[00:01:50.311,000] [0m<inf> imu: LSM6DS3TR-C  a  -0.336   9.870   0.558  g   0.022  -0.062   0.016[0m
[1;32muart:~$ [m[8D[J[00:01:50.311,000] [0m<inf> imu: LSM6DSV16X   a  -0.141   9.840   0.924  g  -0.012   0.002  -0.002[0m
[1;32muart:~$ [m[8D[J[1;32muart:~$ [m[8D[J[00:01:50.312,000] [0m<inf> imu: ICM-42688-P  a  -0.162   9.761   0.314  g  -0.000  -0.005   0.000[0m
[1;32muart:~$ [m[8D[J[00:01:50.414,000] [0m<inf> imu: LSM6DS3TR-C  a  -0.380   9.851   0.601  g   0.022  -0.061   0.014[0m
[1;32muart:~$ [m[8D[J[1;32muart:~$ [m[8D[J[00:01:50.415,000] [0m<inf> imu: LSM6DSV16X   a  -0.125   9.828   0.928  g  -0.012   0.002  -0.003[0m
[1;32muart:~$ [m[8D[J[00:01:50.415,000] [0m<inf> imu: ICM-42688-P  a  -0.159   9.760   0.329  g  -0.001  -0.006   0.000[0m
[1;32muart:~$ [m[8D[J[00:01:50.516,000] [0m<inf> imu: LSM6DS3TR-C  a  -0.383   9.828   0.584  g   0.022  -0.060   0.014[0m
[1;32muart:~$ [m[8D[J[1;32muart:~$ [m[8D[J[00:01:50.517,000] [0m<inf> imu: LSM6DSV16X   a  -0.141   9.844   0.926  g  -0.011   0.001  -0.002[0m
[1;32muart:~$ [m[8D[J[00:01:50.518,000] [0m<inf> imu: ICM-42688-P  a  -0.172   9.758   0.329  g  -0.000  -0.006  -0.000[0m
[1;32muart:~$ [m[8D[J[00:01:50.619,000] [0m<inf> imu: LSM6DS3TR-C  a  -0.368   9.848   0.571  g   0.023  -0.060   0.015[0m
[1;32muart:~$ [m[8D[J[00:01:50.619,000] [0m<inf> imu: LSM6DSV16X   a  -0.124   9.839   0.942  g  -0.012   0.002  -0.002[0m
[1;32muart:~$ [m[8D[J[1;32muart:~$ [m[8D[J[00:01:50.620,000] [0m<inf> imu: ICM-42688-P  a  -0.150   9.768   0.329  g   0.000  -0.005   0.001[0m
[1;32muart:~$ [m[8D[J[1;32muart:~$ [m[8D[J[00:01:50.721,000] [0m<inf> imu: LSM6DS3TR-C  a  -0.373   9.854   0.564  g   0.023  -0.060   0.015[0m
[1;32muart:~$ [m[8D[J[00:01:50.722,000] [0m<inf> imu: LSM6DSV16X   a  -0.136   9.839   0.934  g  -0.012   0.002  -0.003[0m
[1;32muart:~$ [m[8D[J[1;32muart:~$ [m[8D[J[00:01:50.722,000] [0m<inf> imu: ICM-42688-P  a  -0.182   9.765   0.322  g   0.000  -0.006   0.000[0m
[1;32muart:~$ [m[8D[J[00:01:50.823,000] [0m<inf> imu: LSM6DS3TR-C  a  -0.385   9.844   0.559  g   0.023  -0.062   0.014[0m
[1;32muart:~$ [m[8D[J[1;32muart:~$ [m[8D[J[00:01:50.824,000] [0m<inf> imu: LSM6DSV16X   a  -0.122   9.820   0.933  g  -0.011   0.002  -0.003[0m
[1;32muart:~$ [m[8D[J[00:01:50.824,000] [0m<inf> imu: ICM-42688-P  a  -0.157   9.743   0.329  g  -0.001  -0.005   0.001[0m
[1;32muart:~$ [m[8D[J[1;32muart:~$ [m[8D[J[00:01:50.926,000] [0m<inf> imu: LSM6DS3TR-C  a  -0.389   9.866   0.557  g   0.022  -0.062   0.015[0m
[1;32muart:~$ [m[8D[J[00:01:50.926,000] [0m<inf> imu: LSM6DSV16X   a  -0.138   9.837   0.929  g  -0.012   0.002  -0.003[0m
[1;32muart:~$ [m[8D[J[1;32muart:~$ [m[8D[J[00:01:50.927,000] [0m<inf> imu: ICM-42688-P  a  -0.181   9.768   0.330  g  -0.001  -0.005   0.000[0m
[1;32muart:~$ [m[8D[J[00:01:51.028,000] [0m<inf> imu: LSM6DS3TR-C  a  -0.325   9.842   0.561  g   0.021  -0.059   0.016[0m
[1;32muart:~$ [m[8D[J[00:01:51.029,000] [0m<inf> imu: LSM6DSV16X   a  -0.127   9.829   0.926  g  -0.011   0.001  -0.002[0m
[1;32muart:~$ [m[8D[J[1;32muart:~$ [m[8D[J[00:01:51.029,000] [0m<inf> imu: ICM-42688-P  a  -0.153   9.759   0.326  g   0.000  -0.005   0.000[0m
[1;32muart:~$ [m[8D[J[00:01:51.131,000] [0m<inf> imu: LSM6DS3TR-C  a  -0.389   9.855   0.575  g   0.024  -0.062   0.013[0m
[1;32muart:~$ [m[8D[J[00:01:51.132,000] [0m<inf> imu: LSM6DSV16X   a  -0.144   9.847   0.928  g  -0.012   0.002  -0.003[0m
[1;32muart:~$ [m[8D[J[1;32muart:~$ [m[8D[J[00:01:51.132,000] [0m<inf> imu: ICM-42688-P  a  -0.171   9.756   0.338  g   0.000  -0.005   0.000[0m
[1;32muart:~$ [m[8D[J[00:01:51.233,000] [0m<inf> imu: LSM6DS3TR-C  a  -0.326   9.854   0.552  g   0.024  -0.060   0.016[0m
[1;32muart:~$ [m[8D[J[1;32muart:~$ [m[8D[J[00:01:51.234,000] [0m<inf> imu: LSM6DSV16X   a  -0.124   9.832   0.924  g  -0.011   0.002  -0.003[0m
[1;32muart:~$ [m[8D[J[00:01:51.235,000] [0m<inf> imu: ICM-42688-P  a  -0.162   9.755   0.312  g  -0.001  -0.006  -0.000[0m
[1;32muart:~$ [m[8D[J[1;32muart:~$ [m[8D[J[00:01:51.336,000] [0m<inf> imu: LSM6DS3TR-C  a  -0.370   9.844   0.565  g   0.022  -0.060   0.015[0m
[1;32muart:~$ [m[8D[J[00:01:51.337,000] [0m<inf> imu: LSM6DSV16X   a  -0.139   9.833   0.939  g  -0.013   0.003  -0.003[0m
[1;32muart:~$ [m[8D[J[1;32muart:~$ [m[8D[J[00:01:51.338,000] [0m<inf> imu: ICM-42688-P  a  -0.163   9.738   0.329  g  -0.000  -0.005   0.000[0m
[1;32muart:~$ [m[8D[J[00:01:51.439,000] [0m<inf> imu: LSM6DS3TR-C  a  -0.355   9.864   0.546  g   0.021  -0.059   0.016[0m
[1;32muart:~$ [m[8D[J[1;32muart:~$ [m[8D[J[00:01:51.440,000] [0m<inf> imu: LSM6DSV16X   a  -0.135   9.855   0.938  g  -0.012   0.002  -0.003[0m
[1;32muart:~$ [m[8D[J[00:01:51.441,000] [0m<inf> imu: ICM-42688-P  a  -0.163   9.773   0.329  g   0.000  -0.005   0.000[0m
[1;32muart:~$ [m[8D[J[1;32muart:~$ [m[8D[J[00:01:51.542,000] [0m<inf> imu: LSM6DS3TR-C  a  -0.343   9.851   0.583  g   0.021  -0.061   0.016[0m
[1;32muart:~$ [m[8D[J[00:01:51.542,000] [0m<inf> imu: LSM6DSV16X   a  -0.136   9.830   0.924  g  -0.012   0.002  -0.003[0m
[1;32muart:~$ [m[8D[J[1;32muart:~$ [m[8D[J[00:01:51.543,000] [0m<inf> imu: ICM-42688-P  a  -0.163   9.738   0.311  g  -0.000  -0.005   0.000[0m
[1;32muart:~$ [m[8D[J[00:01:51.644,000] [0m<inf> imu: LSM6DS3TR-C  a  -0.366   9.869   0.555  g   0.021  -0.061   0.015[0m
[1;32muart:~$ [m[8D[J[00:01:51.645,000] [0m<inf> imu: LSM6DSV16X   a  -0.129   9.840   0.931  g  -0.011   0.002  -0.003[0m
[1;32muart:~$ [m[8D[J[1;32muart:~$ [m[8D[J[00:01:51.645,000] [0m<inf> imu: ICM-42688-P  a  -0.159   9.760   0.316  g  -0.001  -0.006   0.001[0m
[1;32muart:~$ [m[8D[J[00:01:51.747,000] [0m<inf> imu: LSM6DS3TR-C  a  -0.354   9.829   0.540  g   0.024  -0.060   0.017[0m
[1;32muart:~$ [m[8D[J[1;32muart:~$ [m[8D[J[00:01:51.748,000] [0m<inf> imu: LSM6DSV16X   a  -0.127   9.832   0.928  g  -0.011   0.002  -0.002[0m
[1;32muart:~$ [m[8D[J[00:01:51.749,000] [0m<inf> imu: ICM-42688-P  a  -0.156   9.768   0.334  g   0.000  -0.005   0.001[0m
[1;32muart:~$ [m[8D[J[00:01:51.850,000] [0m<inf> imu: LSM6DS3TR-C  a  -0.354   9.870   0.577  g   0.024  -0.060   0.016[0m
[1;32muart:~$ [m[8D[J[1;32muart:~$ [m[8D[J[00:01:51.851,000] [0m<inf> imu: LSM6DSV16X   a  -0.132   9.823   0.929  g  -0.012   0.002  -0.003[0m
[1;32muart:~$ [m[8D[J[00:01:51.851,000] [0m<inf> imu: ICM-42688-P  a  -0.150   9.731   0.328  g  -0.000  -0.005   0.000[0m
[1;32muart:~$ [m[8D[J[00:01:51.952,000] [0m<inf> imu: LSM6DS3TR-C  a  -0.363   9.860   0.538  g   0.022  -0.060   0.016[0m
[1;32muart:~$ [m[8D[J[00:01:51.953,000] [0m<inf> imu: LSM6DSV16X   a  -0.139   9.840   0.926  g  -0.012   0.002  -0.003[0m
[1;32muart:~$ [m[8D[J[1;32muart:~$ [m[8D[J[00:01:51.954,000] [0m<inf> imu: ICM-42688-P  a  -0.159   9.771   0.308  g   0.000  -0.005   0.000[0m
[1;32muart:~$ [m[8D[J[1;32muart:~$ [m[8D[J[00:01:52.055,000] [0m<inf> imu: LSM6DS3TR-C  a  -0.364   9.873   0.590  g   0.022  -0.060   0.016[0m
[1;32muart:~$ [m[8D[J[00:01:52.055,000] [0m<inf> imu: LSM6DSV16X   a  -0.132   9.834   0.921  g  -0.012   0.001  -0.003[0m
[1;32muart:~$ [m[8D[J[1;32muart:~$ [m[8D[J[00:01:52.056,000] [0m<inf> imu: ICM-42688-P  a  -0.163   9.753   0.316  g  -0.001  -0.005  -0.001[0m
[1;32muart:~$ [m[8D[J[00:01:52.157,000] [0m<inf> imu: LSM6DS3TR-C  a  -0.374   9.843   0.551  g   0.022  -0.060   0.015[0m
[1;32muart:~$ [m[8D[J[1;32muart:~$ [m[8D[J[00:01:52.158,000] [0m<inf> imu: LSM6DSV16X   a  -0.131   9.835   0.936  g  -0.011   0.002  -0.003[0m
[1;32muart:~$ [m[8D[J[00:01:52.158,000] [0m<inf> imu: ICM-42688-P  a  -0.156   9.756   0.333  g   0.000  -0.005  -0.001[0m
[1;32muart:~$ [m[8D[J[1;32muart:~$ [m[8D[J[00:01:52.259,000] [0m<inf> imu: LSM6DS3TR-C  a  -0.367   9.833   0.552  g   0.023  -0.060   0.017[0m
[1;32muart:~$ [m[8D[J[00:01:52.260,000] [0m<inf> imu: LSM6DSV16X   a  -0.135   9.844   0.936  g  -0.012   0.001  -0.003[0m
[1;32muart:~$ [m[8D[J[1;32muart:~$ [m[8D[J[00:01:52.260,000] [0m<inf> imu: ICM-42688-P  a  -0.180   9.764   0.333  g  -0.000  -0.006   0.001[0m
[1;32muart:~$ [m[8D[J[00:01:52.362,000] [0m<inf> imu: LSM6DS3TR-C  a  -0.349   9.816   0.567  g   0.021  -0.061   0.013[0m
[1;32muart:~$ [m[8D[J[00:01:52.362,000] [0m<inf> imu: LSM6DSV16X   a  -0.138   9.837   0.931  g  -0.011   0.002  -0.003[0m
[1;32muart:~$ [m[8D[J[1;32muart:~$ [m[8D[J[00:01:52.363,000] [0m<inf> imu: ICM-42688-P  a  -0.171   9.752   0.321  g   0.000  -0.005   0.001[0m
[1;32muart:~$ [m[8D[J[00:01:52.464,000] [0m<inf> imu: LSM6DS3TR-C  a  -0.336   9.862   0.578  g   0.023  -0.063   0.013[0m
[1;32muart:~$ [m[8D[J[00:01:52.465,000] [0m<inf> imu: LSM6DSV16X   a  -0.133   9.837   0.921  g  -0.012   0.002  -0.002[0m
[1;32muart:~$ [m[8D[J[1;32muart:~$ [m[8D[J[00:01:52.466,000] [0m<inf> imu: ICM-42688-P  a  -0.154   9.776   0.329  g  -0.001  -0.006   0.000[0m
[1;32muart:~$ [m[8D[J[00:01:52.567,000] [0m<inf> imu: LSM6DS3TR-C  a  -0.364   9.842   0.568  g   0.021  -0.061   0.014[0m
[1;32muart:~$ [m[8D[J[1;32muart:~$ [m[8D[J[00:01:52.568,000] [0m<inf> imu: LSM6DSV16X   a  -0.132   9.832   0.933  g  -0.012   0.002  -0.003[0m
[1;32muart:~$ [m[8D[J[00:01:52.568,000] [0m<inf> imu: ICM-42688-P  a  -0.152   9.748   0.312  g   0.000  -0.005   0.001[0m
[1;32muart:~$ [m[8D[J[1;32muart:~$ [m[8D[J[00:01:52.669,000] [0m<inf> imu: LSM6DS3TR-C  a  -0.386   9.848   0.535  g   0.022  -0.060   0.015[0m
[1;32muart:~$ [m[8D[J[00:01:52.671,000] [0m<inf> imu: LSM6DSV16X   a  -0.133   9.837   0.933  g  -0.011   0.002  -0.002[0m
[1;32muart:~$ [m[8D[J[1;32muart:~$ [m[8D[J[00:01:52.672,000] [0m<inf> imu: ICM-42688-P  a  -0.164   9.768   0.320  g   0.000  -0.005   0.001[0m
[1;32muart:~$ [m[8D[J[00:01:52.773,000] [0m<inf> imu: LSM6DS3TR-C  a  -0.366   9.820   0.527  g   0.021  -0.060   0.014[0m
[1;32muart:~$ [m[8D[J[1;32muart:~$ [m[8D[J[00:01:52.774,000] [0m<inf> imu: LSM6DSV16X   a  -0.134   9.825   0.928  g  -0.012   0.002  -0.003[0m
[1;32muart:~$ [m[8D[J[00:01:52.774,000] [0m<inf> imu: ICM-42688-P  a  -0.168   9.748   0.322  g  -0.001  -0.005   0.000[0m
[1;32muart:~$ [m[8D[J[1;32muart:~$ [m[8D[J[00:01:52.875,000] [0m<inf> imu: LSM6DS3TR-C  a  -0.337   9.870   0.534  g   0.023  -0.058   0.015[0m
[1;32muart:~$ [m[8D[J[00:01:52.876,000] [0m<inf> imu: LSM6DSV16X   a  -0.132   9.841   0.928  g  -0.012   0.002  -0.002[0m
[1;32muart:~$ [m[8D[J[1;32muart:~$ [m[8D[J[00:01:52.876,000] [0m<inf> imu: ICM-42688-P  a  -0.150   9.764   0.311  g   0.001  -0.005   0.000[0m
[1;32muart:~$ [m[8D[J[00:01:52.978,000] [0m<inf> imu: LSM6DS3TR-C  a  -0.363   9.849   0.574  g   0.023  -0.059   0.014[0m
[1;32muart:~$ [m[8D[J[00:01:52.978,000] [0m<inf> imu: LSM6DSV16X   a  -0.138   9.835   0.936  g  -0.011   0.002  -0.002[0m
[1;32muart:~$ [m[8D[J[1;32muart:~$ [m[8D[J[00:01:52.979,000] [0m<inf> imu: ICM-42688-P  a  -0.154   9.765   0.324  g  -0.001  -0.005   0.000[0m
[1;32muart:~$ [m[8D[J[00:01:53.080,000] [0m<inf> imu: LSM6DS3TR-C  a  -0.381   9.859   0.568  g   0.021  -0.059   0.015[0m
[1;32muart:~$ [m[8D[J[1;32muart:~$ [m[8D[J[00:01:53.081,000] [0m<inf> imu: LSM6DSV16X   a  -0.135   9.837   0.931  g  -0.011   0.001  -0.003[0m
[1;32muart:~$ [m[8D[J[00:01:53.082,000] [0m<inf> imu: ICM-42688-P  a  -0.165   9.754   0.320  g   0.000  -0.005   0.000[0m
[1;32muart:~$ [m[8D[J[00:01:53.183,000] [0m<inf> imu: LSM6DS3TR-C  a  -0.368   9.860   0.534  g   0.025  -0.062   0.013[0m
[1;32muart:~$ [m[8D[J[1;32muart:~$ [m[8D[J[00:01:53.183,000] [0m<inf> imu: LSM6DSV16X   a  -0.129   9.828   0.933  g  -0.011   0.002  -0.003[0m
[1;32muart:~$ [m[8D[J[00:01:53.184,000] [0m<inf> imu: ICM-42688-P  a  -0.163   9.741   0.323  g   0.000  -0.005   0.000[0m
[1;32muart:~$ [m[8D[J[1;32muart:~$ [m[8D[J[00:01:53.285,000] [0m<inf> imu: LSM6DS3TR-C  a  -0.361   9.866   0.561  g   0.024  -0.062   0.016[0m
[1;32muart:~$ [m[8D[J[00:01:53.286,000] [0m<inf> imu: LSM6DSV16X   a  -0.142   9.845   0.924  g  -0.012   0.002  -0.003[0m
[1;32muart:~$ [m[8D[J[1;32muart:~$ [m[8D[J[00:01:53.287,000] [0m<inf> imu: ICM-42688-P  a  -0.168   9.756   0.329  g   0.000  -0.005   0.000[0m
[1;32muart:~$ [m[8D[J[00:01:53.388,000] [0m<inf> imu: LSM6DS3TR-C  a  -0.339   9.840   0.556  g   0.024  -0.060   0.015[0m
[1;32muart:~$ [m[8D[J[1;32muart:~$ [m[8D[J[00:01:53.389,000] [0m<inf> imu: LSM6DSV16X   a  -0.127   9.842   0.933  g  -0.010   0.001  -0.003[0m
[1;32muart:~$ [m[8D[J[00:01:53.389,000] [0m<inf> imu: ICM-42688-P  a  -0.159   9.768   0.340  g   0.000  -0.005   0.001[0m
[1;32muart:~$ [m[8D[J[1;32muart:~$ [m[8D[J[00:01:53.490,000] [0m<inf> imu: LSM6DS3TR-C  a  -0.394   9.852   0.566  g   0.022  -0.060   0.016[0m
[1;32muart:~$ [m[8D[J[00:01:53.491,000] [0m<inf> imu: LSM6DSV16X   a  -0.139   9.840   0.943  g  -0.011   0.002  -0.003[0m
[1;32muart:~$ [m[8D[J[1;32muart:~$ [m[8D[J[00:01:53.491,000] [0m<inf> imu: ICM-42688-P  a  -0.171   9.762   0.344  g   0.000  -0.005   0.001[0m
[1;32muart:~$ [m[8D[J[00:01:53.593,000] [0m<inf> imu: LSM6DS3TR-C  a  -0.389   9.851   0.586  g   0.023  -0.060   0.015[0m
[1;32muart:~$ [m[8D[J[00:01:53.593,000] [0m<inf> imu: LSM6DSV16X   a  -0.139   9.833   0.921  g  -0.012   0.002  -0.002[0m
[1;32muart:~$ [m[8D[J[1;32muart:~$ [m[8D[J[00:01:53.594,000] [0m<inf> imu: ICM-42688-P  a  -0.156   9.762   0.314  g   0.001  -0.006   0.000[0m
[1;32muart:~$ [m[8D[J[00:01:53.695,000] [0m<inf> imu: LSM6DS3TR-C  a  -0.354   9.852   0.569  g   0.021  -0.060   0.015[0m
[1;32muart:~$ [m[8D[J[1;32muart:~$ [m[8D[J[00:01:53.696,000] [0m<inf> imu: LSM6DSV16X   a  -0.131   9.848   0.931  g  -0.011   0.002  -0.003[0m
[1;32muart:~$ [m[8D[J[00:01:53.697,000] [0m<inf> imu: ICM-42688-P  a  -0.171   9.771   0.332  g  -0.000  -0.005   0.000[0m
[1;32muart:~$ [m[8D[J[00:01:53.798,000] [0m<inf> imu: LSM6DS3TR-C  a  -0.358   9.820   0.575  g   0.022  -0.061   0.016[0m
[1;32muart:~$ [m[8D[J[1;32muart:~$ [m[8D[J[00:01:53.799,000] [0m<inf> imu: LSM6DSV16X   a  -0.131   9.835   0.931  g  -0.011   0.002  -0.002[0m
[1;32muart:~$ [m[8D[J[00:01:53.799,000] [0m<inf> imu: ICM-42688-P  a  -0.166   9.773   0.321  g  -0.000  -0.004   0.000[0m
[1;32muart:~$ [m[8D[J[00:01:53.900,000] [0m<inf> imu: LSM6DS3TR-C  a  -0.354   9.867   0.565  g   0.022  -0.060   0.016[0m
[1;32muart:~$ [m[8D[J[00:01:53.901,000] [0m<inf> imu: LSM6DSV16X   a  -0.127   9.835   0.919  g  -0.011   0.001  -0.003[0m
[1;32muart:~$ [m[8D[J[1;32muart:~$ [m[8D[J[00:01:53.902,000] [0m<inf> imu: ICM-42688-P  a  -0.159   9.747   0.326  g   0.000  -0.005   0.000[0m
[1;32muart:~$ [m[8D[J[1;32muart:~$ [m[8D[J[00:01:54.003,000] [0m<inf> imu: LSM6DS3TR-C  a  -0.374   9.845   0.552  g   0.023  -0.061   0.014[0m
[1;32muart:~$ [m[8D[J[00:01:54.003,000] [0m<inf> imu: LSM6DSV16X   a  -0.143   9.842   0.928  g  -0.011   0.002  -0.003[0m
[1;32muart:~$ [m[8D[J[1;32muart:~$ [m[8D[J[00:01:54.004,000] [0m<inf> imu: ICM-42688-P  a  -0.166   9.770   0.322  g   0.001  -0.005   0.000[0m
[1;32muart:~$ [m[8D[J[00:01:54.105,000] [0m<inf> imu: LSM6DS3TR-C  a  -0.345   9.861   0.573  g   0.021  -0.060   0.017[0m
[1;32muart:~$ [m[8D[J[1;32muart:~$ [m[8D[J[00:01:54.106,000] [0m<inf> imu: LSM6DSV16X   a  -0.126   9.839   0.933  g  -0.012   0.002  -0.003[0m
[1;32muart:~$ [m[8D[J[00:01:54.106,000] [0m<inf> imu: ICM-42688-P  a  -0.150   9.749   0.326  g   0.000  -0.005  -0.000[0m
[1;32muart:~$ [m[8D[J[1;32muart:~$ [m[8D[J[00:01:54.207,000] [0m<inf> imu: LSM6DS3TR-C  a  -0.379   9.856   0.559  g   0.022  -0.061   0.013[0m
[1;32muart:~$ [m[8D[J[00:01:54.208,000] [0m<inf> imu: LSM6DSV16X   a  -0.133   9.827   0.929  g  -0.012   0.002  -0.003[0m
[1;32muart:~$ [m[8D[J[1;32muart:~$ [m[8D[J[00:01:54.208,000] [0m<inf> imu: ICM-42688-P  a  -0.178   9.765   0.324  g   0.000  -0.005   0.001[0m
[1;32muart:~$ [m[8D[J[00:01:54.310,000] [0m<inf> imu: LSM6DS3TR-C  a  -0.389   9.861   0.571  g   0.023  -0.060   0.015[0m
[1;32muart:~$ [m[8D[J[00:01:54.310,000] [0m<inf> imu: LSM6DSV16X   a  -0.136   9.835   0.928  g  -0.011   0.001  -0.003[0m
[1;32muart:~$ [m[8D[J[1;32muart:~$ [m[8D[J[00:01:54.311,000] [0m<inf> imu: ICM-42688-P  a  -0.157   9.760   0.315  g   0.000  -0.005   0.001[0m
[1;32muart:~$ [m[8D[J[00:01:54.412,000] [0m<inf> imu: LSM6DS3TR-C  a  -0.340   9.843   0.586  g   0.023  -0.061   0.013[0m
[1;32muart:~$ [m[8D[J[1;32muart:~$ [m[8D[J[00:01:54.413,000] [0m<inf> imu: LSM6DSV16X   a  -0.139   9.835   0.928  g  -0.012   0.002  -0.002[0m
[1;32muart:~$ [m[8D[J[00:01:54.414,000] [0m<inf> imu: ICM-42688-P  a  -0.151   9.744   0.324  g  -0.001  -0.005   0.000[0m
[1;32muart:~$ [m[8D[J[00:01:54.515,000] [0m<inf> imu: LSM6DS3TR-C  a  -0.363   9.878   0.579  g   0.024  -0.062   0.016[0m
[1;32muart:~$ [m[8D[J[1;32muart:~$ [m[8D[J[00:01:54.516,000] [0m<inf> imu: LSM6DSV16X   a  -0.121   9.844   0.928  g  -0.011   0.002  -0.003[0m
[1;32muart:~$ [m[8D[J[00:01:54.516,000] [0m<inf> imu: ICM-42688-P  a  -0.150   9.765   0.344  g   0.001  -0.005   0.000[0m
[1;32muart:~$ [m[8D[J[00:01:54.617,000] [0m<inf> imu: LSM6DS3TR-C  a  -0.367   9.843   0.561  g   0.023  -0.061   0.016[0m
[1;32muart:~$ [m[8D[J[1;32muart:~$ [m[8D[J[00:01:54.618,000] [0m<inf> imu: LSM6DSV16X   a  -0.124   9.826   0.928  g  -0.012   0.002  -0.002[0m
[1;32muart:~$ [m[8D[J[00:01:54.618,000] [0m<inf> imu: ICM-42688-P  a  -0.160   9.749   0.320  g   0.001  -0.006   0.001[0m
[1;32muart:~$ [m[8D[J[1;32muart:~$ [m[8D[J[00:01:54.719,000] [0m<inf> imu: LSM6DS3TR-C  a  -0.377   9.855   0.544  g   0.021  -0.060   0.016[0m
[1;32muart:~$ [m[8D[J[00:01:54.720,000] [0m<inf> imu: LSM6DSV16X   a  -0.141   9.839   0.926  g  -0.012   0.002  -0.003[0m
[1;32muart:~$ [m[8D[J[1;32muart:~$ [m[8D[J[00:01:54.721,000] [0m<inf> imu: ICM-42688-P  a  -0.170   9.768   0.302  g  -0.001  -0.006   0.000[0m
[1;32muart:~$ [m[8D[J[00:01:54.822,000] [0m<inf> imu: LSM6DS3TR-C  a  -0.343   9.849   0.558  g   0.024  -0.060   0.017[0m
[1;32muart:~$ [m[8D[J[1;32muart:~$ [m[8D[J[00:01:54.822,000] [0m<inf> imu: LSM6DSV16X   a  -0.139   9.836   0.934  g  -0.011   0.002  -0.003[0m
[1;32muart:~$ [m[8D[J[00:01:54.823,000] [0m<inf> imu: ICM-42688-P  a  -0.163   9.752   0.324  g   0.001  -0.005   0.001[0m
[1;32muart:~$ [m[8D[J[1;32muart:~$ [m[8D[J[00:01:54.924,000] [0m<inf> imu: LSM6DS3TR-C  a  -0.334   9.852   0.556  g   0.024  -0.061   0.018[0m
[1;32muart:~$ [m[8D[J[00:01:54.925,000] [0m<inf> imu: LSM6DSV16X   a  -0.113   9.842   0.930  g  -0.010   0.002  -0.002[0m
[1;32muart:~$ [m[8D[J[1;32muart:~$ [m[8D[J[00:01:54.925,000] [0m<inf> imu: ICM-42688-P  a  -0.144   9.755   0.320  g   0.001  -0.005   0.002[0m
[1;32muart:~$ [m[8D[J[00:01:55.026,000] [0m<inf> imu: LSM6DS3TR-C  a  -0.398   9.890   0.561  g   0.025  -0.062   0.016[0m
[1;32muart:~$ [m[8D[J[00:01:55.027,000] [0m<inf> imu: LSM6DSV16X   a  -0.172   9.857   0.935  g  -0.010   0.002  -0.002[0m
[1;32muart:~$ [m[8D[J[1;32muart:~$ [m[8D[J[00:01:55.028,000] [0m<inf> imu: ICM-42688-P  a  -0.193   9.789   0.322  g   0.000  -0.006   0.002[0m
[1;32muart:~$ [m[8D[J[00:01:55.129,000] [0m<inf> imu: LSM6DS3TR-C  a  -0.318   9.815   0.529  g   0.024  -0.060   0.016[0m
[1;32muart:~$ [m[8D[J[1;32muart:~$ [m[8D[J[00:01:55.130,000] [0m<inf> imu: LSM6DSV16X   a  -0.100   9.791   0.924  g  -0.011   0.002  -0.003[0m
[1;32muart:~$ [m[8D[J[00:01:55.131,000] [0m<inf> imu: ICM-42688-P  a  -0.116   9.725   0.316  g   0.001  -0.005   0.001[0m
[1;32muart:~$ [m[8D[J[00:01:55.232,000] [0m<inf> imu: LSM6DS3TR-C  a  -0.384   9.873   0.570  g   0.022  -0.060   0.014[0m
[1;32muart:~$ [m[8D[J[1;32muart:~$ [m[8D[J[00:01:55.233,000] [0m<inf> imu: LSM6DSV16X   a  -0.156   9.875   0.938  g  -0.012   0.002  -0.003[0m
[1;32muart:~$ [m[8D[J[00:01:55.233,000] [0m<inf> imu: ICM-42688-P  a  -0.184   9.795   0.316  g  -0.000  -0.005   0.001[0m
[1;32muart:~$ [m[8D[J[00:01:55.334,000] [0m<inf> imu: LSM6DS3TR-C  a  -0.339   9.842   0.552  g   0.022  -0.060   0.015[0m
[1;32muart:~$ [m[8D[J[00:01:55.335,000] [0m<inf> imu: LSM6DSV16X   a  -0.112   9.825   0.934  g  -0.012   0.002  -0.003[0m
[1;32muart:~$ [m[8D[J[1;32muart:~$ [m[8D[J[00:01:55.335,000] [0m<inf> imu: ICM-42688-P  a  -0.135   9.743   0.320  g  -0.000  -0.006   0.000[0m
[1;32muart:~$ [m[8D[J[1;32muart:~$ [m[8D[J[00:01:55.437,000] [0m<inf> imu: LSM6DS3TR-C  a  -0.367   9.858   0.552  g   0.022  -0.061   0.014[0m
[1;32muart:~$ [m[8D[J[00:01:55.437,000] [0m<inf> imu: LSM6DSV16X   a  -0.144   9.839   0.921  g  -0.011   0.002  -0.003[0m
[1;32muart:~$ [m[8D[J[1;32muart:~$ [m[8D[J[00:01:55.438,000] [0m<inf> imu: ICM-42688-P  a  -0.183   9.756   0.311  g  -0.001  -0.004  -0.000[0m
[1;32muart:~$ [m[8D[J[00:01:55.539,000] [0m<inf> imu: LSM6DS3TR-C  a  -0.370   9.809   0.532  g   0.025  -0.061   0.015[0m
[1;32muart:~$ [m[8D[J[1;32muart:~$ [m[8D[J[00:01:55.540,000] [0m<inf> imu: LSM6DSV16X   a  -0.122   9.826   0.930  g  -0.011   0.002  -0.002[0m
[1;32muart:~$ [m[8D[J[00:01:55.540,000] [0m<inf> imu: ICM-42688-P  a  -0.153   9.755   0.316  g   0.001  -0.005   0.001[0m
[1;32muart:~$ [m[8D[J[1;32muart:~$ [m[8D[J[00:01:55.641,000] [0m<inf> imu: LSM6DS3TR-C  a  -0.354   9.812   0.558  g   0.021  -0.063   0.013[0m
[1;32muart:~$ [m[8D[J[00:01:55.642,000] [0m<inf> imu: LSM6DSV16X   a  -0.124   9.839   0.941  g  -0.011   0.002  -0.003[0m
[1;32muart:~$ [m[8D[J[1;32muart:~$ [m[8D[J[00:01:55.642,000] [0m<inf> imu: ICM-42688-P  a  -0.160   9.764   0.341  g  -0.001  -0.005   0.000[0m
[1;32muart:~$ [m[8D[J[00:01:55.743,000] [0m<inf> imu: LSM6DS3TR-C  a  -0.355   9.848   0.568  g   0.025  -0.060   0.016[0m
[1;32muart:~$ [m[8D[J[00:01:55.744,000] [0m<inf> imu: LSM6DSV16X   a  -0.133   9.847   0.915  g  -0.011   0.003  -0.002[0m
[1;32muart:~$ [m[8D[J[1;32muart:~$ [m[8D[J[00:01:55.745,000] [0m<inf> imu: ICM-42688-P  a  -0.163   9.760   0.320  g   0.000  -0.005   0.001[0m
[1;32muart:~$ [m[8D[J[00:01:55.846,000] [0m<inf> imu: LSM6DS3TR-C  a  -0.337   9.843   0.526  g   0.024  -0.061   0.014[0m
[1;32muart:~$ [m[8D[J[1;32muart:~$ [m[8D[J[00:01:55.847,000] [0m<inf> imu: LSM6DSV16X   a  -0.117   9.832   0.928  g  -0.011   0.002  -0.003[0m
[1;32muart:~$ [m[8D[J[00:01:55.848,000] [0m<inf> imu: ICM-42688-P  a  -0.154   9.762   0.317  g   0.001  -0.005   0.001[0m
[1;32muart:~$ [m[8D[J[00:01:55.949,000] [0m<inf> imu: LSM6DS3TR-C  a  -0.396   9.848   0.564  g   0.022  -0.060   0.016[0m
[1;32muart:~$ [m[8D[J[1;32muart:~$ [m[8D[J[00:01:55.950,000] [0m<inf> imu: LSM6DSV16X   a  -0.150   9.837   0.928  g  -0.012   0.002  -0.003[0m
[1;32muart:~$ [m[8D[J[00:01:55.950,000] [0m<inf> imu: ICM-42688-P  a  -0.169   9.758   0.314  g  -0.000  -0.005  -0.000[0m
[1;32muart:~$ [m[8D[J[00:01:56.052,000] [0m<inf> imu: LSM6DS3TR-C  a  -0.358   9.859   0.574  g   0.023  -0.062   0.014[0m
[1;32muart:~$ [m[8D[J[00:01:56.052,000] [0m<inf> imu: LSM6DSV16X   a  -0.108   9.826   0.924  g  -0.011   0.002  -0.002[0m
[1;32muart:~$ [m[8D[J[1;32muart:~$ [m[8D[J[00:01:56.053,000] [0m<inf> imu: ICM-42688-P  a  -0.133   9.753   0.323  g   0.000  -0.005  -0.000[0m
[1;32muart:~$ [m[8D[J[1;32muart:~$ [m[8D[J[00:01:56.154,000] [0m<inf> imu: LSM6DS3TR-C  a  -0.359   9.853   0.555  g   0.024  -0.061   0.013[0m
[1;32muart:~$ [m[8D[J[00:01:56.155,000] [0m<inf> imu: LSM6DSV16X   a  -0.146   9.835   0.923  g  -0.012   0.002  -0.003[0m
[1;32muart:~$ [m[8D[J[1;32muart:~$ [m[8D[J[00:01:56.155,000] [0m<inf> imu: ICM-42688-P  a  -0.172   9.755   0.316  g   0.000  -0.005   0.000[0m
[1;32muart:~$ [m[8D[J[00:01:56.256,000] [0m<inf> imu: LSM6DS3TR-C  a  -0.355   9.838   0.524  g   0.022  -0.060   0.014[0m
[1;32muart:~$ [m[8D[J[1;32muart:~$ [m[8D[J[00:01:56.257,000] [0m<inf> imu: LSM6DSV16X   a  -0.114   9.839   0.931  g  -0.012   0.002  -0.002[0m
[1;32muart:~$ [m[8D[J[00:01:56.257,000] [0m<inf> imu: ICM-42688-P  a  -0.140   9.760   0.305  g   0.000  -0.005   0.000[0m
[1;32muart:~$ [m[8D[J[1;32muart:~$ [m[8D[J[00:01:56.358,000] [0m<inf> imu: LSM6DS3TR-C  a  -0.376   9.882   0.549  g   0.023  -0.060   0.014[0m
[1;32muart:~$ [m[8D[J[00:01:56.359,000] [0m<inf> imu: LSM6DSV16X   a  -0.148   9.837   0.919  g  -0.012   0.003  -0.003[0m
[1;32muart:~$ [m[8D[J[1;32muart:~$ [m[8D[J[00:01:56.360,000] [0m<inf> imu: ICM-42688-P  a  -0.171   9.756   0.320  g   0.000  -0.005   0.000[0m
[1;32muart:~$ [m[8D[J[00:01:56.461,000] [0m<inf> imu: LSM6DS3TR-C  a  -0.346   9.846   0.559  g   0.022  -0.060   0.015[0m
[1;32muart:~$ [m[8D[J[00:01:56.461,000] [0m<inf> imu: LSM6DSV16X   a  -0.120   9.835   0.933  g  -0.010   0.003  -0.003[0m
[1;32muart:~$ [m[8D[J[1;32muart:~$ [m[8D[J[00:01:56.462,000] [0m<inf> imu: ICM-42688-P  a  -0.133   9.752   0.329  g   0.000  -0.005  -0.001[0m
[1;32muart:~$ [m[8D[J[00:01:56.564,000] [0m<inf> imu: LSM6DS3TR-C  a  -0.353   9.866   0.546  g   0.020  -0.060   0.016[0m
[1;32muart:~$ [m[8D[J[1;32muart:~$ [m[8D[J[00:01:56.564,000] [0m<inf> imu: LSM6DSV16X   a  -0.144   9.835   0.916  g  -0.011   0.002  -0.003[0m
[1;32muart:~$ [m[8D[J[00:01:56.565,000] [0m<inf> imu: ICM-42688-P  a  -0.169   9.750   0.311  g   0.000  -0.005   0.001[0m
[1;32muart:~$ [m[8D[J[00:01:56.666,000] [0m<inf> imu: LSM6DS3TR-C  a  -0.358   9.862   0.543  g   0.024  -0.062   0.014[0m
[1;32muart:~$ [m[8D[J[1;32muart:~$ [m[8D[J[00:01:56.667,000] [0m<inf> imu: LSM6DSV16X   a  -0.127   9.844   0.942  g  -0.012   0.002  -0.003[0m
[1;32muart:~$ [m[8D[J[00:01:56.667,000] [0m<inf> imu: ICM-42688-P  a  -0.159   9.750   0.330  g   0.000  -0.005   0.000[0m
[1;32muart:~$ [m[8D[J[00:01:56.769,000] [0m<inf> imu: LSM6DS3TR-C  a  -0.345   9.855   0.602  g   0.024  -0.059   0.013[0m
[1;32muart:~$ [m[8D[J[00:01:56.769,000] [0m<inf> imu: LSM6DSV16X   a  -0.136   9.846   0.921  g  -0.012   0.003  -0.002[0m
[1;32muart:~$ [m[8D[J[1;32muart:~$ [m[8D[J[00:01:56.770,000] [0m<inf> imu: ICM-42688-P  a  -0.174   9.777   0.320  g   0.000  -0.005  -0.001[0m
[1;32muart:~$ [m[8D[J[1;32muart:~$ [m[8D[J[00:01:56.871,000] [0m<inf> imu: LSM6DS3TR-C  a  -0.374   9.822   0.562  g   0.020  -0.059   0.013[0m
[1;32muart:~$ [m[8D[J[00:01:56.872,000] [0m<inf> imu: LSM6DSV16X   a  -0.125   9.820   0.924  g  -0.011   0.003  -0.002[0m
[1;32muart:~$ [m[8D[J[1;32muart:~$ [m[8D[J[00:01:56.872,000] [0m<inf> imu: ICM-42688-P  a  -0.150   9.744   0.324  g   0.000  -0.005   0.000[0m
[1;32muart:~$ [m[8D[J[00:01:56.973,000] [0m<inf> imu: LSM6DS3TR-C  a  -0.334   9.851   0.600  g   0.023  -0.062   0.014[0m
[1;32muart:~$ [m[8D[J[1;32muart:~$ [m[8D[J[00:01:56.974,000] [0m<inf> imu: LSM6DSV16X   a  -0.132   9.854   0.952  g  -0.012   0.002  -0.003[0m
[1;32muart:~$ [m[8D[J[00:01:56.974,000] [0m<inf> imu: ICM-42688-P  a  -0.157   9.768   0.338  g  -0.001  -0.005   0.001[0m
[1;32muart:~$ [m[8D[J[00:01:57.075,000] [0m<inf> imu: LSM6DS3TR-C  a  -0.409   9.860   0.538  g   0.023  -0.063   0.016[0m
[1;32muart:~$ [m[8D[J[00:01:57.076,000] [0m<inf> imu: LSM6DSV16X   a  -0.135   9.844   0.926  g  -0.012   0.003  -0.003[0m
[1;32muart:~$ [m[8D[J[00:01:57.077,000] [0m<inf> imu: ICM-42688-P  a  -0.160   9.770   0.317  g  -0.001  -0.005   0.000[0m
[1;32muart:~$ [m[8D[J[1;32muart:~$ [m[8D[J[00:01:57.178,000] [0m<inf> imu: LSM6DS3TR-C  a  -0.377   9.861   0.544  g   0.025  -0.061   0.014[0m
[1;32muart:~$ [m[8D[J[00:01:57.178,000] [0m<inf> imu: LSM6DSV16X   a  -0.132   9.830   0.928  g  -0.012   0.002  -0.003[0m
[1;32muart:~$ [m[8D[J[1;32muart:~$ [m[8D[J[00:01:57.179,000] [0m<inf> imu: ICM-42688-P  a  -0.162   9.753   0.328  g   0.001  -0.005   0.000[0m
[1;32muart:~$ [m[8D[J[00:01:57.280,000] [0m<inf> imu: LSM6DS3TR-C  a  -0.382   9.857   0.536  g   0.023  -0.061   0.014[0m
[1;32muart:~$ [m[8D[J[00:01:57.281,000] [0m<inf> imu: LSM6DSV16X   a  -0.144   9.851   0.943  g  -0.011   0.002  -0.003[0m
[1;32muart:~$ [m[8D[J[1;32muart:~$ [m[8D[J[00:01:57.281,000] [0m<inf> imu: ICM-42688-P  a  -0.162   9.762   0.329  g   0.001  -0.005   0.001[0m
[1;32muart:~$ [m[8D[J[00:01:57.383,000] [0m<inf> imu: LSM6DS3TR-C  a  -0.358   9.860   0.577  g   0.023  -0.060   0.015[0m
[1;32muart:~$ [m[8D[J[1;32muart:~$ [m[8D[J[00:01:57.383,000] [0m<inf> imu: LSM6DSV16X   a  -0.129   9.839   0.940  g  -0.012   0.001  -0.003[0m
[1;32muart:~$ [m[8D[J[00:01:57.384,000] [0m<inf> imu: ICM-42688-P  a  -0.154   9.760   0.329  g  -0.000  -0.005   0.001[0m
[1;32muart:~$ [m[8D[J[1;32muart:~$ [m[8D[J[00:01:57.485,000] [0m<inf> imu: LSM6DS3TR-C  a  -0.364   9.820   0.593  g   0.021  -0.061   0.016[0m
[1;32muart:~$ [m[8D[J[00:01:57.486,000] [0m<inf> imu: LSM6DSV16X   a  -0.133   9.830   0.924  g  -0.012   0.001  -0.003[0m
[1;32muart:~$ [m[8D[J[1;32muart:~$ [m[8D[J[00:01:57.487,000] [0m<inf> imu: ICM-42688-P  a  -0.164   9.752   0.310  g   0.000  -0.005   0.001[0m
[1;32muart:~$ [m[8D[J[00:01:57.588,000] [0m<inf> imu: LSM6DS3TR-C  a  -0.355   9.857   0.592  g   0.023  -0.061   0.016[0m
[1;32muart:~$ [m[8D[J[1;32muart:~$ [m[8D[J[00:01:57.589,000] [0m<inf> imu: LSM6DSV16X   a  -0.137   9.836   0.926  g  -0.012   0.002  -0.003[0m
[1;32muart:~$ [m[8D[J[00:01:57.589,000] [0m<inf> imu: ICM-42688-P  a  -0.165   9.756   0.321  g  -0.001  -0.005   0.000[0m
[1;32muart:~$ [m[8D[J[1;32muart:~$ [m[8D[J[00:01:57.690,000] [0m<inf> imu: LSM6DS3TR-C  a  -0.353   9.852   0.564  g   0.020  -0.060   0.015[0m
[1;32muart:~$ [m[8D[J[00:01:57.691,000] [0m<inf> imu: LSM6DSV16X   a  -0.127   9.823   0.921  g  -0.012   0.002  -0.003[0m
[1;32muart:~$ [m[8D[J[1;32muart:~$ [m[8D[J[00:01:57.692,000] [0m<inf> imu: ICM-42688-P  a  -0.163   9.747   0.320  g  -0.001  -0.005   0.001[0m
[1;32muart:~$ [m[8D[J[00:01:57.793,000] [0m<inf> imu: LSM6DS3TR-C  a  -0.387   9.830   0.558  g   0.021  -0.059   0.014[0m
[1;32muart:~$ [m[8D[J[00:01:57.793,000] [0m<inf> imu: LSM6DSV16X   a  -0.126   9.839   0.933  g  -0.011   0.002  -0.003[0m
[1;32muart:~$ [m[8D[J[1;32muart:~$ [m[8D[J[00:01:57.794,000] [0m<inf> imu: ICM-42688-P  a  -0.159   9.761   0.333  g   0.000  -0.005   0.000[0m
[1;32muart:~$ [m[8D[J[00:01:57.895,000] [0m<inf> imu: LSM6DS3TR-C  a  -0.355   9.868   0.544  g   0.022  -0.060   0.016[0m
[1;32muart:~$ [m[8D[J[00:01:57.896,000] [0m<inf> imu: LSM6DSV16X   a  -0.132   9.839   0.926  g  -0.012   0.002  -0.003[0m
[1;32muart:~$ [m[8D[J[1;32muart:~$ [m[8D[J[00:01:57.897,000] [0m<inf> imu: ICM-42688-P  a  -0.168   9.764   0.329  g   0.000  -0.005   0.000[0m
[1;32muart:~$ [m[8D[J[00:01:57.998,000] [0m<inf> imu: LSM6DS3TR-C  a  -0.334   9.852   0.556  g   0.021  -0.060   0.014[0m
[1;32muart:~$ [m[8D[J[1;32muart:~$ [m[8D[J[00:01:57.999,000] [0m<inf> imu: LSM6DSV16X   a  -0.138   9.840   0.923  g  -0.011   0.002  -0.003[0m
[1;32muart:~$ [m[8D[J[00:01:58.000,000] [0m<inf> imu: ICM-42688-P  a  -0.159   9.760   0.323  g   0.000  -0.005   0.000[0m
[1;32muart:~$ [m[8D[J[1;32muart:~$ [m[8D[J[00:01:58.101,000] [0m<inf> imu: LSM6DS3TR-C  a  -0.374   9.870   0.598  g   0.023  -0.062   0.014[0m
[1;32muart:~$ [m[8D[J[00:01:58.102,000] [0m<inf> imu: LSM6DSV16X   a  -0.129   9.827   0.914  g  -0.011   0.002  -0.003[0m
[1;32muart:~$ [m[8D[J[1;32muart:~$ [m[8D[J[00:01:58.103,000] [0m<inf> imu: ICM-42688-P  a  -0.157   9.753   0.303  g   0.000  -0.004   0.000[0m
[1;32muart:~$ [m[8D[J[00:01:58.204,000] [0m<inf> imu: LSM6DS3TR-C  a  -0.362   9.835   0.538  g   0.023  -0.061   0.012[0m
[1;32muart:~$ [m[8D[J[1;32muart:~$ [m[8D[J[00:01:58.205,000] [0m<inf> imu: LSM6DSV16X   a  -0.129   9.837   0.928  g  -0.012   0.002  -0.003[0m
[1;32muart:~$ [m[8D[J[00:01:58.205,000] [0m<inf> imu: ICM-42688-P  a  -0.168   9.760   0.324  g  -0.001  -0.005   0.000[0m
[1;32muart:~$ [m[8D[J[1;32muart:~$ [m[8D[J[00:01:58.306,000] [0m<inf> imu: LSM6DS3TR-C  a  -0.379   9.859   0.548  g   0.023  -0.060   0.015[0m
[1;32muart:~$ [m[8D[J[00:01:58.307,000] [0m<inf> imu: LSM6DSV16X   a  -0.131   9.835   0.923  g  -0.012   0.001  -0.003[0m
[1;32muart:~$ [m[8D[J[1;32muart:~$ [m[8D[J[00:01:58.308,000] [0m<inf> imu: ICM-42688-P  a  -0.154   9.759   0.314  g  -0.001  -0.005  -0.000[0m
[1;32muart:~$ [m[8D[J[00:01:58.409,000] [0m<inf> imu: LSM6DS3TR-C  a  -0.356   9.866   0.578  g   0.022  -0.060   0.014[0m
[1;32muart:~$ [m[8D[J[00:01:58.409,000] [0m<inf> imu: LSM6DSV16X   a  -0.139   9.834   0.911  g  -0.012   0.002  -0.003[0m
[1;32muart:~$ [m[8D[J[1;32muart:~$ [m[8D[J[00:01:58.410,000] [0m<inf> imu: ICM-42688-P  a  -0.154   9.753   0.324  g   0.000  -0.005   0.001[0m
[1;32muart:~$ [m[8D[J[00:01:58.512,000] [0m<inf> imu: LSM6DS3TR-C  a  -0.368   9.820   0.568  g   0.024  -0.062   0.016[0m
[1;32muart:~$ [m[8D[J[1;32muart:~$ [m[8D[J[00:01:58.513,000] [0m<inf> imu: LSM6DSV16X   a  -0.134   9.837   0.931  g  -0.011   0.002  -0.002[0m
[1;32muart:~$ [m[8D[J[00:01:58.513,000] [0m<inf> imu: ICM-42688-P  a  -0.163   9.755   0.330  g   0.001  -0.005   0.001[0m
[1;32muart:~$ [m[8D[J[00:01:58.614,000] [0m<inf> imu: LSM6DS3TR-C  a  -0.339   9.843   0.575  g   0.022  -0.061   0.016[0m
[1;32muart:~$ [m[8D[J[1;32muart:~$ [m[8D[J[00:01:58.615,000] [0m<inf> imu: LSM6DSV16X   a  -0.131   9.824   0.931  g  -0.012   0.002  -0.003[0m
[1;32muart:~$ [m[8D[J[00:01:58.616,000] [0m<inf> imu: ICM-42688-P  a  -0.153   9.747   0.333  g   0.000  -0.005   0.000[0m
[1;32muart:~$ [m[8D[J[00:01:58.717,000] [0m<inf> imu: LSM6DS3TR-C  a  -0.360   9.818   0.543  g   0.022  -0.061   0.013[0m
[1;32muart:~$ [m[8D[J[00:01:58.718,000] [0m<inf> imu: LSM6DSV16X   a  -0.131   9.839   0.931  g  -0.011   0.002  -0.003[0m
[1;32muart:~$ [m[8D[J[1;32muart:~$ [m[8D[J[00:01:58.718,000] [0m<inf> imu: ICM-42688-P  a  -0.168   9.765   0.311  g  -0.000  -0.005   0.000[0m
[1;32muart:~$ [m[8D[J[1;32muart:~$ [m[8D[J[00:01:58.819,000] [0m<inf> imu: LSM6DS3TR-C  a  -0.347   9.881   0.592  g   0.023  -0.061   0.015[0m
[1;32muart:~$ [m[8D[J[00:01:58.820,000] [0m<inf> imu: LSM6DSV16X   a  -0.130   9.835   0.929  g  -0.011   0.002  -0.003[0m
[1;32muart:~$ [m[8D[J[1;32muart:~$ [m[8D[J[00:01:58.820,000] [0m<inf> imu: ICM-42688-P  a  -0.171   9.768   0.324  g   0.001  -0.005   0.001[0m
[1;32muart:~$ [m[8D[J[00:01:58.921,000] [0m<inf> imu: LSM6DS3TR-C  a  -0.352   9.817   0.556  g   0.023  -0.061   0.015[0m
[1;32muart:~$ [m[8D[J[1;32muart:~$ [m[8D[J[00:01:58.922,000] [0m<inf> imu: LSM6DSV16X   a  -0.133   9.846   0.940  g  -0.012   0.001  -0.002[0m
[1;32muart:~$ [m[8D[J[00:01:58.923,000] [0m<inf> imu: ICM-42688-P  a  -0.172   9.759   0.321  g  -0.000  -0.005   0.001[0m
[1;32muart:~$ [m[8D[J[00:01:59.024,000] [0m<inf> imu: LSM6DS3TR-C  a  -0.385   9.838   0.541  g   0.021  -0.060   0.016[0m
[1;32muart:~$ [m[8D[J[1;32muart:~$ [m[8D[J[00:01:59.024,000] [0m<inf> imu: LSM6DSV16X   a  -0.135   9.834   0.928  g  -0.010   0.001  -0.002[0m
[1;32muart:~$ [m[8D[J[00:01:59.025,000] [0m<inf> imu: ICM-42688-P  a  -0.163   9.752   0.296  g   0.001  -0.005   0.001[0m
[1;32muart:~$ [m[8D[J[00:01:59.126,000] [0m<inf> imu: LSM6DS3TR-C  a  -0.341   9.840   0.574  g   0.022  -0.062   0.015[0m
[1;32muart:~$ [m[8D[J[1;32muart:~$ [m[8D[J[00:01:59.127,000] [0m<inf> imu: LSM6DSV16X   a  -0.136   9.835   0.935  g  -0.012   0.002  -0.002[0m
[1;32muart:~$ [m[8D[J[00:01:59.127,000] [0m<inf> imu: ICM-42688-P  a  -0.162   9.753   0.320  g  -0.000  -0.005   0.000[0m
[1;32muart:~$ [m[8D[J[1;32muart:~$ [m[8D[J[00:01:59.229,000] [0m<inf> imu: LSM6DS3TR-C  a  -0.392   9.883   0.587  g   0.021  -0.063   0.013[0m
[1;32muart:~$ [m[8D[J[00:01:59.230,000] [0m<inf> imu: LSM6DSV16X   a  -0.136   9.837   0.929  g  -0.012   0.002  -0.002[0m
[1;32muart:~$ [m[8D[J[1;32muart:~$ [m[8D[J[00:01:59.231,000] [0m<inf> imu: ICM-42688-P  a  -0.163   9.747   0.324  g  -0.001  -0.005   0.000[0m
[1;32muart:~$ [m[8D[J[00:01:59.333,000] [0m<inf> imu: LSM6DS3TR-C  a  -0.360   9.864   0.541  g   0.023  -0.061   0.013[0m
[1;32muart:~$ [m[8D[J[00:01:59.334,000] [0m<inf> imu: LSM6DSV16X   a  -0.132   9.842   0.931  g  -0.011   0.002  -0.002[0m
[1;32muart:~$ [m[8D[J[1;32muart:~$ [m[8D[J[00:01:59.334,000] [0m<inf> imu: ICM-42688-P  a  -0.158   9.764   0.315  g  -0.001  -0.005   0.000[0m
[1;32muart:~$ [m[8D[J[00:01:59.436,000] [0m<inf> imu: LSM6DS3TR-C  a  -0.394   9.894   0.530  g   0.023  -0.061   0.015[0m
[1;32muart:~$ [m[8D[J[1;32muart:~$ [m[8D[J[00:01:59.437,000] [0m<inf> imu: LSM6DSV16X   a  -0.129   9.823   0.928  g  -0.011   0.002  -0.003[0m
[1;32muart:~$ [m[8D[J[00:01:59.437,000] [0m<inf> imu: ICM-42688-P  a  -0.172   9.768   0.333  g   0.001  -0.005   0.001[0m
[1;32muart:~$ [m[8D[J[1;32muart:~$ [m[8D[J[00:01:59.538,000] [0m<inf> imu: LSM6DS3TR-C  a  -0.385   9.869   0.560  g   0.024  -0.061   0.014[0m
[1;32muart:~$ [m[8D[J[00:01:59.539,000] [0m<inf> imu: LSM6DSV16X   a  -0.127   9.845   0.936  g  -0.011   0.002  -0.002[0m
[1;32muart:~$ [m[8D[J[1;32muart:~$ [m[8D[J[00:01:59.539,000] [0m<inf> imu: ICM-42688-P  a  -0.170   9.762   0.311  g   0.000  -0.005   0.001[0m
[1;32muart:~$ [m[8D[J[00:01:59.640,000] [0m<inf> imu: LSM6DS3TR-C  a  -0.415   9.859   0.568  g   0.021  -0.061   0.014[0m
[1;32muart:~$ [m[8D[J[1;32muart:~$ [m[8D[J[00:01:59.641,000] [0m<inf> imu: LSM6DSV16X   a  -0.134   9.839   0.931  g  -0.011   0.002  -0.003[0m
[1;32muart:~$ [m[8D[J[00:01:59.642,000] [0m<inf> imu: ICM-42688-P  a  -0.168   9.753   0.310  g  -0.000  -0.005   0.001[0m
[1;32muart:~$ [m[8D[J[1;32muart:~$ [m[8D[J[00:01:59.743,000] [0m<inf> imu: LSM6DS3TR-C  a  -0.355   9.830   0.567  g   0.023  -0.060   0.015[0m
[1;32muart:~$ [m[8D[J[00:01:59.743,000] [0m<inf> imu: LSM6DSV16X   a  -0.124   9.840   0.936  g  -0.013   0.002  -0.002[0m
[1;32muart:~$ [m[8D[J[1;32muart:~$ [m[8D[J[00:01:59.744,000] [0m<inf> imu: ICM-42688-P  a  -0.151   9.753   0.333  g   0.000  -0.005  -0.001[0m
[1;32muart:~$ [m[8D[J[00:01:59.845,000] [0m<inf> imu: LSM6DS3TR-C  a  -0.369   9.836   0.584  g   0.025  -0.061   0.014[0m
[1;32muart:~$ [m[8D[J[00:01:59.846,000] [0m<inf> imu: LSM6DSV16X   a  -0.136   9.833   0.924  g  -0.011   0.002  -0.003[0m
[1;32muart:~$ [m[8D[J[1;32muart:~$ [m[8D[J[00:01:59.846,000] [0m<inf> imu: ICM-42688-P  a  -0.170   9.746   0.320  g   0.000  -0.005  -0.000[0m
[1;32muart:~$ [m[8D[J[00:01:59.948,000] [0m<inf> imu: LSM6DS3TR-C  a  -0.341   9.833   0.519  g   0.024  -0.061   0.014[0m
[1;32muart:~$ [m[8D[J[1;32muart:~$ [m[8D[J[00:01:59.949,000] [0m<inf> imu: LSM6DSV16X   a  -0.132   9.828   0.928  g  -0.012   0.002  -0.003[0m
[1;32muart:~$ [m[8D[J[00:01:59.949,000] [0m<inf> imu: ICM-42688-P  a  -0.158   9.758   0.305  g  -0.000  -0.006   0.000[0m
[1;32muart:~$ [m[8D[J[00:02:00.051,000] [0m<inf> imu: LSM6DS3TR-C  a  -0.332   9.825   0.575  g   0.024  -0.062   0.014[0m
[1;32muart:~$ [m[8D[J[1;32muart:~$ [m[8D[J[00:02:00.051,000] [0m<inf> imu: LSM6DSV16X   a  -0.129   9.832   0.933  g  -0.012   0.002  -0.003[0m
[1;32muart:~$ [m[8D[J[00:02:00.052,000] [0m<inf> imu: ICM-42688-P  a  -0.158   9.765   0.315  g   0.000  -0.005   0.000[0m
[1;32muart:~$ [m[8D[J[00:02:00.153,000] [0m<inf> imu: LSM6DS3TR-C  a  -0.328   9.846   0.562  g   0.023  -0.061   0.015[0m
[1;32muart:~$ [m[8D[J[00:02:00.153,000] [0m<inf> imu: LSM6DSV16X   a  -0.130   9.839   0.933  g  -0.011   0.002  -0.002[0m
[1;32muart:~$ [m[8D[J[00:02:00.154,000] [0m<inf> imu: ICM-42688-P  a  -0.160   9.762   0.318  g  -0.000  -0.005   0.000[0m
[1;32muart:~$ [m[8D[J[1;32muart:~$ [m[8D[J[00:02:00.255,000] [0m<inf> imu: LSM6DS3TR-C  a  -0.345   9.844   0.551  g   0.022  -0.061   0.013[0m
[1;32muart:~$ [m[8D[J[00:02:00.256,000] [0m<inf> imu: LSM6DSV16X   a  -0.129   9.826   0.919  g  -0.011   0.002  -0.003[0m
[1;32muart:~$ [m[8D[J[1;32muart:~$ [m[8D[J[00:02:00.256,000] [0m<inf> imu: ICM-42688-P  a  -0.152   9.752   0.312  g  -0.000  -0.006   0.000[0m
[1;32muart:~$ [m[8D[J[00:02:00.357,000] [0m<inf> imu: LSM6DS3TR-C  a  -0.356   9.863   0.517  g   0.021  -0.060   0.016[0m
[1;32muart:~$ [m[8D[J[1;32muart:~$ [m[8D[J[00:02:00.358,000] [0m<inf> imu: LSM6DSV16X   a  -0.132   9.835   0.926  g  -0.011   0.001  -0.003[0m
[1;32muart:~$ [m[8D[J[00:02:00.359,000] [0m<inf> imu: ICM-42688-P  a  -0.162   9.765   0.330  g   0.001  -0.005   0.000[0m
[1;32muart:~$ [m[8D[J[1;32muart:~$ [m[8D[J[00:02:00.460,000] [0m<inf> imu: LSM6DS3TR-C  a  -0.345   9.877   0.574  g   0.022  -0.060   0.015[0m
[1;32muart:~$ [m[8D[J[00:02:00.460,000] [0m<inf> imu: LSM6DSV16X   a  -0.127   9.841   0.928  g  -0.012   0.002  -0.002[0m
[1;32muart:~$ [m[8D[J[1;32muart:~$ [m[8D[J[00:02:00.461,000] [0m<inf> imu: ICM-42688-P  a  -0.150   9.749   0.318  g   0.000  -0.006   0.000[0m
[1;32muart:~$ [m[8D[J[00:02:00.562,000] [0m<inf> imu: LSM6DS3TR-C  a  -0.392   9.854   0.593  g   0.023  -0.063   0.016[0m
[1;32muart:~$ [m[8D[J[00:02:00.563,000] [0m<inf> imu: LSM6DSV16X   a  -0.132   9.849   0.931  g  -0.011   0.002  -0.003[0m
[1;32muart:~$ [m[8D[J[1;32muart:~$ [m[8D[J[00:02:00.563,000] [0m<inf> imu: ICM-42688-P  a  -0.165   9.765   0.322  g   0.000  -0.005  -0.001[0m
[1;32muart:~$ [m[8D[J[00:02:00.665,000] [0m<inf> imu: LSM6DS3TR-C  a  -0.361   9.862   0.564  g   0.020  -0.060   0.013[0m
[1;32muart:~$ [m[8D[J[00:02:00.666,000] [0m<inf> imu: LSM6DSV16X   a  -0.132   9.836   0.923  g  -0.011   0.002  -0.002[0m
[1;32muart:~$ [m[8D[J[1;32muart:~$ [m[8D[J[00:02:00.667,000] [0m<inf> imu: ICM-42688-P  a  -0.156   9.749   0.309  g   0.001  -0.005   0.001[0m
[1;32muart:~$ [m[8D[J[00:02:00.768,000] [0m<inf> imu: LSM6DS3TR-C  a  -0.381   9.882   0.563  g   0.021  -0.059   0.014[0m
[1;32muart:~$ [m[8D[J[1;32muart:~$ [m[8D[J[00:02:00.769,000] [0m<inf> imu: LSM6DSV16X   a  -0.139   9.827   0.924  g  -0.011   0.002  -0.003[0m
[1;32muart:~$ [m[8D[J[00:02:00.769,000] [0m<inf> imu: ICM-42688-P  a  -0.165   9.760   0.323  g  -0.000  -0.005   0.001[0m
[1;32muart:~$ [m[8D[J[1;32muart:~$ [m[8D[J[00:02:00.871,000] [0m<inf> imu: LSM6DS3TR-C  a  -0.370   9.817   0.561  g   0.022  -0.061   0.015[0m
[1;32muart:~$ [m[8D[J[00:02:00.872,000] [0m<inf> imu: LSM6DSV16X   a  -0.124   9.842   0.936  g  -0.013   0.002  -0.003[0m
[1;32muart:~$ [m[8D[J[1;32muart:~$ [m[8D[J[00:02:00.873,000] [0m<inf> imu: ICM-42688-P  a  -0.164   9.756   0.314  g  -0.001  -0.005   0.000[0m
[1;32muart:~$ [m[8D[J[00:02:00.974,000] [0m<inf> imu: LSM6DS3TR-C  a  -0.354   9.848   0.597  g   0.022  -0.060   0.014[0m
[1;32muart:~$ [m[8D[J[1;32muart:~$ [m[8D[J[00:02:00.974,000] [0m<inf> imu: LSM6DSV16X   a  -0.126   9.835   0.924  g  -0.011   0.002  -0.003[0m
[1;32muart:~$ [m[8D[J[00:02:00.975,000] [0m<inf> imu: ICM-42688-P  a  -0.165   9.760   0.321  g   0.001  -0.005   0.001[0m
[1;32muart:~$ [m[8D[J[00:02:01.076,000] [0m<inf> imu: LSM6DS3TR-C  a  -0.424   9.849   0.549  g   0.022  -0.061   0.012[0m
[1;32muart:~$ [m[8D[J[00:02:01.077,000] [0m<inf> imu: LSM6DSV16X   a  -0.130   9.856   0.926  g  -0.012   0.002  -0.003[0m
[1;32muart:~$ [m[8D[J[00:02:01.077,000] [0m<inf> imu: ICM-42688-P  a  -0.165   9.786   0.314  g  -0.000  -0.005   0.000[0m
[1;32muart:~$ [m[8D[J[1;32muart:~$ [m[8D[J[00:02:01.178,000] [0m<inf> imu: LSM6DS3TR-C  a  -0.367   9.856   0.572  g   0.022  -0.062   0.016[0m
[1;32muart:~$ [m[8D[J[00:02:01.179,000] [0m<inf> imu: LSM6DSV16X   a  -0.129   9.825   0.936  g  -0.011   0.002  -0.003[0m
[1;32muart:~$ [m[8D[J[1;32muart:~$ [m[8D[J[00:02:01.179,000] [0m<inf> imu: ICM-42688-P  a  -0.157   9.758   0.316  g   0.001  -0.005   0.001[0m
[1;32muart:~$ [m[8D[J[00:02:01.281,000] [0m<inf> imu: LSM6DS3TR-C  a  -0.397   9.849   0.527  g   0.023  -0.062   0.015[0m
[1;32muart:~$ [m[8D[J[00:02:01.281,000] [0m<inf> imu: LSM6DSV16X   a  -0.133   9.839   0.916  g  -0.012   0.001  -0.003[0m
[1;32muart:~$ [m[8D[J[1;32muart:~$ [m[8D[J[00:02:01.282,000] [0m<inf> imu: ICM-42688-P  a  -0.166   9.768   0.321  g  -0.001  -0.005   0.000[0m
[1;32muart:~$ [m[8D[J[00:02:01.383,000] [0m<inf> imu: LSM6DS3TR-C  a  -0.315   9.856   0.539  g   0.023  -0.060   0.015[0m
[1;32muart:~$ [m[8D[J[1;32muart:~$ [m[8D[J[00:02:01.384,000] [0m<inf> imu: LSM6DSV16X   a  -0.132   9.839   0.921  g  -0.012   0.002  -0.003[0m
[1;32muart:~$ [m[8D[J[00:02:01.384,000] [0m<inf> imu: ICM-42688-P  a  -0.154   9.755   0.328  g   0.000  -0.005   0.000[0m
[1;32muart:~$ [m[8D[J[1;32muart:~$ [m[8D[J[00:02:01.486,000] [0m<inf> imu: LSM6DS3TR-C  a  -0.374   9.848   0.561  g   0.024  -0.060   0.015[0m
[1;32muart:~$ [m[8D[J[00:02:01.487,000] [0m<inf> imu: LSM6DSV16X   a  -0.139   9.846   0.928  g  -0.012   0.001  -0.002[0m
[1;32muart:~$ [m[8D[J[1;32muart:~$ [m[8D[J[00:02:01.487,000] [0m<inf> imu: ICM-42688-P  a  -0.160   9.766   0.318  g  -0.001  -0.005   0.001[0m
[1;32muart:~$ [m[8D[J[00:02:01.589,000] [0m<inf> imu: LSM6DS3TR-C  a  -0.389   9.845   0.553  g   0.022  -0.061   0.015[0m
[1;32muart:~$ [m[8D[J[1;32muart:~$ [m[8D[J[00:02:01.589,000] [0m<inf> imu: LSM6DSV16X   a  -0.122   9.821   0.922  g  -0.013   0.002  -0.002[0m
[1;32muart:~$ [m[8D[J[00:02:01.590,000] [0m<inf> imu: ICM-42688-P  a  -0.165   9.748   0.311  g  -0.000  -0.005   0.001[0m
[1;32muart:~$ [m[8D[J[1;32muart:~$ [m[8D[J[00:02:01.691,000] [0m<inf> imu: LSM6DS3TR-C  a  -0.364   9.857   0.541  g   0.022  -0.061   0.015[0m
[1;32muart:~$ [m[8D[J[00:02:01.692,000] [0m<inf> imu: LSM6DSV16X   a  -0.136   9.834   0.916  g  -0.012   0.002  -0.003[0m
[1;32muart:~$ [m[8D[J[1;32muart:~$ [m[8D[J[00:02:01.692,000] [0m<inf> imu: ICM-42688-P  a  -0.158   9.756   0.299  g  -0.000  -0.005   0.000[0m
[1;32muart:~$ [m[8D[J[00:02:01.793,000] [0m<inf> imu: LSM6DS3TR-C  a  -0.360   9.878   0.511  g   0.022  -0.061   0.014[0m
[1;32muart:~$ [m[8D[J[00:02:01.794,000] [0m<inf> imu: LSM6DSV16X   a  -0.134   9.832   0.927  g  -0.012   0.002  -0.002[0m
[1;32muart:~$ [m[8D[J[1;32muart:~$ [m[8D[J[00:02:01.794,000] [0m<inf> imu: ICM-42688-P  a  -0.168   9.743   0.322  g   0.000  -0.005   0.000[0m
[1;32muart:~$ [m[8D[J[00:02:01.896,000] [0m<inf> imu: LSM6DS3TR-C  a  -0.357   9.852   0.553  g   0.022  -0.061   0.016[0m
[1;32muart:~$ [m[8D[J[1;32muart:~$ [m[8D[J[00:02:01.897,000] [0m<inf> imu: LSM6DSV16X   a  -0.132   9.837   0.943  g  -0.011   0.002  -0.003[0m
[1;32muart:~$ [m[8D[J[00:02:01.898,000] [0m<inf> imu: ICM-42688-P  a  -0.162   9.761   0.304  g  -0.000  -0.005   0.000[0m
[1;32muart:~$ [m[8D[J[00:02:01.999,000] [0m<inf> imu: LSM6DS3TR-C  a  -0.404   9.843   0.545  g   0.023  -0.059   0.016[0m
[1;32muart:~$ [m[8D[J[1;32muart:~$ [m[8D[J[00:02:02.000,000] [0m<inf> imu: LSM6DSV16X   a  -0.137   9.841   0.928  g  -0.011   0.002  -0.003[0m
[1;32muart:~$ [m[8D[J[00:02:02.000,000] [0m<inf> imu: ICM-42688-P  a  -0.168   9.765   0.330  g   0.001  -0.005   0.000[0m
[1;32muart:~$ [m[8D[J[00:02:02.101,000] [0m<inf> imu: LSM6DS3TR-C  a  -0.379   9.833   0.571  g   0.023  -0.063   0.015[0m
[1;32muart:~$ [m[8D[J[00:02:02.102,000] [0m<inf> imu: LSM6DSV16X   a  -0.124   9.832   0.919  g  -0.013   0.002  -0.003[0m
[1;32muart:~$ [m[8D[J[1;32muart:~$ [m[8D[J[00:02:02.103,000] [0m<inf> imu: ICM-42688-P  a  -0.150   9.754   0.299  g  -0.001  -0.005   0.000[0m
[1;32muart:~$ [m[8D[J[1;32muart:~$ [m[8D[J[00:02:02.204,000] [0m<inf> imu: LSM6DS3TR-C  a  -0.395   9.842   0.572  g   0.021  -0.061   0.013[0m
[1;32muart:~$ [m[8D[J[00:02:02.204,000] [0m<inf> imu: LSM6DSV16X   a  -0.141   9.837   0.928  g  -0.012   0.001  -0.003[0m
[1;32muart:~$ [m[8D[J[1;32muart:~$ [m[8D[J[00:02:02.205,000] [0m<inf> imu: ICM-42688-P  a  -0.163   9.767   0.328  g  -0.001  -0.006  -0.000[0m
[1;32muart:~$ [m[8D[J[00:02:02.306,000] [0m<inf> imu: LSM6DS3TR-C  a  -0.354   9.846   0.562  g   0.022  -0.063   0.015[0m
[1;32muart:~$ [m[8D[J[1;32muart:~$ [m[8D[J[00:02:02.307,000] [0m<inf> imu: LSM6DSV16X   a  -0.132   9.834   0.925  g  -0.011   0.001  -0.003[0m
[1;32muart:~$ [m[8D[J[00:02:02.307,000] [0m<inf> imu: ICM-42688-P  a  -0.147   9.779   0.321  g  -0.000  -0.005   0.000[0m
[1;32muart:~$ [m[8D[J[1;32muart:~$ [m[8D[J[00:02:02.408,000] [0m<inf> imu: LSM6DS3TR-C  a  -0.364   9.827   0.575  g   0.022  -0.060   0.016[0m
[1;32muart:~$ [m[8D[J[00:02:02.409,000] [0m<inf> imu: LSM6DSV16X   a  -0.144   9.839   0.929  g  -0.011   0.002  -0.003[0m
[1;32muart:~$ [m[8D[J[1;32muart:~$ [m[8D[J[00:02:02.409,000] [0m<inf> imu: ICM-42688-P  a  -0.170   9.770   0.330  g  -0.001  -0.006  -0.000[0m
[1;32muart:~$ [m[8D[J[00:02:02.510,000] [0m<inf> imu: LSM6DS3TR-C  a  -0.352   9.809   0.541  g   0.021  -0.060   0.015[0m
[1;32muart:~$ [m[8D[J[00:02:02.511,000] [0m<inf> imu: LSM6DSV16X   a  -0.132   9.842   0.931  g  -0.012   0.001  -0.003[0m
[1;32muart:~$ [m[8D[J[1;32muart:~$ [m[8D[J[00:02:02.512,000] [0m<inf> imu: ICM-42688-P  a  -0.163   9.758   0.316  g  -0.001  -0.005   0.000[0m
[1;32muart:~$ [m[8D[J[00:02:02.613,000] [0m<inf> imu: LSM6DS3TR-C  a  -0.315   9.836   0.532  g   0.024  -0.060   0.013[0m
[1;32muart:~$ [m[8D[J[1;32muart:~$ [m[8D[J[00:02:02.614,000] [0m<inf> imu: LSM6DSV16X   a  -0.132   9.836   0.917  g  -0.011   0.002  -0.003[0m
[1;32muart:~$ [m[8D[J[00:02:02.615,000] [0m<inf> imu: ICM-42688-P  a  -0.164   9.767   0.323  g   0.000  -0.005   0.001[0m
[1;32muart:~$ [m[8D[J[00:02:02.716,000] [0m<inf> imu: LSM6DS3TR-C  a  -0.390   9.864   0.534  g   0.020  -0.060   0.012[0m
[1;32muart:~$ [m[8D[J[1;32muart:~$ [m[8D[J[00:02:02.717,000] [0m<inf> imu: LSM6DSV16X   a  -0.129   9.842   0.943  g  -0.012   0.002  -0.003[0m
[1;32muart:~$ [m[8D[J[00:02:02.717,000] [0m<inf> imu: ICM-42688-P  a  -0.156   9.748   0.303  g  -0.001  -0.005   0.000[0m
[1;32muart:~$ [m[8D[J[00:02:02.818,000] [0m<inf> imu: LSM6DS3TR-C  a  -0.364   9.822   0.568  g   0.023  -0.062   0.015[0m
[1;32muart:~$ [m[8D[J[00:02:02.819,000] [0m<inf> imu: LSM6DSV16X   a  -0.126   9.824   0.924  g  -0.011   0.002  -0.003[0m
[1;32muart:~$ [m[8D[J[1;32muart:~$ [m[8D[J[00:02:02.819,000] [0m<inf> imu: ICM-42688-P  a  -0.158   9.765   0.298  g   0.000  -0.005   0.000[0m
[1;32muart:~$ [m[8D[J[1;32muart:~$ [m[8D[J[00:02:02.920,000] [0m<inf> imu: LSM6DS3TR-C  a  -0.334   9.881   0.558  g   0.022  -0.060   0.016[0m
[1;32muart:~$ [m[8D[J[00:02:02.921,000] [0m<inf> imu: LSM6DSV16X   a  -0.138   9.855   0.921  g  -0.011   0.003  -0.002[0m
[1;32muart:~$ [m[8D[J[1;32muart:~$ [m[8D[J[00:02:02.922,000] [0m<inf> imu: ICM-42688-P  a  -0.171   9.768   0.341  g   0.000  -0.005  -0.000[0m
[1;32muart:~$ [m[8D[J[00:02:03.023,000] [0m<inf> imu: LSM6DS3TR-C  a  -0.377   9.867   0.577  g   0.023  -0.062   0.015[0m
[1;32muart:~$ [m[8D[J[1;32muart:~$ [m[8D[J[00:02:03.023,000] [0m<inf> imu: LSM6DSV16X   a  -0.136   9.839   0.933  g  -0.011   0.002  -0.003[0m
[1;32muart:~$ [m[8D[J[00:02:03.024,000] [0m<inf> imu: ICM-42688-P  a  -0.148   9.753   0.316  g   0.000  -0.005  -0.000[0m
[1;32muart:~$ [m[8D[J[1;32muart:~$ [m[8D[J[00:02:03.125,000] [0m<inf> imu: LSM6DS3TR-C  a  -0.348   9.844   0.557  g   0.025  -0.061   0.015[0m
[1;32muart:~$ [m[8D[J[00:02:03.126,000] [0m<inf> imu: LSM6DSV16X   a  -0.125   9.837   0.930  g  -0.012   0.001  -0.003[0m
[1;32muart:~$ [m[8D[J[1;32muart:~$ [m[8D[J[00:02:03.126,000] [0m<inf> imu: ICM-42688-P  a  -0.154   9.765   0.324  g  -0.000  -0.005   0.001[0m
[1;32muart:~$ [m[8D[J[00:02:03.227,000] [0m<inf> imu: LSM6DS3TR-C  a  -0.366   9.832   0.592  g   0.024  -0.060   0.014[0m
[1;32muart:~$ [m[8D[J[00:02:03.228,000] [0m<inf> imu: LSM6DSV16X   a  -0.129   9.842   0.931  g  -0.011   0.002  -0.003[0m
[1;32muart:~$ [m[8D[J[1;32muart:~$ [m[8D[J[00:02:03.229,000] [0m<inf> imu: ICM-42688-P  a  -0.168   9.761   0.321  g   0.000  -0.005   0.001[0m
[1;32muart:~$ [m[8D[J[00:02:03.330,000] [0m<inf> imu: LSM6DS3TR-C  a  -0.349   9.839   0.583  g   0.022  -0.060   0.014[0m
[1;32muart:~$ [m[8D[J[1;32muart:~$ [m[8D[J[00:02:03.331,000] [0m<inf> imu: LSM6DSV16X   a  -0.131   9.837   0.931  g  -0.011   0.002  -0.003[0m
[1;32muart:~$ [m[8D[J[00:02:03.332,000] [0m<inf> imu: ICM-42688-P  a  -0.159   9.752   0.321  g   0.000  -0.005   0.000[0m
[1;32muart:~$ [m[8D[J[00:02:03.433,000] [0m<inf> imu: LSM6DS3TR-C  a  -0.386   9.829   0.515  g   0.022  -0.060   0.015[0m
[1;32muart:~$ [m[8D[J[1;32muart:~$ [m[8D[J[00:02:03.433,000] [0m<inf> imu: LSM6DSV16X   a  -0.136   9.837   0.916  g  -0.012   0.002  -0.003[0m
[1;32muart:~$ [m[8D[J[00:02:03.434,000] [0m<inf> imu: ICM-42688-P  a  -0.171   9.755   0.312  g  -0.000  -0.005   0.000[0m
[1;32muart:~$ [m[8D[J[00:02:03.535,000] [0m<inf> imu: LSM6DS3TR-C  a  -0.379   9.852   0.555  g   0.023  -0.060   0.013[0m
[1;32muart:~$ [m[8D[J[00:02:03.536,000] [0m<inf> imu: LSM6DSV16X   a  -0.132   9.830   0.931  g  -0.011   0.002  -0.003[0m
[1;32muart:~$ [m[8D[J[1;32muart:~$ [m[8D[J[00:02:03.536,000] [0m<inf> imu: ICM-42688-P  a  -0.168   9.753   0.315  g  -0.001  -0.005   0.000[0m
[1;32muart:~$ [m[8D[J[1;32muart:~$ [m[8D[J[00:02:03.637,000] [0m<inf> imu: LSM6DS3TR-C  a  -0.377   9.824   0.575  g   0.023  -0.059   0.015[0m
[1;32muart:~$ [m[8D[J[00:02:03.638,000] [0m<inf> imu: LSM6DSV16X   a  -0.135   9.836   0.921  g  -0.012   0.001  -0.003[0m
[1;32muart:~$ [m[8D[J[1;32muart:~$ [m[8D[J[00:02:03.639,000] [0m<inf> imu: ICM-42688-P  a  -0.166   9.761   0.320  g   0.000  -0.005   0.001[0m
[1;32muart:~$ [m[8D[J[00:02:03.740,000] [0m<inf> imu: LSM6DS3TR-C  a  -0.351   9.855   0.551  g   0.023  -0.060   0.016[0m
[1;32muart:~$ [m[8D[J[1;32muart:~$ [m[8D[J[00:02:03.740,000] [0m<inf> imu: LSM6DSV16X   a  -0.134   9.832   0.926  g  -0.012   0.002  -0.003[0m
[1;32muart:~$ [m[8D[J[00:02:03.741,000] [0m<inf> imu: ICM-42688-P  a  -0.154   9.747   0.310  g   0.000  -0.005   0.001[0m
[1;32muart:~$ [m[8D[J[1;32muart:~$ [m[8D[J[00:02:03.842,000] [0m<inf> imu: LSM6DS3TR-C  a  -0.345   9.840   0.515  g   0.023  -0.060   0.015[0m
[1;32muart:~$ [m[8D[J[00:02:03.843,000] [0m<inf> imu: LSM6DSV16X   a  -0.134   9.863   0.924  g  -0.012   0.001  -0.003[0m
[1;32muart:~$ [m[8D[J[1;32muart:~$ [m[8D[J[00:02:03.843,000] [0m<inf> imu: ICM-42688-P  a  -0.170   9.773   0.316  g  -0.001  -0.005   0.001[0m
[1;32muart:~$ [m[8D[J[00:02:03.944,000] [0m<inf> imu: LSM6DS3TR-C  a  -0.325   9.822   0.547  g   0.023  -0.059   0.014[0m
[1;32muart:~$ [m[8D[J[00:02:03.945,000] [0m<inf> imu: LSM6DSV16X   a  -0.132   9.830   0.916  g  -0.011   0.003  -0.003[0m
[1;32muart:~$ [m[8D[J[1;32muart:~$ [m[8D[J[00:02:03.946,000] [0m<inf> imu: ICM-42688-P  a  -0.159   9.738   0.311  g   0.000  -0.005  -0.000[0m
[1;32muart:~$ [m[8D[J[00:02:04.047,000] [0m<inf> imu: LSM6DS3TR-C  a  -0.366   9.857   0.561  g   0.022  -0.062   0.014[0m
[1;32muart:~$ [m[8D[J[1;32muart:~$ [m[8D[J[00:02:04.048,000] [0m<inf> imu: LSM6DSV16X   a  -0.134   9.842   0.922  g  -0.012   0.002  -0.002[0m
[1;32muart:~$ [m[8D[J[00:02:04.049,000] [0m<inf> imu: ICM-42688-P  a  -0.162   9.765   0.327  g   0.001  -0.005   0.001[0m
[1;32muart:~$ [m[8D[J[00:02:04.150,000] [0m<inf> imu: LSM6DS3TR-C  a  -0.343   9.857   0.583  g   0.022  -0.058   0.017[0m
[1;32muart:~$ [m[8D[J[1;32muart:~$ [m[8D[J[00:02:04.151,000] [0m<inf> imu: LSM6DSV16X   a  -0.124   9.832   0.926  g  -0.011   0.002  -0.003[0m
[1;32muart:~$ [m[8D[J[00:02:04.151,000] [0m<inf> imu: ICM-42688-P  a  -0.157   9.748   0.311  g   0.000  -0.005   0.000[0m
[1;32muart:~$ [m[8D[J[1;32muart:~$ [m[8D[J[00:02:04.253,000] [0m<inf> imu: LSM6DS3TR-C  a  -0.398   9.830   0.540  g   0.023  -0.060   0.015[0m
[1;32muart:~$ [m[8D[J[00:02:04.255,000] [0m<inf> imu: LSM6DSV16X   a  -0.129   9.825   0.924  g  -0.012   0.001  -0.003[0m
[1;32muart:~$ [m[8D[J[1;32muart:~$ [m[8D[J[00:02:04.256,000] [0m<inf> imu: ICM-42688-P  a  -0.162   9.734   0.316  g  -0.000  -0.005   0.000[0m
[1;32muart:~$ [m[8D[J[00:02:04.357,000] [0m<inf> imu: LSM6DS3TR-C  a  -0.379   9.867   0.561  g   0.025  -0.059   0.014[0m
[1;32muart:~$ [m[8D[J[1;32muart:~$ [m[8D[J[00:02:04.357,000] [0m<inf> imu: LSM6DSV16X   a  -0.130   9.845   0.927  g  -0.012   0.002  -0.003[0m
[1;32muart:~$ [m[8D[J[00:02:04.358,000] [0m<inf> imu: ICM-42688-P  a  -0.154   9.767   0.315  g   0.000  -0.004   0.000[0m
[1;32muart:~$ [m[8D[J[1;32muart:~$ [m[8D[J[00:02:04.459,000] [0m<inf> imu: LSM6DS3TR-C  a  -0.362   9.836   0.535  g   0.022  -0.061   0.014[0m
[1;32muart:~$ [m[8D[J[00:02:04.460,000] [0m<inf> imu: LSM6DSV16X   a  -0.134   9.827   0.929  g  -0.011   0.003  -0.003[0m
[1;32muart:~$ [m[8D[J[1;32muart:~$ [m[8D[J[00:02:04.460,000] [0m<inf> imu: ICM-42688-P  a  -0.154   9.749   0.323  g   0.000  -0.006   0.001[0m
[1;32muart:~$ [m[8D[J[00:02:04.561,000] [0m<inf> imu: LSM6DS3TR-C  a  -0.327   9.879   0.547  g   0.023  -0.060   0.014[0m
[1;32muart:~$ [m[8D[J[00:02:04.562,000] [0m<inf> imu: LSM6DSV16X   a  -0.129   9.842   0.914  g  -0.011   0.002  -0.003[0m
[1;32muart:~$ [m[8D[J[1;32muart:~$ [m[8D[J[00:02:04.562,000] [0m<inf> imu: ICM-42688-P  a  -0.154   9.771   0.298  g  -0.000  -0.005   0.000[0m
[1;32muart:~$ [m[8D[J[00:02:04.664,000] [0m<inf> imu: LSM6DS3TR-C  a  -0.379   9.881   0.554  g   0.022  -0.062   0.014[0m
[1;32muart:~$ [m[8D[J[00:02:04.666,000] [0m<inf> imu: LSM6DSV16X   a  -0.136   9.832   0.919  g  -0.011   0.003  -0.003[0m
[1;32muart:~$ [m[8D[J[1;32muart:~$ [m[8D[J[00:02:04.666,000] [0m<inf> imu: ICM-42688-P  a  -0.169   9.756   0.320  g   0.000  -0.005   0.000[0m
[1;32muart:~$ [m[8D[J[00:02:04.767,000] [0m<inf> imu: LSM6DS3TR-C  a  -0.366   9.875   0.572  g   0.023  -0.060   0.017[0m
[1;32muart:~$ [m[8D[J[1;32muart:~$ [m[8D[J[00:02:04.768,000] [0m<inf> imu: LSM6DSV16X   a  -0.135   9.842   0.927  g  -0.011   0.002  -0.003[0m
[1;32muart:~$ [m[8D[J[00:02:04.769,000] [0m<inf> imu: ICM-42688-P  a  -0.171   9.765   0.324  g  -0.000  -0.005   0.000[0m
[1;32muart:~$ [m[8D[J[1;32muart:~$ [m[8D[J[00:02:04.870,000] [0m<inf> imu: LSM6DS3TR-C  a  -0.337   9.836   0.551  g   0.021  -0.060   0.016[0m
[1;32muart:~$ [m[8D[J[00:02:04.871,000] [0m<inf> imu: LSM6DSV16X   a  -0.125   9.825   0.924  g  -0.011   0.002  -0.003[0m
[1;32muart:~$ [m[8D[J[1;32muart:~$ [m[8D[J[00:02:04.872,000] [0m<inf> imu: ICM-42688-P  a  -0.166   9.759   0.339  g   0.000  -0.006   0.000[0m
[1;32muart:~$ [m[8D[J[00:02:04.973,000] [0m<inf> imu: LSM6DS3TR-C  a  -0.393   9.852   0.571  g   0.022  -0.060   0.015[0m
[1;32muart:~$ [m[8D[J[1;32muart:~$ [m[8D[J[00:02:04.974,000] [0m<inf> imu: LSM6DSV16X   a  -0.141   9.844   0.928  g  -0.011   0.003  -0.003[0m
[1;32muart:~$ [m[8D[J[00:02:04.975,000] [0m<inf> imu: ICM-42688-P  a  -0.176   9.776   0.304  g   0.000  -0.005   0.001[0m
[1;32muart:~$ [m[8D[J[00:02:05.076,000] [0m<inf> imu: LSM6DS3TR-C  a  -0.358   9.830   0.552  g   0.023  -0.060   0.015[0m
[1;32muart:~$ [m[8D[J[00:02:05.076,000] [0m<inf> imu: LSM6DSV16X   a  -0.129   9.822   0.921  g  -0.012   0.002  -0.003[0m
[1;32muart:~$ [m[8D[J[00:02:05.077,000] [0m<inf> imu: ICM-42688-P  a  -0.164   9.748   0.309  g   0.000  -0.006   0.000[0m
[1;32muart:~$ [m[8D[J[1;32muart:~$ [m[8D[J[00:02:05.178,000] [0m<inf> imu: LSM6DS3TR-C  a  -0.340   9.860   0.554  g   0.022  -0.060   0.015[0m
[1;32muart:~$ [m[8D[J[00:02:05.179,000] [0m<inf> imu: LSM6DSV16X   a  -0.132   9.837   0.915  g  -0.011   0.002  -0.003[0m
[1;32muart:~$ [m[8D[J[1;32muart:~$ [m[8D[J[00:02:05.179,000] [0m<inf> imu: ICM-42688-P  a  -0.166   9.767   0.324  g   0.000  -0.004   0.000[0m
[1;32muart:~$ [m[8D[J[00:02:05.280,000] [0m<inf> imu: LSM6DS3TR-C  a  -0.371   9.862   0.547  g   0.024  -0.060   0.013[0m
[1;32muart:~$ [m[8D[J[00:02:05.281,000] [0m<inf> imu: LSM6DSV16X   a  -0.130   9.827   0.934  g  -0.012   0.002  -0.003[0m
[1;32muart:~$ [m[8D[J[1;32muart:~$ [m[8D[J[00:02:05.281,000] [0m<inf> imu: ICM-42688-P  a  -0.163   9.756   0.317  g   0.000  -0.005   0.001[0m
[1;32muart:~$ [m[8D[J[00:02:05.383,000] [0m<inf> imu: LSM6DS3TR-C  a  -0.340   9.836   0.574  g   0.024  -0.061   0.015[0m
[1;32muart:~$ [m[8D[J[1;32muart:~$ [m[8D[J[00:02:05.383,000] [0m<inf> imu: LSM6DSV16X   a  -0.136   9.849   0.938  g  -0.012   0.002  -0.003[0m
[1;32muart:~$ [m[8D[J[00:02:05.384,000] [0m<inf> imu: ICM-42688-P  a  -0.160   9.755   0.338  g   0.000  -0.005  -0.000[0m
[1;32muart:~$ [m[8D[J[1;32muart:~$ [m[8D[J[00:02:05.486,000] [0m<inf> imu: LSM6DS3TR-C  a  -0.343   9.881   0.568  g   0.024  -0.062   0.015[0m
[1;32muart:~$ [m[8D[J[00:02:05.487,000] [0m<inf> imu: LSM6DSV16X   a  -0.130   9.832   0.923  g  -0.012   0.002  -0.002[0m
[1;32muart:~$ [m[8D[J[1;32muart:~$ [m[8D[J[00:02:05.488,000] [0m<inf> imu: ICM-42688-P  a  -0.168   9.765   0.316  g  -0.000  -0.005   0.001[0m
[1;32muart:~$ [m[8D[J[00:02:05.589,000] [0m<inf> imu: LSM6DS3TR-C  a  -0.387   9.858   0.562  g   0.023  -0.060   0.015[0m
[1;32muart:~$ [m[8D[J[1;32muart:~$ [m[8D[J[00:02:05.590,000] [0m<inf> imu: LSM6DSV16X   a  -0.122   9.827   0.916  g  -0.012   0.003  -0.002[0m
[1;32muart:~$ [m[8D[J[00:02:05.590,000] [0m<inf> imu: ICM-42688-P  a  -0.165   9.752   0.306  g   0.000  -0.005   0.000[0m
[1;32muart:~$ [m[8D[J[1;32muart:~$ [m[8D[J[00:02:05.691,000] [0m<inf> imu: LSM6DS3TR-C  a  -0.355   9.840   0.580  g   0.023  -0.061   0.015[0m
[1;32muart:~$ [m[8D[J[00:02:05.692,000] [0m<inf> imu: LSM6DSV16X   a  -0.124   9.836   0.928  g  -0.011   0.002  -0.002[0m
[1;32muart:~$ [m[8D[J[1;32muart:~$ [m[8D[J[00:02:05.692,000] [0m<inf> imu: ICM-42688-P  a  -0.154   9.765   0.329  g  -0.001  -0.005   0.000[0m
[1;32muart:~$ [m[8D[J[00:02:05.793,000] [0m<inf> imu: LSM6DS3TR-C  a  -0.342   9.834   0.554  g   0.023  -0.061   0.013[0m
[1;32muart:~$ [m[8D[J[00:02:05.794,000] [0m<inf> imu: LSM6DSV16X   a  -0.133   9.836   0.938  g  -0.011   0.002  -0.003[0m
[1;32muart:~$ [m[8D[J[1;32muart:~$ [m[8D[J[00:02:05.795,000] [0m<inf> imu: ICM-42688-P  a  -0.153   9.759   0.329  g   0.000  -0.005   0.001[0m
[1;32muart:~$ [m[8D[J[00:02:05.896,000] [0m<inf> imu: LSM6DS3TR-C  a  -0.367   9.863   0.549  g   0.021  -0.061   0.015[0m
[1;32muart:~$ [m[8D[J[1;32muart:~$ [m[8D[J[00:02:05.897,000] [0m<inf> imu: LSM6DSV16X   a  -0.137   9.841   0.924  g  -0.011   0.002  -0.003[0m
[1;32muart:~$ [m[8D[J[00:02:05.898,000] [0m<inf> imu: ICM-42688-P  a  -0.165   9.774   0.334  g   0.000  -0.005   0.000[0m
[1;32muart:~$ [m[8D[J[00:02:05.999,000] [0m<inf> imu: LSM6DS3TR-C  a  -0.388   9.833   0.560  g   0.023  -0.061   0.013[0m
[1;32muart:~$ [m[8D[J[1;32muart:~$ [m[8D[J[00:02:06.000,000] [0m<inf> imu: LSM6DSV16X   a  -0.129   9.825   0.909  g  -0.012   0.002  -0.003[0m
[1;32muart:~$ [m[8D[J[00:02:06.000,000] [0m<inf> imu: ICM-42688-P  a  -0.160   9.744   0.311  g  -0.001  -0.005  -0.000[0m
[1;32muart:~$ [m[8D[J[00:02:06.101,000] [0m<inf> imu: LSM6DS3TR-C  a  -0.366   9.823   0.574  g   0.024  -0.060   0.013[0m
[1;32muart:~$ [m[8D[J[00:02:06.102,000] [0m<inf> imu: LSM6DSV16X   a  -0.129   9.827   0.924  g  -0.012   0.003  -0.003[0m
[1;32muart:~$ [m[8D[J[1;32muart:~$ [m[8D[J[00:02:06.102,000] [0m<inf> imu: ICM-42688-P  a  -0.163   9.752   0.323  g   0.000  -0.004   0.000[0m
[1;32muart:~$ [m[8D[J[1;32muart:~$ [m[8D[J[00:02:06.203,000] [0m<inf> imu: LSM6DS3TR-C  a  -0.363   9.864   0.558  g   0.023  -0.062   0.015[0m
[1;32muart:~$ [m[8D[J[00:02:06.204,000] [0m<inf> imu: LSM6DSV16X   a  -0.137   9.853   0.940  g  -0.011   0.002  -0.003[0m
[1;32muart:~$ [m[8D[J[1;32muart:~$ [m[8D[J[00:02:06.205,000] [0m<inf> imu: ICM-42688-P  a  -0.160   9.777   0.330  g   0.000  -0.006   0.001[0m
[1;32muart:~$ [m[8D[J[00:02:06.306,000] [0m<inf> imu: LSM6DS3TR-C  a  -0.360   9.827   0.554  g   0.024  -0.061   0.015[0m
[1;32muart:~$ [m[8D[J[1;32muart:~$ [m[8D[J[00:02:06.306,000] [0m<inf> imu: LSM6DSV16X   a  -0.138   9.826   0.922  g  -0.012   0.003  -0.003[0m
[1;32muart:~$ [m[8D[J[00:02:06.307,000] [0m<inf> imu: ICM-42688-P  a  -0.156   9.754   0.315  g   0.000  -0.005   0.000[0m
[1;32muart:~$ [m[8D[J[1;32muart:~$ [m[8D[J[00:02:06.408,000] [0m<inf> imu: LSM6DS3TR-C  a  -0.331   9.821   0.564  g   0.022  -0.062   0.014[0m
[1;32muart:~$ [m[8D[J[00:02:06.409,000] [0m<inf> imu: LSM6DSV16X   a  -0.141   9.835   0.927  g  -0.011   0.002  -0.003[0m
[1;32muart:~$ [m[8D[J[1;32muart:~$ [m[8D[J[00:02:06.409,000] [0m<inf> imu: ICM-42688-P  a  -0.166   9.753   0.320  g  -0.001  -0.005   0.001[0m
[1;32muart:~$ [m[8D[J[00:02:06.510,000] [0m<inf> imu: LSM6DS3TR-C  a  -0.352   9.838   0.592  g   0.023  -0.062   0.013[0m
[1;32muart:~$ [m[8D[J[00:02:06.511,000] [0m<inf> imu: LSM6DSV16X   a  -0.126   9.846   0.937  g  -0.013   0.003  -0.002[0m
[1;32muart:~$ [m[8D[J[1;32muart:~$ [m[8D[J[00:02:06.511,000] [0m<inf> imu: ICM-42688-P  a  -0.151   9.765   0.338  g  -0.000  -0.005   0.000[0m
[1;32muart:~$ [m[8D[J[00:02:06.613,000] [0m<inf> imu: LSM6DS3TR-C  a  -0.371   9.809   0.562  g   0.022  -0.060   0.016[0m
[1;32muart:~$ [m[8D[J[1;32muart:~$ [m[8D[J[00:02:06.614,000] [0m<inf> imu: LSM6DSV16X   a  -0.136   9.829   0.924  g  -0.012   0.001  -0.003[0m
[1;32muart:~$ [m[8D[J[00:02:06.615,000] [0m<inf> imu: ICM-42688-P  a  -0.150   9.752   0.326  g  -0.001  -0.005   0.000[0m
[1;32muart:~$ [m[8D[J[00:02:06.716,000] [0m<inf> imu: LSM6DS3TR-C  a  -0.369   9.856   0.531  g   0.023  -0.061   0.014[0m
[1;32muart:~$ [m[8D[J[1;32muart:~$ [m[8D[J[00:02:06.717,000] [0m<inf> imu: LSM6DSV16X   a  -0.138   9.837   0.914  g  -0.012   0.002  -0.002[0m
[1;32muart:~$ [m[8D[J[00:02:06.717,000] [0m<inf> imu: ICM-42688-P  a  -0.156   9.753   0.320  g  -0.001  -0.005   0.000[0m
[1;32muart:~$ [m[8D[J[00:02:06.818,000] [0m<inf> imu: LSM6DS3TR-C  a  -0.368   9.815   0.532  g   0.022  -0.060   0.015[0m
[1;32muart:~$ [m[8D[J[00:02:06.819,000] [0m<inf> imu: LSM6DSV16X   a  -0.138   9.825   0.907  g  -0.011   0.002  -0.003[0m
[1;32muart:~$ [m[8D[J[1;32muart:~$ [m[8D[J[00:02:06.819,000] [0m<inf> imu: ICM-42688-P  a  -0.159   9.736   0.316  g   0.001  -0.006   0.001[0m
[1;32muart:~$ [m[8D[J[1;32muart:~$ [m[8D[J[00:02:06.920,000] [0m<inf> imu: LSM6DS3TR-C  a  -0.348   9.881   0.567  g   0.024  -0.060   0.016[0m
[1;32muart:~$ [m[8D[J[00:02:06.921,000] [0m<inf> imu: LSM6DSV16X   a  -0.124   9.847   0.940  g  -0.012   0.002  -0.003[0m
[1;32muart:~$ [m[8D[J[1;32muart:~$ [m[8D[J[00:02:06.922,000] [0m<inf> imu: ICM-42688-P  a  -0.151   9.753   0.341  g  -0.001  -0.005   0.000[0m
[1;32muart:~$ [m[8D[J[00:02:07.023,000] [0m<inf> imu: LSM6DS3TR-C  a  -0.362   9.846   0.575  g   0.022  -0.060   0.015[0m
[1;32muart:~$ [m[8D[J[1;32muart:~$ [m[8D[J[00:02:07.023,000] [0m<inf> imu: LSM6DSV16X   a  -0.136   9.842   0.936  g  -0.012   0.002  -0.003[0m
[1;32muart:~$ [m[8D[J[00:02:07.024,000] [0m<inf> imu: ICM-42688-P  a  -0.166   9.776   0.320  g  -0.001  -0.005   0.001[0m
[1;32muart:~$ [m[8D[J[1;32muart:~$ [m[8D[J[00:02:07.125,000] [0m<inf> imu: LSM6DS3TR-C  a  -0.361   9.830   0.550  g   0.024  -0.059   0.015[0m
[1;32muart:~$ [m[8D[J[00:02:07.126,000] [0m<inf> imu: LSM6DSV16X   a  -0.132   9.823   0.916  g  -0.012   0.002  -0.003[0m
[1;32muart:~$ [m[8D[J[1;32muart:~$ [m[8D[J[00:02:07.126,000] [0m<inf> imu: ICM-42688-P  a  -0.160   9.749   0.316  g   0.000  -0.005   0.001[0m
[1;32muart:~$ [m[8D[J[00:02:07.227,000] [0m<inf> imu: LSM6DS3TR-C  a  -0.376   9.840   0.552  g   0.023  -0.063   0.015[0m
[1;32muart:~$ [m[8D[J[00:02:07.228,000] [0m<inf> imu: LSM6DSV16X   a  -0.129   9.842   0.922  g  -0.012   0.002  -0.003[0m
[1;32muart:~$ [m[8D[J[1;32muart:~$ [m[8D[J[00:02:07.229,000] [0m<inf> imu: ICM-42688-P  a  -0.156   9.749   0.329  g   0.000  -0.005   0.001[0m
[1;32muart:~$ [m[8D[J[00:02:07.330,000] [0m<inf> imu: LSM6DS3TR-C  a  -0.333   9.826   0.546  g   0.022  -0.060   0.016[0m
[1;32muart:~$ [m[8D[J[1;32muart:~$ [m[8D[J[00:02:07.331,000] [0m<inf> imu: LSM6DSV16X   a  -0.138   9.832   0.936  g  -0.011   0.002  -0.002[0m
[1;32muart:~$ [m[8D[J[00:02:07.332,000] [0m<inf> imu: ICM-42688-P  a  -0.163   9.752   0.329  g  -0.001  -0.005   0.000[0m
[1;32muart:~$ [m[8D[J[00:02:07.433,000] [0m<inf> imu: LSM6DS3TR-C  a  -0.344   9.870   0.577  g   0.022  -0.059   0.015[0m
[1;32muart:~$ [m[8D[J[1;32muart:~$ [m[8D[J[00:02:07.434,000] [0m<inf> imu: LSM6DSV16X   a  -0.127   9.854   0.933  g  -0.013   0.002  -0.003[0m
[1;32muart:~$ [m[8D[J[00:02:07.434,000] [0m<inf> imu: ICM-42688-P  a  -0.153   9.714   0.316  g   0.000  -0.005  -0.001[0m
[1;32muart:~$ [m[8D[J[00:02:07.535,000] [0m<inf> imu: LSM6DS3TR-C  a  -0.389   9.895   0.564  g   0.023  -0.061   0.014[0m
[1;32muart:~$ [m[8D[J[00:02:07.536,000] [0m<inf> imu: LSM6DSV16X   a  -0.134   9.877   0.926  g  -0.011   0.002  -0.002[0m
[1;32muart:~$ [m[8D[J[1;32muart:~$ [m[8D[J[00:02:07.537,000] [0m<inf> imu: ICM-42688-P  a  -0.156   9.805   0.329  g   0.000  -0.004  -0.001[0m
[1;32muart:~$ [m[8D[J[1;32muart:~$ [m[8D[J[00:02:07.638,000] [0m<inf> imu: LSM6DS3TR-C  a  -0.333   9.879   0.532  g   0.022  -0.059   0.016[0m
[1;32muart:~$ [m[8D[J[00:02:07.638,000] [0m<inf> imu: LSM6DSV16X   a  -0.129   9.826   0.926  g  -0.011   0.003  -0.003[0m
[1;32muart:~$ [m[8D[J[1;32muart:~$ [m[8D[J[00:02:07.639,000] [0m<inf> imu: ICM-42688-P  a  -0.164   9.741   0.316  g   0.000  -0.005   0.000[0m
[1;32muart:~$ [m[8D[J[00:02:07.740,000] [0m<inf> imu: LSM6DS3TR-C  a  -0.366   9.900   0.542  g   0.022  -0.060   0.015[0m
[1;32muart:~$ [m[8D[J[1;32muart:~$ [m[8D[J[00:02:07.741,000] [0m<inf> imu: LSM6DSV16X   a  -0.132   9.835   0.912  g  -0.011   0.002  -0.003[0m
[1;32muart:~$ [m[8D[J[00:02:07.741,000] [0m<inf> imu: ICM-42688-P  a  -0.163   9.756   0.304  g   0.000  -0.005   0.000[0m
[1;32muart:~$ [m[8D[J[1;32muart:~$ [m[8D[J[00:02:07.842,000] [0m<inf> imu: LSM6DS3TR-C  a  -0.370   9.832   0.605  g   0.022  -0.060   0.015[0m
[1;32muart:~$ [m[8D[J[00:02:07.843,000] [0m<inf> imu: LSM6DSV16X   a  -0.127   9.842   0.931  g  -0.011   0.002  -0.002[0m
[1;32muart:~$ [m[8D[J[1;32muart:~$ [m[8D[J[00:02:07.843,000] [0m<inf> imu: ICM-42688-P  a  -0.159   9.752   0.322  g   0.000  -0.005   0.001[0m
[1;32muart:~$ [m[8D[J[00:02:07.945,000] [0m<inf> imu: LSM6DS3TR-C  a  -0.366   9.824   0.574  g   0.023  -0.060   0.016[0m
[1;32muart:~$ [m[8D[J[00:02:07.945,000] [0m<inf> imu: LSM6DSV16X   a  -0.130   9.830   0.940  g  -0.011   0.002  -0.002[0m
[1;32muart:~$ [m[8D[J[1;32muart:~$ [m[8D[J[00:02:07.946,000] [0m<inf> imu: ICM-42688-P  a  -0.156   9.755   0.327  g   0.000  -0.005   0.001[0m
[1;32muart:~$ [m[8D[J[00:02:08.048,000] [0m<inf> imu: LSM6DS3TR-C  a  -0.347   9.839   0.577  g   0.022  -0.061   0.013[0m
[1;32muart:~$ [m[8D[J[00:02:08.049,000] [0m<inf> imu: LSM6DSV16X   a  -0.129   9.833   0.918  g  -0.012   0.002  -0.003[0m
[1;32muart:~$ [m[8D[J[1;32muart:~$ [m[8D[J[00:02:08.050,000] [0m<inf> imu: ICM-42688-P  a  -0.166   9.753   0.315  g   0.000  -0.005   0.000[0m
[1;32muart:~$ [m[8D[J[00:02:08.151,000] [0m<inf> imu: LSM6DS3TR-C  a  -0.360   9.825   0.558  g   0.023  -0.062   0.015[0m
[1;32muart:~$ [m[8D[J[1;32muart:~$ [m[8D[J[00:02:08.151,000] [0m<inf> imu: LSM6DSV16X   a  -0.132   9.835   0.924  g  -0.011   0.001  -0.002[0m
[1;32muart:~$ [m[8D[J[00:02:08.152,000] [0m<inf> imu: ICM-42688-P  a  -0.163   9.755   0.326  g   0.001  -0.005   0.000[0m
[1;32muart:~$ [m[8D[J[1;32muart:~$ [m[8D[J[00:02:08.254,000] [0m<inf> imu: LSM6DS3TR-C  a  -0.381   9.843   0.583  g   0.023  -0.060   0.014[0m
[1;32muart:~$ [m[8D[J[00:02:08.255,000] [0m<inf> imu: LSM6DSV16X   a  -0.124   9.823   0.928  g  -0.012   0.002  -0.003[0m
[1;32muart:~$ [m[8D[J[1;32muart:~$ [m[8D[J[00:02:08.256,000] [0m<inf> imu: ICM-42688-P  a  -0.164   9.756   0.329  g   0.000  -0.006  -0.000[0m
[1;32muart:~$ [m[8D[J[00:02:08.357,000] [0m<inf> imu: LSM6DS3TR-C  a  -0.366   9.865   0.555  g   0.022  -0.060   0.014[0m
[1;32muart:~$ [m[8D[J[1;32muart:~$ [m[8D[J[00:02:08.358,000] [0m<inf> imu: LSM6DSV16X   a  -0.126   9.849   0.935  g  -0.012   0.001  -0.003[0m
[1;32muart:~$ [m[8D[J[00:02:08.359,000] [0m<inf> imu: ICM-42688-P  a  -0.163   9.761   0.324  g  -0.001  -0.005   0.000[0m
[1;32muart:~$ [m[8D[J[1;32muart:~$ [m[8D[J[00:02:08.460,000] [0m<inf> imu: LSM6DS3TR-C  a  -0.373   9.826   0.532  g   0.021  -0.060   0.013[0m
[1;32muart:~$ [m[8D[J[00:02:08.460,000] [0m<inf> imu: LSM6DSV16X   a  -0.134   9.827   0.925  g  -0.012   0.001  -0.004[0m
[1;32muart:~$ [m[8D[J[1;32muart:~$ [m[8D[J[00:02:08.461,000] [0m<inf> imu: ICM-42688-P  a  -0.159   9.749   0.324  g   0.000  -0.006   0.000[0m
[1;32muart:~$ [m[8D[J[00:02:08.562,000] [0m<inf> imu: LSM6DS3TR-C  a  -0.371   9.883   0.538  g   0.023  -0.062   0.013[0m
[1;32muart:~$ [m[8D[J[00:02:08.563,000] [0m<inf> imu: LSM6DSV16X   a  -0.132   9.849   0.938  g  -0.012   0.002  -0.002[0m
[1;32muart:~$ [m[8D[J[1;32muart:~$ [m[8D[J[00:02:08.563,000] [0m<inf> imu: ICM-42688-P  a  -0.175   9.773   0.324  g  -0.001  -0.005   0.001[0m
[1;32muart:~$ [m[8D[J[00:02:08.665,000] [0m<inf> imu: LSM6DS3TR-C  a  -0.389   9.839   0.601  g   0.022  -0.060   0.017[0m
[1;32muart:~$ [m[8D[J[00:02:08.666,000] [0m<inf> imu: LSM6DSV16X   a  -0.138   9.820   0.926  g  -0.011   0.002  -0.003[0m
[1;32muart:~$ [m[8D[J[1;32muart:~$ [m[8D[J[00:02:08.666,000] [0m<inf> imu: ICM-42688-P  a  -0.159   9.734   0.316  g   0.000  -0.005   0.001[0m
[1;32muart:~$ [m[8D[J[00:02:08.768,000] [0m<inf> imu: LSM6DS3TR-C  a  -0.388   9.862   0.565  g   0.021  -0.060   0.014[0m
[1;32muart:~$ [m[8D[J[1;32muart:~$ [m[8D[J[00:02:08.768,000] [0m<inf> imu: LSM6DSV16X   a  -0.129   9.842   0.928  g  -0.011   0.002  -0.002[0m
[1;32muart:~$ [m[8D[J[00:02:08.769,000] [0m<inf> imu: ICM-42688-P  a  -0.158   9.766   0.323  g  -0.000  -0.006   0.000[0m
[1;32muart:~$ [m[8D[J[00:02:08.870,000] [0m<inf> imu: LSM6DS3TR-C  a  -0.360   9.827   0.543  g   0.024  -0.061   0.016[0m
[1;32muart:~$ [m[8D[J[00:02:08.871,000] [0m<inf> imu: LSM6DSV16X   a  -0.133   9.830   0.926  g  -0.011   0.002  -0.003[0m
[1;32muart:~$ [m[8D[J[1;32muart:~$ [m[8D[J[00:02:08.871,000] [0m<inf> imu: ICM-42688-P  a  -0.171   9.756   0.332  g   0.000  -0.005   0.001[0m
[1;32muart:~$ [m[8D[J[1;32muart:~$ [m[8D[J[00:02:08.972,000] [0m<inf> imu: LSM6DS3TR-C  a  -0.347   9.835   0.590  g   0.023  -0.060   0.015[0m
[1;32muart:~$ [m[8D[J[00:02:08.973,000] [0m<inf> imu: LSM6DSV16X   a  -0.132   9.830   0.931  g  -0.011   0.002  -0.003[0m
[1;32muart:~$ [m[8D[J[1;32muart:~$ [m[8D[J[00:02:08.973,000] [0m<inf> imu: ICM-42688-P  a  -0.175   9.759   0.323  g   0.000  -0.005   0.001[0m
[1;32muart:~$ [m[8D[J[00:02:09.074,000] [0m<inf> imu: LSM6DS3TR-C  a  -0.349   9.833   0.570  g   0.021  -0.059   0.017[0m
[1;32muart:~$ [m[8D[J[1;32muart:~$ [m[8D[J[00:02:09.075,000] [0m<inf> imu: LSM6DSV16X   a  -0.129   9.835   0.935  g  -0.011   0.002  -0.003[0m
[1;32muart:~$ [m[8D[J[00:02:09.076,000] [0m<inf> imu: ICM-42688-P  a  -0.171   9.760   0.344  g   0.000  -0.005   0.000[0m
[1;32muart:~$ [m[8D[J[1;32muart:~$ [m[8D[J[00:02:09.177,000] [0m<inf> imu: LSM6DS3TR-C  a  -0.344   9.860   0.565  g   0.026  -0.062   0.016[0m
[1;32muart:~$ [m[8D[J[00:02:09.177,000] [0m<inf> imu: LSM6DSV16X   a  -0.133   9.839   0.924  g  -0.012   0.001  -0.003[0m
[1;32muart:~$ [m[8D[J[1;32muart:~$ [m[8D[J[00:02:09.178,000] [0m<inf> imu: ICM-42688-P  a  -0.168   9.756   0.308  g  -0.000  -0.005   0.001[0m
[1;32muart:~$ [m[8D[J[00:02:09.279,000] [0m<inf> imu: LSM6DS3TR-C  a  -0.341   9.852   0.555  g   0.023  -0.060   0.016[0m
[1;32muart:~$ [m[8D[J[00:02:09.280,000] [0m<inf> imu: LSM6DSV16X   a  -0.124   9.835   0.933  g  -0.011   0.002  -0.003[0m
[1;32muart:~$ [m[8D[J[1;32muart:~$ [m[8D[J[00:02:09.280,000] [0m<inf> imu: ICM-42688-P  a  -0.164   9.771   0.329  g   0.001  -0.005   0.000[0m
[1;32muart:~$ [m[8D[J[00:02:09.382,000] [0m<inf> imu: LSM6DS3TR-C  a  -0.345   9.858   0.569  g   0.024  -0.060   0.013[0m
[1;32muart:~$ [m[8D[J[1;32muart:~$ [m[8D[J[00:02:09.383,000] [0m<inf> imu: LSM6DSV16X   a  -0.131   9.842   0.933  g  -0.011   0.003  -0.003[0m
[1;32muart:~$ [m[8D[J[00:02:09.384,000] [0m<inf> imu: ICM-42688-P  a  -0.154   9.752   0.329  g  -0.001  -0.005   0.001[0m
[1;32muart:~$ [m[8D[J[00:02:09.485,000] [0m<inf> imu: LSM6DS3TR-C  a  -0.363   9.851   0.562  g   0.020  -0.060   0.014[0m
[1;32muart:~$ [m[8D[J[1;32muart:~$ [m[8D[J[00:02:09.486,000] [0m<inf> imu: LSM6DSV16X   a  -0.136   9.843   0.928  g  -0.012   0.002  -0.003[0m
[1;32muart:~$ [m[8D[J[00:02:09.486,000] [0m<inf> imu: ICM-42688-P  a  -0.164   9.778   0.327  g  -0.000  -0.005   0.001[0m
[1;32muart:~$ [m[8D[J[00:02:09.587,000] [0m<inf> imu: LSM6DS3TR-C  a  -0.383   9.800   0.555  g   0.023  -0.060   0.015[0m
[1;32muart:~$ [m[8D[J[00:02:09.588,000] [0m<inf> imu: LSM6DSV16X   a  -0.136   9.823   0.926  g  -0.011   0.002  -0.002[0m
[1;32muart:~$ [m[8D[J[1;32muart:~$ [m[8D[J[00:02:09.588,000] [0m<inf> imu: ICM-42688-P  a  -0.164   9.752   0.315  g   0.001  -0.004   0.001[0m
[1;32muart:~$ [m[8D[J[1;32muart:~$ [m[8D[J[00:02:09.689,000] [0m<inf> imu: LSM6DS3TR-C  a  -0.356   9.834   0.517  g   0.021  -0.063   0.014[0m
[1;32muart:~$ [m[8D[J[00:02:09.690,000] [0m<inf> imu: LSM6DSV16X   a  -0.136   9.844   0.937  g  -0.011   0.002  -0.003[0m
[1;32muart:~$ [m[8D[J[1;32muart:~$ [m[8D[J[00:02:09.691,000] [0m<inf> imu: ICM-42688-P  a  -0.166   9.765   0.324  g   0.000  -0.005   0.000[0m
[1;32muart:~$ [m[8D[J[00:02:09.792,000] [0m<inf> imu: LSM6DS3TR-C  a  -0.366   9.824   0.556  g   0.023  -0.061   0.015[0m
[1;32muart:~$ [m[8D[J[1;32muart:~$ [m[8D[J[00:02:09.792,000] [0m<inf> imu: LSM6DSV16X   a  -0.131   9.829   0.922  g  -0.011   0.002  -0.003[0m
[1;32muart:~$ [m[8D[J[00:02:09.793,000] [0m<inf> imu: ICM-42688-P  a  -0.169   9.758   0.318  g  -0.001  -0.005   0.000[0m
[1;32muart:~$ [m[8D[J[1;32muart:~$ [m[8D[J[00:02:09.894,000] [0m<inf> imu: LSM6DS3TR-C  a  -0.358   9.828   0.531  g   0.022  -0.061   0.014[0m
[1;32muart:~$ [m[8D[J[00:02:09.895,000] [0m<inf> imu: LSM6DSV16X   a  -0.127   9.844   0.933  g  -0.011   0.003  -0.002[0m
[1;32muart:~$ [m[8D[J[1;32muart:~$ [m[8D[J[00:02:09.895,000] [0m<inf> imu: ICM-42688-P  a  -0.158   9.758   0.316  g  -0.001  -0.005   0.000[0m
[1;32muart:~$ [m[8D[J[00:02:09.996,000] [0m<inf> imu: LSM6DS3TR-C  a  -0.359   9.852   0.531  g   0.024  -0.060   0.016[0m
[1;32muart:~$ [m[8D[J[00:02:09.997,000] [0m<inf> imu: LSM6DSV16X   a  -0.131   9.842   0.921  g  -0.011   0.002  -0.002[0m
[1;32muart:~$ [m[8D[J[00:02:09.998,000] [0m<inf> imu: ICM-42688-P  a  -0.154   9.762   0.330  g   0.000  -0.005   0.000[0m
[1;32muart:~$ [m[8D[J[1;32muart:~$ [m[8D[J[00:02:10.099,000] [0m<inf> imu: LSM6DS3TR-C  a  -0.367   9.845   0.557  g   0.023  -0.061   0.014[0m
[1;32muart:~$ [m[8D[J[00:02:10.100,000] [0m<inf> imu: LSM6DSV16X   a  -0.129   9.827   0.928  g  -0.011   0.002  -0.003[0m
[1;32muart:~$ [m[8D[J[1;32muart:~$ [m[8D[J[00:02:10.100,000] [0m<inf> imu: ICM-42688-P  a  -0.163   9.747   0.321  g   0.000  -0.005   0.000[0m
[1;32muart:~$ [m[8D[J[00:02:10.202,000] [0m<inf> imu: LSM6DS3TR-C  a  -0.365   9.857   0.601  g   0.022  -0.060   0.015[0m
[1;32muart:~$ [m[8D[J[00:02:10.203,000] [0m<inf> imu: LSM6DSV16X   a  -0.134   9.842   0.933  g  -0.013   0.002  -0.002[0m
[1;32muart:~$ [m[8D[J[1;32muart:~$ [m[8D[J[00:02:10.203,000] [0m<inf> imu: ICM-42688-P  a  -0.158   9.761   0.308  g  -0.001  -0.005   0.001[0m
[1;32muart:~$ [m[8D[J[00:02:10.305,000] [0m<inf> imu: LSM6DS3TR-C  a  -0.337   9.852   0.614  g   0.022  -0.060   0.015[0m
[1;32muart:~$ [m[8D[J[00:02:10.306,000] [0m<inf> imu: LSM6DSV16X   a  -0.130   9.835   0.922  g  -0.011   0.002  -0.003[0m
[1;32muart:~$ [m[8D[J[1;32muart:~$ [m[8D[J[00:02:10.307,000] [0m<inf> imu: ICM-42688-P  a  -0.152   9.758   0.324  g   0.000  -0.005   0.000[0m
[1;32muart:~$ [m[8D[J[1;32muart:~$ [m[8D[J[00:02:10.408,000] [0m<inf> imu: LSM6DS3TR-C  a  -0.374   9.864   0.559  g   0.022  -0.062   0.016[0m
[1;32muart:~$ [m[8D[J[00:02:10.408,000] [0m<inf> imu: LSM6DSV16X   a  -0.132   9.837   0.929  g  -0.012   0.002  -0.003[0m
[1;32muart:~$ [m[8D[J[1;32muart:~$ [m[8D[J[00:02:10.409,000] [0m<inf> imu: ICM-42688-P  a  -0.177   9.761   0.317  g  -0.000  -0.005   0.000[0m
[1;32muart:~$ [m[8D[J[00:02:10.510,000] [0m<inf> imu: LSM6DS3TR-C  a  -0.340   9.846   0.534  g   0.023  -0.060   0.016[0m
[1;32muart:~$ [m[8D[J[1;32muart:~$ [m[8D[J[00:02:10.511,000] [0m<inf> imu: LSM6DSV16X   a  -0.134   9.849   0.930  g  -0.011   0.001  -0.003[0m
[1;32muart:~$ [m[8D[J[00:02:10.511,000] [0m<inf> imu: ICM-42688-P  a  -0.154   9.771   0.332  g   0.000  -0.005   0.000[0m
[1;32muart:~$ [m[8D[J[1;32muart:~$ [m[8D[J[00:02:10.612,000] [0m<inf> imu: LSM6DS3TR-C  a  -0.364   9.844   0.586  g   0.024  -0.063   0.016[0m
[1;32muart:~$ [m[8D[J[00:02:10.613,000] [0m<inf> imu: LSM6DSV16X   a  -0.127   9.835   0.938  g  -0.011   0.002  -0.003[0m
[1;32muart:~$ [m[8D[J[1;32muart:~$ [m[8D[J[00:02:10.614,000] [0m<inf> imu: ICM-42688-P  a  -0.154   9.759   0.320  g  -0.001  -0.005  -0.000[0m
[1;32muart:~$ [m[8D[J[00:02:10.715,000] [0m<inf> imu: LSM6DS3TR-C  a  -0.401   9.843   0.601  g   0.023  -0.062   0.015[0m
[1;32muart:~$ [m[8D[J[00:02:10.715,000] [0m<inf> imu: LSM6DSV16X   a  -0.136   9.837   0.925  g  -0.011   0.001  -0.002[0m
[1;32muart:~$ [m[8D[J[1;32muart:~$ [m[8D[J[00:02:10.716,000] [0m<inf> imu: ICM-42688-P  a  -0.168   9.770   0.320  g  -0.001  -0.006   0.000[0m
[1;32muart:~$ [m[8D[J[00:02:10.817,000] [0m<inf> imu: LSM6DS3TR-C  a  -0.370   9.878   0.508  g   0.023  -0.060   0.015[0m
[1;32muart:~$ [m[8D[J[1;32muart:~$ [m[8D[J[00:02:10.818,000] [0m<inf> imu: LSM6DSV16X   a  -0.122   9.846   0.933  g  -0.011   0.002  -0.003[0m
[1;32muart:~$ [m[8D[J[00:02:10.819,000] [0m<inf> imu: ICM-42688-P  a  -0.148   9.754   0.327  g  -0.001  -0.005   0.000[0m
[1;32muart:~$ [m[8D[J[1;32muart:~$ [m[8D[J[00:02:10.920,000] [0m<inf> imu: LSM6DS3TR-C  a  -0.389   9.876   0.586  g   0.022  -0.060   0.013[0m
[1;32muart:~$ [m[8D[J[00:02:10.921,000] [0m<inf> imu: LSM6DSV16X   a  -0.137   9.841   0.938  g  -0.012   0.002  -0.003[0m
[1;32muart:~$ [m[8D[J[00:02:10.921,000] [0m<inf> imu: ICM-42688-P  a  -0.163   9.765   0.330  g  -0.000  -0.005   0.000[0m
[1;32muart:~$ [m[8D[J[1;32muart:~$ [m[8D[J[00:02:11.023,000] [0m<inf> imu: LSM6DS3TR-C  a  -0.358   9.872   0.571  g   0.026  -0.060   0.015[0m
[1;32muart:~$ [m[8D[J[00:02:11.024,000] [0m<inf> imu: LSM6DSV16X   a  -0.133   9.835   0.921  g  -0.012   0.002  -0.003[0m
[1;32muart:~$ [m[8D[J[1;32muart:~$ [m[8D[J[00:02:11.025,000] [0m<inf> imu: ICM-42688-P  a  -0.165   9.754   0.322  g  -0.001  -0.005   0.000[0m
[1;32muart:~$ [m[8D[J[00:02:11.126,000] [0m<inf> imu: LSM6DS3TR-C  a  -0.360   9.839   0.581  g   0.024  -0.061   0.015[0m
[1;32muart:~$ [m[8D[J[1;32muart:~$ [m[8D[J[00:02:11.127,000] [0m<inf> imu: LSM6DSV16X   a  -0.134   9.842   0.925  g  -0.011   0.002  -0.003[0m
[1;32muart:~$ [m[8D[J[00:02:11.127,000] [0m<inf> imu: ICM-42688-P  a  -0.150   9.766   0.317  g   0.001  -0.005  -0.000[0m
[1;32muart:~$ [m[8D[J[1;32muart:~$ [m[8D[J[00:02:11.229,000] [0m<inf> imu: LSM6DS3TR-C  a  -0.336   9.831   0.541  g   0.024  -0.062   0.015[0m
[1;32muart:~$ [m[8D[J[00:02:11.229,000] [0m<inf> imu: LSM6DSV16X   a  -0.134   9.832   0.926  g  -0.011   0.003  -0.003[0m
[1;32muart:~$ [m[8D[J[1;32muart:~$ [m[8D[J[00:02:11.230,000] [0m<inf> imu: ICM-42688-P  a  -0.154   9.749   0.320  g   0.000  -0.005   0.000[0m
[1;32muart:~$ [m[8D[J[00:02:11.331,000] [0m<inf> imu: LSM6DS3TR-C  a  -0.351   9.872   0.571  g   0.022  -0.061   0.017[0m
[1;32muart:~$ [m[8D[J[00:02:11.332,000] [0m<inf> imu: LSM6DSV16X   a  -0.129   9.849   0.931  g  -0.011   0.003  -0.003[0m
[1;32muart:~$ [m[8D[J[1;32muart:~$ [m[8D[J[00:02:11.332,000] [0m<inf> imu: ICM-42688-P  a  -0.154   9.758   0.320  g  -0.001  -0.005   0.000[0m
[1;32muart:~$ [m[8D[J[00:02:11.434,000] [0m<inf> imu: LSM6DS3TR-C  a  -0.342   9.815   0.553  g   0.022  -0.060   0.014[0m
[1;32muart:~$ [m[8D[J[1;32muart:~$ [m[8D[J[00:02:11.435,000] [0m<inf> imu: LSM6DSV16X   a  -0.129   9.835   0.921  g  -0.011   0.002  -0.003[0m
[1;32muart:~$ [m[8D[J[00:02:11.435,000] [0m<inf> imu: ICM-42688-P  a  -0.157   9.752   0.329  g  -0.000  -0.004   0.000[0m
[1;32muart:~$ [m[8D[J[00:02:11.536,000] [0m<inf> imu: LSM6DS3TR-C  a  -0.355   9.817   0.543  g   0.024  -0.061   0.016[0m
[1;32muart:~$ [m[8D[J[1;32muart:~$ [m[8D[J[00:02:11.537,000] [0m<inf> imu: LSM6DSV16X   a  -0.134   9.835   0.921  g  -0.011   0.002  -0.003[0m
[1;32muart:~$ [m[8D[J[00:02:11.538,000] [0m<inf> imu: ICM-42688-P  a  -0.153   9.776   0.330  g   0.000  -0.005   0.001[0m
[1;32muart:~$ [m[8D[J[00:02:11.639,000] [0m<inf> imu: LSM6DS3TR-C  a  -0.380   9.857   0.546  g   0.021  -0.060   0.015[0m
[1;32muart:~$ [m[8D[J[00:02:11.639,000] [0m<inf> imu: LSM6DSV16X   a  -0.141   9.823   0.909  g  -0.011   0.003  -0.003[0m
[1;32muart:~$ [m[8D[J[1;32muart:~$ [m[8D[J[00:02:11.640,000] [0m<inf> imu: ICM-42688-P  a  -0.174   9.737   0.305  g   0.000  -0.005   0.000[0m
[1;32muart:~$ [m[8D[J[1;32muart:~$ [m[8D[J[00:02:11.741,000] [0m<inf> imu: LSM6DS3TR-C  a  -0.336   9.856   0.528  g   0.024  -0.060   0.014[0m
[1;32muart:~$ [m[8D[J[00:02:11.742,000] [0m<inf> imu: LSM6DSV16X   a  -0.115   9.853   0.933  g  -0.012   0.003  -0.002[0m
[1;32muart:~$ [m[8D[J[1;32muart:~$ [m[8D[J[00:02:11.742,000] [0m<inf> imu: ICM-42688-P  a  -0.141   9.777   0.330  g   0.001  -0.005   0.001[0m
[1;32muart:~$ [m[8D[J[00:02:11.843,000] [0m<inf> imu: LSM6DS3TR-C  a  -0.405   9.860   0.550  g   0.023  -0.060   0.014[0m
[1;32muart:~$ [m[8D[J[1;32muart:~$ [m[8D[J[00:02:11.844,000] [0m<inf> imu: LSM6DSV16X   a  -0.151   9.837   0.923  g  -0.011   0.003  -0.003[0m
[1;32muart:~$ [m[8D[J[00:02:11.844,000] [0m<inf> imu: ICM-42688-P  a  -0.176   9.749   0.324  g   0.001  -0.006   0.000[0m
[1;32muart:~$ [m[8D[J[1;32muart:~$ [m[8D[J[00:02:11.946,000] [0m<inf> imu: LSM6DS3TR-C  a  -0.340   9.848   0.565  g   0.023  -0.060   0.015[0m
[1;32muart:~$ [m[8D[J[00:02:11.946,000] [0m<inf> imu: LSM6DSV16X   a  -0.120   9.820   0.924  g  -0.011   0.002  -0.003[0m
[1;32muart:~$ [m[8D[J[1;32muart:~$ [m[8D[J[00:02:11.947,000] [0m<inf> imu: ICM-42688-P  a  -0.160   9.741   0.309  g   0.000  -0.005   0.001[0m
[1;32muart:~$ [m[8D[J[00:02:12.048,000] [0m<inf> imu: LSM6DS3TR-C  a  -0.367   9.830   0.549  g   0.024  -0.060   0.016[0m
[1;32muart:~$ [m[8D[J[00:02:12.049,000] [0m<inf> imu: LSM6DSV16X   a  -0.136   9.851   0.931  g  -0.011   0.003  -0.003[0m
[1;32muart:~$ [m[8D[J[1;32muart:~$ [m[8D[J[00:02:12.049,000] [0m<inf> imu: ICM-42688-P  a  -0.162   9.762   0.317  g  -0.000  -0.005   0.001[0m
[1;32muart:~$ [m[8D[J[00:02:12.150,000] [0m<inf> imu: LSM6DS3TR-C  a  -0.368   9.872   0.522  g   0.023  -0.060   0.015[0m
[1;32muart:~$ [m[8D[J[00:02:12.151,000] [0m<inf> imu: LSM6DSV16X   a  -0.120   9.821   0.928  g  -0.011   0.002  -0.002[0m
[1;32muart:~$ [m[8D[J[00:02:12.152,000] [0m<inf> imu: ICM-42688-P  a  -0.153   9.742   0.324  g   0.000  -0.005   0.001[0m
[1;32muart:~$ [m[8D[J[1;32muart:~$ [m[8D[J[00:02:12.253,000] [0m<inf> imu: LSM6DS3TR-C  a  -0.373   9.851   0.601  g   0.021  -0.061   0.015[0m
[1;32muart:~$ [m[8D[J[00:02:12.254,000] [0m<inf> imu: LSM6DSV16X   a  -0.144   9.851   0.923  g  -0.011   0.001  -0.003[0m
[1;32muart:~$ [m[8D[J[1;32muart:~$ [m[8D[J[00:02:12.254,000] [0m<inf> imu: ICM-42688-P  a  -0.154   9.778   0.327  g  -0.000  -0.005   0.000[0m
[1;32muart:~$ [m[8D[J[00:02:12.356,000] [0m<inf> imu: LSM6DS3TR-C  a  -0.361   9.818   0.546  g   0.021  -0.061   0.014[0m
[1;32muart:~$ [m[8D[J[1;32muart:~$ [m[8D[J[00:02:12.357,000] [0m<inf> imu: LSM6DSV16X   a  -0.122   9.821   0.921  g  -0.011   0.003  -0.003[0m
[1;32muart:~$ [m[8D[J[00:02:12.358,000] [0m<inf> imu: ICM-42688-P  a  -0.160   9.744   0.318  g   0.000  -0.005   0.000[0m
[1;32muart:~$ [m[8D[J[1;32muart:~$ [m[8D[J[00:02:12.459,000] [0m<inf> imu: LSM6DS3TR-C  a  -0.333   9.817   0.552  g   0.023  -0.062   0.014[0m
[1;32muart:~$ [m[8D[J[00:02:12.460,000] [0m<inf> imu: LSM6DSV16X   a  -0.135   9.839   0.929  g  -0.011   0.002  -0.003[0m
[1;32muart:~$ [m[8D[J[1;32muart:~$ [m[8D[J[00:02:12.460,000] [0m<inf> imu: ICM-42688-P  a  -0.159   9.767   0.306  g  -0.000  -0.005   0.001[0m
[1;32muart:~$ [m[8D[J[00:02:12.562,000] [0m<inf> imu: LSM6DS3TR-C  a  -0.339   9.882   0.558  g   0.024  -0.060   0.015[0m
[1;32muart:~$ [m[8D[J[1;32muart:~$ [m[8D[J[00:02:12.562,000] [0m<inf> imu: LSM6DSV16X   a  -0.132   9.851   0.928  g  -0.011   0.002  -0.003[0m
[1;32muart:~$ [m[8D[J[00:02:12.563,000] [0m<inf> imu: ICM-42688-P  a  -0.162   9.760   0.329  g   0.001  -0.006   0.001[0m
[1;32muart:~$ [m[8D[J[1;32muart:~$ [m[8D[J[00:02:12.664,000] [0m<inf> imu: LSM6DS3TR-C  a  -0.342   9.852   0.544  g   0.022  -0.062   0.013[0m
[1;32muart:~$ [m[8D[J[00:02:12.665,000] [0m<inf> imu: LSM6DSV16X   a  -0.124   9.818   0.926  g  -0.012   0.001  -0.003[0m
[1;32muart:~$ [m[8D[J[1;32muart:~$ [m[8D[J[00:02:12.665,000] [0m<inf> imu: ICM-42688-P  a  -0.162   9.738   0.311  g   0.000  -0.005   0.000[0m
[1;32muart:~$ [m[8D[J[00:02:12.766,000] [0m<inf> imu: LSM6DS3TR-C  a  -0.361   9.852   0.557  g   0.021  -0.060   0.013[0m
[1;32muart:~$ [m[8D[J[00:02:12.767,000] [0m<inf> imu: LSM6DSV16X   a  -0.136   9.837   0.922  g  -0.012   0.003  -0.003[0m
[1;32muart:~$ [m[8D[J[1;32muart:~$ [m[8D[J[00:02:12.767,000] [0m<inf> imu: ICM-42688-P  a  -0.166   9.768   0.321  g  -0.000  -0.005   0.000[0m
[1;32muart:~$ [m[8D[J[00:02:12.868,000] [0m<inf> imu: LSM6DS3TR-C  a  -0.336   9.836   0.564  g   0.022  -0.060   0.012[0m
[1;32muart:~$ [m[8D[J[1;32muart:~$ [m[8D[J[00:02:12.870,000] [0m<inf> imu: LSM6DSV16X   a  -0.127   9.827   0.918  g  -0.012   0.002  -0.003[0m
[1;32muart:~$ [m[8D[J[00:02:12.870,000] [0m<inf> imu: ICM-42688-P  a  -0.150   9.744   0.305  g   0.000  -0.006   0.000[0m
[1;32muart:~$ [m[8D[J[00:02:12.972,000] [0m<inf> imu: LSM6DS3TR-C  a  -0.349   9.861   0.541  g   0.022  -0.062   0.015[0m
[1;32muart:~$ [m[8D[J[1;32muart:~$ [m[8D[J[00:02:12.972,000] [0m<inf> imu: LSM6DSV16X   a  -0.124   9.840   0.937  g  -0.012   0.002  -0.003[0m
[1;32muart:~$ [m[8D[J[00:02:12.973,000] [0m<inf> imu: ICM-42688-P  a  -0.162   9.764   0.315  g  -0.000  -0.005   0.000[0m
[1;32muart:~$ [m[8D[J[00:02:13.074,000] [0m<inf> imu: LSM6DS3TR-C  a  -0.339   9.867   0.575  g   0.024  -0.059   0.014[0m
[1;32muart:~$ [m[8D[J[00:02:13.075,000] [0m<inf> imu: LSM6DSV16X   a  -0.132   9.849   0.943  g  -0.011   0.002  -0.003[0m
[1;32muart:~$ [m[8D[J[1;32muart:~$ [m[8D[J[00:02:13.075,000] [0m<inf> imu: ICM-42688-P  a  -0.160   9.773   0.335  g   0.000  -0.005  -0.001[0m
[1;32muart:~$ [m[8D[J[1;32muart:~$ [m[8D[J[00:02:13.176,000] [0m<inf> imu: LSM6DS3TR-C  a  -0.376   9.837   0.543  g   0.021  -0.061   0.013[0m
[1;32muart:~$ [m[8D[J[00:02:13.177,000] [0m<inf> imu: LSM6DSV16X   a  -0.132   9.833   0.919  g  -0.012   0.002  -0.003[0m
[1;32muart:~$ [m[8D[J[1;32muart:~$ [m[8D[J[00:02:13.177,000] [0m<inf> imu: ICM-42688-P  a  -0.160   9.738   0.309  g   0.000  -0.005   0.000[0m
[1;32muart:~$ [m[8D[J[00:02:13.279,000] [0m<inf> imu: LSM6DS3TR-C  a  -0.360   9.829   0.541  g   0.022  -0.061   0.014[0m
[1;32muart:~$ [m[8D[J[1;32muart:~$ [m[8D[J[00:02:13.279,000] [0m<inf> imu: LSM6DSV16X   a  -0.134   9.837   0.916  g  -0.011   0.002  -0.003[0m
[1;32muart:~$ [m[8D[J[00:02:13.280,000] [0m<inf> imu: ICM-42688-P  a  -0.162   9.765   0.309  g   0.001  -0.005   0.000[0m
[1;32muart:~$ [m[8D[J[1;32muart:~$ [m[8D[J[00:02:13.381,000] [0m<inf> imu: LSM6DS3TR-C  a  -0.376   9.839   0.578  g   0.022  -0.060   0.014[0m
[1;32muart:~$ [m[8D[J[00:02:13.382,000] [0m<inf> imu: LSM6DSV16X   a  -0.129   9.835   0.927  g  -0.011   0.003  -0.003[0m
[1;32muart:~$ [m[8D[J[1;32muart:~$ [m[8D[J[00:02:13.382,000] [0m<inf> imu: ICM-42688-P  a  -0.151   9.752   0.309  g   0.000  -0.005   0.000[0m
[1;32muart:~$ [m[8D[J[00:02:13.483,000] [0m<inf> imu: LSM6DS3TR-C  a  -0.351   9.839   0.543  g   0.023  -0.062   0.014[0m
[1;32muart:~$ [m[8D[J[00:02:13.484,000] [0m<inf> imu: LSM6DSV16X   a  -0.132   9.840   0.933  g  -0.012   0.002  -0.003[0m
[1;32muart:~$ [m[8D[J[1;32muart:~$ [m[8D[J[00:02:13.484,000] [0m<inf> imu: ICM-42688-P  a  -0.152   9.768   0.333  g  -0.000  -0.005  -0.000[0m
[1;32muart:~$ [m[8D[J[00:02:13.586,000] [0m<inf> imu: LSM6DS3TR-C  a  -0.335   9.851   0.545  g   0.022  -0.062   0.015[0m
[1;32muart:~$ [m[8D[J[1;32muart:~$ [m[8D[J[00:02:13.587,000] [0m<inf> imu: LSM6DSV16X   a  -0.126   9.830   0.934  g  -0.011   0.002  -0.002[0m
[1;32muart:~$ [m[8D[J[00:02:13.587,000] [0m<inf> imu: ICM-42688-P  a  -0.163   9.752   0.308  g  -0.000  -0.005   0.000[0m
[1;32muart:~$ [m[8D[J[00:02:13.688,000] [0m<inf> imu: LSM6DS3TR-C  a  -0.366   9.855   0.538  g   0.023  -0.060   0.013[0m
[1;32muart:~$ [m[8D[J[1;32muart:~$ [m[8D[J[00:02:13.689,000] [0m<inf> imu: LSM6DSV16X   a  -0.141   9.832   0.916  g  -0.011   0.001  -0.002[0m
[1;32muart:~$ [m[8D[J[00:02:13.690,000] [0m<inf> imu: ICM-42688-P  a  -0.165   9.765   0.312  g   0.000  -0.005   0.000[0m
[1;32muart:~$ [m[8D[J[00:02:13.791,000] [0m<inf> imu: LSM6DS3TR-C  a  -0.354   9.820   0.540  g   0.023  -0.062   0.015[0m
[1;32muart:~$ [m[8D[J[00:02:13.791,000] [0m<inf> imu: LSM6DSV16X   a  -0.132   9.839   0.933  g  -0.011   0.002  -0.003[0m
[1;32muart:~$ [m[8D[J[1;32muart:~$ [m[8D[J[00:02:13.792,000] [0m<inf> imu: ICM-42688-P  a  -0.164   9.765   0.324  g   0.000  -0.005   0.001[0m
[1;32muart:~$ [m[8D[J[1;32muart:~$ [m[8D[J[00:02:13.893,000] [0m<inf> imu: LSM6DS3TR-C  a  -0.358   9.850   0.555  g   0.024  -0.060   0.014[0m
[1;32muart:~$ [m[8D[J[00:02:13.894,000] [0m<inf> imu: LSM6DSV16X   a  -0.124   9.837   0.931  g  -0.012   0.003  -0.003[0m
[1;32muart:~$ [m[8D[J[1;32muart:~$ [m[8D[J[00:02:13.894,000] [0m<inf> imu: ICM-42688-P  a  -0.146   9.766   0.318  g  -0.000  -0.005   0.001[0m
[1;32muart:~$ [m[8D[J[00:02:13.995,000] [0m<inf> imu: LSM6DS3TR-C  a  -0.349   9.848   0.520  g   0.021  -0.062   0.015[0m
[1;32muart:~$ [m[8D[J[1;32muart:~$ [m[8D[J[00:02:13.996,000] [0m<inf> imu: LSM6DSV16X   a  -0.141   9.854   0.938  g  -0.012   0.001  -0.003[0m
[1;32muart:~$ [m[8D[J[00:02:13.997,000] [0m<inf> imu: ICM-42688-P  a  -0.160   9.774   0.317  g  -0.001  -0.005   0.000[0m
[1;32muart:~$ [m[8D[J[1;32muart:~$ [m[8D[J[00:02:14.098,000] [0m<inf> imu: LSM6DS3TR-C  a  -0.372   9.861   0.498  g   0.020  -0.059   0.014[0m
[1;32muart:~$ [m[8D[J[00:02:14.098,000] [0m<inf> imu: LSM6DSV16X   a  -0.132   9.827   0.921  g  -0.012   0.002  -0.003[0m
[1;32muart:~$ [m[8D[J[1;32muart:~$ [m[8D[J[00:02:14.099,000] [0m<inf> imu: ICM-42688-P  a  -0.163   9.748   0.316  g   0.000  -0.005   0.000[0m
[1;32muart:~$ [m[8D[J[00:02:14.200,000] [0m<inf> imu: LSM6DS3TR-C  a  -0.370   9.852   0.567  g   0.024  -0.059   0.017[0m
[1;32muart:~$ [m[8D[J[00:02:14.201,000] [0m<inf> imu: LSM6DSV16X   a  -0.129   9.858   0.931  g  -0.012   0.002  -0.003[0m
[1;32muart:~$ [m[8D[J[1;32muart:~$ [m[8D[J[00:02:14.201,000] [0m<inf> imu: ICM-42688-P  a  -0.169   9.776   0.328  g   0.000  -0.006   0.001[0m
[1;32muart:~$ [m[8D[J[00:02:14.303,000] [0m<inf> imu: LSM6DS3TR-C  a  -0.372   9.823   0.548  g   0.022  -0.060   0.017[0m
[1;32muart:~$ [m[8D[J[1;32muart:~$ [m[8D[J[00:02:14.304,000] [0m<inf> imu: LSM6DSV16X   a  -0.135   9.827   0.931  g  -0.011   0.002  -0.003[0m
[1;32muart:~$ [m[8D[J[00:02:14.305,000] [0m<inf> imu: ICM-42688-P  a  -0.162   9.750   0.316  g   0.000  -0.005   0.001[0m
[1;32muart:~$ [m[8D[J[00:02:14.406,000] [0m<inf> imu: LSM6DS3TR-C  a  -0.357   9.861   0.598  g   0.022  -0.061   0.015[0m
[1;32muart:~$ [m[8D[J[1;32muart:~$ [m[8D[J[00:02:14.406,000] [0m<inf> imu: LSM6DSV16X   a  -0.132   9.844   0.931  g  -0.011   0.002  -0.002[0m
[1;32muart:~$ [m[8D[J[00:02:14.407,000] [0m<inf> imu: ICM-42688-P  a  -0.160   9.770   0.326  g   0.000  -0.005   0.001[0m
[1;32muart:~$ [m[8D[J[1;32muart:~$ [m[8D[J[00:02:14.509,000] [0m<inf> imu: LSM6DS3TR-C  a  -0.407   9.863   0.573  g   0.021  -0.060   0.014[0m
[1;32muart:~$ [m[8D[J[00:02:14.510,000] [0m<inf> imu: LSM6DSV16X   a  -0.139   9.839   0.921  g  -0.011   0.002  -0.003[0m
[1;32muart:~$ [m[8D[J[1;32muart:~$ [m[8D[J[00:02:14.511,000] [0m<inf> imu: ICM-42688-P  a  -0.170   9.756   0.308  g   0.001  -0.005   0.000[0m
[1;32muart:~$ [m[8D[J[00:02:14.612,000] [0m<inf> imu: LSM6DS3TR-C  a  -0.357   9.849   0.562  g   0.022  -0.061   0.016[0m
[1;32muart:~$ [m[8D[J[1;32muart:~$ [m[8D[J[00:02:14.613,000] [0m<inf> imu: LSM6DSV16X   a  -0.132   9.832   0.933  g  -0.011   0.001  -0.003[0m
[1;32muart:~$ [m[8D[J[00:02:14.613,000] [0m<inf> imu: ICM-42688-P  a  -0.148   9.761   0.315  g  -0.001  -0.005   0.000[0m
[1;32muart:~$ [m[8D[J[1;32muart:~$ [m[8D[J[00:02:14.714,000] [0m<inf> imu: LSM6DS3TR-C  a  -0.348   9.824   0.542  g   0.024  -0.061   0.015[0m
[1;32muart:~$ [m[8D[J[00:02:14.715,000] [0m<inf> imu: LSM6DSV16X   a  -0.138   9.837   0.924  g  -0.012   0.003  -0.003[0m
[1;32muart:~$ [m[8D[J[1;32muart:~$ [m[8D[J[00:02:14.715,000] [0m<inf> imu: ICM-42688-P  a  -0.175   9.765   0.316  g   0.000  -0.005   0.000[0m
[1;32muart:~$ [m[8D[J[00:02:14.816,000] [0m<inf> imu: LSM6DS3TR-C  a  -0.382   9.834   0.538  g   0.021  -0.060   0.016[0m
[1;32muart:~$ [m[8D[J[00:02:14.817,000] [0m<inf> imu: LSM6DSV16X   a  -0.132   9.837   0.926  g  -0.012   0.002  -0.003[0m
[1;32muart:~$ [m[8D[J[1;32muart:~$ [m[8D[J[00:02:14.818,000] [0m<inf> imu: ICM-42688-P  a  -0.152   9.760   0.317  g  -0.001  -0.005   0.000[0m
[1;32muart:~$ [m[8D[J[00:02:14.919,000] [0m<inf> imu: LSM6DS3TR-C  a  -0.366   9.841   0.517  g   0.022  -0.061   0.014[0m
[1;32muart:~$ [m[8D[J[1;32muart:~$ [m[8D[J[00:02:14.920,000] [0m<inf> imu: LSM6DSV16X   a  -0.139   9.837   0.919  g  -0.012   0.003  -0.002[0m
[1;32muart:~$ [m[8D[J[00:02:14.920,000] [0m<inf> imu: ICM-42688-P  a  -0.184   9.743   0.317  g  -0.001  -0.005   0.000[0m
[1;32muart:~$ [m[8D[J[00:02:15.021,000] [0m<inf> imu: LSM6DS3TR-C  a  -0.332   9.837   0.519  g   0.023  -0.061   0.014[0m
[1;32muart:~$ [m[8D[J[1;32muart:~$ [m[8D[J[00:02:15.022,000] [0m<inf> imu: LSM6DSV16X   a  -0.127   9.828   0.926  g  -0.011   0.002  -0.003[0m
[1;32muart:~$ [m[8D[J[00:02:15.023,000] [0m<inf> imu: ICM-42688-P  a  -0.151   9.747   0.308  g  -0.001  -0.005  -0.000[0m
[1;32muart:~$ [m[8D[J[00:02:15.124,000] [0m<inf> imu: LSM6DS3TR-C  a  -0.362   9.851   0.522  g   0.023  -0.061   0.016[0m
[1;32muart:~$ [m[8D[J[00:02:15.125,000] [0m<inf> imu: LSM6DSV16X   a  -0.134   9.837   0.928  g  -0.011   0.002  -0.003[0m
[1;32muart:~$ [m[8D[J[1;32muart:~$ [m[8D[J[00:02:15.125,000] [0m<inf> imu: ICM-42688-P  a  -0.159   9.762   0.323  g  -0.001  -0.005   0.001[0m
[1;32muart:~$ [m[8D[J[1;32muart:~$ [m[8D[J[00:02:15.226,000] [0m<inf> imu: LSM6DS3TR-C  a  -0.368   9.837   0.525  g   0.024  -0.060   0.013[0m
[1;32muart:~$ [m[8D[J[00:02:15.227,000] [0m<inf> imu: LSM6DSV16X   a  -0.134   9.840   0.929  g  -0.011   0.002  -0.002[0m
[1;32muart:~$ [m[8D[J[1;32muart:~$ [m[8D[J[00:02:15.227,000] [0m<inf> imu: ICM-42688-P  a  -0.165   9.774   0.303  g   0.000  -0.006   0.000[0m
[1;32muart:~$ [m[8D[J[00:02:15.328,000] [0m<inf> imu: LSM6DS3TR-C  a  -0.330   9.832   0.513  g   0.023  -0.061   0.015[0m
[1;32muart:~$ [m[8D[J[1;32muart:~$ [m[8D[J[00:02:15.329,000] [0m<inf> imu: LSM6DSV16X   a  -0.132   9.841   0.924  g  -0.011   0.002  -0.003[0m
[1;32muart:~$ [m[8D[J[00:02:15.330,000] [0m<inf> imu: ICM-42688-P  a  -0.162   9.762   0.320  g   0.000  -0.005   0.001[0m
[1;32muart:~$ [m[8D[J[1;32muart:~$ [m[8D[J[00:02:15.431,000] [0m<inf> imu: LSM6DS3TR-C  a  -0.380   9.849   0.551  g   0.022  -0.061   0.016[0m
[1;32muart:~$ [m[8D[J[00:02:15.431,000] [0m<inf> imu: LSM6DSV16X   a  -0.139   9.837   0.911  g  -0.011   0.002  -0.002[0m
[1;32muart:~$ [m[8D[J[1;32muart:~$ [m[8D[J[00:02:15.432,000] [0m<inf> imu: ICM-42688-P  a  -0.163   9.766   0.311  g   0.000  -0.005   0.000[0m
[1;32muart:~$ [m[8D[J[00:02:15.533,000] [0m<inf> imu: LSM6DS3TR-C  a  -0.341   9.863   0.523  g   0.021  -0.059   0.016[0m
[1;32muart:~$ [m[8D[J[00:02:15.534,000] [0m<inf> imu: LSM6DSV16X   a  -0.126   9.820   0.930  g  -0.012   0.002  -0.003[0m
[1;32muart:~$ [m[8D[J[1;32muart:~$ [m[8D[J[00:02:15.534,000] [0m<inf> imu: ICM-42688-P  a  -0.160   9.747   0.317  g  -0.000  -0.005   0.001[0m
[1;32muart:~$ [m[8D[J[00:02:15.636,000] [0m<inf> imu: LSM6DS3TR-C  a  -0.345   9.846   0.546  g   0.024  -0.060   0.014[0m
[1;32muart:~$ [m[8D[J[00:02:15.637,000] [0m<inf> imu: LSM6DSV16X   a  -0.133   9.842   0.938  g  -0.011   0.001  -0.003[0m
[1;32muart:~$ [m[8D[J[1;32muart:~$ [m[8D[J[00:02:15.638,000] [0m<inf> imu: ICM-42688-P  a  -0.154   9.780   0.317  g  -0.001  -0.005   0.000[0m
[1;32muart:~$ [m[8D[J[00:02:15.739,000] [0m<inf> imu: LSM6DS3TR-C  a  -0.372   9.824   0.538  g   0.023  -0.061   0.015[0m
[1;32muart:~$ [m[8D[J[1;32muart:~$ [m[8D[J[00:02:15.740,000] [0m<inf> imu: LSM6DSV16X   a  -0.132   9.839   0.911  g  -0.011   0.002  -0.003[0m
[1;32muart:~$ [m[8D[J[00:02:15.740,000] [0m<inf> imu: ICM-42688-P  a  -0.176   9.760   0.303  g   0.000  -0.006   0.001[0m
[1;32muart:~$ [m[8D[J[00:02:15.841,000] [0m<inf> imu: LSM6DS3TR-C  a  -0.345   9.833   0.529  g   0.024  -0.060   0.016[0m
[1;32muart:~$ [m[8D[J[00:02:15.842,000] [0m<inf> imu: LSM6DSV16X   a  -0.137   9.839   0.925  g  -0.012   0.001  -0.003[0m
[1;32muart:~$ [m[8D[J[1;32muart:~$ [m[8D[J[00:02:15.843,000] [0m<inf> imu: ICM-42688-P  a  -0.157   9.768   0.297  g  -0.001  -0.005  -0.000[0m
[1;32muart:~$ [m[8D[J[1;32muart:~$ [m[8D[J[00:02:15.944,000] [0m<inf> imu: LSM6DS3TR-C  a  -0.356   9.842   0.529  g   0.023  -0.061   0.015[0m
[1;32muart:~$ [m[8D[J[00:02:15.944,000] [0m<inf> imu: LSM6DSV16X   a  -0.124   9.837   0.933  g  -0.012   0.002  -0.003[0m
[1;32muart:~$ [m[8D[J[00:02:15.945,000] [0m<inf> imu: ICM-42688-P  a  -0.159   9.762   0.329  g   0.000  -0.005   0.000[0m
[1;32muart:~$ [m[8D[J[00:02:16.046,000] [0m<inf> imu: LSM6DS3TR-C  a  -0.360   9.858   0.524  g   0.022  -0.062   0.014[0m
[1;32muart:~$ [m[8D[J[1;32muart:~$ [m[8D[J[00:02:16.047,000] [0m<inf> imu: LSM6DSV16X   a  -0.139   9.842   0.926  g  -0.013   0.002  -0.003[0m
[1;32muart:~$ [m[8D[J[00:02:16.047,000] [0m<inf> imu: ICM-42688-P  a  -0.172   9.766   0.318  g  -0.001  -0.005  -0.000[0m
[1;32muart:~$ [m[8D[J[1;32muart:~$ [m[8D[J[00:02:16.148,000] [0m<inf> imu: LSM6DS3TR-C  a  -0.360   9.865   0.535  g   0.023  -0.059   0.017[0m
[1;32muart:~$ [m[8D[J[00:02:16.149,000] [0m<inf> imu: LSM6DSV16X   a  -0.130   9.832   0.921  g  -0.012   0.002  -0.002[0m
[1;32muart:~$ [m[8D[J[1;32muart:~$ [m[8D[J[00:02:16.149,000] [0m<inf> imu: ICM-42688-P  a  -0.160   9.756   0.290  g  -0.000  -0.005   0.001[0m
[1;32muart:~$ [m[8D[J[00:02:16.250,000] [0m<inf> imu: LSM6DS3TR-C  a  -0.350   9.855   0.504  g   0.022  -0.060   0.015[0m
[1;32muart:~$ [m[8D[J[1;32muart:~$ [m[8D[J[00:02:16.251,000] [0m<inf> imu: LSM6DSV16X   a  -0.134   9.839   0.928  g  -0.013   0.002  -0.003[0m
[1;32muart:~$ [m[8D[J[00:02:16.251,000] [0m<inf> imu: ICM-42688-P  a  -0.163   9.748   0.305  g  -0.000  -0.005   0.000[0m
[1;32muart:~$ [m[8D[J[00:02:16.353,000] [0m<inf> imu: LSM6DS3TR-C  a  -0.379   9.854   0.541  g   0.022  -0.062   0.014[0m
[1;32muart:~$ [m[8D[J[00:02:16.354,000] [0m<inf> imu: LSM6DSV16X   a  -0.129   9.846   0.931  g  -0.011   0.001  -0.003[0m
[1;32muart:~$ [m[8D[J[1;32muart:~$ [m[8D[J[00:02:16.354,000] [0m<inf> imu: ICM-42688-P  a  -0.165   9.773   0.316  g   0.001  -0.006   0.000[0m
[1;32muart:~$ [m[8D[J[00:02:16.455,000] [0m<inf> imu: LSM6DS3TR-C  a  -0.342   9.823   0.547  g   0.023  -0.061   0.015[0m
[1;32muart:~$ [m[8D[J[00:02:16.456,000] [0m<inf> imu: LSM6DSV16X   a  -0.129   9.818   0.916  g  -0.013   0.002  -0.003[0m
[1;32muart:~$ [m[8D[J[1;32muart:~$ [m[8D[J[00:02:16.457,000] [0m<inf> imu: ICM-42688-P  a  -0.159   9.742   0.300  g   0.001  -0.005   0.000[0m
[1;32muart:~$ [m[8D[J[00:02:16.558,000] [0m<inf> imu: LSM6DS3TR-C  a  -0.392   9.852   0.550  g   0.023  -0.060   0.016[0m
[1;32muart:~$ [m[8D[J[1;32muart:~$ [m[8D[J[00:02:16.558,000] [0m<inf> imu: LSM6DSV16X   a  -0.144   9.854   0.927  g  -0.011   0.002  -0.003[0m
[1;32muart:~$ [m[8D[J[00:02:16.559,000] [0m<inf> imu: ICM-42688-P  a  -0.175   9.764   0.316  g  -0.001  -0.005  -0.001[0m
[1;32muart:~$ [m[8D[J[1;32muart:~$ [m[8D[J[00:02:16.660,000] [0m<inf> imu: LSM6DS3TR-C  a  -0.348   9.834   0.538  g   0.024  -0.060   0.015[0m
[1;32muart:~$ [m[8D[J[00:02:16.661,000] [0m<inf> imu: LSM6DSV16X   a  -0.129   9.834   0.928  g  -0.011   0.002  -0.003[0m
[1;32muart:~$ [m[8D[J[1;32muart:~$ [m[8D[J[00:02:16.661,000] [0m<inf> imu: ICM-42688-P  a  -0.141   9.773   0.324  g   0.000  -0.005   0.000[0m
[1;32muart:~$ [m[8D[J[00:02:16.762,000] [0m<inf> imu: LSM6DS3TR-C  a  -0.341   9.849   0.575  g   0.022  -0.060   0.017[0m
[1;32muart:~$ [m[8D[J[1;32muart:~$ [m[8D[J[00:02:16.763,000] [0m<inf> imu: LSM6DSV16X   a  -0.132   9.835   0.928  g  -0.012   0.002  -0.003[0m
[1;32muart:~$ [m[8D[J[00:02:16.763,000] [0m<inf> imu: ICM-42688-P  a  -0.157   9.764   0.316  g   0.000  -0.004  -0.001[0m
[1;32muart:~$ [m[8D[J[1;32muart:~$ [m[8D[J[00:02:16.864,000] [0m<inf> imu: LSM6DS3TR-C  a  -0.389   9.854   0.535  g   0.021  -0.060   0.015[0m
[1;32muart:~$ [m[8D[J[00:02:16.865,000] [0m<inf> imu: LSM6DSV16X   a  -0.130   9.837   0.924  g  -0.012   0.002  -0.003[0m
[1;32muart:~$ [m[8D[J[1;32muart:~$ [m[8D[J[00:02:16.866,000] [0m<inf> imu: ICM-42688-P  a  -0.165   9.764   0.299  g  -0.001  -0.006   0.001[0m
[1;32muart:~$ [m[8D[J[00:02:16.967,000] [0m<inf> imu: LSM6DS3TR-C  a  -0.330   9.820   0.550  g   0.022  -0.060   0.015[0m
[1;32muart:~$ [m[8D[J[00:02:16.968,000] [0m<inf> imu: LSM6DSV16X   a  -0.129   9.826   0.928  g  -0.011   0.003  -0.003[0m
[1;32muart:~$ [m[8D[J[1;32muart:~$ [m[8D[J[00:02:16.968,000] [0m<inf> imu: ICM-42688-P  a  -0.158   9.749   0.310  g   0.000  -0.005   0.001[0m
[1;32muart:~$ [m[8D[J[00:02:17.070,000] [0m<inf> imu: LSM6DS3TR-C  a  -0.366   9.849   0.567  g   0.024  -0.062   0.015[0m
[1;32muart:~$ [m[8D[J[1;32muart:~$ [m[8D[J[00:02:17.071,000] [0m<inf> imu: LSM6DSV16X   a  -0.133   9.843   0.934  g  -0.012   0.002  -0.003[0m
[1;32muart:~$ [m[8D[J[00:02:17.072,000] [0m<inf> imu: ICM-42688-P  a  -0.166   9.762   0.315  g   0.000  -0.005   0.000[0m
[1;32muart:~$ [m[8D[J[00:02:17.173,000] [0m<inf> imu: LSM6DS3TR-C  a  -0.369   9.811   0.581  g   0.024  -0.062   0.016[0m
[1;32muart:~$ [m[8D[J[1;32muart:~$ [m[8D[J[00:02:17.173,000] [0m<inf> imu: LSM6DSV16X   a  -0.129   9.835   0.927  g  -0.012   0.002  -0.003[0m
[1;32muart:~$ [m[8D[J[00:02:17.174,000] [0m<inf> imu: ICM-42688-P  a  -0.165   9.758   0.321  g   0.000  -0.005   0.000[0m
[1;32muart:~$ [m[8D[J[00:02:17.275,000] [0m<inf> imu: LSM6DS3TR-C  a  -0.343   9.864   0.545  g   0.022  -0.059   0.015[0m
[1;32muart:~$ [m[8D[J[00:02:17.276,000] [0m<inf> imu: LSM6DSV16X   a  -0.132   9.842   0.928  g  -0.012   0.001  -0.003[0m
[1;32muart:~$ [m[8D[J[1;32muart:~$ [m[8D[J[00:02:17.276,000] [0m<inf> imu: ICM-42688-P  a  -0.177   9.765   0.308  g  -0.001  -0.005   0.000[0m
[1;32muart:~$ [m[8D[J[1;32muart:~$ [m[8D[J[00:02:17.377,000] [0m<inf> imu: LSM6DS3TR-C  a  -0.379   9.834   0.575  g   0.023  -0.060   0.016[0m
[1;32muart:~$ [m[8D[J[00:02:17.378,000] [0m<inf> imu: LSM6DSV16X   a  -0.129   9.820   0.913  g  -0.011   0.002  -0.003[0m
[1;32muart:~$ [m[8D[J[1;32muart:~$ [m[8D[J[00:02:17.378,000] [0m<inf> imu: ICM-42688-P  a  -0.154   9.748   0.308  g   0.000  -0.005   0.000[0m
[1;32muart:~$ [m[8D[J[00:02:17.479,000] [0m<inf> imu: LSM6DS3TR-C  a  -0.336   9.862   0.583  g   0.022  -0.062   0.013[0m
[1;32muart:~$ [m[8D[J[1;32muart:~$ [m[8D[J[00:02:17.480,000] [0m<inf> imu: LSM6DSV16X   a  -0.131   9.847   0.936  g  -0.011   0.002  -0.002[0m
[1;32muart:~$ [m[8D[J[00:02:17.481,000] [0m<inf> imu: ICM-42688-P  a  -0.164   9.762   0.316  g   0.001  -0.005   0.000[0m
[1;32muart:~$ [m[8D[J[1;32muart:~$ [m[8D[J[00:02:17.582,000] [0m<inf> imu: LSM6DS3TR-C  a  -0.360   9.827   0.531  g   0.022  -0.061   0.016[0m
[1;32muart:~$ [m[8D[J[00:02:17.583,000] [0m<inf> imu: LSM6DSV16X   a  -0.132   9.843   0.931  g  -0.013   0.003  -0.003[0m
[1;32muart:~$ [m[8D[J[1;32muart:~$ [m[8D[J[00:02:17.583,000] [0m<inf> imu: ICM-42688-P  a  -0.169   9.760   0.321  g   0.000  -0.005  -0.000[0m
[1;32muart:~$ [m[8D[J[00:02:17.684,000] [0m<inf> imu: LSM6DS3TR-C  a  -0.379   9.841   0.548  g   0.022  -0.060   0.016[0m
[1;32muart:~$ [m[8D[J[00:02:17.685,000] [0m<inf> imu: LSM6DSV16X   a  -0.129   9.837   0.938  g  -0.012   0.002  -0.003[0m
[1;32muart:~$ [m[8D[J[1;32muart:~$ [m[8D[J[00:02:17.685,000] [0m<inf> imu: ICM-42688-P  a  -0.154   9.768   0.332  g   0.000  -0.005   0.000[0m
[1;32muart:~$ [m[8D[J[00:02:17.787,000] [0m<inf> imu: LSM6DS3TR-C  a  -0.388   9.816   0.555  g   0.024  -0.061   0.014[0m
[1;32muart:~$ [m[8D[J[1;32muart:~$ [m[8D[J[00:02:17.788,000] [0m<inf> imu: LSM6DSV16X   a  -0.136   9.841   0.921  g  -0.011   0.002  -0.003[0m
[1;32muart:~$ [m[8D[J[00:02:17.789,000] [0m<inf> imu: ICM-42688-P  a  -0.170   9.766   0.320  g   0.000  -0.005   0.000[0m
[1;32muart:~$ [m[8D[J[00:02:17.890,000] [0m<inf> imu: LSM6DS3TR-C  a  -0.380   9.837   0.592  g   0.023  -0.061   0.014[0m
[1;32muart:~$ [m[8D[J[1;32muart:~$ [m[8D[J[00:02:17.891,000] [0m<inf> imu: LSM6DSV16X   a  -0.120   9.842   0.940  g  -0.011   0.002  -0.003[0m
[1;32muart:~$ [m[8D[J[00:02:17.891,000] [0m<inf> imu: ICM-42688-P  a  -0.158   9.771   0.318  g   0.001  -0.005   0.001[0m
[1;32muart:~$ [m[8D[J[00:02:17.992,000] [0m<inf> imu: LSM6DS3TR-C  a  -0.344   9.829   0.552  g   0.023  -0.060   0.015[0m
[1;32muart:~$ [m[8D[J[00:02:17.993,000] [0m<inf> imu: LSM6DSV16X   a  -0.137   9.828   0.922  g  -0.011   0.002  -0.003[0m
[1;32muart:~$ [m[8D[J[1;32muart:~$ [m[8D[J[00:02:17.994,000] [0m<inf> imu: ICM-42688-P  a  -0.169   9.755   0.316  g   0.000  -0.005   0.000[0m
[1;32muart:~$ [m[8D[J[1;32muart:~$ [m[8D[J[00:02:18.095,000] [0m<inf> imu: LSM6DS3TR-C  a  -0.376   9.849   0.606  g   0.022  -0.061   0.015[0m
[1;32muart:~$ [m[8D[J[00:02:18.095,000] [0m<inf> imu: LSM6DSV16X   a  -0.127   9.849   0.940  g  -0.012   0.002  -0.003[0m
[1;32muart:~$ [m[8D[J[1;32muart:~$ [m[8D[J[00:02:18.096,000] [0m<inf> imu: ICM-42688-P  a  -0.153   9.756   0.322  g  -0.001  -0.005   0.001[0m
[1;32muart:~$ [m[8D[J[00:02:18.197,000] [0m<inf> imu: LSM6DS3TR-C  a  -0.336   9.840   0.558  g   0.023  -0.061   0.016[0m
[1;32muart:~$ [m[8D[J[1;32muart:~$ [m[8D[J[00:02:18.198,000] [0m<inf> imu: LSM6DSV16X   a  -0.136   9.834   0.922  g  -0.011   0.002  -0.003[0m
[1;32muart:~$ [m[8D[J[00:02:18.198,000] [0m<inf> imu: ICM-42688-P  a  -0.168   9.760   0.336  g   0.000  -0.006   0.001[0m
[1;32muart:~$ [m[8D[J[1;32muart:~$ [m[8D[J[00:02:18.299,000] [0m<inf> imu: LSM6DS3TR-C  a  -0.346   9.858   0.574  g   0.021  -0.061   0.016[0m
[1;32muart:~$ [m[8D[J[00:02:18.300,000] [0m<inf> imu: LSM6DSV16X   a  -0.133   9.835   0.918  g  -0.013   0.002  -0.002[0m
[1;32muart:~$ [m[8D[J[1;32muart:~$ [m[8D[J[00:02:18.301,000] [0m<inf> imu: ICM-42688-P  a  -0.154   9.768   0.321  g  -0.001  -0.005   0.000[0m
[1;32muart:~$ [m[8D[J[00:02:18.402,000] [0m<inf> imu: LSM6DS3TR-C  a  -0.354   9.823   0.555  g   0.024  -0.062   0.014[0m
[1;32muart:~$ [m[8D[J[00:02:18.402,000] [0m<inf> imu: LSM6DSV16X   a  -0.134   9.836   0.928  g  -0.011   0.002  -0.003[0m
[1;32muart:~$ [m[8D[J[1;32muart:~$ [m[8D[J[00:02:18.403,000] [0m<inf> imu: ICM-42688-P  a  -0.165   9.760   0.322  g   0.001  -0.005   0.001[0m
[1;32muart:~$ [m[8D[J[00:02:18.505,000] [0m<inf> imu: LSM6DS3TR-C  a  -0.351   9.845   0.538  g   0.023  -0.061   0.015[0m
[1;32muart:~$ [m[8D[J[00:02:18.506,000] [0m<inf> imu: LSM6DSV16X   a  -0.138   9.830   0.931  g  -0.010   0.002  -0.002[0m
[1;32muart:~$ [m[8D[J[1;32muart:~$ [m[8D[J[00:02:18.507,000] [0m<inf> imu: ICM-42688-P  a  -0.165   9.747   0.314  g   0.001  -0.006   0.000[0m
[1;32muart:~$ [m[8D[J[00:02:18.608,000] [0m<inf> imu: LSM6DS3TR-C  a  -0.376   9.823   0.538  g   0.022  -0.061   0.014[0m
[1;32muart:~$ [m[8D[J[1;32muart:~$ [m[8D[J[00:02:18.609,000] [0m<inf> imu: LSM6DSV16X   a  -0.129   9.835   0.936  g  -0.012   0.002  -0.003[0m
[1;32muart:~$ [m[8D[J[00:02:18.609,000] [0m<inf> imu: ICM-42688-P  a  -0.157   9.760   0.324  g  -0.001  -0.006  -0.001[0m
[1;32muart:~$ [m[8D[J[00:02:18.710,000] [0m<inf> imu: LSM6DS3TR-C  a  -0.387   9.859   0.519  g   0.024  -0.062   0.015[0m
[1;32muart:~$ [m[8D[J[00:02:18.711,000] [0m<inf> imu: LSM6DSV16X   a  -0.141   9.856   0.921  g  -0.011   0.002  -0.003[0m
[1;32muart:~$ [m[8D[J[1;32muart:~$ [m[8D[J[00:02:18.711,000] [0m<inf> imu: ICM-42688-P  a  -0.180   9.790   0.314  g   0.000  -0.006   0.001[0m
[1;32muart:~$ [m[8D[J[1;32muart:~$ [m[8D[J[00:02:18.812,000] [0m<inf> imu: LSM6DS3TR-C  a  -0.391   9.802   0.573  g   0.023  -0.061   0.015[0m
[1;32muart:~$ [m[8D[J[00:02:18.813,000] [0m<inf> imu: LSM6DSV16X   a  -0.124   9.826   0.926  g  -0.012   0.002  -0.003[0m
[1;32muart:~$ [m[8D[J[1;32muart:~$ [m[8D[J[00:02:18.814,000] [0m<inf> imu: ICM-42688-P  a  -0.152   9.748   0.303  g   0.000  -0.005   0.001[0m
[1;32muart:~$ [m[8D[J[00:02:18.915,000] [0m<inf> imu: LSM6DS3TR-C  a  -0.370   9.863   0.517  g   0.023  -0.061   0.014[0m
[1;32muart:~$ [m[8D[J[1;32muart:~$ [m[8D[J[00:02:18.916,000] [0m<inf> imu: LSM6DSV16X   a  -0.139   9.844   0.924  g  -0.012   0.002  -0.003[0m
[1;32muart:~$ [m[8D[J[00:02:18.916,000] [0m<inf> imu: ICM-42688-P  a  -0.180   9.758   0.300  g  -0.001  -0.006   0.000[0m
[1;32muart:~$ [m[8D[J[00:02:19.017,000] [0m<inf> imu: LSM6DS3TR-C  a  -0.363   9.880   0.507  g   0.024  -0.057   0.016[0m
[1;32muart:~$ [m[8D[J[00:02:19.018,000] [0m<inf> imu: LSM6DSV16X   a  -0.127   9.835   0.936  g  -0.011   0.002  -0.002[0m
[1;32muart:~$ [m[8D[J[00:02:19.018,000] [0m<inf> imu: ICM-42688-P  a  -0.156   9.768   0.327  g  -0.001  -0.005   0.000[0m
[1;32muart:~$ [m[8D[J[1;32muart:~$ [m[8D[J[00:02:19.119,000] [0m<inf> imu: LSM6DS3TR-C  a  -0.386   9.870   0.558  g   0.022  -0.060   0.016[0m
[1;32muart:~$ [m[8D[J[00:02:19.120,000] [0m<inf> imu: LSM6DSV16X   a  -0.139   9.837   0.919  g  -0.012   0.002  -0.003[0m
[1;32muart:~$ [m[8D[J[1;32muart:~$ [m[8D[J[00:02:19.121,000] [0m<inf> imu: ICM-42688-P  a  -0.166   9.765   0.314  g  -0.001  -0.006   0.000[0m
[1;32muart:~$ [m[8D[J[00:02:19.222,000] [0m<inf> imu: LSM6DS3TR-C  a  -0.328   9.848   0.540  g   0.022  -0.060   0.016[0m
[1;32muart:~$ [m[8D[J[00:02:19.222,000] [0m<inf> imu: LSM6DSV16X   a  -0.124   9.837   0.933  g  -0.012   0.002  -0.003[0m
[1;32muart:~$ [m[8D[J[1;32muart:~$ [m[8D[J[00:02:19.223,000] [0m<inf> imu: ICM-42688-P  a  -0.163   9.741   0.314  g   0.001  -0.005  -0.000[0m
[1;32muart:~$ [m[8D[J[00:02:19.324,000] [0m<inf> imu: LSM6DS3TR-C  a  -0.384   9.853   0.525  g   0.021  -0.061   0.014[0m
[1;32muart:~$ [m[8D[J[1;32muart:~$ [m[8D[J[00:02:19.325,000] [0m<inf> imu: LSM6DSV16X   a  -0.136   9.837   0.928  g  -0.012   0.002  -0.003[0m
[1;32muart:~$ [m[8D[J[00:02:19.325,000] [0m<inf> imu: ICM-42688-P  a  -0.163   9.771   0.306  g   0.000  -0.005  -0.000[0m
[1;32muart:~$ [m[8D[J[1;32muart:~$ [m[8D[J[00:02:19.427,000] [0m<inf> imu: LSM6DS3TR-C  a  -0.359   9.863   0.526  g   0.023  -0.062   0.014[0m
[1;32muart:~$ [m[8D[J[00:02:19.428,000] [0m<inf> imu: LSM6DSV16X   a  -0.130   9.830   0.929  g  -0.011   0.001  -0.003[0m
[1;32muart:~$ [m[8D[J[1;32muart:~$ [m[8D[J[00:02:19.429,000] [0m<inf> imu: ICM-42688-P  a  -0.164   9.742   0.302  g  -0.001  -0.006   0.001[0m
[1;32muart:~$ [m[8D[J[00:02:19.530,000] [0m<inf> imu: LSM6DS3TR-C  a  -0.366   9.844   0.520  g   0.021  -0.061   0.013[0m
[1;32muart:~$ [m[8D[J[1;32muart:~$ [m[8D[J[00:02:19.531,000] [0m<inf> imu: LSM6DSV16X   a  -0.136   9.844   0.927  g  -0.012   0.002  -0.002[0m
[1;32muart:~$ [m[8D[J[00:02:19.531,000] [0m<inf> imu: ICM-42688-P  a  -0.159   9.773   0.326  g  -0.001  -0.006  -0.001[0m
[1;32muart:~$ [m[8D[J[1;32muart:~$ [m[8D[J[00:02:19.632,000] [0m<inf> imu: LSM6DS3TR-C  a  -0.335   9.866   0.540  g   0.025  -0.060   0.014[0m
[1;32muart:~$ [m[8D[J[00:02:19.633,000] [0m<inf> imu: LSM6DSV16X   a  -0.129   9.835   0.938  g  -0.012   0.001  -0.003[0m
[1;32muart:~$ [m[8D[J[1;32muart:~$ [m[8D[J[00:02:19.633,000] [0m<inf> imu: ICM-42688-P  a  -0.159   9.756   0.316  g   0.000  -0.005   0.001[0m
[1;32muart:~$ [m[8D[J[00:02:19.734,000] [0m<inf> imu: LSM6DS3TR-C  a  -0.345   9.838   0.547  g   0.022  -0.059   0.015[0m
[1;32muart:~$ [m[8D[J[00:02:19.735,000] [0m<inf> imu: LSM6DSV16X   a  -0.126   9.844   0.931  g  -0.011   0.002  -0.003[0m
[1;32muart:~$ [m[8D[J[1;32muart:~$ [m[8D[J[00:02:19.736,000] [0m<inf> imu: ICM-42688-P  a  -0.171   9.768   0.317  g   0.001  -0.005   0.001[0m
[1;32muart:~$ [m[8D[J[00:02:19.837,000] [0m<inf> imu: LSM6DS3TR-C  a  -0.366   9.849   0.589  g   0.023  -0.060   0.014[0m
[1;32muart:~$ [m[8D[J[1;32muart:~$ [m[8D[J[00:02:19.837,000] [0m<inf> imu: LSM6DSV16X   a  -0.134   9.832   0.916  g  -0.011   0.002  -0.003[0m
[1;32muart:~$ [m[8D[J[00:02:19.838,000] [0m<inf> imu: ICM-42688-P  a  -0.165   9.756   0.309  g  -0.000  -0.005   0.002[0m
[1;32muart:~$ [m[8D[J[00:02:19.939,000] [0m<inf> imu: LSM6DS3TR-C  a  -0.386   9.864   0.572  g   0.024  -0.062   0.016[0m
[1;32muart:~$ [m[8D[J[1;32muart:~$ [m[8D[J[00:02:19.940,000] [0m<inf> imu: LSM6DSV16X   a  -0.127   9.839   0.931  g  -0.011   0.001  -0.003[0m
[1;32muart:~$ [m[8D[J[00:02:19.940,000] [0m<inf> imu: ICM-42688-P  a  -0.151   9.760   0.327  g  -0.000  -0.005   0.000[0m
[1;32muart:~$ [m[8D[J[00:02:20.041,000] [0m<inf> imu: LSM6DS3TR-C  a  -0.357   9.851   0.555  g   0.023  -0.060   0.014[0m
[1;32muart:~$ [m[8D[J[00:02:20.042,000] [0m<inf> imu: LSM6DSV16X   a  -0.136   9.829   0.934  g  -0.012   0.001  -0.003[0m
[1;32muart:~$ [m[8D[J[1;32muart:~$ [m[8D[J[00:02:20.043,000] [0m<inf> imu: ICM-42688-P  a  -0.175   9.753   0.323  g  -0.001  -0.005   0.000[0m
[1;32muart:~$ [m[8D[J[1;32muart:~$ [m[8D[J[00:02:20.144,000] [0m<inf> imu: LSM6DS3TR-C  a  -0.358   9.835   0.570  g   0.023  -0.060   0.016[0m
[1;32muart:~$ [m[8D[J[00:02:20.145,000] [0m<inf> imu: LSM6DSV16X   a  -0.130   9.848   0.921  g  -0.011   0.002  -0.003[0m
[1;32muart:~$ [m[8D[J[1;32muart:~$ [m[8D[J[00:02:20.145,000] [0m<inf> imu: ICM-42688-P  a  -0.158   9.768   0.320  g   0.000  -0.005   0.000[0m
[1;32muart:~$ [m[8D[J[00:02:20.246,000] [0m<inf> imu: LSM6DS3TR-C  a  -0.351   9.825   0.569  g   0.023  -0.060   0.014[0m
[1;32muart:~$ [m[8D[J[1;32muart:~$ [m[8D[J[00:02:20.247,000] [0m<inf> imu: LSM6DSV16X   a  -0.133   9.829   0.914  g  -0.012   0.002  -0.003[0m
[1;32muart:~$ [m[8D[J[00:02:20.247,000] [0m<inf> imu: ICM-42688-P  a  -0.170   9.747   0.334  g  -0.001  -0.005   0.000[0m
[1;32muart:~$ [m[8D[J[1;32muart:~$ [m[8D[J[00:02:20.348,000] [0m<inf> imu: LSM6DS3TR-C  a  -0.346   9.851   0.552  g   0.023  -0.060   0.016[0m
[1;32muart:~$ [m[8D[J[00:02:20.349,000] [0m<inf> imu: LSM6DSV16X   a  -0.132   9.846   0.926  g  -0.011   0.002  -0.003[0m
[1;32muart:~$ [m[8D[J[1;32muart:~$ [m[8D[J[00:02:20.350,000] [0m<inf> imu: ICM-42688-P  a  -0.154   9.776   0.314  g   0.000  -0.005   0.000[0m
[1;32muart:~$ [m[8D[J[00:02:20.451,000] [0m<inf> imu: LSM6DS3TR-C  a  -0.346   9.851   0.570  g   0.025  -0.062   0.014[0m
[1;32muart:~$ [m[8D[J[00:02:20.451,000] [0m<inf> imu: LSM6DSV16X   a  -0.135   9.837   0.922  g  -0.011   0.002  -0.002[0m
[1;32muart:~$ [m[8D[J[1;32muart:~$ [m[8D[J[00:02:20.452,000] [0m<inf> imu: ICM-42688-P  a  -0.170   9.765   0.323  g   0.000  -0.005   0.000[0m
[1;32muart:~$ [m[8D[J[00:02:20.554,000] [0m<inf> imu: LSM6DS3TR-C  a  -0.351   9.842   0.544  g   0.021  -0.060   0.015[0m
[1;32muart:~$ [m[8D[J[00:02:20.555,000] [0m<inf> imu: LSM6DSV16X   a  -0.139   9.827   0.924  g  -0.012   0.001  -0.003[0m
[1;32muart:~$ [m[8D[J[1;32muart:~$ [m[8D[J[00:02:20.556,000] [0m<inf> imu: ICM-42688-P  a  -0.154   9.759   0.320  g   0.000  -0.005  -0.001[0m
[1;32muart:~$ [m[8D[J[00:02:20.657,000] [0m<inf> imu: LSM6DS3TR-C  a  -0.375   9.851   0.565  g   0.025  -0.063   0.014[0m
[1;32muart:~$ [m[8D[J[1;32muart:~$ [m[8D[J[00:02:20.658,000] [0m<inf> imu: LSM6DSV16X   a  -0.124   9.846   0.933  g  -0.012   0.003  -0.003[0m
[1;32muart:~$ [m[8D[J[00:02:20.658,000] [0m<inf> imu: ICM-42688-P  a  -0.169   9.770   0.322  g  -0.000  -0.005   0.000[0m
[1;32muart:~$ [m[8D[J[1;32muart:~$ [m[8D[J[00:02:20.760,000] [0m<inf> imu: LSM6DS3TR-C  a  -0.352   9.830   0.535  g   0.021  -0.060   0.016[0m
[1;32muart:~$ [m[8D[J[00:02:20.760,000] [0m<inf> imu: LSM6DSV16X   a  -0.136   9.829   0.928  g  -0.012   0.002  -0.003[0m
[1;32muart:~$ [m[8D[J[1;32muart:~$ [m[8D[J[00:02:20.761,000] [0m<inf> imu: ICM-42688-P  a  -0.156   9.747   0.322  g   0.000  -0.006   0.000[0m
[1;32muart:~$ [m[8D[J[00:02:20.862,000] [0m<inf> imu: LSM6DS3TR-C  a  -0.373   9.846   0.568  g   0.023  -0.060   0.015[0m
[1;32muart:~$ [m[8D[J[1;32muart:~$ [m[8D[J[00:02:20.863,000] [0m<inf> imu: LSM6DSV16X   a  -0.134   9.830   0.909  g  -0.010   0.002  -0.002[0m
[1;32muart:~$ [m[8D[J[00:02:20.864,000] [0m<inf> imu: ICM-42688-P  a  -0.163   9.773   0.317  g  -0.000  -0.005   0.001[0m
[1;32muart:~$ [m[8D[J[1;32muart:~$ [m[8D[J[00:02:20.965,000] [0m<inf> imu: LSM6DS3TR-C  a  -0.372   9.846   0.540  g   0.022  -0.060   0.015[0m
[1;32muart:~$ [m[8D[J[00:02:20.965,000] [0m<inf> imu: LSM6DSV16X   a  -0.129   9.832   0.933  g  -0.011   0.002  -0.003[0m
[1;32muart:~$ [m[8D[J[1;32muart:~$ [m[8D[J[00:02:20.966,000] [0m<inf> imu: ICM-42688-P  a  -0.154   9.756   0.324  g  -0.001  -0.004   0.000[0m
[1;32muart:~$ [m[8D[J[00:02:21.067,000] [0m<inf> imu: LSM6DS3TR-C  a  -0.358   9.829   0.561  g   0.023  -0.060   0.015[0m
[1;32muart:~$ [m[8D[J[00:02:21.068,000] [0m<inf> imu: LSM6DSV16X   a  -0.125   9.839   0.938  g  -0.011   0.002  -0.003[0m
[1;32muart:~$ [m[8D[J[1;32muart:~$ [m[8D[J[00:02:21.068,000] [0m<inf> imu: ICM-42688-P  a  -0.159   9.762   0.326  g   0.001  -0.005   0.001[0m
[1;32muart:~$ [m[8D[J[00:02:21.170,000] [0m<inf> imu: LSM6DS3TR-C  a  -0.357   9.843   0.561  g   0.023  -0.062   0.015[0m
[1;32muart:~$ [m[8D[J[1;32muart:~$ [m[8D[J[00:02:21.171,000] [0m<inf> imu: LSM6DSV16X   a  -0.129   9.845   0.930  g  -0.011   0.002  -0.003[0m
[1;32muart:~$ [m[8D[J[00:02:21.172,000] [0m<inf> imu: ICM-42688-P  a  -0.160   9.756   0.323  g   0.001  -0.005   0.001[0m
[1;32muart:~$ [m[8D[J[00:02:21.273,000] [0m<inf> imu: LSM6DS3TR-C  a  -0.379   9.860   0.548  g   0.023  -0.060   0.014[0m
[1;32muart:~$ [m[8D[J[1;32muart:~$ [m[8D[J[00:02:21.274,000] [0m<inf> imu: LSM6DSV16X   a  -0.125   9.828   0.923  g  -0.012   0.003  -0.003[0m
[1;32muart:~$ [m[8D[J[00:02:21.274,000] [0m<inf> imu: ICM-42688-P  a  -0.166   9.760   0.314  g  -0.001  -0.005   0.001[0m
[1;32muart:~$ [m[8D[J[1;32muart:~$ [m[8D[J[00:02:21.375,000] [0m<inf> imu: LSM6DS3TR-C  a  -0.367   9.866   0.583  g   0.024  -0.061   0.015[0m
[1;32muart:~$ [m[8D[J[00:02:21.376,000] [0m<inf> imu: LSM6DSV16X   a  -0.129   9.840   0.921  g  -0.012   0.002  -0.003[0m
[1;32muart:~$ [m[8D[J[1;32muart:~$ [m[8D[J[00:02:21.377,000] [0m<inf> imu: ICM-42688-P  a  -0.168   9.765   0.316  g   0.000  -0.005  -0.000[0m
[1;32muart:~$ [m[8D[J[00:02:21.478,000] [0m<inf> imu: LSM6DS3TR-C  a  -0.350   9.817   0.538  g   0.022  -0.060   0.014[0m
[1;32muart:~$ [m[8D[J[1;32muart:~$ [m[8D[J[00:02:21.479,000] [0m<inf> imu: LSM6DSV16X   a  -0.134   9.833   0.931  g  -0.012   0.002  -0.002[0m
[1;32muart:~$ [m[8D[J[00:02:21.479,000] [0m<inf> imu: ICM-42688-P  a  -0.162   9.767   0.335  g   0.001  -0.005  -0.000[0m
[1;32muart:~$ [m[8D[J[1;32muart:~$ [m[8D[J[00:02:21.581,000] [0m<inf> imu: LSM6DS3TR-C  a  -0.331   9.853   0.558  g   0.024  -0.060   0.015[0m
[1;32muart:~$ [m[8D[J[00:02:21.581,000] [0m<inf> imu: LSM6DSV16X   a  -0.134   9.835   0.924  g  -0.012   0.003  -0.002[0m
[1;32muart:~$ [m[8D[J[1;32muart:~$ [m[8D[J[00:02:21.582,000] [0m<inf> imu: ICM-42688-P  a  -0.154   9.761   0.336  g   0.000  -0.005   0.000[0m
[1;32muart:~$ [m[8D[J[00:02:21.683,000] [0m<inf> imu: LSM6DS3TR-C  a  -0.357   9.854   0.563  g   0.022  -0.060   0.016[0m
[1;32muart:~$ [m[8D[J[00:02:21.684,000] [0m<inf> imu: LSM6DSV16X   a  -0.131   9.839   0.933  g  -0.012   0.002  -0.003[0m
[1;32muart:~$ [m[8D[J[1;32muart:~$ [m[8D[J[00:02:21.684,000] [0m<inf> imu: ICM-42688-P  a  -0.164   9.766   0.316  g   0.000  -0.005   0.000[0m
[1;32muart:~$ [m[8D[J[00:02:21.786,000] [0m<inf> imu: LSM6DS3TR-C  a  -0.370   9.839   0.536  g   0.023  -0.061   0.014[0m
[1;32muart:~$ [m[8D[J[00:02:21.787,000] [0m<inf> imu: LSM6DSV16X   a  -0.129   9.832   0.915  g  -0.011   0.002  -0.003[0m
[1;32muart:~$ [m[8D[J[1;32muart:~$ [m[8D[J[00:02:21.788,000] [0m<inf> imu: ICM-42688-P  a  -0.159   9.754   0.316  g  -0.001  -0.006   0.001[0m
[1;32muart:~$ [m[8D[J[00:02:21.889,000] [0m<inf> imu: LSM6DS3TR-C  a  -0.361   9.861   0.569  g   0.022  -0.061   0.015[0m
[1;32muart:~$ [m[8D[J[1;32muart:~$ [m[8D[J[00:02:21.890,000] [0m<inf> imu: LSM6DSV16X   a  -0.120   9.839   0.933  g  -0.012   0.002  -0.003[0m
[1;32muart:~$ [m[8D[J[00:02:21.890,000] [0m<inf> imu: ICM-42688-P  a  -0.163   9.768   0.332  g   0.000  -0.005   0.000[0m
[1;32muart:~$ [m[8D[J[1;32muart:~$ [m[8D[J[00:02:21.992,000] [0m<inf> imu: LSM6DS3TR-C  a  -0.357   9.860   0.583  g   0.022  -0.062   0.015[0m
[1;32muart:~$ [m[8D[J[00:02:21.993,000] [0m<inf> imu: LSM6DSV16X   a  -0.120   9.837   0.939  g  -0.012   0.002  -0.003[0m
[1;32muart:~$ [m[8D[J[1;32muart:~$ [m[8D[J[00:02:21.994,000] [0m<inf> imu: ICM-42688-P  a  -0.162   9.755   0.333  g   0.001  -0.005   0.000[0m
[1;32muart:~$ [m[8D[J[00:02:22.095,000] [0m<inf> imu: LSM6DS3TR-C  a  -0.377   9.837   0.562  g   0.022  -0.060   0.014[0m
[1;32muart:~$ [m[8D[J[1;32muart:~$ [m[8D[J[00:02:22.096,000] [0m<inf> imu: LSM6DSV16X   a  -0.132   9.837   0.918  g  -0.011   0.002  -0.003[0m
[1;32muart:~$ [m[8D[J[00:02:22.096,000] [0m<inf> imu: ICM-42688-P  a  -0.175   9.755   0.321  g   0.000  -0.006  -0.000[0m
[1;32muart:~$ [m[8D[J[1;32muart:~$ [m[8D[J[00:02:22.197,000] [0m<inf> imu: LSM6DS3TR-C  a  -0.333   9.815   0.549  g   0.025  -0.060   0.015[0m
[1;32muart:~$ [m[8D[J[00:02:22.198,000] [0m<inf> imu: LSM6DSV16X   a  -0.132   9.834   0.923  g  -0.011   0.002  -0.003[0m
[1;32muart:~$ [m[8D[J[1;32muart:~$ [m[8D[J[00:02:22.198,000] [0m<inf> imu: ICM-42688-P  a  -0.168   9.752   0.329  g   0.001  -0.005  -0.000[0m
[1;32muart:~$ [m[8D[J[00:02:22.300,000] [0m<inf> imu: LSM6DS3TR-C  a  -0.383   9.852   0.552  g   0.022  -0.060   0.014[0m
[1;32muart:~$ [m[8D[J[00:02:22.300,000] [0m<inf> imu: LSM6DSV16X   a  -0.130   9.842   0.936  g  -0.011   0.002  -0.002[0m
[1;32muart:~$ [m[8D[J[1;32muart:~$ [m[8D[J[00:02:22.301,000] [0m<inf> imu: ICM-42688-P  a  -0.162   9.760   0.340  g  -0.001  -0.006   0.001[0m
[1;32muart:~$ [m[8D[J[00:02:22.402,000] [0m<inf> imu: LSM6DS3TR-C  a  -0.351   9.844   0.584  g   0.022  -0.059   0.016[0m
[1;32muart:~$ [m[8D[J[1;32muart:~$ [m[8D[J[00:02:22.403,000] [0m<inf> imu: LSM6DSV16X   a  -0.129   9.832   0.928  g  -0.012   0.002  -0.003[0m
[1;32muart:~$ [m[8D[J[00:02:22.404,000] [0m<inf> imu: ICM-42688-P  a  -0.153   9.752   0.316  g  -0.001  -0.005   0.001[0m
[1;32muart:~$ [m[8D[J[00:02:22.505,000] [0m<inf> imu: LSM6DS3TR-C  a  -0.373   9.861   0.585  g   0.023  -0.061   0.013[0m
[1;32muart:~$ [m[8D[J[1;32muart:~$ [m[8D[J[00:02:22.506,000] [0m<inf> imu: LSM6DSV16X   a  -0.132   9.837   0.921  g  -0.012   0.002  -0.002[0m
[1;32muart:~$ [m[8D[J[00:02:22.506,000] [0m<inf> imu: ICM-42688-P  a  -0.159   9.764   0.327  g   0.000  -0.005   0.001[0m
[1;32muart:~$ [m[8D[J[00:02:22.607,000] [0m<inf> imu: LSM6DS3TR-C  a  -0.355   9.812   0.593  g   0.024  -0.059   0.013[0m
[1;32muart:~$ [m[8D[J[00:02:22.608,000] [0m<inf> imu: LSM6DSV16X   a  -0.122   9.827   0.936  g  -0.011   0.002  -0.002[0m
[1;32muart:~$ [m[8D[J[1;32muart:~$ [m[8D[J[00:02:22.609,000] [0m<inf> imu: ICM-42688-P  a  -0.154   9.765   0.342  g  -0.000  -0.005   0.001[0m
[1;32muart:~$ [m[8D[J[1;32muart:~$ [m[8D[J[00:02:22.710,000] [0m<inf> imu: LSM6DS3TR-C  a  -0.351   9.860   0.529  g   0.022  -0.061   0.015[0m
[1;32muart:~$ [m[8D[J[00:02:22.710,000] [0m<inf> imu: LSM6DSV16X   a  -0.137   9.835   0.936  g  -0.011   0.001  -0.002[0m
[1;32muart:~$ [m[8D[J[1;32muart:~$ [m[8D[J[00:02:22.711,000] [0m<inf> imu: ICM-42688-P  a  -0.163   9.754   0.320  g  -0.000  -0.005   0.001[0m
[1;32muart:~$ [m[8D[J[00:02:22.812,000] [0m<inf> imu: LSM6DS3TR-C  a  -0.349   9.860   0.565  g   0.023  -0.060   0.016[0m
[1;32muart:~$ [m[8D[J[1;32muart:~$ [m[8D[J[00:02:22.813,000] [0m<inf> imu: LSM6DSV16X   a  -0.135   9.837   0.917  g  -0.011   0.001  -0.003[0m
[1;32muart:~$ [m[8D[J[00:02:22.813,000] [0m<inf> imu: ICM-42688-P  a  -0.152   9.758   0.326  g  -0.001  -0.005   0.000[0m
[1;32muart:~$ [m[8D[J[1;32muart:~$ [m[8D[J[00:02:22.914,000] [0m<inf> imu: LSM6DS3TR-C  a  -0.358   9.852   0.583  g   0.022  -0.061   0.015[0m
[1;32muart:~$ [m[8D[J[00:02:22.915,000] [0m<inf> imu: LSM6DSV16X   a  -0.137   9.840   0.925  g  -0.012   0.002  -0.003[0m
[1;32muart:~$ [m[8D[J[1;32muart:~$ [m[8D[J[00:02:22.916,000] [0m<inf> imu: ICM-42688-P  a  -0.158   9.765   0.333  g  -0.001  -0.004  -0.000[0m
[1;32muart:~$ [m[8D[J[00:02:23.017,000] [0m<inf> imu: LSM6DS3TR-C  a  -0.367   9.835   0.556  g   0.024  -0.062   0.016[0m
[1;32muart:~$ [m[8D[J[00:02:23.017,000] [0m<inf> imu: LSM6DSV16X   a  -0.129   9.832   0.931  g  -0.012   0.002  -0.003[0m
[1;32muart:~$ [m[8D[J[1;32muart:~$ [m[8D[J[00:02:23.018,000] [0m<inf> imu: ICM-42688-P  a  -0.151   9.764   0.317  g   0.001  -0.004   0.000[0m
[1;32muart:~$ [m[8D[J[00:02:23.119,000] [0m<inf> imu: LSM6DS3TR-C  a  -0.363   9.870   0.567  g   0.023  -0.060   0.014[0m
[1;32muart:~$ [m[8D[J[1;32muart:~$ [m[8D[J[00:02:23.120,000] [0m<inf> imu: LSM6DSV16X   a  -0.124   9.846   0.928  g  -0.012   0.001  -0.003[0m
[1;32muart:~$ [m[8D[J[00:02:23.121,000] [0m<inf> imu: ICM-42688-P  a  -0.146   9.748   0.314  g  -0.000  -0.006   0.001[0m
[1;32muart:~$ [m[8D[J[00:02:23.222,000] [0m<inf> imu: LSM6DS3TR-C  a  -0.364   9.846   0.519  g   0.022  -0.059   0.014[0m
[1;32muart:~$ [m[8D[J[00:02:23.223,000] [0m<inf> imu: LSM6DSV16X   a  -0.137   9.832   0.938  g  -0.011   0.002  -0.003[0m
[1;32muart:~$ [m[8D[J[1;32muart:~$ [m[8D[J[00:02:23.223,000] [0m<inf> imu: ICM-42688-P  a  -0.153   9.753   0.320  g   0.000  -0.005   0.000[0m
[1;32muart:~$ [m[8D[J[00:02:23.324,000] [0m<inf> imu: LSM6DS3TR-C  a  -0.352   9.854   0.564  g   0.023  -0.060   0.013[0m
[1;32muart:~$ [m[8D[J[1;32muart:~$ [m[8D[J[00:02:23.325,000] [0m<inf> imu: LSM6DSV16X   a  -0.134   9.839   0.930  g  -0.011   0.001  -0.003[0m
[1;32muart:~$ [m[8D[J[00:02:23.325,000] [0m<inf> imu: ICM-42688-P  a  -0.164   9.760   0.324  g  -0.001  -0.006   0.000[0m
[1;32muart:~$ [m[8D[J[1;32muart:~$ [m[8D[J[00:02:23.427,000] [0m<inf> imu: LSM6DS3TR-C  a  -0.373   9.832   0.572  g   0.024  -0.061   0.016[0m
[1;32muart:~$ [m[8D[J[00:02:23.427,000] [0m<inf> imu: LSM6DSV16X   a  -0.134   9.836   0.930  g  -0.011   0.002  -0.003[0m
[1;32muart:~$ [m[8D[J[1;32muart:~$ [m[8D[J[00:02:23.428,000] [0m<inf> imu: ICM-42688-P  a  -0.168   9.748   0.318  g   0.001  -0.005   0.000[0m
[1;32muart:~$ [m[8D[J[00:02:23.529,000] [0m<inf> imu: LSM6DS3TR-C  a  -0.340   9.857   0.563  g   0.023  -0.060   0.016[0m
[1;32muart:~$ [m[8D[J[1;32muart:~$ [m[8D[J[00:02:23.530,000] [0m<inf> imu: LSM6DSV16X   a  -0.122   9.839   0.921  g  -0.012   0.002  -0.003[0m
[1;32muart:~$ [m[8D[J[00:02:23.530,000] [0m<inf> imu: ICM-42688-P  a  -0.146   9.750   0.308  g   0.000  -0.006   0.001[0m
[1;32muart:~$ [m[8D[J[1;32muart:~$ [m[8D[J[00:02:23.631,000] [0m<inf> imu: LSM6DS3TR-C  a  -0.343   9.849   0.535  g   0.020  -0.061   0.014[0m
[1;32muart:~$ [m[8D[J[00:02:23.632,000] [0m<inf> imu: LSM6DSV16X   a  -0.136   9.823   0.928  g  -0.012   0.001  -0.003[0m
[1;32muart:~$ [m[8D[J[1;32muart:~$ [m[8D[J[00:02:23.632,000] [0m<inf> imu: ICM-42688-P  a  -0.164   9.750   0.320  g   0.000  -0.005   0.001[0m
[1;32muart:~$ [m[8D[J[00:02:23.733,000] [0m<inf> imu: LSM6DS3TR-C  a  -0.350   9.866   0.589  g   0.021  -0.058   0.015[0m
[1;32muart:~$ [m[8D[J[00:02:23.734,000] [0m<inf> imu: LSM6DSV16X   a  -0.124   9.836   0.918  g  -0.012   0.002  -0.003[0m
[1;32muart:~$ [m[8D[J[1;32muart:~$ [m[8D[J[00:02:23.735,000] [0m<inf> imu: ICM-42688-P  a  -0.160   9.767   0.297  g   0.000  -0.005   0.001[0m
[1;32muart:~$ [m[8D[J[00:02:23.836,000] [0m<inf> imu: LSM6DS3TR-C  a  -0.328   9.857   0.544  g   0.022  -0.060   0.016[0m
[1;32muart:~$ [m[8D[J[1;32muart:~$ [m[8D[J[00:02:23.837,000] [0m<inf> imu: LSM6DSV16X   a  -0.132   9.837   0.936  g  -0.011   0.002  -0.003[0m
[1;32muart:~$ [m[8D[J[00:02:23.838,000] [0m<inf> imu: ICM-42688-P  a  -0.165   9.764   0.318  g   0.000  -0.005   0.000[0m
[1;32muart:~$ [m[8D[J[00:02:23.939,000] [0m<inf> imu: LSM6DS3TR-C  a  -0.362   9.861   0.564  g   0.021  -0.060   0.016[0m
[1;32muart:~$ [m[8D[J[1;32muart:~$ [m[8D[J[00:02:23.940,000] [0m<inf> imu: LSM6DSV16X   a  -0.133   9.840   0.931  g  -0.011   0.002  -0.003[0m
[1;32muart:~$ [m[8D[J[00:02:23.940,000] [0m<inf> imu: ICM-42688-P  a  -0.159   9.758   0.316  g  -0.001  -0.004   0.000[0m
[1;32muart:~$ [m[8D[J[00:02:24.041,000] [0m<inf> imu: LSM6DS3TR-C  a  -0.373   9.871   0.562  g   0.025  -0.061   0.014[0m
[1;32muart:~$ [m[8D[J[00:02:24.042,000] [0m<inf> imu: LSM6DSV16X   a  -0.136   9.837   0.924  g  -0.012   0.002  -0.003[0m
[1;32muart:~$ [m[8D[J[1;32muart:~$ [m[8D[J[00:02:24.042,000] [0m<inf> imu: ICM-42688-P  a  -0.156   9.753   0.318  g  -0.001  -0.005  -0.000[0m
[1;32muart:~$ [m[8D[J[1;32muart:~$ [m[8D[J[00:02:24.144,000] [0m<inf> imu: LSM6DS3TR-C  a  -0.337   9.843   0.546  g   0.023  -0.060   0.014[0m
[1;32muart:~$ [m[8D[J[00:02:24.145,000] [0m<inf> imu: LSM6DSV16X   a  -0.139   9.832   0.930  g  -0.011   0.002  -0.002[0m
[1;32muart:~$ [m[8D[J[1;32muart:~$ [m[8D[J[00:02:24.145,000] [0m<inf> imu: ICM-42688-P  a  -0.178   9.759   0.324  g  -0.000  -0.005   0.000[0m
[1;32muart:~$ [m[8D[J[00:02:24.246,000] [0m<inf> imu: LSM6DS3TR-C  a  -0.360   9.847   0.563  g   0.023  -0.060   0.014[0m
[1;32muart:~$ [m[8D[J[1;32muart:~$ [m[8D[J[00:02:24.247,000] [0m<inf> imu: LSM6DSV16X   a  -0.127   9.836   0.928  g  -0.011   0.002  -0.003[0m
[1;32muart:~$ [m[8D[J[00:02:24.247,000] [0m<inf> imu: ICM-42688-P  a  -0.162   9.753   0.306  g   0.000  -0.005  -0.001[0m
[1;32muart:~$ [m[8D[J[1;32muart:~$ [m[8D[J[00:02:24.348,000] [0m<inf> imu: LSM6DS3TR-C  a  -0.368   9.816   0.576  g   0.023  -0.062   0.016[0m
[1;32muart:~$ [m[8D[J[00:02:24.349,000] [0m<inf> imu: LSM6DSV16X   a  -0.132   9.834   0.939  g  -0.011   0.002  -0.003[0m
[1;32muart:~$ [m[8D[J[1;32muart:~$ [m[8D[J[00:02:24.350,000] [0m<inf> imu: ICM-42688-P  a  -0.160   9.764   0.320  g  -0.000  -0.006   0.001[0m
[1;32muart:~$ [m[8D[J[00:02:24.451,000] [0m<inf> imu: LSM6DS3TR-C  a  -0.301   9.855   0.529  g   0.021  -0.059   0.014[0m
[1;32muart:~$ [m[8D[J[00:02:24.451,000] [0m<inf> imu: LSM6DSV16X   a  -0.127   9.830   0.931  g  -0.012   0.002  -0.003[0m
[1;32muart:~$ [m[8D[J[1;32muart:~$ [m[8D[J[00:02:24.452,000] [0m<inf> imu: ICM-42688-P  a  -0.159   9.772   0.308  g  -0.000  -0.005   0.000[0m
[1;32muart:~$ [m[8D[J[00:02:24.553,000] [0m<inf> imu: LSM6DS3TR-C  a  -0.341   9.855   0.561  g   0.024  -0.061   0.015[0m
[1;32muart:~$ [m[8D[J[1;32muart:~$ [m[8D[J[00:02:24.554,000] [0m<inf> imu: LSM6DSV16X   a  -0.126   9.837   0.931  g  -0.012   0.002  -0.003[0m
[1;32muart:~$ [m[8D[J[00:02:24.555,000] [0m<inf> imu: ICM-42688-P  a  -0.159   9.760   0.317  g   0.001  -0.005   0.001[0m
[1;32muart:~$ [m[8D[J[00:02:24.656,000] [0m<inf> imu: LSM6DS3TR-C  a  -0.366   9.847   0.555  g   0.022  -0.062   0.015[0m
[1;32muart:~$ [m[8D[J[1;32muart:~$ [m[8D[J[00:02:24.657,000] [0m<inf> imu: LSM6DSV16X   a  -0.129   9.841   0.928  g  -0.012   0.002  -0.002[0m
[1;32muart:~$ [m[8D[J[00:02:24.657,000] [0m<inf> imu: ICM-42688-P  a  -0.164   9.767   0.322  g   0.000  -0.005   0.000[0m
[1;32muart:~$ [m[8D[J[00:02:24.758,000] [0m<inf> imu: LSM6DS3TR-C  a  -0.391   9.846   0.552  g   0.022  -0.061   0.013[0m
[1;32muart:~$ [m[8D[J[00:02:24.759,000] [0m<inf> imu: LSM6DSV16X   a  -0.134   9.844   0.933  g  -0.011   0.002  -0.003[0m
[1;32muart:~$ [m[8D[J[1;32muart:~$ [m[8D[J[00:02:24.760,000] [0m<inf> imu: ICM-42688-P  a  -0.151   9.748   0.321  g   0.000  -0.006   0.001[0m
[1;32muart:~$ [m[8D[J[1;32muart:~$ [m[8D[J[00:02:24.861,000] [0m<inf> imu: LSM6DS3TR-C  a  -0.321   9.833   0.542  g   0.021  -0.061   0.014[0m
[1;32muart:~$ [m[8D[J[00:02:24.861,000] [0m<inf> imu: LSM6DSV16X   a  -0.127   9.835   0.931  g  -0.012   0.001  -0.003[0m
[1;32muart:~$ [m[8D[J[1;32muart:~$ [m[8D[J[00:02:24.862,000] [0m<inf> imu: ICM-42688-P  a  -0.163   9.755   0.315  g  -0.000  -0.005   0.000[0m
[1;32muart:~$ [m[8D[J[00:02:24.963,000] [0m<inf> imu: LSM6DS3TR-C  a  -0.378   9.829   0.564  g   0.023  -0.061   0.014[0m
[1;32muart:~$ [m[8D[J[00:02:24.964,000] [0m<inf> imu: LSM6DSV16X   a  -0.129   9.832   0.928  g  -0.011   0.002  -0.003[0m
[1;32muart:~$ [m[8D[J[1;32muart:~$ [m[8D[J[00:02:24.964,000] [0m<inf> imu: ICM-42688-P  a  -0.164   9.756   0.305  g   0.000  -0.005  -0.000[0m
[1;32muart:~$ [m[8D[J[00:02:25.065,000] [0m<inf> imu: LSM6DS3TR-C  a  -0.361   9.826   0.574  g   0.024  -0.059   0.015[0m
[1;32muart:~$ [m[8D[J[00:02:25.066,000] [0m<inf> imu: LSM6DSV16X   a  -0.127   9.830   0.922  g  -0.011   0.002  -0.003[0m
[1;32muart:~$ [m[8D[J[1;32muart:~$ [m[8D[J[00:02:25.066,000] [0m<inf> imu: ICM-42688-P  a  -0.152   9.761   0.332  g   0.000  -0.005   0.001[0m
[1;32muart:~$ [m[8D[J[00:02:25.167,000] [0m<inf> imu: LSM6DS3TR-C  a  -0.353   9.856   0.523  g   0.024  -0.060   0.016[0m
[1;32muart:~$ [m[8D[J[1;32muart:~$ [m[8D[J[00:02:25.168,000] [0m<inf> imu: LSM6DSV16X   a  -0.133   9.837   0.928  g  -0.011   0.002  -0.003[0m
[1;32muart:~$ [m[8D[J[00:02:25.169,000] [0m<inf> imu: ICM-42688-P  a  -0.162   9.759   0.312  g  -0.001  -0.005   0.001[0m
[1;32muart:~$ [m[8D[J[00:02:25.270,000] [0m<inf> imu: LSM6DS3TR-C  a  -0.364   9.846   0.571  g   0.022  -0.062   0.013[0m
[1;32muart:~$ [m[8D[J[00:02:25.270,000] [0m<inf> imu: LSM6DSV16X   a  -0.130   9.830   0.925  g  -0.012   0.002  -0.003[0m
[1;32muart:~$ [m[8D[J[00:02:25.271,000] [0m<inf> imu: ICM-42688-P  a  -0.169   9.762   0.315  g  -0.000  -0.005   0.001[0m
[1;32muart:~$ [m[8D[J[1;32muart:~$ [m[8D[J[00:02:25.372,000] [0m<inf> imu: LSM6DS3TR-C  a  -0.407   9.835   0.497  g   0.021  -0.059   0.016[0m
[1;32muart:~$ [m[8D[J[00:02:25.373,000] [0m<inf> imu: LSM6DSV16X   a  -0.127   9.825   0.924  g  -0.012   0.002  -0.002[0m
[1;32muart:~$ [m[8D[J[1;32muart:~$ [m[8D[J[00:02:25.374,000] [0m<inf> imu: ICM-42688-P  a  -0.152   9.754   0.324  g  -0.000  -0.005   0.000[0m
[1;32muart:~$ [m[8D[J[00:02:25.475,000] [0m<inf> imu: LSM6DS3TR-C  a  -0.354   9.850   0.610  g   0.024  -0.061   0.016[0m
[1;32muart:~$ [m[8D[J[1;32muart:~$ [m[8D[J[00:02:25.475,000] [0m<inf> imu: LSM6DSV16X   a  -0.129   9.849   0.941  g  -0.012   0.002  -0.003[0m
[1;32muart:~$ [m[8D[J[00:02:25.476,000] [0m<inf> imu: ICM-42688-P  a  -0.158   9.762   0.334  g  -0.001  -0.005   0.000[0m
[1;32muart:~$ [m[8D[J[1;32muart:~$ [m[8D[J[00:02:25.577,000] [0m<inf> imu: LSM6DS3TR-C  a  -0.363   9.834   0.541  g   0.023  -0.063   0.015[0m
[1;32muart:~$ [m[8D[J[00:02:25.578,000] [0m<inf> imu: LSM6DSV16X   a  -0.139   9.829   0.923  g  -0.013   0.002  -0.003[0m
[1;32muart:~$ [m[8D[J[1;32muart:~$ [m[8D[J[00:02:25.578,000] [0m<inf> imu: ICM-42688-P  a  -0.168   9.756   0.310  g   0.000  -0.005   0.001[0m
[1;32muart:~$ [m[8D[J[00:02:25.679,000] [0m<inf> imu: LSM6DS3TR-C  a  -0.382   9.827   0.537  g   0.025  -0.061   0.015[0m
[1;32muart:~$ [m[8D[J[1;32muart:~$ [m[8D[J[00:02:25.680,000] [0m<inf> imu: LSM6DSV16X   a  -0.135   9.835   0.925  g  -0.012   0.002  -0.002[0m
[1;32muart:~$ [m[8D[J[00:02:25.680,000] [0m<inf> imu: ICM-42688-P  a  -0.164   9.746   0.309  g  -0.000  -0.005   0.001[0m
[1;32muart:~$ [m[8D[J[1;32muart:~$ [m[8D[J[00:02:25.781,000] [0m<inf> imu: LSM6DS3TR-C  a  -0.374   9.844   0.549  g   0.021  -0.059   0.015[0m
[1;32muart:~$ [m[8D[J[00:02:25.782,000] [0m<inf> imu: LSM6DSV16X   a  -0.134   9.835   0.921  g  -0.012   0.002  -0.002[0m
[1;32muart:~$ [m[8D[J[1;32muart:~$ [m[8D[J[00:02:25.783,000] [0m<inf> imu: ICM-42688-P  a  -0.170   9.765   0.310  g  -0.000  -0.005   0.001[0m
[1;32muart:~$ [m[8D[J[00:02:25.884,000] [0m<inf> imu: LSM6DS3TR-C  a  -0.342   9.837   0.530  g   0.023  -0.060   0.014[0m
[1;32muart:~$ [m[8D[J[00:02:25.885,000] [0m<inf> imu: LSM6DSV16X   a  -0.124   9.843   0.928  g  -0.012   0.002  -0.003[0m
[1;32muart:~$ [m[8D[J[1;32muart:~$ [m[8D[J[00:02:25.885,000] [0m<inf> imu: ICM-42688-P  a  -0.165   9.755   0.324  g   0.000  -0.005   0.001[0m
[1;32muart:~$ [m[8D[J[00:02:25.987,000] [0m<inf> imu: LSM6DS3TR-C  a  -0.354   9.814   0.525  g   0.023  -0.060   0.015[0m
[1;32muart:~$ [m[8D[J[1;32muart:~$ [m[8D[J[00:02:25.988,000] [0m<inf> imu: LSM6DSV16X   a  -0.133   9.833   0.927  g  -0.011   0.002  -0.002[0m
[1;32muart:~$ [m[8D[J[00:02:25.988,000] [0m<inf> imu: ICM-42688-P  a  -0.158   9.750   0.324  g  -0.001  -0.005   0.001[0m
[1;32muart:~$ [m[8D[J[00:02:26.089,000] [0m<inf> imu: LSM6DS3TR-C  a  -0.383   9.848   0.525  g   0.023  -0.060   0.013[0m
[1;32muart:~$ [m[8D[J[1;32muart:~$ [m[8D[J[00:02:26.090,000] [0m<inf> imu: LSM6DSV16X   a  -0.141   9.842   0.926  g  -0.012   0.001  -0.003[0m
[1;32muart:~$ [m[8D[J[00:02:26.091,000] [0m<inf> imu: ICM-42688-P  a  -0.157   9.760   0.299  g  -0.001  -0.005  -0.000[0m
[1;32muart:~$ [m[8D[J[00:02:26.192,000] [0m<inf> imu: LSM6DS3TR-C  a  -0.355   9.836   0.542  g   0.024  -0.060   0.013[0m
[1;32muart:~$ [m[8D[J[00:02:26.192,000] [0m<inf> imu: LSM6DSV16X   a  -0.134   9.829   0.927  g  -0.011   0.003  -0.003[0m
[1;32muart:~$ [m[8D[J[1;32muart:~$ [m[8D[J[00:02:26.193,000] [0m<inf> imu: ICM-42688-P  a  -0.163   9.772   0.328  g   0.001  -0.005   0.000[0m
[1;32muart:~$ [m[8D[J[1;32muart:~$ [m[8D[J[00:02:26.294,000] [0m<inf> imu: LSM6DS3TR-C  a  -0.333   9.858   0.545  g   0.021  -0.059   0.016[0m
[1;32muart:~$ [m[8D[J[00:02:26.295,000] [0m<inf> imu: LSM6DSV16X   a  -0.132   9.840   0.921  g  -0.012   0.002  -0.003[0m
[1;32muart:~$ [m[8D[J[1;32muart:~$ [m[8D[J[00:02:26.295,000] [0m<inf> imu: ICM-42688-P  a  -0.168   9.765   0.308  g   0.000  -0.005   0.000[0m
[1;32muart:~$ [m[8D[J[00:02:26.396,000] [0m<inf> imu: LSM6DS3TR-C  a  -0.344   9.861   0.577  g   0.022  -0.061   0.015[0m
[1;32muart:~$ [m[8D[J[1;32muart:~$ [m[8D[J[00:02:26.397,000] [0m<inf> imu: LSM6DSV16X   a  -0.139   9.848   0.912  g  -0.011   0.002  -0.002[0m
[1;32muart:~$ [m[8D[J[00:02:26.397,000] [0m<inf> imu: ICM-42688-P  a  -0.160   9.766   0.303  g  -0.001  -0.006   0.001[0m
[1;32muart:~$ [m[8D[J[1;32muart:~$ [m[8D[J[00:02:26.499,000] [0m<inf> imu: LSM6DS3TR-C  a  -0.334   9.867   0.532  g   0.021  -0.059   0.014[0m
[1;32muart:~$ [m[8D[J[00:02:26.499,000] [0m<inf> imu: LSM6DSV16X   a  -0.134   9.837   0.923  g  -0.011   0.001  -0.003[0m
[1;32muart:~$ [m[8D[J[1;32muart:~$ [m[8D[J[00:02:26.500,000] [0m<inf> imu: ICM-42688-P  a  -0.171   9.759   0.323  g   0.000  -0.005   0.000[0m
[1;32muart:~$ [m[8D[J[00:02:26.601,000] [0m<inf> imu: LSM6DS3TR-C  a  -0.337   9.878   0.552  g   0.022  -0.061   0.014[0m
[1;32muart:~$ [m[8D[J[00:02:26.602,000] [0m<inf> imu: LSM6DSV16X   a  -0.127   9.835   0.938  g  -0.012   0.002  -0.003[0m
[1;32muart:~$ [m[8D[J[1;32muart:~$ [m[8D[J[00:02:26.602,000] [0m<inf> imu: ICM-42688-P  a  -0.156   9.750   0.314  g  -0.001  -0.005   0.001[0m
[1;32muart:~$ [m[8D[J[00:02:26.704,000] [0m<inf> imu: LSM6DS3TR-C  a  -0.348   9.849   0.552  g   0.020  -0.060   0.015[0m
[1;32muart:~$ [m[8D[J[1;32muart:~$ [m[8D[J[00:02:26.704,000] [0m<inf> imu: LSM6DSV16X   a  -0.127   9.832   0.921  g  -0.010   0.003  -0.003[0m
[1;32muart:~$ [m[8D[J[00:02:26.705,000] [0m<inf> imu: ICM-42688-P  a  -0.158   9.760   0.324  g  -0.000  -0.005   0.000[0m
[1;32muart:~$ [m[8D[J[1;32muart:~$ [m[8D[J[00:02:26.806,000] [0m<inf> imu: LSM6DS3TR-C  a  -0.377   9.861   0.562  g   0.023  -0.060   0.016[0m
[1;32muart:~$ [m[8D[J[00:02:26.807,000] [0m<inf> imu: LSM6DSV16X   a  -0.129   9.839   0.926  g  -0.012   0.002  -0.003[0m
[1;32muart:~$ [m[8D[J[00:02:26.807,000] [0m<inf> imu: ICM-42688-P  a  -0.154   9.765   0.320  g   0.000  -0.004   0.000[0m
[1;32muart:~$ [m[8D[J[1;32muart:~$ [m[8D[J[00:02:26.909,000] [0m<inf> imu: LSM6DS3TR-C  a  -0.361   9.821   0.548  g   0.022  -0.061   0.014[0m
[1;32muart:~$ [m[8D[J[00:02:26.910,000] [0m<inf> imu: LSM6DSV16X   a  -0.127   9.833   0.940  g  -0.012   0.002  -0.003[0m
[1;32muart:~$ [m[8D[J[1;32muart:~$ [m[8D[J[00:02:26.911,000] [0m<inf> imu: ICM-42688-P  a  -0.158   9.753   0.318  g  -0.001  -0.005   0.000[0m
[1;32muart:~$ [m[8D[J[00:02:27.012,000] [0m<inf> imu: LSM6DS3TR-C  a  -0.347   9.871   0.572  g   0.024  -0.059   0.014[0m
[1;32muart:~$ [m[8D[J[00:02:27.013,000] [0m<inf> imu: LSM6DSV16X   a  -0.134   9.842   0.941  g  -0.011   0.002  -0.003[0m
[1;32muart:~$ [m[8D[J[00:02:27.013,000] [0m<inf> imu: ICM-42688-P  a  -0.162   9.774   0.329  g   0.000  -0.006   0.000[0m
[1;32muart:~$ [m[8D[J[1;32muart:~$ [m[8D[J[00:02:27.114,000] [0m<inf> imu: LSM6DS3TR-C  a  -0.344   9.860   0.526  g   0.021  -0.061   0.015[0m
[1;32muart:~$ [m[8D[J[00:02:27.115,000] [0m<inf> imu: LSM6DSV16X   a  -0.132   9.835   0.924  g  -0.012   0.002  -0.002[0m
[1;32muart:~$ [m[8D[J[1;32muart:~$ [m[8D[J[00:02:27.116,000] [0m<inf> imu: ICM-42688-P  a  -0.159   9.758   0.323  g  -0.000  -0.005   0.001[0m
[1;32muart:~$ [m[8D[J[00:02:27.217,000] [0m<inf> imu: LSM6DS3TR-C  a  -0.394   9.832   0.529  g   0.021  -0.061   0.016[0m
[1;32muart:~$ [m[8D[J[1;32muart:~$ [m[8D[J[00:02:27.218,000] [0m<inf> imu: LSM6DSV16X   a  -0.132   9.839   0.926  g  -0.011   0.003  -0.003[0m
[1;32muart:~$ [m[8D[J[00:02:27.218,000] [0m<inf> imu: ICM-42688-P  a  -0.164   9.765   0.314  g   0.001  -0.005   0.001[0m
[1;32muart:~$ [m[8D[J[1;32muart:~$ [m[8D[J[00:02:27.320,000] [0m<inf> imu: LSM6DS3TR-C  a  -0.389   9.836   0.538  g   0.021  -0.059   0.015[0m
[1;32muart:~$ [m[8D[J[00:02:27.321,000] [0m<inf> imu: LSM6DSV16X   a  -0.129   9.830   0.931  g  -0.012   0.002  -0.003[0m
[1;32muart:~$ [m[8D[J[1;32muart:~$ [m[8D[J[00:02:27.322,000] [0m<inf> imu: ICM-42688-P  a  -0.156   9.752   0.320  g   0.000  -0.005   0.001[0m
[1;32muart:~$ [m[8D[J[00:02:27.424,000] [0m<inf> imu: LSM6DS3TR-C  a  -0.373   9.852   0.528  g   0.022  -0.060   0.013[0m
[1;32muart:~$ [m[8D[J[00:02:27.425,000] [0m<inf> imu: LSM6DSV16X   a  -0.130   9.828   0.937  g  -0.011   0.002  -0.003[0m
[1;32muart:~$ [m[8D[J[1;32muart:~$ [m[8D[J[00:02:27.425,000] [0m<inf> imu: ICM-42688-P  a  -0.160   9.752   0.328  g   0.000  -0.005   0.000[0m
[1;32muart:~$ [m[8D[J[00:02:27.526,000] [0m<inf> imu: LSM6DS3TR-C  a  -0.365   9.837   0.534  g   0.022  -0.062   0.013[0m
[1;32muart:~$ [m[8D[J[1;32muart:~$ [m[8D[J[00:02:27.527,000] [0m<inf> imu: LSM6DSV16X   a  -0.134   9.839   0.916  g  -0.012   0.002  -0.003[0m
[1;32muart:~$ [m[8D[J[00:02:27.528,000] [0m<inf> imu: ICM-42688-P  a  -0.158   9.756   0.324  g  -0.001  -0.005   0.000[0m
[1;32muart:~$ [m[8D[J[1;32muart:~$ [m[8D[J[00:02:27.629,000] [0m<inf> imu: LSM6DS3TR-C  a  -0.343   9.832   0.526  g   0.021  -0.061   0.017[0m
[1;32muart:~$ [m[8D[J[00:02:27.629,000] [0m<inf> imu: LSM6DSV16X   a  -0.127   9.835   0.934  g  -0.010   0.002  -0.003[0m
[1;32muart:~$ [m[8D[J[1;32muart:~$ [m[8D[J[00:02:27.630,000] [0m<inf> imu: ICM-42688-P  a  -0.169   9.765   0.316  g   0.000  -0.005   0.000[0m
[1;32muart:~$ [m[8D[J[00:02:27.731,000] [0m<inf> imu: LSM6DS3TR-C  a  -0.356   9.843   0.569  g   0.023  -0.061   0.015[0m
[1;32muart:~$ [m[8D[J[1;32muart:~$ [m[8D[J[00:02:27.732,000] [0m<inf> imu: LSM6DSV16X   a  -0.137   9.848   0.921  g  -0.013   0.001  -0.003[0m
[1;32muart:~$ [m[8D[J[00:02:27.732,000] [0m<inf> imu: ICM-42688-P  a  -0.146   9.765   0.330  g  -0.000  -0.006   0.000[0m
[1;32muart:~$ [m[8D[J[1;32muart:~$ [m[8D[J[00:02:27.833,000] [0m<inf> imu: LSM6DS3TR-C  a  -0.346   9.827   0.535  g   0.023  -0.060   0.015[0m
[1;32muart:~$ [m[8D[J[00:02:27.834,000] [0m<inf> imu: LSM6DSV16X   a  -0.127   9.830   0.914  g  -0.011   0.002  -0.003[0m
[1;32muart:~$ [m[8D[J[1;32muart:~$ [m[8D[J[00:02:27.834,000] [0m<inf> imu: ICM-42688-P  a  -0.157   9.756   0.305  g  -0.001  -0.005   0.000[0m
[1;32muart:~$ [m[8D[J[00:02:27.936,000] [0m<inf> imu: LSM6DS3TR-C  a  -0.357   9.855   0.565  g   0.024  -0.059   0.013[0m
[1;32muart:~$ [m[8D[J[00:02:27.936,000] [0m<inf> imu: LSM6DSV16X   a  -0.123   9.829   0.933  g  -0.012   0.002  -0.002[0m
[1;32muart:~$ [m[8D[J[1;32muart:~$ [m[8D[J[00:02:27.937,000] [0m<inf> imu: ICM-42688-P  a  -0.152   9.755   0.330  g  -0.001  -0.005   0.000[0m
[1;32muart:~$ [m[8D[J[00:02:28.038,000] [0m<inf> imu: LSM6DS3TR-C  a  -0.391   9.857   0.547  g   0.021  -0.060   0.016[0m
[1;32muart:~$ [m[8D[J[1;32muart:~$ [m[8D[J[00:02:28.039,000] [0m<inf> imu: LSM6DSV16X   a  -0.141   9.851   0.926  g  -0.011   0.002  -0.003[0m
[1;32muart:~$ [m[8D[J[00:02:28.040,000] [0m<inf> imu: ICM-42688-P  a  -0.171   9.760   0.323  g   0.000  -0.005   0.000[0m
[1;32muart:~$ [m[8D[J[00:02:28.141,000] [0m<inf> imu: LSM6DS3TR-C  a  -0.358   9.810   0.543  g   0.023  -0.061   0.016[0m
[1;32muart:~$ [m[8D[J[1;32muart:~$ [m[8D[J[00:02:28.142,000] [0m<inf> imu: LSM6DSV16X   a  -0.115   9.811   0.926  g  -0.012   0.002  -0.003[0m
[1;32muart:~$ [m[8D[J[00:02:28.142,000] [0m<inf> imu: ICM-42688-P  a  -0.160   9.756   0.328  g   0.001  -0.005   0.000[0m
[1;32muart:~$ [m[8D[J[00:02:28.243,000] [0m<inf> imu: LSM6DS3TR-C  a  -0.389   9.854   0.553  g   0.022  -0.060   0.014[0m
[1;32muart:~$ [m[8D[J[00:02:28.244,000] [0m<inf> imu: LSM6DSV16X   a  -0.139   9.846   0.916  g  -0.011   0.002  -0.002[0m
[1;32muart:~$ [m[8D[J[1;32muart:~$ [m[8D[J[00:02:28.245,000] [0m<inf> imu: ICM-42688-P  a  -0.166   9.766   0.316  g  -0.000  -0.006   0.000[0m
[1;32muart:~$ [m[8D[J[1;32muart:~$ [m[8D[J[00:02:28.346,000] [0m<inf> imu: LSM6DS3TR-C  a  -0.363   9.834   0.568  g   0.021  -0.060   0.014[0m
[1;32muart:~$ [m[8D[J[00:02:28.346,000] [0m<inf> imu: LSM6DSV16X   a  -0.127   9.832   0.935  g  -0.011   0.003  -0.002[0m
[1;32muart:~$ [m[8D[J[1;32muart:~$ [m[8D[J[00:02:28.347,000] [0m<inf> imu: ICM-42688-P  a  -0.145   9.765   0.308  g   0.001  -0.005   0.000[0m
[1;32muart:~$ [m[8D[J[00:02:28.448,000] [0m<inf> imu: LSM6DS3TR-C  a  -0.327   9.833   0.556  g   0.022  -0.063   0.014[0m
[1;32muart:~$ [m[8D[J[1;32muart:~$ [m[8D[J[00:02:28.449,000] [0m<inf> imu: LSM6DSV16X   a  -0.132   9.824   0.933  g  -0.012   0.002  -0.004[0m
[1;32muart:~$ [m[8D[J[00:02:28.449,000] [0m<inf> imu: ICM-42688-P  a  -0.150   9.750   0.329  g  -0.000  -0.005   0.000[0m
[1;32muart:~$ [m[8D[J[1;32muart:~$ [m[8D[J[00:02:28.550,000] [0m<inf> imu: LSM6DS3TR-C  a  -0.343   9.857   0.526  g   0.023  -0.060   0.014[0m
[1;32muart:~$ [m[8D[J[00:02:28.551,000] [0m<inf> imu: LSM6DSV16X   a  -0.129   9.849   0.919  g  -0.012   0.002  -0.002[0m
[1;32muart:~$ [m[8D[J[1;32muart:~$ [m[8D[J[00:02:28.552,000] [0m<inf> imu: ICM-42688-P  a  -0.160   9.771   0.333  g   0.000  -0.005   0.000[0m
[1;32muart:~$ [m[8D[J[00:02:28.653,000] [0m<inf> imu: LSM6DS3TR-C  a  -0.366   9.854   0.558  g   0.024  -0.061   0.015[0m
[1;32muart:~$ [m[8D[J[00:02:28.653,000] [0m<inf> imu: LSM6DSV16X   a  -0.139   9.829   0.916  g  -0.012   0.002  -0.002[0m
[1;32muart:~$ [m[8D[J[1;32muart:~$ [m[8D[J[00:02:28.654,000] [0m<inf> imu: ICM-42688-P  a  -0.163   9.741   0.314  g   0.000  -0.005   0.000[0m
[1;32muart:~$ [m[8D[J[00:02:28.756,000] [0m<inf> imu: LSM6DS3TR-C  a  -0.358   9.854   0.580  g   0.023  -0.062   0.015[0m
[1;32muart:~$ [m[8D[J[1;32muart:~$ [m[8D[J[00:02:28.756,000] [0m<inf> imu: LSM6DSV16X   a  -0.139   9.839   0.931  g  -0.013   0.002  -0.003[0m
[1;32muart:~$ [m[8D[J[00:02:28.757,000] [0m<inf> imu: ICM-42688-P  a  -0.159   9.755   0.322  g  -0.000  -0.005   0.000[0m
[1;32muart:~$ [m[8D[J[00:02:28.858,000] [0m<inf> imu: LSM6DS3TR-C  a  -0.342   9.854   0.534  g   0.023  -0.061   0.014[0m
[1;32muart:~$ [m[8D[J[1;32muart:~$ [m[8D[J[00:02:28.859,000] [0m<inf> imu: LSM6DSV16X   a  -0.127   9.845   0.935  g  -0.012   0.002  -0.003[0m
[1;32muart:~$ [m[8D[J[00:02:28.860,000] [0m<inf> imu: ICM-42688-P  a  -0.150   9.754   0.321  g  -0.001  -0.005   0.000[0m
[1;32muart:~$ [m[8D[J[00:02:28.961,000] [0m<inf> imu: LSM6DS3TR-C  a  -0.355   9.861   0.536  g   0.022  -0.060   0.014[0m
[1;32muart:~$ [m[8D[J[00:02:28.961,000] [0m<inf> imu: LSM6DSV16X   a  -0.131   9.832   0.930  g  -0.011   0.002  -0.003[0m
[1;32muart:~$ [m[8D[J[1;32muart:~$ [m[8D[J[00:02:28.962,000] [0m<inf> imu: ICM-42688-P  a  -0.163   9.759   0.324  g   0.000  -0.006   0.000[0m
[1;32muart:~$ [m[8D[J[1;32muart:~$ [m[8D[J[00:02:29.063,000] [0m<inf> imu: LSM6DS3TR-C  a  -0.370   9.830   0.562  g   0.023  -0.060   0.016[0m
[1;32muart:~$ [m[8D[J[00:02:29.064,000] [0m<inf> imu: LSM6DSV16X   a  -0.124   9.832   0.931  g  -0.012   0.002  -0.003[0m
[1;32muart:~$ [m[8D[J[1;32muart:~$ [m[8D[J[00:02:29.064,000] [0m<inf> imu: ICM-42688-P  a  -0.158   9.768   0.332  g  -0.001  -0.005   0.001[0m
[1;32muart:~$ [m[8D[J[00:02:29.165,000] [0m<inf> imu: LSM6DS3TR-C  a  -0.345   9.844   0.583  g   0.022  -0.062   0.013[0m
[1;32muart:~$ [m[8D[J[1;32muart:~$ [m[8D[J[00:02:29.166,000] [0m<inf> imu: LSM6DSV16X   a  -0.139   9.837   0.933  g  -0.012   0.002  -0.003[0m
[1;32muart:~$ [m[8D[J[00:02:29.166,000] [0m<inf> imu: ICM-42688-P  a  -0.159   9.765   0.305  g  -0.000  -0.005   0.001[0m
[1;32muart:~$ [m[8D[J[1;32muart:~$ [m[8D[J[00:02:29.268,000] [0m<inf> imu: LSM6DS3TR-C  a  -0.346   9.836   0.548  g   0.022  -0.060   0.013[0m
[1;32muart:~$ [m[8D[J[00:02:29.268,000] [0m<inf> imu: LSM6DSV16X   a  -0.132   9.837   0.933  g  -0.012   0.002  -0.003[0m
[1;32muart:~$ [m[8D[J[1;32muart:~$ [m[8D[J[00:02:29.269,000] [0m<inf> imu: ICM-42688-P  a  -0.159   9.761   0.324  g   0.000  -0.006  -0.000[0m
[1;32muart:~$ [m[8D[J[00:02:29.370,000] [0m<inf> imu: LSM6DS3TR-C  a  -0.357   9.845   0.557  g   0.021  -0.060   0.016[0m
[1;32muart:~$ [m[8D[J[00:02:29.371,000] [0m<inf> imu: LSM6DSV16X   a  -0.125   9.842   0.930  g  -0.012   0.002  -0.003[0m
[1;32muart:~$ [m[8D[J[1;32muart:~$ [m[8D[J[00:02:29.371,000] [0m<inf> imu: ICM-42688-P  a  -0.154   9.768   0.326  g   0.000  -0.005   0.001[0m
[1;32muart:~$ [m[8D[J[00:02:29.473,000] [0m<inf> imu: LSM6DS3TR-C  a  -0.382   9.854   0.553  g   0.022  -0.060   0.016[0m
[1;32muart:~$ [m[8D[J[1;32muart:~$ [m[8D[J[00:02:29.474,000] [0m<inf> imu: LSM6DSV16X   a  -0.129   9.835   0.934  g  -0.012   0.002  -0.003[0m
[1;32muart:~$ [m[8D[J[00:02:29.474,000] [0m<inf> imu: ICM-42688-P  a  -0.164   9.760   0.324  g  -0.000  -0.006   0.000[0m
[1;32muart:~$ [m[8D[J[00:02:29.576,000] [0m<inf> imu: LSM6DS3TR-C  a  -0.337   9.836   0.547  g   0.024  -0.061   0.015[0m
[1;32muart:~$ [m[8D[J[1;32muart:~$ [m[8D[J[00:02:29.576,000] [0m<inf> imu: LSM6DSV16X   a  -0.138   9.834   0.924  g  -0.011   0.001  -0.003[0m
[1;32muart:~$ [m[8D[J[00:02:29.577,000] [0m<inf> imu: ICM-42688-P  a  -0.160   9.765   0.323  g  -0.000  -0.005   0.001[0m
[1;32muart:~$ [m[8D[J[00:02:29.678,000] [0m<inf> imu: LSM6DS3TR-C  a  -0.367   9.824   0.541  g   0.023  -0.061   0.014[0m
[1;32muart:~$ [m[8D[J[00:02:29.679,000] [0m<inf> imu: LSM6DSV16X   a  -0.142   9.841   0.933  g  -0.011   0.003  -0.003[0m
[1;32muart:~$ [m[8D[J[1;32muart:~$ [m[8D[J[00:02:29.679,000] [0m<inf> imu: ICM-42688-P  a  -0.151   9.761   0.317  g   0.000  -0.005   0.000[0m
[1;32muart:~$ [m[8D[J[1;32muart:~$ [m[8D[J[00:02:29.780,000] [0m<inf> imu: LSM6DS3TR-C  a  -0.342   9.848   0.541  g   0.022  -0.060   0.017[0m
[1;32muart:~$ [m[8D[J[00:02:29.781,000] [0m<inf> imu: LSM6DSV16X   a  -0.132   9.835   0.923  g  -0.010   0.002  -0.003[0m
[1;32muart:~$ [m[8D[J[1;32muart:~$ [m[8D[J[00:02:29.781,000] [0m<inf> imu: ICM-42688-P  a  -0.166   9.752   0.315  g  -0.001  -0.005  -0.000[0m
[1;32muart:~$ [m[8D[J[00:02:29.883,000] [0m<inf> imu: LSM6DS3TR-C  a  -0.355   9.846   0.568  g   0.022  -0.060   0.015[0m
[1;32muart:~$ [m[8D[J[1;32muart:~$ [m[8D[J[00:02:29.883,000] [0m<inf> imu: LSM6DSV16X   a  -0.124   9.828   0.921  g  -0.011   0.002  -0.002[0m
[1;32muart:~$ [m[8D[J[00:02:29.884,000] [0m<inf> imu: ICM-42688-P  a  -0.159   9.764   0.328  g  -0.000  -0.005   0.001[0m
[1;32muart:~$ [m[8D[J[1;32muart:~$ [m[8D[J[00:02:29.985,000] [0m<inf> imu: LSM6DS3TR-C  a  -0.342   9.869   0.538  g   0.024  -0.060   0.014[0m
[1;32muart:~$ [m[8D[J[00:02:29.986,000] [0m<inf> imu: LSM6DSV16X   a  -0.137   9.840   0.938  g  -0.010   0.002  -0.002[0m
[1;32muart:~$ [m[8D[J[00:02:29.986,000] [0m<inf> imu: ICM-42688-P  a  -0.162   9.768   0.332  g   0.001  -0.005   0.001[0m
[1;32muart:~$ [m[8D[J[1;32muart:~$ [m[8D[J[00:02:30.087,000] [0m<inf> imu: LSM6DS3TR-C  a  -0.360   9.849   0.557  g   0.024  -0.060   0.015[0m
[1;32muart:~$ [m[8D[J[00:02:30.088,000] [0m<inf> imu: LSM6DSV16X   a  -0.136   9.835   0.906  g  -0.009   0.002  -0.002[0m
[1;32muart:~$ [m[8D[J[1;32muart:~$ [m[8D[J[00:02:30.088,000] [0m<inf> imu: ICM-42688-P  a  -0.162   9.765   0.311  g   0.003  -0.004   0.002[0m
[1;32muart:~$ [m[8D[J[00:02:30.190,000] [0m<inf> imu: LSM6DS3TR-C  a  -0.354   9.802   0.560  g   0.023  -0.061   0.016[0m
[1;32muart:~$ [m[8D[J[00:02:30.191,000] [0m<inf> imu: LSM6DSV16X   a  -0.117   9.806   0.933  g  -0.011   0.003  -0.002[0m
[1;32muart:~$ [m[8D[J[1;32muart:~$ [m[8D[J[00:02:30.192,000] [0m<inf> imu: ICM-42688-P  a  -0.146   9.681   0.315  g   0.002  -0.005   0.002[0m
[1;32muart:~$ [m[8D[J[00:02:30.293,000] [0m<inf> imu: LSM6DS3TR-C  a  -0.318   9.926   0.594  g   0.021  -0.061   0.015[0m
[1;32muart:~$ [m[8D[J[1;32muart:~$ [m[8D[J[00:02:30.294,000] [0m<inf> imu: LSM6DSV16X   a  -0.138   9.961   0.979  g  -0.013   0.002  -0.003[0m
[1;32muart:~$ [m[8D[J[00:02:30.295,000] [0m<inf> imu: ICM-42688-P  a  -0.158   9.829   0.357  g  -0.002  -0.006  -0.001[0m
[1;32muart:~$ [m[8D[J[1;32muart:~$ [m[8D[J[00:02:30.396,000] [0m<inf> imu: LSM6DS3TR-C  a  -0.385   9.727   0.501  g   0.025  -0.061   0.017[0m
[1;32muart:~$ [m[8D[J[00:02:30.397,000] [0m<inf> imu: LSM6DSV16X   a  -0.127   9.744   0.876  g  -0.010   0.002  -0.003[0m
[1;32muart:~$ [m[8D[J[1;32muart:~$ [m[8D[J[00:02:30.398,000] [0m<inf> imu: ICM-42688-P  a  -0.164   9.705   0.265  g   0.002  -0.006   0.001[0m
[1;32muart:~$ [m[8D[J[00:02:30.499,000] [0m<inf> imu: LSM6DS3TR-C  a  -0.372   9.936   0.507  g   0.023  -0.060   0.015[0m
[1;32muart:~$ [m[8D[J[1;32muart:~$ [m[8D[J[00:02:30.500,000] [0m<inf> imu: LSM6DSV16X   a  -0.141   9.904   0.913  g  -0.012   0.004  -0.003[0m
[1;32muart:~$ [m[8D[J[00:02:30.500,000] [0m<inf> imu: ICM-42688-P  a  -0.160   9.819   0.300  g  -0.001  -0.005   0.001[0m
[1;32muart:~$ [m[8D[J[1;32muart:~$ [m[8D[J[00:02:30.601,000] [0m<inf> imu: LSM6DS3TR-C  a  -0.322   9.802   0.591  g   0.024  -0.060   0.016[0m
[1;32muart:~$ [m[8D[J[00:02:30.602,000] [0m<inf> imu: LSM6DSV16X   a  -0.127   9.786   0.948  g  -0.010   0.002  -0.002[0m
[1;32muart:~$ [m[8D[J[1;32muart:~$ [m[8D[J[00:02:30.603,000] [0m<inf> imu: ICM-42688-P  a  -0.141   9.750   0.348  g   0.002  -0.005   0.001[0m
[1;32muart:~$ [m[8D[J[00:02:30.704,000] [0m<inf> imu: LSM6DS3TR-C  a  -0.312   9.876   0.567  g   0.020  -0.060   0.013[0m
[1;32muart:~$ [m[8D[J[00:02:30.704,000] [0m<inf> imu: LSM6DSV16X   a  -0.126   9.845   0.913  g  -0.013   0.001  -0.004[0m
[1;32muart:~$ [m[8D[J[1;32muart:~$ [m[8D[J[00:02:30.705,000] [0m<inf> imu: ICM-42688-P  a  -0.159   9.747   0.299  g  -0.002  -0.005  -0.001[0m
[1;32muart:~$ [m[8D[J[00:02:30.806,000] [0m<inf> imu: LSM6DS3TR-C  a  -0.365   9.833   0.579  g   0.024  -0.060   0.016[0m
[1;32muart:~$ [m[8D[J[1;32muart:~$ [m[8D[J[00:02:30.807,000] [0m<inf> imu: LSM6DSV16X   a  -0.135   9.829   0.910  g  -0.011   0.003  -0.003[0m
[1;32muart:~$ [m[8D[J[00:02:30.808,000] [0m<inf> imu: ICM-42688-P  a  -0.174   9.742   0.299  g   0.001  -0.005   0.000[0m
[1;32muart:~$ [m[8D[J[00:02:30.909,000] [0m<inf> imu: LSM6DS3TR-C  a  -0.380   9.855   0.556  g   0.022  -0.061   0.013[0m
[1;32muart:~$ [m[8D[J[1;32muart:~$ [m[8D[J[00:02:30.910,000] [0m<inf> imu: LSM6DSV16X   a  -0.123   9.835   0.931  g  -0.013   0.002  -0.004[0m
[1;32muart:~$ [m[8D[J[00:02:30.910,000] [0m<inf> imu: ICM-42688-P  a  -0.157   9.753   0.321  g  -0.002  -0.005  -0.001[0m
[1;32muart:~$ [m[8D[J[00:02:31.011,000] [0m<inf> imu: LSM6DS3TR-C  a  -0.385   9.828   0.556  g   0.022  -0.062   0.017[0m
[1;32muart:~$ [m[8D[J[00:02:31.012,000] [0m<inf> imu: LSM6DSV16X   a  -0.129   9.846   0.924  g  -0.012   0.002  -0.003[0m
[1;32muart:~$ [m[8D[J[1;32muart:~$ [m[8D[J[00:02:31.012,000] [0m<inf> imu: ICM-42688-P  a  -0.162   9.771   0.323  g  -0.000  -0.005   0.000[0m
[1;32muart:~$ [m[8D[J[1;32muart:~$ [m[8D[J[00:02:31.114,000] [0m<inf> imu: LSM6DS3TR-C  a  -0.345   9.836   0.548  g   0.022  -0.061   0.015[0m
[1;32muart:~$ [m[8D[J[00:02:31.114,000] [0m<inf> imu: LSM6DSV16X   a  -0.127   9.829   0.924  g  -0.012   0.002  -0.003[0m
[1;32muart:~$ [m[8D[J[1;32muart:~$ [m[8D[J[00:02:31.115,000] [0m<inf> imu: ICM-42688-P  a  -0.146   9.750   0.329  g   0.000  -0.005  -0.000[0m
[1;32muart:~$ [m[8D[J[00:02:31.216,000] [0m<inf> imu: LSM6DS3TR-C  a  -0.380   9.855   0.580  g   0.023  -0.059   0.016[0m
[1;32muart:~$ [m[8D[J[1;32muart:~$ [m[8D[J[00:02:31.217,000] [0m<inf> imu: LSM6DSV16X   a  -0.135   9.848   0.928  g  -0.011   0.001  -0.003[0m
[1;32muart:~$ [m[8D[J[00:02:31.217,000] [0m<inf> imu: ICM-42688-P  a  -0.154   9.756   0.306  g  -0.001  -0.006   0.000[0m
[1;32muart:~$ [m[8D[J[1;32muart:~$ [m[8D[J[00:02:31.318,000] [0m<inf> imu: LSM6DS3TR-C  a  -0.376   9.844   0.548  g   0.022  -0.059   0.016[0m
[1;32muart:~$ [m[8D[J[00:02:31.319,000] [0m<inf> imu: LSM6DSV16X   a  -0.129   9.830   0.924  g  -0.012   0.002  -0.003[0m
[1;32muart:~$ [m[8D[J[1;32muart:~$ [m[8D[J[00:02:31.319,000] [0m<inf> imu: ICM-42688-P  a  -0.159   9.765   0.316  g  -0.001  -0.005   0.000[0m
[1;32muart:~$ [m[8D[J[00:02:31.420,000] [0m<inf> imu: LSM6DS3TR-C  a  -0.404   9.858   0.590  g   0.024  -0.061   0.016[0m
[1;32muart:~$ [m[8D[J[00:02:31.421,000] [0m<inf> imu: LSM6DSV16X   a  -0.127   9.837   0.930  g  -0.011   0.002  -0.003[0m
[1;32muart:~$ [m[8D[J[1;32muart:~$ [m[8D[J[00:02:31.422,000] [0m<inf> imu: ICM-42688-P  a  -0.150   9.732   0.300  g   0.000  -0.005   0.000[0m
[1;32muart:~$ [m[8D[J[00:02:31.523,000] [0m<inf> imu: LSM6DS3TR-C  a  -0.390   9.855   0.541  g   0.023  -0.062   0.015[0m
[1;32muart:~$ [m[8D[J[1;32muart:~$ [m[8D[J[00:02:31.525,000] [0m<inf> imu: LSM6DSV16X   a  -0.134   9.856   0.926  g  -0.011   0.002  -0.003[0m
[1;32muart:~$ [m[8D[J[00:02:31.525,000] [0m<inf> imu: ICM-42688-P  a  -0.183   9.785   0.328  g   0.000  -0.006   0.001[0m
[1;32muart:~$ [m[8D[J[00:02:31.626,000] [0m<inf> imu: LSM6DS3TR-C  a  -0.343   9.835   0.569  g   0.023  -0.061   0.014[0m
[1;32muart:~$ [m[8D[J[1;32muart:~$ [m[8D[J[00:02:31.627,000] [0m<inf> imu: LSM6DSV16X   a  -0.129   9.833   0.940  g  -0.011   0.002  -0.003[0m
[1;32muart:~$ [m[8D[J[00:02:31.628,000] [0m<inf> imu: ICM-42688-P  a  -0.159   9.761   0.329  g  -0.001  -0.004  -0.001[0m
[1;32muart:~$ [m[8D[J[1;32muart:~$ [m[8D[J[00:02:31.730,000] [0m<inf> imu: LSM6DS3TR-C  a  -0.371   9.835   0.548  g   0.020  -0.060   0.015[0m
[1;32muart:~$ [m[8D[J[00:02:31.731,000] [0m<inf> imu: LSM6DSV16X   a  -0.133   9.823   0.916  g  -0.011   0.002  -0.004[0m
[1;32muart:~$ [m[8D[J[1;32muart:~$ [m[8D[J[00:02:31.732,000] [0m<inf> imu: ICM-42688-P  a  -0.171   9.743   0.308  g   0.000  -0.005   0.000[0m
[1;32muart:~$ [m[8D[J[00:02:31.833,000] [0m<inf> imu: LSM6DS3TR-C  a  -0.345   9.858   0.554  g   0.024  -0.061   0.015[0m
[1;32muart:~$ [m[8D[J[1;32muart:~$ [m[8D[J[00:02:31.834,000] [0m<inf> imu: LSM6DSV16X   a  -0.131   9.846   0.925  g  -0.011   0.001  -0.003[0m
[1;32muart:~$ [m[8D[J[00:02:31.834,000] [0m<inf> imu: ICM-42688-P  a  -0.163   9.761   0.318  g   0.000  -0.005   0.000[0m
[1;32muart:~$ [m[8D[J[1;32muart:~$ [m[8D[J[00:02:31.935,000] [0m<inf> imu: LSM6DS3TR-C  a  -0.358   9.811   0.560  g   0.021  -0.061   0.016[0m
[1;32muart:~$ [m[8D[J[00:02:31.936,000] [0m<inf> imu: LSM6DSV16X   a  -0.141   9.836   0.924  g  -0.012   0.002  -0.003[0m
[1;32muart:~$ [m[8D[J[1;32muart:~$ [m[8D[J[00:02:31.937,000] [0m<inf> imu: ICM-42688-P  a  -0.154   9.758   0.304  g   0.000  -0.006  -0.000[0m
[1;32muart:~$ [m[8D[J[00:02:32.038,000] [0m<inf> imu: LSM6DS3TR-C  a  -0.340   9.852   0.571  g   0.024  -0.060   0.013[0m
[1;32muart:~$ [m[8D[J[00:02:32.038,000] [0m<inf> imu: LSM6DSV16X   a  -0.132   9.845   0.915  g  -0.012   0.002  -0.002[0m
[1;32muart:~$ [m[8D[J[1;32muart:~$ [m[8D[J[00:02:32.039,000] [0m<inf> imu: ICM-42688-P  a  -0.154   9.759   0.326  g   0.001  -0.006   0.001[0m
[1;32muart:~$ [m[8D[J[00:02:32.140,000] [0m<inf> imu: LSM6DS3TR-C  a  -0.351   9.818   0.581  g   0.024  -0.060   0.013[0m
[1;32muart:~$ [m[8D[J[00:02:32.141,000] [0m<inf> imu: LSM6DSV16X   a  -0.134   9.842   0.921  g  -0.012   0.001  -0.002[0m
[1;32muart:~$ [m[8D[J[1;32muart:~$ [m[8D[J[00:02:32.142,000] [0m<inf> imu: ICM-42688-P  a  -0.169   9.776   0.333  g   0.001  -0.005   0.001[0m
[1;32muart:~$ [m[8D[J[00:02:32.243,000] [0m<inf> imu: LSM6DS3TR-C  a  -0.343   9.828   0.575  g   0.022  -0.060   0.014[0m
[1;32muart:~$ [m[8D[J[1;32muart:~$ [m[8D[J[00:02:32.244,000] [0m<inf> imu: LSM6DSV16X   a  -0.130   9.823   0.930  g  -0.012   0.002  -0.003[0m
[1;32muart:~$ [m[8D[J[00:02:32.244,000] [0m<inf> imu: ICM-42688-P  a  -0.162   9.742   0.326  g  -0.001  -0.005   0.000[0m
[1;32muart:~$ [m[8D[J[1;32muart:~$ [m[8D[J[00:02:32.346,000] [0m<inf> imu: LSM6DS3TR-C  a  -0.366   9.830   0.580  g   0.024  -0.061   0.012[0m
[1;32muart:~$ [m[8D[J[00:02:32.348,000] [0m<inf> imu: LSM6DSV16X   a  -0.134   9.842   0.926  g  -0.011   0.002  -0.003[0m
[1;32muart:~$ [m[8D[J[1;32muart:~$ [m[8D[J[00:02:32.348,000] [0m<inf> imu: ICM-42688-P  a  -0.156   9.717   0.311  g  -0.001  -0.006   0.001[0m
[1;32muart:~$ [m[8D[J[00:02:32.450,000] [0m<inf> imu: LSM6DS3TR-C  a  -0.392   9.891   0.589  g   0.023  -0.061   0.013[0m
[1;32muart:~$ [m[8D[J[1;32muart:~$ [m[8D[J[00:02:32.450,000] [0m<inf> imu: LSM6DSV16X   a  -0.129   9.858   0.927  g  -0.013   0.002  -0.003[0m
[1;32muart:~$ [m[8D[J[00:02:32.451,000] [0m<inf> imu: ICM-42688-P  a  -0.165   9.773   0.327  g   0.000  -0.005   0.000[0m
[1;32muart:~$ [m[8D[J[1;32muart:~$ [m[8D[J[00:02:32.552,000] [0m<inf> imu: LSM6DS3TR-C  a  -0.388   9.816   0.580  g   0.022  -0.060   0.014[0m
[1;32muart:~$ [m[8D[J[00:02:32.553,000] [0m<inf> imu: LSM6DSV16X   a  -0.126   9.836   0.923  g  -0.011   0.002  -0.003[0m
[1;32muart:~$ [m[8D[J[1;32muart:~$ [m[8D[J[00:02:32.553,000] [0m<inf> imu: ICM-42688-P  a  -0.148   9.748   0.324  g   0.000  -0.005   0.000[0m
[1;32muart:~$ [m[8D[J[00:02:32.654,000] [0m<inf> imu: LSM6DS3TR-C  a  -0.336   9.843   0.554  g   0.024  -0.062   0.014[0m
[1;32muart:~$ [m[8D[J[00:02:32.655,000] [0m<inf> imu: LSM6DSV16X   a  -0.137   9.846   0.936  g  -0.013   0.002  -0.003[0m
[1;32muart:~$ [m[8D[J[1;32muart:~$ [m[8D[J[00:02:32.656,000] [0m<inf> imu: ICM-42688-P  a  -0.158   9.776   0.335  g   0.000  -0.005   0.001[0m
[1;32muart:~$ [m[8D[J[00:02:32.757,000] [0m<inf> imu: LSM6DS3TR-C  a  -0.356   9.767   0.532  g   0.023  -0.060   0.015[0m
[1;32muart:~$ [m[8D[J[00:02:32.758,000] [0m<inf> imu: LSM6DSV16X   a  -0.119   9.801   0.914  g  -0.010   0.002  -0.002[0m
[1;32muart:~$ [m[8D[J[1;32muart:~$ [m[8D[J[00:02:32.759,000] [0m<inf> imu: ICM-42688-P  a  -0.158   9.701   0.316  g   0.001  -0.005   0.001[0m
[1;32muart:~$ [m[8D[J[00:02:32.860,000] [0m<inf> imu: LSM6DS3TR-C  a  -0.413   9.872   0.560  g   0.023  -0.059   0.015[0m
[1;32muart:~$ [m[8D[J[1;32muart:~$ [m[8D[J[00:02:32.861,000] [0m<inf> imu: LSM6DSV16X   a  -0.130   9.848   0.927  g  -0.012   0.002  -0.003[0m
[1;32muart:~$ [m[8D[J[00:02:32.861,000] [0m<inf> imu: ICM-42688-P  a  -0.163   9.752   0.303  g  -0.001  -0.004  -0.001[0m
[1;32muart:~$ [m[8D[J[00:02:32.962,000] [0m<inf> imu: LSM6DS3TR-C  a  -0.380   9.846   0.580  g   0.022  -0.061   0.016[0m
[1;32muart:~$ [m[8D[J[00:02:32.963,000] [0m<inf> imu: LSM6DSV16X   a  -0.137   9.845   0.940  g  -0.010   0.002  -0.003[0m
[1;32muart:~$ [m[8D[J[1;32muart:~$ [m[8D[J[00:02:32.964,000] [0m<inf> imu: ICM-42688-P  a  -0.162   9.752   0.333  g  -0.000  -0.005   0.000[0m
[1;32muart:~$ [m[8D[J[1;32muart:~$ [m[8D[J[00:02:33.065,000] [0m<inf> imu: LSM6DS3TR-C  a  -0.367   9.820   0.494  g   0.023  -0.061   0.014[0m
[1;32muart:~$ [m[8D[J[00:02:33.065,000] [0m<inf> imu: LSM6DSV16X   a  -0.127   9.837   0.909  g  -0.011   0.001  -0.003[0m
[1;32muart:~$ [m[8D[J[1;32muart:~$ [m[8D[J[00:02:33.066,000] [0m<inf> imu: ICM-42688-P  a  -0.163   9.730   0.345  g  -0.001  -0.005   0.000[0m
[1;32muart:~$ [m[8D[J[00:02:33.167,000] [0m<inf> imu: LSM6DS3TR-C  a  -0.331   9.857   0.579  g   0.023  -0.060   0.017[0m
[1;32muart:~$ [m[8D[J[1;32muart:~$ [m[8D[J[00:02:33.168,000] [0m<inf> imu: LSM6DSV16X   a  -0.134   9.832   0.934  g  -0.012   0.001  -0.003[0m
[1;32muart:~$ [m[8D[J[00:02:33.168,000] [0m<inf> imu: ICM-42688-P  a  -0.154   9.764   0.312  g  -0.000  -0.005  -0.000[0m
[1;32muart:~$ [m[8D[J[1;32muart:~$ [m[8D[J[00:02:33.269,000] [0m<inf> imu: LSM6DS3TR-C  a  -0.455   9.898   0.577  g   0.021  -0.060   0.013[0m
[1;32muart:~$ [m[8D[J[00:02:33.270,000] [0m<inf> imu: LSM6DSV16X   a  -0.130   9.827   0.914  g  -0.012   0.003  -0.003[0m
[1;32muart:~$ [m[8D[J[1;32muart:~$ [m[8D[J[00:02:33.270,000] [0m<inf> imu: ICM-42688-P  a  -0.159   9.735   0.312  g  -0.001  -0.005   0.000[0m
[1;32muart:~$ [m[8D[J[00:02:33.372,000] [0m<inf> imu: LSM6DS3TR-C  a  -0.369   9.835   0.552  g   0.023  -0.061   0.017[0m
[1;32muart:~$ [m[8D[J[00:02:33.372,000] [0m<inf> imu: LSM6DSV16X   a  -0.136   9.853   0.933  g  -0.011   0.002  -0.003[0m
[1;32muart:~$ [m[8D[J[1;32muart:~$ [m[8D[J[00:02:33.373,000] [0m<inf> imu: ICM-42688-P  a  -0.162   9.756   0.324  g  -0.000  -0.005   0.001[0m
[1;32muart:~$ [m[8D[J[00:02:33.475,000] [0m<inf> imu: LSM6DS3TR-C  a  -0.334   9.800   0.605  g   0.024  -0.059   0.018[0m
[1;32muart:~$ [m[8D[J[1;32muart:~$ [m[8D[J[00:02:33.475,000] [0m<inf> imu: LSM6DSV16X   a  -0.134   9.792   0.916  g  -0.011   0.002  -0.002[0m
[1;32muart:~$ [m[8D[J[00:02:33.476,000] [0m<inf> imu: ICM-42688-P  a  -0.146   9.713   0.339  g  -0.001  -0.005   0.000[0m
[1;32muart:~$ [m[8D[J[00:02:33.577,000] [0m<inf> imu: LSM6DS3TR-C  a  -0.358   9.859   0.564  g   0.022  -0.059   0.014[0m
[1;32muart:~$ [m[8D[J[1;32muart:~$ [m[8D[J[00:02:33.578,000] [0m<inf> imu: LSM6DSV16X   a  -0.130   9.837   0.921  g  -0.011   0.002  -0.003[0m
[1;32muart:~$ [m[8D[J[00:02:33.579,000] [0m<inf> imu: ICM-42688-P  a  -0.168   9.762   0.308  g  -0.001  -0.005   0.001[0m
[1;32muart:~$ [m[8D[J[00:02:33.680,000] [0m<inf> imu: LSM6DS3TR-C  a  -0.357   9.869   0.571  g   0.022  -0.061   0.015[0m
[1;32muart:~$ [m[8D[J[00:02:33.680,000] [0m<inf> imu: LSM6DSV16X   a  -0.138   9.845   0.926  g  -0.011   0.002  -0.003[0m
[1;32muart:~$ [m[8D[J[1;32muart:~$ [m[8D[J[00:02:33.681,000] [0m<inf> imu: ICM-42688-P  a  -0.168   9.777   0.332  g   0.001  -0.005   0.001[0m
[1;32muart:~$ [m[8D[J[1;32muart:~$ [m[8D[J[00:02:33.782,000] [0m<inf> imu: LSM6DS3TR-C  a  -0.392   9.869   0.602  g   0.022  -0.060   0.015[0m
[1;32muart:~$ [m[8D[J[00:02:33.783,000] [0m<inf> imu: LSM6DSV16X   a  -0.136   9.849   0.940  g  -0.011   0.002  -0.002[0m
[1;32muart:~$ [m[8D[J[1;32muart:~$ [m[8D[J[00:02:33.783,000] [0m<inf> imu: ICM-42688-P  a  -0.163   9.776   0.329  g   0.000  -0.005   0.000[0m
[1;32muart:~$ [m[8D[J[00:02:33.885,000] [0m<inf> imu: LSM6DS3TR-C  a  -0.378   9.832   0.570  g   0.022  -0.060   0.013[0m
[1;32muart:~$ [m[8D[J[1;32muart:~$ [m[8D[J[00:02:33.885,000] [0m<inf> imu: LSM6DSV16X   a  -0.124   9.835   0.928  g  -0.012   0.001  -0.003[0m
[1;32muart:~$ [m[8D[J[00:02:33.886,000] [0m<inf> imu: ICM-42688-P  a  -0.152   9.752   0.318  g  -0.001  -0.005   0.000[0m
[1;32muart:~$ [m[8D[J[1;32muart:~$ [m[8D[J[00:02:33.987,000] [0m<inf> imu: LSM6DS3TR-C  a  -0.383   9.855   0.546  g   0.025  -0.063   0.013[0m
[1;32muart:~$ [m[8D[J[00:02:33.988,000] [0m<inf> imu: LSM6DSV16X   a  -0.136   9.839   0.924  g  -0.012   0.002  -0.003[0m
[1;32muart:~$ [m[8D[J[1;32muart:~$ [m[8D[J[00:02:33.988,000] [0m<inf> imu: ICM-42688-P  a  -0.160   9.770   0.326  g   0.000  -0.005   0.000[0m
[1;32muart:~$ [m[8D[J[00:02:34.089,000] [0m<inf> imu: LSM6DS3TR-C  a  -0.380   9.846   0.563  g   0.023  -0.060   0.016[0m
[1;32muart:~$ [m[8D[J[00:02:34.090,000] [0m<inf> imu: LSM6DSV16X   a  -0.129   9.835   0.924  g  -0.011   0.002  -0.003[0m
[1;32muart:~$ [m[8D[J[1;32muart:~$ [m[8D[J[00:02:34.090,000] [0m<inf> imu: ICM-42688-P  a  -0.141   9.759   0.323  g  -0.000  -0.005   0.001[0m
[1;32muart:~$ [m[8D[J[00:02:34.191,000] [0m<inf> imu: LSM6DS3TR-C  a  -0.359   9.866   0.570  g   0.022  -0.063   0.013[0m
[1;32muart:~$ [m[8D[J[00:02:34.192,000] [0m<inf> imu: LSM6DSV16X   a  -0.136   9.826   0.921  g  -0.011   0.002  -0.002[0m
[1;32muart:~$ [m[8D[J[1;32muart:~$ [m[8D[J[00:02:34.193,000] [0m<inf> imu: ICM-42688-P  a  -0.150   9.749   0.317  g   0.000  -0.006   0.001[0m
[1;32muart:~$ [m[8D[J[00:02:34.294,000] [0m<inf> imu: LSM6DS3TR-C  a  -0.336   9.872   0.577  g   0.023  -0.061   0.015[0m
[1;32muart:~$ [m[8D[J[1;32muart:~$ [m[8D[J[00:02:34.295,000] [0m<inf> imu: LSM6DSV16X   a  -0.132   9.842   0.924  g  -0.012   0.002  -0.003[0m
[1;32muart:~$ [m[8D[J[00:02:34.295,000] [0m<inf> imu: ICM-42688-P  a  -0.162   9.759   0.316  g   0.000  -0.005   0.000[0m
[1;32muart:~$ [m[8D[J[00:02:34.396,000] [0m<inf> imu: LSM6DS3TR-C  a  -0.331   9.826   0.541  g   0.022  -0.060   0.014[0m
[1;32muart:~$ [m[8D[J[00:02:34.397,000] [0m<inf> imu: LSM6DSV16X   a  -0.129   9.841   0.933  g  -0.011   0.001  -0.003[0m
[1;32muart:~$ [m[8D[J[1;32muart:~$ [m[8D[J[00:02:34.397,000] [0m<inf> imu: ICM-42688-P  a  -0.158   9.754   0.311  g  -0.000  -0.005  -0.001[0m
[1;32muart:~$ [m[8D[J[1;32muart:~$ [m[8D[J[00:02:34.499,000] [0m<inf> imu: LSM6DS3TR-C  a  -0.349   9.802   0.546  g   0.023  -0.061   0.015[0m
[1;32muart:~$ [m[8D[J[00:02:34.499,000] [0m<inf> imu: LSM6DSV16X   a  -0.139   9.837   0.924  g  -0.012   0.002  -0.003[0m
[1;32muart:~$ [m[8D[J[1;32muart:~$ [m[8D[J[00:02:34.500,000] [0m<inf> imu: ICM-42688-P  a  -0.154   9.764   0.308  g  -0.001  -0.005   0.001[0m
[1;32muart:~$ [m[8D[J[00:02:34.601,000] [0m<inf> imu: LSM6DS3TR-C  a  -0.341   9.849   0.542  g   0.024  -0.062   0.015[0m
[1;32muart:~$ [m[8D[J[1;32muart:~$ [m[8D[J[00:02:34.602,000] [0m<inf> imu: LSM6DSV16X   a  -0.129   9.842   0.928  g  -0.011   0.002  -0.003[0m
[1;32muart:~$ [m[8D[J[00:02:34.602,000] [0m<inf> imu: ICM-42688-P  a  -0.156   9.774   0.330  g   0.001  -0.006   0.001[0m
[1;32muart:~$ [m[8D[J[1;32muart:~$ [m[8D[J[00:02:34.703,000] [0m<inf> imu: LSM6DS3TR-C  a  -0.360   9.817   0.575  g   0.025  -0.061   0.016[0m
[1;32muart:~$ [m[8D[J[00:02:34.704,000] [0m<inf> imu: LSM6DSV16X   a  -0.129   9.802   0.935  g  -0.011   0.002  -0.003[0m
[1;32muart:~$ [m[8D[J[1;32muart:~$ [m[8D[J[00:02:34.704,000] [0m<inf> imu: ICM-42688-P  a  -0.156   9.773   0.327  g   0.001  -0.005   0.001[0m
[1;32muart:~$ [m[8D[J[00:02:34.805,000] [0m<inf> imu: LSM6DS3TR-C  a  -0.366   9.796   0.562  g   0.024  -0.060   0.013[0m
[1;32muart:~$ [m[8D[J[00:02:34.806,000] [0m<inf> imu: LSM6DSV16X   a  -0.133   9.846   0.921  g  -0.012   0.003  -0.003[0m
[1;32muart:~$ [m[8D[J[1;32muart:~$ [m[8D[J[00:02:34.807,000] [0m<inf> imu: ICM-42688-P  a  -0.153   9.747   0.330  g   0.000  -0.005   0.001[0m
[1;32muart:~$ [m[8D[J[00:02:34.908,000] [0m<inf> imu: LSM6DS3TR-C  a  -0.379   9.838   0.558  g   0.021  -0.059   0.013[0m
[1;32muart:~$ [m[8D[J[1;32muart:~$ [m[8D[J[00:02:34.909,000] [0m<inf> imu: LSM6DSV16X   a  -0.136   9.816   0.926  g  -0.011   0.002  -0.003[0m
[1;32muart:~$ [m[8D[J[00:02:34.910,000] [0m<inf> imu: ICM-42688-P  a  -0.176   9.747   0.333  g   0.001  -0.005   0.000[0m
[1;32muart:~$ [m[8D[J[1;32muart:~$ [m[8D[J[00:02:35.011,000] [0m<inf> imu: LSM6DS3TR-C  a  -0.334   9.794   0.559  g   0.025  -0.062   0.017[0m
[1;32muart:~$ [m[8D[J[00:02:35.012,000] [0m<inf> imu: LSM6DSV16X   a  -0.127   9.885   0.940  g  -0.010   0.003  -0.002[0m
[1;32muart:~$ [m[8D[J[00:02:35.012,000] [0m<inf> imu: ICM-42688-P  a  -0.150   9.798   0.333  g   0.001  -0.005   0.001[0m
[1;32muart:~$ [m[8D[J[1;32muart:~$ [m[8D[J[00:02:35.114,000] [0m<inf> imu: LSM6DS3TR-C  a  -0.344   9.833   0.558  g   0.023  -0.061   0.016[0m
[1;32muart:~$ [m[8D[J[00:02:35.115,000] [0m<inf> imu: LSM6DSV16X   a  -0.137   9.852   0.935  g  -0.012   0.002  -0.002[0m
[1;32muart:~$ [m[8D[J[1;32muart:~$ [m[8D[J[00:02:35.116,000] [0m<inf> imu: ICM-42688-P  a  -0.164   9.771   0.320  g   0.001  -0.005   0.001[0m
[1;32muart:~$ [m[8D[J[00:02:35.217,000] [0m<inf> imu: LSM6DS3TR-C  a  -0.342   9.864   0.568  g   0.024  -0.061   0.016[0m
[1;32muart:~$ [m[8D[J[1;32muart:~$ [m[8D[J[00:02:35.218,000] [0m<inf> imu: LSM6DSV16X   a  -0.127   9.830   0.940  g  -0.013   0.001  -0.003[0m
[1;32muart:~$ [m[8D[J[00:02:35.218,000] [0m<inf> imu: ICM-42688-P  a  -0.159   9.762   0.340  g  -0.001  -0.005  -0.000[0m
[1;32muart:~$ [m[8D[J[1;32muart:~$ [m[8D[J[00:02:35.320,000] [0m<inf> imu: LSM6DS3TR-C  a  -0.357   9.840   0.553  g   0.023  -0.061   0.013[0m
[1;32muart:~$ [m[8D[J[00:02:35.320,000] [0m<inf> imu: LSM6DSV16X   a  -0.136   9.846   0.918  g  -0.011   0.002  -0.003[0m
[1;32muart:~$ [m[8D[J[1;32muart:~$ [m[8D[J[00:02:35.321,000] [0m<inf> imu: ICM-42688-P  a  -0.158   9.770   0.316  g   0.001  -0.006   0.001[0m
[1;32muart:~$ [m[8D[J[00:02:35.422,000] [0m<inf> imu: LSM6DS3TR-C  a  -0.386   9.839   0.531  g   0.024  -0.059   0.014[0m
[1;32muart:~$ [m[8D[J[00:02:35.423,000] [0m<inf> imu: LSM6DSV16X   a  -0.132   9.837   0.922  g  -0.012   0.003  -0.002[0m
[1;32muart:~$ [m[8D[J[1;32muart:~$ [m[8D[J[00:02:35.423,000] [0m<inf> imu: ICM-42688-P  a  -0.162   9.770   0.311  g   0.000  -0.005   0.000[0m
[1;32muart:~$ [m[8D[J[00:02:35.525,000] [0m<inf> imu: LSM6DS3TR-C  a  -0.419   9.788   0.579  g   0.023  -0.059   0.015[0m
[1;32muart:~$ [m[8D[J[1;32muart:~$ [m[8D[J[00:02:35.526,000] [0m<inf> imu: LSM6DSV16X   a  -0.130   9.842   0.927  g  -0.011   0.002  -0.003[0m
[1;32muart:~$ [m[8D[J[00:02:35.527,000] [0m<inf> imu: ICM-42688-P  a  -0.162   9.778   0.338  g  -0.001  -0.004  -0.002[0m
[1;32muart:~$ [m[8D[J[00:02:35.628,000] [0m<inf> imu: LSM6DS3TR-C  a  -0.343   9.857   0.546  g   0.024  -0.061   0.015[0m
[1;32muart:~$ [m[8D[J[1;32muart:~$ [m[8D[J[00:02:35.628,000] [0m<inf> imu: LSM6DSV16X   a  -0.141   9.852   0.930  g  -0.010   0.002  -0.003[0m
[1;32muart:~$ [m[8D[J[00:02:35.629,000] [0m<inf> imu: ICM-42688-P  a  -0.169   9.804   0.314  g   0.000  -0.006   0.000[0m
[1;32muart:~$ [m[8D[J[00:02:35.730,000] [0m<inf> imu: LSM6DS3TR-C  a  -0.312   9.888   0.558  g   0.022  -0.060   0.016[0m
[1;32muart:~$ [m[8D[J[00:02:35.731,000] [0m<inf> imu: LSM6DSV16X   a  -0.134   9.836   0.914  g  -0.012   0.002  -0.003[0m
[1;32muart:~$ [m[8D[J[1;32muart:~$ [m[8D[J[00:02:35.731,000] [0m<inf> imu: ICM-42688-P  a  -0.153   9.740   0.298  g  -0.000  -0.005   0.000[0m
[1;32muart:~$ [m[8D[J[1;32muart:~$ [m[8D[J[00:02:35.832,000] [0m<inf> imu: LSM6DS3TR-C  a  -0.397   9.821   0.590  g   0.024  -0.060   0.015[0m
[1;32muart:~$ [m[8D[J[00:02:35.833,000] [0m<inf> imu: LSM6DSV16X   a  -0.134   9.873   0.895  g  -0.011   0.002  -0.003[0m
[1;32muart:~$ [m[8D[J[1;32muart:~$ [m[8D[J[00:02:35.833,000] [0m<inf> imu: ICM-42688-P  a  -0.151   9.795   0.273  g   0.001  -0.005  -0.001[0m
[1;32muart:~$ [m[8D[J[00:02:35.935,000] [0m<inf> imu: LSM6DS3TR-C  a  -0.353   9.826   0.629  g   0.023  -0.060   0.015[0m
[1;32muart:~$ [m[8D[J[1;32muart:~$ [m[8D[J[00:02:35.935,000] [0m<inf> imu: LSM6DSV16X   a  -0.110   9.818   0.936  g  -0.012   0.003  -0.003[0m
[1;32muart:~$ [m[8D[J[00:02:35.936,000] [0m<inf> imu: ICM-42688-P  a  -0.147   9.671   0.316  g  -0.001  -0.005   0.000[0m
[1;32muart:~$ [m[8D[J[1;32muart:~$ [m[8D[J[00:02:36.037,000] [0m<inf> imu: LSM6DS3TR-C  a  -0.342   9.888   0.520  g   0.021  -0.060   0.015[0m
[1;32muart:~$ [m[8D[J[00:02:36.038,000] [0m<inf> imu: LSM6DSV16X   a  -0.142   9.890   0.903  g  -0.012   0.002  -0.004[0m
[1;32muart:~$ [m[8D[J[00:02:36.038,000] [0m<inf> imu: ICM-42688-P  a  -0.163   9.846   0.286  g   0.000  -0.005   0.000[0m
[1;32muart:~$ [m[8D[J[00:02:36.139,000] [0m<inf> imu: LSM6DS3TR-C  a  -0.343   9.782   0.544  g   0.023  -0.060   0.017[0m
[1;32muart:~$ [m[8D[J[1;32muart:~$ [m[8D[J[00:02:36.140,000] [0m<inf> imu: LSM6DSV16X   a  -0.127   9.788   0.907  g  -0.011   0.002  -0.003[0m
[1;32muart:~$ [m[8D[J[00:02:36.140,000] [0m<inf> imu: ICM-42688-P  a  -0.170   9.750   0.338  g   0.001  -0.005   0.001[0m
[1;32muart:~$ [m[8D[J[00:02:36.242,000] [0m<inf> imu: LSM6DS3TR-C  a  -0.343   9.836   0.592  g   0.024  -0.062   0.014[0m
[1;32muart:~$ [m[8D[J[00:02:36.243,000] [0m<inf> imu: LSM6DSV16X   a  -0.124   9.809   0.945  g  -0.012   0.003  -0.003[0m
[1;32muart:~$ [m[8D[J[1;32muart:~$ [m[8D[J[00:02:36.244,000] [0m<inf> imu: ICM-42688-P  a  -0.168   9.722   0.329  g  -0.000  -0.004   0.000[0m
[1;32muart:~$ [m[8D[J[00:02:36.345,000] [0m<inf> imu: LSM6DS3TR-C  a  -0.347   9.870   0.694  g   0.021  -0.061   0.012[0m
[1;32muart:~$ [m[8D[J[00:02:36.345,000] [0m<inf> imu: LSM6DSV16X   a  -0.125   9.840   0.933  g  -0.012   0.002  -0.003[0m
[1;32muart:~$ [m[8D[J[1;32muart:~$ [m[8D[J[00:02:36.346,000] [0m<inf> imu: ICM-42688-P  a  -0.150   9.754   0.327  g  -0.001  -0.005   0.000[0m
[1;32muart:~$ [m[8D[J[00:02:36.447,000] [0m<inf> imu: LSM6DS3TR-C  a  -0.367   9.837   0.566  g   0.021  -0.062   0.013[0m
[1;32muart:~$ [m[8D[J[1;32muart:~$ [m[8D[J[00:02:36.448,000] [0m<inf> imu: LSM6DSV16X   a  -0.148   9.879   0.933  g  -0.013   0.002  -0.004[0m
[1;32muart:~$ [m[8D[J[00:02:36.448,000] [0m<inf> imu: ICM-42688-P  a  -0.171   9.815   0.324  g  -0.001  -0.006  -0.001[0m
[1;32muart:~$ [m[8D[J[1;32muart:~$ [m[8D[J[00:02:36.549,000] [0m<inf> imu: LSM6DS3TR-C  a  -0.339   9.966   0.528  g   0.026  -0.060   0.015[0m
[1;32muart:~$ [m[8D[J[00:02:36.550,000] [0m<inf> imu: LSM6DSV16X   a  -0.146   9.894   0.901  g  -0.009   0.001  -0.002[0m
[1;32muart:~$ [m[8D[J[1;32muart:~$ [m[8D[J[00:02:36.551,000] [0m<inf> imu: ICM-42688-P  a  -0.174   9.918   0.365  g   0.003  -0.005   0.001[0m
[1;32muart:~$ [m[8D[J[00:02:36.652,000] [0m<inf> imu: LSM6DS3TR-C  a  -0.371   9.836   0.602  g   0.023  -0.059   0.013[0m
[1;32muart:~$ [m[8D[J[1;32muart:~$ [m[8D[J[00:02:36.652,000] [0m<inf> imu: LSM6DSV16X   a  -0.123   9.864   0.958  g  -0.013   0.002  -0.003[0m
[1;32muart:~$ [m[8D[J[00:02:36.653,000] [0m<inf> imu: ICM-42688-P  a  -0.148   9.692   0.294  g   0.001  -0.006   0.002[0m
[1;32muart:~$ [m[8D[J[1;32muart:~$ [m[8D[J[00:02:36.754,000] [0m<inf> imu: LSM6DS3TR-C  a  -0.310   9.726   0.486  g   0.024  -0.060   0.013[0m
[1;32muart:~$ [m[8D[J[00:02:36.755,000] [0m<inf> imu: LSM6DSV16X   a  -0.124   9.770   0.895  g  -0.011   0.002  -0.003[0m
[1;32muart:~$ [m[8D[J[1;32muart:~$ [m[8D[J[00:02:36.755,000] [0m<inf> imu: ICM-42688-P  a  -0.147   9.659   0.289  g   0.001  -0.005   0.001[0m
[1;32muart:~$ [m[8D[J[00:02:36.856,000] [0m<inf> imu: LSM6DS3TR-C  a  -0.361   9.930   0.595  g   0.021  -0.061   0.013[0m
[1;32muart:~$ [m[8D[J[00:02:36.857,000] [0m<inf> imu: LSM6DSV16X   a  -0.141   9.811   0.936  g  -0.011   0.001  -0.003[0m
[1;32muart:~$ [m[8D[J[1;32muart:~$ [m[8D[J[00:02:36.857,000] [0m<inf> imu: ICM-42688-P  a  -0.171   9.700   0.318  g   0.001  -0.006   0.000[0m
[1;32muart:~$ [m[8D[J[00:02:36.959,000] [0m<inf> imu: LSM6DS3TR-C  a  -0.345   9.790   0.561  g   0.024  -0.060   0.016[0m
[1;32muart:~$ [m[8D[J[1;32muart:~$ [m[8D[J[00:02:36.959,000] [0m<inf> imu: LSM6DSV16X   a  -0.129   9.913   0.949  g  -0.010   0.002  -0.002[0m
[1;32muart:~$ [m[8D[J[00:02:36.960,000] [0m<inf> imu: ICM-42688-P  a  -0.159   9.880   0.342  g   0.002  -0.004  -0.000[0m
[1;32muart:~$ [m[8D[J[00:02:37.062,000] [0m<inf> imu: LSM6DS3TR-C  a  -0.344   9.750   0.525  g   0.023  -0.059   0.014[0m
[1;32muart:~$ [m[8D[J[1;32muart:~$ [m[8D[J[00:02:37.062,000] [0m<inf> imu: LSM6DSV16X   a  -0.133   9.723   0.895  g  -0.012   0.003  -0.003[0m
[1;32muart:~$ [m[8D[J[00:02:37.063,000] [0m<inf> imu: ICM-42688-P  a  -0.177   9.655   0.300  g  -0.001  -0.005   0.000[0m
[1;32muart:~$ [m[8D[J[1;32muart:~$ [m[8D[J[00:02:37.164,000] [0m<inf> imu: LSM6DS3TR-C  a  -0.366   9.843   0.574  g   0.024  -0.062   0.014[0m
[1;32muart:~$ [m[8D[J[00:02:37.165,000] [0m<inf> imu: LSM6DSV16X   a  -0.136   9.854   0.931  g  -0.011   0.002  -0.002[0m
[1;32muart:~$ [m[8D[J[1;32muart:~$ [m[8D[J[00:02:37.166,000] [0m<inf> imu: ICM-42688-P  a  -0.154   9.756   0.311  g  -0.000  -0.005   0.001[0m
[1;32muart:~$ [m[8D[J[00:02:37.267,000] [0m<inf> imu: LSM6DS3TR-C  a  -0.361   9.907   0.525  g   0.023  -0.058   0.014[0m
[1;32muart:~$ [m[8D[J[1;32muart:~$ [m[8D[J[00:02:37.268,000] [0m<inf> imu: LSM6DSV16X   a  -0.117   9.815   0.936  g  -0.012   0.002  -0.003[0m
[1;32muart:~$ [m[8D[J[00:02:37.268,000] [0m<inf> imu: ICM-42688-P  a  -0.150   9.772   0.329  g  -0.001  -0.005  -0.001[0m
[1;32muart:~$ [m[8D[J[1;32muart:~$ [m[8D[J[00:02:37.369,000] [0m<inf> imu: LSM6DS3TR-C  a  -0.380   9.844   0.544  g   0.023  -0.060   0.015[0m
[1;32muart:~$ [m[8D[J[00:02:37.370,000] [0m<inf> imu: LSM6DSV16X   a  -0.137   9.849   0.948  g  -0.010   0.002  -0.002[0m
[1;32muart:~$ [m[8D[J[1;32muart:~$ [m[8D[J[00:02:37.371,000] [0m<inf> imu: ICM-42688-P  a  -0.164   9.798   0.358  g   0.000  -0.005   0.001[0m
[1;32muart:~$ [m[8D[J[00:02:37.472,000] [0m<inf> imu: LSM6DS3TR-C  a  -0.331   9.868   0.571  g   0.023  -0.061   0.015[0m
[1;32muart:~$ [m[8D[J[00:02:37.472,000] [0m<inf> imu: LSM6DSV16X   a  -0.135   9.776   0.933  g  -0.014   0.002  -0.004[0m
[1;32muart:~$ [m[8D[J[1;32muart:~$ [m[8D[J[00:02:37.473,000] [0m<inf> imu: ICM-42688-P  a  -0.168   9.711   0.363  g  -0.001  -0.004   0.000[0m
[1;32muart:~$ [m[8D[J[00:02:37.574,000] [0m<inf> imu: LSM6DS3TR-C  a  -0.355   9.809   0.566  g   0.021  -0.060   0.016[0m
[1;32muart:~$ [m[8D[J[1;32muart:~$ [m[8D[J[00:02:37.575,000] [0m<inf> imu: LSM6DSV16X   a  -0.127   9.856   0.948  g  -0.010   0.001  -0.002[0m
[1;32muart:~$ [m[8D[J[00:02:37.575,000] [0m<inf> imu: ICM-42688-P  a  -0.148   9.791   0.344  g   0.003  -0.005   0.001[0m
[1;32muart:~$ [m[8D[J[00:02:37.677,000] [0m<inf> imu: LSM6DS3TR-C  a  -0.355   9.740   0.589  g   0.020  -0.060   0.014[0m
[1;32muart:~$ [m[8D[J[1;32muart:~$ [m[8D[J[00:02:37.677,000] [0m<inf> imu: LSM6DSV16X   a  -0.145   9.815   0.898  g  -0.013   0.001  -0.003[0m
[1;32muart:~$ [m[8D[J[00:02:37.678,000] [0m<inf> imu: ICM-42688-P  a  -0.158   9.713   0.318  g   0.000  -0.005   0.000[0m
[1;32muart:~$ [m[8D[J[1;32muart:~$ [m[8D[J[00:02:37.779,000] [0m<inf> imu: LSM6DS3TR-C  a  -0.358   9.729   0.506  g   0.021  -0.061   0.015[0m
[1;32muart:~$ [m[8D[J[00:02:37.781,000] [0m<inf> imu: LSM6DSV16X   a  -0.132   9.784   0.926  g  -0.011   0.002  -0.003[0m
[1;32muart:~$ [m[8D[J[1;32muart:~$ [m[8D[J[00:02:37.781,000] [0m<inf> imu: ICM-42688-P  a  -0.168   9.686   0.330  g   0.001  -0.005   0.001[0m
[1;32muart:~$ [m[8D[J[00:02:37.882,000] [0m<inf> imu: LSM6DS3TR-C  a  -0.374   9.799   0.582  g   0.020  -0.060   0.015[0m
[1;32muart:~$ [m[8D[J[1;32muart:~$ [m[8D[J[00:02:37.883,000] [0m<inf> imu: LSM6DSV16X   a  -0.136   9.820   0.937  g  -0.014   0.002  -0.003[0m
[1;32muart:~$ [m[8D[J[00:02:37.884,000] [0m<inf> imu: ICM-42688-P  a  -0.142   9.767   0.309  g  -0.001  -0.006  -0.001[0m
[1;32muart:~$ [m[8D[J[1;32muart:~$ [m[8D[J[00:02:37.985,000] [0m<inf> imu: LSM6DS3TR-C  a  -0.382   9.768   0.540  g   0.024  -0.063   0.013[0m
[1;32muart:~$ [m[8D[J[00:02:37.985,000] [0m<inf> imu: LSM6DSV16X   a  -0.158   9.823   0.907  g  -0.011   0.002  -0.003[0m
[1;32muart:~$ [m[8D[J[1;32muart:~$ [m[8D[J[00:02:37.986,000] [0m<inf> imu: ICM-42688-P  a  -0.180   9.725   0.286  g   0.001  -0.005   0.001[0m
[1;32muart:~$ [m[8D[J[00:02:38.087,000] [0m<inf> imu: LSM6DS3TR-C  a  -0.327   9.849   0.575  g   0.022  -0.060   0.013[0m
[1;32muart:~$ [m[8D[J[00:02:38.088,000] [0m<inf> imu: LSM6DSV16X   a  -0.105   9.843   0.931  g  -0.013   0.002  -0.004[0m
[1;32muart:~$ [m[8D[J[1;32muart:~$ [m[8D[J[00:02:38.088,000] [0m<inf> imu: ICM-42688-P  a  -0.134   9.770   0.328  g   0.000  -0.005   0.000[0m
[1;32muart:~$ [m[8D[J[00:02:38.190,000] [0m<inf> imu: LSM6DS3TR-C  a  -0.356   9.885   0.594  g   0.023  -0.060   0.016[0m
[1;32muart:~$ [m[8D[J[00:02:38.190,000] [0m<inf> imu: LSM6DSV16X   a  -0.136   9.851   0.936  g  -0.012   0.002  -0.003[0m
[1;32muart:~$ [m[8D[J[1;32muart:~$ [m[8D[J[00:02:38.191,000] [0m<inf> imu: ICM-42688-P  a  -0.180   9.841   0.339  g  -0.001  -0.006  -0.000[0m
[1;32muart:~$ [m[8D[J[00:02:38.292,000] [0m<inf> imu: LSM6DS3TR-C  a  -0.360   9.772   0.500  g   0.024  -0.060   0.014[0m
[1;32muart:~$ [m[8D[J[1;32muart:~$ [m[8D[J[00:02:38.293,000] [0m<inf> imu: LSM6DSV16X   a  -0.117   9.834   0.929  g  -0.011   0.002  -0.002[0m
[1;32muart:~$ [m[8D[J[00:02:38.293,000] [0m<inf> imu: ICM-42688-P  a  -0.159   9.795   0.335  g   0.001  -0.005   0.001[0m
[1;32muart:~$ [m[8D[J[1;32muart:~$ [m[8D[J[00:02:38.395,000] [0m<inf> imu: LSM6DS3TR-C  a  -0.297   9.846   0.526  g   0.021  -0.060   0.016[0m
[1;32muart:~$ [m[8D[J[00:02:38.396,000] [0m<inf> imu: LSM6DSV16X   a  -0.137   9.882   0.896  g  -0.013   0.002  -0.003[0m
[1;32muart:~$ [m[8D[J[1;32muart:~$ [m[8D[J[00:02:38.396,000] [0m<inf> imu: ICM-42688-P  a  -0.177   9.657   0.324  g  -0.001  -0.005   0.000[0m
[1;32muart:~$ [m[8D[J[00:02:38.498,000] [0m<inf> imu: LSM6DS3TR-C  a  -0.395   9.859   0.540  g   0.027  -0.060   0.016[0m
[1;32muart:~$ [m[8D[J[1;32muart:~$ [m[8D[J[00:02:38.498,000] [0m<inf> imu: LSM6DSV16X   a  -0.119   9.763   0.918  g  -0.009   0.001  -0.003[0m
[1;32muart:~$ [m[8D[J[00:02:38.499,000] [0m<inf> imu: ICM-42688-P  a  -0.142   9.708   0.304  g   0.002  -0.006   0.000[0m
[1;32muart:~$ [m[8D[J[1;32muart:~$ [m[8D[J[00:02:38.600,000] [0m<inf> imu: LSM6DS3TR-C  a  -0.332   9.920   0.565  g   0.022  -0.061   0.014[0m
[1;32muart:~$ [m[8D[J[00:02:38.601,000] [0m<inf> imu: LSM6DSV16X   a  -0.124   9.909   0.924  g  -0.013   0.003  -0.004[0m
[1;32muart:~$ [m[8D[J[1;32muart:~$ [m[8D[J[00:02:38.601,000] [0m<inf> imu: ICM-42688-P  a  -0.153   9.732   0.318  g  -0.002  -0.005  -0.000[0m
[1;32muart:~$ [m[8D[J[00:02:38.702,000] [0m<inf> imu: LSM6DS3TR-C  a  -0.374   9.793   0.580  g   0.023  -0.062   0.013[0m
[1;32muart:~$ [m[8D[J[00:02:38.703,000] [0m<inf> imu: LSM6DSV16X   a  -0.131   9.796   0.923  g  -0.011   0.002  -0.003[0m
[1;32muart:~$ [m[8D[J[1;32muart:~$ [m[8D[J[00:02:38.703,000] [0m<inf> imu: ICM-42688-P  a  -0.163   9.790   0.315  g   0.001  -0.006   0.001[0m
[1;32muart:~$ [m[8D[J[00:02:38.805,000] [0m<inf> imu: LSM6DS3TR-C  a  -0.373   9.906   0.531  g   0.020  -0.061   0.015[0m
[1;32muart:~$ [m[8D[J[1;32muart:~$ [m[8D[J[00:02:38.806,000] [0m<inf> imu: LSM6DSV16X   a  -0.136   9.861   0.931  g  -0.011   0.003  -0.003[0m
[1;32muart:~$ [m[8D[J[00:02:38.806,000] [0m<inf> imu: ICM-42688-P  a  -0.163   9.768   0.363  g  -0.001  -0.005  -0.001[0m
[1;32muart:~$ [m[8D[J[00:02:38.907,000] [0m<inf> imu: LSM6DS3TR-C  a  -0.342   9.818   0.563  g   0.024  -0.061   0.014[0m
[1;32muart:~$ [m[8D[J[1;32muart:~$ [m[8D[J[00:02:38.908,000] [0m<inf> imu: LSM6DSV16X   a  -0.134   9.845   0.928  g  -0.011   0.003  -0.003[0m
[1;32muart:~$ [m[8D[J[00:02:38.909,000] [0m<inf> imu: ICM-42688-P  a  -0.169   9.776   0.329  g   0.001  -0.005  -0.000[0m
[1;32muart:~$ [m[8D[J[00:02:39.010,000] [0m<inf> imu: LSM6DS3TR-C  a  -0.402   9.931   0.595  g   0.021  -0.061   0.015[0m
[1;32muart:~$ [m[8D[J[00:02:39.010,000] [0m<inf> imu: LSM6DSV16X   a  -0.132   9.866   0.938  g  -0.013   0.002  -0.003[0m
[1;32muart:~$ [m[8D[J[1;32muart:~$ [m[8D[J[00:02:39.011,000] [0m<inf> imu: ICM-42688-P  a  -0.160   9.796   0.336  g   0.000  -0.005  -0.001[0m
[1;32muart:~$ [m[8D[J[1;32muart:~$ [m[8D[J[00:02:39.112,000] [0m<inf> imu: LSM6DS3TR-C  a  -0.324   9.860   0.478  g   0.024  -0.059   0.015[0m
[1;32muart:~$ [m[8D[J[00:02:39.113,000] [0m<inf> imu: LSM6DSV16X   a  -0.148   9.842   0.931  g  -0.010   0.002  -0.002[0m
[1;32muart:~$ [m[8D[J[1;32muart:~$ [m[8D[J[00:02:39.113,000] [0m<inf> imu: ICM-42688-P  a  -0.171   9.770   0.326  g   0.002  -0.005   0.001[0m
[1;32muart:~$ [m[8D[J[00:02:39.214,000] [0m<inf> imu: LSM6DS3TR-C  a  -0.333   9.868   0.528  g   0.022  -0.060   0.013[0m
[1;32muart:~$ [m[8D[J[1;32muart:~$ [m[8D[J[00:02:39.215,000] [0m<inf> imu: LSM6DSV16X   a  -0.108   9.804   0.936  g  -0.013   0.002  -0.003[0m
[1;32muart:~$ [m[8D[J[00:02:39.216,000] [0m<inf> imu: ICM-42688-P  a  -0.141   9.669   0.284  g  -0.001  -0.005  -0.000[0m
[1;32muart:~$ [m[8D[J[1;32muart:~$ [m[8D[J[00:02:39.317,000] [0m<inf> imu: LSM6DS3TR-C  a  -0.424   9.846   0.570  g   0.022  -0.061   0.015[0m
[1;32muart:~$ [m[8D[J[00:02:39.317,000] [0m<inf> imu: LSM6DSV16X   a  -0.123   9.790   0.912  g  -0.011   0.001  -0.002[0m
[1;32muart:~$ [m[8D[J[1;32muart:~$ [m[8D[J[00:02:39.318,000] [0m<inf> imu: ICM-42688-P  a  -0.157   9.687   0.278  g  -0.001  -0.005   0.001[0m
[1;32muart:~$ [m[8D[J[00:02:39.419,000] [0m<inf> imu: LSM6DS3TR-C  a  -0.386   9.848   0.558  g   0.024  -0.060   0.016[0m
[1;32muart:~$ [m[8D[J[00:02:39.420,000] [0m<inf> imu: LSM6DSV16X   a  -0.127   9.855   0.946  g  -0.012   0.002  -0.003[0m
[1;32muart:~$ [m[8D[J[1;32muart:~$ [m[8D[J[00:02:39.420,000] [0m<inf> imu: ICM-42688-P  a  -0.141   9.737   0.318  g  -0.001  -0.005   0.000[0m
[1;32muart:~$ [m[8D[J[00:02:39.521,000] [0m<inf> imu: LSM6DS3TR-C  a  -0.371   9.811   0.552  g   0.022  -0.062   0.014[0m
[1;32muart:~$ [m[8D[J[1;32muart:~$ [m[8D[J[00:02:39.522,000] [0m<inf> imu: LSM6DSV16X   a  -0.138   9.870   0.923  g  -0.012   0.002  -0.002[0m
[1;32muart:~$ [m[8D[J[00:02:39.523,000] [0m<inf> imu: ICM-42688-P  a  -0.176   9.765   0.322  g   0.001  -0.005   0.000[0m
[1;32muart:~$ [m[8D[J[00:02:39.624,000] [0m<inf> imu: LSM6DS3TR-C  a  -0.343   9.770   0.497  g   0.022  -0.062   0.016[0m
[1;32muart:~$ [m[8D[J[1;32muart:~$ [m[8D[J[00:02:39.625,000] [0m<inf> imu: LSM6DSV16X   a  -0.132   9.778   0.898  g  -0.011   0.002  -0.002[0m
[1;32muart:~$ [m[8D[J[00:02:39.625,000] [0m<inf> imu: ICM-42688-P  a  -0.157   9.653   0.311  g  -0.001  -0.005   0.000[0m
[1;32muart:~$ [m[8D[J[00:02:39.727,000] [0m<inf> imu: LSM6DS3TR-C  a  -0.381   9.857   0.597  g   0.025  -0.061   0.014[0m
[1;32muart:~$ [m[8D[J[00:02:39.727,000] [0m<inf> imu: LSM6DSV16X   a  -0.127   9.837   0.940  g  -0.010   0.002  -0.002[0m
[1;32muart:~$ [m[8D[J[1;32muart:~$ [m[8D[J[00:02:39.728,000] [0m<inf> imu: ICM-42688-P  a  -0.148   9.735   0.290  g   0.002  -0.005   0.002[0m
[1;32muart:~$ [m[8D[J[1;32muart:~$ [m[8D[J[00:02:39.829,000] [0m<inf> imu: LSM6DS3TR-C  a  -0.360   9.907   0.533  g   0.022  -0.062   0.013[0m
[1;32muart:~$ [m[8D[J[00:02:39.830,000] [0m<inf> imu: LSM6DSV16X   a  -0.144   9.878   0.938  g  -0.013   0.002  -0.003[0m
[1;32muart:~$ [m[8D[J[1;32muart:~$ [m[8D[J[00:02:39.830,000] [0m<inf> imu: ICM-42688-P  a  -0.175   9.782   0.324  g  -0.002  -0.005   0.000[0m
[1;32muart:~$ [m[8D[J[00:02:39.931,000] [0m<inf> imu: LSM6DS3TR-C  a  -0.330   9.752   0.546  g   0.024  -0.059   0.014[0m
[1;32muart:~$ [m[8D[J[1;32muart:~$ [m[8D[J[00:02:39.932,000] [0m<inf> imu: LSM6DSV16X   a  -0.146   9.846   0.919  g  -0.012   0.002  -0.002[0m
[1;32muart:~$ [m[8D[J[00:02:39.932,000] [0m<inf> imu: ICM-42688-P  a  -0.168   9.819   0.330  g  -0.001  -0.005   0.001[0m
[1;32muart:~$ [m[8D[J[1;32muart:~$ [m[8D[J[00:02:40.033,000] [0m<inf> imu: LSM6DS3TR-C  a  -0.355   9.913   0.516  g   0.022  -0.060   0.015[0m
[1;32muart:~$ [m[8D[J[00:02:40.034,000] [0m<inf> imu: LSM6DSV16X   a  -0.148   9.866   0.943  g  -0.011   0.003  -0.003[0m
[1;32muart:~$ [m[8D[J[1;32muart:~$ [m[8D[J[00:02:40.035,000] [0m<inf> imu: ICM-42688-P  a  -0.188   9.786   0.347  g   0.000  -0.005  -0.000[0m
[1;32muart:~$ [m[8D[J[00:02:40.136,000] [0m<inf> imu: LSM6DS3TR-C  a  -0.356   9.784   0.558  g   0.021  -0.062   0.014[0m
[1;32muart:~$ [m[8D[J[00:02:40.136,000] [0m<inf> imu: LSM6DSV16X   a  -0.117   9.772   0.911  g  -0.011   0.002  -0.002[0m
[1;32muart:~$ [m[8D[J[1;32muart:~$ [m[8D[J[00:02:40.137,000] [0m<inf> imu: ICM-42688-P  a  -0.146   9.686   0.310  g   0.001  -0.006   0.001[0m
[1;32muart:~$ [m[8D[J[00:02:40.239,000] [0m<inf> imu: LSM6DS3TR-C  a  -0.397   9.915   0.559  g   0.021  -0.060   0.013[0m
[1;32muart:~$ [m[8D[J[00:02:40.240,000] [0m<inf> imu: LSM6DSV16X   a  -0.154   9.908   0.924  g  -0.012   0.003  -0.002[0m
[1;32muart:~$ [m[8D[J[1;32muart:~$ [m[8D[J[00:02:40.240,000] [0m<inf> imu: ICM-42688-P  a  -0.178   9.783   0.300  g  -0.002  -0.005  -0.001[0m
[1;32muart:~$ [m[8D[J[00:02:40.342,000] [0m<inf> imu: LSM6DS3TR-C  a  -0.334   9.706   0.551  g   0.022  -0.060   0.014[0m
[1;32muart:~$ [m[8D[J[1;32muart:~$ [m[8D[J[00:02:40.343,000] [0m<inf> imu: LSM6DSV16X   a  -0.113   9.727   0.939  g  -0.012   0.002  -0.002[0m
[1;32muart:~$ [m[8D[J[00:02:40.343,000] [0m<inf> imu: ICM-42688-P  a  -0.150   9.582   0.336  g   0.000  -0.006   0.000[0m
[1;32muart:~$ [m[8D[J[1;32muart:~$ [m[8D[J[00:02:40.444,000] [0m<inf> imu: LSM6DS3TR-C  a  -0.364   9.913   0.568  g   0.021  -0.062   0.014[0m
[1;32muart:~$ [m[8D[J[00:02:40.446,000] [0m<inf> imu: LSM6DSV16X   a  -0.113   9.899   0.955  g  -0.012   0.002  -0.002[0m
[1;32muart:~$ [m[8D[J[1;32muart:~$ [m[8D[J[00:02:40.446,000] [0m<inf> imu: ICM-42688-P  a  -0.151   9.789   0.354  g  -0.002  -0.006  -0.001[0m
[1;32muart:~$ [m[8D[J[00:02:40.547,000] [0m<inf> imu: LSM6DS3TR-C  a  -0.348   9.859   0.555  g   0.023  -0.062   0.014[0m
[1;32muart:~$ [m[8D[J[1;32muart:~$ [m[8D[J[00:02:40.548,000] [0m<inf> imu: LSM6DSV16X   a  -0.151   9.810   0.907  g  -0.011   0.001  -0.003[0m
[1;32muart:~$ [m[8D[J[00:02:40.549,000] [0m<inf> imu: ICM-42688-P  a  -0.183   9.740   0.286  g  -0.001  -0.006   0.001[0m
[1;32muart:~$ [m[8D[J[1;32muart:~$ [m[8D[J[00:02:40.650,000] [0m<inf> imu: LSM6DS3TR-C  a  -0.377   9.841   0.519  g   0.023  -0.062   0.015[0m
[1;32muart:~$ [m[8D[J[00:02:40.650,000] [0m<inf> imu: LSM6DSV16X   a  -0.124   9.837   0.919  g  -0.011   0.002  -0.003[0m
[1;32muart:~$ [m[8D[J[1;32muart:~$ [m[8D[J[00:02:40.651,000] [0m<inf> imu: ICM-42688-P  a  -0.159   9.765   0.316  g   0.001  -0.005   0.000[0m
[1;32muart:~$ [m[8D[J[00:02:40.752,000] [0m<inf> imu: LSM6DS3TR-C  a  -0.343   9.866   0.549  g   0.024  -0.061   0.015[0m
[1;32muart:~$ [m[8D[J[00:02:40.753,000] [0m<inf> imu: LSM6DSV16X   a  -0.136   9.846   0.948  g  -0.011   0.002  -0.003[0m
[1;32muart:~$ [m[8D[J[1;32muart:~$ [m[8D[J[00:02:40.753,000] [0m<inf> imu: ICM-42688-P  a  -0.160   9.756   0.332  g  -0.001  -0.005   0.001[0m
[1;32muart:~$ [m[8D[J[00:02:40.855,000] [0m<inf> imu: LSM6DS3TR-C  a  -0.355   9.869   0.547  g   0.021  -0.060   0.014[0m
[1;32muart:~$ [m[8D[J[00:02:40.856,000] [0m<inf> imu: LSM6DSV16X   a  -0.127   9.830   0.923  g  -0.013   0.002  -0.003[0m
[1;32muart:~$ [m[8D[J[1;32muart:~$ [m[8D[J[00:02:40.856,000] [0m<inf> imu: ICM-42688-P  a  -0.147   9.758   0.321  g  -0.001  -0.004   0.001[0m
[1;32muart:~$ [m[8D[J[00:02:40.958,000] [0m<inf> imu: LSM6DS3TR-C  a  -0.345   9.882   0.525  g   0.024  -0.061   0.016[0m
[1;32muart:~$ [m[8D[J[1;32muart:~$ [m[8D[J[00:02:40.958,000] [0m<inf> imu: LSM6DSV16X   a  -0.139   9.839   0.912  g  -0.011   0.002  -0.002[0m
[1;32muart:~$ [m[8D[J[00:02:40.959,000] [0m<inf> imu: ICM-42688-P  a  -0.171   9.762   0.286  g  -0.000  -0.005   0.000[0m
[1;32muart:~$ [m[8D[J[00:02:41.060,000] [0m<inf> imu: LSM6DS3TR-C  a  -0.374   9.864   0.562  g   0.023  -0.061   0.013[0m
[1;32muart:~$ [m[8D[J[00:02:41.061,000] [0m<inf> imu: LSM6DSV16X   a  -0.137   9.837   0.921  g  -0.012   0.002  -0.003[0m
[1;32muart:~$ [m[8D[J[1;32muart:~$ [m[8D[J[00:02:41.061,000] [0m<inf> imu: ICM-42688-P  a  -0.178   9.759   0.314  g   0.000  -0.006   0.001[0m
[1;32muart:~$ [m[8D[J[1;32muart:~$ [m[8D[J[00:02:41.162,000] [0m<inf> imu: LSM6DS3TR-C  a  -0.361   9.839   0.556  g   0.023  -0.061   0.015[0m
[1;32muart:~$ [m[8D[J[00:02:41.163,000] [0m<inf> imu: LSM6DSV16X   a  -0.127   9.851   0.945  g  -0.011   0.002  -0.003[0m
[1;32muart:~$ [m[8D[J[1;32muart:~$ [m[8D[J[00:02:41.163,000] [0m<inf> imu: ICM-42688-P  a  -0.153   9.759   0.345  g   0.000  -0.004   0.000[0m
[1;32muart:~$ [m[8D[J[00:02:41.264,000] [0m<inf> imu: LSM6DS3TR-C  a  -0.359   9.847   0.538  g   0.022  -0.060   0.016[0m
[1;32muart:~$ [m[8D[J[1;32muart:~$ [m[8D[J[00:02:41.265,000] [0m<inf> imu: LSM6DSV16X   a  -0.129   9.837   0.921  g  -0.012   0.002  -0.003[0m
[1;32muart:~$ [m[8D[J[00:02:41.266,000] [0m<inf> imu: ICM-42688-P  a  -0.146   9.750   0.308  g  -0.000  -0.005   0.000[0m
[1;32muart:~$ [m[8D[J[1;32muart:~$ [m[8D[J[00:02:41.367,000] [0m<inf> imu: LSM6DS3TR-C  a  -0.378   9.837   0.556  g   0.021  -0.061   0.012[0m
[1;32muart:~$ [m[8D[J[00:02:41.367,000] [0m<inf> imu: LSM6DSV16X   a  -0.136   9.835   0.919  g  -0.011   0.002  -0.003[0m
[1;32muart:~$ [m[8D[J[1;32muart:~$ [m[8D[J[00:02:41.368,000] [0m<inf> imu: ICM-42688-P  a  -0.156   9.748   0.299  g   0.001  -0.005   0.000[0m
[1;32muart:~$ [m[8D[J[00:02:41.469,000] [0m<inf> imu: LSM6DS3TR-C  a  -0.357   9.856   0.584  g   0.024  -0.062   0.016[0m
[1;32muart:~$ [m[8D[J[00:02:41.470,000] [0m<inf> imu: LSM6DSV16X   a  -0.129   9.846   0.938  g  -0.011   0.002  -0.002[0m
[1;32muart:~$ [m[8D[J[1;32muart:~$ [m[8D[J[00:02:41.470,000] [0m<inf> imu: ICM-42688-P  a  -0.164   9.761   0.338  g   0.001  -0.005   0.001[0m
[1;32muart:~$ [m[8D[J[00:02:41.572,000] [0m<inf> imu: LSM6DS3TR-C  a  -0.403   9.836   0.512  g   0.023  -0.059   0.014[0m
[1;32muart:~$ [m[8D[J[1;32muart:~$ [m[8D[J[00:02:41.572,000] [0m<inf> imu: LSM6DSV16X   a  -0.127   9.846   0.917  g  -0.012   0.002  -0.003[0m
[1;32muart:~$ [m[8D[J[00:02:41.573,000] [0m<inf> imu: ICM-42688-P  a  -0.153   9.765   0.308  g  -0.001  -0.004   0.000[0m
[1;32muart:~$ [m[8D[J[00:02:41.675,000] [0m<inf> imu: LSM6DS3TR-C  a  -0.328   9.854   0.544  g   0.022  -0.060   0.016[0m
[1;32muart:~$ [m[8D[J[1;32muart:~$ [m[8D[J[00:02:41.675,000] [0m<inf> imu: LSM6DSV16X   a  -0.143   9.839   0.914  g  -0.012   0.002  -0.003[0m
[1;32muart:~$ [m[8D[J[00:02:41.676,000] [0m<inf> imu: ICM-42688-P  a  -0.180   9.771   0.308  g   0.000  -0.005   0.000[0m
[1;32muart:~$ [m[8D[J[00:02:41.777,000] [0m<inf> imu: LSM6DS3TR-C  a  -0.357   9.847   0.562  g   0.022  -0.059   0.013[0m
[1;32muart:~$ [m[8D[J[00:02:41.778,000] [0m<inf> imu: LSM6DSV16X   a  -0.120   9.835   0.931  g  -0.011   0.002  -0.003[0m
[1;32muart:~$ [m[8D[J[1;32muart:~$ [m[8D[J[00:02:41.778,000] [0m<inf> imu: ICM-42688-P  a  -0.154   9.767   0.314  g   0.000  -0.005  -0.000[0m
[1;32muart:~$ [m[8D[J[1;32muart:~$ [m[8D[J[00:02:41.879,000] [0m<inf> imu: LSM6DS3TR-C  a  -0.381   9.832   0.544  g   0.024  -0.062   0.014[0m
[1;32muart:~$ [m[8D[J[00:02:41.880,000] [0m<inf> imu: LSM6DSV16X   a  -0.139   9.833   0.928  g  -0.011   0.002  -0.002[0m
[1;32muart:~$ [m[8D[J[1;32muart:~$ [m[8D[J[00:02:41.880,000] [0m<inf> imu: ICM-42688-P  a  -0.171   9.762   0.316  g   0.000  -0.005   0.001[0m
[1;32muart:~$ [m[8D[J[00:02:41.981,000] [0m<inf> imu: LSM6DS3TR-C  a  -0.355   9.831   0.547  g   0.022  -0.061   0.014[0m
[1;32muart:~$ [m[8D[J[1;32muart:~$ [m[8D[J[00:02:41.982,000] [0m<inf> imu: LSM6DSV16X   a  -0.124   9.832   0.922  g  -0.011   0.002  -0.003[0m
[1;32muart:~$ [m[8D[J[00:02:41.983,000] [0m<inf> imu: ICM-42688-P  a  -0.150   9.760   0.320  g   0.000  -0.006   0.000[0m
[1;32muart:~$ [m[8D[J[00:02:42.084,000] [0m<inf> imu: LSM6DS3TR-C  a  -0.374   9.870   0.577  g   0.024  -0.062   0.016[0m
[1;32muart:~$ [m[8D[J[00:02:42.084,000] [0m<inf> imu: LSM6DSV16X   a  -0.136   9.836   0.922  g  -0.012   0.003  -0.002[0m
[1;32muart:~$ [m[8D[J[00:02:42.085,000] [0m<inf> imu: ICM-42688-P  a  -0.170   9.752   0.316  g  -0.001  -0.006  -0.001[0m
[1;32muart:~$ [m[8D[J[1;32muart:~$ [m[8D[J[00:02:42.186,000] [0m<inf> imu: LSM6DS3TR-C  a  -0.380   9.870   0.550  g   0.023  -0.060   0.014[0m
[1;32muart:~$ [m[8D[J[00:02:42.187,000] [0m<inf> imu: LSM6DSV16X   a  -0.129   9.833   0.924  g  -0.012   0.002  -0.003[0m
[1;32muart:~$ [m[8D[J[1;32muart:~$ [m[8D[J[00:02:42.187,000] [0m<inf> imu: ICM-42688-P  a  -0.159   9.752   0.308  g  -0.001  -0.006   0.000[0m
[1;32muart:~$ [m[8D[J[00:02:42.288,000] [0m<inf> imu: LSM6DS3TR-C  a  -0.355   9.843   0.505  g   0.022  -0.061   0.016[0m
[1;32muart:~$ [m[8D[J[00:02:42.289,000] [0m<inf> imu: LSM6DSV16X   a  -0.136   9.827   0.919  g  -0.011   0.002  -0.003[0m
[1;32muart:~$ [m[8D[J[1;32muart:~$ [m[8D[J[00:02:42.290,000] [0m<inf> imu: ICM-42688-P  a  -0.162   9.765   0.314  g   0.000  -0.005   0.000[0m
[1;32muart:~$ [m[8D[J[00:02:42.391,000] [0m<inf> imu: LSM6DS3TR-C  a  -0.328   9.849   0.541  g   0.023  -0.060   0.016[0m
[1;32muart:~$ [m[8D[J[1;32muart:~$ [m[8D[J[00:02:42.391,000] [0m<inf> imu: LSM6DSV16X   a  -0.133   9.839   0.925  g  -0.012   0.002  -0.003[0m
[1;32muart:~$ [m[8D[J[00:02:42.392,000] [0m<inf> imu: ICM-42688-P  a  -0.153   9.766   0.308  g   0.000  -0.005   0.000[0m
[1;32muart:~$ [m[8D[J[1;32muart:~$ [m[8D[J[00:02:42.493,000] [0m<inf> imu: LSM6DS3TR-C  a  -0.377   9.837   0.552  g   0.022  -0.061   0.013[0m
[1;32muart:~$ [m[8D[J[00:02:42.495,000] [0m<inf> imu: LSM6DSV16X   a  -0.127   9.832   0.925  g  -0.011   0.002  -0.003[0m
[1;32muart:~$ [m[8D[J[1;32muart:~$ [m[8D[J[00:02:42.495,000] [0m<inf> imu: ICM-42688-P  a  -0.142   9.768   0.326  g   0.000  -0.004   0.000[0m
[1;32muart:~$ [m[8D[J[00:02:42.596,000] [0m<inf> imu: LSM6DS3TR-C  a  -0.367   9.852   0.537  g   0.022  -0.059   0.015[0m
[1;32muart:~$ [m[8D[J[1;32muart:~$ [m[8D[J[00:02:42.597,000] [0m<inf> imu: LSM6DSV16X   a  -0.138   9.833   0.931  g  -0.011   0.002  -0.003[0m
[1;32muart:~$ [m[8D[J[00:02:42.598,000] [0m<inf> imu: ICM-42688-P  a  -0.158   9.762   0.303  g   0.000  -0.006   0.001[0m
[1;32muart:~$ [m[8D[J[1;32muart:~$ [m[8D[J[00:02:42.699,000] [0m<inf> imu: LSM6DS3TR-C  a  -0.353   9.848   0.564  g   0.024  -0.062   0.016[0m
[1;32muart:~$ [m[8D[J[00:02:42.699,000] [0m<inf> imu: LSM6DSV16X   a  -0.136   9.846   0.913  g  -0.012   0.002  -0.003[0m
[1;32muart:~$ [m[8D[J[1;32muart:~$ [m[8D[J[00:02:42.700,000] [0m<inf> imu: ICM-42688-P  a  -0.160   9.756   0.311  g  -0.000  -0.005   0.000[0m
[1;32muart:~$ [m[8D[J[00:02:42.801,000] [0m<inf> imu: LSM6DS3TR-C  a  -0.365   9.839   0.540  g   0.023  -0.059   0.015[0m
[1;32muart:~$ [m[8D[J[00:02:42.802,000] [0m<inf> imu: LSM6DSV16X   a  -0.134   9.844   0.924  g  -0.011   0.002  -0.002[0m
[1;32muart:~$ [m[8D[J[1;32muart:~$ [m[8D[J[00:02:42.802,000] [0m<inf> imu: ICM-42688-P  a  -0.163   9.764   0.320  g   0.000  -0.005   0.001[0m
[1;32muart:~$ [m[8D[J[00:02:42.904,000] [0m<inf> imu: LSM6DS3TR-C  a  -0.344   9.850   0.535  g   0.023  -0.060   0.014[0m
[1;32muart:~$ [m[8D[J[1;32muart:~$ [m[8D[J[00:02:42.905,000] [0m<inf> imu: LSM6DSV16X   a  -0.136   9.833   0.943  g  -0.011   0.002  -0.003[0m
[1;32muart:~$ [m[8D[J[00:02:42.906,000] [0m<inf> imu: ICM-42688-P  a  -0.152   9.766   0.322  g   0.001  -0.005   0.000[0m
[1;32muart:~$ [m[8D[J[00:02:43.007,000] [0m<inf> imu: LSM6DS3TR-C  a  -0.359   9.854   0.599  g   0.020  -0.060   0.017[0m
[1;32muart:~$ [m[8D[J[1;32muart:~$ [m[8D[J[00:02:43.008,000] [0m<inf> imu: LSM6DSV16X   a  -0.126   9.832   0.929  g  -0.012   0.001  -0.002[0m
[1;32muart:~$ [m[8D[J[00:02:43.008,000] [0m<inf> imu: ICM-42688-P  a  -0.165   9.752   0.324  g  -0.001  -0.005   0.000[0m
[1;32muart:~$ [m[8D[J[1;32muart:~$ [m[8D[J[00:02:43.109,000] [0m<inf> imu: LSM6DS3TR-C  a  -0.328   9.800   0.528  g   0.022  -0.060   0.017[0m
[1;32muart:~$ [m[8D[J[00:02:43.110,000] [0m<inf> imu: LSM6DSV16X   a  -0.132   9.906   0.919  g  -0.010   0.002  -0.002[0m
[1;32muart:~$ [m[8D[J[1;32muart:~$ [m[8D[J[00:02:43.111,000] [0m<inf> imu: ICM-42688-P  a  -0.160   9.846   0.310  g   0.002  -0.006   0.001[0m
[1;32muart:~$ [m[8D[J[00:02:43.212,000] [0m<inf> imu: LSM6DS3TR-C  a  -0.358   9.860   0.567  g   0.022  -0.060   0.016[0m
[1;32muart:~$ [m[8D[J[1;32muart:~$ [m[8D[J[00:02:43.213,000] [0m<inf> imu: LSM6DSV16X   a  -0.127   9.806   0.912  g  -0.012   0.003  -0.003[0m
[1;32muart:~$ [m[8D[J[00:02:43.213,000] [0m<inf> imu: ICM-42688-P  a  -0.159   9.738   0.312  g   0.000  -0.006   0.000[0m
[1;32muart:~$ [m[8D[J[1;32muart:~$ [m[8D[J[00:02:43.314,000] [0m<inf> imu: LSM6DS3TR-C  a  -0.273   9.812   0.589  g   0.024  -0.059   0.015[0m
[1;32muart:~$ [m[8D[J[00:02:43.315,000] [0m<inf> imu: LSM6DSV16X   a  -0.124   9.875   0.933  g  -0.010   0.003  -0.003[0m
[1;32muart:~$ [m[8D[J[1;32muart:~$ [m[8D[J[00:02:43.316,000] [0m<inf> imu: ICM-42688-P  a  -0.168   9.832   0.348  g   0.000  -0.005   0.001[0m
[1;32muart:~$ [m[8D[J[00:02:43.417,000] [0m<inf> imu: LSM6DS3TR-C  a  -0.370   9.917   0.568  g   0.023  -0.060   0.013[0m
[1;32muart:~$ [m[8D[J[00:02:43.417,000] [0m<inf> imu: LSM6DSV16X   a  -0.127   9.873   0.924  g  -0.012   0.002  -0.003[0m
[1;32muart:~$ [m[8D[J[1;32muart:~$ [m[8D[J[00:02:43.418,000] [0m<inf> imu: ICM-42688-P  a  -0.150   9.787   0.300  g  -0.001  -0.005   0.000[0m
[1;32muart:~$ [m[8D[J[00:02:43.520,000] [0m<inf> imu: LSM6DS3TR-C  a  -0.343   9.869   0.583  g   0.022  -0.061   0.014[0m
[1;32muart:~$ [m[8D[J[1;32muart:~$ [m[8D[J[00:02:43.520,000] [0m<inf> imu: LSM6DSV16X   a  -0.129   9.846   0.931  g  -0.010   0.002  -0.003[0m
[1;32muart:~$ [m[8D[J[00:02:43.521,000] [0m<inf> imu: ICM-42688-P  a  -0.160   9.730   0.328  g   0.000  -0.005   0.001[0m
[1;32muart:~$ [m[8D[J[00:02:43.622,000] [0m<inf> imu: LSM6DS3TR-C  a  -0.371   9.901   0.593  g   0.021  -0.061   0.015[0m
[1;32muart:~$ [m[8D[J[1;32muart:~$ [m[8D[J[00:02:43.623,000] [0m<inf> imu: LSM6DSV16X   a  -0.127   9.857   0.941  g  -0.013   0.003  -0.003[0m
[1;32muart:~$ [m[8D[J[00:02:43.623,000] [0m<inf> imu: ICM-42688-P  a  -0.168   9.749   0.309  g  -0.002  -0.005   0.000[0m
[1;32muart:~$ [m[8D[J[00:02:43.724,000] [0m<inf> imu: LSM6DS3TR-C  a  -0.370   9.842   0.543  g   0.023  -0.062   0.015[0m
[1;32muart:~$ [m[8D[J[00:02:43.725,000] [0m<inf> imu: LSM6DSV16X   a  -0.136   9.852   0.925  g  -0.011   0.003  -0.002[0m
[1;32muart:~$ [m[8D[J[1;32muart:~$ [m[8D[J[00:02:43.726,000] [0m<inf> imu: ICM-42688-P  a  -0.153   9.803   0.341  g   0.000  -0.005   0.000[0m
[1;32muart:~$ [m[8D[J[1;32muart:~$ [m[8D[J[00:02:43.827,000] [0m<inf> imu: LSM6DS3TR-C  a  -0.349   9.986   0.571  g   0.021  -0.060   0.015[0m
[1;32muart:~$ [m[8D[J[00:02:43.827,000] [0m<inf> imu: LSM6DSV16X   a  -0.135   9.846   0.943  g  -0.013   0.002  -0.003[0m
[1;32muart:~$ [m[8D[J[1;32muart:~$ [m[8D[J[00:02:43.828,000] [0m<inf> imu: ICM-42688-P  a  -0.158   9.741   0.341  g  -0.001  -0.005   0.001[0m
[1;32muart:~$ [m[8D[J[00:02:43.929,000] [0m<inf> imu: LSM6DS3TR-C  a  -0.364   9.848   0.597  g   0.023  -0.060   0.015[0m
[1;32muart:~$ [m[8D[J[1;32muart:~$ [m[8D[J[00:02:43.930,000] [0m<inf> imu: LSM6DSV16X   a  -0.136   9.791   0.909  g  -0.012   0.002  -0.003[0m
[1;32muart:~$ [m[8D[J[00:02:43.930,000] [0m<inf> imu: ICM-42688-P  a  -0.157   9.773   0.309  g   0.001  -0.006   0.002[0m
[1;32muart:~$ [m[8D[J[1;32muart:~$ [m[8D[J[00:02:44.031,000] [0m<inf> imu: LSM6DS3TR-C  a  -0.371   9.832   0.574  g   0.023  -0.060   0.016[0m
[1;32muart:~$ [m[8D[J[00:02:44.032,000] [0m<inf> imu: LSM6DSV16X   a  -0.132   9.825   0.933  g  -0.012   0.001  -0.002[0m
[1;32muart:~$ [m[8D[J[1;32muart:~$ [m[8D[J[00:02:44.032,000] [0m<inf> imu: ICM-42688-P  a  -0.163   9.740   0.303  g   0.000  -0.005   0.001[0m
[1;32muart:~$ [m[8D[J[00:02:44.134,000] [0m<inf> imu: LSM6DS3TR-C  a  -0.393   9.900   0.558  g   0.021  -0.062   0.016[0m
[1;32muart:~$ [m[8D[J[00:02:44.134,000] [0m<inf> imu: LSM6DSV16X   a  -0.139   9.846   0.915  g  -0.011   0.002  -0.003[0m
[1;32muart:~$ [m[8D[J[1;32muart:~$ [m[8D[J[00:02:44.135,000] [0m<inf> imu: ICM-42688-P  a  -0.176   9.815   0.333  g   0.001  -0.005   0.000[0m
[1;32muart:~$ [m[8D[J[00:02:44.237,000] [0m<inf> imu: LSM6DS3TR-C  a  -0.374   9.806   0.524  g   0.025  -0.060   0.016[0m
[1;32muart:~$ [m[8D[J[00:02:44.238,000] [0m<inf> imu: LSM6DSV16X   a  -0.131   9.796   0.904  g  -0.011   0.003  -0.002[0m
[1;32muart:~$ [m[8D[J[1;32muart:~$ [m[8D[J[00:02:44.239,000] [0m<inf> imu: ICM-42688-P  a  -0.166   9.768   0.352  g   0.001  -0.005   0.001[0m
[1;32muart:~$ [m[8D[J[00:02:44.340,000] [0m<inf> imu: LSM6DS3TR-C  a  -0.330   9.900   0.589  g   0.024  -0.063   0.015[0m
[1;32muart:~$ [m[8D[J[1;32muart:~$ [m[8D[J[00:02:44.340,000] [0m<inf> imu: LSM6DSV16X   a  -0.134   9.856   0.940  g  -0.012   0.002  -0.003[0m
[1;32muart:~$ [m[8D[J[00:02:44.341,000] [0m<inf> imu: ICM-42688-P  a  -0.156   9.819   0.346  g  -0.001  -0.005  -0.000[0m
[1;32muart:~$ [m[8D[J[00:02:44.442,000] [0m<inf> imu: LSM6DS3TR-C  a  -0.349   9.872   0.510  g   0.024  -0.060   0.014[0m
[1;32muart:~$ [m[8D[J[00:02:44.443,000] [0m<inf> imu: LSM6DSV16X   a  -0.136   9.782   0.928  g  -0.012   0.002  -0.003[0m
[1;32muart:~$ [m[8D[J[1;32muart:~$ [m[8D[J[00:02:44.443,000] [0m<inf> imu: ICM-42688-P  a  -0.168   9.698   0.364  g  -0.001  -0.005   0.001[0m
[1;32muart:~$ [m[8D[J[1;32muart:~$ [m[8D[J[00:02:44.544,000] [0m<inf> imu: LSM6DS3TR-C  a  -0.358   9.835   0.562  g   0.023  -0.061   0.015[0m
[1;32muart:~$ [m[8D[J[00:02:44.545,000] [0m<inf> imu: LSM6DSV16X   a  -0.134   9.868   0.926  g  -0.012   0.003  -0.003[0m
[1;32muart:~$ [m[8D[J[1;32muart:~$ [m[8D[J[00:02:44.545,000] [0m<inf> imu: ICM-42688-P  a  -0.180   9.771   0.347  g  -0.001  -0.005  -0.000[0m
[1;32muart:~$ [m[8D[J[00:02:44.646,000] [0m<inf> imu: LSM6DS3TR-C  a  -0.355   9.853   0.555  g   0.021  -0.060   0.016[0m
[1;32muart:~$ [m[8D[J[1;32muart:~$ [m[8D[J[00:02:44.647,000] [0m<inf> imu: LSM6DSV16X   a  -0.127   9.835   0.926  g  -0.011   0.003  -0.002[0m
[1;32muart:~$ [m[8D[J[00:02:44.648,000] [0m<inf> imu: ICM-42688-P  a  -0.168   9.750   0.347  g  -0.000  -0.005   0.000[0m
[1;32muart:~$ [m[8D[J[1;32muart:~$ [m[8D[J[00:02:44.749,000] [0m<inf> imu: LSM6DS3TR-C  a  -0.343   9.816   0.544  g   0.021  -0.060   0.014[0m
[1;32muart:~$ [m[8D[J[00:02:44.750,000] [0m<inf> imu: LSM6DSV16X   a  -0.111   9.784   0.916  g  -0.012   0.001  -0.003[0m
[1;32muart:~$ [m[8D[J[1;32muart:~$ [m[8D[J[00:02:44.750,000] [0m<inf> imu: ICM-42688-P  a  -0.139   9.697   0.324  g   0.001  -0.005   0.001[0m
[1;32muart:~$ [m[8D[J[00:02:44.851,000] [0m<inf> imu: LSM6DS3TR-C  a  -0.367   9.839   0.575  g   0.025  -0.061   0.014[0m
[1;32muart:~$ [m[8D[J[00:02:44.852,000] [0m<inf> imu: LSM6DSV16X   a  -0.148   9.846   0.921  g  -0.010   0.002  -0.003[0m
[1;32muart:~$ [m[8D[J[1;32muart:~$ [m[8D[J[00:02:44.852,000] [0m<inf> imu: ICM-42688-P  a  -0.189   9.774   0.311  g   0.000  -0.006   0.001[0m
[1;32muart:~$ [m[8D[J[00:02:44.954,000] [0m<inf> imu: LSM6DS3TR-C  a  -0.378   9.840   0.549  g   0.021  -0.061   0.013[0m
[1;32muart:~$ [m[8D[J[00:02:44.956,000] [0m<inf> imu: LSM6DSV16X   a  -0.126   9.841   0.921  g  -0.011   0.002  -0.003[0m
[1;32muart:~$ [m[8D[J[1;32muart:~$ [m[8D[J[00:02:44.956,000] [0m<inf> imu: ICM-42688-P  a  -0.156   9.761   0.321  g  -0.000  -0.005  -0.000[0m
[1;32muart:~$ [m[8D[J[00:02:45.057,000] [0m<inf> imu: LSM6DS3TR-C  a  -0.375   9.863   0.568  g   0.022  -0.061   0.013[0m
[1;32muart:~$ [m[8D[J[1;32muart:~$ [m[8D[J[00:02:45.058,000] [0m<inf> imu: LSM6DSV16X   a  -0.120   9.797   0.928  g  -0.012   0.003  -0.002[0m
[1;32muart:~$ [m[8D[J[00:02:45.059,000] [0m<inf> imu: ICM-42688-P  a  -0.152   9.762   0.311  g  -0.001  -0.004  -0.000[0m
[1;32muart:~$ [m[8D[J[1;32muart:~$ [m[8D[J[00:02:45.160,000] [0m<inf> imu: LSM6DS3TR-C  a  -0.323   9.838   0.600  g   0.023  -0.060   0.015[0m
[1;32muart:~$ [m[8D[J[00:02:45.161,000] [0m<inf> imu: LSM6DSV16X   a  -0.106   9.849   0.963  g  -0.012   0.002  -0.002[0m
[1;32muart:~$ [m[8D[J[1;32muart:~$ [m[8D[J[00:02:45.162,000] [0m<inf> imu: ICM-42688-P  a  -0.134   9.779   0.345  g   0.001  -0.005   0.001[0m
[1;32muart:~$ [m[8D[J[00:02:45.263,000] [0m<inf> imu: LSM6DS3TR-C  a  -0.339   9.849   0.571  g   0.022  -0.062   0.015[0m
[1;32muart:~$ [m[8D[J[1;32muart:~$ [m[8D[J[00:02:45.263,000] [0m<inf> imu: LSM6DSV16X   a  -0.144   9.837   0.911  g  -0.011   0.002  -0.002[0m
[1;32muart:~$ [m[8D[J[00:02:45.264,000] [0m<inf> imu: ICM-42688-P  a  -0.176   9.752   0.308  g  -0.001  -0.005   0.001[0m
[1;32muart:~$ [m[8D[J[1;32muart:~$ [m[8D[J[00:02:45.365,000] [0m<inf> imu: LSM6DS3TR-C  a  -0.366   9.855   0.528  g   0.023  -0.062   0.016[0m
[1;32muart:~$ [m[8D[J[00:02:45.366,000] [0m<inf> imu: LSM6DSV16X   a  -0.138   9.829   0.909  g  -0.011   0.002  -0.003[0m
[1;32muart:~$ [m[8D[J[1;32muart:~$ [m[8D[J[00:02:45.366,000] [0m<inf> imu: ICM-42688-P  a  -0.160   9.752   0.305  g   0.001  -0.005   0.001[0m
[1;32muart:~$ [m[8D[J[00:02:45.468,000] [0m<inf> imu: LSM6DS3TR-C  a  -0.347   9.873   0.552  g   0.022  -0.058   0.016[0m
[1;32muart:~$ [m[8D[J[00:02:45.468,000] [0m<inf> imu: LSM6DSV16X   a  -0.129   9.842   0.936  g  -0.012   0.002  -0.003[0m
[1;32muart:~$ [m[8D[J[1;32muart:~$ [m[8D[J[00:02:45.469,000] [0m<inf> imu: ICM-42688-P  a  -0.158   9.767   0.322  g   0.001  -0.005   0.000[0m
[1;32muart:~$ [m[8D[J[00:02:45.570,000] [0m<inf> imu: LSM6DS3TR-C  a  -0.389   9.848   0.556  g   0.023  -0.060   0.015[0m
[1;32muart:~$ [m[8D[J[1;32muart:~$ [m[8D[J[00:02:45.571,000] [0m<inf> imu: LSM6DSV16X   a  -0.133   9.839   0.935  g  -0.011   0.002  -0.002[0m
[1;32muart:~$ [m[8D[J[00:02:45.572,000] [0m<inf> imu: ICM-42688-P  a  -0.153   9.761   0.332  g   0.000  -0.005   0.000[0m
[1;32muart:~$ [m[8D[J[00:02:45.673,000] [0m<inf> imu: LSM6DS3TR-C  a  -0.313   9.739   0.499  g   0.022  -0.060   0.016[0m
[1;32muart:~$ [m[8D[J[1;32muart:~$ [m[8D[J[00:02:45.674,000] [0m<inf> imu: LSM6DSV16X   a  -0.124   9.689   0.916  g  -0.011   0.002  -0.002[0m
[1;32muart:~$ [m[8D[J[00:02:45.674,000] [0m<inf> imu: ICM-42688-P  a  -0.175   9.683   0.350  g   0.001  -0.006   0.000[0m
[1;32muart:~$ [m[8D[J[1;32muart:~$ [m[8D[J[00:02:45.775,000] [0m<inf> imu: LSM6DS3TR-C  a  -0.353   9.888   0.586  g   0.022  -0.061   0.015[0m
[1;32muart:~$ [m[8D[J[00:02:45.777,000] [0m<inf> imu: LSM6DSV16X   a  -0.142   9.861   0.914  g  -0.012   0.001  -0.003[0m
[1;32muart:~$ [m[8D[J[1;32muart:~$ [m[8D[J[00:02:45.778,000] [0m<inf> imu: ICM-42688-P  a  -0.180   9.784   0.324  g  -0.000  -0.005   0.000[0m
[1;32muart:~$ [m[8D[J[00:02:45.879,000] [0m<inf> imu: LSM6DS3TR-C  a  -0.363   9.788   0.558  g   0.023  -0.062   0.013[0m
[1;32muart:~$ [m[8D[J[1;32muart:~$ [m[8D[J[00:02:45.880,000] [0m<inf> imu: LSM6DSV16X   a  -0.120   9.823   0.936  g  -0.012   0.002  -0.003[0m
[1;32muart:~$ [m[8D[J[00:02:45.880,000] [0m<inf> imu: ICM-42688-P  a  -0.138   9.743   0.328  g   0.001  -0.005  -0.001[0m
[1;32muart:~$ [m[8D[J[1;32muart:~$ [m[8D[J[00:02:45.981,000] [0m<inf> imu: LSM6DS3TR-C  a  -0.379   9.840   0.537  g   0.022  -0.061   0.016[0m
[1;32muart:~$ [m[8D[J[00:02:45.982,000] [0m<inf> imu: LSM6DSV16X   a  -0.124   9.835   0.924  g  -0.011   0.002  -0.002[0m
[1;32muart:~$ [m[8D[J[1;32muart:~$ [m[8D[J[00:02:45.982,000] [0m<inf> imu: ICM-42688-P  a  -0.171   9.773   0.350  g  -0.001  -0.005   0.001[0m
[1;32muart:~$ [m[8D[J[00:02:46.083,000] [0m<inf> imu: LSM6DS3TR-C  a  -0.374   9.867   0.550  g   0.023  -0.060   0.014[0m
[1;32muart:~$ [m[8D[J[00:02:46.084,000] [0m<inf> imu: LSM6DSV16X   a  -0.137   9.839   0.923  g  -0.012   0.002  -0.003[0m
[1;32muart:~$ [m[8D[J[1;32muart:~$ [m[8D[J[00:02:46.085,000] [0m<inf> imu: ICM-42688-P  a  -0.159   9.764   0.327  g   0.000  -0.005   0.001[0m
[1;32muart:~$ [m[8D[J[00:02:46.187,000] [0m<inf> imu: LSM6DS3TR-C  a  -0.357   9.832   0.548  g   0.022  -0.060   0.014[0m
[1;32muart:~$ [m[8D[J[1;32muart:~$ [m[8D[J[00:02:46.187,000] [0m<inf> imu: LSM6DSV16X   a  -0.129   9.844   0.917  g  -0.012   0.003  -0.003[0m
[1;32muart:~$ [m[8D[J[00:02:46.188,000] [0m<inf> imu: ICM-42688-P  a  -0.151   9.765   0.305  g  -0.001  -0.005   0.001[0m
[1;32muart:~$ [m[8D[J[00:02:46.289,000] [0m<inf> imu: LSM6DS3TR-C  a  -0.341   9.840   0.531  g   0.024  -0.060   0.014[0m
[1;32muart:~$ [m[8D[J[1;32muart:~$ [m[8D[J[00:02:46.290,000] [0m<inf> imu: LSM6DSV16X   a  -0.136   9.837   0.940  g  -0.011   0.003  -0.003[0m
[1;32muart:~$ [m[8D[J[00:02:46.290,000] [0m<inf> imu: ICM-42688-P  a  -0.159   9.768   0.333  g   0.001  -0.004   0.000[0m
[1;32muart:~$ [m[8D[J[00:02:46.391,000] [0m<inf> imu: LSM6DS3TR-C  a  -0.330   9.818   0.541  g   0.022  -0.060   0.016[0m
[1;32muart:~$ [m[8D[J[00:02:46.392,000] [0m<inf> imu: LSM6DSV16X   a  -0.122   9.837   0.937  g  -0.011   0.003  -0.003[0m
[1;32muart:~$ [m[8D[J[1;32muart:~$ [m[8D[J[00:02:46.393,000] [0m<inf> imu: ICM-42688-P  a  -0.150   9.754   0.327  g   0.000  -0.006   0.000[0m
[1;32muart:~$ [m[8D[J[1;32muart:~$ [m[8D[J[00:02:46.494,000] [0m<inf> imu: LSM6DS3TR-C  a  -0.389   9.866   0.565  g   0.023  -0.061   0.014[0m
[1;32muart:~$ [m[8D[J[00:02:46.494,000] [0m<inf> imu: LSM6DSV16X   a  -0.136   9.829   0.934  g  -0.012   0.002  -0.003[0m
[1;32muart:~$ [m[8D[J[1;32muart:~$ [m[8D[J[00:02:46.495,000] [0m<inf> imu: ICM-42688-P  a  -0.170   9.752   0.308  g  -0.000  -0.006  -0.000[0m
[1;32muart:~$ [m[8D[J[00:02:46.596,000] [0m<inf> imu: LSM6DS3TR-C  a  -0.348   9.817   0.543  g   0.023  -0.059   0.013[0m
[1;32muart:~$ [m[8D[J[1;32muart:~$ [m[8D[J[00:02:46.597,000] [0m<inf> imu: LSM6DSV16X   a  -0.124   9.836   0.922  g  -0.012   0.002  -0.003[0m
[1;32muart:~$ [m[8D[J[00:02:46.597,000] [0m<inf> imu: ICM-42688-P  a  -0.146   9.752   0.309  g   0.000  -0.005   0.000[0m
[1;32muart:~$ [m[8D[J[1;32muart:~$ [m[8D[J[00:02:46.698,000] [0m<inf> imu: LSM6DS3TR-C  a  -0.339   9.830   0.528  g   0.020  -0.060   0.016[0m
[1;32muart:~$ [m[8D[J[00:02:46.699,000] [0m<inf> imu: LSM6DSV16X   a  -0.139   9.843   0.924  g  -0.011   0.002  -0.002[0m
[1;32muart:~$ [m[8D[J[1;32muart:~$ [m[8D[J[00:02:46.699,000] [0m<inf> imu: ICM-42688-P  a  -0.163   9.772   0.324  g   0.001  -0.005   0.000[0m
[1;32muart:~$ [m[8D[J[00:02:46.801,000] [0m<inf> imu: LSM6DS3TR-C  a  -0.366   9.873   0.528  g   0.022  -0.059   0.014[0m
[1;32muart:~$ [m[8D[J[00:02:46.801,000] [0m<inf> imu: LSM6DSV16X   a  -0.136   9.836   0.931  g  -0.012   0.002  -0.003[0m
[1;32muart:~$ [m[8D[J[1;32muart:~$ [m[8D[J[00:02:46.802,000] [0m<inf> imu: ICM-42688-P  a  -0.154   9.770   0.316  g  -0.000  -0.005   0.001[0m
[1;32muart:~$ [m[8D[J[00:02:46.904,000] [0m<inf> imu: LSM6DS3TR-C  a  -0.364   9.833   0.535  g   0.022  -0.062   0.015[0m
[1;32muart:~$ [m[8D[J[1;32muart:~$ [m[8D[J[00:02:46.904,000] [0m<inf> imu: LSM6DSV16X   a  -0.136   9.826   0.926  g  -0.012   0.002  -0.003[0m
[1;32muart:~$ [m[8D[J[00:02:46.905,000] [0m<inf> imu: ICM-42688-P  a  -0.154   9.766   0.324  g  -0.000  -0.005   0.000[0m
[1;32muart:~$ [m[8D[J[00:02:47.006,000] [0m<inf> imu: LSM6DS3TR-C  a  -0.334   9.771   0.514  g   0.023  -0.061   0.017[0m
[1;32muart:~$ [m[8D[J[1;32muart:~$ [m[8D[J[00:02:47.007,000] [0m<inf> imu: LSM6DSV16X   a  -0.136   9.834   0.933  g  -0.011   0.003  -0.003[0m
[1;32muart:~$ [m[8D[J[00:02:47.007,000] [0m<inf> imu: ICM-42688-P  a  -0.169   9.744   0.318  g   0.000  -0.005  -0.001[0m
[1;32muart:~$ [m[8D[J[00:02:47.108,000] [0m<inf> imu: LSM6DS3TR-C  a  -0.329   9.903   0.543  g   0.023  -0.060   0.013[0m
[1;32muart:~$ [m[8D[J[00:02:47.109,000] [0m<inf> imu: LSM6DSV16X   a  -0.126   9.883   0.927  g  -0.013   0.002  -0.003[0m
[1;32muart:~$ [m[8D[J[1;32muart:~$ [m[8D[J[00:02:47.110,000] [0m<inf> imu: ICM-42688-P  a  -0.159   9.825   0.330  g  -0.001  -0.005  -0.001[0m
[1;32muart:~$ [m[8D[J[1;32muart:~$ [m[8D[J[00:02:47.211,000] [0m<inf> imu: LSM6DS3TR-C  a  -0.376   9.785   0.553  g   0.026  -0.062   0.015[0m
[1;32muart:~$ [m[8D[J[00:02:47.211,000] [0m<inf> imu: LSM6DSV16X   a  -0.130   9.801   0.914  g  -0.011   0.002  -0.003[0m
[1;32muart:~$ [m[8D[J[1;32muart:~$ [m[8D[J[00:02:47.212,000] [0m<inf> imu: ICM-42688-P  a  -0.154   9.716   0.296  g   0.001  -0.005   0.001[0m
[1;32muart:~$ [m[8D[J[00:02:47.313,000] [0m<inf> imu: LSM6DS3TR-C  a  -0.408   9.890   0.547  g   0.022  -0.062   0.015[0m
[1;32muart:~$ [m[8D[J[1;32muart:~$ [m[8D[J[00:02:47.314,000] [0m<inf> imu: LSM6DSV16X   a  -0.127   9.870   0.921  g  -0.012   0.002  -0.003[0m
[1;32muart:~$ [m[8D[J[00:02:47.314,000] [0m<inf> imu: ICM-42688-P  a  -0.159   9.780   0.320  g  -0.001  -0.005   0.001[0m
[1;32muart:~$ [m[8D[J[1;32muart:~$ [m[8D[J[00:02:47.415,000] [0m<inf> imu: LSM6DS3TR-C  a  -0.386   9.800   0.525  g   0.022  -0.059   0.016[0m
[1;32muart:~$ [m[8D[J[00:02:47.416,000] [0m<inf> imu: LSM6DSV16X   a  -0.132   9.803   0.921  g  -0.011   0.002  -0.002[0m
[1;32muart:~$ [m[8D[J[1;32muart:~$ [m[8D[J[00:02:47.416,000] [0m<inf> imu: ICM-42688-P  a  -0.162   9.734   0.310  g   0.001  -0.006   0.001[0m
[1;32muart:~$ [m[8D[J[00:02:47.518,000] [0m<inf> imu: LSM6DS3TR-C  a  -0.327   9.891   0.522  g   0.022  -0.060   0.012[0m
[1;32muart:~$ [m[8D[J[00:02:47.518,000] [0m<inf> imu: LSM6DSV16X   a  -0.124   9.848   0.938  g  -0.012   0.002  -0.003[0m
[1;32muart:~$ [m[8D[J[1;32muart:~$ [m[8D[J[00:02:47.519,000] [0m<inf> imu: ICM-42688-P  a  -0.157   9.779   0.316  g  -0.001  -0.005   0.000[0m
[1;32muart:~$ [m[8D[J[00:02:47.621,000] [0m<inf> imu: LSM6DS3TR-C  a  -0.346   9.855   0.598  g   0.023  -0.061   0.014[0m
[1;32muart:~$ [m[8D[J[1;32muart:~$ [m[8D[J[00:02:47.622,000] [0m<inf> imu: LSM6DSV16X   a  -0.134   9.832   0.931  g  -0.012   0.002  -0.002[0m
[1;32muart:~$ [m[8D[J[00:02:47.623,000] [0m<inf> imu: ICM-42688-P  a  -0.156   9.764   0.316  g  -0.001  -0.005   0.001[0m
[1;32muart:~$ [m[8D[J[00:02:47.724,000] [0m<inf> imu: LSM6DS3TR-C  a  -0.379   9.844   0.517  g   0.023  -0.062   0.013[0m
[1;32muart:~$ [m[8D[J[1;32muart:~$ [m[8D[J[00:02:47.724,000] [0m<inf> imu: LSM6DSV16X   a  -0.136   9.842   0.924  g  -0.012   0.002  -0.003[0m
[1;32muart:~$ [m[8D[J[00:02:47.725,000] [0m<inf> imu: ICM-42688-P  a  -0.163   9.755   0.303  g  -0.000  -0.006   0.001[0m
[1;32muart:~$ [m[8D[J[00:02:47.826,000] [0m<inf> imu: LSM6DS3TR-C  a  -0.343   9.861   0.584  g   0.025  -0.060   0.014[0m
[1;32muart:~$ [m[8D[J[00:02:47.827,000] [0m<inf> imu: LSM6DSV16X   a  -0.125   9.835   0.915  g  -0.012   0.002  -0.003[0m
[1;32muart:~$ [m[8D[J[1;32muart:~$ [m[8D[J[00:02:47.827,000] [0m<inf> imu: ICM-42688-P  a  -0.151   9.755   0.320  g   0.000  -0.005   0.001[0m
[1;32muart:~$ [m[8D[J[1;32muart:~$ [m[8D[J[00:02:47.928,000] [0m<inf> imu: LSM6DS3TR-C  a  -0.374   9.844   0.563  g   0.025  -0.060   0.016[0m
[1;32muart:~$ [m[8D[J[00:02:47.929,000] [0m<inf> imu: LSM6DSV16X   a  -0.139   9.839   0.921  g  -0.012   0.002  -0.003[0m
[1;32muart:~$ [m[8D[J[1;32muart:~$ [m[8D[J[00:02:47.929,000] [0m<inf> imu: ICM-42688-P  a  -0.177   9.752   0.321  g  -0.000  -0.005  -0.000[0m
[1;32muart:~$ [m[8D[J[00:02:48.031,000] [0m<inf> imu: LSM6DS3TR-C  a  -0.349   9.819   0.555  g   0.024  -0.060   0.015[0m
[1;32muart:~$ [m[8D[J[1;32muart:~$ [m[8D[J[00:02:48.031,000] [0m<inf> imu: LSM6DSV16X   a  -0.124   9.835   0.919  g  -0.011   0.002  -0.003[0m
[1;32muart:~$ [m[8D[J[00:02:48.032,000] [0m<inf> imu: ICM-42688-P  a  -0.152   9.760   0.316  g   0.000  -0.005   0.001[0m
[1;32muart:~$ [m[8D[J[00:02:48.133,000] [0m<inf> imu: LSM6DS3TR-C  a  -0.357   9.848   0.577  g   0.023  -0.061   0.015[0m
[1;32muart:~$ [m[8D[J[1;32muart:~$ [m[8D[J[00:02:48.134,000] [0m<inf> imu: LSM6DSV16X   a  -0.136   9.837   0.926  g  -0.011   0.002  -0.002[0m
[1;32muart:~$ [m[8D[J[00:02:48.134,000] [0m<inf> imu: ICM-42688-P  a  -0.168   9.760   0.321  g  -0.000  -0.005   0.000[0m
[1;32muart:~$ [m[8D[J[1;32muart:~$ [m[8D[J[00:02:48.235,000] [0m<inf> imu: LSM6DS3TR-C  a  -0.341   9.848   0.564  g   0.021  -0.060   0.016[0m
[1;32muart:~$ [m[8D[J[00:02:48.236,000] [0m<inf> imu: LSM6DSV16X   a  -0.125   9.835   0.922  g  -0.012   0.002  -0.003[0m
[1;32muart:~$ [m[8D[J[1;32muart:~$ [m[8D[J[00:02:48.236,000] [0m<inf> imu: ICM-42688-P  a  -0.148   9.756   0.315  g  -0.000  -0.005   0.000[0m
[1;32muart:~$ [m[8D[J[00:02:48.338,000] [0m<inf> imu: LSM6DS3TR-C  a  -0.365   9.839   0.569  g   0.022  -0.062   0.015[0m
[1;32muart:~$ [m[8D[J[00:02:48.339,000] [0m<inf> imu: LSM6DSV16X   a  -0.129   9.829   0.926  g  -0.013   0.001  -0.003[0m
[1;32muart:~$ [m[8D[J[1;32muart:~$ [m[8D[J[00:02:48.339,000] [0m<inf> imu: ICM-42688-P  a  -0.154   9.747   0.324  g  -0.001  -0.004   0.000[0m
[1;32muart:~$ [m[8D[J[00:02:48.440,000] [0m<inf> imu: LSM6DS3TR-C  a  -0.366   9.870   0.592  g   0.023  -0.061   0.014[0m
[1;32muart:~$ [m[8D[J[1;32muart:~$ [m[8D[J[00:02:48.441,000] [0m<inf> imu: LSM6DSV16X   a  -0.139   9.839   0.936  g  -0.012   0.002  -0.003[0m
[1;32muart:~$ [m[8D[J[00:02:48.442,000] [0m<inf> imu: ICM-42688-P  a  -0.172   9.768   0.326  g   0.001  -0.005   0.001[0m
[1;32muart:~$ [m[8D[J[1;32muart:~$ [m[8D[J[00:02:48.543,000] [0m<inf> imu: LSM6DS3TR-C  a  -0.394   9.834   0.584  g   0.023  -0.061   0.014[0m
[1;32muart:~$ [m[8D[J[00:02:48.544,000] [0m<inf> imu: LSM6DSV16X   a  -0.136   9.846   0.924  g  -0.012   0.002  -0.003[0m
[1;32muart:~$ [m[8D[J[1;32muart:~$ [m[8D[J[00:02:48.545,000] [0m<inf> imu: ICM-42688-P  a  -0.163   9.770   0.326  g  -0.000  -0.006   0.000[0m
[1;32muart:~$ [m[8D[J[00:02:48.646,000] [0m<inf> imu: LSM6DS3TR-C  a  -0.362   9.835   0.555  g   0.023  -0.060   0.014[0m
[1;32muart:~$ [m[8D[J[1;32muart:~$ [m[8D[J[00:02:48.647,000] [0m<inf> imu: LSM6DSV16X   a  -0.129   9.826   0.923  g  -0.011   0.002  -0.003[0m
[1;32muart:~$ [m[8D[J[00:02:48.647,000] [0m<inf> imu: ICM-42688-P  a  -0.157   9.746   0.311  g   0.000  -0.006   0.001[0m
[1;32muart:~$ [m[8D[J[1;32muart:~$ [m[8D[J[00:02:48.749,000] [0m<inf> imu: LSM6DS3TR-C  a  -0.361   9.879   0.584  g   0.022  -0.061   0.016[0m
[1;32muart:~$ [m[8D[J[00:02:48.749,000] [0m<inf> imu: LSM6DSV16X   a  -0.127   9.863   0.931  g  -0.011   0.002  -0.002[0m
[1;32muart:~$ [m[8D[J[1;32muart:~$ [m[8D[J[00:02:48.750,000] [0m<inf> imu: ICM-42688-P  a  -0.154   9.780   0.323  g   0.000  -0.005   0.000[0m
[1;32muart:~$ [m[8D[J[00:02:48.851,000] [0m<inf> imu: LSM6DS3TR-C  a  -0.326   9.885   0.535  g   0.021  -0.060   0.015[0m
[1;32muart:~$ [m[8D[J[00:02:48.852,000] [0m<inf> imu: LSM6DSV16X   a  -0.134   9.794   0.914  g  -0.012   0.002  -0.002[0m
[1;32muart:~$ [m[8D[J[1;32muart:~$ [m[8D[J[00:02:48.852,000] [0m<inf> imu: ICM-42688-P  a  -0.146   9.677   0.292  g  -0.000  -0.006   0.000[0m
[1;32muart:~$ [m[8D[J[00:02:48.954,000] [0m<inf> imu: LSM6DS3TR-C  a  -0.373   9.904   0.628  g   0.021  -0.060   0.016[0m
[1;32muart:~$ [m[8D[J[1;32muart:~$ [m[8D[J[00:02:48.955,000] [0m<inf> imu: LSM6DSV16X   a  -0.121   9.818   0.907  g  -0.011   0.002  -0.003[0m
[1;32muart:~$ [m[8D[J[00:02:48.956,000] [0m<inf> imu: ICM-42688-P  a  -0.153   9.714   0.311  g   0.001  -0.005   0.001[0m
[1;32muart:~$ [m[8D[J[00:02:49.057,000] [0m<inf> imu: LSM6DS3TR-C  a  -0.389   9.806   0.481  g   0.023  -0.062   0.013[0m
[1;32muart:~$ [m[8D[J[1;32muart:~$ [m[8D[J[00:02:49.057,000] [0m<inf> imu: LSM6DSV16X   a  -0.131   9.863   0.973  g  -0.010   0.003  -0.002[0m
[1;32muart:~$ [m[8D[J[00:02:49.058,000] [0m<inf> imu: ICM-42688-P  a  -0.142   9.862   0.341  g   0.003  -0.005   0.002[0m
[1;32muart:~$ [m[8D[J[00:02:49.159,000] [0m<inf> imu: LSM6DS3TR-C  a  -0.336   9.851   0.546  g   0.023  -0.060   0.014[0m
[1;32muart:~$ [m[8D[J[00:02:49.160,000] [0m<inf> imu: LSM6DSV16X   a  -0.129   9.844   0.927  g  -0.012   0.002  -0.003[0m
[1;32muart:~$ [m[8D[J[1;32muart:~$ [m[8D[J[00:02:49.160,000] [0m<inf> imu: ICM-42688-P  a  -0.151   9.774   0.322  g   0.000  -0.005   0.000[0m
[1;32muart:~$ [m[8D[J[1;32muart:~$ [m[8D[J[00:02:49.261,000] [0m<inf> imu: LSM6DS3TR-C  a  -0.370   9.884   0.505  g   0.024  -0.060   0.015[0m
[1;32muart:~$ [m[8D[J[00:02:49.262,000] [0m<inf> imu: LSM6DSV16X   a  -0.132   9.853   0.923  g  -0.011   0.002  -0.002[0m
[1;32muart:~$ [m[8D[J[1;32muart:~$ [m[8D[J[00:02:49.262,000] [0m<inf> imu: ICM-42688-P  a  -0.166   9.731   0.334  g   0.000  -0.005   0.000[0m
[1;32muart:~$ [m[8D[J[00:02:49.364,000] [0m<inf> imu: LSM6DS3TR-C  a  -0.355   9.877   0.571  g   0.023  -0.062   0.016[0m
[1;32muart:~$ [m[8D[J[1;32muart:~$ [m[8D[J[00:02:49.364,000] [0m<inf> imu: LSM6DSV16X   a  -0.144   9.878   0.940  g  -0.013   0.003  -0.003[0m
[1;32muart:~$ [m[8D[J[00:02:49.365,000] [0m<inf> imu: ICM-42688-P  a  -0.174   9.801   0.350  g  -0.002  -0.005  -0.001[0m
[1;32muart:~$ [m[8D[J[1;32muart:~$ [m[8D[J[00:02:49.466,000] [0m<inf> imu: LSM6DS3TR-C  a  -0.343   9.844   0.518  g   0.022  -0.060   0.015[0m
[1;32muart:~$ [m[8D[J[00:02:49.467,000] [0m<inf> imu: LSM6DSV16X   a  -0.117   9.860   0.925  g  -0.011   0.001  -0.003[0m
[1;32muart:~$ [m[8D[J[1;32muart:~$ [m[8D[J[00:02:49.467,000] [0m<inf> imu: ICM-42688-P  a  -0.154   9.822   0.354  g   0.001  -0.005   0.001[0m
[1;32muart:~$ [m[8D[J[00:02:49.568,000] [0m<inf> imu: LSM6DS3TR-C  a  -0.387   9.851   0.537  g   0.023  -0.061   0.016[0m
[1;32muart:~$ [m[8D[J[00:02:49.569,000] [0m<inf> imu: LSM6DSV16X   a  -0.141   9.851   0.940  g  -0.012   0.002  -0.003[0m
[1;32muart:~$ [m[8D[J[1;32muart:~$ [m[8D[J[00:02:49.569,000] [0m<inf> imu: ICM-42688-P  a  -0.162   9.754   0.305  g   0.000  -0.005   0.000[0m
[1;32muart:~$ [m[8D[J[00:02:49.671,000] [0m<inf> imu: LSM6DS3TR-C  a  -0.351   9.840   0.552  g   0.021  -0.060   0.014[0m
[1;32muart:~$ [m[8D[J[1;32muart:~$ [m[8D[J[00:02:49.671,000] [0m<inf> imu: LSM6DSV16X   a  -0.120   9.835   0.910  g  -0.012   0.002  -0.002[0m
[1;32muart:~$ [m[8D[J[00:02:49.672,000] [0m<inf> imu: ICM-42688-P  a  -0.146   9.750   0.308  g   0.001  -0.006   0.001[0m
[1;32muart:~$ [m[8D[J[00:02:49.773,000] [0m<inf> imu: LSM6DS3TR-C  a  -0.364   9.884   0.588  g   0.021  -0.060   0.015[0m
[1;32muart:~$ [m[8D[J[1;32muart:~$ [m[8D[J[00:02:49.774,000] [0m<inf> imu: LSM6DSV16X   a  -0.133   9.837   0.924  g  -0.011   0.002  -0.003[0m
[1;32muart:~$ [m[8D[J[00:02:49.775,000] [0m<inf> imu: ICM-42688-P  a  -0.168   9.755   0.309  g   0.000  -0.005   0.000[0m
[1;32muart:~$ [m[8D[J[00:02:49.876,000] [0m<inf> imu: LSM6DS3TR-C  a  -0.318   9.836   0.573  g   0.022  -0.059   0.015[0m
[1;32muart:~$ [m[8D[J[00:02:49.876,000] [0m<inf> imu: LSM6DSV16X   a  -0.124   9.829   0.931  g  -0.012   0.001  -0.003[0m
[1;32muart:~$ [m[8D[J[1;32muart:~$ [m[8D[J[00:02:49.877,000] [0m<inf> imu: ICM-42688-P  a  -0.154   9.756   0.322  g  -0.001  -0.005   0.000[0m
[1;32muart:~$ [m[8D[J[1;32muart:~$ [m[8D[J[00:02:49.978,000] [0m<inf> imu: LSM6DS3TR-C  a  -0.351   9.891   0.586  g   0.022  -0.060   0.016[0m
[1;32muart:~$ [m[8D[J[00:02:49.979,000] [0m<inf> imu: LSM6DSV16X   a  -0.132   9.841   0.926  g  -0.011   0.002  -0.003[0m
[1;32muart:~$ [m[8D[J[1;32muart:~$ [m[8D[J[00:02:49.979,000] [0m<inf> imu: ICM-42688-P  a  -0.163   9.753   0.320  g   0.001  -0.005   0.000[0m
[1;32muart:~$ [m[8D[J[00:02:50.080,000] [0m<inf> imu: LSM6DS3TR-C  a  -0.393   9.875   0.571  g   0.022  -0.060   0.016[0m
[1;32muart:~$ [m[8D[J[1;32muart:~$ [m[8D[J[00:02:50.081,000] [0m<inf> imu: LSM6DSV16X   a  -0.136   9.854   0.921  g  -0.011   0.002  -0.003[0m
[1;32muart:~$ [m[8D[J[00:02:50.082,000] [0m<inf> imu: ICM-42688-P  a  -0.171   9.753   0.316  g   0.000  -0.005   0.001[0m
[1;32muart:~$ [m[8D[J[1;32muart:~$ [m[8D[J[00:02:50.183,000] [0m<inf> imu: LSM6DS3TR-C  a  -0.327   9.827   0.575  g   0.022  -0.060   0.018[0m
[1;32muart:~$ [m[8D[J[00:02:50.183,000] [0m<inf> imu: LSM6DSV16X   a  -0.129   9.866   0.927  g  -0.012   0.002  -0.002[0m
[1;32muart:~$ [m[8D[J[1;32muart:~$ [m[8D[J[00:02:50.184,000] [0m<inf> imu: ICM-42688-P  a  -0.146   9.768   0.329  g  -0.001  -0.005   0.000[0m
[1;32muart:~$ [m[8D[J[00:02:50.285,000] [0m<inf> imu: LSM6DS3TR-C  a  -0.391   9.823   0.573  g   0.022  -0.062   0.013[0m
[1;32muart:~$ [m[8D[J[00:02:50.286,000] [0m<inf> imu: LSM6DSV16X   a  -0.130   9.834   0.919  g  -0.012   0.001  -0.002[0m
[1;32muart:~$ [m[8D[J[1;32muart:~$ [m[8D[J[00:02:50.286,000] [0m<inf> imu: ICM-42688-P  a  -0.153   9.756   0.320  g   0.000  -0.006   0.000[0m
[1;32muart:~$ [m[8D[J[00:02:50.388,000] [0m<inf> imu: LSM6DS3TR-C  a  -0.376   9.864   0.534  g   0.021  -0.061   0.014[0m
[1;32muart:~$ [m[8D[J[1;32muart:~$ [m[8D[J[00:02:50.388,000] [0m<inf> imu: LSM6DSV16X   a  -0.132   9.851   0.916  g  -0.011   0.002  -0.002[0m
[1;32muart:~$ [m[8D[J[00:02:50.389,000] [0m<inf> imu: ICM-42688-P  a  -0.157   9.768   0.327  g   0.001  -0.005   0.001[0m
[1;32muart:~$ [m[8D[J[00:02:50.490,000] [0m<inf> imu: LSM6DS3TR-C  a  -0.353   9.820   0.578  g   0.025  -0.060   0.016[0m
[1;32muart:~$ [m[8D[J[1;32muart:~$ [m[8D[J[00:02:50.491,000] [0m<inf> imu: LSM6DSV16X   a  -0.133   9.830   0.934  g  -0.011   0.001  -0.003[0m
[1;32muart:~$ [m[8D[J[00:02:50.491,000] [0m<inf> imu: ICM-42688-P  a  -0.160   9.747   0.324  g  -0.001  -0.005   0.000[0m
[1;32muart:~$ [m[8D[J[00:02:50.593,000] [0m<inf> imu: LSM6DS3TR-C  a  -0.379   9.858   0.563  g   0.023  -0.061   0.014[0m
[1;32muart:~$ [m[8D[J[00:02:50.593,000] [0m<inf> imu: LSM6DSV16X   a  -0.127   9.851   0.933  g  -0.012   0.002  -0.002[0m
[1;32muart:~$ [m[8D[J[1;32muart:~$ [m[8D[J[00:02:50.594,000] [0m<inf> imu: ICM-42688-P  a  -0.160   9.762   0.316  g   0.000  -0.005   0.001[0m
[1;32muart:~$ [m[8D[J[1;32muart:~$ [m[8D[J[00:02:50.695,000] [0m<inf> imu: LSM6DS3TR-C  a  -0.341   9.860   0.559  g   0.024  -0.061   0.014[0m
[1;32muart:~$ [m[8D[J[00:02:50.696,000] [0m<inf> imu: LSM6DSV16X   a  -0.132   9.832   0.927  g  -0.012   0.002  -0.002[0m
[1;32muart:~$ [m[8D[J[1;32muart:~$ [m[8D[J[00:02:50.696,000] [0m<inf> imu: ICM-42688-P  a  -0.164   9.766   0.316  g   0.000  -0.005   0.001[0m
[1;32muart:~$ [m[8D[J[00:02:50.797,000] [0m<inf> imu: LSM6DS3TR-C  a  -0.373   9.809   0.593  g   0.024  -0.061   0.014[0m
[1;32muart:~$ [m[8D[J[1;32muart:~$ [m[8D[J[00:02:50.798,000] [0m<inf> imu: LSM6DSV16X   a  -0.134   9.839   0.917  g  -0.012   0.002  -0.003[0m
[1;32muart:~$ [m[8D[J[00:02:50.798,000] [0m<inf> imu: ICM-42688-P  a  -0.171   9.753   0.318  g  -0.001  -0.005  -0.001[0m
[1;32muart:~$ [m[8D[J[1;32muart:~$ [m[8D[J[00:02:50.899,000] [0m<inf> imu: LSM6DS3TR-C  a  -0.357   9.820   0.564  g   0.023  -0.060   0.014[0m
[1;32muart:~$ [m[8D[J[00:02:50.900,000] [0m<inf> imu: LSM6DSV16X   a  -0.127   9.839   0.923  g  -0.010   0.002  -0.003[0m
[1;32muart:~$ [m[8D[J[1;32muart:~$ [m[8D[J[00:02:50.901,000] [0m<inf> imu: ICM-42688-P  a  -0.160   9.749   0.324  g   0.000  -0.005   0.001[0m
[1;32muart:~$ [m[8D[J[00:02:51.002,000] [0m<inf> imu: LSM6DS3TR-C  a  -0.393   9.869   0.560  g   0.023  -0.060   0.014[0m
[1;32muart:~$ [m[8D[J[00:02:51.002,000] [0m<inf> imu: LSM6DSV16X   a  -0.139   9.848   0.931  g  -0.011   0.002  -0.003[0m
[1;32muart:~$ [m[8D[J[1;32muart:~$ [m[8D[J[00:02:51.003,000] [0m<inf> imu: ICM-42688-P  a  -0.171   9.777   0.320  g   0.000  -0.005   0.001[0m
[1;32muart:~$ [m[8D[J[00:02:51.104,000] [0m<inf> imu: LSM6DS3TR-C  a  -0.345   9.852   0.522  g   0.023  -0.062   0.014[0m
[1;32muart:~$ [m[8D[J[00:02:51.105,000] [0m<inf> imu: LSM6DSV16X   a  -0.130   9.834   0.933  g  -0.011   0.003  -0.002[0m
[1;32muart:~$ [m[8D[J[1;32muart:~$ [m[8D[J[00:02:51.106,000] [0m<inf> imu: ICM-42688-P  a  -0.147   9.760   0.320  g  -0.001  -0.005   0.001[0m
[1;32muart:~$ [m[8D[J[00:02:51.207,000] [0m<inf> imu: LSM6DS3TR-C  a  -0.383   9.847   0.593  g   0.024  -0.063   0.013[0m
[1;32muart:~$ [m[8D[J[00:02:51.208,000] [0m<inf> imu: LSM6DSV16X   a  -0.132   9.832   0.933  g  -0.011   0.003  -0.003[0m
[1;32muart:~$ [m[8D[J[00:02:51.208,000] [0m<inf> imu: ICM-42688-P  a  -0.168   9.755   0.316  g  -0.001  -0.005   0.000[0m
[1;32muart:~$ [m[8D[J[1;32muart:~$ [m[8D[J[00:02:51.311,000] [0m<inf> imu: LSM6DS3TR-C  a  -0.345   9.827   0.546  g   0.023  -0.060   0.014[0m
[1;32muart:~$ [m[8D[J[00:02:51.312,000] [0m<inf> imu: LSM6DSV16X   a  -0.129   9.839   0.933  g  -0.012   0.002  -0.003[0m
[1;32muart:~$ [m[8D[J[1;32muart:~$ [m[8D[J[00:02:51.312,000] [0m<inf> imu: ICM-42688-P  a  -0.154   9.760   0.317  g   0.000  -0.005   0.000[0m
[1;32muart:~$ [m[8D[J[00:02:51.414,000] [0m<inf> imu: LSM6DS3TR-C  a  -0.348   9.884   0.560  g   0.022  -0.060   0.016[0m
[1;32muart:~$ [m[8D[J[1;32muart:~$ [m[8D[J[00:02:51.414,000] [0m<inf> imu: LSM6DSV16X   a  -0.125   9.834   0.926  g  -0.011   0.002  -0.003[0m
[1;32muart:~$ [m[8D[J[00:02:51.415,000] [0m<inf> imu: ICM-42688-P  a  -0.156   9.764   0.303  g   0.000  -0.005   0.001[0m
[1;32muart:~$ [m[8D[J[1;32muart:~$ [m[8D[J[00:02:51.516,000] [0m<inf> imu: LSM6DS3TR-C  a  -0.353   9.866   0.556  g   0.023  -0.061   0.016[0m
[1;32muart:~$ [m[8D[J[00:02:51.517,000] [0m<inf> imu: LSM6DSV16X   a  -0.139   9.835   0.922  g  -0.011   0.002  -0.003[0m
[1;32muart:~$ [m[8D[J[1;32muart:~$ [m[8D[J[00:02:51.517,000] [0m<inf> imu: ICM-42688-P  a  -0.157   9.758   0.327  g   0.001  -0.005   0.001[0m
[1;32muart:~$ [m[8D[J[00:02:51.618,000] [0m<inf> imu: LSM6DS3TR-C  a  -0.348   9.826   0.567  g   0.020  -0.060   0.013[0m
[1;32muart:~$ [m[8D[J[00:02:51.619,000] [0m<inf> imu: LSM6DSV16X   a  -0.131   9.836   0.925  g  -0.010   0.002  -0.003[0m
[1;32muart:~$ [m[8D[J[1;32muart:~$ [m[8D[J[00:02:51.619,000] [0m<inf> imu: ICM-42688-P  a  -0.165   9.754   0.321  g  -0.001  -0.005   0.000[0m
[1;32muart:~$ [m[8D[J[00:02:51.721,000] [0m<inf> imu: LSM6DS3TR-C  a  -0.358   9.835   0.605  g   0.021  -0.060   0.016[0m
[1;32muart:~$ [m[8D[J[00:02:51.722,000] [0m<inf> imu: LSM6DSV16X   a  -0.132   9.835   0.924  g  -0.013   0.002  -0.003[0m
[1;32muart:~$ [m[8D[J[1;32muart:~$ [m[8D[J[00:02:51.723,000] [0m<inf> imu: ICM-42688-P  a  -0.160   9.761   0.320  g  -0.001  -0.005   0.001[0m
[1;32muart:~$ [m[8D[J[00:02:51.824,000] [0m<inf> imu: LSM6DS3TR-C  a  -0.345   9.830   0.505  g   0.023  -0.060   0.013[0m
[1;32muart:~$ [m[8D[J[1;32muart:~$ [m[8D[J[00:02:51.825,000] [0m<inf> imu: LSM6DSV16X   a  -0.134   9.840   0.910  g  -0.011   0.002  -0.003[0m
[1;32muart:~$ [m[8D[J[00:02:51.825,000] [0m<inf> imu: ICM-42688-P  a  -0.171   9.758   0.316  g   0.000  -0.005  -0.000[0m
[1;32muart:~$ [m[8D[J[1;32muart:~$ [m[8D[J[00:02:51.927,000] [0m<inf> imu: LSM6DS3TR-C  a  -0.350   9.830   0.549  g   0.024  -0.062   0.016[0m
[1;32muart:~$ [m[8D[J[00:02:51.928,000] [0m<inf> imu: LSM6DSV16X   a  -0.124   9.836   0.928  g  -0.012   0.002  -0.003[0m
[1;32muart:~$ [m[8D[J[1;32muart:~$ [m[8D[J[00:02:51.929,000] [0m<inf> imu: ICM-42688-P  a  -0.163   9.758   0.320  g  -0.001  -0.005   0.001[0m
[1;32muart:~$ [m[8D[J[00:02:52.030,000] [0m<inf> imu: LSM6DS3TR-C  a  -0.355   9.866   0.541  g   0.022  -0.060   0.013[0m
[1;32muart:~$ [m[8D[J[00:02:52.031,000] [0m<inf> imu: LSM6DSV16X   a  -0.134   9.844   0.928  g  -0.011   0.002  -0.003[0m
[1;32muart:~$ [m[8D[J[1;32muart:~$ [m[8D[J[00:02:52.031,000] [0m<inf> imu: ICM-42688-P  a  -0.158   9.766   0.326  g  -0.001  -0.005  -0.000[0m
[1;32muart:~$ [m[8D[J[00:02:52.132,000] [0m<inf> imu: LSM6DS3TR-C  a  -0.348   9.835   0.571  g   0.022  -0.061   0.014[0m
[1;32muart:~$ [m[8D[J[00:02:52.133,000] [0m<inf> imu: LSM6DSV16X   a  -0.131   9.830   0.926  g  -0.013   0.001  -0.002[0m
[1;32muart:~$ [m[8D[J[1;32muart:~$ [m[8D[J[00:02:52.133,000] [0m<inf> imu: ICM-42688-P  a  -0.153   9.754   0.305  g   0.000  -0.005   0.001[0m
[1;32muart:~$ [m[8D[J[00:02:52.234,000] [0m<inf> imu: LSM6DS3TR-C  a  -0.340   9.829   0.534  g   0.020  -0.061   0.016[0m
[1;32muart:~$ [m[8D[J[1;32muart:~$ [m[8D[J[00:02:52.235,000] [0m<inf> imu: LSM6DSV16X   a  -0.124   9.829   0.921  g  -0.012   0.002  -0.003[0m
[1;32muart:~$ [m[8D[J[00:02:52.236,000] [0m<inf> imu: ICM-42688-P  a  -0.159   9.747   0.317  g   0.000  -0.004   0.000[0m
[1;32muart:~$ [m[8D[J[00:02:52.337,000] [0m<inf> imu: LSM6DS3TR-C  a  -0.357   9.846   0.513  g   0.024  -0.062   0.014[0m
[1;32muart:~$ [m[8D[J[00:02:52.337,000] [0m<inf> imu: LSM6DSV16X   a  -0.137   9.829   0.924  g  -0.013   0.002  -0.003[0m
[1;32muart:~$ [m[8D[J[00:02:52.338,000] [0m<inf> imu: ICM-42688-P  a  -0.163   9.765   0.322  g  -0.001  -0.005  -0.001[0m
[1;32muart:~$ [m[8D[J[1;32muart:~$ [m[8D[J[00:02:52.439,000] [0m<inf> imu: LSM6DS3TR-C  a  -0.367   9.830   0.588  g   0.022  -0.060   0.016[0m
[1;32muart:~$ [m[8D[J[00:02:52.440,000] [0m<inf> imu: LSM6DSV16X   a  -0.129   9.839   0.929  g  -0.012   0.002  -0.003[0m
[1;32muart:~$ [m[8D[J[1;32muart:~$ [m[8D[J[00:02:52.440,000] [0m<inf> imu: ICM-42688-P  a  -0.159   9.759   0.304  g  -0.000  -0.005   0.001[0m
[1;32muart:~$ [m[8D[J[00:02:52.541,000] [0m<inf> imu: LSM6DS3TR-C  a  -0.351   9.836   0.571  g   0.022  -0.061   0.018[0m
[1;32muart:~$ [m[8D[J[1;32muart:~$ [m[8D[J[00:02:52.542,000] [0m<inf> imu: LSM6DSV16X   a  -0.132   9.832   0.918  g  -0.011   0.002  -0.003[0m
[1;32muart:~$ [m[8D[J[00:02:52.542,000] [0m<inf> imu: ICM-42688-P  a  -0.170   9.760   0.316  g   0.000  -0.005   0.000[0m
[1;32muart:~$ [m[8D[J[1;32muart:~$ [m[8D[J[00:02:52.644,000] [0m<inf> imu: LSM6DS3TR-C  a  -0.389   9.834   0.567  g   0.024  -0.061   0.015[0m
[1;32muart:~$ [m[8D[J[00:02:52.644,000] [0m<inf> imu: LSM6DSV16X   a  -0.136   9.835   0.928  g  -0.012   0.001  -0.003[0m
[1;32muart:~$ [m[8D[J[1;32muart:~$ [m[8D[J[00:02:52.645,000] [0m<inf> imu: ICM-42688-P  a  -0.166   9.754   0.306  g   0.001  -0.005   0.000[0m
[1;32muart:~$ [m[8D[J[00:02:52.746,000] [0m<inf> imu: LSM6DS3TR-C  a  -0.371   9.867   0.543  g   0.023  -0.060   0.015[0m
[1;32muart:~$ [m[8D[J[1;32muart:~$ [m[8D[J[00:02:52.747,000] [0m<inf> imu: LSM6DSV16X   a  -0.127   9.833   0.929  g  -0.012   0.002  -0.003[0m
[1;32muart:~$ [m[8D[J[00:02:52.747,000] [0m<inf> imu: ICM-42688-P  a  -0.165   9.753   0.305  g   0.000  -0.005   0.000[0m
[1;32muart:~$ [m[8D[J[1;32muart:~$ [m[8D[J[00:02:52.848,000] [0m<inf> imu: LSM6DS3TR-C  a  -0.325   9.854   0.524  g   0.022  -0.061   0.016[0m
[1;32muart:~$ [m[8D[J[00:02:52.849,000] [0m<inf> imu: LSM6DSV16X   a  -0.136   9.843   0.916  g  -0.012   0.002  -0.002[0m
[1;32muart:~$ [m[8D[J[1;32muart:~$ [m[8D[J[00:02:52.849,000] [0m<inf> imu: ICM-42688-P  a  -0.158   9.760   0.308  g   0.000  -0.005  -0.000[0m
[1;32muart:~$ [m[8D[J[00:02:52.950,000] [0m<inf> imu: LSM6DS3TR-C  a  -0.325   9.842   0.556  g   0.023  -0.063   0.015[0m
[1;32muart:~$ [m[8D[J[00:02:52.951,000] [0m<inf> imu: LSM6DSV16X   a  -0.129   9.830   0.915  g  -0.012   0.002  -0.002[0m
[1;32muart:~$ [m[8D[J[1;32muart:~$ [m[8D[J[00:02:52.952,000] [0m<inf> imu: ICM-42688-P  a  -0.169   9.759   0.308  g   0.001  -0.004   0.001[0m
[1;32muart:~$ [m[8D[J[00:02:53.053,000] [0m<inf> imu: LSM6DS3TR-C  a  -0.382   9.864   0.551  g   0.022  -0.061   0.015[0m
[1;32muart:~$ [m[8D[J[00:02:53.054,000] [0m<inf> imu: LSM6DSV16X   a  -0.135   9.846   0.922  g  -0.012   0.002  -0.002[0m
[1;32muart:~$ [m[8D[J[1;32muart:~$ [m[8D[J[00:02:53.055,000] [0m<inf> imu: ICM-42688-P  a  -0.157   9.765   0.315  g   0.000  -0.005   0.000[0m
[1;32muart:~$ [m[8D[J[00:02:53.156,000] [0m<inf> imu: LSM6DS3TR-C  a  -0.337   9.852   0.540  g   0.022  -0.061   0.014[0m
[1;32muart:~$ [m[8D[J[00:02:53.157,000] [0m<inf> imu: LSM6DSV16X   a  -0.133   9.832   0.919  g  -0.011   0.002  -0.003[0m
[1;32muart:~$ [m[8D[J[1;32muart:~$ [m[8D[J[00:02:53.157,000] [0m<inf> imu: ICM-42688-P  a  -0.154   9.753   0.303  g   0.001  -0.005   0.001[0m
[1;32muart:~$ [m[8D[J[00:02:53.259,000] [0m<inf> imu: LSM6DS3TR-C  a  -0.413   9.855   0.540  g   0.023  -0.060   0.014[0m
[1;32muart:~$ [m[8D[J[00:02:53.259,000] [0m<inf> imu: LSM6DSV16X   a  -0.134   9.837   0.919  g  -0.011   0.002  -0.004[0m
[1;32muart:~$ [m[8D[J[00:02:53.260,000] [0m<inf> imu: ICM-42688-P  a  -0.160   9.756   0.308  g   0.000  -0.005   0.000[0m
[1;32muart:~$ [m[8D[J[1;32muart:~$ [m[8D[J[00:02:53.361,000] [0m<inf> imu: LSM6DS3TR-C  a  -0.352   9.861   0.547  g   0.024  -0.060   0.014[0m
[1;32muart:~$ [m[8D[J[00:02:53.362,000] [0m<inf> imu: LSM6DSV16X   a  -0.131   9.839   0.924  g  -0.011   0.002  -0.003[0m
[1;32muart:~$ [m[8D[J[1;32muart:~$ [m[8D[J[00:02:53.362,000] [0m<inf> imu: ICM-42688-P  a  -0.163   9.768   0.311  g   0.000  -0.005   0.000[0m
[1;32muart:~$ [m[8D[J[00:02:53.463,000] [0m<inf> imu: LSM6DS3TR-C  a  -0.370   9.831   0.569  g   0.023  -0.059   0.014[0m
[1;32muart:~$ [m[8D[J[1;32muart:~$ [m[8D[J[00:02:53.464,000] [0m<inf> imu: LSM6DSV16X   a  -0.129   9.832   0.918  g  -0.011   0.002  -0.003[0m
[1;32muart:~$ [m[8D[J[00:02:53.465,000] [0m<inf> imu: ICM-42688-P  a  -0.150   9.747   0.303  g   0.001  -0.005   0.000[0m
[1;32muart:~$ [m[8D[J[1;32muart:~$ [m[8D[J[00:02:53.566,000] [0m<inf> imu: LSM6DS3TR-C  a  -0.377   9.820   0.519  g   0.022  -0.062   0.013[0m
[1;32muart:~$ [m[8D[J[00:02:53.566,000] [0m<inf> imu: LSM6DSV16X   a  -0.130   9.840   0.916  g  -0.013   0.002  -0.004[0m
[1;32muart:~$ [m[8D[J[1;32muart:~$ [m[8D[J[00:02:53.567,000] [0m<inf> imu: ICM-42688-P  a  -0.163   9.752   0.303  g  -0.001  -0.005   0.000[0m
[1;32muart:~$ [m[8D[J[00:02:53.668,000] [0m<inf> imu: LSM6DS3TR-C  a  -0.357   9.869   0.577  g   0.020  -0.061   0.014[0m
[1;32muart:~$ [m[8D[J[00:02:53.669,000] [0m<inf> imu: LSM6DSV16X   a  -0.127   9.844   0.921  g  -0.011   0.002  -0.003[0m
[1;32muart:~$ [m[8D[J[1;32muart:~$ [m[8D[J[00:02:53.669,000] [0m<inf> imu: ICM-42688-P  a  -0.152   9.768   0.318  g   0.000  -0.006   0.000[0m
[1;32muart:~$ [m[8D[J[00:02:53.771,000] [0m<inf> imu: LSM6DS3TR-C  a  -0.385   9.858   0.533  g   0.023  -0.060   0.013[0m
[1;32muart:~$ [m[8D[J[00:02:53.772,000] [0m<inf> imu: LSM6DSV16X   a  -0.134   9.839   0.921  g  -0.011   0.002  -0.003[0m
[1;32muart:~$ [m[8D[J[1;32muart:~$ [m[8D[J[00:02:53.773,000] [0m<inf> imu: ICM-42688-P  a  -0.174   9.756   0.306  g   0.000  -0.005   0.001[0m
[1;32muart:~$ [m[8D[J[00:02:53.874,000] [0m<inf> imu: LSM6DS3TR-C  a  -0.345   9.830   0.561  g   0.025  -0.061   0.013[0m
[1;32muart:~$ [m[8D[J[1;32muart:~$ [m[8D[J[00:02:53.875,000] [0m<inf> imu: LSM6DSV16X   a  -0.130   9.836   0.928  g  -0.011   0.002  -0.002[0m
[1;32muart:~$ [m[8D[J[00:02:53.875,000] [0m<inf> imu: ICM-42688-P  a  -0.163   9.760   0.320  g   0.000  -0.005   0.001[0m
[1;32muart:~$ [m[8D[J[1;32muart:~$ [m[8D[J[00:02:53.977,000] [0m<inf> imu: LSM6DS3TR-C  a  -0.391   9.840   0.572  g   0.026  -0.062   0.014[0m
[1;32muart:~$ [m[8D[J[00:02:53.978,000] [0m<inf> imu: LSM6DSV16X   a  -0.135   9.837   0.924  g  -0.012   0.002  -0.003[0m
[1;32muart:~$ [m[8D[J[1;32muart:~$ [m[8D[J[00:02:53.979,000] [0m<inf> imu: ICM-42688-P  a  -0.146   9.756   0.299  g   0.000  -0.006   0.000[0m
[1;32muart:~$ [m[8D[J[00:02:54.080,000] [0m<inf> imu: LSM6DS3TR-C  a  -0.355   9.803   0.569  g   0.022  -0.062   0.015[0m
[1;32muart:~$ [m[8D[J[1;32muart:~$ [m[8D[J[00:02:54.081,000] [0m<inf> imu: LSM6DSV16X   a  -0.136   9.846   0.924  g  -0.011   0.002  -0.003[0m
[1;32muart:~$ [m[8D[J[00:02:54.082,000] [0m<inf> imu: ICM-42688-P  a  -0.174   9.777   0.323  g  -0.001  -0.005   0.001[0m
[1;32muart:~$ [m[8D[J[1;32muart:~$ [m[8D[J[00:02:54.183,000] [0m<inf> imu: LSM6DS3TR-C  a  -0.349   9.856   0.513  g   0.024  -0.060   0.016[0m
[1;32muart:~$ [m[8D[J[00:02:54.183,000] [0m<inf> imu: LSM6DSV16X   a  -0.136   9.841   0.924  g  -0.011   0.002  -0.003[0m
[1;32muart:~$ [m[8D[J[1;32muart:~$ [m[8D[J[00:02:54.184,000] [0m<inf> imu: ICM-42688-P  a  -0.168   9.777   0.309  g   0.000  -0.005   0.000[0m
[1;32muart:~$ [m[8D[J[00:02:54.285,000] [0m<inf> imu: LSM6DS3TR-C  a  -0.347   9.843   0.545  g   0.022  -0.060   0.012[0m
[1;32muart:~$ [m[8D[J[00:02:54.286,000] [0m<inf> imu: LSM6DSV16X   a  -0.131   9.832   0.919  g  -0.012   0.002  -0.004[0m
[1;32muart:~$ [m[8D[J[1;32muart:~$ [m[8D[J[00:02:54.286,000] [0m<inf> imu: ICM-42688-P  a  -0.158   9.732   0.308  g  -0.001  -0.005  -0.001[0m
[1;32muart:~$ [m[8D[J[00:02:54.387,000] [0m<inf> imu: LSM6DS3TR-C  a  -0.358   9.882   0.543  g   0.023  -0.061   0.013[0m
[1;32muart:~$ [m[8D[J[1;32muart:~$ [m[8D[J[00:02:54.388,000] [0m<inf> imu: LSM6DSV16X   a  -0.136   9.854   0.925  g  -0.011   0.002  -0.003[0m
[1;32muart:~$ [m[8D[J[00:02:54.389,000] [0m<inf> imu: ICM-42688-P  a  -0.171   9.778   0.308  g   0.000  -0.005   0.000[0m
[1;32muart:~$ [m[8D[J[00:02:54.490,000] [0m<inf> imu: LSM6DS3TR-C  a  -0.360   9.862   0.589  g   0.019  -0.060   0.016[0m
[1;32muart:~$ [m[8D[J[1;32muart:~$ [m[8D[J[00:02:54.491,000] [0m<inf> imu: LSM6DSV16X   a  -0.119   9.825   0.928  g  -0.013   0.002  -0.004[0m
[1;32muart:~$ [m[8D[J[00:02:54.491,000] [0m<inf> imu: ICM-42688-P  a  -0.153   9.748   0.323  g  -0.001  -0.004   0.000[0m
[1;32muart:~$ [m[8D[J[1;32muart:~$ [m[8D[J[00:02:54.593,000] [0m<inf> imu: LSM6DS3TR-C  a  -0.354   9.846   0.546  g   0.022  -0.060   0.016[0m
[1;32muart:~$ [m[8D[J[00:02:54.594,000] [0m<inf> imu: LSM6DSV16X   a  -0.142   9.854   0.928  g  -0.012   0.002  -0.003[0m
[1;32muart:~$ [m[8D[J[1;32muart:~$ [m[8D[J[00:02:54.595,000] [0m<inf> imu: ICM-42688-P  a  -0.156   9.782   0.311  g   0.000  -0.005   0.000[0m
[1;32muart:~$ [m[8D[J[00:02:54.696,000] [0m<inf> imu: LSM6DS3TR-C  a  -0.367   9.831   0.531  g   0.022  -0.061   0.015[0m
[1;32muart:~$ [m[8D[J[1;32muart:~$ [m[8D[J[00:02:54.697,000] [0m<inf> imu: LSM6DSV16X   a  -0.124   9.832   0.925  g  -0.010   0.003  -0.003[0m
[1;32muart:~$ [m[8D[J[00:02:54.697,000] [0m<inf> imu: ICM-42688-P  a  -0.165   9.756   0.324  g   0.000  -0.005   0.000[0m
[1;32muart:~$ [m[8D[J[1;32muart:~$ [m[8D[J[00:02:54.798,000] [0m<inf> imu: LSM6DS3TR-C  a  -0.365   9.873   0.553  g   0.023  -0.060   0.018[0m
[1;32muart:~$ [m[8D[J[00:02:54.799,000] [0m<inf> imu: LSM6DSV16X   a  -0.132   9.832   0.924  g  -0.011   0.002  -0.002[0m
[1;32muart:~$ [m[8D[J[1;32muart:~$ [m[8D[J[00:02:54.799,000] [0m<inf> imu: ICM-42688-P  a  -0.153   9.754   0.324  g   0.000  -0.005   0.000[0m
[1;32muart:~$ [m[8D[J[00:02:54.900,000] [0m<inf> imu: LSM6DS3TR-C  a  -0.376   9.870   0.544  g   0.023  -0.061   0.016[0m
[1;32muart:~$ [m[8D[J[00:02:54.901,000] [0m<inf> imu: LSM6DSV16X   a  -0.137   9.837   0.929  g  -0.012   0.001  -0.003[0m
[1;32muart:~$ [m[8D[J[1;32muart:~$ [m[8D[J[00:02:54.902,000] [0m<inf> imu: ICM-42688-P  a  -0.162   9.756   0.315  g  -0.001  -0.005   0.001[0m
[1;32muart:~$ [m[8D[J[00:02:55.003,000] [0m<inf> imu: LSM6DS3TR-C  a  -0.380   9.831   0.557  g   0.024  -0.062   0.015[0m
[1;32muart:~$ [m[8D[J[00:02:55.004,000] [0m<inf> imu: LSM6DSV16X   a  -0.124   9.842   0.919  g  -0.012   0.002  -0.003[0m
[1;32muart:~$ [m[8D[J[1;32muart:~$ [m[8D[J[00:02:55.005,000] [0m<inf> imu: ICM-42688-P  a  -0.162   9.752   0.314  g   0.001  -0.005   0.000[0m
[1;32muart:~$ [m[8D[J[00:02:55.106,000] [0m<inf> imu: LSM6DS3TR-C  a  -0.394   9.808   0.565  g   0.023  -0.061   0.016[0m
[1;32muart:~$ [m[8D[J[1;32muart:~$ [m[8D[J[00:02:55.107,000] [0m<inf> imu: LSM6DSV16X   a  -0.139   9.829   0.924  g  -0.012   0.002  -0.002[0m
[1;32muart:~$ [m[8D[J[00:02:55.107,000] [0m<inf> imu: ICM-42688-P  a  -0.163   9.755   0.308  g  -0.000  -0.005   0.001[0m
[1;32muart:~$ [m[8D[J[1;32muart:~$ [m[8D[J[00:02:55.209,000] [0m<inf> imu: LSM6DS3TR-C  a  -0.343   9.806   0.543  g   0.022  -0.061   0.013[0m
[1;32muart:~$ [m[8D[J[00:02:55.210,000] [0m<inf> imu: LSM6DSV16X   a  -0.132   9.846   0.935  g  -0.012   0.002  -0.003[0m
[1;32muart:~$ [m[8D[J[1;32muart:~$ [m[8D[J[00:02:55.212,000] [0m<inf> imu: ICM-42688-P  a  -0.170   9.761   0.321  g   0.000  -0.005   0.000[0m
[1;32muart:~$ [m[8D[J[00:02:55.313,000] [0m<inf> imu: LSM6DS3TR-C  a  -0.384   9.820   0.580  g   0.023  -0.062   0.014[0m
[1;32muart:~$ [m[8D[J[1;32muart:~$ [m[8D[J[00:02:55.313,000] [0m<inf> imu: LSM6DSV16X   a  -0.139   9.837   0.928  g  -0.011   0.001  -0.003[0m
[1;32muart:~$ [m[8D[J[00:02:55.314,000] [0m<inf> imu: ICM-42688-P  a  -0.169   9.756   0.317  g   0.000  -0.005   0.000[0m
[1;32muart:~$ [m[8D[J[1;32muart:~$ [m[8D[J[00:02:55.415,000] [0m<inf> imu: LSM6DS3TR-C  a  -0.367   9.838   0.565  g   0.022  -0.060   0.013[0m
[1;32muart:~$ [m[8D[J[00:02:55.416,000] [0m<inf> imu: LSM6DSV16X   a  -0.129   9.839   0.928  g  -0.011   0.002  -0.002[0m
[1;32muart:~$ [m[8D[J[1;32muart:~$ [m[8D[J[00:02:55.416,000] [0m<inf> imu: ICM-42688-P  a  -0.150   9.758   0.318  g   0.001  -0.005   0.001[0m
[1;32muart:~$ [m[8D[J[00:02:55.517,000] [0m<inf> imu: LSM6DS3TR-C  a  -0.355   9.834   0.555  g   0.023  -0.063   0.014[0m
[1;32muart:~$ [m[8D[J[00:02:55.518,000] [0m<inf> imu: LSM6DSV16X   a  -0.136   9.839   0.934  g  -0.011   0.001  -0.003[0m
[1;32muart:~$ [m[8D[J[1;32muart:~$ [m[8D[J[00:02:55.519,000] [0m<inf> imu: ICM-42688-P  a  -0.163   9.760   0.329  g   0.001  -0.006  -0.001[0m
[1;32muart:~$ [m[8D[J[00:02:55.621,000] [0m<inf> imu: LSM6DS3TR-C  a  -0.385   9.817   0.552  g   0.021  -0.060   0.014[0m
[1;32muart:~$ [m[8D[J[00:02:55.621,000] [0m<inf> imu: LSM6DSV16X   a  -0.139   9.825   0.925  g  -0.012   0.001  -0.002[0m
[1;32muart:~$ [m[8D[J[1;32muart:~$ [m[8D[J[00:02:55.622,000] [0m<inf> imu: ICM-42688-P  a  -0.154   9.756   0.320  g   0.000  -0.005   0.000[0m
[1;32muart:~$ [m[8D[J[00:02:55.723,000] [0m<inf> imu: LSM6DS3TR-C  a  -0.379   9.893   0.552  g   0.020  -0.062   0.013[0m
[1;32muart:~$ [m[8D[J[1;32muart:~$ [m[8D[J[00:02:55.724,000] [0m<inf> imu: LSM6DSV16X   a  -0.138   9.876   0.921  g  -0.011   0.002  -0.003[0m
[1;32muart:~$ [m[8D[J[00:02:55.725,000] [0m<inf> imu: ICM-42688-P  a  -0.157   9.802   0.305  g  -0.000  -0.004   0.000[0m
[1;32muart:~$ [m[8D[J[1;32muart:~$ [m[8D[J[00:02:55.826,000] [0m<inf> imu: LSM6DS3TR-C  a  -0.354   9.803   0.608  g   0.024  -0.060   0.016[0m
[1;32muart:~$ [m[8D[J[00:02:55.827,000] [0m<inf> imu: LSM6DSV16X   a  -0.136   9.822   0.938  g  -0.009   0.002  -0.002[0m
[1;32muart:~$ [m[8D[J[1;32muart:~$ [m[8D[J[00:02:55.828,000] [0m<inf> imu: ICM-42688-P  a  -0.166   9.743   0.327  g   0.001  -0.005   0.001[0m
[1;32muart:~$ [m[8D[J[00:02:55.929,000] [0m<inf> imu: LSM6DS3TR-C  a  -0.349   9.864   0.593  g   0.022  -0.062   0.013[0m
[1;32muart:~$ [m[8D[J[1;32muart:~$ [m[8D[J[00:02:55.929,000] [0m<inf> imu: LSM6DSV16X   a  -0.120   9.833   0.938  g  -0.013   0.002  -0.003[0m
[1;32muart:~$ [m[8D[J[00:02:55.930,000] [0m<inf> imu: ICM-42688-P  a  -0.154   9.738   0.329  g  -0.002  -0.005  -0.000[0m
[1;32muart:~$ [m[8D[J[1;32muart:~$ [m[8D[J[00:02:56.031,000] [0m<inf> imu: LSM6DS3TR-C  a  -0.380   9.891   0.550  g   0.021  -0.060   0.015[0m
[1;32muart:~$ [m[8D[J[00:02:56.032,000] [0m<inf> imu: LSM6DSV16X   a  -0.136   9.837   0.912  g  -0.012   0.002  -0.003[0m
[1;32muart:~$ [m[8D[J[1;32muart:~$ [m[8D[J[00:02:56.032,000] [0m<inf> imu: ICM-42688-P  a  -0.177   9.772   0.306  g  -0.001  -0.005   0.000[0m
[1;32muart:~$ [m[8D[J[00:02:56.133,000] [0m<inf> imu: LSM6DS3TR-C  a  -0.352   9.855   0.532  g   0.022  -0.058   0.016[0m
[1;32muart:~$ [m[8D[J[00:02:56.134,000] [0m<inf> imu: LSM6DSV16X   a  -0.131   9.835   0.924  g  -0.011   0.003  -0.003[0m
[1;32muart:~$ [m[8D[J[1;32muart:~$ [m[8D[J[00:02:56.135,000] [0m<inf> imu: ICM-42688-P  a  -0.150   9.762   0.317  g   0.001  -0.005  -0.000[0m
[1;32muart:~$ [m[8D[J[00:02:56.237,000] [0m<inf> imu: LSM6DS3TR-C  a  -0.360   9.822   0.577  g   0.024  -0.060   0.016[0m
[1;32muart:~$ [m[8D[J[00:02:56.238,000] [0m<inf> imu: LSM6DSV16X   a  -0.134   9.839   0.931  g  -0.012   0.002  -0.003[0m
[1;32muart:~$ [m[8D[J[1;32muart:~$ [m[8D[J[00:02:56.238,000] [0m<inf> imu: ICM-42688-P  a  -0.162   9.764   0.329  g   0.001  -0.005   0.001[0m
[1;32muart:~$ [m[8D[J[00:02:56.339,000] [0m<inf> imu: LSM6DS3TR-C  a  -0.369   9.840   0.571  g   0.022  -0.060   0.017[0m
[1;32muart:~$ [m[8D[J[1;32muart:~$ [m[8D[J[00:02:56.340,000] [0m<inf> imu: LSM6DSV16X   a  -0.129   9.830   0.936  g  -0.012   0.002  -0.003[0m
[1;32muart:~$ [m[8D[J[00:02:56.341,000] [0m<inf> imu: ICM-42688-P  a  -0.150   9.759   0.303  g  -0.001  -0.005   0.000[0m
[1;32muart:~$ [m[8D[J[1;32muart:~$ [m[8D[J[00:02:56.442,000] [0m<inf> imu: LSM6DS3TR-C  a  -0.357   9.839   0.555  g   0.023  -0.060   0.015[0m
[1;32muart:~$ [m[8D[J[00:02:56.444,000] [0m<inf> imu: LSM6DSV16X   a  -0.135   9.832   0.917  g  -0.012   0.001  -0.003[0m
[1;32muart:~$ [m[8D[J[1;32muart:~$ [m[8D[J[00:02:56.444,000] [0m<inf> imu: ICM-42688-P  a  -0.160   9.748   0.306  g   0.000  -0.005   0.001[0m
[1;32muart:~$ [m[8D[J[00:02:56.545,000] [0m<inf> imu: LSM6DS3TR-C  a  -0.390   9.832   0.534  g   0.022  -0.059   0.014[0m
[1;32muart:~$ [m[8D[J[1;32muart:~$ [m[8D[J[00:02:56.546,000] [0m<inf> imu: LSM6DSV16X   a  -0.132   9.835   0.924  g  -0.013   0.001  -0.003[0m
[1;32muart:~$ [m[8D[J[00:02:56.547,000] [0m<inf> imu: ICM-42688-P  a  -0.160   9.752   0.300  g  -0.001  -0.005  -0.001[0m
[1;32muart:~$ [m[8D[J[1;32muart:~$ [m[8D[J[00:02:56.648,000] [0m<inf> imu: LSM6DS3TR-C  a  -0.342   9.869   0.550  g   0.023  -0.060   0.016[0m
[1;32muart:~$ [m[8D[J[00:02:56.648,000] [0m<inf> imu: LSM6DSV16X   a  -0.132   9.846   0.918  g  -0.012   0.002  -0.003[0m
[1;32muart:~$ [m[8D[J[1;32muart:~$ [m[8D[J[00:02:56.649,000] [0m<inf> imu: ICM-42688-P  a  -0.159   9.768   0.328  g   0.000  -0.004   0.001[0m
[1;32muart:~$ [m[8D[J[00:02:56.750,000] [0m<inf> imu: LSM6DS3TR-C  a  -0.332   9.869   0.559  g   0.021  -0.060   0.015[0m
[1;32muart:~$ [m[8D[J[00:02:56.751,000] [0m<inf> imu: LSM6DSV16X   a  -0.129   9.837   0.924  g  -0.012   0.002  -0.003[0m
[1;32muart:~$ [m[8D[J[1;32muart:~$ [m[8D[J[00:02:56.751,000] [0m<inf> imu: ICM-42688-P  a  -0.157   9.747   0.323  g   0.000  -0.005   0.001[0m
[1;32muart:~$ [m[8D[J[00:02:56.853,000] [0m<inf> imu: LSM6DS3TR-C  a  -0.358   9.833   0.588  g   0.022  -0.061   0.014[0m
[1;32muart:~$ [m[8D[J[1;32muart:~$ [m[8D[J[00:02:56.854,000] [0m<inf> imu: LSM6DSV16X   a  -0.131   9.835   0.926  g  -0.011   0.002  -0.003[0m
[1;32muart:~$ [m[8D[J[00:02:56.854,000] [0m<inf> imu: ICM-42688-P  a  -0.157   9.753   0.317  g  -0.000  -0.005   0.000[0m
[1;32muart:~$ [m[8D[J[00:02:56.956,000] [0m<inf> imu: LSM6DS3TR-C  a  -0.360   9.843   0.531  g   0.024  -0.060   0.016[0m
[1;32muart:~$ [m[8D[J[1;32muart:~$ [m[8D[J[00:02:56.956,000] [0m<inf> imu: LSM6DSV16X   a  -0.132   9.837   0.936  g  -0.011   0.002  -0.003[0m
[1;32muart:~$ [m[8D[J[00:02:56.957,000] [0m<inf> imu: ICM-42688-P  a  -0.159   9.760   0.324  g   0.000  -0.005   0.001[0m
[1;32muart:~$ [m[8D[J[00:02:57.058,000] [0m<inf> imu: LSM6DS3TR-C  a  -0.368   9.834   0.520  g   0.021  -0.061   0.015[0m
[1;32muart:~$ [m[8D[J[00:02:57.059,000] [0m<inf> imu: LSM6DSV16X   a  -0.132   9.839   0.930  g  -0.012   0.001  -0.002[0m
[1;32muart:~$ [m[8D[J[1;32muart:~$ [m[8D[J[00:02:57.059,000] [0m<inf> imu: ICM-42688-P  a  -0.163   9.765   0.318  g  -0.000  -0.005   0.000[0m
[1;32muart:~$ [m[8D[J[1;32muart:~$ [m[8D[J[00:02:57.160,000] [0m<inf> imu: LSM6DS3TR-C  a  -0.355   9.839   0.571  g   0.022  -0.059   0.015[0m
[1;32muart:~$ [m[8D[J[00:02:57.161,000] [0m<inf> imu: LSM6DSV16X   a  -0.131   9.830   0.917  g  -0.011   0.002  -0.003[0m
[1;32muart:~$ [m[8D[J[1;32muart:~$ [m[8D[J[00:02:57.162,000] [0m<inf> imu: ICM-42688-P  a  -0.159   9.760   0.316  g   0.001  -0.005   0.000[0m
[1;32muart:~$ [m[8D[J[00:02:57.263,000] [0m<inf> imu: LSM6DS3TR-C  a  -0.392   9.867   0.584  g   0.023  -0.060   0.016[0m
[1;32muart:~$ [m[8D[J[1;32muart:~$ [m[8D[J[00:02:57.263,000] [0m<inf> imu: LSM6DSV16X   a  -0.130   9.834   0.930  g  -0.012   0.002  -0.002[0m
[1;32muart:~$ [m[8D[J[00:02:57.264,000] [0m<inf> imu: ICM-42688-P  a  -0.157   9.760   0.310  g  -0.001  -0.005   0.000[0m
[1;32muart:~$ [m[8D[J[1;32muart:~$ [m[8D[J[00:02:57.365,000] [0m<inf> imu: LSM6DS3TR-C  a  -0.356   9.820   0.514  g   0.022  -0.062   0.015[0m
[1;32muart:~$ [m[8D[J[00:02:57.366,000] [0m<inf> imu: LSM6DSV16X   a  -0.137   9.842   0.926  g  -0.012   0.002  -0.003[0m
[1;32muart:~$ [m[8D[J[1;32muart:~$ [m[8D[J[00:02:57.366,000] [0m<inf> imu: ICM-42688-P  a  -0.156   9.762   0.309  g   0.000  -0.005   0.000[0m
[1;32muart:~$ [m[8D[J[00:02:57.467,000] [0m<inf> imu: LSM6DS3TR-C  a  -0.372   9.858   0.529  g   0.021  -0.062   0.014[0m
[1;32muart:~$ [m[8D[J[00:02:57.468,000] [0m<inf> imu: LSM6DSV16X   a  -0.136   9.837   0.919  g  -0.013   0.002  -0.003[0m
[1;32muart:~$ [m[8D[J[1;32muart:~$ [m[8D[J[00:02:57.468,000] [0m<inf> imu: ICM-42688-P  a  -0.164   9.748   0.315  g  -0.001  -0.005   0.000[0m
[1;32muart:~$ [m[8D[J[00:02:57.571,000] [0m<inf> imu: LSM6DS3TR-C  a  -0.365   9.845   0.575  g   0.024  -0.060   0.014[0m
[1;32muart:~$ [m[8D[J[1;32muart:~$ [m[8D[J[00:02:57.572,000] [0m<inf> imu: LSM6DSV16X   a  -0.124   9.843   0.937  g  -0.012   0.002  -0.002[0m
[1;32muart:~$ [m[8D[J[00:02:57.572,000] [0m<inf> imu: ICM-42688-P  a  -0.148   9.765   0.330  g  -0.000  -0.005   0.000[0m
[1;32muart:~$ [m[8D[J[00:02:57.673,000] [0m<inf> imu: LSM6DS3TR-C  a  -0.350   9.864   0.560  g   0.023  -0.061   0.016[0m
[1;32muart:~$ [m[8D[J[1;32muart:~$ [m[8D[J[00:02:57.674,000] [0m<inf> imu: LSM6DSV16X   a  -0.137   9.849   0.924  g  -0.012   0.002  -0.002[0m
[1;32muart:~$ [m[8D[J[00:02:57.674,000] [0m<inf> imu: ICM-42688-P  a  -0.163   9.755   0.308  g  -0.001  -0.005  -0.001[0m
[1;32muart:~$ [m[8D[J[00:02:57.775,000] [0m<inf> imu: LSM6DS3TR-C  a  -0.343   9.830   0.516  g   0.021  -0.060   0.013[0m
[1;32muart:~$ [m[8D[J[00:02:57.776,000] [0m<inf> imu: LSM6DSV16X   a  -0.131   9.827   0.925  g  -0.012   0.002  -0.003[0m
[1;32muart:~$ [m[8D[J[1;32muart:~$ [m[8D[J[00:02:57.777,000] [0m<inf> imu: ICM-42688-P  a  -0.154   9.742   0.312  g  -0.001  -0.005  -0.000[0m
[1;32muart:~$ [m[8D[J[1;32muart:~$ [m[8D[J[00:02:57.878,000] [0m<inf> imu: LSM6DS3TR-C  a  -0.371   9.827   0.527  g   0.020  -0.058   0.014[0m
[1;32muart:~$ [m[8D[J[00:02:57.878,000] [0m<inf> imu: LSM6DSV16X   a  -0.133   9.839   0.924  g  -0.012   0.002  -0.002[0m
[1;32muart:~$ [m[8D[J[1;32muart:~$ [m[8D[J[00:02:57.879,000] [0m<inf> imu: ICM-42688-P  a  -0.166   9.760   0.317  g   0.001  -0.005   0.001[0m
[1;32muart:~$ [m[8D[J[00:02:57.980,000] [0m<inf> imu: LSM6DS3TR-C  a  -0.386   9.845   0.568  g   0.023  -0.061   0.014[0m
[1;32muart:~$ [m[8D[J[1;32muart:~$ [m[8D[J[00:02:57.981,000] [0m<inf> imu: LSM6DSV16X   a  -0.129   9.844   0.933  g  -0.012   0.003  -0.003[0m
[1;32muart:~$ [m[8D[J[00:02:57.981,000] [0m<inf> imu: ICM-42688-P  a  -0.170   9.766   0.305  g   0.000  -0.005   0.001[0m
[1;32muart:~$ [m[8D[J[00:02:58.082,000] [0m<inf> imu: LSM6DS3TR-C  a  -0.346   9.873   0.567  g   0.022  -0.061   0.015[0m
[1;32muart:~$ [m[8D[J[00:02:58.083,000] [0m<inf> imu: LSM6DSV16X   a  -0.127   9.830   0.914  g  -0.011   0.002  -0.003[0m
[1;32muart:~$ [m[8D[J[00:02:58.083,000] [0m<inf> imu: ICM-42688-P  a  -0.160   9.765   0.312  g  -0.001  -0.005   0.000[0m
[1;32muart:~$ [m[8D[J[1;32muart:~$ [m[8D[J[00:02:58.185,000] [0m<inf> imu: LSM6DS3TR-C  a  -0.309   9.844   0.510  g   0.022  -0.061   0.015[0m
[1;32muart:~$ [m[8D[J[00:02:58.185,000] [0m<inf> imu: LSM6DSV16X   a  -0.132   9.839   0.923  g  -0.011   0.003  -0.002[0m
[1;32muart:~$ [m[8D[J[1;32muart:~$ [m[8D[J[00:02:58.186,000] [0m<inf> imu: ICM-42688-P  a  -0.171   9.765   0.310  g   0.000  -0.005   0.001[0m
[1;32muart:~$ [m[8D[J[00:02:58.287,000] [0m<inf> imu: LSM6DS3TR-C  a  -0.363   9.857   0.538  g   0.022  -0.060   0.015[0m
[1;32muart:~$ [m[8D[J[00:02:58.288,000] [0m<inf> imu: LSM6DSV16X   a  -0.127   9.827   0.919  g  -0.012   0.001  -0.003[0m
[1;32muart:~$ [m[8D[J[1;32muart:~$ [m[8D[J[00:02:58.288,000] [0m<inf> imu: ICM-42688-P  a  -0.168   9.748   0.303  g   0.000  -0.005   0.000[0m
[1;32muart:~$ [m[8D[J[00:02:58.389,000] [0m<inf> imu: LSM6DS3TR-C  a  -0.380   9.835   0.583  g   0.023  -0.060   0.015[0m
[1;32muart:~$ [m[8D[J[1;32muart:~$ [m[8D[J[00:02:58.390,000] [0m<inf> imu: LSM6DSV16X   a  -0.133   9.841   0.919  g  -0.012   0.002  -0.003[0m
[1;32muart:~$ [m[8D[J[00:02:58.390,000] [0m<inf> imu: ICM-42688-P  a  -0.165   9.777   0.333  g  -0.000  -0.005   0.001[0m
[1;32muart:~$ [m[8D[J[1;32muart:~$ [m[8D[J[00:02:58.491,000] [0m<inf> imu: LSM6DS3TR-C  a  -0.348   9.814   0.556  g   0.023  -0.059   0.014[0m
[1;32muart:~$ [m[8D[J[00:02:58.493,000] [0m<inf> imu: LSM6DSV16X   a  -0.133   9.840   0.914  g  -0.011   0.002  -0.003[0m
[1;32muart:~$ [m[8D[J[1;32muart:~$ [m[8D[J[00:02:58.493,000] [0m<inf> imu: ICM-42688-P  a  -0.164   9.755   0.308  g  -0.001  -0.005   0.000[0m
[1;32muart:~$ [m[8D[J[00:02:58.594,000] [0m<inf> imu: LSM6DS3TR-C  a  -0.401   9.857   0.565  g   0.021  -0.061   0.015[0m
[1;32muart:~$ [m[8D[J[1;32muart:~$ [m[8D[J[00:02:58.595,000] [0m<inf> imu: LSM6DSV16X   a  -0.121   9.856   0.921  g  -0.010   0.002  -0.002[0m
[1;32muart:~$ [m[8D[J[00:02:58.596,000] [0m<inf> imu: ICM-42688-P  a  -0.154   9.784   0.316  g   0.000  -0.005   0.001[0m
[1;32muart:~$ [m[8D[J[1;32muart:~$ [m[8D[J[00:02:58.697,000] [0m<inf> imu: LSM6DS3TR-C  a  -0.318   9.812   0.573  g   0.023  -0.060   0.017[0m
[1;32muart:~$ [m[8D[J[00:02:58.697,000] [0m<inf> imu: LSM6DSV16X   a  -0.134   9.811   0.909  g  -0.011   0.002  -0.002[0m
[1;32muart:~$ [m[8D[J[1;32muart:~$ [m[8D[J[00:02:58.698,000] [0m<inf> imu: ICM-42688-P  a  -0.162   9.738   0.302  g   0.001  -0.006   0.001[0m
[1;32muart:~$ [m[8D[J[00:02:58.799,000] [0m<inf> imu: LSM6DS3TR-C  a  -0.364   9.881   0.555  g   0.021  -0.060   0.016[0m
[1;32muart:~$ [m[8D[J[00:02:58.800,000] [0m<inf> imu: LSM6DSV16X   a  -0.132   9.845   0.916  g  -0.012   0.002  -0.003[0m
[1;32muart:~$ [m[8D[J[1;32muart:~$ [m[8D[J[00:02:58.800,000] [0m<inf> imu: ICM-42688-P  a  -0.168   9.764   0.324  g  -0.001  -0.005   0.001[0m
[1;32muart:~$ [m[8D[J[00:02:58.902,000] [0m<inf> imu: LSM6DS3TR-C  a  -0.331   9.857   0.543  g   0.023  -0.060   0.013[0m
[1;32muart:~$ [m[8D[J[1;32muart:~$ [m[8D[J[00:02:58.903,000] [0m<inf> imu: LSM6DSV16X   a  -0.121   9.827   0.927  g  -0.012   0.002  -0.003[0m
[1;32muart:~$ [m[8D[J[00:02:58.904,000] [0m<inf> imu: ICM-42688-P  a  -0.159   9.761   0.315  g   0.000  -0.005   0.001[0m
[1;32muart:~$ [m[8D[J[00:02:59.005,000] [0m<inf> imu: LSM6DS3TR-C  a  -0.391   9.836   0.565  g   0.022  -0.059   0.016[0m
[1;32muart:~$ [m[8D[J[1;32muart:~$ [m[8D[J[00:02:59.006,000] [0m<inf> imu: LSM6DSV16X   a  -0.143   9.839   0.917  g  -0.011   0.002  -0.003[0m
[1;32muart:~$ [m[8D[J[00:02:59.006,000] [0m<inf> imu: ICM-42688-P  a  -0.180   9.764   0.311  g  -0.001  -0.005   0.000[0m
[1;32muart:~$ [m[8D[J[00:02:59.107,000] [0m<inf> imu: LSM6DS3TR-C  a  -0.328   9.854   0.547  g   0.023  -0.060   0.015[0m
[1;32muart:~$ [m[8D[J[00:02:59.108,000] [0m<inf> imu: LSM6DSV16X   a  -0.123   9.837   0.930  g  -0.011   0.003  -0.003[0m
[1;32muart:~$ [m[8D[J[1;32muart:~$ [m[8D[J[00:02:59.108,000] [0m<inf> imu: ICM-42688-P  a  -0.146   9.765   0.335  g   0.000  -0.006   0.000[0m
[1;32muart:~$ [m[8D[J[1;32muart:~$ [m[8D[J[00:02:59.209,000] [0m<inf> imu: LSM6DS3TR-C  a  -0.368   9.839   0.545  g   0.022  -0.060   0.014[0m
[1;32muart:~$ [m[8D[J[00:02:59.210,000] [0m<inf> imu: LSM6DSV16X   a  -0.136   9.837   0.931  g  -0.011   0.002  -0.002[0m
[1;32muart:~$ [m[8D[J[1;32muart:~$ [m[8D[J[00:02:59.211,000] [0m<inf> imu: ICM-42688-P  a  -0.163   9.756   0.321  g   0.000  -0.005   0.000[0m
[1;32muart:~$ [m[8D[J[00:02:59.312,000] [0m<inf> imu: LSM6DS3TR-C  a  -0.337   9.866   0.543  g   0.022  -0.060   0.015[0m
[1;32muart:~$ [m[8D[J[1;32muart:~$ [m[8D[J[00:02:59.312,000] [0m<inf> imu: LSM6DSV16X   a  -0.131   9.828   0.921  g  -0.012   0.003  -0.003[0m
[1;32muart:~$ [m[8D[J[00:02:59.313,000] [0m<inf> imu: ICM-42688-P  a  -0.166   9.758   0.317  g  -0.001  -0.005   0.000[0m
[1;32muart:~$ [m[8D[J[1;32muart:~$ [m[8D[J[00:02:59.414,000] [0m<inf> imu: LSM6DS3TR-C  a  -0.356   9.851   0.543  g   0.023  -0.061   0.013[0m
[1;32muart:~$ [m[8D[J[00:02:59.415,000] [0m<inf> imu: LSM6DSV16X   a  -0.126   9.822   0.916  g  -0.013   0.002  -0.003[0m
[1;32muart:~$ [m[8D[J[1;32muart:~$ [m[8D[J[00:02:59.415,000] [0m<inf> imu: ICM-42688-P  a  -0.156   9.746   0.305  g  -0.000  -0.005   0.001[0m
[1;32muart:~$ [m[8D[J[00:02:59.516,000] [0m<inf> imu: LSM6DS3TR-C  a  -0.326   9.829   0.593  g   0.022  -0.062   0.016[0m
[1;32muart:~$ [m[8D[J[00:02:59.517,000] [0m<inf> imu: LSM6DSV16X   a  -0.135   9.844   0.931  g  -0.011   0.003  -0.003[0m
[1;32muart:~$ [m[8D[J[1;32muart:~$ [m[8D[J[00:02:59.518,000] [0m<inf> imu: ICM-42688-P  a  -0.171   9.762   0.315  g  -0.001  -0.006   0.000[0m
[1;32muart:~$ [m[8D[J[00:02:59.620,000] [0m<inf> imu: LSM6DS3TR-C  a  -0.352   9.864   0.580  g   0.024  -0.060   0.014[0m
[1;32muart:~$ [m[8D[J[00:02:59.621,000] [0m<inf> imu: LSM6DSV16X   a  -0.115   9.835   0.940  g  -0.011   0.002  -0.003[0m
[1;32muart:~$ [m[8D[J[1;32muart:~$ [m[8D[J[00:02:59.622,000] [0m<inf> imu: ICM-42688-P  a  -0.147   9.752   0.332  g  -0.000  -0.005   0.000[0m
[1;32muart:~$ [m[8D[J[00:02:59.723,000] [0m<inf> imu: LSM6DS3TR-C  a  -0.389   9.882   0.577  g   0.021  -0.061   0.015[0m
[1;32muart:~$ [m[8D[J[1;32muart:~$ [m[8D[J[00:02:59.723,000] [0m<inf> imu: LSM6DSV16X   a  -0.136   9.846   0.928  g  -0.011   0.002  -0.003[0m
[1;32muart:~$ [m[8D[J[00:02:59.724,000] [0m<inf> imu: ICM-42688-P  a  -0.156   9.756   0.308  g  -0.001  -0.005   0.001[0m
[1;32muart:~$ [m[8D[J[1;32muart:~$ [m[8D[J[00:02:59.825,000] [0m<inf> imu: LSM6DS3TR-C  a  -0.366   9.836   0.567  g   0.022  -0.060   0.014[0m
[1;32muart:~$ [m[8D[J[00:02:59.827,000] [0m<inf> imu: LSM6DSV16X   a  -0.129   9.827   0.922  g  -0.011   0.002  -0.003[0m
[1;32muart:~$ [m[8D[J[1;32muart:~$ [m[8D[J[00:02:59.827,000] [0m<inf> imu: ICM-42688-P  a  -0.154   9.760   0.314  g   0.000  -0.005   0.001[0m
[1;32muart:~$ [m[8D[J[00:02:59.928,000] [0m<inf> imu: LSM6DS3TR-C  a  -0.380   9.854   0.592  g   0.023  -0.061   0.015[0m
[1;32muart:~$ [m[8D[J[1;32muart:~$ [m[8D[J[00:02:59.929,000] [0m<inf> imu: LSM6DSV16X   a  -0.136   9.846   0.931  g  -0.011   0.002  -0.003[0m
[1;32muart:~$ [m[8D[J[00:02:59.930,000] [0m<inf> imu: ICM-42688-P  a  -0.168   9.760   0.316  g   0.000  -0.005   0.000[0m
[1;32muart:~$ [m[8D[J[1;32muart:~$ [m[8D[J[00:03:00.031,000] [0m<inf> imu: LSM6DS3TR-C  a  -0.324   9.828   0.534  g   0.022  -0.061   0.015[0m
[1;32muart:~$ [m[8D[J[00:03:00.031,000] [0m<inf> imu: LSM6DSV16X   a  -0.117   9.832   0.934  g  -0.011   0.002  -0.003[0m
[1;32muart:~$ [m[8D[J[1;32muart:~$ [m[8D[J[00:03:00.032,000] [0m<inf> imu: ICM-42688-P  a  -0.151   9.750   0.327  g   0.001  -0.005   0.001[0m
[1;32muart:~$ [m[8D[J[00:03:00.133,000] [0m<inf> imu: LSM6DS3TR-C  a  -0.374   9.879   0.547  g   0.023  -0.060   0.014[0m
[1;32muart:~$ [m[8D[J[00:03:00.134,000] [0m<inf> imu: LSM6DSV16X   a  -0.139   9.833   0.916  g  -0.013   0.002  -0.003[0m
[1;32muart:~$ [m[8D[J[1;32muart:~$ [m[8D[J[00:03:00.134,000] [0m<inf> imu: ICM-42688-P  a  -0.171   9.752   0.316  g   0.000  -0.005  -0.000[0m
[1;32muart:~$ [m[8D[J[00:03:00.236,000] [0m<inf> imu: LSM6DS3TR-C  a  -0.366   9.869   0.511  g   0.022  -0.060   0.016[0m
[1;32muart:~$ [m[8D[J[00:03:00.237,000] [0m<inf> imu: LSM6DSV16X   a  -0.130   9.837   0.921  g  -0.010   0.002  -0.003[0m
[1;32muart:~$ [m[8D[J[1;32muart:~$ [m[8D[J[00:03:00.238,000] [0m<inf> imu: ICM-42688-P  a  -0.159   9.767   0.316  g  -0.001  -0.005   0.001[0m
[1;32muart:~$ [m[8D[J[00:03:00.339,000] [0m<inf> imu: LSM6DS3TR-C  a  -0.395   9.871   0.610  g   0.021  -0.060   0.016[0m
[1;32muart:~$ [m[8D[J[1;32muart:~$ [m[8D[J[00:03:00.340,000] [0m<inf> imu: LSM6DSV16X   a  -0.129   9.833   0.937  g  -0.011   0.003  -0.003[0m
[1;32muart:~$ [m[8D[J[00:03:00.340,000] [0m<inf> imu: ICM-42688-P  a  -0.159   9.760   0.324  g   0.000  -0.005   0.001[0m
[1;32muart:~$ [m[8D[J[1;32muart:~$ [m[8D[J[00:03:00.442,000] [0m<inf> imu: LSM6DS3TR-C  a  -0.343   9.869   0.538  g   0.022  -0.061   0.013[0m
[1;32muart:~$ [m[8D[J[00:03:00.442,000] [0m<inf> imu: LSM6DSV16X   a  -0.137   9.832   0.939  g  -0.012   0.002  -0.003[0m
[1;32muart:~$ [m[8D[J[1;32muart:~$ [m[8D[J[00:03:00.443,000] [0m<inf> imu: ICM-42688-P  a  -0.158   9.771   0.305  g   0.000  -0.005   0.001[0m
[1;32muart:~$ [m[8D[J[00:03:00.544,000] [0m<inf> imu: LSM6DS3TR-C  a  -0.351   9.852   0.569  g   0.023  -0.060   0.013[0m
[1;32muart:~$ [m[8D[J[1;32muart:~$ [m[8D[J[00:03:00.545,000] [0m<inf> imu: LSM6DSV16X   a  -0.137   9.837   0.918  g  -0.011   0.002  -0.003[0m
[1;32muart:~$ [m[8D[J[00:03:00.546,000] [0m<inf> imu: ICM-42688-P  a  -0.163   9.755   0.310  g   0.001  -0.005   0.000[0m
[1;32muart:~$ [m[8D[J[1;32muart:~$ [m[8D[J[00:03:00.647,000] [0m<inf> imu: LSM6DS3TR-C  a  -0.376   9.852   0.543  g   0.023  -0.060   0.015[0m
[1;32muart:~$ [m[8D[J[00:03:00.647,000] [0m<inf> imu: LSM6DSV16X   a  -0.129   9.836   0.929  g  -0.011   0.002  -0.003[0m
[1;32muart:~$ [m[8D[J[1;32muart:~$ [m[8D[J[00:03:00.648,000] [0m<inf> imu: ICM-42688-P  a  -0.168   9.768   0.309  g   0.000  -0.005   0.000[0m
[1;32muart:~$ [m[8D[J[00:03:00.749,000] [0m<inf> imu: LSM6DS3TR-C  a  -0.352   9.863   0.505  g   0.023  -0.060   0.014[0m
[1;32muart:~$ [m[8D[J[00:03:00.750,000] [0m<inf> imu: LSM6DSV16X   a  -0.129   9.836   0.923  g  -0.011   0.002  -0.003[0m
[1;32muart:~$ [m[8D[J[1;32muart:~$ [m[8D[J[00:03:00.750,000] [0m<inf> imu: ICM-42688-P  a  -0.164   9.777   0.315  g   0.001  -0.005   0.000[0m
[1;32muart:~$ [m[8D[J[00:03:00.851,000] [0m<inf> imu: LSM6DS3TR-C  a  -0.333   9.840   0.561  g   0.022  -0.062   0.014[0m
[1;32muart:~$ [m[8D[J[1;32muart:~$ [m[8D[J[00:03:00.853,000] [0m<inf> imu: LSM6DSV16X   a  -0.120   9.830   0.924  g  -0.013   0.001  -0.002[0m
[1;32muart:~$ [m[8D[J[00:03:00.853,000] [0m<inf> imu: ICM-42688-P  a  -0.157   9.752   0.329  g   0.000  -0.005   0.000[0m
[1;32muart:~$ [m[8D[J[00:03:00.954,000] [0m<inf> imu: LSM6DS3TR-C  a  -0.364   9.861   0.552  g   0.024  -0.062   0.015[0m
[1;32muart:~$ [m[8D[J[1;32muart:~$ [m[8D[J[00:03:00.955,000] [0m<inf> imu: LSM6DSV16X   a  -0.139   9.839   0.914  g  -0.011   0.002  -0.003[0m
[1;32muart:~$ [m[8D[J[00:03:00.956,000] [0m<inf> imu: ICM-42688-P  a  -0.163   9.760   0.312  g   0.000  -0.006   0.000[0m
[1;32muart:~$ [m[8D[J[1;32muart:~$ [m[8D[J[00:03:01.057,000] [0m<inf> imu: LSM6DS3TR-C  a  -0.372   9.857   0.544  g   0.023  -0.060   0.015[0m
[1;32muart:~$ [m[8D[J[00:03:01.058,000] [0m<inf> imu: LSM6DSV16X   a  -0.131   9.839   0.919  g  -0.011   0.003  -0.003[0m
[1;32muart:~$ [m[8D[J[1;32muart:~$ [m[8D[J[00:03:01.058,000] [0m<inf> imu: ICM-42688-P  a  -0.163   9.774   0.318  g   0.000  -0.005  -0.001[0m
[1;32muart:~$ [m[8D[J[00:03:01.160,000] [0m<inf> imu: LSM6DS3TR-C  a  -0.385   9.824   0.577  g   0.025  -0.060   0.013[0m
[1;32muart:~$ [m[8D[J[1;32muart:~$ [m[8D[J[00:03:01.161,000] [0m<inf> imu: LSM6DSV16X   a  -0.129   9.837   0.931  g  -0.011   0.002  -0.003[0m
[1;32muart:~$ [m[8D[J[00:03:01.161,000] [0m<inf> imu: ICM-42688-P  a  -0.151   9.759   0.318  g  -0.001  -0.005   0.000[0m
[1;32muart:~$ [m[8D[J[1;32muart:~$ [m[8D[J[00:03:01.262,000] [0m<inf> imu: LSM6DS3TR-C  a  -0.343   9.875   0.579  g   0.023  -0.060   0.013[0m
[1;32muart:~$ [m[8D[J[00:03:01.263,000] [0m<inf> imu: LSM6DSV16X   a  -0.130   9.846   0.929  g  -0.012   0.002  -0.003[0m
[1;32muart:~$ [m[8D[J[1;32muart:~$ [m[8D[J[00:03:01.263,000] [0m<inf> imu: ICM-42688-P  a  -0.153   9.776   0.315  g  -0.000  -0.005  -0.000[0m
[1;32muart:~$ [m[8D[J[00:03:01.364,000] [0m<inf> imu: LSM6DS3TR-C  a  -0.403   9.848   0.555  g   0.022  -0.061   0.016[0m
[1;32muart:~$ [m[8D[J[00:03:01.365,000] [0m<inf> imu: LSM6DSV16X   a  -0.133   9.839   0.919  g  -0.011   0.001  -0.002[0m
[1;32muart:~$ [m[8D[J[1;32muart:~$ [m[8D[J[00:03:01.366,000] [0m<inf> imu: ICM-42688-P  a  -0.164   9.759   0.326  g   0.000  -0.005   0.000[0m
[1;32muart:~$ [m[8D[J[00:03:01.468,000] [0m<inf> imu: LSM6DS3TR-C  a  -0.337   9.846   0.557  g   0.023  -0.062   0.016[0m
[1;32muart:~$ [m[8D[J[00:03:01.468,000] [0m<inf> imu: LSM6DSV16X   a  -0.138   9.829   0.916  g  -0.012   0.002  -0.002[0m
[1;32muart:~$ [m[8D[J[1;32muart:~$ [m[8D[J[00:03:01.469,000] [0m<inf> imu: ICM-42688-P  a  -0.163   9.764   0.317  g   0.001  -0.006   0.000[0m
[1;32muart:~$ [m[8D[J[00:03:01.571,000] [0m<inf> imu: LSM6DS3TR-C  a  -0.348   9.850   0.564  g   0.022  -0.061   0.014[0m
[1;32muart:~$ [m[8D[J[1;32muart:~$ [m[8D[J[00:03:01.571,000] [0m<inf> imu: LSM6DSV16X   a  -0.127   9.842   0.918  g  -0.012   0.002  -0.003[0m
[1;32muart:~$ [m[8D[J[00:03:01.572,000] [0m<inf> imu: ICM-42688-P  a  -0.166   9.758   0.321  g   0.000  -0.005   0.001[0m
[1;32muart:~$ [m[8D[J[1;32muart:~$ [m[8D[J[00:03:01.673,000] [0m<inf> imu: LSM6DS3TR-C  a  -0.333   9.848   0.529  g   0.022  -0.061   0.014[0m
[1;32muart:~$ [m[8D[J[00:03:01.674,000] [0m<inf> imu: LSM6DSV16X   a  -0.131   9.839   0.933  g  -0.012   0.001  -0.002[0m
[1;32muart:~$ [m[8D[J[1;32muart:~$ [m[8D[J[00:03:01.675,000] [0m<inf> imu: ICM-42688-P  a  -0.163   9.772   0.333  g   0.000  -0.005   0.002[0m
[1;32muart:~$ [m[8D[J[00:03:01.776,000] [0m<inf> imu: LSM6DS3TR-C  a  -0.328   9.829   0.558  g   0.023  -0.064   0.013[0m
[1;32muart:~$ [m[8D[J[1;32muart:~$ [m[8D[J[00:03:01.777,000] [0m<inf> imu: LSM6DSV16X   a  -0.124   9.836   0.919  g  -0.012   0.002  -0.003[0m
[1;32muart:~$ [m[8D[J[00:03:01.777,000] [0m<inf> imu: ICM-42688-P  a  -0.156   9.766   0.316  g   0.000  -0.005  -0.000[0m
[1;32muart:~$ [m[8D[J[1;32muart:~$ [m[8D[J[00:03:01.878,000] [0m<inf> imu: LSM6DS3TR-C  a  -0.358   9.858   0.577  g   0.022  -0.062   0.013[0m
[1;32muart:~$ [m[8D[J[00:03:01.879,000] [0m<inf> imu: LSM6DSV16X   a  -0.136   9.844   0.931  g  -0.012   0.001  -0.003[0m
[1;32muart:~$ [m[8D[J[1;32muart:~$ [m[8D[J[00:03:01.879,000] [0m<inf> imu: ICM-42688-P  a  -0.160   9.747   0.311  g   0.000  -0.005   0.000[0m
[1;32muart:~$ [m[8D[J[00:03:01.980,000] [0m<inf> imu: LSM6DS3TR-C  a  -0.393   9.845   0.530  g   0.022  -0.058   0.016[0m
[1;32muart:~$ [m[8D[J[00:03:01.981,000] [0m<inf> imu: LSM6DSV16X   a  -0.134   9.843   0.928  g  -0.011   0.002  -0.003[0m
[1;32muart:~$ [m[8D[J[1;32muart:~$ [m[8D[J[00:03:01.982,000] [0m<inf> imu: ICM-42688-P  a  -0.163   9.765   0.324  g   0.000  -0.005   0.001[0m
[1;32muart:~$ [m[8D[J[00:03:02.083,000] [0m<inf> imu: LSM6DS3TR-C  a  -0.374   9.846   0.564  g   0.024  -0.061   0.014[0m
[1;32muart:~$ [m[8D[J[1;32muart:~$ [m[8D[J[00:03:02.083,000] [0m<inf> imu: LSM6DSV16X   a  -0.129   9.837   0.931  g  -0.011   0.002  -0.003[0m
[1;32muart:~$ [m[8D[J[00:03:02.084,000] [0m<inf> imu: ICM-42688-P  a  -0.152   9.759   0.316  g  -0.001  -0.004   0.001[0m
[1;32muart:~$ [m[8D[J[00:03:02.185,000] [0m<inf> imu: LSM6DS3TR-C  a  -0.360   9.851   0.575  g   0.023  -0.061   0.014[0m
[1;32muart:~$ [m[8D[J[1;32muart:~$ [m[8D[J[00:03:02.186,000] [0m<inf> imu: LSM6DSV16X   a  -0.133   9.830   0.928  g  -0.012   0.002  -0.004[0m
[1;32muart:~$ [m[8D[J[00:03:02.187,000] [0m<inf> imu: ICM-42688-P  a  -0.158   9.742   0.314  g   0.000  -0.005   0.001[0m
[1;32muart:~$ [m[8D[J[00:03:02.288,000] [0m<inf> imu: LSM6DS3TR-C  a  -0.334   9.861   0.498  g   0.020  -0.060   0.016[0m
[1;32muart:~$ [m[8D[J[00:03:02.288,000] [0m<inf> imu: LSM6DSV16X   a  -0.126   9.841   0.930  g  -0.011   0.002  -0.003[0m
[1;32muart:~$ [m[8D[J[1;32muart:~$ [m[8D[J[00:03:02.289,000] [0m<inf> imu: ICM-42688-P  a  -0.146   9.759   0.334  g   0.000  -0.005   0.000[0m
[1;32muart:~$ [m[8D[J[1;32muart:~$ [m[8D[J[00:03:02.390,000] [0m<inf> imu: LSM6DS3TR-C  a  -0.356   9.885   0.558  g   0.023  -0.063   0.013[0m
[1;32muart:~$ [m[8D[J[00:03:02.391,000] [0m<inf> imu: LSM6DSV16X   a  -0.133   9.834   0.914  g  -0.011   0.002  -0.003[0m
[1;32muart:~$ [m[8D[J[1;32muart:~$ [m[8D[J[00:03:02.391,000] [0m<inf> imu: ICM-42688-P  a  -0.153   9.756   0.316  g   0.001  -0.006  -0.000[0m
[1;32muart:~$ [m[8D[J[00:03:02.492,000] [0m<inf> imu: LSM6DS3TR-C  a  -0.351   9.839   0.593  g   0.024  -0.060   0.017[0m
[1;32muart:~$ [m[8D[J[1;32muart:~$ [m[8D[J[00:03:02.493,000] [0m<inf> imu: LSM6DSV16X   a  -0.127   9.837   0.926  g  -0.012   0.002  -0.002[0m
[1;32muart:~$ [m[8D[J[00:03:02.493,000] [0m<inf> imu: ICM-42688-P  a  -0.160   9.762   0.308  g   0.000  -0.005   0.000[0m
[1;32muart:~$ [m[8D[J[1;32muart:~$ [m[8D[J[00:03:02.594,000] [0m<inf> imu: LSM6DS3TR-C  a  -0.343   9.842   0.565  g   0.023  -0.060   0.015[0m
[1;32muart:~$ [m[8D[J[00:03:02.595,000] [0m<inf> imu: LSM6DSV16X   a  -0.132   9.834   0.928  g  -0.011   0.002  -0.002[0m
[1;32muart:~$ [m[8D[J[1;32muart:~$ [m[8D[J[00:03:02.596,000] [0m<inf> imu: ICM-42688-P  a  -0.165   9.755   0.333  g   0.000  -0.005   0.000[0m
[1;32muart:~$ [m[8D[J[00:03:02.697,000] [0m<inf> imu: LSM6DS3TR-C  a  -0.362   9.873   0.592  g   0.022  -0.060   0.014[0m
[1;32muart:~$ [m[8D[J[00:03:02.697,000] [0m<inf> imu: LSM6DSV16X   a  -0.129   9.846   0.933  g  -0.012   0.002  -0.003[0m
[1;32muart:~$ [m[8D[J[1;32muart:~$ [m[8D[J[00:03:02.698,000] [0m<inf> imu: ICM-42688-P  a  -0.159   9.767   0.308  g   0.001  -0.006   0.001[0m
[1;32muart:~$ [m[8D[J[00:03:02.799,000] [0m<inf> imu: LSM6DS3TR-C  a  -0.344   9.845   0.552  g   0.022  -0.062   0.013[0m
[1;32muart:~$ [m[8D[J[1;32muart:~$ [m[8D[J[00:03:02.800,000] [0m<inf> imu: LSM6DSV16X   a  -0.132   9.839   0.928  g  -0.012   0.002  -0.003[0m
[1;32muart:~$ [m[8D[J[00:03:02.801,000] [0m<inf> imu: ICM-42688-P  a  -0.157   9.756   0.315  g  -0.001  -0.005   0.001[0m
[1;32muart:~$ [m[8D[J[00:03:02.902,000] [0m<inf> imu: LSM6DS3TR-C  a  -0.349   9.862   0.572  g   0.024  -0.062   0.015[0m
[1;32muart:~$ [m[8D[J[1;32muart:~$ [m[8D[J[00:03:02.903,000] [0m<inf> imu: LSM6DSV16X   a  -0.127   9.842   0.926  g  -0.012   0.002  -0.003[0m
[1;32muart:~$ [m[8D[J[00:03:02.903,000] [0m<inf> imu: ICM-42688-P  a  -0.163   9.766   0.321  g   0.000  -0.005   0.001[0m
[1;32muart:~$ [m[8D[J[00:03:03.004,000] [0m<inf> imu: LSM6DS3TR-C  a  -0.358   9.843   0.537  g   0.025  -0.060   0.014[0m
[1;32muart:~$ [m[8D[J[00:03:03.005,000] [0m<inf> imu: LSM6DSV16X   a  -0.127   9.835   0.925  g  -0.011   0.002  -0.002[0m
[1;32muart:~$ [m[8D[J[1;32muart:~$ [m[8D[J[00:03:03.005,000] [0m<inf> imu: ICM-42688-P  a  -0.159   9.752   0.314  g  -0.001  -0.005   0.001[0m
[1;32muart:~$ [m[8D[J[1;32muart:~$ [m[8D[J[00:03:03.106,000] [0m<inf> imu: LSM6DS3TR-C  a  -0.397   9.883   0.580  g   0.023  -0.061   0.016[0m
[1;32muart:~$ [m[8D[J[00:03:03.107,000] [0m<inf> imu: LSM6DSV16X   a  -0.132   9.837   0.929  g  -0.012   0.002  -0.003[0m
[1;32muart:~$ [m[8D[J[1;32muart:~$ [m[8D[J[00:03:03.108,000] [0m<inf> imu: ICM-42688-P  a  -0.148   9.778   0.305  g  -0.001  -0.005   0.000[0m
[1;32muart:~$ [m[8D[J[00:03:03.209,000] [0m<inf> imu: LSM6DS3TR-C  a  -0.337   9.881   0.569  g   0.022  -0.060   0.015[0m
[1;32muart:~$ [m[8D[J[1;32muart:~$ [m[8D[J[00:03:03.209,000] [0m<inf> imu: LSM6DSV16X   a  -0.131   9.837   0.921  g  -0.012   0.002  -0.003[0m
[1;32muart:~$ [m[8D[J[00:03:03.210,000] [0m<inf> imu: ICM-42688-P  a  -0.146   9.758   0.320  g  -0.001  -0.005   0.001[0m
[1;32muart:~$ [m[8D[J[1;32muart:~$ [m[8D[J[00:03:03.311,000] [0m<inf> imu: LSM6DS3TR-C  a  -0.376   9.816   0.555  g   0.022  -0.061   0.016[0m
[1;32muart:~$ [m[8D[J[00:03:03.312,000] [0m<inf> imu: LSM6DSV16X   a  -0.131   9.837   0.927  g  -0.011   0.002  -0.003[0m
[1;32muart:~$ [m[8D[J[1;32muart:~$ [m[8D[J[00:03:03.312,000] [0m<inf> imu: ICM-42688-P  a  -0.146   9.758   0.316  g  -0.001  -0.005   0.001[0m
[1;32muart:~$ [m[8D[J[00:03:03.413,000] [0m<inf> imu: LSM6DS3TR-C  a  -0.335   9.860   0.572  g   0.021  -0.061   0.014[0m
[1;32muart:~$ [m[8D[J[00:03:03.414,000] [0m<inf> imu: LSM6DSV16X   a  -0.126   9.837   0.922  g  -0.012   0.003  -0.003[0m
[1;32muart:~$ [m[8D[J[1;32muart:~$ [m[8D[J[00:03:03.415,000] [0m<inf> imu: ICM-42688-P  a  -0.150   9.771   0.338  g  -0.001  -0.005   0.001[0m
[1;32muart:~$ [m[8D[J[00:03:03.516,000] [0m<inf> imu: LSM6DS3TR-C  a  -0.348   9.837   0.536  g   0.023  -0.060   0.013[0m
[1;32muart:~$ [m[8D[J[00:03:03.517,000] [0m<inf> imu: LSM6DSV16X   a  -0.127   9.835   0.931  g  -0.012   0.002  -0.003[0m
[1;32muart:~$ [m[8D[J[1;32muart:~$ [m[8D[J[00:03:03.518,000] [0m<inf> imu: ICM-42688-P  a  -0.154   9.762   0.326  g   0.000  -0.005   0.000[0m
[1;32muart:~$ [m[8D[J[00:03:03.619,000] [0m<inf> imu: LSM6DS3TR-C  a  -0.343   9.817   0.510  g   0.020  -0.061   0.016[0m
[1;32muart:~$ [m[8D[J[1;32muart:~$ [m[8D[J[00:03:03.619,000] [0m<inf> imu: LSM6DSV16X   a  -0.131   9.840   0.924  g  -0.011   0.002  -0.002[0m
[1;32muart:~$ [m[8D[J[00:03:03.620,000] [0m<inf> imu: ICM-42688-P  a  -0.159   9.761   0.320  g  -0.000  -0.005   0.000[0m
[1;32muart:~$ [m[8D[J[1;32muart:~$ [m[8D[J[00:03:03.721,000] [0m<inf> imu: LSM6DS3TR-C  a  -0.376   9.857   0.530  g   0.024  -0.061   0.015[0m
[1;32muart:~$ [m[8D[J[00:03:03.722,000] [0m<inf> imu: LSM6DSV16X   a  -0.129   9.846   0.917  g  -0.011   0.001  -0.003[0m
[1;32muart:~$ [m[8D[J[1;32muart:~$ [m[8D[J[00:03:03.723,000] [0m<inf> imu: ICM-42688-P  a  -0.160   9.759   0.327  g   0.000  -0.005  -0.001[0m
[1;32muart:~$ [m[8D[J[00:03:03.824,000] [0m<inf> imu: LSM6DS3TR-C  a  -0.376   9.832   0.565  g   0.025  -0.062   0.013[0m
[1;32muart:~$ [m[8D[J[1;32muart:~$ [m[8D[J[00:03:03.825,000] [0m<inf> imu: LSM6DSV16X   a  -0.132   9.846   0.927  g  -0.011   0.001  -0.003[0m
[1;32muart:~$ [m[8D[J[00:03:03.825,000] [0m<inf> imu: ICM-42688-P  a  -0.170   9.766   0.333  g  -0.000  -0.005   0.000[0m
[1;32muart:~$ [m[8D[J[1;32muart:~$ [m[8D[J[00:03:03.927,000] [0m<inf> imu: LSM6DS3TR-C  a  -0.361   9.839   0.598  g   0.022  -0.060   0.016[0m
[1;32muart:~$ [m[8D[J[00:03:03.927,000] [0m<inf> imu: LSM6DSV16X   a  -0.130   9.835   0.921  g  -0.011   0.001  -0.003[0m
[1;32muart:~$ [m[8D[J[1;32muart:~$ [m[8D[J[00:03:03.928,000] [0m<inf> imu: ICM-42688-P  a  -0.152   9.765   0.323  g   0.001  -0.005  -0.001[0m
[1;32muart:~$ [m[8D[J[00:03:04.029,000] [0m<inf> imu: LSM6DS3TR-C  a  -0.338   9.843   0.602  g   0.023  -0.061   0.014[0m
[1;32muart:~$ [m[8D[J[00:03:04.030,000] [0m<inf> imu: LSM6DSV16X   a  -0.130   9.837   0.924  g  -0.010   0.002  -0.002[0m
[1;32muart:~$ [m[8D[J[1;32muart:~$ [m[8D[J[00:03:04.030,000] [0m<inf> imu: ICM-42688-P  a  -0.164   9.754   0.326  g   0.000  -0.005   0.001[0m
[1;32muart:~$ [m[8D[J[00:03:04.132,000] [0m<inf> imu: LSM6DS3TR-C  a  -0.364   9.840   0.565  g   0.022  -0.061   0.014[0m
[1;32muart:~$ [m[8D[J[1;32muart:~$ [m[8D[J[00:03:04.132,000] [0m<inf> imu: LSM6DSV16X   a  -0.125   9.827   0.935  g  -0.012   0.002  -0.003[0m
[1;32muart:~$ [m[8D[J[00:03:04.133,000] [0m<inf> imu: ICM-42688-P  a  -0.164   9.758   0.318  g  -0.001  -0.005  -0.000[0m
[1;32muart:~$ [m[8D[J[00:03:04.234,000] [0m<inf> imu: LSM6DS3TR-C  a  -0.359   9.838   0.572  g   0.024  -0.060   0.016[0m
[1;32muart:~$ [m[8D[J[1;32muart:~$ [m[8D[J[00:03:04.235,000] [0m<inf> imu: LSM6DSV16X   a  -0.134   9.842   0.926  g  -0.011   0.002  -0.003[0m
[1;32muart:~$ [m[8D[J[00:03:04.235,000] [0m<inf> imu: ICM-42688-P  a  -0.166   9.772   0.320  g  -0.001  -0.005   0.000[0m
[1;32muart:~$ [m[8D[J[1;32muart:~$ [m[8D[J[00:03:04.336,000] [0m<inf> imu: LSM6DS3TR-C  a  -0.352   9.837   0.566  g   0.021  -0.061   0.014[0m
[1;32muart:~$ [m[8D[J[00:03:04.338,000] [0m<inf> imu: LSM6DSV16X   a  -0.122   9.834   0.921  g  -0.012   0.002  -0.003[0m
[1;32muart:~$ [m[8D[J[1;32muart:~$ [m[8D[J[00:03:04.338,000] [0m<inf> imu: ICM-42688-P  a  -0.163   9.760   0.330  g   0.000  -0.005   0.000[0m
[1;32muart:~$ [m[8D[J[00:03:04.439,000] [0m<inf> imu: LSM6DS3TR-C  a  -0.364   9.859   0.582  g   0.022  -0.060   0.014[0m
[1;32muart:~$ [m[8D[J[1;32muart:~$ [m[8D[J[00:03:04.440,000] [0m<inf> imu: LSM6DSV16X   a  -0.132   9.843   0.927  g  -0.011   0.002  -0.003[0m
[1;32muart:~$ [m[8D[J[00:03:04.441,000] [0m<inf> imu: ICM-42688-P  a  -0.159   9.761   0.312  g  -0.001  -0.005   0.001[0m
[1;32muart:~$ [m[8D[J[1;32muart:~$ [m[8D[J[00:03:04.542,000] [0m<inf> imu: LSM6DS3TR-C  a  -0.391   9.834   0.552  g   0.022  -0.060   0.014[0m
[1;32muart:~$ [m[8D[J[00:03:04.542,000] [0m<inf> imu: LSM6DSV16X   a  -0.123   9.835   0.921  g  -0.011   0.002  -0.003[0m
[1;32muart:~$ [m[8D[J[1;32muart:~$ [m[8D[J[00:03:04.543,000] [0m<inf> imu: ICM-42688-P  a  -0.156   9.748   0.314  g   0.000  -0.005   0.001[0m
[1;32muart:~$ [m[8D[J[00:03:04.644,000] [0m<inf> imu: LSM6DS3TR-C  a  -0.338   9.824   0.547  g   0.022  -0.060   0.015[0m
[1;32muart:~$ [m[8D[J[00:03:04.645,000] [0m<inf> imu: LSM6DSV16X   a  -0.129   9.837   0.933  g  -0.011   0.001  -0.003[0m
[1;32muart:~$ [m[8D[J[1;32muart:~$ [m[8D[J[00:03:04.645,000] [0m<inf> imu: ICM-42688-P  a  -0.157   9.768   0.328  g  -0.001  -0.005   0.001[0m
[1;32muart:~$ [m[8D[J[00:03:04.746,000] [0m<inf> imu: LSM6DS3TR-C  a  -0.344   9.815   0.550  g   0.022  -0.060   0.013[0m
[1;32muart:~$ [m[8D[J[00:03:04.748,000] [0m<inf> imu: LSM6DSV16X   a  -0.111   9.823   0.931  g  -0.012   0.003  -0.003[0m
[1;32muart:~$ [m[8D[J[1;32muart:~$ [m[8D[J[00:03:04.749,000] [0m<inf> imu: ICM-42688-P  a  -0.154   9.750   0.327  g   0.001  -0.005   0.001[0m
[1;32muart:~$ [m[8D[J[00:03:04.850,000] [0m<inf> imu: LSM6DS3TR-C  a  -0.395   9.814   0.516  g   0.021  -0.061   0.014[0m
[1;32muart:~$ [m[8D[J[1;32muart:~$ [m[8D[J[00:03:04.850,000] [0m<inf> imu: LSM6DSV16X   a  -0.153   9.825   0.906  g  -0.011   0.001  -0.003[0m
[1;32muart:~$ [m[8D[J[00:03:04.851,000] [0m<inf> imu: ICM-42688-P  a  -0.186   9.754   0.305  g   0.000  -0.005   0.000[0m
[1;32muart:~$ [m[8D[J[1;32muart:~$ [m[8D[J[00:03:04.952,000] [0m<inf> imu: LSM6DS3TR-C  a  -0.328   9.839   0.581  g   0.023  -0.059   0.015[0m
[1;32muart:~$ [m[8D[J[00:03:04.953,000] [0m<inf> imu: LSM6DSV16X   a  -0.119   9.835   0.924  g  -0.012   0.002  -0.003[0m
[1;32muart:~$ [m[8D[J[00:03:04.954,000] [0m<inf> imu: ICM-42688-P  a  -0.142   9.772   0.342  g  -0.000  -0.005   0.000[0m
[1;32muart:~$ [m[8D[J[00:03:05.055,000] [0m<inf> imu: LSM6DS3TR-C  a  -0.385   9.830   0.523  g   0.022  -0.062   0.013[0m
[1;32muart:~$ [m[8D[J[1;32muart:~$ [m[8D[J[00:03:05.056,000] [0m<inf> imu: LSM6DSV16X   a  -0.138   9.835   0.924  g  -0.012   0.002  -0.003[0m
[1;32muart:~$ [m[8D[J[00:03:05.057,000] [0m<inf> imu: ICM-42688-P  a  -0.163   9.758   0.316  g   0.001  -0.005   0.001[0m
[1;32muart:~$ [m[8D[J[1;32muart:~$ [m[8D[J[00:03:05.158,000] [0m<inf> imu: LSM6DS3TR-C  a  -0.377   9.863   0.560  g   0.023  -0.061   0.016[0m
[1;32muart:~$ [m[8D[J[00:03:05.158,000] [0m<inf> imu: LSM6DSV16X   a  -0.127   9.828   0.931  g  -0.011   0.002  -0.003[0m
[1;32muart:~$ [m[8D[J[1;32muart:~$ [m[8D[J[00:03:05.159,000] [0m<inf> imu: ICM-42688-P  a  -0.150   9.744   0.320  g   0.000  -0.005   0.001[0m
[1;32muart:~$ [m[8D[J[00:03:05.260,000] [0m<inf> imu: LSM6DS3TR-C  a  -0.353   9.866   0.586  g   0.023  -0.062   0.014[0m
[1;32muart:~$ [m[8D[J[00:03:05.260,000] [0m<inf> imu: LSM6DSV16X   a  -0.122   9.842   0.925  g  -0.011   0.002  -0.003[0m
[1;32muart:~$ [m[8D[J[1;32muart:~$ [m[8D[J[00:03:05.261,000] [0m<inf> imu: ICM-42688-P  a  -0.162   9.760   0.324  g  -0.001  -0.005   0.000[0m
[1;32muart:~$ [m[8D[J[00:03:05.363,000] [0m<inf> imu: LSM6DS3TR-C  a  -0.319   9.864   0.558  g   0.020  -0.061   0.013[0m
[1;32muart:~$ [m[8D[J[00:03:05.364,000] [0m<inf> imu: LSM6DSV16X   a  -0.132   9.823   0.907  g  -0.011   0.002  -0.003[0m
[1;32muart:~$ [m[8D[J[1;32muart:~$ [m[8D[J[00:03:05.365,000] [0m<inf> imu: ICM-42688-P  a  -0.156   9.762   0.321  g   0.000  -0.005   0.001[0m
[1;32muart:~$ [m[8D[J[00:03:05.466,000] [0m<inf> imu: LSM6DS3TR-C  a  -0.330   9.825   0.568  g   0.023  -0.062   0.015[0m
[1;32muart:~$ [m[8D[J[1;32muart:~$ [m[8D[J[00:03:05.467,000] [0m<inf> imu: LSM6DSV16X   a  -0.132   9.835   0.919  g  -0.012   0.002  -0.003[0m
[1;32muart:~$ [m[8D[J[00:03:05.467,000] [0m<inf> imu: ICM-42688-P  a  -0.156   9.761   0.312  g  -0.001  -0.005   0.000[0m
[1;32muart:~$ [m[8D[J[1;32muart:~$ [m[8D[J[00:03:05.569,000] [0m<inf> imu: LSM6DS3TR-C  a  -0.366   9.829   0.545  g   0.023  -0.062   0.013[0m
[1;32muart:~$ [m[8D[J[00:03:05.570,000] [0m<inf> imu: LSM6DSV16X   a  -0.136   9.830   0.931  g  -0.012   0.002  -0.003[0m
[1;32muart:~$ [m[8D[J[1;32muart:~$ [m[8D[J[00:03:05.571,000] [0m<inf> imu: ICM-42688-P  a  -0.168   9.747   0.324  g   0.000  -0.005   0.001[0m
[1;32muart:~$ [m[8D[J[00:03:05.672,000] [0m<inf> imu: LSM6DS3TR-C  a  -0.371   9.865   0.579  g   0.023  -0.060   0.014[0m
[1;32muart:~$ [m[8D[J[1;32muart:~$ [m[8D[J[00:03:05.673,000] [0m<inf> imu: LSM6DSV16X   a  -0.123   9.840   0.924  g  -0.012   0.001  -0.003[0m
[1;32muart:~$ [m[8D[J[00:03:05.673,000] [0m<inf> imu: ICM-42688-P  a  -0.159   9.766   0.324  g  -0.001  -0.005   0.001[0m
[1;32muart:~$ [m[8D[J[1;32muart:~$ [m[8D[J[00:03:05.774,000] [0m<inf> imu: LSM6DS3TR-C  a  -0.340   9.877   0.528  g   0.022  -0.062   0.014[0m
[1;32muart:~$ [m[8D[J[00:03:05.775,000] [0m<inf> imu: LSM6DSV16X   a  -0.133   9.830   0.931  g  -0.012   0.002  -0.003[0m
[1;32muart:~$ [m[8D[J[1;32muart:~$ [m[8D[J[00:03:05.775,000] [0m<inf> imu: ICM-42688-P  a  -0.162   9.760   0.300  g  -0.001  -0.005  -0.000[0m
[1;32muart:~$ [m[8D[J[00:03:05.876,000] [0m<inf> imu: LSM6DS3TR-C  a  -0.383   9.864   0.569  g   0.022  -0.060   0.015[0m
[1;32muart:~$ [m[8D[J[00:03:05.877,000] [0m<inf> imu: LSM6DSV16X   a  -0.135   9.834   0.925  g  -0.012   0.002  -0.003[0m
[1;32muart:~$ [m[8D[J[1;32muart:~$ [m[8D[J[00:03:05.878,000] [0m<inf> imu: ICM-42688-P  a  -0.168   9.754   0.315  g   0.000  -0.005   0.001[0m
[1;32muart:~$ [m[8D[J[00:03:05.979,000] [0m<inf> imu: LSM6DS3TR-C  a  -0.342   9.848   0.574  g   0.023  -0.061   0.016[0m
[1;32muart:~$ [m[8D[J[1;32muart:~$ [m[8D[J[00:03:05.979,000] [0m<inf> imu: LSM6DSV16X   a  -0.131   9.846   0.919  g  -0.012   0.002  -0.003[0m
[1;32muart:~$ [m[8D[J[00:03:05.980,000] [0m<inf> imu: ICM-42688-P  a  -0.159   9.761   0.328  g   0.001  -0.005   0.001[0m
[1;32muart:~$ [m[8D[J[00:03:06.081,000] [0m<inf> imu: LSM6DS3TR-C  a  -0.354   9.830   0.547  g   0.021  -0.061   0.015[0m
[1;32muart:~$ [m[8D[J[1;32muart:~$ [m[8D[J[00:03:06.082,000] [0m<inf> imu: LSM6DSV16X   a  -0.124   9.840   0.936  g  -0.011   0.002  -0.003[0m
[1;32muart:~$ [m[8D[J[00:03:06.083,000] [0m<inf> imu: ICM-42688-P  a  -0.153   9.761   0.324  g  -0.000  -0.005   0.001[0m
[1;32muart:~$ [m[8D[J[00:03:06.184,000] [0m<inf> imu: LSM6DS3TR-C  a  -0.355   9.833   0.546  g   0.022  -0.061   0.015[0m
[1;32muart:~$ [m[8D[J[00:03:06.185,000] [0m<inf> imu: LSM6DSV16X   a  -0.138   9.839   0.925  g  -0.011   0.002  -0.003[0m
[1;32muart:~$ [m[8D[J[1;32muart:~$ [m[8D[J[00:03:06.185,000] [0m<inf> imu: ICM-42688-P  a  -0.168   9.772   0.315  g  -0.001  -0.005   0.000[0m
[1;32muart:~$ [m[8D[J[1;32muart:~$ [m[8D[J[00:03:06.286,000] [0m<inf> imu: LSM6DS3TR-C  a  -0.356   9.825   0.528  g   0.024  -0.060   0.016[0m
[1;32muart:~$ [m[8D[J[00:03:06.287,000] [0m<inf> imu: LSM6DSV16X   a  -0.136   9.832   0.917  g  -0.011   0.002  -0.003[0m
[1;32muart:~$ [m[8D[J[1;32muart:~$ [m[8D[J[00:03:06.287,000] [0m<inf> imu: ICM-42688-P  a  -0.163   9.750   0.320  g   0.000  -0.005   0.001[0m
[1;32muart:~$ [m[8D[J[00:03:06.388,000] [0m<inf> imu: LSM6DS3TR-C  a  -0.352   9.823   0.535  g   0.025  -0.059   0.015[0m
[1;32muart:~$ [m[8D[J[1;32muart:~$ [m[8D[J[00:03:06.389,000] [0m<inf> imu: LSM6DSV16X   a  -0.130   9.836   0.924  g  -0.011   0.003  -0.003[0m
[1;32muart:~$ [m[8D[J[00:03:06.390,000] [0m<inf> imu: ICM-42688-P  a  -0.157   9.752   0.320  g   0.000  -0.005   0.000[0m
[1;32muart:~$ [m[8D[J[1;32muart:~$ [m[8D[J[00:03:06.491,000] [0m<inf> imu: LSM6DS3TR-C  a  -0.377   9.860   0.589  g   0.024  -0.062   0.014[0m
[1;32muart:~$ [m[8D[J[00:03:06.491,000] [0m<inf> imu: LSM6DSV16X   a  -0.129   9.842   0.933  g  -0.012   0.002  -0.002[0m
[1;32muart:~$ [m[8D[J[1;32muart:~$ [m[8D[J[00:03:06.492,000] [0m<inf> imu: ICM-42688-P  a  -0.150   9.755   0.312  g   0.001  -0.005   0.000[0m
[1;32muart:~$ [m[8D[J[00:03:06.593,000] [0m<inf> imu: LSM6DS3TR-C  a  -0.351   9.830   0.555  g   0.023  -0.060   0.014[0m
[1;32muart:~$ [m[8D[J[00:03:06.594,000] [0m<inf> imu: LSM6DSV16X   a  -0.126   9.830   0.919  g  -0.011   0.002  -0.003[0m
[1;32muart:~$ [m[8D[J[1;32muart:~$ [m[8D[J[00:03:06.594,000] [0m<inf> imu: ICM-42688-P  a  -0.163   9.743   0.303  g   0.001  -0.004   0.001[0m
[1;32muart:~$ [m[8D[J[00:03:06.696,000] [0m<inf> imu: LSM6DS3TR-C  a  -0.419   9.806   0.530  g   0.024  -0.061   0.015[0m
[1;32muart:~$ [m[8D[J[00:03:06.697,000] [0m<inf> imu: LSM6DSV16X   a  -0.132   9.845   0.925  g  -0.011   0.002  -0.003[0m
[1;32muart:~$ [m[8D[J[1;32muart:~$ [m[8D[J[00:03:06.698,000] [0m<inf> imu: ICM-42688-P  a  -0.170   9.762   0.323  g  -0.000  -0.005   0.000[0m
[1;32muart:~$ [m[8D[J[00:03:06.799,000] [0m<inf> imu: LSM6DS3TR-C  a  -0.349   9.851   0.557  g   0.021  -0.061   0.014[0m
[1;32muart:~$ [m[8D[J[1;32muart:~$ [m[8D[J[00:03:06.800,000] [0m<inf> imu: LSM6DSV16X   a  -0.115   9.846   0.928  g  -0.012   0.001  -0.003[0m
[1;32muart:~$ [m[8D[J[00:03:06.800,000] [0m<inf> imu: ICM-42688-P  a  -0.152   9.765   0.321  g   0.000  -0.005   0.001[0m
[1;32muart:~$ [m[8D[J[1;32muart:~$ [m[8D[J[00:03:06.901,000] [0m<inf> imu: LSM6DS3TR-C  a  -0.362   9.864   0.532  g   0.024  -0.060   0.016[0m
[1;32muart:~$ [m[8D[J[00:03:06.903,000] [0m<inf> imu: LSM6DSV16X   a  -0.144   9.832   0.915  g  -0.011   0.002  -0.003[0m
[1;32muart:~$ [m[8D[J[1;32muart:~$ [m[8D[J[00:03:06.903,000] [0m<inf> imu: ICM-42688-P  a  -0.181   9.761   0.310  g   0.000  -0.005   0.001[0m
[1;32muart:~$ [m[8D[J[00:03:07.005,000] [0m<inf> imu: LSM6DS3TR-C  a  -0.394   9.845   0.524  g   0.022  -0.061   0.014[0m
[1;32muart:~$ [m[8D[J[00:03:07.005,000] [0m<inf> imu: LSM6DSV16X   a  -0.131   9.829   0.918  g  -0.011   0.003  -0.003[0m
[1;32muart:~$ [m[8D[J[1;32muart:~$ [m[8D[J[00:03:07.006,000] [0m<inf> imu: ICM-42688-P  a  -0.159   9.755   0.314  g  -0.000  -0.005   0.001[0m
[1;32muart:~$ [m[8D[J[00:03:07.107,000] [0m<inf> imu: LSM6DS3TR-C  a  -0.369   9.883   0.578  g   0.022  -0.059   0.015[0m
[1;32muart:~$ [m[8D[J[00:03:07.108,000] [0m<inf> imu: LSM6DSV16X   a  -0.129   9.839   0.921  g  -0.012   0.002  -0.003[0m
[1;32muart:~$ [m[8D[J[1;32muart:~$ [m[8D[J[00:03:07.108,000] [0m<inf> imu: ICM-42688-P  a  -0.163   9.756   0.326  g   0.000  -0.005   0.000[0m
[1;32muart:~$ [m[8D[J[00:03:07.209,000] [0m<inf> imu: LSM6DS3TR-C  a  -0.367   9.853   0.588  g   0.024  -0.061   0.013[0m
[1;32muart:~$ [m[8D[J[1;32muart:~$ [m[8D[J[00:03:07.210,000] [0m<inf> imu: LSM6DSV16X   a  -0.129   9.839   0.935  g  -0.011   0.002  -0.003[0m
[1;32muart:~$ [m[8D[J[00:03:07.210,000] [0m<inf> imu: ICM-42688-P  a  -0.157   9.756   0.329  g  -0.000  -0.005   0.000[0m
[1;32muart:~$ [m[8D[J[00:03:07.312,000] [0m<inf> imu: LSM6DS3TR-C  a  -0.346   9.793   0.575  g   0.021  -0.060   0.015[0m
[1;32muart:~$ [m[8D[J[00:03:07.312,000] [0m<inf> imu: LSM6DSV16X   a  -0.129   9.840   0.930  g  -0.012   0.002  -0.003[0m
[1;32muart:~$ [m[8D[J[1;32muart:~$ [m[8D[J[00:03:07.313,000] [0m<inf> imu: ICM-42688-P  a  -0.140   9.761   0.304  g  -0.001  -0.005  -0.001[0m
[1;32muart:~$ [m[8D[J[00:03:07.414,000] [0m<inf> imu: LSM6DS3TR-C  a  -0.336   9.860   0.528  g   0.023  -0.060   0.013[0m
[1;32muart:~$ [m[8D[J[00:03:07.415,000] [0m<inf> imu: LSM6DSV16X   a  -0.132   9.837   0.931  g  -0.011   0.001  -0.002[0m
[1;32muart:~$ [m[8D[J[1;32muart:~$ [m[8D[J[00:03:07.415,000] [0m<inf> imu: ICM-42688-P  a  -0.158   9.759   0.317  g   0.000  -0.005   0.000[0m
[1;32muart:~$ [m[8D[J[00:03:07.516,000] [0m<inf> imu: LSM6DS3TR-C  a  -0.371   9.848   0.556  g   0.021  -0.061   0.014[0m
[1;32muart:~$ [m[8D[J[1;32muart:~$ [m[8D[J[00:03:07.517,000] [0m<inf> imu: LSM6DSV16X   a  -0.129   9.821   0.919  g  -0.011   0.003  -0.003[0m
[1;32muart:~$ [m[8D[J[00:03:07.517,000] [0m<inf> imu: ICM-42688-P  a  -0.160   9.765   0.304  g   0.000  -0.005   0.000[0m
[1;32muart:~$ [m[8D[J[1;32muart:~$ [m[8D[J[00:03:07.618,000] [0m<inf> imu: LSM6DS3TR-C  a  -0.319   9.836   0.559  g   0.024  -0.061   0.015[0m
[1;32muart:~$ [m[8D[J[00:03:07.619,000] [0m<inf> imu: LSM6DSV16X   a  -0.122   9.837   0.926  g  -0.011   0.002  -0.003[0m
[1;32muart:~$ [m[8D[J[1;32muart:~$ [m[8D[J[00:03:07.620,000] [0m<inf> imu: ICM-42688-P  a  -0.154   9.761   0.329  g   0.000  -0.006   0.001[0m
[1;32muart:~$ [m[8D[J[00:03:07.721,000] [0m<inf> imu: LSM6DS3TR-C  a  -0.401   9.834   0.606  g   0.021  -0.062   0.015[0m
[1;32muart:~$ [m[8D[J[1;32muart:~$ [m[8D[J[00:03:07.721,000] [0m<inf> imu: LSM6DSV16X   a  -0.139   9.848   0.931  g  -0.012   0.002  -0.003[0m
[1;32muart:~$ [m[8D[J[00:03:07.722,000] [0m<inf> imu: ICM-42688-P  a  -0.164   9.765   0.302  g  -0.000  -0.006   0.001[0m
[1;32muart:~$ [m[8D[J[1;32muart:~$ [m[8D[J[00:03:07.823,000] [0m<inf> imu: LSM6DS3TR-C  a  -0.313   9.808   0.580  g   0.022  -0.060   0.015[0m
[1;32muart:~$ [m[8D[J[00:03:07.824,000] [0m<inf> imu: LSM6DSV16X   a  -0.130   9.835   0.931  g  -0.011   0.002  -0.003[0m
[1;32muart:~$ [m[8D[J[1;32muart:~$ [m[8D[J[00:03:07.824,000] [0m<inf> imu: ICM-42688-P  a  -0.154   9.761   0.315  g   0.000  -0.005   0.000[0m
[1;32muart:~$ [m[8D[J[00:03:07.925,000] [0m<inf> imu: LSM6DS3TR-C  a  -0.329   9.854   0.568  g   0.021  -0.061   0.015[0m
[1;32muart:~$ [m[8D[J[00:03:07.926,000] [0m<inf> imu: LSM6DSV16X   a  -0.129   9.832   0.929  g  -0.011   0.002  -0.003[0m
[1;32muart:~$ [m[8D[J[1;32muart:~$ [m[8D[J[00:03:07.927,000] [0m<inf> imu: ICM-42688-P  a  -0.171   9.765   0.315  g   0.000  -0.005   0.001[0m
[1;32muart:~$ [m[8D[J[00:03:08.028,000] [0m<inf> imu: LSM6DS3TR-C  a  -0.343   9.863   0.559  g   0.022  -0.061   0.016[0m
[1;32muart:~$ [m[8D[J[00:03:08.029,000] [0m<inf> imu: LSM6DSV16X   a  -0.132   9.839   0.931  g  -0.012   0.001  -0.003[0m
[1;32muart:~$ [m[8D[J[1;32muart:~$ [m[8D[J[00:03:08.030,000] [0m<inf> imu: ICM-42688-P  a  -0.159   9.761   0.308  g   0.000  -0.006   0.000[0m
[1;32muart:~$ [m[8D[J[00:03:08.131,000] [0m<inf> imu: LSM6DS3TR-C  a  -0.337   9.851   0.541  g   0.023  -0.061   0.015[0m
[1;32muart:~$ [m[8D[J[1;32muart:~$ [m[8D[J[00:03:08.132,000] [0m<inf> imu: LSM6DSV16X   a  -0.132   9.839   0.933  g  -0.012   0.002  -0.003[0m
[1;32muart:~$ [m[8D[J[00:03:08.132,000] [0m<inf> imu: ICM-42688-P  a  -0.148   9.766   0.311  g   0.001  -0.005   0.000[0m
[1;32muart:~$ [m[8D[J[1;32muart:~$ [m[8D[J[00:03:08.234,000] [0m<inf> imu: LSM6DS3TR-C  a  -0.333   9.830   0.538  g   0.021  -0.061   0.013[0m
[1;32muart:~$ [m[8D[J[00:03:08.235,000] [0m<inf> imu: LSM6DSV16X   a  -0.132   9.830   0.928  g  -0.011   0.002  -0.003[0m
[1;32muart:~$ [m[8D[J[1;32muart:~$ [m[8D[J[00:03:08.236,000] [0m<inf> imu: ICM-42688-P  a  -0.168   9.760   0.310  g   0.000  -0.005   0.001[0m
[1;32muart:~$ [m[8D[J[00:03:08.337,000] [0m<inf> imu: LSM6DS3TR-C  a  -0.347   9.818   0.548  g   0.023  -0.060   0.014[0m
[1;32muart:~$ [m[8D[J[1;32muart:~$ [m[8D[J[00:03:08.338,000] [0m<inf> imu: LSM6DSV16X   a  -0.126   9.839   0.918  g  -0.011   0.002  -0.003[0m
[1;32muart:~$ [m[8D[J[00:03:08.338,000] [0m<inf> imu: ICM-42688-P  a  -0.146   9.747   0.314  g  -0.000  -0.005   0.001[0m
[1;32muart:~$ [m[8D[J[1;32muart:~$ [m[8D[J[00:03:08.439,000] [0m<inf> imu: LSM6DS3TR-C  a  -0.343   9.866   0.546  g   0.024  -0.061   0.017[0m
[1;32muart:~$ [m[8D[J[00:03:08.440,000] [0m<inf> imu: LSM6DSV16X   a  -0.141   9.842   0.924  g  -0.012   0.002  -0.003[0m
[1;32muart:~$ [m[8D[J[1;32muart:~$ [m[8D[J[00:03:08.441,000] [0m<inf> imu: ICM-42688-P  a  -0.160   9.774   0.304  g   0.000  -0.005   0.001[0m
[1;32muart:~$ [m[8D[J[00:03:08.542,000] [0m<inf> imu: LSM6DS3TR-C  a  -0.375   9.869   0.563  g   0.023  -0.060   0.015[0m
[1;32muart:~$ [m[8D[J[00:03:08.542,000] [0m<inf> imu: LSM6DSV16X   a  -0.127   9.828   0.926  g  -0.012   0.002  -0.002[0m
[1;32muart:~$ [m[8D[J[1;32muart:~$ [m[8D[J[00:03:08.543,000] [0m<inf> imu: ICM-42688-P  a  -0.168   9.754   0.324  g   0.000  -0.005   0.001[0m
[1;32muart:~$ [m[8D[J[00:03:08.645,000] [0m<inf> imu: LSM6DS3TR-C  a  -0.343   9.823   0.520  g   0.021  -0.060   0.013[0m
[1;32muart:~$ [m[8D[J[1;32muart:~$ [m[8D[J[00:03:08.645,000] [0m<inf> imu: LSM6DSV16X   a  -0.129   9.813   0.926  g  -0.013   0.002  -0.003[0m
[1;32muart:~$ [m[8D[J[00:03:08.646,000] [0m<inf> imu: ICM-42688-P  a  -0.153   9.736   0.315  g   0.000  -0.005   0.001[0m
[1;32muart:~$ [m[8D[J[00:03:08.747,000] [0m<inf> imu: LSM6DS3TR-C  a  -0.375   9.870   0.588  g   0.023  -0.061   0.014[0m
[1;32muart:~$ [m[8D[J[1;32muart:~$ [m[8D[J[00:03:08.748,000] [0m<inf> imu: LSM6DSV16X   a  -0.132   9.858   0.928  g  -0.011   0.001  -0.003[0m
[1;32muart:~$ [m[8D[J[00:03:08.748,000] [0m<inf> imu: ICM-42688-P  a  -0.146   9.782   0.305  g  -0.000  -0.005   0.000[0m
[1;32muart:~$ [m[8D[J[00:03:08.849,000] [0m<inf> imu: LSM6DS3TR-C  a  -0.371   9.854   0.558  g   0.023  -0.061   0.014[0m
[1;32muart:~$ [m[8D[J[00:03:08.850,000] [0m<inf> imu: LSM6DSV16X   a  -0.136   9.813   0.912  g  -0.012   0.002  -0.003[0m
[1;32muart:~$ [m[8D[J[1;32muart:~$ [m[8D[J[00:03:08.850,000] [0m<inf> imu: ICM-42688-P  a  -0.163   9.722   0.303  g  -0.000  -0.005   0.001[0m
[1;32muart:~$ [m[8D[J[1;32muart:~$ [m[8D[J[00:03:08.951,000] [0m<inf> imu: LSM6DS3TR-C  a  -0.373   9.846   0.530  g   0.022  -0.061   0.015[0m
[1;32muart:~$ [m[8D[J[00:03:08.952,000] [0m<inf> imu: LSM6DSV16X   a  -0.134   9.856   0.922  g  -0.011   0.002  -0.003[0m
[1;32muart:~$ [m[8D[J[1;32muart:~$ [m[8D[J[00:03:08.953,000] [0m<inf> imu: ICM-42688-P  a  -0.138   9.768   0.328  g  -0.000  -0.005   0.000[0m
[1;32muart:~$ [m[8D[J[00:03:09.054,000] [0m<inf> imu: LSM6DS3TR-C  a  -0.403   9.813   0.553  g   0.024  -0.061   0.016[0m
[1;32muart:~$ [m[8D[J[1;32muart:~$ [m[8D[J[00:03:09.054,000] [0m<inf> imu: LSM6DSV16X   a  -0.134   9.835   0.918  g  -0.012   0.002  -0.003[0m
[1;32muart:~$ [m[8D[J[00:03:09.055,000] [0m<inf> imu: ICM-42688-P  a  -0.163   9.747   0.311  g   0.000  -0.005   0.000[0m
[1;32muart:~$ [m[8D[J[1;32muart:~$ [m[8D[J[00:03:09.156,000] [0m<inf> imu: LSM6DS3TR-C  a  -0.340   9.811   0.553  g   0.024  -0.060   0.015[0m
[1;32muart:~$ [m[8D[J[00:03:09.157,000] [0m<inf> imu: LSM6DSV16X   a  -0.132   9.835   0.919  g  -0.012   0.003  -0.004[0m
[1;32muart:~$ [m[8D[J[1;32muart:~$ [m[8D[J[00:03:09.157,000] [0m<inf> imu: ICM-42688-P  a  -0.162   9.754   0.312  g   0.000  -0.005   0.000[0m
[1;32muart:~$ [m[8D[J[00:03:09.258,000] [0m<inf> imu: LSM6DS3TR-C  a  -0.343   9.861   0.570  g   0.023  -0.061   0.014[0m
[1;32muart:~$ [m[8D[J[00:03:09.259,000] [0m<inf> imu: LSM6DSV16X   a  -0.129   9.835   0.923  g  -0.011   0.002  -0.003[0m
[1;32muart:~$ [m[8D[J[1;32muart:~$ [m[8D[J[00:03:09.260,000] [0m<inf> imu: ICM-42688-P  a  -0.160   9.765   0.326  g   0.000  -0.005   0.001[0m
[1;32muart:~$ [m[8D[J[00:03:09.361,000] [0m<inf> imu: LSM6DS3TR-C  a  -0.379   9.864   0.541  g   0.021  -0.060   0.015[0m
[1;32muart:~$ [m[8D[J[1;32muart:~$ [m[8D[J[00:03:09.362,000] [0m<inf> imu: LSM6DSV16X   a  -0.127   9.837   0.928  g  -0.012   0.002  -0.002[0m
[1;32muart:~$ [m[8D[J[00:03:09.363,000] [0m<inf> imu: ICM-42688-P  a  -0.164   9.758   0.311  g   0.000  -0.005  -0.001[0m
[1;32muart:~$ [m[8D[J[00:03:09.464,000] [0m<inf> imu: LSM6DS3TR-C  a  -0.360   9.828   0.561  g   0.023  -0.060   0.015[0m
[1;32muart:~$ [m[8D[J[1;32muart:~$ [m[8D[J[00:03:09.465,000] [0m<inf> imu: LSM6DSV16X   a  -0.127   9.835   0.936  g  -0.012   0.002  -0.003[0m
[1;32muart:~$ [m[8D[J[00:03:09.465,000] [0m<inf> imu: ICM-42688-P  a  -0.157   9.762   0.320  g   0.000  -0.005   0.001[0m
[1;32muart:~$ [m[8D[J[00:03:09.566,000] [0m<inf> imu: LSM6DS3TR-C  a  -0.389   9.853   0.544  g   0.022  -0.060   0.013[0m
[1;32muart:~$ [m[8D[J[00:03:09.567,000] [0m<inf> imu: LSM6DSV16X   a  -0.139   9.842   0.922  g  -0.011   0.002  -0.003[0m
[1;32muart:~$ [m[8D[J[1;32muart:~$ [m[8D[J[00:03:09.567,000] [0m<inf> imu: ICM-42688-P  a  -0.175   9.756   0.320  g  -0.000  -0.006   0.001[0m
[1;32muart:~$ [m[8D[J[1;32muart:~$ [m[8D[J[00:03:09.668,000] [0m<inf> imu: LSM6DS3TR-C  a  -0.364   9.840   0.531  g   0.024  -0.061   0.016[0m
[1;32muart:~$ [m[8D[J[00:03:09.669,000] [0m<inf> imu: LSM6DSV16X   a  -0.124   9.839   0.926  g  -0.011   0.002  -0.003[0m
[1;32muart:~$ [m[8D[J[1;32muart:~$ [m[8D[J[00:03:09.670,000] [0m<inf> imu: ICM-42688-P  a  -0.152   9.756   0.320  g   0.000  -0.005   0.000[0m
[1;32muart:~$ [m[8D[J[00:03:09.771,000] [0m<inf> imu: LSM6DS3TR-C  a  -0.358   9.846   0.540  g   0.024  -0.060   0.016[0m
[1;32muart:~$ [m[8D[J[1;32muart:~$ [m[8D[J[00:03:09.771,000] [0m<inf> imu: LSM6DSV16X   a  -0.129   9.839   0.917  g  -0.011   0.002  -0.003[0m
[1;32muart:~$ [m[8D[J[00:03:09.772,000] [0m<inf> imu: ICM-42688-P  a  -0.164   9.773   0.314  g   0.001  -0.005   0.000[0m
[1;32muart:~$ [m[8D[J[1;32muart:~$ [m[8D[J[00:03:09.873,000] [0m<inf> imu: LSM6DS3TR-C  a  -0.354   9.882   0.558  g   0.023  -0.060   0.014[0m
[1;32muart:~$ [m[8D[J[00:03:09.874,000] [0m<inf> imu: LSM6DSV16X   a  -0.124   9.830   0.928  g  -0.011   0.002  -0.003[0m
[1;32muart:~$ [m[8D[J[1;32muart:~$ [m[8D[J[00:03:09.874,000] [0m<inf> imu: ICM-42688-P  a  -0.160   9.755   0.329  g   0.000  -0.005   0.001[0m
[1;32muart:~$ [m[8D[J[00:03:09.975,000] [0m<inf> imu: LSM6DS3TR-C  a  -0.370   9.875   0.557  g   0.022  -0.060   0.014[0m
[1;32muart:~$ [m[8D[J[00:03:09.976,000] [0m<inf> imu: LSM6DSV16X   a  -0.136   9.842   0.922  g  -0.011   0.002  -0.002[0m
[1;32muart:~$ [m[8D[J[1;32muart:~$ [m[8D[J[00:03:09.977,000] [0m<inf> imu: ICM-42688-P  a  -0.163   9.776   0.314  g   0.000  -0.005   0.001[0m
[1;32muart:~$ [m[8D[J[00:03:10.078,000] [0m<inf> imu: LSM6DS3TR-C  a  -0.351   9.845   0.560  g   0.022  -0.062   0.016[0m
[1;32muart:~$ [m[8D[J[00:03:10.079,000] [0m<inf> imu: LSM6DSV16X   a  -0.127   9.835   0.921  g  -0.011   0.002  -0.003[0m
[1;32muart:~$ [m[8D[J[1;32muart:~$ [m[8D[J[00:03:10.080,000] [0m<inf> imu: ICM-42688-P  a  -0.158   9.752   0.309  g   0.001  -0.006   0.000[0m
[1;32muart:~$ [m[8D[J[00:03:10.181,000] [0m<inf> imu: LSM6DS3TR-C  a  -0.367   9.842   0.572  g   0.021  -0.059   0.015[0m
[1;32muart:~$ [m[8D[J[1;32muart:~$ [m[8D[J[00:03:10.182,000] [0m<inf> imu: LSM6DSV16X   a  -0.129   9.842   0.931  g  -0.013   0.002  -0.002[0m
[1;32muart:~$ [m[8D[J[00:03:10.182,000] [0m<inf> imu: ICM-42688-P  a  -0.154   9.771   0.315  g  -0.000  -0.005  -0.001[0m
[1;32muart:~$ [m[8D[J[1;32muart:~$ [m[8D[J[00:03:10.284,000] [0m<inf> imu: LSM6DS3TR-C  a  -0.345   9.823   0.577  g   0.023  -0.061   0.014[0m
[1;32muart:~$ [m[8D[J[00:03:10.285,000] [0m<inf> imu: LSM6DSV16X   a  -0.123   9.827   0.922  g  -0.011   0.002  -0.002[0m
[1;32muart:~$ [m[8D[J[1;32muart:~$ [m[8D[J[00:03:10.286,000] [0m<inf> imu: ICM-42688-P  a  -0.154   9.766   0.339  g  -0.000  -0.005   0.000[0m
[1;32muart:~$ [m[8D[J[00:03:10.387,000] [0m<inf> imu: LSM6DS3TR-C  a  -0.336   9.846   0.531  g   0.024  -0.062   0.016[0m
[1;32muart:~$ [m[8D[J[1;32muart:~$ [m[8D[J[00:03:10.388,000] [0m<inf> imu: LSM6DSV16X   a  -0.126   9.839   0.938  g  -0.012   0.002  -0.003[0m
[1;32muart:~$ [m[8D[J[00:03:10.388,000] [0m<inf> imu: ICM-42688-P  a  -0.159   9.765   0.323  g  -0.000  -0.005   0.000[0m
[1;32muart:~$ [m[8D[J[1;32muart:~$ [m[8D[J[00:03:10.489,000] [0m<inf> imu: LSM6DS3TR-C  a  -0.343   9.881   0.519  g   0.022  -0.061   0.013[0m
[1;32muart:~$ [m[8D[J[00:03:10.490,000] [0m<inf> imu: LSM6DSV16X   a  -0.127   9.837   0.926  g  -0.011   0.001  -0.003[0m
[1;32muart:~$ [m[8D[J[1;32muart:~$ [m[8D[J[00:03:10.491,000] [0m<inf> imu: ICM-42688-P  a  -0.162   9.755   0.316  g  -0.001  -0.005   0.000[0m
[1;32muart:~$ [m[8D[J[00:03:10.592,000] [0m<inf> imu: LSM6DS3TR-C  a  -0.350   9.827   0.562  g   0.023  -0.060   0.016[0m
[1;32muart:~$ [m[8D[J[00:03:10.593,000] [0m<inf> imu: LSM6DSV16X   a  -0.125   9.833   0.921  g  -0.011   0.002  -0.003[0m
[1;32muart:~$ [m[8D[J[1;32muart:~$ [m[8D[J[00:03:10.593,000] [0m<inf> imu: ICM-42688-P  a  -0.146   9.748   0.308  g   0.001  -0.005   0.000[0m
[1;32muart:~$ [m[8D[J[00:03:10.694,000] [0m<inf> imu: LSM6DS3TR-C  a  -0.339   9.862   0.574  g   0.023  -0.063   0.014[0m
[1;32muart:~$ [m[8D[J[1;32muart:~$ [m[8D[J[00:03:10.696,000] [0m<inf> imu: LSM6DSV16X   a  -0.132   9.837   0.928  g  -0.011   0.002  -0.003[0m
[1;32muart:~$ [m[8D[J[00:03:10.697,000] [0m<inf> imu: ICM-42688-P  a  -0.168   9.760   0.308  g  -0.000  -0.005   0.000[0m
[1;32muart:~$ [m[8D[J[00:03:10.798,000] [0m<inf> imu: LSM6DS3TR-C  a  -0.343   9.870   0.550  g   0.023  -0.059   0.015[0m
[1;32muart:~$ [m[8D[J[1;32muart:~$ [m[8D[J[00:03:10.799,000] [0m<inf> imu: LSM6DSV16X   a  -0.127   9.844   0.926  g  -0.012   0.002  -0.003[0m
[1;32muart:~$ [m[8D[J[00:03:10.799,000] [0m<inf> imu: ICM-42688-P  a  -0.159   9.768   0.322  g   0.000  -0.005   0.000[0m
[1;32muart:~$ [m[8D[J[00:03:10.900,000] [0m<inf> imu: LSM6DS3TR-C  a  -0.377   9.848   0.536  g   0.022  -0.060   0.017[0m
[1;32muart:~$ [m[8D[J[00:03:10.901,000] [0m<inf> imu: LSM6DSV16X   a  -0.129   9.842   0.921  g  -0.012   0.002  -0.003[0m
[1;32muart:~$ [m[8D[J[1;32muart:~$ [m[8D[J[00:03:10.901,000] [0m<inf> imu: ICM-42688-P  a  -0.163   9.752   0.308  g  -0.001  -0.005   0.001[0m
[1;32muart:~$ [m[8D[J[1;32muart:~$ [m[8D[J[00:03:11.003,000] [0m<inf> imu: LSM6DS3TR-C  a  -0.360   9.860   0.584  g   0.023  -0.062   0.016[0m
[1;32muart:~$ [m[8D[J[00:03:11.003,000] [0m<inf> imu: LSM6DSV16X   a  -0.122   9.828   0.922  g  -0.012   0.002  -0.003[0m
[1;32muart:~$ [m[8D[J[1;32muart:~$ [m[8D[J[00:03:11.004,000] [0m<inf> imu: ICM-42688-P  a  -0.158   9.760   0.324  g  -0.000  -0.006   0.000[0m
[1;32muart:~$ [m[8D[J[00:03:11.105,000] [0m<inf> imu: LSM6DS3TR-C  a  -0.407   9.864   0.587  g   0.024  -0.062   0.016[0m
[1;32muart:~$ [m[8D[J[1;32muart:~$ [m[8D[J[00:03:11.106,000] [0m<inf> imu: LSM6DSV16X   a  -0.136   9.847   0.928  g  -0.011   0.001  -0.003[0m
[1;32muart:~$ [m[8D[J[00:03:11.106,000] [0m<inf> imu: ICM-42688-P  a  -0.159   9.772   0.311  g   0.000  -0.006   0.000[0m
[1;32muart:~$ [m[8D[J[1;32muart:~$ [m[8D[J[00:03:11.207,000] [0m<inf> imu: LSM6DS3TR-C  a  -0.383   9.832   0.551  g   0.021  -0.060   0.015[0m
[1;32muart:~$ [m[8D[J[00:03:11.208,000] [0m<inf> imu: LSM6DSV16X   a  -0.127   9.834   0.919  g  -0.011   0.002  -0.003[0m
[1;32muart:~$ [m[8D[J[1;32muart:~$ [m[8D[J[00:03:11.208,000] [0m<inf> imu: ICM-42688-P  a  -0.166   9.762   0.305  g   0.000  -0.004   0.001[0m
[1;32muart:~$ [m[8D[J[00:03:11.310,000] [0m<inf> imu: LSM6DS3TR-C  a  -0.370   9.864   0.583  g   0.020  -0.061   0.016[0m
[1;32muart:~$ [m[8D[J[00:03:11.310,000] [0m<inf> imu: LSM6DSV16X   a  -0.132   9.839   0.921  g  -0.012   0.002  -0.003[0m
[1;32muart:~$ [m[8D[J[1;32muart:~$ [m[8D[J[00:03:11.311,000] [0m<inf> imu: ICM-42688-P  a  -0.162   9.768   0.303  g   0.001  -0.005   0.001[0m
[1;32muart:~$ [m[8D[J[00:03:11.412,000] [0m<inf> imu: LSM6DS3TR-C  a  -0.349   9.858   0.551  g   0.022  -0.061   0.014[0m
[1;32muart:~$ [m[8D[J[1;32muart:~$ [m[8D[J[00:03:11.413,000] [0m<inf> imu: LSM6DSV16X   a  -0.127   9.832   0.931  g  -0.011   0.002  -0.003[0m
[1;32muart:~$ [m[8D[J[00:03:11.414,000] [0m<inf> imu: ICM-42688-P  a  -0.159   9.758   0.291  g  -0.001  -0.005  -0.001[0m
[1;32muart:~$ [m[8D[J[00:03:11.515,000] [0m<inf> imu: LSM6DS3TR-C  a  -0.382   9.820   0.528  g   0.023  -0.060   0.016[0m
[1;32muart:~$ [m[8D[J[1;32muart:~$ [m[8D[J[00:03:11.516,000] [0m<inf> imu: LSM6DSV16X   a  -0.132   9.835   0.919  g  -0.011   0.003  -0.003[0m
[1;32muart:~$ [m[8D[J[00:03:11.516,000] [0m<inf> imu: ICM-42688-P  a  -0.156   9.764   0.300  g   0.001  -0.006   0.000[0m
[1;32muart:~$ [m[8D[J[00:03:11.617,000] [0m<inf> imu: LSM6DS3TR-C  a  -0.357   9.857   0.519  g   0.023  -0.061   0.016[0m
[1;32muart:~$ [m[8D[J[00:03:11.618,000] [0m<inf> imu: LSM6DSV16X   a  -0.141   9.839   0.918  g  -0.011   0.002  -0.003[0m
[1;32muart:~$ [m[8D[J[1;32muart:~$ [m[8D[J[00:03:11.618,000] [0m<inf> imu: ICM-42688-P  a  -0.159   9.759   0.302  g  -0.000  -0.005   0.001[0m
[1;32muart:~$ [m[8D[J[1;32muart:~$ [m[8D[J[00:03:11.719,000] [0m<inf> imu: LSM6DS3TR-C  a  -0.348   9.842   0.531  g   0.021  -0.061   0.016[0m
[1;32muart:~$ [m[8D[J[00:03:11.720,000] [0m<inf> imu: LSM6DSV16X   a  -0.124   9.835   0.921  g  -0.012   0.002  -0.003[0m
[1;32muart:~$ [m[8D[J[1;32muart:~$ [m[8D[J[00:03:11.721,000] [0m<inf> imu: ICM-42688-P  a  -0.159   9.753   0.293  g   0.000  -0.005   0.001[0m
[1;32muart:~$ [m[8D[J[00:03:11.822,000] [0m<inf> imu: LSM6DS3TR-C  a  -0.344   9.840   0.553  g   0.022  -0.057   0.016[0m
[1;32muart:~$ [m[8D[J[1;32muart:~$ [m[8D[J[00:03:11.822,000] [0m<inf> imu: LSM6DSV16X   a  -0.129   9.830   0.916  g  -0.011   0.003  -0.003[0m
[1;32muart:~$ [m[8D[J[00:03:11.823,000] [0m<inf> imu: ICM-42688-P  a  -0.154   9.752   0.304  g  -0.001  -0.005   0.001[0m
[1;32muart:~$ [m[8D[J[1;32muart:~$ [m[8D[J[00:03:11.924,000] [0m<inf> imu: LSM6DS3TR-C  a  -0.384   9.856   0.526  g   0.022  -0.059   0.016[0m
[1;32muart:~$ [m[8D[J[00:03:11.925,000] [0m<inf> imu: LSM6DSV16X   a  -0.133   9.835   0.910  g  -0.012   0.002  -0.003[0m
[1;32muart:~$ [m[8D[J[1;32muart:~$ [m[8D[J[00:03:11.925,000] [0m<inf> imu: ICM-42688-P  a  -0.163   9.759   0.305  g  -0.000  -0.005  -0.000[0m
[1;32muart:~$ [m[8D[J[00:03:12.026,000] [0m<inf> imu: LSM6DS3TR-C  a  -0.358   9.838   0.537  g   0.022  -0.060   0.017[0m
[1;32muart:~$ [m[8D[J[00:03:12.027,000] [0m<inf> imu: LSM6DSV16X   a  -0.125   9.830   0.909  g  -0.011   0.002  -0.003[0m
[1;32muart:~$ [m[8D[J[1;32muart:~$ [m[8D[J[00:03:12.028,000] [0m<inf> imu: ICM-42688-P  a  -0.163   9.759   0.300  g   0.001  -0.006   0.001[0m
[1;32muart:~$ [m[8D[J[00:03:12.129,000] [0m<inf> imu: LSM6DS3TR-C  a  -0.378   9.879   0.560  g   0.021  -0.061   0.016[0m
[1;32muart:~$ [m[8D[J[1;32muart:~$ [m[8D[J[00:03:12.130,000] [0m<inf> imu: LSM6DSV16X   a  -0.129   9.835   0.926  g  -0.011   0.002  -0.003[0m
[1;32muart:~$ [m[8D[J[00:03:12.130,000] [0m<inf> imu: ICM-42688-P  a  -0.150   9.760   0.306  g   0.000  -0.005   0.000[0m
[1;32muart:~$ [m[8D[J[00:03:12.231,000] [0m<inf> imu: LSM6DS3TR-C  a  -0.339   9.849   0.576  g   0.022  -0.062   0.014[0m
[1;32muart:~$ [m[8D[J[00:03:12.232,000] [0m<inf> imu: LSM6DSV16X   a  -0.132   9.837   0.926  g  -0.011   0.002  -0.002[0m
[1;32muart:~$ [m[8D[J[1;32muart:~$ [m[8D[J[00:03:12.233,000] [0m<inf> imu: ICM-42688-P  a  -0.170   9.760   0.318  g   0.000  -0.005   0.000[0m
[1;32muart:~$ [m[8D[J[00:03:12.335,000] [0m<inf> imu: LSM6DS3TR-C  a  -0.352   9.868   0.548  g   0.024  -0.061   0.012[0m
[1;32muart:~$ [m[8D[J[1;32muart:~$ [m[8D[J[00:03:12.335,000] [0m<inf> imu: LSM6DSV16X   a  -0.134   9.839   0.929  g  -0.011   0.002  -0.003[0m
[1;32muart:~$ [m[8D[J[00:03:12.336,000] [0m<inf> imu: ICM-42688-P  a  -0.156   9.762   0.316  g   0.000  -0.005   0.000[0m
[1;32muart:~$ [m[8D[J[1;32muart:~$ [m[8D[J[00:03:12.437,000] [0m<inf> imu: LSM6DS3TR-C  a  -0.351   9.845   0.581  g   0.023  -0.060   0.017[0m
[1;32muart:~$ [m[8D[J[00:03:12.438,000] [0m<inf> imu: LSM6DSV16X   a  -0.127   9.842   0.912  g  -0.011   0.002  -0.003[0m
[1;32muart:~$ [m[8D[J[1;32muart:~$ [m[8D[J[00:03:12.438,000] [0m<inf> imu: ICM-42688-P  a  -0.157   9.755   0.308  g   0.000  -0.005   0.000[0m
[1;32muart:~$ [m[8D[J[00:03:12.540,000] [0m<inf> imu: LSM6DS3TR-C  a  -0.376   9.842   0.554  g   0.024  -0.059   0.017[0m
[1;32muart:~$ [m[8D[J[1;32muart:~$ [m[8D[J[00:03:12.540,000] [0m<inf> imu: LSM6DSV16X   a  -0.127   9.842   0.919  g  -0.011   0.002  -0.003[0m
[1;32muart:~$ [m[8D[J[00:03:12.541,000] [0m<inf> imu: ICM-42688-P  a  -0.163   9.756   0.303  g  -0.001  -0.005   0.001[0m
[1;32muart:~$ [m[8D[J[1;32muart:~$ [m[8D[J[00:03:12.642,000] [0m<inf> imu: LSM6DS3TR-C  a  -0.391   9.871   0.549  g   0.023  -0.059   0.016[0m
[1;32muart:~$ [m[8D[J[00:03:12.643,000] [0m<inf> imu: LSM6DSV16X   a  -0.130   9.844   0.917  g  -0.011   0.002  -0.002[0m
[1;32muart:~$ [m[8D[J[1;32muart:~$ [m[8D[J[00:03:12.643,000] [0m<inf> imu: ICM-42688-P  a  -0.165   9.766   0.316  g   0.001  -0.005   0.000[0m
[1;32muart:~$ [m[8D[J[00:03:12.744,000] [0m<inf> imu: LSM6DS3TR-C  a  -0.365   9.837   0.538  g   0.023  -0.061   0.014[0m
[1;32muart:~$ [m[8D[J[00:03:12.745,000] [0m<inf> imu: LSM6DSV16X   a  -0.131   9.836   0.931  g  -0.012   0.001  -0.003[0m
[1;32muart:~$ [m[8D[J[1;32muart:~$ [m[8D[J[00:03:12.745,000] [0m<inf> imu: ICM-42688-P  a  -0.164   9.758   0.316  g  -0.000  -0.006   0.000[0m
[1;32muart:~$ [m[8D[J[00:03:12.847,000] [0m<inf> imu: LSM6DS3TR-C  a  -0.366   9.832   0.546  g   0.022  -0.060   0.014[0m
[1;32muart:~$ [m[8D[J[1;32muart:~$ [m[8D[J[00:03:12.848,000] [0m<inf> imu: LSM6DSV16X   a  -0.132   9.835   0.927  g  -0.011   0.002  -0.003[0m
[1;32muart:~$ [m[8D[J[00:03:12.848,000] [0m<inf> imu: ICM-42688-P  a  -0.154   9.755   0.320  g   0.001  -0.006   0.000[0m
[1;32muart:~$ [m[8D[J[1;32muart:~$ [m[8D[J[00:03:12.949,000] [0m<inf> imu: LSM6DS3TR-C  a  -0.342   9.818   0.569  g   0.023  -0.061   0.014[0m
[1;32muart:~$ [m[8D[J[00:03:12.950,000] [0m<inf> imu: LSM6DSV16X   a  -0.129   9.846   0.924  g  -0.011   0.002  -0.002[0m
[1;32muart:~$ [m[8D[J[00:03:12.951,000] [0m<inf> imu: ICM-42688-P  a  -0.171   9.756   0.320  g   0.001  -0.005   0.001[0m
[1;32muart:~$ [m[8D[J[1;32muart:~$ [m[8D[J[00:03:13.052,000] [0m<inf> imu: LSM6DS3TR-C  a  -0.367   9.815   0.547  g   0.022  -0.060   0.014[0m
[1;32muart:~$ [m[8D[J[00:03:13.054,000] [0m<inf> imu: LSM6DSV16X   a  -0.130   9.829   0.935  g  -0.011   0.002  -0.003[0m
[1;32muart:~$ [m[8D[J[1;32muart:~$ [m[8D[J[00:03:13.054,000] [0m<inf> imu: ICM-42688-P  a  -0.158   9.755   0.318  g   0.000  -0.005  -0.000[0m
[1;32muart:~$ [m[8D[J[00:03:13.156,000] [0m<inf> imu: LSM6DS3TR-C  a  -0.354   9.843   0.574  g   0.024  -0.061   0.016[0m
[1;32muart:~$ [m[8D[J[1;32muart:~$ [m[8D[J[00:03:13.156,000] [0m<inf> imu: LSM6DSV16X   a  -0.137   9.839   0.911  g  -0.011   0.002  -0.003[0m
[1;32muart:~$ [m[8D[J[00:03:13.157,000] [0m<inf> imu: ICM-42688-P  a  -0.163   9.760   0.316  g   0.001  -0.005   0.000[0m
[1;32muart:~$ [m[8D[J[1;32muart:~$ [m[8D[J[00:03:13.258,000] [0m<inf> imu: LSM6DS3TR-C  a  -0.351   9.847   0.569  g   0.024  -0.061   0.015[0m
[1;32muart:~$ [m[8D[J[00:03:13.259,000] [0m<inf> imu: LSM6DSV16X   a  -0.132   9.829   0.931  g  -0.011   0.002  -0.003[0m
[1;32muart:~$ [m[8D[J[1;32muart:~$ [m[8D[J[00:03:13.259,000] [0m<inf> imu: ICM-42688-P  a  -0.169   9.747   0.311  g   0.000  -0.005   0.001[0m
[1;32muart:~$ [m[8D[J[00:03:13.360,000] [0m<inf> imu: LSM6DS3TR-C  a  -0.371   9.827   0.554  g   0.020  -0.060   0.015[0m
[1;32muart:~$ [m[8D[J[00:03:13.361,000] [0m<inf> imu: LSM6DSV16X   a  -0.134   9.839   0.925  g  -0.011   0.002  -0.002[0m
[1;32muart:~$ [m[8D[J[1;32muart:~$ [m[8D[J[00:03:13.361,000] [0m<inf> imu: ICM-42688-P  a  -0.154   9.771   0.311  g   0.000  -0.005   0.000[0m
[1;32muart:~$ [m[8D[J[00:03:13.463,000] [0m<inf> imu: LSM6DS3TR-C  a  -0.367   9.851   0.566  g   0.023  -0.061   0.015[0m
[1;32muart:~$ [m[8D[J[1;32muart:~$ [m[8D[J[00:03:13.463,000] [0m<inf> imu: LSM6DSV16X   a  -0.129   9.837   0.933  g  -0.012   0.002  -0.002[0m
[1;32muart:~$ [m[8D[J[00:03:13.464,000] [0m<inf> imu: ICM-42688-P  a  -0.165   9.752   0.317  g   0.000  -0.006  -0.001[0m
[1;32muart:~$ [m[8D[J[00:03:13.565,000] [0m<inf> imu: LSM6DS3TR-C  a  -0.374   9.848   0.562  g   0.024  -0.060   0.013[0m
[1;32muart:~$ [m[8D[J[1;32muart:~$ [m[8D[J[00:03:13.566,000] [0m<inf> imu: LSM6DSV16X   a  -0.130   9.837   0.922  g  -0.011   0.002  -0.003[0m
[1;32muart:~$ [m[8D[J[00:03:13.567,000] [0m<inf> imu: ICM-42688-P  a  -0.152   9.766   0.293  g   0.000  -0.005   0.000[0m
[1;32muart:~$ [m[8D[J[00:03:13.668,000] [0m<inf> imu: LSM6DS3TR-C  a  -0.336   9.836   0.531  g   0.022  -0.060   0.016[0m
[1;32muart:~$ [m[8D[J[00:03:13.668,000] [0m<inf> imu: LSM6DSV16X   a  -0.132   9.842   0.931  g  -0.011   0.003  -0.002[0m
[1;32muart:~$ [m[8D[J[1;32muart:~$ [m[8D[J[00:03:13.669,000] [0m<inf> imu: ICM-42688-P  a  -0.157   9.759   0.322  g   0.000  -0.005   0.000[0m
[1;32muart:~$ [m[8D[J[1;32muart:~$ [m[8D[J[00:03:13.770,000] [0m<inf> imu: LSM6DS3TR-C  a  -0.351   9.817   0.553  g   0.020  -0.062   0.016[0m
[1;32muart:~$ [m[8D[J[00:03:13.771,000] [0m<inf> imu: LSM6DSV16X   a  -0.132   9.835   0.936  g  -0.011   0.002  -0.002[0m
[1;32muart:~$ [m[8D[J[1;32muart:~$ [m[8D[J[00:03:13.771,000] [0m<inf> imu: ICM-42688-P  a  -0.157   9.747   0.323  g   0.000  -0.005  -0.000[0m
[1;32muart:~$ [m[8D[J[00:03:13.872,000] [0m<inf> imu: LSM6DS3TR-C  a  -0.360   9.849   0.556  g   0.023  -0.062   0.014[0m
[1;32muart:~$ [m[8D[J[1;32muart:~$ [m[8D[J[00:03:13.873,000] [0m<inf> imu: LSM6DSV16X   a  -0.136   9.844   0.928  g  -0.012   0.002  -0.003[0m
[1;32muart:~$ [m[8D[J[00:03:13.874,000] [0m<inf> imu: ICM-42688-P  a  -0.157   9.762   0.305  g  -0.001  -0.006   0.001[0m
[1;32muart:~$ [m[8D[J[1;32muart:~$ [m[8D[J[00:03:13.975,000] [0m<inf> imu: LSM6DS3TR-C  a  -0.388   9.832   0.529  g   0.022  -0.062   0.016[0m
[1;32muart:~$ [m[8D[J[00:03:13.975,000] [0m<inf> imu: LSM6DSV16X   a  -0.135   9.840   0.929  g  -0.012   0.002  -0.003[0m
[1;32muart:~$ [m[8D[J[1;32muart:~$ [m[8D[J[00:03:13.976,000] [0m<inf> imu: ICM-42688-P  a  -0.159   9.773   0.312  g   0.000  -0.005   0.000[0m
[1;32muart:~$ [m[8D[J[00:03:14.077,000] [0m<inf> imu: LSM6DS3TR-C  a  -0.399   9.849   0.516  g   0.024  -0.062   0.015[0m
[1;32muart:~$ [m[8D[J[00:03:14.078,000] [0m<inf> imu: LSM6DSV16X   a  -0.130   9.845   0.931  g  -0.013   0.002  -0.003[0m
[1;32muart:~$ [m[8D[J[1;32muart:~$ [m[8D[J[00:03:14.078,000] [0m<inf> imu: ICM-42688-P  a  -0.164   9.760   0.311  g   0.000  -0.005   0.000[0m
[1;32muart:~$ [m[8D[J[00:03:14.180,000] [0m<inf> imu: LSM6DS3TR-C  a  -0.355   9.839   0.570  g   0.022  -0.062   0.017[0m
[1;32muart:~$ [m[8D[J[00:03:14.181,000] [0m<inf> imu: LSM6DSV16X   a  -0.132   9.828   0.931  g  -0.012   0.002  -0.003[0m
[1;32muart:~$ [m[8D[J[1;32muart:~$ [m[8D[J[00:03:14.182,000] [0m<inf> imu: ICM-42688-P  a  -0.154   9.758   0.308  g  -0.001  -0.005   0.000[0m
[1;32muart:~$ [m[8D[J[00:03:14.283,000] [0m<inf> imu: LSM6DS3TR-C  a  -0.363   9.849   0.525  g   0.024  -0.060   0.016[0m
[1;32muart:~$ [m[8D[J[1;32muart:~$ [m[8D[J[00:03:14.283,000] [0m<inf> imu: LSM6DSV16X   a  -0.136   9.839   0.928  g  -0.011   0.002  -0.003[0m
[1;32muart:~$ [m[8D[J[00:03:14.284,000] [0m<inf> imu: ICM-42688-P  a  -0.165   9.759   0.299  g   0.001  -0.005   0.000[0m
[1;32muart:~$ [m[8D[J[1;32muart:~$ [m[8D[J[00:03:14.385,000] [0m<inf> imu: LSM6DS3TR-C  a  -0.352   9.875   0.537  g   0.022  -0.060   0.014[0m
[1;32muart:~$ [m[8D[J[00:03:14.387,000] [0m<inf> imu: LSM6DSV16X   a  -0.138   9.843   0.929  g  -0.012   0.003  -0.003[0m
[1;32muart:~$ [m[8D[J[1;32muart:~$ [m[8D[J[00:03:14.387,000] [0m<inf> imu: ICM-42688-P  a  -0.160   9.756   0.321  g   0.000  -0.005   0.000[0m
[1;32muart:~$ [m[8D[J[00:03:14.489,000] [0m<inf> imu: LSM6DS3TR-C  a  -0.394   9.854   0.581  g   0.022  -0.060   0.014[0m
[1;32muart:~$ [m[8D[J[1;32muart:~$ [m[8D[J[00:03:14.489,000] [0m<inf> imu: LSM6DSV16X   a  -0.131   9.837   0.921  g  -0.012   0.002  -0.002[0m
[1;32muart:~$ [m[8D[J[00:03:14.490,000] [0m<inf> imu: ICM-42688-P  a  -0.159   9.754   0.311  g   0.001  -0.005   0.001[0m
[1;32muart:~$ [m[8D[J[1;32muart:~$ [m[8D[J[00:03:14.591,000] [0m<inf> imu: LSM6DS3TR-C  a  -0.366   9.834   0.516  g   0.024  -0.060   0.016[0m
[1;32muart:~$ [m[8D[J[00:03:14.592,000] [0m<inf> imu: LSM6DSV16X   a  -0.135   9.833   0.927  g  -0.011   0.003  -0.003[0m
[1;32muart:~$ [m[8D[J[1;32muart:~$ [m[8D[J[00:03:14.592,000] [0m<inf> imu: ICM-42688-P  a  -0.165   9.756   0.312  g  -0.000  -0.006   0.000[0m
[1;32muart:~$ [m[8D[J[00:03:14.693,000] [0m<inf> imu: LSM6DS3TR-C  a  -0.370   9.816   0.544  g   0.021  -0.059   0.014[0m
[1;32muart:~$ [m[8D[J[00:03:14.694,000] [0m<inf> imu: LSM6DSV16X   a  -0.135   9.839   0.924  g  -0.013   0.002  -0.003[0m
[1;32muart:~$ [m[8D[J[1;32muart:~$ [m[8D[J[00:03:14.694,000] [0m<inf> imu: ICM-42688-P  a  -0.153   9.773   0.299  g  -0.000  -0.005   0.000[0m
[1;32muart:~$ [m[8D[J[00:03:14.796,000] [0m<inf> imu: LSM6DS3TR-C  a  -0.326   9.833   0.553  g   0.023  -0.061   0.013[0m
[1;32muart:~$ [m[8D[J[00:03:14.797,000] [0m<inf> imu: LSM6DSV16X   a  -0.129   9.834   0.929  g  -0.012   0.002  -0.003[0m
[1;32muart:~$ [m[8D[J[1;32muart:~$ [m[8D[J[00:03:14.798,000] [0m<inf> imu: ICM-42688-P  a  -0.156   9.756   0.316  g  -0.001  -0.005   0.000[0m
[1;32muart:~$ [m[8D[J[00:03:14.899,000] [0m<inf> imu: LSM6DS3TR-C  a  -0.391   9.864   0.555  g   0.022  -0.061   0.016[0m
[1;32muart:~$ [m[8D[J[1;32muart:~$ [m[8D[J[00:03:14.900,000] [0m<inf> imu: LSM6DSV16X   a  -0.136   9.842   0.915  g  -0.013   0.002  -0.003[0m
[1;32muart:~$ [m[8D[J[00:03:14.901,000] [0m<inf> imu: ICM-42688-P  a  -0.154   9.755   0.299  g   0.001  -0.005   0.000[0m
[1;32muart:~$ [m[8D[J[1;32muart:~$ [m[8D[J[00:03:15.003,000] [0m<inf> imu: LSM6DS3TR-C  a  -0.384   9.848   0.522  g   0.024  -0.060   0.013[0m
[1;32muart:~$ [m[8D[J[00:03:15.004,000] [0m<inf> imu: LSM6DSV16X   a  -0.129   9.832   0.927  g  -0.012   0.002  -0.003[0m
[1;32muart:~$ [m[8D[J[1;32muart:~$ [m[8D[J[00:03:15.005,000] [0m<inf> imu: ICM-42688-P  a  -0.162   9.761   0.294  g  -0.001  -0.005   0.000[0m
[1;32muart:~$ [m[8D[J[00:03:15.106,000] [0m<inf> imu: LSM6DS3TR-C  a  -0.358   9.857   0.537  g   0.021  -0.061   0.013[0m
[1;32muart:~$ [m[8D[J[1;32muart:~$ [m[8D[J[00:03:15.106,000] [0m<inf> imu: LSM6DSV16X   a  -0.126   9.833   0.923  g  -0.012   0.002  -0.003[0m
[1;32muart:~$ [m[8D[J[00:03:15.107,000] [0m<inf> imu: ICM-42688-P  a  -0.163   9.748   0.299  g   0.000  -0.005   0.001[0m
[1;32muart:~$ [m[8D[J[1;32muart:~$ [m[8D[J[00:03:15.208,000] [0m<inf> imu: LSM6DS3TR-C  a  -0.369   9.872   0.542  g   0.022  -0.060   0.014[0m
[1;32muart:~$ [m[8D[J[00:03:15.208,000] [0m<inf> imu: LSM6DSV16X   a  -0.132   9.837   0.914  g  -0.011   0.002  -0.002[0m
[1;32muart:~$ [m[8D[J[1;32muart:~$ [m[8D[J[00:03:15.209,000] [0m<inf> imu: ICM-42688-P  a  -0.152   9.755   0.309  g   0.001  -0.005   0.000[0m
[1;32muart:~$ [m[8D[J[00:03:15.310,000] [0m<inf> imu: LSM6DS3TR-C  a  -0.350   9.844   0.547  g   0.023  -0.060   0.015[0m
[1;32muart:~$ [m[8D[J[00:03:15.311,000] [0m<inf> imu: LSM6DSV16X   a  -0.136   9.837   0.934  g  -0.011   0.002  -0.002[0m
[1;32muart:~$ [m[8D[J[1;32muart:~$ [m[8D[J[00:03:15.312,000] [0m<inf> imu: ICM-42688-P  a  -0.154   9.760   0.326  g   0.000  -0.005   0.001[0m
[1;32muart:~$ [m[8D[J[00:03:15.413,000] [0m<inf> imu: LSM6DS3TR-C  a  -0.344   9.837   0.564  g   0.023  -0.060   0.015[0m
[1;32muart:~$ [m[8D[J[00:03:15.414,000] [0m<inf> imu: LSM6DSV16X   a  -0.135   9.839   0.916  g  -0.011   0.002  -0.003[0m
[1;32muart:~$ [m[8D[J[1;32muart:~$ [m[8D[J[00:03:15.415,000] [0m<inf> imu: ICM-42688-P  a  -0.158   9.773   0.304  g  -0.001  -0.005   0.001[0m
[1;32muart:~$ [m[8D[J[00:03:15.516,000] [0m<inf> imu: LSM6DS3TR-C  a  -0.348   9.850   0.517  g   0.022  -0.059   0.015[0m
[1;32muart:~$ [m[8D[J[1;32muart:~$ [m[8D[J[00:03:15.517,000] [0m<inf> imu: LSM6DSV16X   a  -0.127   9.837   0.916  g  -0.012   0.002  -0.002[0m
[1;32muart:~$ [m[8D[J[00:03:15.517,000] [0m<inf> imu: ICM-42688-P  a  -0.146   9.758   0.306  g  -0.001  -0.005   0.000[0m
[1;32muart:~$ [m[8D[J[00:03:15.618,000] [0m<inf> imu: LSM6DS3TR-C  a  -0.357   9.872   0.546  g   0.020  -0.061   0.015[0m
[1;32muart:~$ [m[8D[J[00:03:15.619,000] [0m<inf> imu: LSM6DSV16X   a  -0.130   9.835   0.916  g  -0.012   0.002  -0.003[0m
[1;32muart:~$ [m[8D[J[1;32muart:~$ [m[8D[J[00:03:15.619,000] [0m<inf> imu: ICM-42688-P  a  -0.156   9.756   0.294  g  -0.001  -0.005   0.000[0m
[1;32muart:~$ [m[8D[J[1;32muart:~$ [m[8D[J[00:03:15.720,000] [0m<inf> imu: LSM6DS3TR-C  a  -0.347   9.829   0.527  g   0.023  -0.060   0.015[0m
[1;32muart:~$ [m[8D[J[00:03:15.721,000] [0m<inf> imu: LSM6DSV16X   a  -0.130   9.829   0.914  g  -0.011   0.001  -0.002[0m
[1;32muart:~$ [m[8D[J[1;32muart:~$ [m[8D[J[00:03:15.722,000] [0m<inf> imu: ICM-42688-P  a  -0.157   9.759   0.314  g  -0.001  -0.005   0.001[0m
[1;32muart:~$ [m[8D[J[00:03:15.823,000] [0m<inf> imu: LSM6DS3TR-C  a  -0.336   9.839   0.545  g   0.022  -0.060   0.015[0m
[1;32muart:~$ [m[8D[J[1;32muart:~$ [m[8D[J[00:03:15.823,000] [0m<inf> imu: LSM6DSV16X   a  -0.127   9.837   0.922  g  -0.011   0.002  -0.002[0m
[1;32muart:~$ [m[8D[J[00:03:15.824,000] [0m<inf> imu: ICM-42688-P  a  -0.154   9.746   0.311  g  -0.000  -0.005   0.000[0m
[1;32muart:~$ [m[8D[J[1;32muart:~$ [m[8D[J[00:03:15.925,000] [0m<inf> imu: LSM6DS3TR-C  a  -0.340   9.872   0.547  g   0.020  -0.063   0.016[0m
[1;32muart:~$ [m[8D[J[00:03:15.926,000] [0m<inf> imu: LSM6DSV16X   a  -0.131   9.835   0.916  g  -0.012   0.002  -0.003[0m
[1;32muart:~$ [m[8D[J[1;32muart:~$ [m[8D[J[00:03:15.926,000] [0m<inf> imu: ICM-42688-P  a  -0.159   9.756   0.298  g  -0.000  -0.006   0.000[0m
[1;32muart:~$ [m[8D[J[00:03:16.027,000] [0m<inf> imu: LSM6DS3TR-C  a  -0.361   9.855   0.537  g   0.021  -0.060   0.013[0m
[1;32muart:~$ [m[8D[J[00:03:16.028,000] [0m<inf> imu: LSM6DSV16X   a  -0.129   9.832   0.909  g  -0.011   0.002  -0.002[0m
[1;32muart:~$ [m[8D[J[1;32muart:~$ [m[8D[J[00:03:16.029,000] [0m<inf> imu: ICM-42688-P  a  -0.172   9.764   0.318  g   0.000  -0.006   0.000[0m
[1;32muart:~$ [m[8D[J[00:03:16.130,000] [0m<inf> imu: LSM6DS3TR-C  a  -0.389   9.852   0.567  g   0.024  -0.061   0.014[0m
[1;32muart:~$ [m[8D[J[1;32muart:~$ [m[8D[J[00:03:16.131,000] [0m<inf> imu: LSM6DSV16X   a  -0.134   9.842   0.917  g  -0.011   0.002  -0.003[0m
[1;32muart:~$ [m[8D[J[00:03:16.132,000] [0m<inf> imu: ICM-42688-P  a  -0.171   9.758   0.324  g   0.000  -0.004   0.000[0m
[1;32muart:~$ [m[8D[J[00:03:16.233,000] [0m<inf> imu: LSM6DS3TR-C  a  -0.350   9.839   0.540  g   0.022  -0.062   0.014[0m
[1;32muart:~$ [m[8D[J[00:03:16.234,000] [0m<inf> imu: LSM6DSV16X   a  -0.126   9.837   0.927  g  -0.012   0.002  -0.003[0m
[1;32muart:~$ [m[8D[J[1;32muart:~$ [m[8D[J[00:03:16.234,000] [0m<inf> imu: ICM-42688-P  a  -0.168   9.767   0.311  g   0.000  -0.006   0.000[0m
[1;32muart:~$ [m[8D[J[00:03:16.336,000] [0m<inf> imu: LSM6DS3TR-C  a  -0.370   9.865   0.540  g   0.021  -0.059   0.014[0m
[1;32muart:~$ [m[8D[J[1;32muart:~$ [m[8D[J[00:03:16.337,000] [0m<inf> imu: LSM6DSV16X   a  -0.129   9.834   0.924  g  -0.011   0.003  -0.003[0m
[1;32muart:~$ [m[8D[J[00:03:16.338,000] [0m<inf> imu: ICM-42688-P  a  -0.169   9.756   0.306  g  -0.000  -0.005   0.000[0m
[1;32muart:~$ [m[8D[J[1;32muart:~$ [m[8D[J[00:03:16.439,000] [0m<inf> imu: LSM6DS3TR-C  a  -0.367   9.861   0.522  g   0.021  -0.061   0.015[0m
[1;32muart:~$ [m[8D[J[00:03:16.440,000] [0m<inf> imu: LSM6DSV16X   a  -0.130   9.833   0.914  g  -0.012   0.002  -0.003[0m
[1;32muart:~$ [m[8D[J[1;32muart:~$ [m[8D[J[00:03:16.440,000] [0m<inf> imu: ICM-42688-P  a  -0.150   9.747   0.305  g   0.000  -0.005   0.000[0m
[1;32muart:~$ [m[8D[J[00:03:16.541,000] [0m<inf> imu: LSM6DS3TR-C  a  -0.383   9.843   0.564  g   0.022  -0.060   0.014[0m
[1;32muart:~$ [m[8D[J[1;32muart:~$ [m[8D[J[00:03:16.542,000] [0m<inf> imu: LSM6DSV16X   a  -0.133   9.849   0.924  g  -0.011   0.002  -0.003[0m
[1;32muart:~$ [m[8D[J[00:03:16.542,000] [0m<inf> imu: ICM-42688-P  a  -0.153   9.778   0.311  g  -0.001  -0.005   0.001[0m
[1;32muart:~$ [m[8D[J[1;32muart:~$ [m[8D[J[00:03:16.644,000] [0m<inf> imu: LSM6DS3TR-C  a  -0.362   9.848   0.556  g   0.024  -0.061   0.013[0m
[1;32muart:~$ [m[8D[J[00:03:16.644,000] [0m<inf> imu: LSM6DSV16X   a  -0.129   9.834   0.926  g  -0.011   0.002  -0.002[0m
[1;32muart:~$ [m[8D[J[1;32muart:~$ [m[8D[J[00:03:16.645,000] [0m<inf> imu: ICM-42688-P  a  -0.158   9.762   0.311  g  -0.000  -0.005   0.000[0m
[1;32muart:~$ [m[8D[J[00:03:16.746,000] [0m<inf> imu: LSM6DS3TR-C  a  -0.359   9.860   0.544  g   0.022  -0.061   0.016[0m
[1;32muart:~$ [m[8D[J[00:03:16.747,000] [0m<inf> imu: LSM6DSV16X   a  -0.136   9.839   0.914  g  -0.012   0.002  -0.003[0m
[1;32muart:~$ [m[8D[J[1;32muart:~$ [m[8D[J[00:03:16.747,000] [0m<inf> imu: ICM-42688-P  a  -0.160   9.752   0.311  g   0.000  -0.006   0.001[0m
[1;32muart:~$ [m[8D[J[00:03:16.849,000] [0m<inf> imu: LSM6DS3TR-C  a  -0.348   9.833   0.529  g   0.021  -0.061   0.016[0m
[1;32muart:~$ [m[8D[J[1;32muart:~$ [m[8D[J[00:03:16.849,000] [0m<inf> imu: LSM6DSV16X   a  -0.136   9.839   0.928  g  -0.011   0.002  -0.003[0m
[1;32muart:~$ [m[8D[J[00:03:16.850,000] [0m<inf> imu: ICM-42688-P  a  -0.154   9.759   0.299  g   0.000  -0.005   0.000[0m
[1;32muart:~$ [m[8D[J[00:03:16.951,000] [0m<inf> imu: LSM6DS3TR-C  a  -0.331   9.855   0.508  g   0.023  -0.060   0.013[0m
[1;32muart:~$ [m[8D[J[1;32muart:~$ [m[8D[J[00:03:16.952,000] [0m<inf> imu: LSM6DSV16X   a  -0.132   9.839   0.926  g  -0.011   0.002  -0.003[0m
[1;32muart:~$ [m[8D[J[00:03:16.952,000] [0m<inf> imu: ICM-42688-P  a  -0.168   9.754   0.312  g   0.000  -0.006   0.000[0m
[1;32muart:~$ [m[8D[J[00:03:17.054,000] [0m<inf> imu: LSM6DS3TR-C  a  -0.357   9.807   0.578  g   0.022  -0.062   0.014[0m
[1;32muart:~$ [m[8D[J[00:03:17.054,000] [0m<inf> imu: LSM6DSV16X   a  -0.126   9.832   0.922  g  -0.012   0.002  -0.003[0m
[1;32muart:~$ [m[8D[J[1;32muart:~$ [m[8D[J[00:03:17.055,000] [0m<inf> imu: ICM-42688-P  a  -0.157   9.761   0.310  g   0.000  -0.005   0.000[0m
[1;32muart:~$ [m[8D[J[1;32muart:~$ [m[8D[J[00:03:17.156,000] [0m<inf> imu: LSM6DS3TR-C  a  -0.348   9.848   0.561  g   0.024  -0.060   0.014[0m
[1;32muart:~$ [m[8D[J[00:03:17.157,000] [0m<inf> imu: LSM6DSV16X   a  -0.132   9.833   0.930  g  -0.010   0.003  -0.003[0m
[1;32muart:~$ [m[8D[J[1;32muart:~$ [m[8D[J[00:03:17.157,000] [0m<inf> imu: ICM-42688-P  a  -0.154   9.770   0.310  g   0.000  -0.004   0.000[0m
[1;32muart:~$ [m[8D[J[00:03:17.258,000] [0m<inf> imu: LSM6DS3TR-C  a  -0.405   9.849   0.557  g   0.024  -0.058   0.015[0m
[1;32muart:~$ [m[8D[J[1;32muart:~$ [m[8D[J[00:03:17.259,000] [0m<inf> imu: LSM6DSV16X   a  -0.139   9.828   0.936  g  -0.011   0.002  -0.003[0m
[1;32muart:~$ [m[8D[J[00:03:17.260,000] [0m<inf> imu: ICM-42688-P  a  -0.163   9.773   0.286  g   0.001  -0.005   0.000[0m
[1;32muart:~$ [m[8D[J[1;32muart:~$ [m[8D[J[00:03:17.361,000] [0m<inf> imu: LSM6DS3TR-C  a  -0.340   9.869   0.534  g   0.022  -0.059   0.016[0m
[1;32muart:~$ [m[8D[J[00:03:17.361,000] [0m<inf> imu: LSM6DSV16X   a  -0.124   9.837   0.924  g  -0.012   0.002  -0.002[0m
[1;32muart:~$ [m[8D[J[1;32muart:~$ [m[8D[J[00:03:17.362,000] [0m<inf> imu: ICM-42688-P  a  -0.165   9.758   0.298  g   0.000  -0.005   0.001[0m
[1;32muart:~$ [m[8D[J[00:03:17.463,000] [0m<inf> imu: LSM6DS3TR-C  a  -0.369   9.858   0.532  g   0.024  -0.061   0.017[0m
[1;32muart:~$ [m[8D[J[00:03:17.464,000] [0m<inf> imu: LSM6DSV16X   a  -0.127   9.837   0.919  g  -0.011   0.003  -0.003[0m
[1;32muart:~$ [m[8D[J[1;32muart:~$ [m[8D[J[00:03:17.464,000] [0m<inf> imu: ICM-42688-P  a  -0.168   9.760   0.324  g  -0.001  -0.005   0.000[0m
[1;32muart:~$ [m[8D[J[00:03:17.565,000] [0m<inf> imu: LSM6DS3TR-C  a  -0.357   9.848   0.528  g   0.022  -0.061   0.014[0m
[1;32muart:~$ [m[8D[J[1;32muart:~$ [m[8D[J[00:03:17.567,000] [0m<inf> imu: LSM6DSV16X   a  -0.132   9.842   0.926  g  -0.012   0.002  -0.003[0m
[1;32muart:~$ [m[8D[J[00:03:17.568,000] [0m<inf> imu: ICM-42688-P  a  -0.163   9.752   0.318  g  -0.001  -0.005   0.001[0m
[1;32muart:~$ [m[8D[J[00:03:17.669,000] [0m<inf> imu: LSM6DS3TR-C  a  -0.364   9.835   0.542  g   0.021  -0.062   0.014[0m
[1;32muart:~$ [m[8D[J[1;32muart:~$ [m[8D[J[00:03:17.669,000] [0m<inf> imu: LSM6DSV16X   a  -0.127   9.837   0.924  g  -0.012   0.002  -0.003[0m
[1;32muart:~$ [m[8D[J[00:03:17.670,000] [0m<inf> imu: ICM-42688-P  a  -0.147   9.752   0.312  g   0.000  -0.005   0.001[0m
[1;32muart:~$ [m[8D[J[00:03:17.771,000] [0m<inf> imu: LSM6DS3TR-C  a  -0.334   9.846   0.532  g   0.021  -0.060   0.014[0m
[1;32muart:~$ [m[8D[J[00:03:17.772,000] [0m<inf> imu: LSM6DSV16X   a  -0.129   9.837   0.926  g  -0.012   0.003  -0.003[0m
[1;32muart:~$ [m[8D[J[1;32muart:~$ [m[8D[J[00:03:17.772,000] [0m<inf> imu: ICM-42688-P  a  -0.153   9.768   0.311  g   0.001  -0.005   0.001[0m
[1;32muart:~$ [m[8D[J[1;32muart:~$ [m[8D[J[00:03:17.873,000] [0m<inf> imu: LSM6DS3TR-C  a  -0.349   9.830   0.538  g   0.023  -0.060   0.017[0m
[1;32muart:~$ [m[8D[J[00:03:17.874,000] [0m<inf> imu: LSM6DSV16X   a  -0.131   9.842   0.929  g  -0.011   0.001  -0.003[0m
[1;32muart:~$ [m[8D[J[1;32muart:~$ [m[8D[J[00:03:17.875,000] [0m<inf> imu: ICM-42688-P  a  -0.157   9.760   0.311  g   0.001  -0.005   0.001[0m
[1;32muart:~$ [m[8D[J[00:03:17.976,000] [0m<inf> imu: LSM6DS3TR-C  a  -0.353   9.839   0.555  g   0.023  -0.060   0.015[0m
[1;32muart:~$ [m[8D[J[1;32muart:~$ [m[8D[J[00:03:17.976,000] [0m<inf> imu: LSM6DSV16X   a  -0.139   9.841   0.933  g  -0.011   0.002  -0.003[0m
[1;32muart:~$ [m[8D[J[00:03:17.977,000] [0m<inf> imu: ICM-42688-P  a  -0.171   9.754   0.312  g  -0.001  -0.005   0.000[0m
[1;32muart:~$ [m[8D[J[1;32muart:~$ [m[8D[J[00:03:18.078,000] [0m<inf> imu: LSM6DS3TR-C  a  -0.364   9.834   0.522  g   0.023  -0.060   0.016[0m
[1;32muart:~$ [m[8D[J[00:03:18.079,000] [0m<inf> imu: LSM6DSV16X   a  -0.132   9.839   0.930  g  -0.012   0.002  -0.002[0m
[1;32muart:~$ [m[8D[J[1;32muart:~$ [m[8D[J[00:03:18.079,000] [0m<inf> imu: ICM-42688-P  a  -0.171   9.754   0.306  g  -0.001  -0.005   0.001[0m
[1;32muart:~$ [m[8D[J[00:03:18.180,000] [0m<inf> imu: LSM6DS3TR-C  a  -0.364   9.840   0.532  g   0.024  -0.061   0.014[0m
[1;32muart:~$ [m[8D[J[00:03:18.181,000] [0m<inf> imu: LSM6DSV16X   a  -0.124   9.842   0.926  g  -0.011   0.002  -0.003[0m
[1;32muart:~$ [m[8D[J[1;32muart:~$ [m[8D[J[00:03:18.181,000] [0m<inf> imu: ICM-42688-P  a  -0.163   9.755   0.311  g  -0.000  -0.006   0.000[0m
[1;32muart:~$ [m[8D[J[00:03:18.282,000] [0m<inf> imu: LSM6DS3TR-C  a  -0.333   9.835   0.525  g   0.024  -0.063   0.013[0m
[1;32muart:~$ [m[8D[J[00:03:18.284,000] [0m<inf> imu: LSM6DSV16X   a  -0.131   9.835   0.918  g  -0.012   0.002  -0.002[0m
[1;32muart:~$ [m[8D[J[1;32muart:~$ [m[8D[J[00:03:18.285,000] [0m<inf> imu: ICM-42688-P  a  -0.150   9.765   0.323  g   0.000  -0.006   0.000[0m
[1;32muart:~$ [m[8D[J[00:03:18.386,000] [0m<inf> imu: LSM6DS3TR-C  a  -0.354   9.845   0.558  g   0.022  -0.062   0.016[0m
[1;32muart:~$ [m[8D[J[1;32muart:~$ [m[8D[J[00:03:18.387,000] [0m<inf> imu: LSM6DSV16X   a  -0.143   9.837   0.916  g  -0.012   0.002  -0.002[0m
[1;32muart:~$ [m[8D[J[00:03:18.387,000] [0m<inf> imu: ICM-42688-P  a  -0.169   9.767   0.312  g   0.000  -0.005  -0.000[0m
[1;32muart:~$ [m[8D[J[1;32muart:~$ [m[8D[J[00:03:18.489,000] [0m<inf> imu: LSM6DS3TR-C  a  -0.351   9.833   0.557  g   0.021  -0.061   0.013[0m
[1;32muart:~$ [m[8D[J[00:03:18.490,000] [0m<inf> imu: LSM6DSV16X   a  -0.135   9.842   0.929  g  -0.011   0.002  -0.003[0m
[1;32muart:~$ [m[8D[J[1;32muart:~$ [m[8D[J[00:03:18.491,000] [0m<inf> imu: ICM-42688-P  a  -0.151   9.758   0.320  g   0.000  -0.005   0.000[0m
[1;32muart:~$ [m[8D[J[00:03:18.592,000] [0m<inf> imu: LSM6DS3TR-C  a  -0.357   9.868   0.579  g   0.022  -0.060   0.016[0m
[1;32muart:~$ [m[8D[J[1;32muart:~$ [m[8D[J[00:03:18.593,000] [0m<inf> imu: LSM6DSV16X   a  -0.136   9.835   0.925  g  -0.011   0.002  -0.003[0m
[1;32muart:~$ [m[8D[J[00:03:18.593,000] [0m<inf> imu: ICM-42688-P  a  -0.166   9.765   0.304  g   0.000  -0.005   0.001[0m
[1;32muart:~$ [m[8D[J[1;32muart:~$ [m[8D[J[00:03:18.694,000] [0m<inf> imu: LSM6DS3TR-C  a  -0.342   9.851   0.529  g   0.023  -0.061   0.013[0m
[1;32muart:~$ [m[8D[J[00:03:18.695,000] [0m<inf> imu: LSM6DSV16X   a  -0.122   9.835   0.912  g  -0.010   0.002  -0.002[0m
[1;32muart:~$ [m[8D[J[1;32muart:~$ [m[8D[J[00:03:18.696,000] [0m<inf> imu: ICM-42688-P  a  -0.157   9.759   0.299  g   0.000  -0.005   0.001[0m
[1;32muart:~$ [m[8D[J[00:03:18.797,000] [0m<inf> imu: LSM6DS3TR-C  a  -0.395   9.838   0.550  g   0.022  -0.060   0.015[0m
[1;32muart:~$ [m[8D[J[00:03:18.797,000] [0m<inf> imu: LSM6DSV16X   a  -0.136   9.835   0.924  g  -0.010   0.002  -0.002[0m
[1;32muart:~$ [m[8D[J[1;32muart:~$ [m[8D[J[00:03:18.798,000] [0m<inf> imu: ICM-42688-P  a  -0.169   9.760   0.309  g   0.001  -0.005   0.001[0m
[1;32muart:~$ [m[8D[J[00:03:18.900,000] [0m<inf> imu: LSM6DS3TR-C  a  -0.360   9.866   0.519  g   0.022  -0.061   0.015[0m
[1;32muart:~$ [m[8D[J[1;32muart:~$ [m[8D[J[00:03:18.901,000] [0m<inf> imu: LSM6DSV16X   a  -0.127   9.835   0.921  g  -0.012   0.002  -0.003[0m
[1;32muart:~$ [m[8D[J[00:03:18.901,000] [0m<inf> imu: ICM-42688-P  a  -0.145   9.760   0.329  g  -0.000  -0.005   0.001[0m
[1;32muart:~$ [m[8D[J[00:03:19.002,000] [0m<inf> imu: LSM6DS3TR-C  a  -0.340   9.845   0.553  g   0.023  -0.062   0.013[0m
[1;32muart:~$ [m[8D[J[1;32muart:~$ [m[8D[J[00:03:19.003,000] [0m<inf> imu: LSM6DSV16X   a  -0.136   9.837   0.930  g  -0.011   0.002  -0.003[0m
[1;32muart:~$ [m[8D[J[00:03:19.003,000] [0m<inf> imu: ICM-42688-P  a  -0.169   9.750   0.310  g  -0.001  -0.004   0.000[0m
[1;32muart:~$ [m[8D[J[00:03:19.104,000] [0m<inf> imu: LSM6DS3TR-C  a  -0.350   9.874   0.556  g   0.023  -0.060   0.015[0m
[1;32muart:~$ [m[8D[J[00:03:19.105,000] [0m<inf> imu: LSM6DSV16X   a  -0.132   9.839   0.928  g  -0.011   0.002  -0.003[0m
[1;32muart:~$ [m[8D[J[1;32muart:~$ [m[8D[J[00:03:19.106,000] [0m<inf> imu: ICM-42688-P  a  -0.164   9.762   0.300  g   0.000  -0.006   0.001[0m
[1;32muart:~$ [m[8D[J[1;32muart:~$ [m[8D[J[00:03:19.207,000] [0m<inf> imu: LSM6DS3TR-C  a  -0.359   9.871   0.533  g   0.023  -0.060   0.016[0m
[1;32muart:~$ [m[8D[J[00:03:19.207,000] [0m<inf> imu: LSM6DSV16X   a  -0.127   9.835   0.917  g  -0.011   0.002  -0.003[0m
[1;32muart:~$ [m[8D[J[1;32muart:~$ [m[8D[J[00:03:19.208,000] [0m<inf> imu: ICM-42688-P  a  -0.154   9.758   0.320  g   0.000  -0.005   0.000[0m
[1;32muart:~$ [m[8D[J[00:03:19.309,000] [0m<inf> imu: LSM6DS3TR-C  a  -0.377   9.845   0.523  g   0.022  -0.062   0.013[0m
[1;32muart:~$ [m[8D[J[1;32muart:~$ [m[8D[J[00:03:19.310,000] [0m<inf> imu: LSM6DSV16X   a  -0.132   9.837   0.937  g  -0.011   0.003  -0.003[0m
[1;32muart:~$ [m[8D[J[00:03:19.310,000] [0m<inf> imu: ICM-42688-P  a  -0.162   9.760   0.315  g  -0.000  -0.005   0.000[0m
[1;32muart:~$ [m[8D[J[1;32muart:~$ [m[8D[J[00:03:19.411,000] [0m<inf> imu: LSM6DS3TR-C  a  -0.376   9.872   0.589  g   0.024  -0.059   0.014[0m
[1;32muart:~$ [m[8D[J[00:03:19.412,000] [0m<inf> imu: LSM6DSV16X   a  -0.134   9.846   0.937  g  -0.011   0.002  -0.003[0m
[1;32muart:~$ [m[8D[J[1;32muart:~$ [m[8D[J[00:03:19.413,000] [0m<inf> imu: ICM-42688-P  a  -0.151   9.761   0.309  g   0.000  -0.005   0.000[0m
[1;32muart:~$ [m[8D[J[00:03:19.514,000] [0m<inf> imu: LSM6DS3TR-C  a  -0.328   9.872   0.560  g   0.022  -0.061   0.013[0m
[1;32muart:~$ [m[8D[J[00:03:19.514,000] [0m<inf> imu: LSM6DSV16X   a  -0.144   9.835   0.928  g  -0.011   0.002  -0.003[0m
[1;32muart:~$ [m[8D[J[1;32muart:~$ [m[8D[J[00:03:19.515,000] [0m<inf> imu: ICM-42688-P  a  -0.176   9.743   0.302  g  -0.001  -0.005   0.001[0m
[1;32muart:~$ [m[8D[J[00:03:19.616,000] [0m<inf> imu: LSM6DS3TR-C  a  -0.313   9.860   0.540  g   0.023  -0.062   0.014[0m
[1;32muart:~$ [m[8D[J[1;32muart:~$ [m[8D[J[00:03:19.617,000] [0m<inf> imu: LSM6DSV16X   a  -0.134   9.839   0.925  g  -0.012   0.002  -0.002[0m
[1;32muart:~$ [m[8D[J[00:03:19.618,000] [0m<inf> imu: ICM-42688-P  a  -0.153   9.756   0.303  g  -0.001  -0.005   0.000[0m
[1;32muart:~$ [m[8D[J[00:03:19.719,000] [0m<inf> imu: LSM6DS3TR-C  a  -0.350   9.866   0.547  g   0.023  -0.061   0.016[0m
[1;32muart:~$ [m[8D[J[1;32muart:~$ [m[8D[J[00:03:19.720,000] [0m<inf> imu: LSM6DSV16X   a  -0.139   9.830   0.923  g  -0.010   0.002  -0.003[0m
[1;32muart:~$ [m[8D[J[00:03:19.720,000] [0m<inf> imu: ICM-42688-P  a  -0.166   9.765   0.309  g   0.001  -0.005   0.001[0m
[1;32muart:~$ [m[8D[J[00:03:19.822,000] [0m<inf> imu: LSM6DS3TR-C  a  -0.386   9.843   0.582  g   0.021  -0.060   0.012[0m
[1;32muart:~$ [m[8D[J[00:03:19.822,000] [0m<inf> imu: LSM6DSV16X   a  -0.130   9.836   0.921  g  -0.011   0.002  -0.003[0m
[1;32muart:~$ [m[8D[J[1;32muart:~$ [m[8D[J[00:03:19.823,000] [0m<inf> imu: ICM-42688-P  a  -0.164   9.752   0.314  g   0.000  -0.005  -0.001[0m
[1;32muart:~$ [m[8D[J[1;32muart:~$ [m[8D[J[00:03:19.924,000] [0m<inf> imu: LSM6DS3TR-C  a  -0.342   9.826   0.587  g   0.023  -0.062   0.014[0m
[1;32muart:~$ [m[8D[J[00:03:19.925,000] [0m<inf> imu: LSM6DSV16X   a  -0.130   9.841   0.909  g  -0.011   0.002  -0.003[0m
[1;32muart:~$ [m[8D[J[1;32muart:~$ [m[8D[J[00:03:19.925,000] [0m<inf> imu: ICM-42688-P  a  -0.148   9.756   0.308  g   0.000  -0.005   0.000[0m
[1;32muart:~$ [m[8D[J[00:03:20.026,000] [0m<inf> imu: LSM6DS3TR-C  a  -0.354   9.857   0.549  g   0.023  -0.060   0.014[0m
[1;32muart:~$ [m[8D[J[00:03:20.027,000] [0m<inf> imu: LSM6DSV16X   a  -0.135   9.839   0.916  g  -0.011   0.001  -0.003[0m
[1;32muart:~$ [m[8D[J[00:03:20.027,000] [0m<inf> imu: ICM-42688-P  a  -0.163   9.760   0.324  g   0.000  -0.005   0.000[0m
[1;32muart:~$ [m[8D[J[1;32muart:~$ [m[8D[J[00:03:20.128,000] [0m<inf> imu: LSM6DS3TR-C  a  -0.369   9.849   0.562  g   0.024  -0.060   0.013[0m
[1;32muart:~$ [m[8D[J[00:03:20.129,000] [0m<inf> imu: LSM6DSV16X   a  -0.129   9.828   0.933  g  -0.011   0.001  -0.003[0m
[1;32muart:~$ [m[8D[J[1;32muart:~$ [m[8D[J[00:03:20.130,000] [0m<inf> imu: ICM-42688-P  a  -0.159   9.759   0.314  g   0.000  -0.005   0.000[0m
[1;32muart:~$ [m[8D[J[00:03:20.231,000] [0m<inf> imu: LSM6DS3TR-C  a  -0.342   9.805   0.536  g   0.021  -0.061   0.015[0m
[1;32muart:~$ [m[8D[J[1;32muart:~$ [m[8D[J[00:03:20.231,000] [0m<inf> imu: LSM6DSV16X   a  -0.126   9.832   0.926  g  -0.012   0.002  -0.002[0m
[1;32muart:~$ [m[8D[J[00:03:20.232,000] [0m<inf> imu: ICM-42688-P  a  -0.159   9.759   0.327  g   0.001  -0.004   0.001[0m
[1;32muart:~$ [m[8D[J[00:03:20.334,000] [0m<inf> imu: LSM6DS3TR-C  a  -0.368   9.839   0.565  g   0.023  -0.060   0.015[0m
[1;32muart:~$ [m[8D[J[00:03:20.334,000] [0m<inf> imu: LSM6DSV16X   a  -0.138   9.832   0.926  g  -0.011   0.002  -0.003[0m
[1;32muart:~$ [m[8D[J[00:03:20.335,000] [0m<inf> imu: ICM-42688-P  a  -0.166   9.756   0.305  g  -0.000  -0.005   0.001[0m
[1;32muart:~$ [m[8D[J[1;32muart:~$ [m[8D[J[00:03:20.436,000] [0m<inf> imu: LSM6DS3TR-C  a  -0.366   9.927   0.568  g   0.025  -0.063   0.016[0m
[1;32muart:~$ [m[8D[J[00:03:20.437,000] [0m<inf> imu: LSM6DSV16X   a  -0.129   9.899   0.943  g  -0.010   0.001  -0.002[0m
[1;32muart:~$ [m[8D[J[1;32muart:~$ [m[8D[J[00:03:20.437,000] [0m<inf> imu: ICM-42688-P  a  -0.162   9.821   0.347  g   0.001  -0.005   0.001[0m
[1;32muart:~$ [m[8D[J[00:03:20.539,000] [0m<inf> imu: LSM6DS3TR-C  a  -0.355   9.766   0.513  g   0.026  -0.062   0.016[0m
[1;32muart:~$ [m[8D[J[1;32muart:~$ [m[8D[J[00:03:20.539,000] [0m<inf> imu: LSM6DSV16X   a  -0.129   9.801   0.912  g  -0.009   0.002  -0.001[0m
[1;32muart:~$ [m[8D[J[00:03:20.540,000] [0m<inf> imu: ICM-42688-P  a  -0.162   9.758   0.298  g   0.003  -0.005   0.002[0m
[1;32muart:~$ [m[8D[J[1;32muart:~$ [m[8D[J[00:03:20.641,000] [0m<inf> imu: LSM6DS3TR-C  a  -0.374   9.910   0.537  g   0.022  -0.061   0.015[0m
[1;32muart:~$ [m[8D[J[00:03:20.642,000] [0m<inf> imu: LSM6DSV16X   a  -0.127   9.858   0.924  g  -0.012   0.003  -0.003[0m
[1;32muart:~$ [m[8D[J[1;32muart:~$ [m[8D[J[00:03:20.642,000] [0m<inf> imu: ICM-42688-P  a  -0.159   9.787   0.318  g  -0.001  -0.005   0.000[0m
[1;32muart:~$ [m[8D[J[00:03:20.743,000] [0m<inf> imu: LSM6DS3TR-C  a  -0.377   9.810   0.547  g   0.023  -0.061   0.016[0m
[1;32muart:~$ [m[8D[J[1;32muart:~$ [m[8D[J[00:03:20.744,000] [0m<inf> imu: LSM6DSV16X   a  -0.124   9.806   0.914  g  -0.011   0.002  -0.002[0m
[1;32muart:~$ [m[8D[J[00:03:20.744,000] [0m<inf> imu: ICM-42688-P  a  -0.158   9.743   0.304  g   0.000  -0.005   0.000[0m
[1;32muart:~$ [m[8D[J[1;32muart:~$ [m[8D[J[00:03:20.845,000] [0m<inf> imu: LSM6DS3TR-C  a  -0.363   9.851   0.540  g   0.022  -0.061   0.015[0m
[1;32muart:~$ [m[8D[J[00:03:20.846,000] [0m<inf> imu: LSM6DSV16X   a  -0.127   9.873   0.928  g  -0.012   0.002  -0.003[0m
[1;32muart:~$ [m[8D[J[1;32muart:~$ [m[8D[J[00:03:20.847,000] [0m<inf> imu: ICM-42688-P  a  -0.158   9.786   0.317  g  -0.001  -0.005  -0.000[0m
[1;32muart:~$ [m[8D[J[00:03:20.948,000] [0m<inf> imu: LSM6DS3TR-C  a  -0.333   9.820   0.553  g   0.023  -0.062   0.015[0m
[1;32muart:~$ [m[8D[J[00:03:20.948,000] [0m<inf> imu: LSM6DSV16X   a  -0.124   9.808   0.922  g  -0.010   0.002  -0.003[0m
[1;32muart:~$ [m[8D[J[1;32muart:~$ [m[8D[J[00:03:20.949,000] [0m<inf> imu: ICM-42688-P  a  -0.159   9.735   0.308  g   0.000  -0.005   0.001[0m
[1;32muart:~$ [m[8D[J[00:03:21.051,000] [0m<inf> imu: LSM6DS3TR-C  a  -0.373   9.867   0.562  g   0.021  -0.059   0.013[0m
[1;32muart:~$ [m[8D[J[1;32muart:~$ [m[8D[J[00:03:21.052,000] [0m<inf> imu: LSM6DSV16X   a  -0.133   9.866   0.922  g  -0.013   0.003  -0.003[0m
[1;32muart:~$ [m[8D[J[00:03:21.052,000] [0m<inf> imu: ICM-42688-P  a  -0.168   9.774   0.305  g  -0.001  -0.005  -0.001[0m
[1;32muart:~$ [m[8D[J[00:03:21.153,000] [0m<inf> imu: LSM6DS3TR-C  a  -0.343   9.797   0.589  g   0.025  -0.061   0.016[0m
[1;32muart:~$ [m[8D[J[1;32muart:~$ [m[8D[J[00:03:21.154,000] [0m<inf> imu: LSM6DSV16X   a  -0.130   9.823   0.927  g  -0.011   0.002  -0.003[0m
[1;32muart:~$ [m[8D[J[00:03:21.155,000] [0m<inf> imu: ICM-42688-P  a  -0.159   9.747   0.316  g   0.001  -0.006   0.001[0m
[1;32muart:~$ [m[8D[J[1;32muart:~$ [m[8D[J[00:03:21.256,000] [0m<inf> imu: LSM6DS3TR-C  a  -0.353   9.848   0.551  g   0.020  -0.061   0.015[0m
[1;32muart:~$ [m[8D[J[00:03:21.257,000] [0m<inf> imu: LSM6DSV16X   a  -0.130   9.858   0.933  g  -0.012   0.002  -0.004[0m
[1;32muart:~$ [m[8D[J[1;32muart:~$ [m[8D[J[00:03:21.258,000] [0m<inf> imu: ICM-42688-P  a  -0.159   9.754   0.316  g  -0.002  -0.006   0.000[0m
[1;32muart:~$ [m[8D[J[00:03:21.359,000] [0m<inf> imu: LSM6DS3TR-C  a  -0.321   9.848   0.527  g   0.019  -0.061   0.013[0m
[1;32muart:~$ [m[8D[J[1;32muart:~$ [m[8D[J[00:03:21.359,000] [0m<inf> imu: LSM6DSV16X   a  -0.132   9.840   0.909  g  -0.014   0.002  -0.004[0m
[1;32muart:~$ [m[8D[J[00:03:21.360,000] [0m<inf> imu: ICM-42688-P  a  -0.153   9.760   0.296  g  -0.002  -0.004  -0.002[0m
[1;32muart:~$ [m[8D[J[1;32muart:~$ [m[8D[J[00:03:21.461,000] [0m<inf> imu: LSM6DS3TR-C  a  -0.373   9.854   0.543  g   0.023  -0.061   0.015[0m
[1;32muart:~$ [m[8D[J[00:03:21.462,000] [0m<inf> imu: LSM6DSV16X   a  -0.129   9.851   0.933  g  -0.011   0.002  -0.003[0m
[1;32muart:~$ [m[8D[J[1;32muart:~$ [m[8D[J[00:03:21.462,000] [0m<inf> imu: ICM-42688-P  a  -0.171   9.778   0.324  g  -0.000  -0.005  -0.000[0m
[1;32muart:~$ [m[8D[J[00:03:21.563,000] [0m<inf> imu: LSM6DS3TR-C  a  -0.333   9.845   0.526  g   0.022  -0.060   0.014[0m
[1;32muart:~$ [m[8D[J[00:03:21.564,000] [0m<inf> imu: LSM6DSV16X   a  -0.124   9.828   0.928  g  -0.013   0.002  -0.003[0m
[1;32muart:~$ [m[8D[J[1;32muart:~$ [m[8D[J[00:03:21.564,000] [0m<inf> imu: ICM-42688-P  a  -0.153   9.749   0.320  g   0.000  -0.005  -0.000[0m
[1;32muart:~$ [m[8D[J[00:03:21.666,000] [0m<inf> imu: LSM6DS3TR-C  a  -0.374   9.836   0.530  g   0.022  -0.061   0.013[0m
[1;32muart:~$ [m[8D[J[00:03:21.667,000] [0m<inf> imu: LSM6DSV16X   a  -0.133   9.839   0.928  g  -0.013   0.002  -0.003[0m
[1;32muart:~$ [m[8D[J[1;32muart:~$ [m[8D[J[00:03:21.668,000] [0m<inf> imu: ICM-42688-P  a  -0.166   9.766   0.320  g  -0.001  -0.005   0.000[0m
[1;32muart:~$ [m[8D[J[00:03:21.769,000] [0m<inf> imu: LSM6DS3TR-C  a  -0.347   9.838   0.555  g   0.023  -0.062   0.014[0m
[1;32muart:~$ [m[8D[J[1;32muart:~$ [m[8D[J[00:03:21.770,000] [0m<inf> imu: LSM6DSV16X   a  -0.130   9.827   0.924  g  -0.011   0.002  -0.002[0m
[1;32muart:~$ [m[8D[J[00:03:21.770,000] [0m<inf> imu: ICM-42688-P  a  -0.159   9.747   0.324  g   0.000  -0.005   0.001[0m
[1;32muart:~$ [m[8D[J[1;32muart:~$ [m[8D[J[00:03:21.871,000] [0m<inf> imu: LSM6DS3TR-C  a  -0.350   9.851   0.582  g   0.022  -0.060   0.014[0m
[1;32muart:~$ [m[8D[J[00:03:21.872,000] [0m<inf> imu: LSM6DSV16X   a  -0.131   9.832   0.936  g  -0.012   0.002  -0.003[0m
[1;32muart:~$ [m[8D[J[1;32muart:~$ [m[8D[J[00:03:21.873,000] [0m<inf> imu: ICM-42688-P  a  -0.166   9.754   0.330  g   0.000  -0.005   0.000[0m
[1;32muart:~$ [m[8D[J[00:03:21.974,000] [0m<inf> imu: LSM6DS3TR-C  a  -0.355   9.869   0.566  g   0.021  -0.062   0.014[0m
[1;32muart:~$ [m[8D[J[1;32muart:~$ [m[8D[J[00:03:21.975,000] [0m<inf> imu: LSM6DSV16X   a  -0.129   9.837   0.927  g  -0.012   0.002  -0.003[0m
[1;32muart:~$ [m[8D[J[00:03:21.976,000] [0m<inf> imu: ICM-42688-P  a  -0.154   9.758   0.326  g  -0.000  -0.006   0.000[0m
[1;32muart:~$ [m[8D[J[1;32muart:~$ [m[8D[J[00:03:22.077,000] [0m<inf> imu: LSM6DS3TR-C  a  -0.347   9.852   0.525  g   0.021  -0.061   0.016[0m
[1;32muart:~$ [m[8D[J[00:03:22.077,000] [0m<inf> imu: LSM6DSV16X   a  -0.131   9.827   0.926  g  -0.011   0.002  -0.002[0m
[1;32muart:~$ [m[8D[J[1;32muart:~$ [m[8D[J[00:03:22.078,000] [0m<inf> imu: ICM-42688-P  a  -0.159   9.748   0.311  g   0.001  -0.005   0.000[0m
[1;32muart:~$ [m[8D[J[00:03:22.179,000] [0m<inf> imu: LSM6DS3TR-C  a  -0.361   9.882   0.562  g   0.023  -0.060   0.014[0m
[1;32muart:~$ [m[8D[J[00:03:22.180,000] [0m<inf> imu: LSM6DSV16X   a  -0.134   9.830   0.919  g  -0.011   0.002  -0.003[0m
[1;32muart:~$ [m[8D[J[1;32muart:~$ [m[8D[J[00:03:22.180,000] [0m<inf> imu: ICM-42688-P  a  -0.166   9.747   0.303  g  -0.000  -0.005   0.000[0m
[1;32muart:~$ [m[8D[J[00:03:22.282,000] [0m<inf> imu: LSM6DS3TR-C  a  -0.344   9.816   0.558  g   0.021  -0.061   0.016[0m
[1;32muart:~$ [m[8D[J[00:03:22.283,000] [0m<inf> imu: LSM6DSV16X   a  -0.125   9.842   0.924  g  -0.012   0.003  -0.003[0m
[1;32muart:~$ [m[8D[J[1;32muart:~$ [m[8D[J[00:03:22.284,000] [0m<inf> imu: ICM-42688-P  a  -0.154   9.767   0.326  g   0.000  -0.005   0.000[0m
[1;32muart:~$ [m[8D[J[00:03:22.385,000] [0m<inf> imu: LSM6DS3TR-C  a  -0.340   9.828   0.567  g   0.022  -0.060   0.014[0m
[1;32muart:~$ [m[8D[J[1;32muart:~$ [m[8D[J[00:03:22.386,000] [0m<inf> imu: LSM6DSV16X   a  -0.130   9.837   0.922  g  -0.012   0.002  -0.003[0m
[1;32muart:~$ [m[8D[J[00:03:22.387,000] [0m<inf> imu: ICM-42688-P  a  -0.170   9.756   0.312  g  -0.000  -0.005   0.000[0m
[1;32muart:~$ [m[8D[J[1;32muart:~$ [m[8D[J[00:03:22.489,000] [0m<inf> imu: LSM6DS3TR-C  a  -0.354   9.832   0.524  g   0.025  -0.060   0.015[0m
[1;32muart:~$ [m[8D[J[00:03:22.490,000] [0m<inf> imu: LSM6DSV16X   a  -0.124   9.837   0.928  g  -0.012   0.002  -0.002[0m
[1;32muart:~$ [m[8D[J[1;32muart:~$ [m[8D[J[00:03:22.490,000] [0m<inf> imu: ICM-42688-P  a  -0.154   9.759   0.308  g  -0.000  -0.005   0.000[0m
[1;32muart:~$ [m[8D[J[00:03:22.592,000] [0m<inf> imu: LSM6DS3TR-C  a  -0.382   9.829   0.543  g   0.021  -0.060   0.016[0m
[1;32muart:~$ [m[8D[J[1;32muart:~$ [m[8D[J[00:03:22.592,000] [0m<inf> imu: LSM6DSV16X   a  -0.131   9.834   0.928  g  -0.012   0.002  -0.003[0m
[1;32muart:~$ [m[8D[J[00:03:22.593,000] [0m<inf> imu: ICM-42688-P  a  -0.150   9.746   0.316  g  -0.001  -0.006   0.000[0m
[1;32muart:~$ [m[8D[J[1;32muart:~$ [m[8D[J[00:03:22.694,000] [0m<inf> imu: LSM6DS3TR-C  a  -0.315   9.860   0.581  g   0.024  -0.061   0.014[0m
[1;32muart:~$ [m[8D[J[00:03:22.695,000] [0m<inf> imu: LSM6DSV16X   a  -0.133   9.851   0.921  g  -0.012   0.002  -0.002[0m
[1;32muart:~$ [m[8D[J[1;32muart:~$ [m[8D[J[00:03:22.695,000] [0m<inf> imu: ICM-42688-P  a  -0.150   9.774   0.320  g   0.000  -0.005   0.001[0m
[1;32muart:~$ [m[8D[J[00:03:22.796,000] [0m<inf> imu: LSM6DS3TR-C  a  -0.376   9.832   0.525  g   0.023  -0.062   0.013[0m
[1;32muart:~$ [m[8D[J[00:03:22.797,000] [0m<inf> imu: LSM6DSV16X   a  -0.132   9.835   0.929  g  -0.011   0.002  -0.002[0m
[1;32muart:~$ [m[8D[J[1;32muart:~$ [m[8D[J[00:03:22.797,000] [0m<inf> imu: ICM-42688-P  a  -0.150   9.754   0.324  g   0.001  -0.005   0.000[0m
[1;32muart:~$ [m[8D[J[00:03:22.898,000] [0m<inf> imu: LSM6DS3TR-C  a  -0.352   9.820   0.557  g   0.022  -0.060   0.016[0m
[1;32muart:~$ [m[8D[J[1;32muart:~$ [m[8D[J[00:03:22.899,000] [0m<inf> imu: LSM6DSV16X   a  -0.129   9.839   0.921  g  -0.012   0.002  -0.002[0m
[1;32muart:~$ [m[8D[J[00:03:22.900,000] [0m<inf> imu: ICM-42688-P  a  -0.166   9.754   0.326  g   0.000  -0.005   0.001[0m
[1;32muart:~$ [m[8D[J[00:03:23.001,000] [0m<inf> imu: LSM6DS3TR-C  a  -0.359   9.844   0.551  g   0.024  -0.062   0.016[0m
[1;32muart:~$ [m[8D[J[1;32muart:~$ [m[8D[J[00:03:23.002,000] [0m<inf> imu: LSM6DSV16X   a  -0.130   9.839   0.930  g  -0.011   0.001  -0.003[0m
[1;32muart:~$ [m[8D[J[00:03:23.002,000] [0m<inf> imu: ICM-42688-P  a  -0.154   9.758   0.323  g  -0.001  -0.005   0.001[0m
[1;32muart:~$ [m[8D[J[00:03:23.104,000] [0m<inf> imu: LSM6DS3TR-C  a  -0.348   9.851   0.540  g   0.022  -0.061   0.015[0m
[1;32muart:~$ [m[8D[J[00:03:23.104,000] [0m<inf> imu: LSM6DSV16X   a  -0.127   9.839   0.919  g  -0.012   0.002  -0.003[0m
[1;32muart:~$ [m[8D[J[1;32muart:~$ [m[8D[J[00:03:23.105,000] [0m<inf> imu: ICM-42688-P  a  -0.168   9.747   0.306  g  -0.000  -0.005   0.001[0m
[1;32muart:~$ [m[8D[J[1;32muart:~$ [m[8D[J[00:03:23.206,000] [0m<inf> imu: LSM6DS3TR-C  a  -0.373   9.850   0.538  g   0.022  -0.058   0.016[0m
[1;32muart:~$ [m[8D[J[00:03:23.206,000] [0m<inf> imu: LSM6DSV16X   a  -0.127   9.837   0.923  g  -0.011   0.002  -0.003[0m
[1;32muart:~$ [m[8D[J[1;32muart:~$ [m[8D[J[00:03:23.207,000] [0m<inf> imu: ICM-42688-P  a  -0.151   9.754   0.303  g  -0.000  -0.005   0.002[0m
[1;32muart:~$ [m[8D[J[00:03:23.308,000] [0m<inf> imu: LSM6DS3TR-C  a  -0.352   9.848   0.528  g   0.023  -0.060   0.016[0m
[1;32muart:~$ [m[8D[J[1;32muart:~$ [m[8D[J[00:03:23.309,000] [0m<inf> imu: LSM6DSV16X   a  -0.134   9.846   0.919  g  -0.012   0.001  -0.003[0m
[1;32muart:~$ [m[8D[J[00:03:23.309,000] [0m<inf> imu: ICM-42688-P  a  -0.166   9.759   0.320  g   0.000  -0.005   0.001[0m
[1;32muart:~$ [m[8D[J[1;32muart:~$ [m[8D[J[00:03:23.410,000] [0m<inf> imu: LSM6DS3TR-C  a  -0.349   9.824   0.556  g   0.024  -0.062   0.015[0m
[1;32muart:~$ [m[8D[J[00:03:23.411,000] [0m<inf> imu: LSM6DSV16X   a  -0.136   9.830   0.931  g  -0.012   0.002  -0.002[0m
[1;32muart:~$ [m[8D[J[1;32muart:~$ [m[8D[J[00:03:23.412,000] [0m<inf> imu: ICM-42688-P  a  -0.164   9.762   0.314  g   0.000  -0.005   0.001[0m
[1;32muart:~$ [m[8D[J[00:03:23.513,000] [0m<inf> imu: LSM6DS3TR-C  a  -0.362   9.872   0.525  g   0.021  -0.061   0.014[0m
[1;32muart:~$ [m[8D[J[00:03:23.513,000] [0m<inf> imu: LSM6DSV16X   a  -0.134   9.837   0.922  g  -0.012   0.002  -0.002[0m
[1;32muart:~$ [m[8D[J[1;32muart:~$ [m[8D[J[00:03:23.514,000] [0m<inf> imu: ICM-42688-P  a  -0.165   9.762   0.323  g   0.000  -0.006   0.001[0m
[1;32muart:~$ [m[8D[J[00:03:23.615,000] [0m<inf> imu: LSM6DS3TR-C  a  -0.349   9.821   0.555  g   0.023  -0.061   0.013[0m
[1;32muart:~$ [m[8D[J[1;32muart:~$ [m[8D[J[00:03:23.616,000] [0m<inf> imu: LSM6DSV16X   a  -0.136   9.830   0.925  g  -0.012   0.002  -0.003[0m
[1;32muart:~$ [m[8D[J[00:03:23.617,000] [0m<inf> imu: ICM-42688-P  a  -0.159   9.762   0.306  g   0.001  -0.005   0.000[0m
[1;32muart:~$ [m[8D[J[00:03:23.718,000] [0m<inf> imu: LSM6DS3TR-C  a  -0.355   9.854   0.570  g   0.023  -0.062   0.016[0m
[1;32muart:~$ [m[8D[J[1;32muart:~$ [m[8D[J[00:03:23.719,000] [0m<inf> imu: LSM6DSV16X   a  -0.133   9.845   0.924  g  -0.012   0.002  -0.002[0m
[1;32muart:~$ [m[8D[J[00:03:23.719,000] [0m<inf> imu: ICM-42688-P  a  -0.159   9.770   0.303  g   0.000  -0.004   0.000[0m
[1;32muart:~$ [m[8D[J[00:03:23.820,000] [0m<inf> imu: LSM6DS3TR-C  a  -0.364   9.836   0.516  g   0.023  -0.062   0.014[0m
[1;32muart:~$ [m[8D[J[00:03:23.821,000] [0m<inf> imu: LSM6DSV16X   a  -0.127   9.832   0.931  g  -0.012   0.003  -0.003[0m
[1;32muart:~$ [m[8D[J[1;32muart:~$ [m[8D[J[00:03:23.822,000] [0m<inf> imu: ICM-42688-P  a  -0.163   9.756   0.323  g   0.001  -0.005   0.000[0m
[1;32muart:~$ [m[8D[J[1;32muart:~$ [m[8D[J[00:03:23.923,000] [0m<inf> imu: LSM6DS3TR-C  a  -0.384   9.812   0.573  g   0.023  -0.060   0.013[0m
[1;32muart:~$ [m[8D[J[00:03:23.923,000] [0m<inf> imu: LSM6DSV16X   a  -0.136   9.832   0.928  g  -0.012   0.002  -0.002[0m
[1;32muart:~$ [m[8D[J[1;32muart:~$ [m[8D[J[00:03:23.924,000] [0m<inf> imu: ICM-42688-P  a  -0.162   9.762   0.317  g   0.000  -0.005   0.000[0m
[1;32muart:~$ [m[8D[J[00:03:24.025,000] [0m<inf> imu: LSM6DS3TR-C  a  -0.372   9.824   0.537  g   0.022  -0.062   0.014[0m
[1;32muart:~$ [m[8D[J[00:03:24.026,000] [0m<inf> imu: LSM6DSV16X   a  -0.129   9.840   0.921  g  -0.011   0.002  -0.003[0m
[1;32muart:~$ [m[8D[J[00:03:24.026,000] [0m<inf> imu: ICM-42688-P  a  -0.160   9.770   0.309  g   0.001  -0.005   0.001[0m
[1;32muart:~$ [m[8D[J[1;32muart:~$ [m[8D[J[00:03:24.127,000] [0m<inf> imu: LSM6DS3TR-C  a  -0.355   9.829   0.522  g   0.024  -0.060   0.014[0m
[1;32muart:~$ [m[8D[J[00:03:24.128,000] [0m<inf> imu: LSM6DSV16X   a  -0.131   9.836   0.928  g  -0.011   0.002  -0.003[0m
[1;32muart:~$ [m[8D[J[1;32muart:~$ [m[8D[J[00:03:24.128,000] [0m<inf> imu: ICM-42688-P  a  -0.168   9.749   0.323  g   0.001  -0.006   0.001[0m
[1;32muart:~$ [m[8D[J[00:03:24.229,000] [0m<inf> imu: LSM6DS3TR-C  a  -0.354   9.855   0.587  g   0.023  -0.061   0.015[0m
[1;32muart:~$ [m[8D[J[1;32muart:~$ [m[8D[J[00:03:24.230,000] [0m<inf> imu: LSM6DSV16X   a  -0.132   9.842   0.926  g  -0.011   0.002  -0.003[0m
[1;32muart:~$ [m[8D[J[00:03:24.231,000] [0m<inf> imu: ICM-42688-P  a  -0.163   9.761   0.322  g  -0.001  -0.005   0.001[0m
[1;32muart:~$ [m[8D[J[00:03:24.333,000] [0m<inf> imu: LSM6DS3TR-C  a  -0.360   9.833   0.552  g   0.023  -0.061   0.014[0m
[1;32muart:~$ [m[8D[J[00:03:24.334,000] [0m<inf> imu: LSM6DSV16X   a  -0.134   9.832   0.930  g  -0.012   0.002  -0.003[0m
[1;32muart:~$ [m[8D[J[00:03:24.334,000] [0m<inf> imu: ICM-42688-P  a  -0.160   9.759   0.333  g   0.000  -0.004   0.000[0m
[1;32muart:~$ [m[8D[J[1;32muart:~$ [m[8D[J[00:03:24.436,000] [0m<inf> imu: LSM6DS3TR-C  a  -0.356   9.887   0.537  g   0.021  -0.060   0.013[0m
[1;32muart:~$ [m[8D[J[00:03:24.436,000] [0m<inf> imu: LSM6DSV16X   a  -0.129   9.842   0.917  g  -0.011   0.002  -0.003[0m
[1;32muart:~$ [m[8D[J[1;32muart:~$ [m[8D[J[00:03:24.437,000] [0m<inf> imu: ICM-42688-P  a  -0.165   9.765   0.296  g  -0.001  -0.005   0.000[0m
[1;32muart:~$ [m[8D[J[00:03:24.538,000] [0m<inf> imu: LSM6DS3TR-C  a  -0.337   9.854   0.526  g   0.023  -0.060   0.015[0m
[1;32muart:~$ [m[8D[J[1;32muart:~$ [m[8D[J[00:03:24.539,000] [0m<inf> imu: LSM6DSV16X   a  -0.129   9.832   0.914  g  -0.011   0.002  -0.003[0m
[1;32muart:~$ [m[8D[J[00:03:24.539,000] [0m<inf> imu: ICM-42688-P  a  -0.168   9.746   0.303  g   0.001  -0.005   0.001[0m
[1;32muart:~$ [m[8D[J[1;32muart:~$ [m[8D[J[00:03:24.640,000] [0m<inf> imu: LSM6DS3TR-C  a  -0.365   9.829   0.549  g   0.023  -0.059   0.014[0m
[1;32muart:~$ [m[8D[J[00:03:24.641,000] [0m<inf> imu: LSM6DSV16X   a  -0.138   9.846   0.929  g  -0.012   0.002  -0.003[0m
[1;32muart:~$ [m[8D[J[1;32muart:~$ [m[8D[J[00:03:24.641,000] [0m<inf> imu: ICM-42688-P  a  -0.168   9.785   0.314  g   0.000  -0.005   0.000[0m
[1;32muart:~$ [m[8D[J[00:03:24.742,000] [0m<inf> imu: LSM6DS3TR-C  a  -0.369   9.835   0.563  g   0.023  -0.061   0.014[0m
[1;32muart:~$ [m[8D[J[1;32muart:~$ [m[8D[J[00:03:24.743,000] [0m<inf> imu: LSM6DSV16X   a  -0.122   9.818   0.930  g  -0.012   0.002  -0.003[0m
[1;32muart:~$ [m[8D[J[00:03:24.744,000] [0m<inf> imu: ICM-42688-P  a  -0.162   9.746   0.322  g   0.001  -0.006   0.001[0m
[1;32muart:~$ [m[8D[J[1;32muart:~$ [m[8D[J[00:03:24.845,000] [0m<inf> imu: LSM6DS3TR-C  a  -0.356   9.879   0.538  g   0.022  -0.062   0.014[0m
[1;32muart:~$ [m[8D[J[00:03:24.845,000] [0m<inf> imu: LSM6DSV16X   a  -0.139   9.857   0.919  g  -0.012   0.002  -0.003[0m
[1;32muart:~$ [m[8D[J[1;32muart:~$ [m[8D[J[00:03:24.846,000] [0m<inf> imu: ICM-42688-P  a  -0.151   9.782   0.321  g   0.000  -0.005   0.000[0m
[1;32muart:~$ [m[8D[J[00:03:24.947,000] [0m<inf> imu: LSM6DS3TR-C  a  -0.354   9.814   0.544  g   0.024  -0.059   0.015[0m
[1;32muart:~$ [m[8D[J[00:03:24.948,000] [0m<inf> imu: LSM6DSV16X   a  -0.133   9.808   0.928  g  -0.010   0.002  -0.003[0m
[1;32muart:~$ [m[8D[J[1;32muart:~$ [m[8D[J[00:03:24.948,000] [0m<inf> imu: ICM-42688-P  a  -0.156   9.742   0.316  g   0.000  -0.005   0.001[0m
[1;32muart:~$ [m[8D[J[00:03:25.050,000] [0m<inf> imu: LSM6DS3TR-C  a  -0.362   9.860   0.564  g   0.024  -0.060   0.017[0m
[1;32muart:~$ [m[8D[J[00:03:25.051,000] [0m<inf> imu: LSM6DSV16X   a  -0.121   9.854   0.924  g  -0.012   0.003  -0.003[0m
[1;32muart:~$ [m[8D[J[1;32muart:~$ [m[8D[J[00:03:25.052,000] [0m<inf> imu: ICM-42688-P  a  -0.157   9.758   0.318  g  -0.001  -0.005   0.000[0m
[1;32muart:~$ [m[8D[J[00:03:25.153,000] [0m<inf> imu: LSM6DS3TR-C  a  -0.379   9.833   0.561  g   0.024  -0.062   0.015[0m
[1;32muart:~$ [m[8D[J[00:03:25.154,000] [0m<inf> imu: LSM6DSV16X   a  -0.148   9.846   0.928  g  -0.012   0.002  -0.003[0m
[1;32muart:~$ [m[8D[J[00:03:25.154,000] [0m<inf> imu: ICM-42688-P  a  -0.174   9.777   0.310  g   0.001  -0.005   0.000[0m
[1;32muart:~$ [m[8D[J[1;32muart:~$ [m[8D[J[00:03:25.256,000] [0m<inf> imu: LSM6DS3TR-C  a  -0.346   9.834   0.519  g   0.023  -0.060   0.018[0m
[1;32muart:~$ [m[8D[J[00:03:25.256,000] [0m<inf> imu: LSM6DSV16X   a  -0.125   9.827   0.917  g  -0.011   0.002  -0.003[0m
[1;32muart:~$ [m[8D[J[1;32muart:~$ [m[8D[J[00:03:25.257,000] [0m<inf> imu: ICM-42688-P  a  -0.146   9.755   0.299  g  -0.001  -0.005   0.000[0m
[1;32muart:~$ [m[8D[J[00:03:25.358,000] [0m<inf> imu: LSM6DS3TR-C  a  -0.360   9.807   0.528  g   0.022  -0.060   0.015[0m
[1;32muart:~$ [m[8D[J[1;32muart:~$ [m[8D[J[00:03:25.359,000] [0m<inf> imu: LSM6DSV16X   a  -0.136   9.837   0.928  g  -0.011   0.002  -0.002[0m
[1;32muart:~$ [m[8D[J[00:03:25.359,000] [0m<inf> imu: ICM-42688-P  a  -0.165   9.762   0.320  g  -0.001  -0.005   0.001[0m
[1;32muart:~$ [m[8D[J[1;32muart:~$ [m[8D[J[00:03:25.460,000] [0m<inf> imu: LSM6DS3TR-C  a  -0.387   9.855   0.548  g   0.021  -0.063   0.014[0m
[1;32muart:~$ [m[8D[J[00:03:25.461,000] [0m<inf> imu: LSM6DSV16X   a  -0.132   9.832   0.931  g  -0.011   0.002  -0.003[0m
[1;32muart:~$ [m[8D[J[1;32muart:~$ [m[8D[J[00:03:25.462,000] [0m<inf> imu: ICM-42688-P  a  -0.151   9.756   0.316  g   0.000  -0.005   0.001[0m
[1;32muart:~$ [m[8D[J[00:03:25.563,000] [0m<inf> imu: LSM6DS3TR-C  a  -0.347   9.878   0.562  g   0.022  -0.059   0.016[0m
[1;32muart:~$ [m[8D[J[00:03:25.563,000] [0m<inf> imu: LSM6DSV16X   a  -0.129   9.846   0.924  g  -0.012   0.002  -0.002[0m
[1;32muart:~$ [m[8D[J[1;32muart:~$ [m[8D[J[00:03:25.564,000] [0m<inf> imu: ICM-42688-P  a  -0.168   9.755   0.314  g   0.000  -0.004   0.000[0m
[1;32muart:~$ [m[8D[J[00:03:25.666,000] [0m<inf> imu: LSM6DS3TR-C  a  -0.395   9.817   0.537  g   0.023  -0.063   0.015[0m
[1;32muart:~$ [m[8D[J[1;32muart:~$ [m[8D[J[00:03:25.666,000] [0m<inf> imu: LSM6DSV16X   a  -0.133   9.827   0.921  g  -0.011   0.002  -0.002[0m
[1;32muart:~$ [m[8D[J[00:03:25.667,000] [0m<inf> imu: ICM-42688-P  a  -0.166   9.755   0.311  g   0.000  -0.005   0.000[0m
[1;32muart:~$ [m[8D[J[00:03:25.768,000] [0m<inf> imu: LSM6DS3TR-C  a  -0.368   9.856   0.554  g   0.024  -0.060   0.015[0m
[1;32muart:~$ [m[8D[J[1;32muart:~$ [m[8D[J[00:03:25.769,000] [0m<inf> imu: LSM6DSV16X   a  -0.135   9.830   0.924  g  -0.011   0.002  -0.003[0m
[1;32muart:~$ [m[8D[J[00:03:25.770,000] [0m<inf> imu: ICM-42688-P  a  -0.166   9.747   0.297  g   0.001  -0.006   0.002[0m
[1;32muart:~$ [m[8D[J[00:03:25.871,000] [0m<inf> imu: LSM6DS3TR-C  a  -0.358   9.874   0.552  g   0.022  -0.061   0.014[0m
[1;32muart:~$ [m[8D[J[00:03:25.871,000] [0m<inf> imu: LSM6DSV16X   a  -0.137   9.837   0.928  g  -0.012   0.002  -0.003[0m
[1;32muart:~$ [m[8D[J[1;32muart:~$ [m[8D[J[00:03:25.872,000] [0m<inf> imu: ICM-42688-P  a  -0.151   9.758   0.298  g   0.000  -0.005  -0.001[0m
[1;32muart:~$ [m[8D[J[1;32muart:~$ [m[8D[J[00:03:25.973,000] [0m<inf> imu: LSM6DS3TR-C  a  -0.379   9.864   0.568  g   0.023  -0.062   0.013[0m
[1;32muart:~$ [m[8D[J[00:03:25.974,000] [0m<inf> imu: LSM6DSV16X   a  -0.136   9.844   0.931  g  -0.011   0.003  -0.002[0m
[1;32muart:~$ [m[8D[J[1;32muart:~$ [m[8D[J[00:03:25.974,000] [0m<inf> imu: ICM-42688-P  a  -0.169   9.764   0.303  g   0.000  -0.005   0.000[0m
[1;32muart:~$ [m[8D[J[00:03:26.075,000] [0m<inf> imu: LSM6DS3TR-C  a  -0.379   9.805   0.562  g   0.023  -0.061   0.015[0m
[1;32muart:~$ [m[8D[J[00:03:26.076,000] [0m<inf> imu: LSM6DSV16X   a  -0.130   9.827   0.916  g  -0.011   0.002  -0.003[0m
[1;32muart:~$ [m[8D[J[1;32muart:~$ [m[8D[J[00:03:26.076,000] [0m<inf> imu: ICM-42688-P  a  -0.159   9.746   0.311  g  -0.001  -0.005   0.001[0m
[1;32muart:~$ [m[8D[J[00:03:26.177,000] [0m<inf> imu: LSM6DS3TR-C  a  -0.358   9.808   0.547  g   0.021  -0.058   0.015[0m
[1;32muart:~$ [m[8D[J[00:03:26.178,000] [0m<inf> imu: LSM6DSV16X   a  -0.135   9.842   0.919  g  -0.012   0.003  -0.002[0m
[1;32muart:~$ [m[8D[J[1;32muart:~$ [m[8D[J[00:03:26.179,000] [0m<inf> imu: ICM-42688-P  a  -0.177   9.765   0.303  g   0.000  -0.005   0.001[0m
[1;32muart:~$ [m[8D[J[00:03:26.280,000] [0m<inf> imu: LSM6DS3TR-C  a  -0.336   9.853   0.564  g   0.022  -0.060   0.015[0m
[1;32muart:~$ [m[8D[J[1;32muart:~$ [m[8D[J[00:03:26.280,000] [0m<inf> imu: LSM6DSV16X   a  -0.122   9.820   0.930  g  -0.012   0.002  -0.003[0m
[1;32muart:~$ [m[8D[J[00:03:26.281,000] [0m<inf> imu: ICM-42688-P  a  -0.153   9.744   0.306  g   0.000  -0.005   0.000[0m
[1;32muart:~$ [m[8D[J[00:03:26.382,000] [0m<inf> imu: LSM6DS3TR-C  a  -0.361   9.860   0.562  g   0.023  -0.062   0.015[0m
[1;32muart:~$ [m[8D[J[00:03:26.383,000] [0m<inf> imu: LSM6DSV16X   a  -0.141   9.858   0.931  g  -0.012   0.002  -0.002[0m
[1;32muart:~$ [m[8D[J[1;32muart:~$ [m[8D[J[00:03:26.383,000] [0m<inf> imu: ICM-42688-P  a  -0.168   9.772   0.322  g   0.000  -0.006   0.000[0m
[1;32muart:~$ [m[8D[J[00:03:26.484,000] [0m<inf> imu: LSM6DS3TR-C  a  -0.383   9.875   0.530  g   0.021  -0.060   0.014[0m
[1;32muart:~$ [m[8D[J[00:03:26.485,000] [0m<inf> imu: LSM6DSV16X   a  -0.124   9.832   0.919  g  -0.011   0.002  -0.003[0m
[1;32muart:~$ [m[8D[J[1;32muart:~$ [m[8D[J[00:03:26.486,000] [0m<inf> imu: ICM-42688-P  a  -0.168   9.744   0.304  g  -0.000  -0.005   0.001[0m
[1;32muart:~$ [m[8D[J[00:03:26.587,000] [0m<inf> imu: LSM6DS3TR-C  a  -0.353   9.816   0.526  g   0.026  -0.062   0.015[0m
[1;32muart:~$ [m[8D[J[1;32muart:~$ [m[8D[J[00:03:26.587,000] [0m<inf> imu: LSM6DSV16X   a  -0.135   9.837   0.921  g  -0.012   0.002  -0.002[0m
[1;32muart:~$ [m[8D[J[00:03:26.588,000] [0m<inf> imu: ICM-42688-P  a  -0.168   9.760   0.311  g   0.000  -0.005   0.000[0m
[1;32muart:~$ [m[8D[J[1;32muart:~$ [m[8D[J[00:03:26.689,000] [0m<inf> imu: LSM6DS3TR-C  a  -0.374   9.867   0.559  g   0.023  -0.060   0.014[0m
[1;32muart:~$ [m[8D[J[00:03:26.690,000] [0m<inf> imu: LSM6DSV16X   a  -0.134   9.846   0.928  g  -0.011   0.002  -0.003[0m
[1;32muart:~$ [m[8D[J[1;32muart:~$ [m[8D[J[00:03:26.690,000] [0m<inf> imu: ICM-42688-P  a  -0.160   9.778   0.305  g  -0.001  -0.005  -0.000[0m
[1;32muart:~$ [m[8D[J[00:03:26.791,000] [0m<inf> imu: LSM6DS3TR-C  a  -0.386   9.846   0.548  g   0.023  -0.060   0.018[0m
[1;32muart:~$ [m[8D[J[1;32muart:~$ [m[8D[J[00:03:26.792,000] [0m<inf> imu: LSM6DSV16X   a  -0.123   9.823   0.928  g  -0.012   0.002  -0.003[0m
[1;32muart:~$ [m[8D[J[00:03:26.792,000] [0m<inf> imu: ICM-42688-P  a  -0.156   9.749   0.310  g   0.000  -0.005   0.000[0m
[1;32muart:~$ [m[8D[J[1;32muart:~$ [m[8D[J[00:03:26.894,000] [0m<inf> imu: LSM6DS3TR-C  a  -0.372   9.820   0.551  g   0.022  -0.061   0.014[0m
[1;32muart:~$ [m[8D[J[00:03:26.894,000] [0m<inf> imu: LSM6DSV16X   a  -0.136   9.827   0.914  g  -0.012   0.003  -0.003[0m
[1;32muart:~$ [m[8D[J[00:03:26.895,000] [0m<inf> imu: ICM-42688-P  a  -0.164   9.756   0.299  g   0.000  -0.005   0.000[0m
[1;32muart:~$ [m[8D[J[1;32muart:~$ [m[8D[J[00:03:26.996,000] [0m<inf> imu: LSM6DS3TR-C  a  -0.368   9.851   0.528  g   0.022  -0.060   0.016[0m
[1;32muart:~$ [m[8D[J[00:03:26.997,000] [0m<inf> imu: LSM6DSV16X   a  -0.132   9.842   0.927  g  -0.011   0.002  -0.003[0m
[1;32muart:~$ [m[8D[J[1;32muart:~$ [m[8D[J[00:03:26.997,000] [0m<inf> imu: ICM-42688-P  a  -0.158   9.768   0.310  g  -0.000  -0.005   0.000[0m
[1;32muart:~$ [m[8D[J[00:03:27.099,000] [0m<inf> imu: LSM6DS3TR-C  a  -0.378   9.855   0.534  g   0.022  -0.062   0.015[0m
[1;32muart:~$ [m[8D[J[00:03:27.100,000] [0m<inf> imu: LSM6DSV16X   a  -0.131   9.829   0.921  g  -0.011   0.002  -0.003[0m
[1;32muart:~$ [m[8D[J[00:03:27.101,000] [0m<inf> imu: ICM-42688-P  a  -0.169   9.760   0.309  g   0.000  -0.005   0.000[0m
[1;32muart:~$ [m[8D[J[00:03:27.202,000] [0m<inf> imu: LSM6DS3TR-C  a  -0.343   9.855   0.554  g   0.021  -0.061   0.016[0m
[1;32muart:~$ [m[8D[J[1;32muart:~$ [m[8D[J[00:03:27.202,000] [0m<inf> imu: LSM6DSV16X   a  -0.129   9.834   0.924  g  -0.011   0.002  -0.003[0m
[1;32muart:~$ [m[8D[J[00:03:27.203,000] [0m<inf> imu: ICM-42688-P  a  -0.157   9.753   0.305  g  -0.000  -0.005   0.000[0m
[1;32muart:~$ [m[8D[J[1;32muart:~$ [m[8D[J[00:03:27.304,000] [0m<inf> imu: LSM6DS3TR-C  a  -0.389   9.853   0.537  g   0.023  -0.061   0.015[0m
[1;32muart:~$ [m[8D[J[00:03:27.305,000] [0m<inf> imu: LSM6DSV16X   a  -0.132   9.837   0.916  g  -0.011   0.002  -0.002[0m
[1;32muart:~$ [m[8D[J[1;32muart:~$ [m[8D[J[00:03:27.306,000] [0m<inf> imu: ICM-42688-P  a  -0.157   9.761   0.306  g  -0.000  -0.005  -0.000[0m
[1;32muart:~$ [m[8D[J[00:03:27.407,000] [0m<inf> imu: LSM6DS3TR-C  a  -0.402   9.870   0.561  g   0.024  -0.060   0.014[0m
[1;32muart:~$ [m[8D[J[1;32muart:~$ [m[8D[J[00:03:27.408,000] [0m<inf> imu: LSM6DSV16X   a  -0.138   9.839   0.923  g  -0.010   0.002  -0.003[0m
[1;32muart:~$ [m[8D[J[00:03:27.408,000] [0m<inf> imu: ICM-42688-P  a  -0.150   9.766   0.316  g   0.000  -0.005   0.000[0m
[1;32muart:~$ [m[8D[J[1;32muart:~$ [m[8D[J[00:03:27.509,000] [0m<inf> imu: LSM6DS3TR-C  a  -0.364   9.826   0.568  g   0.024  -0.061   0.015[0m
[1;32muart:~$ [m[8D[J[00:03:27.510,000] [0m<inf> imu: LSM6DSV16X   a  -0.127   9.839   0.921  g  -0.012   0.002  -0.003[0m
[1;32muart:~$ [m[8D[J[1;32muart:~$ [m[8D[J[00:03:27.510,000] [0m<inf> imu: ICM-42688-P  a  -0.146   9.744   0.309  g  -0.001  -0.005   0.000[0m
[1;32muart:~$ [m[8D[J[00:03:27.612,000] [0m<inf> imu: LSM6DS3TR-C  a  -0.366   9.871   0.537  g   0.022  -0.061   0.014[0m
[1;32muart:~$ [m[8D[J[00:03:27.612,000] [0m<inf> imu: LSM6DSV16X   a  -0.138   9.835   0.923  g  -0.011   0.002  -0.003[0m
[1;32muart:~$ [m[8D[J[1;32muart:~$ [m[8D[J[00:03:27.613,000] [0m<inf> imu: ICM-42688-P  a  -0.163   9.758   0.297  g  -0.000  -0.005   0.001[0m
[1;32muart:~$ [m[8D[J[00:03:27.715,000] [0m<inf> imu: LSM6DS3TR-C  a  -0.358   9.847   0.572  g   0.024  -0.060   0.015[0m
[1;32muart:~$ [m[8D[J[1;32muart:~$ [m[8D[J[00:03:27.715,000] [0m<inf> imu: LSM6DSV16X   a  -0.125   9.842   0.928  g  -0.011   0.002  -0.002[0m
[1;32muart:~$ [m[8D[J[00:03:27.716,000] [0m<inf> imu: ICM-42688-P  a  -0.165   9.776   0.304  g   0.001  -0.005   0.000[0m
[1;32muart:~$ [m[8D[J[00:03:27.817,000] [0m<inf> imu: LSM6DS3TR-C  a  -0.359   9.837   0.567  g   0.024  -0.060   0.015[0m
[1;32muart:~$ [m[8D[J[1;32muart:~$ [m[8D[J[00:03:27.818,000] [0m<inf> imu: LSM6DSV16X   a  -0.136   9.836   0.921  g  -0.012   0.002  -0.003[0m
[1;32muart:~$ [m[8D[J[00:03:27.819,000] [0m<inf> imu: ICM-42688-P  a  -0.163   9.754   0.320  g   0.001  -0.005   0.001[0m
[1;32muart:~$ [m[8D[J[00:03:27.920,000] [0m<inf> imu: LSM6DS3TR-C  a  -0.347   9.865   0.578  g   0.023  -0.060   0.015[0m
[1;32muart:~$ [m[8D[J[00:03:27.920,000] [0m<inf> imu: LSM6DSV16X   a  -0.132   9.844   0.924  g  -0.012   0.002  -0.003[0m
[1;32muart:~$ [m[8D[J[1;32muart:~$ [m[8D[J[00:03:27.921,000] [0m<inf> imu: ICM-42688-P  a  -0.164   9.760   0.311  g   0.000  -0.005   0.000[0m
[1;32muart:~$ [m[8D[J[1;32muart:~$ [m[8D[J[00:03:28.022,000] [0m<inf> imu: LSM6DS3TR-C  a  -0.350   9.816   0.552  g   0.021  -0.060   0.016[0m
[1;32muart:~$ [m[8D[J[00:03:28.023,000] [0m<inf> imu: LSM6DSV16X   a  -0.124   9.818   0.921  g  -0.012   0.002  -0.002[0m
[1;32muart:~$ [m[8D[J[1;32muart:~$ [m[8D[J[00:03:28.023,000] [0m<inf> imu: ICM-42688-P  a  -0.159   9.735   0.299  g   0.000  -0.006  -0.000[0m
[1;32muart:~$ [m[8D[J[00:03:28.124,000] [0m<inf> imu: LSM6DS3TR-C  a  -0.356   9.887   0.575  g   0.022  -0.061   0.013[0m
[1;32muart:~$ [m[8D[J[1;32muart:~$ [m[8D[J[00:03:28.125,000] [0m<inf> imu: LSM6DSV16X   a  -0.141   9.851   0.916  g  -0.011   0.002  -0.003[0m
[1;32muart:~$ [m[8D[J[00:03:28.125,000] [0m<inf> imu: ICM-42688-P  a  -0.153   9.756   0.316  g  -0.000  -0.005   0.000[0m
[1;32muart:~$ [m[8D[J[1;32muart:~$ [m[8D[J[00:03:28.227,000] [0m<inf> imu: LSM6DS3TR-C  a  -0.360   9.830   0.536  g   0.023  -0.060   0.015[0m
[1;32muart:~$ [m[8D[J[00:03:28.227,000] [0m<inf> imu: LSM6DSV16X   a  -0.136   9.835   0.915  g  -0.011   0.002  -0.003[0m
[1;32muart:~$ [m[8D[J[1;32muart:~$ [m[8D[J[00:03:28.228,000] [0m<inf> imu: ICM-42688-P  a  -0.163   9.760   0.302  g  -0.000  -0.005   0.001[0m
[1;32muart:~$ [m[8D[J[00:03:28.329,000] [0m<inf> imu: LSM6DS3TR-C  a  -0.351   9.872   0.515  g   0.022  -0.061   0.015[0m
[1;32muart:~$ [m[8D[J[00:03:28.330,000] [0m<inf> imu: LSM6DSV16X   a  -0.129   9.835   0.925  g  -0.012   0.001  -0.003[0m
[1;32muart:~$ [m[8D[J[1;32muart:~$ [m[8D[J[00:03:28.330,000] [0m<inf> imu: ICM-42688-P  a  -0.165   9.758   0.303  g   0.000  -0.005   0.001[0m
[1;32muart:~$ [m[8D[J[00:03:28.431,000] [0m<inf> imu: LSM6DS3TR-C  a  -0.354   9.849   0.556  g   0.020  -0.062   0.013[0m
[1;32muart:~$ [m[8D[J[1;32muart:~$ [m[8D[J[00:03:28.432,000] [0m<inf> imu: LSM6DSV16X   a  -0.136   9.846   0.917  g  -0.012   0.002  -0.003[0m
[1;32muart:~$ [m[8D[J[00:03:28.433,000] [0m<inf> imu: ICM-42688-P  a  -0.170   9.759   0.308  g  -0.001  -0.005   0.000[0m
[1;32muart:~$ [m[8D[J[00:03:28.534,000] [0m<inf> imu: LSM6DS3TR-C  a  -0.353   9.855   0.537  g   0.020  -0.060   0.015[0m
[1;32muart:~$ [m[8D[J[1;32muart:~$ [m[8D[J[00:03:28.535,000] [0m<inf> imu: LSM6DSV16X   a  -0.139   9.840   0.912  g  -0.011   0.002  -0.002[0m
[1;32muart:~$ [m[8D[J[00:03:28.535,000] [0m<inf> imu: ICM-42688-P  a  -0.171   9.760   0.305  g  -0.000  -0.005   0.001[0m
[1;32muart:~$ [m[8D[J[00:03:28.636,000] [0m<inf> imu: LSM6DS3TR-C  a  -0.377   9.876   0.541  g   0.024  -0.061   0.015[0m
[1;32muart:~$ [m[8D[J[00:03:28.637,000] [0m<inf> imu: LSM6DSV16X   a  -0.127   9.837   0.917  g  -0.012   0.002  -0.002[0m
[1;32muart:~$ [m[8D[J[1;32muart:~$ [m[8D[J[00:03:28.638,000] [0m<inf> imu: ICM-42688-P  a  -0.159   9.767   0.304  g  -0.000  -0.005   0.000[0m
[1;32muart:~$ [m[8D[J[1;32muart:~$ [m[8D[J[00:03:28.739,000] [0m<inf> imu: LSM6DS3TR-C  a  -0.343   9.852   0.591  g   0.024  -0.062   0.013[0m
[1;32muart:~$ [m[8D[J[00:03:28.739,000] [0m<inf> imu: LSM6DSV16X   a  -0.129   9.842   0.919  g  -0.012   0.002  -0.002[0m
[1;32muart:~$ [m[8D[J[1;32muart:~$ [m[8D[J[00:03:28.740,000] [0m<inf> imu: ICM-42688-P  a  -0.157   9.767   0.298  g   0.000  -0.005   0.000[0m
[1;32muart:~$ [m[8D[J[00:03:28.841,000] [0m<inf> imu: LSM6DS3TR-C  a  -0.397   9.874   0.572  g   0.022  -0.060   0.014[0m
[1;32muart:~$ [m[8D[J[1;32muart:~$ [m[8D[J[00:03:28.842,000] [0m<inf> imu: LSM6DSV16X   a  -0.136   9.844   0.921  g  -0.012   0.002  -0.003[0m
[1;32muart:~$ [m[8D[J[00:03:28.842,000] [0m<inf> imu: ICM-42688-P  a  -0.156   9.748   0.294  g   0.000  -0.006   0.001[0m
[1;32muart:~$ [m[8D[J[1;32muart:~$ [m[8D[J[00:03:28.943,000] [0m<inf> imu: LSM6DS3TR-C  a  -0.357   9.847   0.506  g   0.022  -0.061   0.015[0m
[1;32muart:~$ [m[8D[J[00:03:28.944,000] [0m<inf> imu: LSM6DSV16X   a  -0.129   9.827   0.911  g  -0.012   0.002  -0.003[0m
[1;32muart:~$ [m[8D[J[1;32muart:~$ [m[8D[J[00:03:28.945,000] [0m<inf> imu: ICM-42688-P  a  -0.147   9.752   0.308  g   0.000  -0.004   0.001[0m
[1;32muart:~$ [m[8D[J[00:03:29.046,000] [0m<inf> imu: LSM6DS3TR-C  a  -0.344   9.879   0.525  g   0.023  -0.061   0.016[0m
[1;32muart:~$ [m[8D[J[00:03:29.046,000] [0m<inf> imu: LSM6DSV16X   a  -0.129   9.843   0.924  g  -0.011   0.002  -0.003[0m
[1;32muart:~$ [m[8D[J[00:03:29.047,000] [0m<inf> imu: ICM-42688-P  a  -0.154   9.761   0.304  g   0.000  -0.005   0.000[0m
[1;32muart:~$ [m[8D[J[00:03:29.148,000] [0m<inf> imu: LSM6DS3TR-C  a  -0.371   9.826   0.492  g   0.024  -0.058   0.016[0m
[1;32muart:~$ [m[8D[J[1;32muart:~$ [m[8D[J[00:03:29.149,000] [0m<inf> imu: LSM6DSV16X   a  -0.136   9.837   0.916  g  -0.011   0.002  -0.003[0m
[1;32muart:~$ [m[8D[J[00:03:29.150,000] [0m<inf> imu: ICM-42688-P  a  -0.170   9.761   0.304  g   0.000  -0.005   0.001[0m
[1;32muart:~$ [m[8D[J[1;32muart:~$ [m[8D[J[00:03:29.251,000] [0m<inf> imu: LSM6DS3TR-C  a  -0.351   9.848   0.556  g   0.022  -0.062   0.015[0m
[1;32muart:~$ [m[8D[J[00:03:29.252,000] [0m<inf> imu: LSM6DSV16X   a  -0.134   9.830   0.917  g  -0.012   0.001  -0.003[0m
[1;32muart:~$ [m[8D[J[00:03:29.253,000] [0m<inf> imu: ICM-42688-P  a  -0.168   9.760   0.314  g   0.000  -0.005   0.000[0m
[1;32muart:~$ [m[8D[J[1;32muart:~$ [m[8D[J[00:03:29.355,000] [0m<inf> imu: LSM6DS3TR-C  a  -0.330   9.849   0.547  g   0.023  -0.061   0.016[0m
[1;32muart:~$ [m[8D[J[00:03:29.356,000] [0m<inf> imu: LSM6DSV16X   a  -0.127   9.835   0.926  g  -0.012   0.002  -0.003[0m
[1;32muart:~$ [m[8D[J[1;32muart:~$ [m[8D[J[00:03:29.356,000] [0m<inf> imu: ICM-42688-P  a  -0.166   9.771   0.315  g  -0.001  -0.005   0.000[0m
[1;32muart:~$ [m[8D[J[00:03:29.458,000] [0m<inf> imu: LSM6DS3TR-C  a  -0.364   9.830   0.584  g   0.023  -0.061   0.016[0m
[1;32muart:~$ [m[8D[J[1;32muart:~$ [m[8D[J[00:03:29.458,000] [0m<inf> imu: LSM6DSV16X   a  -0.129   9.842   0.926  g  -0.012   0.002  -0.002[0m
[1;32muart:~$ [m[8D[J[00:03:29.459,000] [0m<inf> imu: ICM-42688-P  a  -0.148   9.768   0.314  g  -0.001  -0.005   0.000[0m
[1;32muart:~$ [m[8D[J[1;32muart:~$ [m[8D[J[00:03:29.560,000] [0m<inf> imu: LSM6DS3TR-C  a  -0.345   9.849   0.594  g   0.025  -0.060   0.015[0m
[1;32muart:~$ [m[8D[J[00:03:29.561,000] [0m<inf> imu: LSM6DSV16X   a  -0.129   9.818   0.914  g  -0.011   0.002  -0.003[0m
[1;32muart:~$ [m[8D[J[1;32muart:~$ [m[8D[J[00:03:29.561,000] [0m<inf> imu: ICM-42688-P  a  -0.158   9.748   0.298  g   0.000  -0.005  -0.000[0m
[1;32muart:~$ [m[8D[J[00:03:29.662,000] [0m<inf> imu: LSM6DS3TR-C  a  -0.364   9.829   0.550  g   0.023  -0.062   0.014[0m
[1;32muart:~$ [m[8D[J[00:03:29.663,000] [0m<inf> imu: LSM6DSV16X   a  -0.126   9.832   0.912  g  -0.011   0.002  -0.003[0m
[1;32muart:~$ [m[8D[J[1;32muart:~$ [m[8D[J[00:03:29.663,000] [0m<inf> imu: ICM-42688-P  a  -0.160   9.742   0.316  g  -0.000  -0.005   0.000[0m
[1;32muart:~$ [m[8D[J[00:03:29.764,000] [0m<inf> imu: LSM6DS3TR-C  a  -0.391   9.848   0.592  g   0.022  -0.060   0.015[0m
[1;32muart:~$ [m[8D[J[1;32muart:~$ [m[8D[J[00:03:29.766,000] [0m<inf> imu: LSM6DSV16X   a  -0.136   9.839   0.924  g  -0.011   0.003  -0.002[0m
[1;32muart:~$ [m[8D[J[00:03:29.767,000] [0m<inf> imu: ICM-42688-P  a  -0.171   9.771   0.320  g   0.000  -0.005   0.001[0m
[1;32muart:~$ [m[8D[J[00:03:29.868,000] [0m<inf> imu: LSM6DS3TR-C  a  -0.372   9.835   0.580  g   0.023  -0.060   0.015[0m
[1;32muart:~$ [m[8D[J[1;32muart:~$ [m[8D[J[00:03:29.868,000] [0m<inf> imu: LSM6DSV16X   a  -0.130   9.833   0.926  g  -0.012   0.002  -0.003[0m
[1;32muart:~$ [m[8D[J[00:03:29.869,000] [0m<inf> imu: ICM-42688-P  a  -0.153   9.755   0.316  g  -0.001  -0.006   0.000[0m
[1;32muart:~$ [m[8D[J[1;32muart:~$ [m[8D[J[00:03:29.970,000] [0m<inf> imu: LSM6DS3TR-C  a  -0.377   9.844   0.516  g   0.021  -0.062   0.014[0m
[1;32muart:~$ [m[8D[J[00:03:29.971,000] [0m<inf> imu: LSM6DSV16X   a  -0.127   9.837   0.924  g  -0.012   0.002  -0.003[0m
[1;32muart:~$ [m[8D[J[00:03:29.972,000] [0m<inf> imu: ICM-42688-P  a  -0.152   9.767   0.308  g  -0.000  -0.005   0.000[0m
[1;32muart:~$ [m[8D[J[1;32muart:~$ [m[8D[J[00:03:30.073,000] [0m<inf> imu: LSM6DS3TR-C  a  -0.359   9.848   0.540  g   0.022  -0.060   0.013[0m
[1;32muart:~$ [m[8D[J[00:03:30.074,000] [0m<inf> imu: LSM6DSV16X   a  -0.132   9.844   0.929  g  -0.012   0.002  -0.002[0m
[1;32muart:~$ [m[8D[J[1;32muart:~$ [m[8D[J[00:03:30.074,000] [0m<inf> imu: ICM-42688-P  a  -0.162   9.764   0.328  g   0.000  -0.005   0.001[0m
[1;32muart:~$ [m[8D[J[00:03:30.175,000] [0m<inf> imu: LSM6DS3TR-C  a  -0.382   9.859   0.578  g   0.023  -0.061   0.015[0m
[1;32muart:~$ [m[8D[J[00:03:30.176,000] [0m<inf> imu: LSM6DSV16X   a  -0.126   9.839   0.926  g  -0.011   0.002  -0.003[0m
[1;32muart:~$ [m[8D[J[1;32muart:~$ [m[8D[J[00:03:30.177,000] [0m<inf> imu: ICM-42688-P  a  -0.150   9.756   0.311  g   0.000  -0.005   0.001[0m
[1;32muart:~$ [m[8D[J[00:03:30.278,000] [0m<inf> imu: LSM6DS3TR-C  a  -0.374   9.817   0.564  g   0.023  -0.060   0.016[0m
[1;32muart:~$ [m[8D[J[1;32muart:~$ [m[8D[J[00:03:30.278,000] [0m<inf> imu: LSM6DSV16X   a  -0.129   9.840   0.928  g  -0.011   0.002  -0.003[0m
[1;32muart:~$ [m[8D[J[00:03:30.279,000] [0m<inf> imu: ICM-42688-P  a  -0.159   9.752   0.323  g  -0.001  -0.005   0.001[0m
[1;32muart:~$ [m[8D[J[00:03:30.380,000] [0m<inf> imu: LSM6DS3TR-C  a  -0.337   9.824   0.555  g   0.024  -0.060   0.014[0m
[1;32muart:~$ [m[8D[J[00:03:30.381,000] [0m<inf> imu: LSM6DSV16X   a  -0.134   9.830   0.923  g  -0.012   0.002  -0.003[0m
[1;32muart:~$ [m[8D[J[00:03:30.381,000] [0m<inf> imu: ICM-42688-P  a  -0.174   9.760   0.311  g   0.000  -0.005  -0.001[0m
[1;32muart:~$ [m[8D[J[1;32muart:~$ [m[8D[J[00:03:30.482,000] [0m<inf> imu: LSM6DS3TR-C  a  -0.359   9.852   0.555  g   0.022  -0.062   0.013[0m
[1;32muart:~$ [m[8D[J[00:03:30.483,000] [0m<inf> imu: LSM6DSV16X   a  -0.131   9.836   0.914  g  -0.011   0.002  -0.003[0m
[1;32muart:~$ [m[8D[J[1;32muart:~$ [m[8D[J[00:03:30.483,000] [0m<inf> imu: ICM-42688-P  a  -0.150   9.759   0.322  g   0.000  -0.005   0.000[0m
[1;32muart:~$ [m[8D[J[00:03:30.584,000] [0m<inf> imu: LSM6DS3TR-C  a  -0.352   9.861   0.543  g   0.022  -0.061   0.013[0m
[1;32muart:~$ [m[8D[J[1;32muart:~$ [m[8D[J[00:03:30.585,000] [0m<inf> imu: LSM6DSV16X   a  -0.132   9.835   0.923  g  -0.012   0.002  -0.003[0m
[1;32muart:~$ [m[8D[J[00:03:30.586,000] [0m<inf> imu: ICM-42688-P  a  -0.152   9.768   0.299  g   0.001  -0.005   0.000[0m
[1;32muart:~$ [m[8D[J[1;32muart:~$ [m[8D[J[00:03:30.687,000] [0m<inf> imu: LSM6DS3TR-C  a  -0.360   9.852   0.561  g   0.023  -0.060   0.015[0m
[1;32muart:~$ [m[8D[J[00:03:30.687,000] [0m<inf> imu: LSM6DSV16X   a  -0.133   9.835   0.916  g  -0.012   0.002  -0.002[0m
[1;32muart:~$ [m[8D[J[1;32muart:~$ [m[8D[J[00:03:30.688,000] [0m<inf> imu: ICM-42688-P  a  -0.156   9.764   0.311  g   0.000  -0.005   0.001[0m
[1;32muart:~$ [m[8D[J[00:03:30.789,000] [0m<inf> imu: LSM6DS3TR-C  a  -0.377   9.822   0.580  g   0.021  -0.060   0.014[0m
[1;32muart:~$ [m[8D[J[1;32muart:~$ [m[8D[J[00:03:30.790,000] [0m<inf> imu: LSM6DSV16X   a  -0.129   9.839   0.921  g  -0.012   0.002  -0.002[0m
[1;32muart:~$ [m[8D[J[00:03:30.790,000] [0m<inf> imu: ICM-42688-P  a  -0.156   9.765   0.324  g  -0.000  -0.005   0.000[0m
[1;32muart:~$ [m[8D[J[1;32muart:~$ [m[8D[J[00:03:30.891,000] [0m<inf> imu: LSM6DS3TR-C  a  -0.374   9.844   0.564  g   0.023  -0.062   0.013[0m
[1;32muart:~$ [m[8D[J[00:03:30.892,000] [0m<inf> imu: LSM6DSV16X   a  -0.127   9.837   0.923  g  -0.012   0.002  -0.003[0m
[1;32muart:~$ [m[8D[J[1;32muart:~$ [m[8D[J[00:03:30.893,000] [0m<inf> imu: ICM-42688-P  a  -0.165   9.758   0.303  g   0.000  -0.005   0.001[0m
[1;32muart:~$ [m[8D[J[00:03:30.994,000] [0m<inf> imu: LSM6DS3TR-C  a  -0.366   9.875   0.562  g   0.023  -0.059   0.014[0m
[1;32muart:~$ [m[8D[J[00:03:30.994,000] [0m<inf> imu: LSM6DSV16X   a  -0.136   9.849   0.936  g  -0.011   0.002  -0.003[0m
[1;32muart:~$ [m[8D[J[1;32muart:~$ [m[8D[J[00:03:30.995,000] [0m<inf> imu: ICM-42688-P  a  -0.168   9.754   0.309  g   0.001  -0.004   0.000[0m
[1;32muart:~$ [m[8D[J[00:03:31.096,000] [0m<inf> imu: LSM6DS3TR-C  a  -0.354   9.829   0.602  g   0.022  -0.060   0.014[0m
[1;32muart:~$ [m[8D[J[00:03:31.097,000] [0m<inf> imu: LSM6DSV16X   a  -0.136   9.835   0.924  g  -0.010   0.002  -0.002[0m
[1;32muart:~$ [m[8D[J[00:03:31.097,000] [0m<inf> imu: ICM-42688-P  a  -0.168   9.760   0.320  g   0.000  -0.005   0.000[0m
[1;32muart:~$ [m[8D[J[1;32muart:~$ [m[8D[J[00:03:31.198,000] [0m<inf> imu: LSM6DS3TR-C  a  -0.328   9.842   0.576  g   0.023  -0.058   0.015[0m
[1;32muart:~$ [m[8D[J[00:03:31.199,000] [0m<inf> imu: LSM6DSV16X   a  -0.136   9.839   0.936  g  -0.012   0.001  -0.003[0m
[1;32muart:~$ [m[8D[J[00:03:31.200,000] [0m<inf> imu: ICM-42688-P  a  -0.144   9.746   0.323  g   0.001  -0.005   0.000[0m
[1;32muart:~$ [m[8D[J[1;32muart:~$ [m[8D[J[00:03:31.301,000] [0m<inf> imu: LSM6DS3TR-C  a  -0.342   9.842   0.531  g   0.024  -0.058   0.016[0m
[1;32muart:~$ [m[8D[J[00:03:31.302,000] [0m<inf> imu: LSM6DSV16X   a  -0.143   9.842   0.924  g  -0.011   0.002  -0.003[0m
[1;32muart:~$ [m[8D[J[1;32muart:~$ [m[8D[J[00:03:31.303,000] [0m<inf> imu: ICM-42688-P  a  -0.176   9.759   0.314  g   0.001  -0.005   0.000[0m
[1;32muart:~$ [m[8D[J[00:03:31.404,000] [0m<inf> imu: LSM6DS3TR-C  a  -0.339   9.855   0.524  g   0.023  -0.061   0.014[0m
[1;32muart:~$ [m[8D[J[1;32muart:~$ [m[8D[J[00:03:31.405,000] [0m<inf> imu: LSM6DSV16X   a  -0.134   9.835   0.925  g  -0.011   0.002  -0.002[0m
[1;32muart:~$ [m[8D[J[00:03:31.405,000] [0m<inf> imu: ICM-42688-P  a  -0.153   9.744   0.303  g   0.000  -0.005   0.000[0m
[1;32muart:~$ [m[8D[J[1;32muart:~$ [m[8D[J[00:03:31.506,000] [0m<inf> imu: LSM6DS3TR-C  a  -0.346   9.815   0.577  g   0.024  -0.060   0.015[0m
[1;32muart:~$ [m[8D[J[00:03:31.507,000] [0m<inf> imu: LSM6DSV16X   a  -0.139   9.844   0.933  g  -0.012   0.001  -0.003[0m
[1;32muart:~$ [m[8D[J[1;32muart:~$ [m[8D[J[00:03:31.507,000] [0m<inf> imu: ICM-42688-P  a  -0.151   9.770   0.332  g   0.001  -0.005   0.001[0m
[1;32muart:~$ [m[8D[J[00:03:31.608,000] [0m<inf> imu: LSM6DS3TR-C  a  -0.377   9.839   0.583  g   0.022  -0.060   0.016[0m
[1;32muart:~$ [m[8D[J[00:03:31.609,000] [0m<inf> imu: LSM6DSV16X   a  -0.135   9.835   0.926  g  -0.011   0.002  -0.003[0m
[1;32muart:~$ [m[8D[J[1;32muart:~$ [m[8D[J[00:03:31.610,000] [0m<inf> imu: ICM-42688-P  a  -0.160   9.762   0.316  g   0.001  -0.005   0.000[0m
[1;32muart:~$ [m[8D[J[00:03:31.711,000] [0m<inf> imu: LSM6DS3TR-C  a  -0.384   9.847   0.545  g   0.025  -0.062   0.017[0m
[1;32muart:~$ [m[8D[J[1;32muart:~$ [m[8D[J[00:03:31.712,000] [0m<inf> imu: LSM6DSV16X   a  -0.121   9.837   0.926  g  -0.012   0.002  -0.003[0m
[1;32muart:~$ [m[8D[J[00:03:31.712,000] [0m<inf> imu: ICM-42688-P  a  -0.159   9.761   0.326  g  -0.000  -0.005   0.001[0m
[1;32muart:~$ [m[8D[J[00:03:31.814,000] [0m<inf> imu: LSM6DS3TR-C  a  -0.379   9.823   0.541  g   0.022  -0.061   0.014[0m
[1;32muart:~$ [m[8D[J[1;32muart:~$ [m[8D[J[00:03:31.814,000] [0m<inf> imu: LSM6DSV16X   a  -0.132   9.827   0.926  g  -0.011   0.002  -0.003[0m
[1;32muart:~$ [m[8D[J[00:03:31.815,000] [0m<inf> imu: ICM-42688-P  a  -0.170   9.750   0.323  g  -0.001  -0.005  -0.000[0m
[1;32muart:~$ [m[8D[J[00:03:31.916,000] [0m<inf> imu: LSM6DS3TR-C  a  -0.358   9.846   0.566  g   0.021  -0.062   0.015[0m
[1;32muart:~$ [m[8D[J[00:03:31.917,000] [0m<inf> imu: LSM6DSV16X   a  -0.129   9.849   0.924  g  -0.012   0.003  -0.002[0m
[1;32muart:~$ [m[8D[J[1;32muart:~$ [m[8D[J[00:03:31.917,000] [0m<inf> imu: ICM-42688-P  a  -0.156   9.766   0.308  g   0.000  -0.005   0.001[0m
[1;32muart:~$ [m[8D[J[1;32muart:~$ [m[8D[J[00:03:32.018,000] [0m<inf> imu: LSM6DS3TR-C  a  -0.346   9.852   0.561  g   0.024  -0.060   0.016[0m
[1;32muart:~$ [m[8D[J[00:03:32.019,000] [0m<inf> imu: LSM6DSV16X   a  -0.132   9.832   0.909  g  -0.011   0.002  -0.003[0m
[1;32muart:~$ [m[8D[J[1;32muart:~$ [m[8D[J[00:03:32.020,000] [0m<inf> imu: ICM-42688-P  a  -0.166   9.750   0.299  g   0.000  -0.004   0.000[0m
[1;32muart:~$ [m[8D[J[00:03:32.121,000] [0m<inf> imu: LSM6DS3TR-C  a  -0.344   9.848   0.581  g   0.021  -0.060   0.015[0m
[1;32muart:~$ [m[8D[J[1;32muart:~$ [m[8D[J[00:03:32.121,000] [0m<inf> imu: LSM6DSV16X   a  -0.120   9.846   0.940  g  -0.011   0.002  -0.003[0m
[1;32muart:~$ [m[8D[J[00:03:32.122,000] [0m<inf> imu: ICM-42688-P  a  -0.156   9.768   0.330  g   0.000  -0.005   0.000[0m
[1;32muart:~$ [m[8D[J[1;32muart:~$ [m[8D[J[00:03:32.223,000] [0m<inf> imu: LSM6DS3TR-C  a  -0.392   9.846   0.573  g   0.021  -0.062   0.014[0m
[1;32muart:~$ [m[8D[J[00:03:32.224,000] [0m<inf> imu: LSM6DSV16X   a  -0.141   9.837   0.924  g  -0.012   0.003  -0.002[0m
[1;32muart:~$ [m[8D[J[1;32muart:~$ [m[8D[J[00:03:32.224,000] [0m<inf> imu: ICM-42688-P  a  -0.152   9.754   0.308  g  -0.000  -0.005   0.001[0m
[1;32muart:~$ [m[8D[J[00:03:32.325,000] [0m<inf> imu: LSM6DS3TR-C  a  -0.347   9.815   0.566  g   0.022  -0.060   0.015[0m
[1;32muart:~$ [m[8D[J[00:03:32.326,000] [0m<inf> imu: LSM6DSV16X   a  -0.124   9.835   0.918  g  -0.011   0.003  -0.002[0m
[1;32muart:~$ [m[8D[J[1;32muart:~$ [m[8D[J[00:03:32.326,000] [0m<inf> imu: ICM-42688-P  a  -0.150   9.762   0.314  g   0.001  -0.005   0.001[0m
[1;32muart:~$ [m[8D[J[00:03:32.428,000] [0m<inf> imu: LSM6DS3TR-C  a  -0.349   9.840   0.556  g   0.022  -0.060   0.014[0m
[1;32muart:~$ [m[8D[J[00:03:32.429,000] [0m<inf> imu: LSM6DSV16X   a  -0.127   9.829   0.916  g  -0.012   0.002  -0.003[0m
[1;32muart:~$ [m[8D[J[1;32muart:~$ [m[8D[J[00:03:32.430,000] [0m<inf> imu: ICM-42688-P  a  -0.171   9.752   0.312  g   0.000  -0.005   0.000[0m
[1;32muart:~$ [m[8D[J[00:03:32.531,000] [0m<inf> imu: LSM6DS3TR-C  a  -0.358   9.867   0.563  g   0.023  -0.060   0.015[0m
[1;32muart:~$ [m[8D[J[1;32muart:~$ [m[8D[J[00:03:32.532,000] [0m<inf> imu: LSM6DSV16X   a  -0.134   9.842   0.924  g  -0.011   0.002  -0.003[0m
[1;32muart:~$ [m[8D[J[00:03:32.533,000] [0m<inf> imu: ICM-42688-P  a  -0.163   9.765   0.308  g  -0.000  -0.005   0.000[0m
[1;32muart:~$ [m[8D[J[1;32muart:~$ [m[8D[J[00:03:32.635,000] [0m<inf> imu: LSM6DS3TR-C  a  -0.346   9.817   0.562  g   0.023  -0.062   0.014[0m
[1;32muart:~$ [m[8D[J[00:03:32.636,000] [0m<inf> imu: LSM6DSV16X   a  -0.129   9.842   0.921  g  -0.012   0.002  -0.002[0m
[1;32muart:~$ [m[8D[J[1;32muart:~$ [m[8D[J[00:03:32.636,000] [0m<inf> imu: ICM-42688-P  a  -0.164   9.767   0.320  g   0.000  -0.006   0.001[0m
[1;32muart:~$ [m[8D[J[00:03:32.737,000] [0m<inf> imu: LSM6DS3TR-C  a  -0.392   9.833   0.555  g   0.021  -0.061   0.015[0m
[1;32muart:~$ [m[8D[J[1;32muart:~$ [m[8D[J[00:03:32.738,000] [0m<inf> imu: LSM6DSV16X   a  -0.138   9.834   0.931  g  -0.012   0.002  -0.003[0m
[1;32muart:~$ [m[8D[J[00:03:32.739,000] [0m<inf> imu: ICM-42688-P  a  -0.157   9.746   0.320  g   0.000  -0.005   0.000[0m
[1;32muart:~$ [m[8D[J[1;32muart:~$ [m[8D[J[00:03:32.840,000] [0m<inf> imu: LSM6DS3TR-C  a  -0.371   9.819   0.576  g   0.021  -0.060   0.014[0m
[1;32muart:~$ [m[8D[J[00:03:32.840,000] [0m<inf> imu: LSM6DSV16X   a  -0.139   9.842   0.919  g  -0.011   0.002  -0.003[0m
[1;32muart:~$ [m[8D[J[1;32muart:~$ [m[8D[J[00:03:32.841,000] [0m<inf> imu: ICM-42688-P  a  -0.158   9.755   0.302  g  -0.001  -0.005   0.001[0m
[1;32muart:~$ [m[8D[J[00:03:32.942,000] [0m<inf> imu: LSM6DS3TR-C  a  -0.345   9.818   0.552  g   0.024  -0.062   0.013[0m
[1;32muart:~$ [m[8D[J[00:03:32.943,000] [0m<inf> imu: LSM6DSV16X   a  -0.134   9.825   0.909  g  -0.010   0.002  -0.003[0m
[1;32muart:~$ [m[8D[J[1;32muart:~$ [m[8D[J[00:03:32.943,000] [0m<inf> imu: ICM-42688-P  a  -0.159   9.742   0.320  g  -0.000  -0.005   0.001[0m
[1;32muart:~$ [m[8D[J[00:03:33.044,000] [0m<inf> imu: LSM6DS3TR-C  a  -0.371   9.883   0.561  g   0.023  -0.059   0.016[0m
[1;32muart:~$ [m[8D[J[1;32muart:~$ [m[8D[J[00:03:33.045,000] [0m<inf> imu: LSM6DSV16X   a  -0.122   9.835   0.940  g  -0.011   0.002  -0.003[0m
[1;32muart:~$ [m[8D[J[00:03:33.046,000] [0m<inf> imu: ICM-42688-P  a  -0.159   9.756   0.305  g   0.001  -0.005   0.001[0m
[1;32muart:~$ [m[8D[J[00:03:33.147,000] [0m<inf> imu: LSM6DS3TR-C  a  -0.372   9.831   0.558  g   0.021  -0.061   0.016[0m
[1;32muart:~$ [m[8D[J[1;32muart:~$ [m[8D[J[00:03:33.148,000] [0m<inf> imu: LSM6DSV16X   a  -0.133   9.839   0.922  g  -0.011   0.002  -0.003[0m
[1;32muart:~$ [m[8D[J[00:03:33.148,000] [0m<inf> imu: ICM-42688-P  a  -0.165   9.756   0.298  g  -0.001  -0.005   0.001[0m
[1;32muart:~$ [m[8D[J[00:03:33.250,000] [0m<inf> imu: LSM6DS3TR-C  a  -0.363   9.845   0.558  g   0.024  -0.060   0.015[0m
[1;32muart:~$ [m[8D[J[00:03:33.250,000] [0m<inf> imu: LSM6DSV16X   a  -0.137   9.839   0.924  g  -0.012   0.003  -0.003[0m
[1;32muart:~$ [m[8D[J[1;32muart:~$ [m[8D[J[00:03:33.251,000] [0m<inf> imu: ICM-42688-P  a  -0.156   9.768   0.294  g   0.000  -0.005   0.000[0m
[1;32muart:~$ [m[8D[J[1;32muart:~$ [m[8D[J[00:03:33.352,000] [0m<inf> imu: LSM6DS3TR-C  a  -0.360   9.865   0.551  g   0.024  -0.060   0.015[0m
[1;32muart:~$ [m[8D[J[00:03:33.353,000] [0m<inf> imu: LSM6DSV16X   a  -0.127   9.839   0.931  g  -0.013   0.002  -0.003[0m
[1;32muart:~$ [m[8D[J[1;32muart:~$ [m[8D[J[00:03:33.353,000] [0m<inf> imu: ICM-42688-P  a  -0.163   9.765   0.312  g   0.000  -0.005   0.001[0m
[1;32muart:~$ [m[8D[J[00:03:33.454,000] [0m<inf> imu: LSM6DS3TR-C  a  -0.368   9.849   0.559  g   0.021  -0.061   0.014[0m
[1;32muart:~$ [m[8D[J[1;32muart:~$ [m[8D[J[00:03:33.455,000] [0m<inf> imu: LSM6DSV16X   a  -0.133   9.832   0.921  g  -0.011   0.002  -0.003[0m
[1;32muart:~$ [m[8D[J[00:03:33.455,000] [0m<inf> imu: ICM-42688-P  a  -0.158   9.760   0.322  g   0.000  -0.006  -0.000[0m
[1;32muart:~$ [m[8D[J[1;32muart:~$ [m[8D[J[00:03:33.556,000] [0m<inf> imu: LSM6DS3TR-C  a  -0.339   9.846   0.581  g   0.025  -0.061   0.015[0m
[1;32muart:~$ [m[8D[J[00:03:33.557,000] [0m<inf> imu: LSM6DSV16X   a  -0.126   9.839   0.930  g  -0.011   0.002  -0.003[0m
[1;32muart:~$ [m[8D[J[1;32muart:~$ [m[8D[J[00:03:33.558,000] [0m<inf> imu: ICM-42688-P  a  -0.168   9.758   0.323  g   0.000  -0.005   0.000[0m
[1;32muart:~$ [m[8D[J[00:03:33.659,000] [0m<inf> imu: LSM6DS3TR-C  a  -0.367   9.849   0.582  g   0.024  -0.060   0.014[0m
[1;32muart:~$ [m[8D[J[00:03:33.659,000] [0m<inf> imu: LSM6DSV16X   a  -0.132   9.842   0.931  g  -0.011   0.001  -0.003[0m
[1;32muart:~$ [m[8D[J[1;32muart:~$ [m[8D[J[00:03:33.660,000] [0m<inf> imu: ICM-42688-P  a  -0.166   9.760   0.309  g  -0.001  -0.005  -0.000[0m
[1;32muart:~$ [m[8D[J[00:03:33.761,000] [0m<inf> imu: LSM6DS3TR-C  a  -0.360   9.828   0.538  g   0.021  -0.060   0.014[0m
[1;32muart:~$ [m[8D[J[1;32muart:~$ [m[8D[J[00:03:33.762,000] [0m<inf> imu: LSM6DSV16X   a  -0.134   9.830   0.916  g  -0.011   0.002  -0.003[0m
[1;32muart:~$ [m[8D[J[00:03:33.763,000] [0m<inf> imu: ICM-42688-P  a  -0.166   9.750   0.315  g   0.000  -0.006   0.000[0m
[1;32muart:~$ [m[8D[J[00:03:33.864,000] [0m<inf> imu: LSM6DS3TR-C  a  -0.367   9.854   0.531  g   0.024  -0.061   0.017[0m
[1;32muart:~$ [m[8D[J[1;32muart:~$ [m[8D[J[00:03:33.865,000] [0m<inf> imu: LSM6DSV16X   a  -0.131   9.837   0.924  g  -0.012   0.003  -0.002[0m
[1;32muart:~$ [m[8D[J[00:03:33.865,000] [0m<inf> imu: ICM-42688-P  a  -0.154   9.758   0.310  g  -0.001  -0.005   0.001[0m
[1;32muart:~$ [m[8D[J[00:03:33.967,000] [0m<inf> imu: LSM6DS3TR-C  a  -0.371   9.849   0.564  g   0.024  -0.059   0.015[0m
[1;32muart:~$ [m[8D[J[00:03:33.967,000] [0m<inf> imu: LSM6DSV16X   a  -0.134   9.832   0.919  g  -0.012   0.002  -0.003[0m
[1;32muart:~$ [m[8D[J[1;32muart:~$ [m[8D[J[00:03:33.968,000] [0m<inf> imu: ICM-42688-P  a  -0.164   9.764   0.318  g   0.001  -0.004   0.001[0m
[1;32muart:~$ [m[8D[J[1;32muart:~$ [m[8D[J[00:03:34.069,000] [0m<inf> imu: LSM6DS3TR-C  a  -0.340   9.858   0.543  g   0.021  -0.060   0.016[0m
[1;32muart:~$ [m[8D[J[00:03:34.070,000] [0m<inf> imu: LSM6DSV16X   a  -0.120   9.834   0.924  g  -0.012   0.003  -0.003[0m
[1;32muart:~$ [m[8D[J[1;32muart:~$ [m[8D[J[00:03:34.070,000] [0m<inf> imu: ICM-42688-P  a  -0.159   9.756   0.314  g   0.000  -0.005   0.001[0m
[1;32muart:~$ [m[8D[J[00:03:34.171,000] [0m<inf> imu: LSM6DS3TR-C  a  -0.381   9.882   0.564  g   0.022  -0.060   0.016[0m
[1;32muart:~$ [m[8D[J[1;32muart:~$ [m[8D[J[00:03:34.172,000] [0m<inf> imu: LSM6DSV16X   a  -0.135   9.837   0.916  g  -0.011   0.002  -0.002[0m
[1;32muart:~$ [m[8D[J[00:03:34.172,000] [0m<inf> imu: ICM-42688-P  a  -0.156   9.756   0.316  g  -0.000  -0.005   0.001[0m
[1;32muart:~$ [m[8D[J[1;32muart:~$ [m[8D[J[00:03:34.273,000] [0m<inf> imu: LSM6DS3TR-C  a  -0.370   9.842   0.559  g   0.022  -0.061   0.017[0m
[1;32muart:~$ [m[8D[J[00:03:34.274,000] [0m<inf> imu: LSM6DSV16X   a  -0.124   9.837   0.923  g  -0.011   0.002  -0.003[0m
[1;32muart:~$ [m[8D[J[1;32muart:~$ [m[8D[J[00:03:34.275,000] [0m<inf> imu: ICM-42688-P  a  -0.166   9.765   0.315  g   0.000  -0.005   0.000[0m
[1;32muart:~$ [m[8D[J[00:03:34.376,000] [0m<inf> imu: LSM6DS3TR-C  a  -0.379   9.848   0.586  g   0.024  -0.061   0.014[0m
[1;32muart:~$ [m[8D[J[00:03:34.376,000] [0m<inf> imu: LSM6DSV16X   a  -0.134   9.839   0.927  g  -0.012   0.002  -0.003[0m
[1;32muart:~$ [m[8D[J[1;32muart:~$ [m[8D[J[00:03:34.377,000] [0m<inf> imu: ICM-42688-P  a  -0.154   9.761   0.320  g   0.000  -0.005   0.000[0m
[1;32muart:~$ [m[8D[J[00:03:34.479,000] [0m<inf> imu: LSM6DS3TR-C  a  -0.375   9.836   0.553  g   0.022  -0.062   0.016[0m
[1;32muart:~$ [m[8D[J[1;32muart:~$ [m[8D[J[00:03:34.479,000] [0m<inf> imu: LSM6DSV16X   a  -0.125   9.835   0.917  g  -0.012   0.002  -0.003[0m
[1;32muart:~$ [m[8D[J[00:03:34.480,000] [0m<inf> imu: ICM-42688-P  a  -0.162   9.756   0.311  g   0.001  -0.004   0.000[0m
[1;32muart:~$ [m[8D[J[00:03:34.581,000] [0m<inf> imu: LSM6DS3TR-C  a  -0.352   9.848   0.553  g   0.023  -0.062   0.016[0m
[1;32muart:~$ [m[8D[J[1;32muart:~$ [m[8D[J[00:03:34.582,000] [0m<inf> imu: LSM6DSV16X   a  -0.134   9.832   0.924  g  -0.012   0.002  -0.003[0m
[1;32muart:~$ [m[8D[J[00:03:34.582,000] [0m<inf> imu: ICM-42688-P  a  -0.174   9.759   0.323  g  -0.000  -0.005   0.000[0m
[1;32muart:~$ [m[8D[J[1;32muart:~$ [m[8D[J[00:03:34.684,000] [0m<inf> imu: LSM6DS3TR-C  a  -0.380   9.865   0.536  g   0.021  -0.060   0.016[0m
[1;32muart:~$ [m[8D[J[00:03:34.685,000] [0m<inf> imu: LSM6DSV16X   a  -0.132   9.836   0.931  g  -0.012   0.002  -0.003[0m
[1;32muart:~$ [m[8D[J[1;32muart:~$ [m[8D[J[00:03:34.686,000] [0m<inf> imu: ICM-42688-P  a  -0.150   9.743   0.311  g  -0.000  -0.006  -0.000[0m
[1;32muart:~$ [m[8D[J[00:03:34.787,000] [0m<inf> imu: LSM6DS3TR-C  a  -0.380   9.869   0.559  g   0.023  -0.060   0.016[0m
[1;32muart:~$ [m[8D[J[1;32muart:~$ [m[8D[J[00:03:34.788,000] [0m<inf> imu: LSM6DSV16X   a  -0.134   9.837   0.931  g  -0.012   0.001  -0.003[0m
[1;32muart:~$ [m[8D[J[00:03:34.788,000] [0m<inf> imu: ICM-42688-P  a  -0.165   9.759   0.315  g   0.000  -0.005   0.000[0m
[1;32muart:~$ [m[8D[J[1;32muart:~$ [m[8D[J[00:03:34.889,000] [0m<inf> imu: LSM6DS3TR-C  a  -0.351   9.858   0.584  g   0.020  -0.061   0.015[0m
[1;32muart:~$ [m[8D[J[00:03:34.890,000] [0m<inf> imu: LSM6DSV16X   a  -0.127   9.832   0.924  g  -0.011   0.002  -0.003[0m
[1;32muart:~$ [m[8D[J[1;32muart:~$ [m[8D[J[00:03:34.890,000] [0m<inf> imu: ICM-42688-P  a  -0.150   9.752   0.322  g   0.000  -0.005   0.001[0m
[1;32muart:~$ [m[8D[J[00:03:34.991,000] [0m<inf> imu: LSM6DS3TR-C  a  -0.355   9.855   0.564  g   0.022  -0.060   0.014[0m
[1;32muart:~$ [m[8D[J[00:03:34.992,000] [0m<inf> imu: LSM6DSV16X   a  -0.139   9.839   0.924  g  -0.013   0.002  -0.003[0m
[1;32muart:~$ [m[8D[J[1;32muart:~$ [m[8D[J[00:03:34.993,000] [0m<inf> imu: ICM-42688-P  a  -0.170   9.782   0.336  g  -0.001  -0.005   0.000[0m
[1;32muart:~$ [m[8D[J[00:03:35.094,000] [0m<inf> imu: LSM6DS3TR-C  a  -0.372   9.842   0.594  g   0.024  -0.061   0.016[0m
[1;32muart:~$ [m[8D[J[00:03:35.095,000] [0m<inf> imu: LSM6DSV16X   a  -0.120   9.844   0.931  g  -0.011   0.001  -0.002[0m
[1;32muart:~$ [m[8D[J[1;32muart:~$ [m[8D[J[00:03:35.096,000] [0m<inf> imu: ICM-42688-P  a  -0.157   9.762   0.324  g   0.000  -0.005   0.001[0m
[1;32muart:~$ [m[8D[J[00:03:35.197,000] [0m<inf> imu: LSM6DS3TR-C  a  -0.368   9.862   0.580  g   0.020  -0.061   0.016[0m
[1;32muart:~$ [m[8D[J[1;32muart:~$ [m[8D[J[00:03:35.198,000] [0m<inf> imu: LSM6DSV16X   a  -0.134   9.824   0.919  g  -0.011   0.002  -0.003[0m
[1;32muart:~$ [m[8D[J[00:03:35.198,000] [0m<inf> imu: ICM-42688-P  a  -0.171   9.746   0.312  g   0.000  -0.005   0.001[0m
[1;32muart:~$ [m[8D[J[1;32muart:~$ [m[8D[J[00:03:35.300,000] [0m<inf> imu: LSM6DS3TR-C  a  -0.363   9.839   0.544  g   0.023  -0.061   0.014[0m
[1;32muart:~$ [m[8D[J[00:03:35.301,000] [0m<inf> imu: LSM6DSV16X   a  -0.132   9.844   0.933  g  -0.012   0.002  -0.003[0m
[1;32muart:~$ [m[8D[J[1;32muart:~$ [m[8D[J[00:03:35.302,000] [0m<inf> imu: ICM-42688-P  a  -0.163   9.773   0.330  g   0.000  -0.005   0.000[0m
[1;32muart:~$ [m[8D[J[00:03:35.403,000] [0m<inf> imu: LSM6DS3TR-C  a  -0.351   9.839   0.542  g   0.023  -0.059   0.016[0m
[1;32muart:~$ [m[8D[J[1;32muart:~$ [m[8D[J[00:03:35.404,000] [0m<inf> imu: LSM6DSV16X   a  -0.136   9.837   0.923  g  -0.011   0.002  -0.002[0m
[1;32muart:~$ [m[8D[J[00:03:35.404,000] [0m<inf> imu: ICM-42688-P  a  -0.159   9.752   0.312  g  -0.000  -0.005   0.001[0m
[1;32muart:~$ [m[8D[J[1;32muart:~$ [m[8D[J[00:03:35.505,000] [0m<inf> imu: LSM6DS3TR-C  a  -0.386   9.839   0.600  g   0.024  -0.060   0.015[0m
[1;32muart:~$ [m[8D[J[00:03:35.506,000] [0m<inf> imu: LSM6DSV16X   a  -0.132   9.837   0.928  g  -0.012   0.002  -0.002[0m
[1;32muart:~$ [m[8D[J[1;32muart:~$ [m[8D[J[00:03:35.507,000] [0m<inf> imu: ICM-42688-P  a  -0.151   9.755   0.316  g   0.000  -0.005   0.001[0m
[1;32muart:~$ [m[8D[J[00:03:35.608,000] [0m<inf> imu: LSM6DS3TR-C  a  -0.353   9.822   0.538  g   0.022  -0.060   0.016[0m
[1;32muart:~$ [m[8D[J[00:03:35.608,000] [0m<inf> imu: LSM6DSV16X   a  -0.132   9.836   0.921  g  -0.011   0.001  -0.003[0m
[1;32muart:~$ [m[8D[J[1;32muart:~$ [m[8D[J[00:03:35.609,000] [0m<inf> imu: ICM-42688-P  a  -0.172   9.768   0.316  g  -0.001  -0.005   0.000[0m
[1;32muart:~$ [m[8D[J[00:03:35.710,000] [0m<inf> imu: LSM6DS3TR-C  a  -0.364   9.850   0.537  g   0.022  -0.060   0.016[0m
[1;32muart:~$ [m[8D[J[1;32muart:~$ [m[8D[J[00:03:35.711,000] [0m<inf> imu: LSM6DSV16X   a  -0.138   9.833   0.924  g  -0.011   0.002  -0.003[0m
[1;32muart:~$ [m[8D[J[00:03:35.712,000] [0m<inf> imu: ICM-42688-P  a  -0.163   9.760   0.324  g   0.001  -0.005  -0.001[0m
[1;32muart:~$ [m[8D[J[00:03:35.813,000] [0m<inf> imu: LSM6DS3TR-C  a  -0.355   9.858   0.558  g   0.023  -0.061   0.015[0m
[1;32muart:~$ [m[8D[J[1;32muart:~$ [m[8D[J[00:03:35.814,000] [0m<inf> imu: LSM6DSV16X   a  -0.132   9.837   0.924  g  -0.012   0.002  -0.003[0m
[1;32muart:~$ [m[8D[J[00:03:35.814,000] [0m<inf> imu: ICM-42688-P  a  -0.164   9.768   0.322  g   0.000  -0.005   0.001[0m
[1;32muart:~$ [m[8D[J[00:03:35.915,000] [0m<inf> imu: LSM6DS3TR-C  a  -0.342   9.862   0.562  g   0.023  -0.060   0.015[0m
[1;32muart:~$ [m[8D[J[00:03:35.916,000] [0m<inf> imu: LSM6DSV16X   a  -0.132   9.842   0.928  g  -0.012   0.002  -0.002[0m
[1;32muart:~$ [m[8D[J[1;32muart:~$ [m[8D[J[00:03:35.916,000] [0m<inf> imu: ICM-42688-P  a  -0.157   9.753   0.324  g   0.001  -0.006   0.000[0m
[1;32muart:~$ [m[8D[J[1;32muart:~$ [m[8D[J[00:03:36.018,000] [0m<inf> imu: LSM6DS3TR-C  a  -0.353   9.805   0.549  g   0.024  -0.061   0.014[0m
[1;32muart:~$ [m[8D[J[00:03:36.018,000] [0m<inf> imu: LSM6DSV16X   a  -0.132   9.825   0.919  g  -0.011   0.001  -0.003[0m
[1;32muart:~$ [m[8D[J[1;32muart:~$ [m[8D[J[00:03:36.019,000] [0m<inf> imu: ICM-42688-P  a  -0.162   9.754   0.308  g   0.000  -0.005   0.000[0m
[1;32muart:~$ [m[8D[J[00:03:36.120,000] [0m<inf> imu: LSM6DS3TR-C  a  -0.344   9.837   0.562  g   0.022  -0.063   0.015[0m
[1;32muart:~$ [m[8D[J[1;32muart:~$ [m[8D[J[00:03:36.121,000] [0m<inf> imu: LSM6DSV16X   a  -0.132   9.842   0.928  g  -0.011   0.002  -0.003[0m
[1;32muart:~$ [m[8D[J[00:03:36.121,000] [0m<inf> imu: ICM-42688-P  a  -0.151   9.760   0.335  g   0.001  -0.005   0.001[0m
[1;32muart:~$ [m[8D[J[1;32muart:~$ [m[8D[J[00:03:36.222,000] [0m<inf> imu: LSM6DS3TR-C  a  -0.381   9.838   0.601  g   0.024  -0.062   0.014[0m
[1;32muart:~$ [m[8D[J[00:03:36.223,000] [0m<inf> imu: LSM6DSV16X   a  -0.137   9.832   0.937  g  -0.012   0.002  -0.003[0m
[1;32muart:~$ [m[8D[J[1;32muart:~$ [m[8D[J[00:03:36.223,000] [0m<inf> imu: ICM-42688-P  a  -0.168   9.756   0.320  g  -0.000  -0.005   0.000[0m
[1;32muart:~$ [m[8D[J[00:03:36.324,000] [0m<inf> imu: LSM6DS3TR-C  a  -0.349   9.837   0.584  g   0.022  -0.062   0.017[0m
[1;32muart:~$ [m[8D[J[00:03:36.325,000] [0m<inf> imu: LSM6DSV16X   a  -0.129   9.832   0.918  g  -0.011   0.002  -0.002[0m
[1;32muart:~$ [m[8D[J[1;32muart:~$ [m[8D[J[00:03:36.326,000] [0m<inf> imu: ICM-42688-P  a  -0.152   9.756   0.324  g  -0.000  -0.005   0.000[0m
[1;32muart:~$ [m[8D[J[00:03:36.428,000] [0m<inf> imu: LSM6DS3TR-C  a  -0.356   9.832   0.559  g   0.022  -0.061   0.015[0m
[1;32muart:~$ [m[8D[J[1;32muart:~$ [m[8D[J[00:03:36.429,000] [0m<inf> imu: LSM6DSV16X   a  -0.134   9.832   0.928  g  -0.012   0.002  -0.003[0m
[1;32muart:~$ [m[8D[J[00:03:36.429,000] [0m<inf> imu: ICM-42688-P  a  -0.157   9.764   0.321  g   0.000  -0.005   0.001[0m
[1;32muart:~$ [m[8D[J[00:03:36.531,000] [0m<inf> imu: LSM6DS3TR-C  a  -0.336   9.876   0.575  g   0.022  -0.060   0.014[0m
[1;32muart:~$ [m[8D[J[1;32muart:~$ [m[8D[J[00:03:36.531,000] [0m<inf> imu: LSM6DSV16X   a  -0.127   9.840   0.924  g  -0.011   0.002  -0.003[0m
[1;32muart:~$ [m[8D[J[00:03:36.532,000] [0m<inf> imu: ICM-42688-P  a  -0.158   9.765   0.315  g  -0.000  -0.005   0.000[0m
[1;32muart:~$ [m[8D[J[1;32muart:~$ [m[8D[J[00:03:36.633,000] [0m<inf> imu: LSM6DS3TR-C  a  -0.357   9.842   0.522  g   0.022  -0.060   0.014[0m
[1;32muart:~$ [m[8D[J[00:03:36.634,000] [0m<inf> imu: LSM6DSV16X   a  -0.134   9.836   0.923  g  -0.012   0.002  -0.002[0m
[1;32muart:~$ [m[8D[J[1;32muart:~$ [m[8D[J[00:03:36.635,000] [0m<inf> imu: ICM-42688-P  a  -0.170   9.772   0.321  g  -0.000  -0.005   0.000[0m
[1;32muart:~$ [m[8D[J[00:03:36.736,000] [0m<inf> imu: LSM6DS3TR-C  a  -0.339   9.840   0.569  g   0.023  -0.060   0.015[0m
[1;32muart:~$ [m[8D[J[1;32muart:~$ [m[8D[J[00:03:36.737,000] [0m<inf> imu: LSM6DSV16X   a  -0.132   9.839   0.919  g  -0.011   0.002  -0.003[0m
[1;32muart:~$ [m[8D[J[00:03:36.737,000] [0m<inf> imu: ICM-42688-P  a  -0.150   9.756   0.323  g   0.000  -0.006   0.000[0m
[1;32muart:~$ [m[8D[J[1;32muart:~$ [m[8D[J[00:03:36.838,000] [0m<inf> imu: LSM6DS3TR-C  a  -0.358   9.860   0.572  g   0.023  -0.060   0.015[0m
[1;32muart:~$ [m[8D[J[00:03:36.839,000] [0m<inf> imu: LSM6DSV16X   a  -0.132   9.842   0.931  g  -0.011   0.002  -0.002[0m
[1;32muart:~$ [m[8D[J[1;32muart:~$ [m[8D[J[00:03:36.839,000] [0m<inf> imu: ICM-42688-P  a  -0.159   9.765   0.318  g   0.000  -0.005   0.000[0m
[1;32muart:~$ [m[8D[J[00:03:36.940,000] [0m<inf> imu: LSM6DS3TR-C  a  -0.384   9.871   0.548  g   0.021  -0.060   0.016[0m
[1;32muart:~$ [m[8D[J[00:03:36.941,000] [0m<inf> imu: LSM6DSV16X   a  -0.129   9.839   0.930  g  -0.011   0.001  -0.003[0m
[1;32muart:~$ [m[8D[J[1;32muart:~$ [m[8D[J[00:03:36.942,000] [0m<inf> imu: ICM-42688-P  a  -0.153   9.754   0.320  g   0.000  -0.005   0.001[0m
[1;32muart:~$ [m[8D[J[00:03:37.043,000] [0m<inf> imu: LSM6DS3TR-C  a  -0.367   9.879   0.539  g   0.024  -0.061   0.013[0m
[1;32muart:~$ [m[8D[J[1;32muart:~$ [m[8D[J[00:03:37.044,000] [0m<inf> imu: LSM6DSV16X   a  -0.135   9.848   0.936  g  -0.012   0.001  -0.003[0m
[1;32muart:~$ [m[8D[J[00:03:37.045,000] [0m<inf> imu: ICM-42688-P  a  -0.160   9.761   0.324  g  -0.000  -0.005   0.001[0m
[1;32muart:~$ [m[8D[J[00:03:37.146,000] [0m<inf> imu: LSM6DS3TR-C  a  -0.322   9.838   0.564  g   0.023  -0.060   0.014[0m
[1;32muart:~$ [m[8D[J[1;32muart:~$ [m[8D[J[00:03:37.147,000] [0m<inf> imu: LSM6DSV16X   a  -0.132   9.835   0.916  g  -0.012   0.003  -0.003[0m
[1;32muart:~$ [m[8D[J[00:03:37.147,000] [0m<inf> imu: ICM-42688-P  a  -0.163   9.756   0.318  g   0.000  -0.005  -0.001[0m
[1;32muart:~$ [m[8D[J[00:03:37.249,000] [0m<inf> imu: LSM6DS3TR-C  a  -0.338   9.839   0.525  g   0.024  -0.060   0.016[0m
[1;32muart:~$ [m[8D[J[00:03:37.249,000] [0m<inf> imu: LSM6DSV16X   a  -0.127   9.832   0.913  g  -0.012   0.003  -0.003[0m
[1;32muart:~$ [m[8D[J[1;32muart:~$ [m[8D[J[00:03:37.250,000] [0m<inf> imu: ICM-42688-P  a  -0.163   9.756   0.334  g  -0.000  -0.004   0.000[0m
[1;32muart:~$ [m[8D[J[1;32muart:~$ [m[8D[J[00:03:37.351,000] [0m<inf> imu: LSM6DS3TR-C  a  -0.367   9.882   0.535  g   0.023  -0.060   0.015[0m
[1;32muart:~$ [m[8D[J[00:03:37.352,000] [0m<inf> imu: LSM6DSV16X   a  -0.129   9.837   0.917  g  -0.012   0.003  -0.003[0m
[1;32muart:~$ [m[8D[J[1;32muart:~$ [m[8D[J[00:03:37.352,000] [0m<inf> imu: ICM-42688-P  a  -0.160   9.760   0.326  g   0.001  -0.005   0.001[0m
[1;32muart:~$ [m[8D[J[00:03:37.453,000] [0m<inf> imu: LSM6DS3TR-C  a  -0.358   9.857   0.538  g   0.023  -0.061   0.015[0m
[1;32muart:~$ [m[8D[J[1;32muart:~$ [m[8D[J[00:03:37.454,000] [0m<inf> imu: LSM6DSV16X   a  -0.127   9.839   0.936  g  -0.012   0.002  -0.003[0m
[1;32muart:~$ [m[8D[J[00:03:37.454,000] [0m<inf> imu: ICM-42688-P  a  -0.158   9.760   0.308  g  -0.002  -0.005   0.000[0m
[1;32muart:~$ [m[8D[J[1;32muart:~$ [m[8D[J[00:03:37.555,000] [0m<inf> imu: LSM6DS3TR-C  a  -0.358   9.817   0.548  g   0.024  -0.062   0.015[0m
[1;32muart:~$ [m[8D[J[00:03:37.556,000] [0m<inf> imu: LSM6DSV16X   a  -0.131   9.842   0.928  g  -0.011   0.003  -0.003[0m
[1;32muart:~$ [m[8D[J[1;32muart:~$ [m[8D[J[00:03:37.557,000] [0m<inf> imu: ICM-42688-P  a  -0.154   9.761   0.320  g   0.000  -0.005   0.001[0m
[1;32muart:~$ [m[8D[J[00:03:37.658,000] [0m<inf> imu: LSM6DS3TR-C  a  -0.368   9.864   0.580  g   0.023  -0.060   0.016[0m
[1;32muart:~$ [m[8D[J[00:03:37.658,000] [0m<inf> imu: LSM6DSV16X   a  -0.132   9.832   0.914  g  -0.012   0.002  -0.003[0m
[1;32muart:~$ [m[8D[J[1;32muart:~$ [m[8D[J[00:03:37.659,000] [0m<inf> imu: ICM-42688-P  a  -0.153   9.760   0.309  g   0.000  -0.005   0.000[0m
[1;32muart:~$ [m[8D[J[00:03:37.761,000] [0m<inf> imu: LSM6DS3TR-C  a  -0.375   9.849   0.573  g   0.025  -0.062   0.016[0m
[1;32muart:~$ [m[8D[J[1;32muart:~$ [m[8D[J[00:03:37.762,000] [0m<inf> imu: LSM6DSV16X   a  -0.134   9.849   0.948  g  -0.011   0.002  -0.002[0m
[1;32muart:~$ [m[8D[J[00:03:37.763,000] [0m<inf> imu: ICM-42688-P  a  -0.166   9.776   0.356  g   0.001  -0.005   0.001[0m
[1;32muart:~$ [m[8D[J[00:03:37.864,000] [0m<inf> imu: LSM6DS3TR-C  a  -0.349   9.827   0.577  g   0.026  -0.063   0.018[0m
[1;32muart:~$ [m[8D[J[1;32muart:~$ [m[8D[J[00:03:37.864,000] [0m<inf> imu: LSM6DSV16X   a  -0.122   9.835   0.933  g  -0.009   0.002   0.000[0m
[1;32muart:~$ [m[8D[J[00:03:37.865,000] [0m<inf> imu: ICM-42688-P  a  -0.159   9.753   0.332  g   0.003  -0.005   0.002[0m
[1;32muart:~$ [m[8D[J[1;32muart:~$ [m[8D[J[00:03:37.966,000] [0m<inf> imu: LSM6DS3TR-C  a  -0.346   9.768   0.497  g   0.026  -0.061   0.013[0m
[1;32muart:~$ [m[8D[J[00:03:37.968,000] [0m<inf> imu: LSM6DSV16X   a  -0.138   9.791   0.882  g  -0.009   0.002  -0.002[0m
[1;32muart:~$ [m[8D[J[00:03:37.968,000] [0m<inf> imu: ICM-42688-P  a  -0.172   9.689   0.260  g   0.001  -0.006   0.001[0m
[1;32muart:~$ [m[8D[J[1;32muart:~$ [m[8D[J[00:03:38.070,000] [0m<inf> imu: LSM6DS3TR-C  a  -0.333   9.820   0.543  g   0.022  -0.061   0.013[0m
[1;32muart:~$ [m[8D[J[00:03:38.070,000] [0m<inf> imu: LSM6DSV16X   a  -0.118   9.827   0.912  g  -0.012   0.002  -0.003[0m
[1;32muart:~$ [m[8D[J[1;32muart:~$ [m[8D[J[00:03:38.071,000] [0m<inf> imu: ICM-42688-P  a  -0.140   9.740   0.302  g  -0.001  -0.005   0.000[0m
[1;32muart:~$ [m[8D[J[00:03:38.172,000] [0m<inf> imu: LSM6DS3TR-C  a  -0.365   9.826   0.577  g   0.024  -0.061   0.013[0m
[1;32muart:~$ [m[8D[J[00:03:38.173,000] [0m<inf> imu: LSM6DSV16X   a  -0.129   9.851   0.950  g  -0.010   0.001  -0.002[0m
[1;32muart:~$ [m[8D[J[1;32muart:~$ [m[8D[J[00:03:38.173,000] [0m<inf> imu: ICM-42688-P  a  -0.163   9.802   0.339  g   0.001  -0.005   0.001[0m
[1;32muart:~$ [m[8D[J[00:03:38.274,000] [0m<inf> imu: LSM6DS3TR-C  a  -0.370   9.858   0.557  g   0.021  -0.061   0.014[0m
[1;32muart:~$ [m[8D[J[1;32muart:~$ [m[8D[J[00:03:38.275,000] [0m<inf> imu: LSM6DSV16X   a  -0.121   9.832   0.912  g  -0.014   0.002  -0.003[0m
[1;32muart:~$ [m[8D[J[00:03:38.275,000] [0m<inf> imu: ICM-42688-P  a  -0.154   9.748   0.303  g  -0.001  -0.005   0.000[0m
[1;32muart:~$ [m[8D[J[00:03:38.377,000] [0m<inf> imu: LSM6DS3TR-C  a  -0.377   9.837   0.490  g   0.025  -0.059   0.015[0m
[1;32muart:~$ [m[8D[J[00:03:38.377,000] [0m<inf> imu: LSM6DSV16X   a  -0.134   9.835   0.909  g  -0.010   0.002  -0.003[0m
[1;32muart:~$ [m[8D[J[00:03:38.378,000] [0m<inf> imu: ICM-42688-P  a  -0.163   9.773   0.303  g   0.000  -0.004   0.001[0m
[1;32muart:~$ [m[8D[J[1;32muart:~$ [m[8D[J[00:03:38.479,000] [0m<inf> imu: LSM6DS3TR-C  a  -0.370   9.866   0.566  g   0.023  -0.060   0.014[0m
[1;32muart:~$ [m[8D[J[00:03:38.480,000] [0m<inf> imu: LSM6DSV16X   a  -0.124   9.829   0.921  g  -0.012   0.003  -0.003[0m
[1;32muart:~$ [m[8D[J[1;32muart:~$ [m[8D[J[00:03:38.480,000] [0m<inf> imu: ICM-42688-P  a  -0.158   9.754   0.309  g  -0.001  -0.005   0.000[0m
[1;32muart:~$ [m[8D[J[00:03:38.581,000] [0m<inf> imu: LSM6DS3TR-C  a  -0.374   9.829   0.547  g   0.023  -0.060   0.016[0m
[1;32muart:~$ [m[8D[J[1;32muart:~$ [m[8D[J[00:03:38.582,000] [0m<inf> imu: LSM6DSV16X   a  -0.126   9.839   0.931  g  -0.011   0.002  -0.002[0m
[1;32muart:~$ [m[8D[J[00:03:38.583,000] [0m<inf> imu: ICM-42688-P  a  -0.152   9.776   0.324  g   0.000  -0.005   0.000[0m
[1;32muart:~$ [m[8D[J[1;32muart:~$ [m[8D[J[00:03:38.684,000] [0m<inf> imu: LSM6DS3TR-C  a  -0.367   9.866   0.554  g   0.024  -0.061   0.013[0m
[1;32muart:~$ [m[8D[J[00:03:38.684,000] [0m<inf> imu: LSM6DSV16X   a  -0.137   9.849   0.919  g  -0.012   0.002  -0.003[0m
[1;32muart:~$ [m[8D[J[1;32muart:~$ [m[8D[J[00:03:38.685,000] [0m<inf> imu: ICM-42688-P  a  -0.168   9.730   0.311  g  -0.001  -0.005   0.000[0m
[1;32muart:~$ [m[8D[J[00:03:38.786,000] [0m<inf> imu: LSM6DS3TR-C  a  -0.316   9.822   0.543  g   0.023  -0.060   0.015[0m
[1;32muart:~$ [m[8D[J[1;32muart:~$ [m[8D[J[00:03:38.787,000] [0m<inf> imu: LSM6DSV16X   a  -0.126   9.842   0.917  g  -0.011   0.002  -0.003[0m
[1;32muart:~$ [m[8D[J[00:03:38.787,000] [0m<inf> imu: ICM-42688-P  a  -0.150   9.764   0.317  g   0.001  -0.006   0.001[0m
[1;32muart:~$ [m[8D[J[1;32muart:~$ [m[8D[J[00:03:38.888,000] [0m<inf> imu: LSM6DS3TR-C  a  -0.350   9.840   0.536  g   0.023  -0.060   0.014[0m
[1;32muart:~$ [m[8D[J[00:03:38.889,000] [0m<inf> imu: LSM6DSV16X   a  -0.142   9.830   0.924  g  -0.012   0.001  -0.003[0m
[1;32muart:~$ [m[8D[J[1;32muart:~$ [m[8D[J[00:03:38.889,000] [0m<inf> imu: ICM-42688-P  a  -0.159   9.752   0.305  g   0.000  -0.005  -0.000[0m
[1;32muart:~$ [m[8D[J[00:03:38.990,000] [0m<inf> imu: LSM6DS3TR-C  a  -0.377   9.864   0.549  g   0.024  -0.060   0.014[0m
[1;32muart:~$ [m[8D[J[00:03:38.991,000] [0m<inf> imu: LSM6DSV16X   a  -0.127   9.849   0.931  g  -0.012   0.002  -0.003[0m
[1;32muart:~$ [m[8D[J[1;32muart:~$ [m[8D[J[00:03:38.992,000] [0m<inf> imu: ICM-42688-P  a  -0.169   9.764   0.324  g   0.000  -0.005   0.001[0m
[1;32muart:~$ [m[8D[J[00:03:39.093,000] [0m<inf> imu: LSM6DS3TR-C  a  -0.361   9.850   0.550  g   0.022  -0.062   0.015[0m
[1;32muart:~$ [m[8D[J[1;32muart:~$ [m[8D[J[00:03:39.094,000] [0m<inf> imu: LSM6DSV16X   a  -0.129   9.825   0.912  g  -0.012   0.002  -0.003[0m
[1;32muart:~$ [m[8D[J[00:03:39.094,000] [0m<inf> imu: ICM-42688-P  a  -0.150   9.740   0.306  g  -0.001  -0.005   0.000[0m
[1;32muart:~$ [m[8D[J[00:03:39.196,000] [0m<inf> imu: LSM6DS3TR-C  a  -0.384   9.894   0.551  g   0.023  -0.060   0.015[0m
[1;32muart:~$ [m[8D[J[1;32muart:~$ [m[8D[J[00:03:39.196,000] [0m<inf> imu: LSM6DSV16X   a  -0.134   9.856   0.924  g  -0.012   0.003  -0.003[0m
[1;32muart:~$ [m[8D[J[00:03:39.197,000] [0m<inf> imu: ICM-42688-P  a  -0.166   9.786   0.312  g  -0.001  -0.005  -0.001[0m
[1;32muart:~$ [m[8D[J[00:03:39.298,000] [0m<inf> imu: LSM6DS3TR-C  a  -0.329   9.843   0.593  g   0.022  -0.059   0.014[0m
[1;32muart:~$ [m[8D[J[00:03:39.299,000] [0m<inf> imu: LSM6DSV16X   a  -0.124   9.823   0.916  g  -0.012   0.002  -0.003[0m
[1;32muart:~$ [m[8D[J[1;32muart:~$ [m[8D[J[00:03:39.299,000] [0m<inf> imu: ICM-42688-P  a  -0.152   9.748   0.318  g  -0.001  -0.005   0.001[0m
[1;32muart:~$ [m[8D[J[1;32muart:~$ [m[8D[J[00:03:39.400,000] [0m<inf> imu: LSM6DS3TR-C  a  -0.334   9.858   0.497  g   0.024  -0.060   0.014[0m
[1;32muart:~$ [m[8D[J[00:03:39.401,000] [0m<inf> imu: LSM6DSV16X   a  -0.137   9.859   0.904  g  -0.011   0.002  -0.003[0m
[1;32muart:~$ [m[8D[J[1;32muart:~$ [m[8D[J[00:03:39.401,000] [0m<inf> imu: ICM-42688-P  a  -0.165   9.782   0.321  g   0.001  -0.005   0.001[0m
[1;32muart:~$ [m[8D[J[00:03:39.502,000] [0m<inf> imu: LSM6DS3TR-C  a  -0.389   9.824   0.541  g   0.023  -0.061   0.014[0m
[1;32muart:~$ [m[8D[J[1;32muart:~$ [m[8D[J[00:03:39.503,000] [0m<inf> imu: LSM6DSV16X   a  -0.127   9.815   0.918  g  -0.012   0.002  -0.003[0m
[1;32muart:~$ [m[8D[J[00:03:39.504,000] [0m<inf> imu: ICM-42688-P  a  -0.154   9.735   0.314  g   0.001  -0.005   0.000[0m
[1;32muart:~$ [m[8D[J[1;32muart:~$ [m[8D[J[00:03:39.605,000] [0m<inf> imu: LSM6DS3TR-C  a  -0.371   9.837   0.543  g   0.024  -0.061   0.013[0m
[1;32muart:~$ [m[8D[J[00:03:39.605,000] [0m<inf> imu: LSM6DSV16X   a  -0.129   9.866   0.922  g  -0.011   0.002  -0.002[0m
[1;32muart:~$ [m[8D[J[1;32muart:~$ [m[8D[J[00:03:39.606,000] [0m<inf> imu: ICM-42688-P  a  -0.156   9.786   0.314  g   0.000  -0.005   0.000[0m
[1;32muart:~$ [m[8D[J[00:03:39.707,000] [0m<inf> imu: LSM6DS3TR-C  a  -0.393   9.831   0.560  g   0.023  -0.060   0.014[0m
[1;32muart:~$ [m[8D[J[00:03:39.708,000] [0m<inf> imu: LSM6DSV16X   a  -0.120   9.821   0.916  g  -0.011   0.002  -0.003[0m
[1;32muart:~$ [m[8D[J[1;32muart:~$ [m[8D[J[00:03:39.708,000] [0m<inf> imu: ICM-42688-P  a  -0.147   9.738   0.314  g   0.000  -0.005   0.001[0m
[1;32muart:~$ [m[8D[J[00:03:39.809,000] [0m<inf> imu: LSM6DS3TR-C  a  -0.344   9.867   0.539  g   0.020  -0.060   0.014[0m
[1;32muart:~$ [m[8D[J[1;32muart:~$ [m[8D[J[00:03:39.811,000] [0m<inf> imu: LSM6DSV16X   a  -0.137   9.859   0.919  g  -0.011   0.002  -0.003[0m
[1;32muart:~$ [m[8D[J[00:03:39.811,000] [0m<inf> imu: ICM-42688-P  a  -0.165   9.772   0.314  g   0.000  -0.005   0.001[0m
[1;32muart:~$ [m[8D[J[1;32muart:~$ [m[8D[J[00:03:39.912,000] [0m<inf> imu: LSM6DS3TR-C  a  -0.361   9.827   0.568  g   0.023  -0.060   0.013[0m
[1;32muart:~$ [m[8D[J[00:03:39.913,000] [0m<inf> imu: LSM6DSV16X   a  -0.127   9.825   0.918  g  -0.012   0.002  -0.003[0m
[1;32muart:~$ [m[8D[J[00:03:39.914,000] [0m<inf> imu: ICM-42688-P  a  -0.150   9.749   0.314  g   0.000  -0.005   0.001[0m
[1;32muart:~$ [m[8D[J[1;32muart:~$ [m[8D[J[00:03:40.015,000] [0m<inf> imu: LSM6DS3TR-C  a  -0.369   9.857   0.577  g   0.021  -0.060   0.016[0m
[1;32muart:~$ [m[8D[J[00:03:40.017,000] [0m<inf> imu: LSM6DSV16X   a  -0.132   9.848   0.919  g  -0.011   0.002  -0.002[0m
[1;32muart:~$ [m[8D[J[1;32muart:~$ [m[8D[J[00:03:40.017,000] [0m<inf> imu: ICM-42688-P  a  -0.159   9.770   0.310  g   0.000  -0.004   0.000[0m
[1;32muart:~$ [m[8D[J[00:03:40.118,000] [0m<inf> imu: LSM6DS3TR-C  a  -0.377   9.830   0.546  g   0.024  -0.062   0.016[0m
[1;32muart:~$ [m[8D[J[1;32muart:~$ [m[8D[J[00:03:40.119,000] [0m<inf> imu: LSM6DSV16X   a  -0.129   9.830   0.928  g  -0.012   0.002  -0.002[0m
[1;32muart:~$ [m[8D[J[00:03:40.120,000] [0m<inf> imu: ICM-42688-P  a  -0.156   9.748   0.308  g  -0.000  -0.004  -0.001[0m
[1;32muart:~$ [m[8D[J[1;32muart:~$ [m[8D[J[00:03:40.221,000] [0m<inf> imu: LSM6DS3TR-C  a  -0.361   9.875   0.534  g   0.023  -0.060   0.016[0m
[1;32muart:~$ [m[8D[J[00:03:40.221,000] [0m<inf> imu: LSM6DSV16X   a  -0.124   9.845   0.921  g  -0.011   0.001  -0.003[0m
[1;32muart:~$ [m[8D[J[1;32muart:~$ [m[8D[J[00:03:40.222,000] [0m<inf> imu: ICM-42688-P  a  -0.166   9.760   0.334  g  -0.001  -0.005   0.000[0m
[1;32muart:~$ [m[8D[J[00:03:40.323,000] [0m<inf> imu: LSM6DS3TR-C  a  -0.347   9.824   0.519  g   0.023  -0.062   0.013[0m
[1;32muart:~$ [m[8D[J[00:03:40.324,000] [0m<inf> imu: LSM6DSV16X   a  -0.127   9.839   0.928  g  -0.012   0.002  -0.002[0m
[1;32muart:~$ [m[8D[J[1;32muart:~$ [m[8D[J[00:03:40.324,000] [0m<inf> imu: ICM-42688-P  a  -0.151   9.760   0.333  g   0.001  -0.005   0.000[0m
[1;32muart:~$ [m[8D[J[00:03:40.426,000] [0m<inf> imu: LSM6DS3TR-C  a  -0.342   9.865   0.538  g   0.022  -0.061   0.014[0m
[1;32muart:~$ [m[8D[J[1;32muart:~$ [m[8D[J[00:03:40.427,000] [0m<inf> imu: LSM6DSV16X   a  -0.132   9.840   0.921  g  -0.013   0.002  -0.003[0m
[1;32muart:~$ [m[8D[J[00:03:40.427,000] [0m<inf> imu: ICM-42688-P  a  -0.156   9.768   0.323  g   0.000  -0.005   0.000[0m
[1;32muart:~$ [m[8D[J[00:03:40.528,000] [0m<inf> imu: LSM6DS3TR-C  a  -0.319   9.860   0.565  g   0.024  -0.061   0.017[0m
[1;32muart:~$ [m[8D[J[1;32muart:~$ [m[8D[J[00:03:40.529,000] [0m<inf> imu: LSM6DSV16X   a  -0.124   9.835   0.926  g  -0.011   0.002  -0.003[0m
[1;32muart:~$ [m[8D[J[00:03:40.530,000] [0m<inf> imu: ICM-42688-P  a  -0.146   9.756   0.320  g   0.000  -0.005   0.000[0m
[1;32muart:~$ [m[8D[J[00:03:40.631,000] [0m<inf> imu: LSM6DS3TR-C  a  -0.368   9.842   0.547  g   0.022  -0.062   0.014[0m
[1;32muart:~$ [m[8D[J[00:03:40.631,000] [0m<inf> imu: LSM6DSV16X   a  -0.127   9.846   0.928  g  -0.011   0.002  -0.003[0m
[1;32muart:~$ [m[8D[J[1;32muart:~$ [m[8D[J[00:03:40.632,000] [0m<inf> imu: ICM-42688-P  a  -0.163   9.765   0.321  g   0.000  -0.005   0.000[0m
[1;32muart:~$ [m[8D[J[1;32muart:~$ [m[8D[J[00:03:40.733,000] [0m<inf> imu: LSM6DS3TR-C  a  -0.333   9.818   0.563  g   0.024  -0.062   0.016[0m
[1;32muart:~$ [m[8D[J[00:03:40.734,000] [0m<inf> imu: LSM6DSV16X   a  -0.122   9.820   0.918  g  -0.011   0.001  -0.002[0m
[1;32muart:~$ [m[8D[J[1;32muart:~$ [m[8D[J[00:03:40.734,000] [0m<inf> imu: ICM-42688-P  a  -0.154   9.749   0.303  g   0.001  -0.005   0.001[0m
[1;32muart:~$ [m[8D[J[00:03:40.835,000] [0m<inf> imu: LSM6DS3TR-C  a  -0.334   9.867   0.533  g   0.023  -0.060   0.014[0m
[1;32muart:~$ [m[8D[J[1;32muart:~$ [m[8D[J[00:03:40.836,000] [0m<inf> imu: LSM6DSV16X   a  -0.136   9.840   0.927  g  -0.011   0.002  -0.003[0m
[1;32muart:~$ [m[8D[J[00:03:40.836,000] [0m<inf> imu: ICM-42688-P  a  -0.156   9.777   0.311  g  -0.001  -0.005   0.000[0m
[1;32muart:~$ [m[8D[J[1;32muart:~$ [m[8D[J[00:03:40.937,000] [0m<inf> imu: LSM6DS3TR-C  a  -0.336   9.849   0.550  g   0.024  -0.060   0.016[0m
[1;32muart:~$ [m[8D[J[00:03:40.938,000] [0m<inf> imu: LSM6DSV16X   a  -0.132   9.839   0.926  g  -0.011   0.001  -0.003[0m
[1;32muart:~$ [m[8D[J[1;32muart:~$ [m[8D[J[00:03:40.939,000] [0m<inf> imu: ICM-42688-P  a  -0.154   9.766   0.326  g   0.000  -0.005   0.001[0m
[1;32muart:~$ [m[8D[J[00:03:41.040,000] [0m<inf> imu: LSM6DS3TR-C  a  -0.333   9.826   0.549  g   0.023  -0.060   0.014[0m
[1;32muart:~$ [m[8D[J[00:03:41.041,000] [0m<inf> imu: LSM6DSV16X   a  -0.129   9.840   0.934  g  -0.011   0.002  -0.002[0m
[1;32muart:~$ [m[8D[J[1;32muart:~$ [m[8D[J[00:03:41.041,000] [0m<inf> imu: ICM-42688-P  a  -0.163   9.756   0.344  g  -0.000  -0.005   0.000[0m
[1;32muart:~$ [m[8D[J[00:03:41.143,000] [0m<inf> imu: LSM6DS3TR-C  a  -0.349   9.877   0.561  g   0.024  -0.061   0.016[0m
[1;32muart:~$ [m[8D[J[1;32muart:~$ [m[8D[J[00:03:41.144,000] [0m<inf> imu: LSM6DSV16X   a  -0.117   9.837   0.924  g  -0.012   0.002  -0.003[0m
[1;32muart:~$ [m[8D[J[00:03:41.145,000] [0m<inf> imu: ICM-42688-P  a  -0.160   9.770   0.311  g   0.001  -0.005   0.001[0m
[1;32muart:~$ [m[8D[J[00:03:41.246,000] [0m<inf> imu: LSM6DS3TR-C  a  -0.373   9.852   0.543  g   0.023  -0.062   0.014[0m
[1;32muart:~$ [m[8D[J[1;32muart:~$ [m[8D[J[00:03:41.247,000] [0m<inf> imu: LSM6DSV16X   a  -0.125   9.832   0.928  g  -0.012   0.002  -0.003[0m
[1;32muart:~$ [m[8D[J[00:03:41.247,000] [0m<inf> imu: ICM-42688-P  a  -0.166   9.768   0.311  g   0.001  -0.005   0.001[0m
[1;32muart:~$ [m[8D[J[1;32muart:~$ [m[8D[J[00:03:41.348,000] [0m<inf> imu: LSM6DS3TR-C  a  -0.368   9.875   0.546  g   0.024  -0.061   0.014[0m
[1;32muart:~$ [m[8D[J[00:03:41.350,000] [0m<inf> imu: LSM6DSV16X   a  -0.132   9.840   0.921  g  -0.012   0.002  -0.003[0m
[1;32muart:~$ [m[8D[J[1;32muart:~$ [m[8D[J[00:03:41.351,000] [0m<inf> imu: ICM-42688-P  a  -0.164   9.773   0.309  g  -0.001  -0.005   0.000[0m
[1;32muart:~$ [m[8D[J[00:03:41.452,000] [0m<inf> imu: LSM6DS3TR-C  a  -0.361   9.832   0.562  g   0.024  -0.060   0.014[0m
[1;32muart:~$ [m[8D[J[1;32muart:~$ [m[8D[J[00:03:41.452,000] [0m<inf> imu: LSM6DSV16X   a  -0.132   9.837   0.928  g  -0.011   0.003  -0.003[0m
[1;32muart:~$ [m[8D[J[00:03:41.453,000] [0m<inf> imu: ICM-42688-P  a  -0.160   9.760   0.320  g   0.000  -0.005  -0.001[0m
[1;32muart:~$ [m[8D[J[1;32muart:~$ [m[8D[J[00:03:41.554,000] [0m<inf> imu: LSM6DS3TR-C  a  -0.350   9.830   0.523  g   0.023  -0.062   0.014[0m
[1;32muart:~$ [m[8D[J[00:03:41.555,000] [0m<inf> imu: LSM6DSV16X   a  -0.130   9.835   0.915  g  -0.012   0.002  -0.003[0m
[1;32muart:~$ [m[8D[J[1;32muart:~$ [m[8D[J[00:03:41.555,000] [0m<inf> imu: ICM-42688-P  a  -0.163   9.758   0.317  g  -0.001  -0.005   0.001[0m
[1;32muart:~$ [m[8D[J[00:03:41.656,000] [0m<inf> imu: LSM6DS3TR-C  a  -0.380   9.787   0.583  g   0.021  -0.061   0.014[0m
[1;32muart:~$ [m[8D[J[00:03:41.657,000] [0m<inf> imu: LSM6DSV16X   a  -0.119   9.820   0.913  g  -0.012   0.002  -0.002[0m
[1;32muart:~$ [m[8D[J[1;32muart:~$ [m[8D[J[00:03:41.657,000] [0m<inf> imu: ICM-42688-P  a  -0.145   9.741   0.316  g   0.001  -0.005   0.001[0m
[1;32muart:~$ [m[8D[J[00:03:41.760,000] [0m<inf> imu: LSM6DS3TR-C  a  -0.364   9.845   0.544  g   0.024  -0.062   0.016[0m
[1;32muart:~$ [m[8D[J[00:03:41.760,000] [0m<inf> imu: LSM6DSV16X   a  -0.144   9.842   0.910  g  -0.012   0.002  -0.003[0m
[1;32muart:~$ [m[8D[J[1;32muart:~$ [m[8D[J[00:03:41.761,000] [0m<inf> imu: ICM-42688-P  a  -0.183   9.768   0.304  g  -0.001  -0.005  -0.001[0m
[1;32muart:~$ [m[8D[J[00:03:41.863,000] [0m<inf> imu: LSM6DS3TR-C  a  -0.329   9.867   0.532  g   0.023  -0.060   0.015[0m
[1;32muart:~$ [m[8D[J[1;32muart:~$ [m[8D[J[00:03:41.863,000] [0m<inf> imu: LSM6DSV16X   a  -0.117   9.837   0.931  g  -0.011   0.002  -0.003[0m
[1;32muart:~$ [m[8D[J[00:03:41.864,000] [0m<inf> imu: ICM-42688-P  a  -0.158   9.760   0.334  g   0.001  -0.005   0.001[0m
[1;32muart:~$ [m[8D[J[1;32muart:~$ [m[8D[J[00:03:41.965,000] [0m<inf> imu: LSM6DS3TR-C  a  -0.348   9.861   0.544  g   0.024  -0.061   0.015[0m
[1;32muart:~$ [m[8D[J[00:03:41.967,000] [0m<inf> imu: LSM6DSV16X   a  -0.119   9.853   0.935  g  -0.013   0.002  -0.003[0m
[1;32muart:~$ [m[8D[J[00:03:41.967,000] [0m<inf> imu: ICM-42688-P  a  -0.144   9.773   0.336  g  -0.000  -0.005   0.000[0m
[1;32muart:~$ [m[8D[J[1;32muart:~$ [m[8D[J[00:03:42.068,000] [0m<inf> imu: LSM6DS3TR-C  a  -0.382   9.845   0.564  g   0.023  -0.062   0.014[0m
[1;32muart:~$ [m[8D[J[00:03:42.069,000] [0m<inf> imu: LSM6DSV16X   a  -0.144   9.834   0.917  g  -0.011   0.002  -0.003[0m
[1;32muart:~$ [m[8D[J[00:03:42.070,000] [0m<inf> imu: ICM-42688-P  a  -0.164   9.752   0.298  g   0.000  -0.005   0.000[0m
[1;32muart:~$ [m[8D[J[1;32muart:~$ [m[8D[J[00:03:42.171,000] [0m<inf> imu: LSM6DS3TR-C  a  -0.357   9.859   0.582  g   0.023  -0.060   0.016[0m
[1;32muart:~$ [m[8D[J[00:03:42.171,000] [0m<inf> imu: LSM6DSV16X   a  -0.118   9.837   0.928  g  -0.011   0.003  -0.003[0m
[1;32muart:~$ [m[8D[J[1;32muart:~$ [m[8D[J[00:03:42.172,000] [0m<inf> imu: ICM-42688-P  a  -0.141   9.752   0.308  g  -0.000  -0.005  -0.000[0m
[1;32muart:~$ [m[8D[J[00:03:42.273,000] [0m<inf> imu: LSM6DS3TR-C  a  -0.356   9.832   0.537  g   0.024  -0.062   0.016[0m
[1;32muart:~$ [m[8D[J[1;32muart:~$ [m[8D[J[00:03:42.273,000] [0m<inf> imu: LSM6DSV16X   a  -0.139   9.835   0.926  g  -0.010   0.002  -0.003[0m
[1;32muart:~$ [m[8D[J[00:03:42.274,000] [0m<inf> imu: ICM-42688-P  a  -0.169   9.759   0.328  g  -0.001  -0.005   0.001[0m
[1;32muart:~$ [m[8D[J[00:03:42.375,000] [0m<inf> imu: LSM6DS3TR-C  a  -0.342   9.827   0.565  g   0.025  -0.059   0.015[0m
[1;32muart:~$ [m[8D[J[00:03:42.376,000] [0m<inf> imu: LSM6DSV16X   a  -0.118   9.837   0.921  g  -0.011   0.002  -0.003[0m
[1;32muart:~$ [m[8D[J[00:03:42.377,000] [0m<inf> imu: ICM-42688-P  a  -0.139   9.748   0.326  g   0.000  -0.005   0.000[0m
[1;32muart:~$ [m[8D[J[1;32muart:~$ [m[8D[J[00:03:42.478,000] [0m<inf> imu: LSM6DS3TR-C  a  -0.397   9.820   0.524  g   0.023  -0.058   0.015[0m
[1;32muart:~$ [m[8D[J[00:03:42.479,000] [0m<inf> imu: LSM6DSV16X   a  -0.133   9.858   0.916  g  -0.011   0.001  -0.003[0m
[1;32muart:~$ [m[8D[J[1;32muart:~$ [m[8D[J[00:03:42.479,000] [0m<inf> imu: ICM-42688-P  a  -0.153   9.779   0.308  g   0.001  -0.005   0.001[0m
[1;32muart:~$ [m[8D[J[00:03:42.581,000] [0m<inf> imu: LSM6DS3TR-C  a  -0.339   9.851   0.593  g   0.022  -0.060   0.015[0m
[1;32muart:~$ [m[8D[J[1;32muart:~$ [m[8D[J[00:03:42.581,000] [0m<inf> imu: LSM6DSV16X   a  -0.132   9.851   0.943  g  -0.012   0.002  -0.003[0m
[1;32muart:~$ [m[8D[J[00:03:42.582,000] [0m<inf> imu: ICM-42688-P  a  -0.136   9.765   0.345  g  -0.001  -0.005   0.000[0m
[1;32muart:~$ [m[8D[J[1;32muart:~$ [m[8D[J[00:03:42.683,000] [0m<inf> imu: LSM6DS3TR-C  a  -0.322   9.867   0.555  g   0.021  -0.060   0.016[0m
[1;32muart:~$ [m[8D[J[00:03:42.684,000] [0m<inf> imu: LSM6DSV16X   a  -0.105   9.837   0.913  g  -0.011   0.002  -0.002[0m
[1;32muart:~$ [m[8D[J[1;32muart:~$ [m[8D[J[00:03:42.684,000] [0m<inf> imu: ICM-42688-P  a  -0.151   9.777   0.308  g  -0.000  -0.005   0.001[0m
[1;32muart:~$ [m[8D[J[00:03:42.785,000] [0m<inf> imu: LSM6DS3TR-C  a  -0.406   9.833   0.516  g   0.021  -0.061   0.016[0m
[1;32muart:~$ [m[8D[J[1;32muart:~$ [m[8D[J[00:03:42.786,000] [0m<inf> imu: LSM6DSV16X   a  -0.165   9.818   0.896  g  -0.012   0.002  -0.003[0m
[1;32muart:~$ [m[8D[J[00:03:42.786,000] [0m<inf> imu: ICM-42688-P  a  -0.193   9.732   0.273  g  -0.001  -0.005  -0.000[0m
[1;32muart:~$ [m[8D[J[1;32muart:~$ [m[8D[J[00:03:42.887,000] [0m<inf> imu: LSM6DS3TR-C  a  -0.343   9.845   0.565  g   0.024  -0.061   0.014[0m
[1;32muart:~$ [m[8D[J[00:03:42.888,000] [0m<inf> imu: LSM6DSV16X   a  -0.098   9.837   0.928  g  -0.009   0.002  -0.002[0m
[1;32muart:~$ [m[8D[J[1;32muart:~$ [m[8D[J[00:03:42.889,000] [0m<inf> imu: ICM-42688-P  a  -0.134   9.787   0.311  g   0.001  -0.004   0.001[0m
[1;32muart:~$ [m[8D[J[00:03:42.990,000] [0m<inf> imu: LSM6DS3TR-C  a  -0.356   9.870   0.606  g   0.022  -0.062   0.016[0m
[1;32muart:~$ [m[8D[J[00:03:42.990,000] [0m<inf> imu: LSM6DSV16X   a  -0.148   9.830   0.952  g  -0.013   0.003  -0.003[0m
[1;32muart:~$ [m[8D[J[1;32muart:~$ [m[8D[J[00:03:42.991,000] [0m<inf> imu: ICM-42688-P  a  -0.171   9.738   0.339  g  -0.002  -0.006   0.000[0m
[1;32muart:~$ [m[8D[J[00:03:43.092,000] [0m<inf> imu: LSM6DS3TR-C  a  -0.331   9.837   0.533  g   0.020  -0.062   0.014[0m
[1;32muart:~$ [m[8D[J[1;32muart:~$ [m[8D[J[00:03:43.093,000] [0m<inf> imu: LSM6DSV16X   a  -0.111   9.841   0.911  g  -0.013   0.001  -0.003[0m
[1;32muart:~$ [m[8D[J[00:03:43.094,000] [0m<inf> imu: ICM-42688-P  a  -0.133   9.752   0.294  g   0.000  -0.006   0.001[0m
[1;32muart:~$ [m[8D[J[00:03:43.195,000] [0m<inf> imu: LSM6DS3TR-C  a  -0.361   9.845   0.593  g   0.023  -0.061   0.013[0m
[1;32muart:~$ [m[8D[J[1;32muart:~$ [m[8D[J[00:03:43.196,000] [0m<inf> imu: LSM6DSV16X   a  -0.141   9.830   0.929  g  -0.011   0.002  -0.003[0m
[1;32muart:~$ [m[8D[J[00:03:43.196,000] [0m<inf> imu: ICM-42688-P  a  -0.158   9.753   0.335  g  -0.001  -0.005   0.001[0m
[1;32muart:~$ [m[8D[J[1;32muart:~$ [m[8D[J[00:03:43.297,000] [0m<inf> imu: LSM6DS3TR-C  a  -0.308   9.876   0.564  g   0.022  -0.063   0.015[0m
[1;32muart:~$ [m[8D[J[00:03:43.298,000] [0m<inf> imu: LSM6DSV16X   a  -0.115   9.846   0.934  g  -0.011   0.002  -0.003[0m
[1;32muart:~$ [m[8D[J[1;32muart:~$ [m[8D[J[00:03:43.299,000] [0m<inf> imu: ICM-42688-P  a  -0.145   9.773   0.328  g   0.000  -0.006   0.001[0m
[1;32muart:~$ [m[8D[J[00:03:43.401,000] [0m<inf> imu: LSM6DS3TR-C  a  -0.360   9.846   0.571  g   0.022  -0.060   0.016[0m
[1;32muart:~$ [m[8D[J[1;32muart:~$ [m[8D[J[00:03:43.401,000] [0m<inf> imu: LSM6DSV16X   a  -0.137   9.833   0.928  g  -0.012   0.002  -0.003[0m
[1;32muart:~$ [m[8D[J[00:03:43.402,000] [0m<inf> imu: ICM-42688-P  a  -0.157   9.755   0.318  g  -0.002  -0.005   0.000[0m
[1;32muart:~$ [m[8D[J[1;32muart:~$ [m[8D[J[00:03:43.503,000] [0m<inf> imu: LSM6DS3TR-C  a  -0.402   9.854   0.537  g   0.022  -0.061   0.016[0m
[1;32muart:~$ [m[8D[J[00:03:43.504,000] [0m<inf> imu: LSM6DSV16X   a  -0.146   9.835   0.911  g  -0.011   0.002  -0.003[0m
[1;32muart:~$ [m[8D[J[1;32muart:~$ [m[8D[J[00:03:43.504,000] [0m<inf> imu: ICM-42688-P  a  -0.176   9.756   0.290  g   0.001  -0.005   0.000[0m
[1;32muart:~$ [m[8D[J[00:03:43.605,000] [0m<inf> imu: LSM6DS3TR-C  a  -0.358   9.833   0.567  g   0.023  -0.062   0.014[0m
[1;32muart:~$ [m[8D[J[00:03:43.606,000] [0m<inf> imu: LSM6DSV16X   a  -0.110   9.837   0.936  g  -0.012   0.002  -0.004[0m
[1;32muart:~$ [m[8D[J[1;32muart:~$ [m[8D[J[00:03:43.606,000] [0m<inf> imu: ICM-42688-P  a  -0.145   9.770   0.327  g   0.000  -0.005   0.000[0m
[1;32muart:~$ [m[8D[J[00:03:43.708,000] [0m<inf> imu: LSM6DS3TR-C  a  -0.371   9.854   0.546  g   0.023  -0.060   0.014[0m
[1;32muart:~$ [m[8D[J[1;32muart:~$ [m[8D[J[00:03:43.709,000] [0m<inf> imu: LSM6DSV16X   a  -0.145   9.849   0.916  g  -0.012   0.002  -0.002[0m
[1;32muart:~$ [m[8D[J[00:03:43.709,000] [0m<inf> imu: ICM-42688-P  a  -0.172   9.765   0.311  g  -0.001  -0.005   0.000[0m
[1;32muart:~$ [m[8D[J[00:03:43.811,000] [0m<inf> imu: LSM6DS3TR-C  a  -0.358   9.861   0.572  g   0.023  -0.062   0.014[0m
[1;32muart:~$ [m[8D[J[1;32muart:~$ [m[8D[J[00:03:43.811,000] [0m<inf> imu: LSM6DSV16X   a  -0.108   9.830   0.911  g  -0.012   0.002  -0.003[0m
[1;32muart:~$ [m[8D[J[00:03:43.812,000] [0m<inf> imu: ICM-42688-P  a  -0.140   9.761   0.292  g   0.000  -0.005  -0.001[0m
[1;32muart:~$ [m[8D[J[1;32muart:~$ [m[8D[J[00:03:43.913,000] [0m<inf> imu: LSM6DS3TR-C  a  -0.352   9.854   0.587  g   0.021  -0.062   0.013[0m
[1;32muart:~$ [m[8D[J[00:03:43.914,000] [0m<inf> imu: LSM6DSV16X   a  -0.141   9.832   0.917  g  -0.012   0.002  -0.003[0m
[1;32muart:~$ [m[8D[J[1;32muart:~$ [m[8D[J[00:03:43.915,000] [0m<inf> imu: ICM-42688-P  a  -0.169   9.767   0.312  g   0.000  -0.005   0.000[0m
[1;32muart:~$ [m[8D[J[00:03:44.016,000] [0m<inf> imu: LSM6DS3TR-C  a  -0.374   9.866   0.556  g   0.022  -0.059   0.015[0m
[1;32muart:~$ [m[8D[J[1;32muart:~$ [m[8D[J[00:03:44.017,000] [0m<inf> imu: LSM6DSV16X   a  -0.133   9.842   0.919  g  -0.012   0.001  -0.003[0m
[1;32muart:~$ [m[8D[J[00:03:44.017,000] [0m<inf> imu: ICM-42688-P  a  -0.154   9.777   0.308  g  -0.001  -0.005  -0.001[0m
[1;32muart:~$ [m[8D[J[1;32muart:~$ [m[8D[J[00:03:44.118,000] [0m<inf> imu: LSM6DS3TR-C  a  -0.336   9.854   0.587  g   0.023  -0.060   0.014[0m
[1;32muart:~$ [m[8D[J[00:03:44.119,000] [0m<inf> imu: LSM6DSV16X   a  -0.127   9.832   0.919  g  -0.011   0.002  -0.003[0m
[1;32muart:~$ [m[8D[J[1;32muart:~$ [m[8D[J[00:03:44.119,000] [0m<inf> imu: ICM-42688-P  a  -0.163   9.752   0.309  g  -0.001  -0.006   0.000[0m
[1;32muart:~$ [m[8D[J[00:03:44.220,000] [0m<inf> imu: LSM6DS3TR-C  a  -0.345   9.852   0.566  g   0.023  -0.061   0.016[0m
[1;32muart:~$ [m[8D[J[00:03:44.221,000] [0m<inf> imu: LSM6DSV16X   a  -0.134   9.846   0.927  g  -0.012   0.003  -0.003[0m
[1;32muart:~$ [m[8D[J[1;32muart:~$ [m[8D[J[00:03:44.222,000] [0m<inf> imu: ICM-42688-P  a  -0.159   9.762   0.329  g  -0.001  -0.005   0.000[0m
[1;32muart:~$ [m[8D[J[00:03:44.323,000] [0m<inf> imu: LSM6DS3TR-C  a  -0.379   9.852   0.592  g   0.022  -0.061   0.014[0m
[1;32muart:~$ [m[8D[J[00:03:44.325,000] [0m<inf> imu: LSM6DSV16X   a  -0.127   9.835   0.928  g  -0.011   0.002  -0.003[0m
[1;32muart:~$ [m[8D[J[1;32muart:~$ [m[8D[J[00:03:44.325,000] [0m<inf> imu: ICM-42688-P  a  -0.152   9.760   0.306  g  -0.001  -0.005  -0.000[0m
[1;32muart:~$ [m[8D[J[00:03:44.427,000] [0m<inf> imu: LSM6DS3TR-C  a  -0.336   9.854   0.559  g   0.023  -0.061   0.016[0m
[1;32muart:~$ [m[8D[J[1;32muart:~$ [m[8D[J[00:03:44.427,000] [0m<inf> imu: LSM6DSV16X   a  -0.130   9.847   0.915  g  -0.012   0.002  -0.003[0m
[1;32muart:~$ [m[8D[J[00:03:44.428,000] [0m<inf> imu: ICM-42688-P  a  -0.162   9.764   0.300  g  -0.000  -0.005  -0.000[0m
[1;32muart:~$ [m[8D[J[1;32muart:~$ [m[8D[J[00:03:44.530,000] [0m<inf> imu: LSM6DS3TR-C  a  -0.371   9.841   0.545  g   0.023  -0.061   0.015[0m
[1;32muart:~$ [m[8D[J[00:03:44.530,000] [0m<inf> imu: LSM6DSV16X   a  -0.124   9.835   0.914  g  -0.010   0.001  -0.002[0m
[1;32muart:~$ [m[8D[J[1;32muart:~$ [m[8D[J[00:03:44.531,000] [0m<inf> imu: ICM-42688-P  a  -0.148   9.768   0.308  g  -0.000  -0.005   0.001[0m
[1;32muart:~$ [m[8D[J[00:03:44.632,000] [0m<inf> imu: LSM6DS3TR-C  a  -0.398   9.858   0.529  g   0.022  -0.061   0.015[0m
[1;32muart:~$ [m[8D[J[1;32muart:~$ [m[8D[J[00:03:44.633,000] [0m<inf> imu: LSM6DSV16X   a  -0.125   9.832   0.929  g  -0.013   0.002  -0.003[0m
[1;32muart:~$ [m[8D[J[00:03:44.633,000] [0m<inf> imu: ICM-42688-P  a  -0.159   9.766   0.324  g  -0.000  -0.006   0.000[0m
[1;32muart:~$ [m[8D[J[1;32muart:~$ [m[8D[J[00:03:44.734,000] [0m<inf> imu: LSM6DS3TR-C  a  -0.372   9.844   0.553  g   0.022  -0.061   0.014[0m
[1;32muart:~$ [m[8D[J[00:03:44.735,000] [0m<inf> imu: LSM6DSV16X   a  -0.132   9.839   0.916  g  -0.012   0.003  -0.003[0m
[1;32muart:~$ [m[8D[J[1;32muart:~$ [m[8D[J[00:03:44.736,000] [0m<inf> imu: ICM-42688-P  a  -0.159   9.750   0.306  g   0.000  -0.005   0.000[0m
[1;32muart:~$ [m[8D[J[00:03:44.837,000] [0m<inf> imu: LSM6DS3TR-C  a  -0.372   9.856   0.546  g   0.022  -0.059   0.016[0m
[1;32muart:~$ [m[8D[J[00:03:44.837,000] [0m<inf> imu: LSM6DSV16X   a  -0.126   9.839   0.925  g  -0.011   0.002  -0.003[0m
[1;32muart:~$ [m[8D[J[1;32muart:~$ [m[8D[J[00:03:44.838,000] [0m<inf> imu: ICM-42688-P  a  -0.162   9.761   0.322  g   0.000  -0.005   0.001[0m
[1;32muart:~$ [m[8D[J[00:03:44.939,000] [0m<inf> imu: LSM6DS3TR-C  a  -0.355   9.858   0.540  g   0.023  -0.061   0.014[0m
[1;32muart:~$ [m[8D[J[1;32muart:~$ [m[8D[J[00:03:44.940,000] [0m<inf> imu: LSM6DSV16X   a  -0.120   9.830   0.927  g  -0.012   0.002  -0.003[0m
[1;32muart:~$ [m[8D[J[00:03:44.941,000] [0m<inf> imu: ICM-42688-P  a  -0.168   9.759   0.321  g  -0.000  -0.005   0.001[0m
[1;32muart:~$ [m[8D[J[00:03:45.042,000] [0m<inf> imu: LSM6DS3TR-C  a  -0.320   9.818   0.558  g   0.022  -0.060   0.014[0m
[1;32muart:~$ [m[8D[J[1;32muart:~$ [m[8D[J[00:03:45.042,000] [0m<inf> imu: LSM6DSV16X   a  -0.118   9.832   0.933  g  -0.012   0.002  -0.003[0m
[1;32muart:~$ [m[8D[J[00:03:45.043,000] [0m<inf> imu: ICM-42688-P  a  -0.138   9.754   0.327  g   0.001  -0.005   0.001[0m
[1;32muart:~$ [m[8D[J[00:03:45.144,000] [0m<inf> imu: LSM6DS3TR-C  a  -0.357   9.835   0.590  g   0.023  -0.060   0.014[0m
[1;32muart:~$ [m[8D[J[00:03:45.145,000] [0m<inf> imu: LSM6DSV16X   a  -0.132   9.834   0.919  g  -0.011   0.002  -0.003[0m
[1;32muart:~$ [m[8D[J[1;32muart:~$ [m[8D[J[00:03:45.145,000] [0m<inf> imu: ICM-42688-P  a  -0.163   9.747   0.315  g  -0.001  -0.005   0.001[0m
[1;32muart:~$ [m[8D[J[1;32muart:~$ [m[8D[J[00:03:45.246,000] [0m<inf> imu: LSM6DS3TR-C  a  -0.354   9.840   0.552  g   0.022  -0.059   0.015[0m
[1;32muart:~$ [m[8D[J[00:03:45.247,000] [0m<inf> imu: LSM6DSV16X   a  -0.134   9.849   0.922  g  -0.011   0.002  -0.003[0m
[1;32muart:~$ [m[8D[J[1;32muart:~$ [m[8D[J[00:03:45.248,000] [0m<inf> imu: ICM-42688-P  a  -0.169   9.766   0.317  g   0.001  -0.005   0.000[0m
[1;32muart:~$ [m[8D[J[00:03:45.349,000] [0m<inf> imu: LSM6DS3TR-C  a  -0.343   9.840   0.563  g   0.022  -0.061   0.012[0m
[1;32muart:~$ [m[8D[J[1;32muart:~$ [m[8D[J[00:03:45.349,000] [0m<inf> imu: LSM6DSV16X   a  -0.122   9.832   0.940  g  -0.011   0.003  -0.003[0m
[1;32muart:~$ [m[8D[J[00:03:45.350,000] [0m<inf> imu: ICM-42688-P  a  -0.164   9.758   0.308  g   0.000  -0.005   0.001[0m
[1;32muart:~$ [m[8D[J[1;32muart:~$ [m[8D[J[00:03:45.451,000] [0m<inf> imu: LSM6DS3TR-C  a  -0.391   9.846   0.556  g   0.024  -0.059   0.013[0m
[1;32muart:~$ [m[8D[J[00:03:45.452,000] [0m<inf> imu: LSM6DSV16X   a  -0.132   9.836   0.924  g  -0.011   0.002  -0.002[0m
[1;32muart:~$ [m[8D[J[1;32muart:~$ [m[8D[J[00:03:45.452,000] [0m<inf> imu: ICM-42688-P  a  -0.163   9.766   0.305  g   0.000  -0.005   0.000[0m
[1;32muart:~$ [m[8D[J[00:03:45.553,000] [0m<inf> imu: LSM6DS3TR-C  a  -0.331   9.827   0.550  g   0.023  -0.060   0.015[0m
[1;32muart:~$ [m[8D[J[00:03:45.554,000] [0m<inf> imu: LSM6DSV16X   a  -0.121   9.835   0.924  g  -0.011   0.003  -0.003[0m
[1;32muart:~$ [m[8D[J[1;32muart:~$ [m[8D[J[00:03:45.554,000] [0m<inf> imu: ICM-42688-P  a  -0.153   9.758   0.303  g   0.000  -0.006   0.001[0m
[1;32muart:~$ [m[8D[J[00:03:45.656,000] [0m<inf> imu: LSM6DS3TR-C  a  -0.346   9.824   0.559  g   0.024  -0.061   0.016[0m
[1;32muart:~$ [m[8D[J[1;32muart:~$ [m[8D[J[00:03:45.657,000] [0m<inf> imu: LSM6DSV16X   a  -0.136   9.844   0.925  g  -0.011   0.002  -0.003[0m
[1;32muart:~$ [m[8D[J[00:03:45.658,000] [0m<inf> imu: ICM-42688-P  a  -0.158   9.767   0.318  g   0.000  -0.005   0.000[0m
[1;32muart:~$ [m[8D[J[1;32muart:~$ [m[8D[J[00:03:45.759,000] [0m<inf> imu: LSM6DS3TR-C  a  -0.366   9.867   0.564  g   0.020  -0.061   0.014[0m
[1;32muart:~$ [m[8D[J[00:03:45.760,000] [0m<inf> imu: LSM6DSV16X   a  -0.120   9.834   0.919  g  -0.012   0.001  -0.003[0m
[1;32muart:~$ [m[8D[J[00:03:45.760,000] [0m<inf> imu: ICM-42688-P  a  -0.156   9.759   0.312  g   0.000  -0.006  -0.001[0m
[1;32muart:~$ [m[8D[J[1;32muart:~$ [m[8D[J[00:03:45.862,000] [0m<inf> imu: LSM6DS3TR-C  a  -0.380   9.866   0.521  g   0.022  -0.060   0.015[0m
[1;32muart:~$ [m[8D[J[00:03:45.863,000] [0m<inf> imu: LSM6DSV16X   a  -0.131   9.842   0.922  g  -0.011   0.003  -0.003[0m
[1;32muart:~$ [m[8D[J[1;32muart:~$ [m[8D[J[00:03:45.864,000] [0m<inf> imu: ICM-42688-P  a  -0.170   9.770   0.317  g  -0.000  -0.005   0.000[0m
[1;32muart:~$ [m[8D[J[00:03:45.965,000] [0m<inf> imu: LSM6DS3TR-C  a  -0.389   9.832   0.571  g   0.023  -0.061   0.016[0m
[1;32muart:~$ [m[8D[J[1;32muart:~$ [m[8D[J[00:03:45.966,000] [0m<inf> imu: LSM6DSV16X   a  -0.127   9.833   0.916  g  -0.013   0.002  -0.003[0m
[1;32muart:~$ [m[8D[J[00:03:45.966,000] [0m<inf> imu: ICM-42688-P  a  -0.151   9.756   0.317  g  -0.000  -0.005   0.001[0m
[1;32muart:~$ [m[8D[J[1;32muart:~$ [m[8D[J[00:03:46.067,000] [0m<inf> imu: LSM6DS3TR-C  a  -0.375   9.836   0.571  g   0.023  -0.060   0.016[0m
[1;32muart:~$ [m[8D[J[00:03:46.068,000] [0m<inf> imu: LSM6DSV16X   a  -0.125   9.832   0.919  g  -0.011   0.002  -0.003[0m
[1;32muart:~$ [m[8D[J[00:03:46.069,000] [0m<inf> imu: ICM-42688-P  a  -0.160   9.761   0.298  g  -0.000  -0.006   0.001[0m
[1;32muart:~$ [m[8D[J[1;32muart:~$ [m[8D[J[00:03:46.170,000] [0m<inf> imu: LSM6DS3TR-C  a  -0.385   9.811   0.539  g   0.023  -0.060   0.015[0m
[1;32muart:~$ [m[8D[J[00:03:46.170,000] [0m<inf> imu: LSM6DSV16X   a  -0.127   9.837   0.919  g  -0.011   0.002  -0.002[0m
[1;32muart:~$ [m[8D[J[1;32muart:~$ [m[8D[J[00:03:46.171,000] [0m<inf> imu: ICM-42688-P  a  -0.163   9.764   0.311  g   0.000  -0.006   0.000[0m
[1;32muart:~$ [m[8D[J[00:03:46.272,000] [0m<inf> imu: LSM6DS3TR-C  a  -0.336   9.820   0.546  g   0.023  -0.064   0.013[0m
[1;32muart:~$ [m[8D[J[00:03:46.274,000] [0m<inf> imu: LSM6DSV16X   a  -0.129   9.844   0.923  g  -0.011   0.001  -0.003[0m
[1;32muart:~$ [m[8D[J[1;32muart:~$ [m[8D[J[00:03:46.275,000] [0m<inf> imu: ICM-42688-P  a  -0.148   9.762   0.314  g   0.000  -0.005   0.000[0m
[1;32muart:~$ [m[8D[J[00:03:46.376,000] [0m<inf> imu: LSM6DS3TR-C  a  -0.349   9.852   0.530  g   0.022  -0.060   0.016[0m
[1;32muart:~$ [m[8D[J[1;32muart:~$ [m[8D[J[00:03:46.377,000] [0m<inf> imu: LSM6DSV16X   a  -0.130   9.823   0.916  g  -0.012   0.002  -0.003[0m
[1;32muart:~$ [m[8D[J[00:03:46.377,000] [0m<inf> imu: ICM-42688-P  a  -0.162   9.759   0.309  g   0.000  -0.005   0.000[0m
[1;32muart:~$ [m[8D[J[1;32muart:~$ [m[8D[J[00:03:46.479,000] [0m<inf> imu: LSM6DS3TR-C  a  -0.330   9.838   0.548  g   0.021  -0.060   0.012[0m
[1;32muart:~$ [m[8D[J[00:03:46.480,000] [0m<inf> imu: LSM6DSV16X   a  -0.124   9.839   0.919  g  -0.012   0.002  -0.003[0m
[1;32muart:~$ [m[8D[J[1;32muart:~$ [m[8D[J[00:03:46.480,000] [0m<inf> imu: ICM-42688-P  a  -0.151   9.760   0.304  g   0.000  -0.005   0.001[0m
[1;32muart:~$ [m[8D[J[00:03:46.582,000] [0m<inf> imu: LSM6DS3TR-C  a  -0.331   9.824   0.553  g   0.021  -0.062   0.013[0m
[1;32muart:~$ [m[8D[J[1;32muart:~$ [m[8D[J[00:03:46.582,000] [0m<inf> imu: LSM6DSV16X   a  -0.124   9.832   0.928  g  -0.012   0.001  -0.003[0m
[1;32muart:~$ [m[8D[J[00:03:46.583,000] [0m<inf> imu: ICM-42688-P  a  -0.148   9.755   0.320  g  -0.001  -0.005   0.000[0m
[1;32muart:~$ [m[8D[J[1;32muart:~$ [m[8D[J[00:03:46.684,000] [0m<inf> imu: LSM6DS3TR-C  a  -0.367   9.846   0.498  g   0.022  -0.060   0.014[0m
[1;32muart:~$ [m[8D[J[00:03:46.685,000] [0m<inf> imu: LSM6DSV16X   a  -0.136   9.849   0.919  g  -0.012   0.002  -0.003[0m
[1;32muart:~$ [m[8D[J[1;32muart:~$ [m[8D[J[00:03:46.685,000] [0m<inf> imu: ICM-42688-P  a  -0.164   9.776   0.303  g  -0.001  -0.005  -0.001[0m
[1;32muart:~$ [m[8D[J[00:03:46.786,000] [0m<inf> imu: LSM6DS3TR-C  a  -0.376   9.819   0.569  g   0.020  -0.058   0.017[0m
[1;32muart:~$ [m[8D[J[00:03:46.787,000] [0m<inf> imu: LSM6DSV16X   a  -0.125   9.828   0.914  g  -0.011   0.002  -0.003[0m
[1;32muart:~$ [m[8D[J[1;32muart:~$ [m[8D[J[00:03:46.787,000] [0m<inf> imu: ICM-42688-P  a  -0.147   9.756   0.311  g  -0.001  -0.005   0.000[0m
[1;32muart:~$ [m[8D[J[00:03:46.889,000] [0m<inf> imu: LSM6DS3TR-C  a  -0.367   9.842   0.538  g   0.024  -0.061   0.016[0m
[1;32muart:~$ [m[8D[J[1;32muart:~$ [m[8D[J[00:03:46.889,000] [0m<inf> imu: LSM6DSV16X   a  -0.134   9.848   0.921  g  -0.012   0.002  -0.003[0m
[1;32muart:~$ [m[8D[J[00:03:46.890,000] [0m<inf> imu: ICM-42688-P  a  -0.160   9.762   0.302  g  -0.001  -0.005   0.000[0m
[1;32muart:~$ [m[8D[J[1;32muart:~$ [m[8D[J[00:03:46.991,000] [0m<inf> imu: LSM6DS3TR-C  a  -0.357   9.834   0.543  g   0.020  -0.061   0.013[0m
[1;32muart:~$ [m[8D[J[00:03:46.992,000] [0m<inf> imu: LSM6DSV16X   a  -0.108   9.806   0.913  g  -0.013   0.002  -0.004[0m
[1;32muart:~$ [m[8D[J[00:03:46.992,000] [0m<inf> imu: ICM-42688-P  a  -0.150   9.736   0.294  g  -0.002  -0.005  -0.001[0m
[1;32muart:~$ [m[8D[J[1;32muart:~$ [m[8D[J[00:03:47.094,000] [0m<inf> imu: LSM6DS3TR-C  a  -0.343   9.875   0.520  g   0.022  -0.059   0.014[0m
[1;32muart:~$ [m[8D[J[00:03:47.096,000] [0m<inf> imu: LSM6DSV16X   a  -0.132   9.861   0.900  g  -0.013   0.002  -0.004[0m
[1;32muart:~$ [m[8D[J[1;32muart:~$ [m[8D[J[00:03:47.096,000] [0m<inf> imu: ICM-42688-P  a  -0.154   9.771   0.299  g  -0.002  -0.005  -0.001[0m
[1;32muart:~$ [m[8D[J[00:03:47.197,000] [0m<inf> imu: LSM6DS3TR-C  a  -0.343   9.854   0.549  g   0.020  -0.059   0.015[0m
[1;32muart:~$ [m[8D[J[1;32muart:~$ [m[8D[J[00:03:47.198,000] [0m<inf> imu: LSM6DSV16X   a  -0.133   9.853   0.907  g  -0.013   0.003  -0.004[0m
[1;32muart:~$ [m[8D[J[00:03:47.198,000] [0m<inf> imu: ICM-42688-P  a  -0.166   9.779   0.303  g  -0.002  -0.004  -0.001[0m
[1;32muart:~$ [m[8D[J[1;32muart:~$ [m[8D[J[00:03:47.300,000] [0m<inf> imu: LSM6DS3TR-C  a  -0.363   9.876   0.535  g   0.021  -0.063   0.016[0m
[1;32muart:~$ [m[8D[J[00:03:47.300,000] [0m<inf> imu: LSM6DSV16X   a  -0.130   9.868   0.931  g  -0.013   0.002  -0.001[0m
[1;32muart:~$ [m[8D[J[1;32muart:~$ [m[8D[J[00:03:47.301,000] [0m<inf> imu: ICM-42688-P  a  -0.177   9.814   0.334  g  -0.002  -0.004   0.002[0m
[1;32muart:~$ [m[8D[J[00:03:47.402,000] [0m<inf> imu: LSM6DS3TR-C  a  -0.373   9.857   0.544  g   0.022  -0.061   0.014[0m
[1;32muart:~$ [m[8D[J[00:03:47.403,000] [0m<inf> imu: LSM6DSV16X   a  -0.156   9.839   0.919  g  -0.013   0.002  -0.003[0m
[1;32muart:~$ [m[8D[J[1;32muart:~$ [m[8D[J[00:03:47.403,000] [0m<inf> imu: ICM-42688-P  a  -0.176   9.730   0.300  g  -0.000  -0.005   0.000[0m
[1;32muart:~$ [m[8D[J[00:03:47.505,000] [0m<inf> imu: LSM6DS3TR-C  a  -0.394   9.881   0.552  g   0.021  -0.060   0.014[0m
[1;32muart:~$ [m[8D[J[1;32muart:~$ [m[8D[J[00:03:47.506,000] [0m<inf> imu: LSM6DSV16X   a  -0.143   9.866   0.923  g  -0.013   0.002  -0.003[0m
[1;32muart:~$ [m[8D[J[00:03:47.506,000] [0m<inf> imu: ICM-42688-P  a  -0.180   9.783   0.312  g  -0.001  -0.006  -0.000[0m
[1;32muart:~$ [m[8D[J[1;32muart:~$ [m[8D[J[00:03:47.607,000] [0m<inf> imu: LSM6DS3TR-C  a  -0.358   9.812   0.541  g   0.024  -0.060   0.015[0m
[1;32muart:~$ [m[8D[J[00:03:47.608,000] [0m<inf> imu: LSM6DSV16X   a  -0.113   9.822   0.939  g  -0.011   0.002  -0.002[0m
[1;32muart:~$ [m[8D[J[00:03:47.609,000] [0m<inf> imu: ICM-42688-P  a  -0.154   9.755   0.308  g   0.001  -0.005   0.000[0m
[1;32muart:~$ [m[8D[J[1;32muart:~$ [m[8D[J[00:03:47.710,000] [0m<inf> imu: LSM6DS3TR-C  a  -0.407   9.835   0.528  g   0.023  -0.062   0.014[0m
[1;32muart:~$ [m[8D[J[00:03:47.711,000] [0m<inf> imu: LSM6DSV16X   a  -0.147   9.825   0.900  g  -0.012   0.002  -0.003[0m
[1;32muart:~$ [m[8D[J[1;32muart:~$ [m[8D[J[00:03:47.711,000] [0m<inf> imu: ICM-42688-P  a  -0.174   9.735   0.291  g   0.000  -0.005   0.001[0m
[1;32muart:~$ [m[8D[J[00:03:47.812,000] [0m<inf> imu: LSM6DS3TR-C  a  -0.333   9.837   0.561  g   0.024  -0.061   0.014[0m
[1;32muart:~$ [m[8D[J[1;32muart:~$ [m[8D[J[00:03:47.813,000] [0m<inf> imu: LSM6DSV16X   a  -0.106   9.820   0.916  g  -0.012   0.002  -0.003[0m
[1;32muart:~$ [m[8D[J[00:03:47.814,000] [0m<inf> imu: ICM-42688-P  a  -0.148   9.760   0.324  g   0.000  -0.005   0.000[0m
[1;32muart:~$ [m[8D[J[1;32muart:~$ [m[8D[J[00:03:47.915,000] [0m<inf> imu: LSM6DS3TR-C  a  -0.400   9.843   0.537  g   0.023  -0.062   0.016[0m
[1;32muart:~$ [m[8D[J[00:03:47.916,000] [0m<inf> imu: LSM6DSV16X   a  -0.144   9.839   0.928  g  -0.011   0.002  -0.003[0m
[1;32muart:~$ [m[8D[J[1;32muart:~$ [m[8D[J[00:03:47.916,000] [0m<inf> imu: ICM-42688-P  a  -0.178   9.761   0.303  g  -0.000  -0.005   0.000[0m
[1;32muart:~$ [m[8D[J[00:03:48.017,000] [0m<inf> imu: LSM6DS3TR-C  a  -0.374   9.847   0.559  g   0.023  -0.061   0.016[0m
[1;32muart:~$ [m[8D[J[00:03:48.018,000] [0m<inf> imu: LSM6DSV16X   a  -0.113   9.835   0.912  g  -0.011   0.002  -0.003[0m
[1;32muart:~$ [m[8D[J[1;32muart:~$ [m[8D[J[00:03:48.018,000] [0m<inf> imu: ICM-42688-P  a  -0.139   9.756   0.297  g   0.000  -0.005   0.001[0m
[1;32muart:~$ [m[8D[J[00:03:48.120,000] [0m<inf> imu: LSM6DS3TR-C  a  -0.386   9.876   0.520  g   0.022  -0.061   0.014[0m
[1;32muart:~$ [m[8D[J[1;32muart:~$ [m[8D[J[00:03:48.120,000] [0m<inf> imu: LSM6DSV16X   a  -0.143   9.825   0.911  g  -0.011   0.002  -0.003[0m
[1;32muart:~$ [m[8D[J[00:03:48.121,000] [0m<inf> imu: ICM-42688-P  a  -0.177   9.753   0.298  g   0.000  -0.005   0.000[0m
[1;32muart:~$ [m[8D[J[00:03:48.222,000] [0m<inf> imu: LSM6DS3TR-C  a  -0.352   9.860   0.549  g   0.023  -0.060   0.016[0m
[1;32muart:~$ [m[8D[J[1;32muart:~$ [m[8D[J[00:03:48.223,000] [0m<inf> imu: LSM6DSV16X   a  -0.117   9.827   0.921  g  -0.012   0.003  -0.003[0m
[1;32muart:~$ [m[8D[J[00:03:48.223,000] [0m<inf> imu: ICM-42688-P  a  -0.148   9.753   0.294  g  -0.001  -0.005   0.000[0m
[1;32muart:~$ [m[8D[J[00:03:48.324,000] [0m<inf> imu: LSM6DS3TR-C  a  -0.406   9.864   0.537  g   0.023  -0.061   0.016[0m
[1;32muart:~$ [m[8D[J[00:03:48.325,000] [0m<inf> imu: LSM6DSV16X   a  -0.139   9.836   0.916  g  -0.011   0.002  -0.003[0m
[1;32muart:~$ [m[8D[J[1;32muart:~$ [m[8D[J[00:03:48.326,000] [0m<inf> imu: ICM-42688-P  a  -0.163   9.752   0.294  g  -0.001  -0.005   0.001[0m
[1;32muart:~$ [m[8D[J[1;32muart:~$ [m[8D[J[00:03:48.427,000] [0m<inf> imu: LSM6DS3TR-C  a  -0.378   9.846   0.573  g   0.021  -0.059   0.016[0m
[1;32muart:~$ [m[8D[J[00:03:48.427,000] [0m<inf> imu: LSM6DSV16X   a  -0.131   9.837   0.926  g  -0.011   0.002  -0.003[0m
[1;32muart:~$ [m[8D[J[1;32muart:~$ [m[8D[J[00:03:48.428,000] [0m<inf> imu: ICM-42688-P  a  -0.148   9.760   0.299  g  -0.001  -0.005   0.001[0m
[1;32muart:~$ [m[8D[J[00:03:48.529,000] [0m<inf> imu: LSM6DS3TR-C  a  -0.361   9.882   0.535  g   0.023  -0.061   0.016[0m
[1;32muart:~$ [m[8D[J[1;32muart:~$ [m[8D[J[00:03:48.530,000] [0m<inf> imu: LSM6DSV16X   a  -0.131   9.840   0.921  g  -0.011   0.003  -0.002[0m
[1;32muart:~$ [m[8D[J[00:03:48.530,000] [0m<inf> imu: ICM-42688-P  a  -0.164   9.756   0.315  g   0.000  -0.005   0.000[0m
[1;32muart:~$ [m[8D[J[1;32muart:~$ [m[8D[J[00:03:48.631,000] [0m<inf> imu: LSM6DS3TR-C  a  -0.357   9.817   0.510  g   0.021  -0.061   0.015[0m
[1;32muart:~$ [m[8D[J[00:03:48.632,000] [0m<inf> imu: LSM6DSV16X   a  -0.136   9.837   0.921  g  -0.013   0.002  -0.003[0m
[1;32muart:~$ [m[8D[J[1;32muart:~$ [m[8D[J[00:03:48.633,000] [0m<inf> imu: ICM-42688-P  a  -0.166   9.765   0.314  g   0.000  -0.005   0.001[0m
[1;32muart:~$ [m[8D[J[00:03:48.734,000] [0m<inf> imu: LSM6DS3TR-C  a  -0.341   9.799   0.562  g   0.025  -0.063   0.015[0m
[1;32muart:~$ [m[8D[J[00:03:48.734,000] [0m<inf> imu: LSM6DSV16X   a  -0.129   9.835   0.915  g  -0.010   0.002  -0.003[0m
[1;32muart:~$ [m[8D[J[1;32muart:~$ [m[8D[J[00:03:48.735,000] [0m<inf> imu: ICM-42688-P  a  -0.163   9.762   0.304  g   0.001  -0.005   0.001[0m
[1;32muart:~$ [m[8D[J[00:03:48.836,000] [0m<inf> imu: LSM6DS3TR-C  a  -0.349   9.858   0.564  g   0.022  -0.060   0.016[0m
[1;32muart:~$ [m[8D[J[1;32muart:~$ [m[8D[J[00:03:48.838,000] [0m<inf> imu: LSM6DSV16X   a  -0.139   9.837   0.919  g  -0.012   0.002  -0.003[0m
[1;32muart:~$ [m[8D[J[00:03:48.838,000] [0m<inf> imu: ICM-42688-P  a  -0.168   9.755   0.311  g  -0.000  -0.005   0.001[0m
[1;32muart:~$ [m[8D[J[00:03:48.939,000] [0m<inf> imu: LSM6DS3TR-C  a  -0.397   9.860   0.547  g   0.022  -0.060   0.015[0m
[1;32muart:~$ [m[8D[J[1;32muart:~$ [m[8D[J[00:03:48.940,000] [0m<inf> imu: LSM6DSV16X   a  -0.127   9.837   0.924  g  -0.012   0.002  -0.003[0m
[1;32muart:~$ [m[8D[J[00:03:48.941,000] [0m<inf> imu: ICM-42688-P  a  -0.160   9.755   0.305  g   0.001  -0.005   0.001[0m
[1;32muart:~$ [m[8D[J[00:03:49.042,000] [0m<inf> imu: LSM6DS3TR-C  a  -0.347   9.874   0.584  g   0.023  -0.061   0.015[0m
[1;32muart:~$ [m[8D[J[00:03:49.042,000] [0m<inf> imu: LSM6DSV16X   a  -0.134   9.835   0.919  g  -0.012   0.003  -0.002[0m
[1;32muart:~$ [m[8D[J[1;32muart:~$ [m[8D[J[00:03:49.043,000] [0m<inf> imu: ICM-42688-P  a  -0.158   9.754   0.298  g  -0.000  -0.005   0.001[0m
[1;32muart:~$ [m[8D[J[1;32muart:~$ [m[8D[J[00:03:49.144,000] [0m<inf> imu: LSM6DS3TR-C  a  -0.352   9.863   0.551  g   0.024  -0.059   0.015[0m
[1;32muart:~$ [m[8D[J[00:03:49.145,000] [0m<inf> imu: LSM6DSV16X   a  -0.127   9.842   0.926  g  -0.012   0.002  -0.002[0m
[1;32muart:~$ [m[8D[J[1;32muart:~$ [m[8D[J[00:03:49.145,000] [0m<inf> imu: ICM-42688-P  a  -0.156   9.766   0.321  g   0.000  -0.005   0.001[0m
[1;32muart:~$ [m[8D[J[00:03:49.246,000] [0m<inf> imu: LSM6DS3TR-C  a  -0.361   9.866   0.567  g   0.023  -0.061   0.015[0m
[1;32muart:~$ [m[8D[J[1;32muart:~$ [m[8D[J[00:03:49.247,000] [0m<inf> imu: LSM6DSV16X   a  -0.138   9.835   0.919  g  -0.012   0.002  -0.003[0m
[1;32muart:~$ [m[8D[J[00:03:49.248,000] [0m<inf> imu: ICM-42688-P  a  -0.168   9.759   0.302  g   0.000  -0.006   0.001[0m
[1;32muart:~$ [m[8D[J[1;32muart:~$ [m[8D[J[00:03:49.349,000] [0m<inf> imu: LSM6DS3TR-C  a  -0.378   9.876   0.541  g   0.022  -0.062   0.015[0m
[1;32muart:~$ [m[8D[J[00:03:49.349,000] [0m<inf> imu: LSM6DSV16X   a  -0.134   9.839   0.915  g  -0.011   0.002  -0.003[0m
[1;32muart:~$ [m[8D[J[1;32muart:~$ [m[8D[J[00:03:49.350,000] [0m<inf> imu: ICM-42688-P  a  -0.162   9.760   0.318  g   0.001  -0.005   0.001[0m
[1;32muart:~$ [m[8D[J[00:03:49.451,000] [0m<inf> imu: LSM6DS3TR-C  a  -0.368   9.848   0.534  g   0.023  -0.061   0.015[0m
[1;32muart:~$ [m[8D[J[00:03:49.452,000] [0m<inf> imu: LSM6DSV16X   a  -0.141   9.830   0.910  g  -0.012   0.002  -0.002[0m
[1;32muart:~$ [m[8D[J[1;32muart:~$ [m[8D[J[00:03:49.452,000] [0m<inf> imu: ICM-42688-P  a  -0.160   9.758   0.297  g  -0.001  -0.005   0.000[0m
[1;32muart:~$ [m[8D[J[00:03:49.554,000] [0m<inf> imu: LSM6DS3TR-C  a  -0.351   9.870   0.552  g   0.021  -0.059   0.015[0m
[1;32muart:~$ [m[8D[J[1;32muart:~$ [m[8D[J[00:03:49.554,000] [0m<inf> imu: LSM6DSV16X   a  -0.133   9.835   0.921  g  -0.012   0.003  -0.003[0m
[1;32muart:~$ [m[8D[J[00:03:49.555,000] [0m<inf> imu: ICM-42688-P  a  -0.160   9.765   0.315  g   0.000  -0.005  -0.001[0m
[1;32muart:~$ [m[8D[J[1;32muart:~$ [m[8D[J[00:03:49.656,000] [0m<inf> imu: LSM6DS3TR-C  a  -0.330   9.832   0.561  g   0.021  -0.060   0.016[0m
[1;32muart:~$ [m[8D[J[00:03:49.657,000] [0m<inf> imu: LSM6DSV16X   a  -0.135   9.836   0.926  g  -0.012   0.002  -0.003[0m
[1;32muart:~$ [m[8D[J[00:03:49.658,000] [0m<inf> imu: ICM-42688-P  a  -0.170   9.765   0.320  g  -0.001  -0.005   0.000[0m
[1;32muart:~$ [m[8D[J[1;32muart:~$ [m[8D[J[00:03:49.760,000] [0m<inf> imu: LSM6DS3TR-C  a  -0.386   9.854   0.555  g   0.023  -0.061   0.014[0m
[1;32muart:~$ [m[8D[J[00:03:49.760,000] [0m<inf> imu: LSM6DSV16X   a  -0.125   9.846   0.933  g  -0.013   0.002  -0.003[0m
[1;32muart:~$ [m[8D[J[1;32muart:~$ [m[8D[J[00:03:49.761,000] [0m<inf> imu: ICM-42688-P  a  -0.154   9.761   0.314  g   0.000  -0.004   0.000[0m
[1;32muart:~$ [m[8D[J[00:03:49.862,000] [0m<inf> imu: LSM6DS3TR-C  a  -0.327   9.864   0.553  g   0.021  -0.060   0.013[0m
[1;32muart:~$ [m[8D[J[1;32muart:~$ [m[8D[J[00:03:49.863,000] [0m<inf> imu: LSM6DSV16X   a  -0.138   9.839   0.923  g  -0.012   0.001  -0.003[0m
[1;32muart:~$ [m[8D[J[00:03:49.864,000] [0m<inf> imu: ICM-42688-P  a  -0.159   9.758   0.316  g  -0.001  -0.005   0.000[0m
[1;32muart:~$ [m[8D[J[1;32muart:~$ [m[8D[J[00:03:49.965,000] [0m<inf> imu: LSM6DS3TR-C  a  -0.369   9.829   0.592  g   0.022  -0.061   0.016[0m
[1;32muart:~$ [m[8D[J[00:03:49.965,000] [0m<inf> imu: LSM6DSV16X   a  -0.141   9.842   0.916  g  -0.011   0.002  -0.003[0m
[1;32muart:~$ [m[8D[J[1;32muart:~$ [m[8D[J[00:03:49.966,000] [0m<inf> imu: ICM-42688-P  a  -0.159   9.752   0.302  g   0.000  -0.005   0.001[0m
[1;32muart:~$ [m[8D[J[00:03:50.067,000] [0m<inf> imu: LSM6DS3TR-C  a  -0.364   9.844   0.537  g   0.024  -0.059   0.017[0m
[1;32muart:~$ [m[8D[J[00:03:50.068,000] [0m<inf> imu: LSM6DSV16X   a  -0.136   9.837   0.919  g  -0.011   0.002  -0.003[0m
[1;32muart:~$ [m[8D[J[1;32muart:~$ [m[8D[J[00:03:50.068,000] [0m<inf> imu: ICM-42688-P  a  -0.160   9.760   0.316  g  -0.001  -0.005   0.000[0m
[1;32muart:~$ [m[8D[J[00:03:50.170,000] [0m<inf> imu: LSM6DS3TR-C  a  -0.377   9.840   0.581  g   0.022  -0.059   0.015[0m
[1;32muart:~$ [m[8D[J[00:03:50.170,000] [0m<inf> imu: LSM6DSV16X   a  -0.129   9.842   0.930  g  -0.011   0.002  -0.003[0m
[1;32muart:~$ [m[8D[J[00:03:50.171,000] [0m<inf> imu: ICM-42688-P  a  -0.158   9.756   0.320  g  -0.000  -0.005  -0.000[0m
[1;32muart:~$ [m[8D[J[1;32muart:~$ [m[8D[J[00:03:50.272,000] [0m<inf> imu: LSM6DS3TR-C  a  -0.358   9.832   0.531  g   0.022  -0.060   0.015[0m
[1;32muart:~$ [m[8D[J[00:03:50.273,000] [0m<inf> imu: LSM6DSV16X   a  -0.129   9.833   0.924  g  -0.012   0.002  -0.003[0m
[1;32muart:~$ [m[8D[J[00:03:50.273,000] [0m<inf> imu: ICM-42688-P  a  -0.154   9.756   0.316  g  -0.001  -0.006   0.001[0m
[1;32muart:~$ [m[8D[J[1;32muart:~$ [m[8D[J[00:03:50.375,000] [0m<inf> imu: LSM6DS3TR-C  a  -0.355   9.855   0.589  g   0.021  -0.060   0.014[0m
[1;32muart:~$ [m[8D[J[00:03:50.377,000] [0m<inf> imu: LSM6DSV16X   a  -0.132   9.839   0.919  g  -0.012   0.002  -0.003[0m
[1;32muart:~$ [m[8D[J[1;32muart:~$ [m[8D[J[00:03:50.377,000] [0m<inf> imu: ICM-42688-P  a  -0.159   9.750   0.314  g   0.000  -0.005   0.000[0m
[1;32muart:~$ [m[8D[J[00:03:50.478,000] [0m<inf> imu: LSM6DS3TR-C  a  -0.355   9.851   0.565  g   0.021  -0.060   0.015[0m
[1;32muart:~$ [m[8D[J[1;32muart:~$ [m[8D[J[00:03:50.479,000] [0m<inf> imu: LSM6DSV16X   a  -0.129   9.839   0.924  g  -0.011   0.002  -0.003[0m
[1;32muart:~$ [m[8D[J[00:03:50.479,000] [0m<inf> imu: ICM-42688-P  a  -0.154   9.766   0.299  g  -0.001  -0.005   0.000[0m
[1;32muart:~$ [m[8D[J[1;32muart:~$ [m[8D[J[00:03:50.581,000] [0m<inf> imu: LSM6DS3TR-C  a  -0.358   9.825   0.562  g   0.023  -0.060   0.014[0m
[1;32muart:~$ [m[8D[J[00:03:50.581,000] [0m<inf> imu: LSM6DSV16X   a  -0.132   9.827   0.921  g  -0.011   0.002  -0.003[0m
[1;32muart:~$ [m[8D[J[1;32muart:~$ [m[8D[J[00:03:50.582,000] [0m<inf> imu: ICM-42688-P  a  -0.163   9.754   0.299  g   0.000  -0.005   0.000[0m
[1;32muart:~$ [m[8D[J[00:03:50.683,000] [0m<inf> imu: LSM6DS3TR-C  a  -0.365   9.849   0.505  g   0.022  -0.060   0.015[0m
[1;32muart:~$ [m[8D[J[00:03:50.684,000] [0m<inf> imu: LSM6DSV16X   a  -0.122   9.839   0.933  g  -0.011   0.002  -0.003[0m
[1;32muart:~$ [m[8D[J[1;32muart:~$ [m[8D[J[00:03:50.684,000] [0m<inf> imu: ICM-42688-P  a  -0.160   9.756   0.328  g   0.000  -0.005   0.000[0m
[1;32muart:~$ [m[8D[J[00:03:50.786,000] [0m<inf> imu: LSM6DS3TR-C  a  -0.365   9.848   0.541  g   0.024  -0.060   0.014[0m
[1;32muart:~$ [m[8D[J[1;32muart:~$ [m[8D[J[00:03:50.786,000] [0m<inf> imu: LSM6DSV16X   a  -0.129   9.846   0.930  g  -0.011   0.002  -0.003[0m
[1;32muart:~$ [m[8D[J[00:03:50.787,000] [0m<inf> imu: ICM-42688-P  a  -0.171   9.771   0.323  g   0.000  -0.006   0.001[0m
[1;32muart:~$ [m[8D[J[00:03:50.888,000] [0m<inf> imu: LSM6DS3TR-C  a  -0.339   9.858   0.574  g   0.024  -0.062   0.015[0m
[1;32muart:~$ [m[8D[J[1;32muart:~$ [m[8D[J[00:03:50.889,000] [0m<inf> imu: LSM6DSV16X   a  -0.134   9.837   0.924  g  -0.011   0.002  -0.003[0m
[1;32muart:~$ [m[8D[J[00:03:50.889,000] [0m<inf> imu: ICM-42688-P  a  -0.158   9.766   0.300  g   0.000  -0.005   0.001[0m
[1;32muart:~$ [m[8D[J[00:03:50.990,000] [0m<inf> imu: LSM6DS3TR-C  a  -0.377   9.833   0.556  g   0.022  -0.061   0.014[0m
[1;32muart:~$ [m[8D[J[00:03:50.991,000] [0m<inf> imu: LSM6DSV16X   a  -0.132   9.832   0.916  g  -0.011   0.003  -0.003[0m
[1;32muart:~$ [m[8D[J[1;32muart:~$ [m[8D[J[00:03:50.992,000] [0m<inf> imu: ICM-42688-P  a  -0.164   9.752   0.299  g   0.000  -0.005   0.000[0m
[1;32muart:~$ [m[8D[J[1;32muart:~$ [m[8D[J[00:03:51.093,000] [0m<inf> imu: LSM6DS3TR-C  a  -0.387   9.817   0.577  g   0.022  -0.060   0.017[0m
[1;32muart:~$ [m[8D[J[00:03:51.093,000] [0m<inf> imu: LSM6DSV16X   a  -0.132   9.840   0.924  g  -0.010   0.002  -0.003[0m
[1;32muart:~$ [m[8D[J[1;32muart:~$ [m[8D[J[00:03:51.094,000] [0m<inf> imu: ICM-42688-P  a  -0.163   9.758   0.320  g  -0.000  -0.006   0.000[0m
[1;32muart:~$ [m[8D[J[00:03:51.195,000] [0m<inf> imu: LSM6DS3TR-C  a  -0.347   9.851   0.608  g   0.024  -0.064   0.014[0m
[1;32muart:~$ [m[8D[J[1;32muart:~$ [m[8D[J[00:03:51.196,000] [0m<inf> imu: LSM6DSV16X   a  -0.137   9.832   0.931  g  -0.012   0.002  -0.003[0m
[1;32muart:~$ [m[8D[J[00:03:51.196,000] [0m<inf> imu: ICM-42688-P  a  -0.162   9.767   0.314  g   0.000  -0.005   0.000[0m
[1;32muart:~$ [m[8D[J[1;32muart:~$ [m[8D[J[00:03:51.297,000] [0m<inf> imu: LSM6DS3TR-C  a  -0.334   9.874   0.544  g   0.023  -0.063   0.013[0m
[1;32muart:~$ [m[8D[J[00:03:51.298,000] [0m<inf> imu: LSM6DSV16X   a  -0.134   9.835   0.924  g  -0.012   0.002  -0.003[0m
[1;32muart:~$ [m[8D[J[1;32muart:~$ [m[8D[J[00:03:51.299,000] [0m<inf> imu: ICM-42688-P  a  -0.160   9.768   0.311  g  -0.000  -0.005   0.000[0m
[1;32muart:~$ [m[8D[J[00:03:51.400,000] [0m<inf> imu: LSM6DS3TR-C  a  -0.379   9.867   0.535  g   0.022  -0.060   0.015[0m
[1;32muart:~$ [m[8D[J[00:03:51.400,000] [0m<inf> imu: LSM6DSV16X   a  -0.134   9.842   0.935  g  -0.011   0.002  -0.003[0m
[1;32muart:~$ [m[8D[J[1;32muart:~$ [m[8D[J[00:03:51.401,000] [0m<inf> imu: ICM-42688-P  a  -0.165   9.773   0.311  g  -0.000  -0.005  -0.000[0m
[1;32muart:~$ [m[8D[J[00:03:51.502,000] [0m<inf> imu: LSM6DS3TR-C  a  -0.398   9.863   0.574  g   0.022  -0.061   0.017[0m
[1;32muart:~$ [m[8D[J[1;32muart:~$ [m[8D[J[00:03:51.503,000] [0m<inf> imu: LSM6DSV16X   a  -0.133   9.823   0.915  g  -0.011   0.002  -0.002[0m
[1;32muart:~$ [m[8D[J[00:03:51.504,000] [0m<inf> imu: ICM-42688-P  a  -0.159   9.752   0.321  g   0.000  -0.005   0.001[0m
[1;32muart:~$ [m[8D[J[00:03:51.605,000] [0m<inf> imu: LSM6DS3TR-C  a  -0.352   9.837   0.587  g   0.021  -0.059   0.014[0m
[1;32muart:~$ [m[8D[J[1;32muart:~$ [m[8D[J[00:03:51.606,000] [0m<inf> imu: LSM6DSV16X   a  -0.132   9.835   0.928  g  -0.012   0.002  -0.002[0m
[1;32muart:~$ [m[8D[J[00:03:51.606,000] [0m<inf> imu: ICM-42688-P  a  -0.150   9.764   0.321  g   0.000  -0.005   0.000[0m
[1;32muart:~$ [m[8D[J[00:03:51.707,000] [0m<inf> imu: LSM6DS3TR-C  a  -0.342   9.837   0.569  g   0.022  -0.061   0.013[0m
[1;32muart:~$ [m[8D[J[00:03:51.708,000] [0m<inf> imu: LSM6DSV16X   a  -0.135   9.844   0.940  g  -0.012   0.002  -0.003[0m
[1;32muart:~$ [m[8D[J[1;32muart:~$ [m[8D[J[00:03:51.708,000] [0m<inf> imu: ICM-42688-P  a  -0.158   9.766   0.333  g  -0.001  -0.005   0.000[0m
[1;32muart:~$ [m[8D[J[1;32muart:~$ [m[8D[J[00:03:51.810,000] [0m<inf> imu: LSM6DS3TR-C  a  -0.377   9.856   0.553  g   0.022  -0.061   0.015[0m
[1;32muart:~$ [m[8D[J[00:03:51.810,000] [0m<inf> imu: LSM6DSV16X   a  -0.130   9.826   0.919  g  -0.011   0.002  -0.003[0m
[1;32muart:~$ [m[8D[J[1;32muart:~$ [m[8D[J[00:03:51.811,000] [0m<inf> imu: ICM-42688-P  a  -0.164   9.756   0.315  g   0.000  -0.005   0.000[0m
[1;32muart:~$ [m[8D[J[00:03:51.912,000] [0m<inf> imu: LSM6DS3TR-C  a  -0.361   9.828   0.580  g   0.023  -0.060   0.016[0m
[1;32muart:~$ [m[8D[J[1;32muart:~$ [m[8D[J[00:03:51.913,000] [0m<inf> imu: LSM6DSV16X   a  -0.129   9.839   0.923  g  -0.012   0.002  -0.003[0m
[1;32muart:~$ [m[8D[J[00:03:51.913,000] [0m<inf> imu: ICM-42688-P  a  -0.152   9.762   0.316  g   0.000  -0.005   0.001[0m
[1;32muart:~$ [m[8D[J[1;32muart:~$ [m[8D[J[00:03:52.014,000] [0m<inf> imu: LSM6DS3TR-C  a  -0.357   9.873   0.550  g   0.022  -0.060   0.016[0m
[1;32muart:~$ [m[8D[J[00:03:52.015,000] [0m<inf> imu: LSM6DSV16X   a  -0.132   9.837   0.936  g  -0.012   0.002  -0.003[0m
[1;32muart:~$ [m[8D[J[1;32muart:~$ [m[8D[J[00:03:52.015,000] [0m<inf> imu: ICM-42688-P  a  -0.164   9.768   0.336  g  -0.000  -0.005   0.000[0m
[1;32muart:~$ [m[8D[J[00:03:52.116,000] [0m<inf> imu: LSM6DS3TR-C  a  -0.343   9.819   0.584  g   0.023  -0.060   0.015[0m
[1;32muart:~$ [m[8D[J[00:03:52.117,000] [0m<inf> imu: LSM6DSV16X   a  -0.126   9.844   0.921  g  -0.011   0.002  -0.003[0m
[1;32muart:~$ [m[8D[J[1;32muart:~$ [m[8D[J[00:03:52.118,000] [0m<inf> imu: ICM-42688-P  a  -0.154   9.760   0.316  g  -0.001  -0.005   0.000[0m
[1;32muart:~$ [m[8D[J[00:03:52.219,000] [0m<inf> imu: LSM6DS3TR-C  a  -0.375   9.843   0.538  g   0.023  -0.062   0.016[0m
[1;32muart:~$ [m[8D[J[00:03:52.221,000] [0m<inf> imu: LSM6DSV16X   a  -0.137   9.843   0.922  g  -0.011   0.002  -0.002[0m
[1;32muart:~$ [m[8D[J[1;32muart:~$ [m[8D[J[00:03:52.221,000] [0m<inf> imu: ICM-42688-P  a  -0.175   9.767   0.324  g   0.000  -0.004   0.000[0m
[1;32muart:~$ [m[8D[J[00:03:52.323,000] [0m<inf> imu: LSM6DS3TR-C  a  -0.330   9.863   0.521  g   0.022  -0.061   0.017[0m
[1;32muart:~$ [m[8D[J[1;32muart:~$ [m[8D[J[00:03:52.323,000] [0m<inf> imu: LSM6DSV16X   a  -0.130   9.826   0.928  g  -0.011   0.003  -0.002[0m
[1;32muart:~$ [m[8D[J[00:03:52.324,000] [0m<inf> imu: ICM-42688-P  a  -0.160   9.742   0.310  g   0.001  -0.005   0.001[0m
[1;32muart:~$ [m[8D[J[1;32muart:~$ [m[8D[J[00:03:52.426,000] [0m<inf> imu: LSM6DS3TR-C  a  -0.336   9.833   0.581  g   0.021  -0.061   0.015[0m
[1;32muart:~$ [m[8D[J[00:03:52.427,000] [0m<inf> imu: LSM6DSV16X   a  -0.121   9.823   0.922  g  -0.012   0.002  -0.003[0m
[1;32muart:~$ [m[8D[J[1;32muart:~$ [m[8D[J[00:03:52.427,000] [0m<inf> imu: ICM-42688-P  a  -0.154   9.737   0.314  g  -0.000  -0.004   0.001[0m
[1;32muart:~$ [m[8D[J[00:03:52.529,000] [0m<inf> imu: LSM6DS3TR-C  a  -0.346   9.855   0.590  g   0.022  -0.058   0.015[0m
[1;32muart:~$ [m[8D[J[1;32muart:~$ [m[8D[J[00:03:52.529,000] [0m<inf> imu: LSM6DSV16X   a  -0.129   9.832   0.936  g  -0.011   0.002  -0.003[0m
[1;32muart:~$ [m[8D[J[00:03:52.530,000] [0m<inf> imu: ICM-42688-P  a  -0.166   9.761   0.324  g   0.001  -0.005   0.001[0m
[1;32muart:~$ [m[8D[J[1;32muart:~$ [m[8D[J[00:03:52.631,000] [0m<inf> imu: LSM6DS3TR-C  a  -0.345   9.826   0.542  g   0.024  -0.062   0.014[0m
[1;32muart:~$ [m[8D[J[00:03:52.632,000] [0m<inf> imu: LSM6DSV16X   a  -0.124   9.820   0.921  g  -0.011   0.002  -0.002[0m
[1;32muart:~$ [m[8D[J[1;32muart:~$ [m[8D[J[00:03:52.632,000] [0m<inf> imu: ICM-42688-P  a  -0.163   9.749   0.320  g   0.001  -0.005   0.001[0m
[1;32muart:~$ [m[8D[J[00:03:52.733,000] [0m<inf> imu: LSM6DS3TR-C  a  -0.336   9.821   0.577  g   0.024  -0.060   0.012[0m
[1;32muart:~$ [m[8D[J[00:03:52.734,000] [0m<inf> imu: LSM6DSV16X   a  -0.135   9.840   0.925  g  -0.011   0.002  -0.003[0m
[1;32muart:~$ [m[8D[J[1;32muart:~$ [m[8D[J[00:03:52.734,000] [0m<inf> imu: ICM-42688-P  a  -0.154   9.759   0.329  g  -0.001  -0.004   0.001[0m
[1;32muart:~$ [m[8D[J[00:03:52.836,000] [0m<inf> imu: LSM6DS3TR-C  a  -0.336   9.837   0.543  g   0.022  -0.062   0.013[0m
[1;32muart:~$ [m[8D[J[00:03:52.837,000] [0m<inf> imu: LSM6DSV16X   a  -0.129   9.820   0.927  g  -0.012   0.002  -0.003[0m
[1;32muart:~$ [m[8D[J[1;32muart:~$ [m[8D[J[00:03:52.837,000] [0m<inf> imu: ICM-42688-P  a  -0.157   9.747   0.330  g   0.001  -0.006   0.000[0m
[1;32muart:~$ [m[8D[J[00:03:52.939,000] [0m<inf> imu: LSM6DS3TR-C  a  -0.367   9.847   0.522  g   0.023  -0.061   0.014[0m
[1;32muart:~$ [m[8D[J[1;32muart:~$ [m[8D[J[00:03:52.939,000] [0m<inf> imu: LSM6DSV16X   a  -0.137   9.844   0.924  g  -0.012   0.002  -0.003[0m
[1;32muart:~$ [m[8D[J[00:03:52.940,000] [0m<inf> imu: ICM-42688-P  a  -0.163   9.765   0.322  g   0.000  -0.006   0.001[0m
[1;32muart:~$ [m[8D[J[00:03:53.041,000] [0m<inf> imu: LSM6DS3TR-C  a  -0.360   9.817   0.560  g   0.021  -0.060   0.013[0m
[1;32muart:~$ [m[8D[J[00:03:53.042,000] [0m<inf> imu: LSM6DSV16X   a  -0.124   9.820   0.922  g  -0.011   0.003  -0.003[0m
[1;32muart:~$ [m[8D[J[1;32muart:~$ [m[8D[J[00:03:53.042,000] [0m<inf> imu: ICM-42688-P  a  -0.159   9.747   0.311  g  -0.000  -0.004   0.000[0m
[1;32muart:~$ [m[8D[J[1;32muart:~$ [m[8D[J[00:03:53.143,000] [0m<inf> imu: LSM6DS3TR-C  a  -0.403   9.843   0.586  g   0.023  -0.058   0.016[0m
[1;32muart:~$ [m[8D[J[00:03:53.144,000] [0m<inf> imu: LSM6DSV16X   a  -0.136   9.844   0.926  g  -0.012   0.003  -0.002[0m
[1;32muart:~$ [m[8D[J[1;32muart:~$ [m[8D[J[00:03:53.145,000] [0m<inf> imu: ICM-42688-P  a  -0.164   9.762   0.342  g   0.000  -0.005   0.000[0m
[1;32muart:~$ [m[8D[J[00:03:53.246,000] [0m<inf> imu: LSM6DS3TR-C  a  -0.338   9.868   0.555  g   0.022  -0.061   0.015[0m
[1;32muart:~$ [m[8D[J[1;32muart:~$ [m[8D[J[00:03:53.246,000] [0m<inf> imu: LSM6DSV16X   a  -0.122   9.832   0.933  g  -0.012   0.002  -0.003[0m
[1;32muart:~$ [m[8D[J[00:03:53.247,000] [0m<inf> imu: ICM-42688-P  a  -0.157   9.756   0.317  g   0.000  -0.006   0.000[0m
[1;32muart:~$ [m[8D[J[1;32muart:~$ [m[8D[J[00:03:53.348,000] [0m<inf> imu: LSM6DS3TR-C  a  -0.358   9.841   0.546  g   0.024  -0.060   0.016[0m
[1;32muart:~$ [m[8D[J[00:03:53.349,000] [0m<inf> imu: LSM6DSV16X   a  -0.135   9.839   0.924  g  -0.011   0.002  -0.003[0m
[1;32muart:~$ [m[8D[J[1;32muart:~$ [m[8D[J[00:03:53.349,000] [0m<inf> imu: ICM-42688-P  a  -0.163   9.756   0.311  g  -0.000  -0.005   0.000[0m
[1;32muart:~$ [m[8D[J[00:03:53.450,000] [0m<inf> imu: LSM6DS3TR-C  a  -0.386   9.820   0.569  g   0.024  -0.062   0.015[0m
[1;32muart:~$ [m[8D[J[00:03:53.451,000] [0m<inf> imu: LSM6DSV16X   a  -0.131   9.837   0.926  g  -0.012   0.002  -0.002[0m
[1;32muart:~$ [m[8D[J[1;32muart:~$ [m[8D[J[00:03:53.451,000] [0m<inf> imu: ICM-42688-P  a  -0.159   9.765   0.316  g   0.000  -0.005  -0.000[0m
[1;32muart:~$ [m[8D[J[00:03:53.553,000] [0m<inf> imu: LSM6DS3TR-C  a  -0.338   9.851   0.587  g   0.022  -0.061   0.013[0m
[1;32muart:~$ [m[8D[J[1;32muart:~$ [m[8D[J[00:03:53.553,000] [0m<inf> imu: LSM6DSV16X   a  -0.132   9.843   0.936  g  -0.012   0.003  -0.002[0m
[1;32muart:~$ [m[8D[J[00:03:53.554,000] [0m<inf> imu: ICM-42688-P  a  -0.163   9.767   0.336  g   0.000  -0.005   0.001[0m
[1;32muart:~$ [m[8D[J[00:03:53.656,000] [0m<inf> imu: LSM6DS3TR-C  a  -0.368   9.853   0.577  g   0.023  -0.060   0.016[0m
[1;32muart:~$ [m[8D[J[1;32muart:~$ [m[8D[J[00:03:53.656,000] [0m<inf> imu: LSM6DSV16X   a  -0.127   9.827   0.922  g  -0.012   0.002  -0.003[0m
[1;32muart:~$ [m[8D[J[00:03:53.657,000] [0m<inf> imu: ICM-42688-P  a  -0.168   9.755   0.305  g   0.000  -0.005   0.000[0m
[1;32muart:~$ [m[8D[J[00:03:53.758,000] [0m<inf> imu: LSM6DS3TR-C  a  -0.388   9.872   0.598  g   0.022  -0.061   0.014[0m
[1;32muart:~$ [m[8D[J[00:03:53.759,000] [0m<inf> imu: LSM6DSV16X   a  -0.136   9.833   0.914  g  -0.012   0.002  -0.003[0m
[1;32muart:~$ [m[8D[J[1;32muart:~$ [m[8D[J[00:03:53.759,000] [0m<inf> imu: ICM-42688-P  a  -0.175   9.762   0.303  g  -0.001  -0.005   0.001[0m
[1;32muart:~$ [m[8D[J[1;32muart:~$ [m[8D[J[00:03:53.860,000] [0m<inf> imu: LSM6DS3TR-C  a  -0.345   9.878   0.551  g   0.024  -0.062   0.013[0m
[1;32muart:~$ [m[8D[J[00:03:53.861,000] [0m<inf> imu: LSM6DSV16X   a  -0.131   9.837   0.933  g  -0.011   0.002  -0.003[0m
[1;32muart:~$ [m[8D[J[1;32muart:~$ [m[8D[J[00:03:53.861,000] [0m<inf> imu: ICM-42688-P  a  -0.163   9.758   0.326  g   0.001  -0.005   0.000[0m
[1;32muart:~$ [m[8D[J[00:03:53.962,000] [0m<inf> imu: LSM6DS3TR-C  a  -0.366   9.870   0.590  g   0.020  -0.060   0.014[0m
[1;32muart:~$ [m[8D[J[1;32muart:~$ [m[8D[J[00:03:53.963,000] [0m<inf> imu: LSM6DSV16X   a  -0.138   9.835   0.933  g  -0.012   0.002  -0.003[0m
[1;32muart:~$ [m[8D[J[00:03:53.964,000] [0m<inf> imu: ICM-42688-P  a  -0.164   9.759   0.316  g  -0.001  -0.004   0.000[0m
[1;32muart:~$ [m[8D[J[1;32muart:~$ [m[8D[J[00:03:54.065,000] [0m<inf> imu: LSM6DS3TR-C  a  -0.329   9.822   0.533  g   0.024  -0.062   0.015[0m
[1;32muart:~$ [m[8D[J[00:03:54.065,000] [0m<inf> imu: LSM6DSV16X   a  -0.129   9.832   0.916  g  -0.011   0.001  -0.003[0m
[1;32muart:~$ [m[8D[J[00:03:54.066,000] [0m<inf> imu: ICM-42688-P  a  -0.156   9.760   0.299  g  -0.001  -0.006   0.001[0m
[1;32muart:~$ [m[8D[J[1;32muart:~$ [m[8D[J[00:03:54.167,000] [0m<inf> imu: LSM6DS3TR-C  a  -0.346   9.836   0.541  g   0.022  -0.060   0.014[0m
[1;32muart:~$ [m[8D[J[00:03:54.168,000] [0m<inf> imu: LSM6DSV16X   a  -0.134   9.839   0.936  g  -0.011   0.002  -0.002[0m
[1;32muart:~$ [m[8D[J[00:03:54.168,000] [0m<inf> imu: ICM-42688-P  a  -0.165   9.765   0.324  g  -0.001  -0.005   0.000[0m
[1;32muart:~$ [m[8D[J[1;32muart:~$ [m[8D[J[00:03:54.270,000] [0m<inf> imu: LSM6DS3TR-C  a  -0.355   9.837   0.573  g   0.022  -0.062   0.014[0m
[1;32muart:~$ [m[8D[J[00:03:54.270,000] [0m<inf> imu: LSM6DSV16X   a  -0.129   9.842   0.924  g  -0.013   0.002  -0.003[0m
[1;32muart:~$ [m[8D[J[1;32muart:~$ [m[8D[J[00:03:54.271,000] [0m<inf> imu: ICM-42688-P  a  -0.154   9.765   0.327  g  -0.000  -0.005   0.000[0m
[1;32muart:~$ [m[8D[J[00:03:54.372,000] [0m<inf> imu: LSM6DS3TR-C  a  -0.374   9.852   0.586  g   0.023  -0.062   0.014[0m
[1;32muart:~$ [m[8D[J[1;32muart:~$ [m[8D[J[00:03:54.374,000] [0m<inf> imu: LSM6DSV16X   a  -0.124   9.830   0.917  g  -0.011   0.002  -0.003[0m
[1;32muart:~$ [m[8D[J[00:03:54.374,000] [0m<inf> imu: ICM-42688-P  a  -0.175   9.755   0.305  g   0.001  -0.005   0.001[0m
[1;32muart:~$ [m[8D[J[00:03:54.475,000] [0m<inf> imu: LSM6DS3TR-C  a  -0.376   9.857   0.514  g   0.022  -0.060   0.013[0m
[1;32muart:~$ [m[8D[J[00:03:54.476,000] [0m<inf> imu: LSM6DSV16X   a  -0.133   9.842   0.921  g  -0.011   0.002  -0.003[0m
[1;32muart:~$ [m[8D[J[1;32muart:~$ [m[8D[J[00:03:54.477,000] [0m<inf> imu: ICM-42688-P  a  -0.160   9.774   0.312  g  -0.000  -0.005   0.000[0m
[1;32muart:~$ [m[8D[J[1;32muart:~$ [m[8D[J[00:03:54.578,000] [0m<inf> imu: LSM6DS3TR-C  a  -0.349   9.851   0.572  g   0.024  -0.061   0.012[0m
[1;32muart:~$ [m[8D[J[00:03:54.578,000] [0m<inf> imu: LSM6DSV16X   a  -0.133   9.833   0.934  g  -0.012   0.002  -0.003[0m
[1;32muart:~$ [m[8D[J[1;32muart:~$ [m[8D[J[00:03:54.579,000] [0m<inf> imu: ICM-42688-P  a  -0.154   9.768   0.320  g   0.000  -0.005   0.000[0m
[1;32muart:~$ [m[8D[J[00:03:54.680,000] [0m<inf> imu: LSM6DS3TR-C  a  -0.324   9.836   0.558  g   0.022  -0.059   0.013[0m
[1;32muart:~$ [m[8D[J[1;32muart:~$ [m[8D[J[00:03:54.681,000] [0m<inf> imu: LSM6DSV16X   a  -0.135   9.837   0.926  g  -0.011   0.003  -0.003[0m
[1;32muart:~$ [m[8D[J[00:03:54.681,000] [0m<inf> imu: ICM-42688-P  a  -0.156   9.755   0.303  g  -0.001  -0.006  -0.000[0m
[1;32muart:~$ [m[8D[J[1;32muart:~$ [m[8D[J[00:03:54.782,000] [0m<inf> imu: LSM6DS3TR-C  a  -0.316   9.828   0.525  g   0.022  -0.060   0.013[0m
[1;32muart:~$ [m[8D[J[00:03:54.783,000] [0m<inf> imu: LSM6DSV16X   a  -0.139   9.837   0.915  g  -0.012   0.002  -0.003[0m
[1;32muart:~$ [m[8D[J[1;32muart:~$ [m[8D[J[00:03:54.783,000] [0m<inf> imu: ICM-42688-P  a  -0.163   9.752   0.316  g  -0.000  -0.005   0.000[0m
[1;32muart:~$ [m[8D[J[00:03:54.885,000] [0m<inf> imu: LSM6DS3TR-C  a  -0.371   9.848   0.553  g   0.023  -0.060   0.013[0m
[1;32muart:~$ [m[8D[J[00:03:54.885,000] [0m<inf> imu: LSM6DSV16X   a  -0.131   9.844   0.936  g  -0.011   0.002  -0.003[0m
[1;32muart:~$ [m[8D[J[1;32muart:~$ [m[8D[J[00:03:54.886,000] [0m<inf> imu: ICM-42688-P  a  -0.162   9.777   0.306  g   0.000  -0.005   0.001[0m
[1;32muart:~$ [m[8D[J[00:03:54.987,000] [0m<inf> imu: LSM6DS3TR-C  a  -0.383   9.853   0.575  g   0.022  -0.060   0.014[0m
[1;32muart:~$ [m[8D[J[1;32muart:~$ [m[8D[J[00:03:54.988,000] [0m<inf> imu: LSM6DSV16X   a  -0.135   9.839   0.938  g  -0.012   0.002  -0.003[0m
[1;32muart:~$ [m[8D[J[00:03:54.989,000] [0m<inf> imu: ICM-42688-P  a  -0.163   9.755   0.311  g   0.000  -0.005   0.001[0m
[1;32muart:~$ [m[8D[J[1;32muart:~$ [m[8D[J[00:03:55.090,000] [0m<inf> imu: LSM6DS3TR-C  a  -0.387   9.851   0.540  g   0.023  -0.061   0.016[0m
[1;32muart:~$ [m[8D[J[00:03:55.091,000] [0m<inf> imu: LSM6DSV16X   a  -0.136   9.839   0.929  g  -0.012   0.002  -0.003[0m
[1;32muart:~$ [m[8D[J[00:03:55.091,000] [0m<inf> imu: ICM-42688-P  a  -0.163   9.759   0.308  g   0.000  -0.005   0.001[0m
[1;32muart:~$ [m[8D[J[1;32muart:~$ [m[8D[J[00:03:55.193,000] [0m<inf> imu: LSM6DS3TR-C  a  -0.336   9.812   0.547  g   0.024  -0.062   0.016[0m
[1;32muart:~$ [m[8D[J[00:03:55.194,000] [0m<inf> imu: LSM6DSV16X   a  -0.127   9.832   0.919  g  -0.012   0.001  -0.003[0m
[1;32muart:~$ [m[8D[J[1;32muart:~$ [m[8D[J[00:03:55.195,000] [0m<inf> imu: ICM-42688-P  a  -0.157   9.749   0.315  g   0.000  -0.006   0.000[0m
[1;32muart:~$ [m[8D[J[00:03:55.296,000] [0m<inf> imu: LSM6DS3TR-C  a  -0.374   9.867   0.581  g   0.023  -0.061   0.014[0m
[1;32muart:~$ [m[8D[J[1;32muart:~$ [m[8D[J[00:03:55.297,000] [0m<inf> imu: LSM6DSV16X   a  -0.133   9.837   0.919  g  -0.012   0.002  -0.003[0m
[1;32muart:~$ [m[8D[J[00:03:55.297,000] [0m<inf> imu: ICM-42688-P  a  -0.165   9.747   0.305  g  -0.000  -0.005   0.000[0m
[1;32muart:~$ [m[8D[J[1;32muart:~$ [m[8D[J[00:03:55.398,000] [0m<inf> imu: LSM6DS3TR-C  a  -0.376   9.827   0.606  g   0.021  -0.064   0.012[0m
[1;32muart:~$ [m[8D[J[00:03:55.399,000] [0m<inf> imu: LSM6DSV16X   a  -0.131   9.835   0.942  g  -0.011   0.002  -0.003[0m
[1;32muart:~$ [m[8D[J[1;32muart:~$ [m[8D[J[00:03:55.399,000] [0m<inf> imu: ICM-42688-P  a  -0.170   9.760   0.328  g  -0.001  -0.006  -0.001[0m
[1;32muart:~$ [m[8D[J[00:03:55.500,000] [0m<inf> imu: LSM6DS3TR-C  a  -0.356   9.867   0.580  g   0.022  -0.062   0.014[0m
[1;32muart:~$ [m[8D[J[00:03:55.501,000] [0m<inf> imu: LSM6DSV16X   a  -0.134   9.844   0.940  g  -0.012   0.002  -0.003[0m
[1;32muart:~$ [m[8D[J[1;32muart:~$ [m[8D[J[00:03:55.502,000] [0m<inf> imu: ICM-42688-P  a  -0.165   9.760   0.328  g  -0.001  -0.005   0.000[0m
[1;32muart:~$ [m[8D[J[00:03:55.604,000] [0m<inf> imu: LSM6DS3TR-C  a  -0.342   9.850   0.574  g   0.023  -0.061   0.014[0m
[1;32muart:~$ [m[8D[J[1;32muart:~$ [m[8D[J[00:03:55.604,000] [0m<inf> imu: LSM6DSV16X   a  -0.129   9.835   0.919  g  -0.012   0.002  -0.003[0m
[1;32muart:~$ [m[8D[J[00:03:55.605,000] [0m<inf> imu: ICM-42688-P  a  -0.163   9.766   0.327  g   0.000  -0.005   0.000[0m
[1;32muart:~$ [m[8D[J[00:03:55.706,000] [0m<inf> imu: LSM6DS3TR-C  a  -0.383   9.863   0.560  g   0.024  -0.060   0.014[0m
[1;32muart:~$ [m[8D[J[1;32muart:~$ [m[8D[J[00:03:55.707,000] [0m<inf> imu: LSM6DSV16X   a  -0.134   9.827   0.929  g  -0.011   0.002  -0.002[0m
[1;32muart:~$ [m[8D[J[00:03:55.708,000] [0m<inf> imu: ICM-42688-P  a  -0.163   9.755   0.321  g   0.000  -0.005   0.001[0m
[1;32muart:~$ [m[8D[J[00:03:55.809,000] [0m<inf> imu: LSM6DS3TR-C  a  -0.370   9.854   0.574  g   0.023  -0.061   0.015[0m
[1;32muart:~$ [m[8D[J[00:03:55.809,000] [0m<inf> imu: LSM6DSV16X   a  -0.132   9.836   0.935  g  -0.012   0.002  -0.003[0m
[1;32muart:~$ [m[8D[J[1;32muart:~$ [m[8D[J[00:03:55.810,000] [0m<inf> imu: ICM-42688-P  a  -0.156   9.752   0.332  g   0.000  -0.005   0.000[0m
[1;32muart:~$ [m[8D[J[1;32muart:~$ [m[8D[J[00:03:55.911,000] [0m<inf> imu: LSM6DS3TR-C  a  -0.336   9.814   0.565  g   0.024  -0.061   0.014[0m
[1;32muart:~$ [m[8D[J[00:03:55.912,000] [0m<inf> imu: LSM6DSV16X   a  -0.129   9.839   0.926  g  -0.011   0.003  -0.003[0m
[1;32muart:~$ [m[8D[J[1;32muart:~$ [m[8D[J[00:03:55.912,000] [0m<inf> imu: ICM-42688-P  a  -0.153   9.756   0.316  g   0.001  -0.005   0.000[0m
[1;32muart:~$ [m[8D[J[00:03:56.013,000] [0m<inf> imu: LSM6DS3TR-C  a  -0.342   9.840   0.548  g   0.021  -0.061   0.013[0m
[1;32muart:~$ [m[8D[J[1;32muart:~$ [m[8D[J[00:03:56.014,000] [0m<inf> imu: LSM6DSV16X   a  -0.134   9.837   0.935  g  -0.012   0.001  -0.003[0m
[1;32muart:~$ [m[8D[J[00:03:56.014,000] [0m<inf> imu: ICM-42688-P  a  -0.170   9.758   0.322  g  -0.000  -0.005  -0.001[0m
[1;32muart:~$ [m[8D[J[1;32muart:~$ [m[8D[J[00:03:56.115,000] [0m<inf> imu: LSM6DS3TR-C  a  -0.351   9.857   0.560  g   0.023  -0.064   0.015[0m
[1;32muart:~$ [m[8D[J[00:03:56.116,000] [0m<inf> imu: LSM6DSV16X   a  -0.135   9.835   0.919  g  -0.012   0.002  -0.003[0m
[1;32muart:~$ [m[8D[J[1;32muart:~$ [m[8D[J[00:03:56.117,000] [0m<inf> imu: ICM-42688-P  a  -0.171   9.765   0.324  g   0.000  -0.005   0.000[0m
[1;32muart:~$ [m[8D[J[00:03:56.218,000] [0m<inf> imu: LSM6DS3TR-C  a  -0.401   9.852   0.569  g   0.023  -0.060   0.014[0m
[1;32muart:~$ [m[8D[J[00:03:56.218,000] [0m<inf> imu: LSM6DSV16X   a  -0.131   9.832   0.921  g  -0.012   0.003  -0.003[0m
[1;32muart:~$ [m[8D[J[1;32muart:~$ [m[8D[J[00:03:56.219,000] [0m<inf> imu: ICM-42688-P  a  -0.160   9.765   0.324  g   0.001  -0.005   0.001[0m
[1;32muart:~$ [m[8D[J[00:03:56.320,000] [0m<inf> imu: LSM6DS3TR-C  a  -0.354   9.841   0.579  g   0.023  -0.061   0.014[0m
[1;32muart:~$ [m[8D[J[00:03:56.322,000] [0m<inf> imu: LSM6DSV16X   a  -0.127   9.839   0.923  g  -0.012   0.002  -0.003[0m
[1;32muart:~$ [m[8D[J[1;32muart:~$ [m[8D[J[00:03:56.322,000] [0m<inf> imu: ICM-42688-P  a  -0.166   9.758   0.316  g   0.001  -0.005   0.001[0m
[1;32muart:~$ [m[8D[J[00:03:56.423,000] [0m<inf> imu: LSM6DS3TR-C  a  -0.355   9.829   0.565  g   0.022  -0.061   0.014[0m
[1;32muart:~$ [m[8D[J[1;32muart:~$ [m[8D[J[00:03:56.424,000] [0m<inf> imu: LSM6DSV16X   a  -0.132   9.835   0.924  g  -0.011   0.002  -0.002[0m
[1;32muart:~$ [m[8D[J[00:03:56.425,000] [0m<inf> imu: ICM-42688-P  a  -0.163   9.756   0.314  g  -0.000  -0.005   0.000[0m
[1;32muart:~$ [m[8D[J[1;32muart:~$ [m[8D[J[00:03:56.526,000] [0m<inf> imu: LSM6DS3TR-C  a  -0.370   9.818   0.568  g   0.022  -0.062   0.015[0m
[1;32muart:~$ [m[8D[J[00:03:56.527,000] [0m<inf> imu: LSM6DSV16X   a  -0.129   9.840   0.927  g  -0.011   0.002  -0.003[0m
[1;32muart:~$ [m[8D[J[1;32muart:~$ [m[8D[J[00:03:56.528,000] [0m<inf> imu: ICM-42688-P  a  -0.162   9.755   0.320  g  -0.001  -0.005   0.001[0m
[1;32muart:~$ [m[8D[J[00:03:56.629,000] [0m<inf> imu: LSM6DS3TR-C  a  -0.350   9.862   0.573  g   0.021  -0.060   0.014[0m
[1;32muart:~$ [m[8D[J[1;32muart:~$ [m[8D[J[00:03:56.629,000] [0m<inf> imu: LSM6DSV16X   a  -0.127   9.830   0.928  g  -0.012   0.002  -0.003[0m
[1;32muart:~$ [m[8D[J[00:03:56.630,000] [0m<inf> imu: ICM-42688-P  a  -0.150   9.754   0.310  g   0.001  -0.005  -0.000[0m
[1;32muart:~$ [m[8D[J[1;32muart:~$ [m[8D[J[00:03:56.731,000] [0m<inf> imu: LSM6DS3TR-C  a  -0.381   9.852   0.555  g   0.020  -0.061   0.013[0m
[1;32muart:~$ [m[8D[J[00:03:56.732,000] [0m<inf> imu: LSM6DSV16X   a  -0.124   9.835   0.928  g  -0.011   0.002  -0.002[0m
[1;32muart:~$ [m[8D[J[1;32muart:~$ [m[8D[J[00:03:56.732,000] [0m<inf> imu: ICM-42688-P  a  -0.160   9.768   0.326  g   0.000  -0.005   0.001[0m
[1;32muart:~$ [m[8D[J[00:03:56.833,000] [0m<inf> imu: LSM6DS3TR-C  a  -0.367   9.821   0.540  g   0.024  -0.060   0.014[0m
[1;32muart:~$ [m[8D[J[00:03:56.834,000] [0m<inf> imu: LSM6DSV16X   a  -0.132   9.837   0.923  g  -0.011   0.001  -0.003[0m
[1;32muart:~$ [m[8D[J[1;32muart:~$ [m[8D[J[00:03:56.834,000] [0m<inf> imu: ICM-42688-P  a  -0.163   9.766   0.323  g   0.000  -0.005  -0.000[0m
[1;32muart:~$ [m[8D[J[00:03:56.936,000] [0m<inf> imu: LSM6DS3TR-C  a  -0.383   9.837   0.544  g   0.022  -0.060   0.016[0m
[1;32muart:~$ [m[8D[J[00:03:56.937,000] [0m<inf> imu: LSM6DSV16X   a  -0.131   9.842   0.922  g  -0.011   0.003  -0.003[0m
[1;32muart:~$ [m[8D[J[1;32muart:~$ [m[8D[J[00:03:56.938,000] [0m<inf> imu: ICM-42688-P  a  -0.163   9.761   0.317  g   0.001  -0.005   0.001[0m
[1;32muart:~$ [m[8D[J[00:03:57.039,000] [0m<inf> imu: LSM6DS3TR-C  a  -0.372   9.860   0.592  g   0.022  -0.060   0.016[0m
[1;32muart:~$ [m[8D[J[1;32muart:~$ [m[8D[J[00:03:57.040,000] [0m<inf> imu: LSM6DSV16X   a  -0.132   9.846   0.937  g  -0.012   0.002  -0.003[0m
[1;32muart:~$ [m[8D[J[00:03:57.040,000] [0m<inf> imu: ICM-42688-P  a  -0.164   9.773   0.329  g  -0.001  -0.005   0.001[0m
[1;32muart:~$ [m[8D[J[1;32muart:~$ [m[8D[J[00:03:57.142,000] [0m<inf> imu: LSM6DS3TR-C  a  -0.352   9.857   0.564  g   0.021  -0.060   0.016[0m
[1;32muart:~$ [m[8D[J[00:03:57.142,000] [0m<inf> imu: LSM6DSV16X   a  -0.127   9.828   0.933  g  -0.012   0.001  -0.002[0m
[1;32muart:~$ [m[8D[J[1;32muart:~$ [m[8D[J[00:03:57.143,000] [0m<inf> imu: ICM-42688-P  a  -0.150   9.747   0.308  g   0.000  -0.005   0.000[0m
[1;32muart:~$ [m[8D[J[00:03:57.244,000] [0m<inf> imu: LSM6DS3TR-C  a  -0.355   9.845   0.536  g   0.023  -0.061   0.015[0m
[1;32muart:~$ [m[8D[J[1;32muart:~$ [m[8D[J[00:03:57.245,000] [0m<inf> imu: LSM6DSV16X   a  -0.141   9.832   0.914  g  -0.012   0.003  -0.003[0m
[1;32muart:~$ [m[8D[J[00:03:57.245,000] [0m<inf> imu: ICM-42688-P  a  -0.168   9.754   0.306  g  -0.000  -0.005  -0.001[0m
[1;32muart:~$ [m[8D[J[1;32muart:~$ [m[8D[J[00:03:57.346,000] [0m<inf> imu: LSM6DS3TR-C  a  -0.331   9.873   0.586  g   0.023  -0.062   0.013[0m
[1;32muart:~$ [m[8D[J[00:03:57.347,000] [0m<inf> imu: LSM6DSV16X   a  -0.122   9.836   0.929  g  -0.010   0.002  -0.002[0m
[1;32muart:~$ [m[8D[J[1;32muart:~$ [m[8D[J[00:03:57.348,000] [0m<inf> imu: ICM-42688-P  a  -0.162   9.779   0.329  g  -0.000  -0.004   0.000[0m
[1;32muart:~$ [m[8D[J[00:03:57.449,000] [0m<inf> imu: LSM6DS3TR-C  a  -0.382   9.839   0.529  g   0.022  -0.062   0.015[0m
[1;32muart:~$ [m[8D[J[00:03:57.449,000] [0m<inf> imu: LSM6DSV16X   a  -0.133   9.835   0.931  g  -0.012   0.001  -0.003[0m
[1;32muart:~$ [m[8D[J[1;32muart:~$ [m[8D[J[00:03:57.450,000] [0m<inf> imu: ICM-42688-P  a  -0.163   9.752   0.322  g   0.000  -0.005   0.001[0m
[1;32muart:~$ [m[8D[J[00:03:57.552,000] [0m<inf> imu: LSM6DS3TR-C  a  -0.354   9.851   0.522  g   0.020  -0.061   0.013[0m
[1;32muart:~$ [m[8D[J[1;32muart:~$ [m[8D[J[00:03:57.553,000] [0m<inf> imu: LSM6DSV16X   a  -0.124   9.839   0.921  g  -0.011   0.002  -0.003[0m
[1;32muart:~$ [m[8D[J[00:03:57.554,000] [0m<inf> imu: ICM-42688-P  a  -0.160   9.759   0.304  g  -0.000  -0.005   0.001[0m
[1;32muart:~$ [m[8D[J[00:03:57.655,000] [0m<inf> imu: LSM6DS3TR-C  a  -0.368   9.824   0.586  g   0.024  -0.060   0.014[0m
[1;32muart:~$ [m[8D[J[1;32muart:~$ [m[8D[J[00:03:57.656,000] [0m<inf> imu: LSM6DSV16X   a  -0.125   9.825   0.905  g  -0.013   0.002  -0.003[0m
[1;32muart:~$ [m[8D[J[00:03:57.656,000] [0m<inf> imu: ICM-42688-P  a  -0.158   9.747   0.311  g   0.001  -0.005   0.000[0m
[1;32muart:~$ [m[8D[J[00:03:57.757,000] [0m<inf> imu: LSM6DS3TR-C  a  -0.368   9.863   0.504  g   0.023  -0.061   0.013[0m
[1;32muart:~$ [m[8D[J[00:03:57.758,000] [0m<inf> imu: LSM6DSV16X   a  -0.129   9.843   0.933  g  -0.011   0.002  -0.003[0m
[1;32muart:~$ [m[8D[J[1;32muart:~$ [m[8D[J[00:03:57.758,000] [0m<inf> imu: ICM-42688-P  a  -0.163   9.771   0.333  g   0.001  -0.005   0.000[0m
[1;32muart:~$ [m[8D[J[1;32muart:~$ [m[8D[J[00:03:57.859,000] [0m<inf> imu: LSM6DS3TR-C  a  -0.342   9.811   0.547  g   0.021  -0.060   0.016[0m
[1;32muart:~$ [m[8D[J[00:03:57.860,000] [0m<inf> imu: LSM6DSV16X   a  -0.129   9.830   0.931  g  -0.011   0.002  -0.003[0m
[1;32muart:~$ [m[8D[J[1;32muart:~$ [m[8D[J[00:03:57.861,000] [0m<inf> imu: ICM-42688-P  a  -0.156   9.760   0.332  g   0.000  -0.005   0.001[0m
[1;32muart:~$ [m[8D[J[00:03:57.962,000] [0m<inf> imu: LSM6DS3TR-C  a  -0.363   9.854   0.526  g   0.020  -0.061   0.014[0m
[1;32muart:~$ [m[8D[J[1;32muart:~$ [m[8D[J[00:03:57.962,000] [0m<inf> imu: LSM6DSV16X   a  -0.130   9.837   0.903  g  -0.012   0.002  -0.003[0m
[1;32muart:~$ [m[8D[J[00:03:57.963,000] [0m<inf> imu: ICM-42688-P  a  -0.159   9.756   0.300  g  -0.000  -0.005   0.000[0m
[1;32muart:~$ [m[8D[J[1;32muart:~$ [m[8D[J[00:03:58.064,000] [0m<inf> imu: LSM6DS3TR-C  a  -0.334   9.859   0.540  g   0.024  -0.060   0.014[0m
[1;32muart:~$ [m[8D[J[00:03:58.065,000] [0m<inf> imu: LSM6DSV16X   a  -0.129   9.844   0.914  g  -0.011   0.002  -0.003[0m
[1;32muart:~$ [m[8D[J[00:03:58.065,000] [0m<inf> imu: ICM-42688-P  a  -0.169   9.760   0.311  g   0.001  -0.005   0.001[0m
[1;32muart:~$ [m[8D[J[00:03:58.166,000] [0m<inf> imu: LSM6DS3TR-C  a  -0.366   9.840   0.519  g   0.023  -0.061   0.015[0m
[1;32muart:~$ [m[8D[J[1;32muart:~$ [m[8D[J[00:03:58.167,000] [0m<inf> imu: LSM6DSV16X   a  -0.142   9.835   0.927  g  -0.012   0.002  -0.003[0m
[1;32muart:~$ [m[8D[J[00:03:58.167,000] [0m<inf> imu: ICM-42688-P  a  -0.154   9.753   0.315  g  -0.000  -0.005   0.000[0m
[1;32muart:~$ [m[8D[J[1;32muart:~$ [m[8D[J[00:03:58.270,000] [0m<inf> imu: LSM6DS3TR-C  a  -0.357   9.869   0.520  g   0.022  -0.062   0.013[0m
[1;32muart:~$ [m[8D[J[00:03:58.270,000] [0m<inf> imu: LSM6DSV16X   a  -0.129   9.840   0.924  g  -0.012   0.002  -0.003[0m
[1;32muart:~$ [m[8D[J[1;32muart:~$ [m[8D[J[00:03:58.271,000] [0m<inf> imu: ICM-42688-P  a  -0.152   9.753   0.316  g   0.001  -0.005   0.001[0m
[1;32muart:~$ [m[8D[J[00:03:58.373,000] [0m<inf> imu: LSM6DS3TR-C  a  -0.336   9.856   0.535  g   0.022  -0.061   0.015[0m
[1;32muart:~$ [m[8D[J[1;32muart:~$ [m[8D[J[00:03:58.374,000] [0m<inf> imu: LSM6DSV16X   a  -0.132   9.827   0.921  g  -0.012   0.002  -0.003[0m
[1;32muart:~$ [m[8D[J[00:03:58.375,000] [0m<inf> imu: ICM-42688-P  a  -0.166   9.735   0.311  g  -0.001  -0.005   0.000[0m
[1;32muart:~$ [m[8D[J[00:03:58.476,000] [0m<inf> imu: LSM6DS3TR-C  a  -0.361   9.888   0.557  g   0.025  -0.062   0.015[0m
[1;32muart:~$ [m[8D[J[00:03:58.477,000] [0m<inf> imu: LSM6DSV16X   a  -0.133   9.853   0.924  g  -0.012   0.002  -0.003[0m
[1;32muart:~$ [m[8D[J[1;32muart:~$ [m[8D[J[00:03:58.477,000] [0m<inf> imu: ICM-42688-P  a  -0.159   9.797   0.322  g   0.000  -0.005   0.000[0m
[1;32muart:~$ [m[8D[J[1;32muart:~$ [m[8D[J[00:03:58.578,000] [0m<inf> imu: LSM6DS3TR-C  a  -0.327   9.830   0.561  g   0.024  -0.060   0.014[0m
[1;32muart:~$ [m[8D[J[00:03:58.579,000] [0m<inf> imu: LSM6DSV16X   a  -0.127   9.823   0.914  g  -0.012   0.002  -0.003[0m
[1;32muart:~$ [m[8D[J[1;32muart:~$ [m[8D[J[00:03:58.579,000] [0m<inf> imu: ICM-42688-P  a  -0.165   9.753   0.318  g   0.000  -0.005   0.000[0m
[1;32muart:~$ [m[8D[J[00:03:58.680,000] [0m<inf> imu: LSM6DS3TR-C  a  -0.385   9.818   0.555  g   0.023  -0.063   0.015[0m
[1;32muart:~$ [m[8D[J[1;32muart:~$ [m[8D[J[00:03:58.681,000] [0m<inf> imu: LSM6DSV16X   a  -0.127   9.837   0.913  g  -0.012   0.002  -0.002[0m
[1;32muart:~$ [m[8D[J[00:03:58.682,000] [0m<inf> imu: ICM-42688-P  a  -0.164   9.747   0.299  g   0.001  -0.005   0.001[0m
[1;32muart:~$ [m[8D[J[1;32muart:~$ [m[8D[J[00:03:58.783,000] [0m<inf> imu: LSM6DS3TR-C  a  -0.359   9.843   0.561  g   0.024  -0.062   0.016[0m
[1;32muart:~$ [m[8D[J[00:03:58.783,000] [0m<inf> imu: LSM6DSV16X   a  -0.124   9.849   0.945  g  -0.010   0.002  -0.001[0m
[1;32muart:~$ [m[8D[J[1;32muart:~$ [m[8D[J[00:03:58.784,000] [0m<inf> imu: ICM-42688-P  a  -0.154   9.768   0.324  g   0.002  -0.005   0.001[0m
[1;32muart:~$ [m[8D[J[00:03:58.885,000] [0m<inf> imu: LSM6DS3TR-C  a  -0.417   9.832   0.524  g   0.024  -0.060   0.016[0m
[1;32muart:~$ [m[8D[J[00:03:58.886,000] [0m<inf> imu: LSM6DSV16X   a  -0.136   9.815   0.903  g  -0.009   0.002  -0.002[0m
[1;32muart:~$ [m[8D[J[1;32muart:~$ [m[8D[J[00:03:58.886,000] [0m<inf> imu: ICM-42688-P  a  -0.180   9.740   0.298  g   0.002  -0.005   0.002[0m
[1;32muart:~$ [m[8D[J[00:03:58.988,000] [0m<inf> imu: LSM6DS3TR-C  a  -0.318   9.826   0.589  g   0.025  -0.061   0.015[0m
[1;32muart:~$ [m[8D[J[1;32muart:~$ [m[8D[J[00:03:58.988,000] [0m<inf> imu: LSM6DSV16X   a  -0.095   9.845   0.969  g  -0.011   0.002  -0.002[0m
[1;32muart:~$ [m[8D[J[00:03:58.989,000] [0m<inf> imu: ICM-42688-P  a  -0.133   9.805   0.368  g   0.001  -0.005   0.001[0m
[1;32muart:~$ [m[8D[J[00:03:59.090,000] [0m<inf> imu: LSM6DS3TR-C  a  -0.409   9.859   0.529  g   0.020  -0.061   0.016[0m
[1;32muart:~$ [m[8D[J[1;32muart:~$ [m[8D[J[00:03:59.091,000] [0m<inf> imu: LSM6DSV16X   a  -0.148   9.834   0.898  g  -0.013   0.002  -0.003[0m
[1;32muart:~$ [m[8D[J[00:03:59.091,000] [0m<inf> imu: ICM-42688-P  a  -0.194   9.747   0.299  g  -0.002  -0.006  -0.000[0m
[1;32muart:~$ [m[8D[J[00:03:59.192,000] [0m<inf> imu: LSM6DS3TR-C  a  -0.318   9.817   0.501  g   0.025  -0.061   0.016[0m
[1;32muart:~$ [m[8D[J[00:03:59.193,000] [0m<inf> imu: LSM6DSV16X   a  -0.108   9.830   0.900  g  -0.011   0.003  -0.002[0m
[1;32muart:~$ [m[8D[J[1;32muart:~$ [m[8D[J[00:03:59.193,000] [0m<inf> imu: ICM-42688-P  a  -0.142   9.762   0.281  g   0.001  -0.005   0.001[0m
[1;32muart:~$ [m[8D[J[1;32muart:~$ [m[8D[J[00:03:59.294,000] [0m<inf> imu: LSM6DS3TR-C  a  -0.422   9.869   0.566  g   0.023  -0.061   0.014[0m
[1;32muart:~$ [m[8D[J[00:03:59.295,000] [0m<inf> imu: LSM6DSV16X   a  -0.158   9.833   0.903  g  -0.010   0.002  -0.003[0m
[1;32muart:~$ [m[8D[J[1;32muart:~$ [m[8D[J[00:03:59.296,000] [0m<inf> imu: ICM-42688-P  a  -0.193   9.759   0.327  g  -0.001  -0.005   0.001[0m
[1;32muart:~$ [m[8D[J[00:03:59.397,000] [0m<inf> imu: LSM6DS3TR-C  a  -0.322   9.848   0.573  g   0.022  -0.062   0.013[0m
[1;32muart:~$ [m[8D[J[1;32muart:~$ [m[8D[J[00:03:59.398,000] [0m<inf> imu: LSM6DSV16X   a  -0.094   9.842   0.940  g  -0.011   0.002  -0.003[0m
[1;32muart:~$ [m[8D[J[00:03:59.398,000] [0m<inf> imu: ICM-42688-P  a  -0.119   9.798   0.327  g   0.000  -0.005   0.000[0m
[1;32muart:~$ [m[8D[J[1;32muart:~$ [m[8D[J[00:03:59.499,000] [0m<inf> imu: LSM6DS3TR-C  a  -0.394   9.836   0.540  g   0.020  -0.061   0.016[0m
[1;32muart:~$ [m[8D[J[00:03:59.500,000] [0m<inf> imu: LSM6DSV16X   a  -0.156   9.820   0.907  g  -0.013   0.002  -0.002[0m
[1;32muart:~$ [m[8D[J[1;32muart:~$ [m[8D[J[00:03:59.500,000] [0m<inf> imu: ICM-42688-P  a  -0.193   9.735   0.292  g  -0.001  -0.006   0.000[0m
[1;32muart:~$ [m[8D[J[00:03:59.602,000] [0m<inf> imu: LSM6DS3TR-C  a  -0.336   9.829   0.502  g   0.022  -0.062   0.014[0m
[1;32muart:~$ [m[8D[J[00:03:59.602,000] [0m<inf> imu: LSM6DSV16X   a  -0.108   9.855   0.909  g  -0.011   0.004  -0.003[0m
[1;32muart:~$ [m[8D[J[1;32muart:~$ [m[8D[J[00:03:59.603,000] [0m<inf> imu: ICM-42688-P  a  -0.142   9.770   0.299  g   0.000  -0.005   0.000[0m
[1;32muart:~$ [m[8D[J[00:03:59.704,000] [0m<inf> imu: LSM6DS3TR-C  a  -0.365   9.865   0.525  g   0.023  -0.062   0.013[0m
[1;32muart:~$ [m[8D[J[00:03:59.706,000] [0m<inf> imu: LSM6DSV16X   a  -0.145   9.820   0.924  g  -0.012   0.002  -0.003[0m
[1;32muart:~$ [m[8D[J[1;32muart:~$ [m[8D[J[00:03:59.706,000] [0m<inf> imu: ICM-42688-P  a  -0.170   9.738   0.302  g   0.000  -0.005   0.001[0m
[1;32muart:~$ [m[8D[J[00:03:59.807,000] [0m<inf> imu: LSM6DS3TR-C  a  -0.363   9.851   0.562  g   0.023  -0.061   0.015[0m
[1;32muart:~$ [m[8D[J[1;32muart:~$ [m[8D[J[00:03:59.808,000] [0m<inf> imu: LSM6DSV16X   a  -0.117   9.854   0.925  g  -0.011   0.001  -0.003[0m
[1;32muart:~$ [m[8D[J[00:03:59.809,000] [0m<inf> imu: ICM-42688-P  a  -0.145   9.776   0.310  g   0.000  -0.005   0.001[0m
[1;32muart:~$ [m[8D[J[1;32muart:~$ [m[8D[J[00:03:59.910,000] [0m<inf> imu: LSM6DS3TR-C  a  -0.330   9.836   0.545  g   0.023  -0.062   0.015[0m
[1;32muart:~$ [m[8D[J[00:03:59.911,000] [0m<inf> imu: LSM6DSV16X   a  -0.139   9.823   0.912  g  -0.011   0.002  -0.003[0m
[1;32muart:~$ [m[8D[J[1;32muart:~$ [m[8D[J[00:03:59.912,000] [0m<inf> imu: ICM-42688-P  a  -0.163   9.740   0.309  g  -0.001  -0.005   0.001[0m
[1;32muart:~$ [m[8D[J[00:04:00.013,000] [0m<inf> imu: LSM6DS3TR-C  a  -0.367   9.819   0.542  g   0.022  -0.061   0.014[0m
[1;32muart:~$ [m[8D[J[1;32muart:~$ [m[8D[J[00:04:00.014,000] [0m<inf> imu: LSM6DSV16X   a  -0.132   9.851   0.916  g  -0.012   0.002  -0.003[0m
[1;32muart:~$ [m[8D[J[00:04:00.014,000] [0m<inf> imu: ICM-42688-P  a  -0.159   9.767   0.304  g   0.001  -0.005  -0.000[0m
[1;32muart:~$ [m[8D[J[1;32muart:~$ [m[8D[J[00:04:00.115,000] [0m<inf> imu: LSM6DS3TR-C  a  -0.376   9.861   0.574  g   0.022  -0.060   0.015[0m
[1;32muart:~$ [m[8D[J[00:04:00.116,000] [0m<inf> imu: LSM6DSV16X   a  -0.120   9.830   0.918  g  -0.011   0.001  -0.002[0m
[1;32muart:~$ [m[8D[J[1;32muart:~$ [m[8D[J[00:04:00.117,000] [0m<inf> imu: ICM-42688-P  a  -0.154   9.753   0.291  g   0.001  -0.004   0.000[0m
[1;32muart:~$ [m[8D[J[00:04:00.218,000] [0m<inf> imu: LSM6DS3TR-C  a  -0.352   9.843   0.527  g   0.024  -0.061   0.015[0m
[1;32muart:~$ [m[8D[J[00:04:00.218,000] [0m<inf> imu: LSM6DSV16X   a  -0.150   9.849   0.925  g  -0.013   0.002  -0.003[0m
[1;32muart:~$ [m[8D[J[1;32muart:~$ [m[8D[J[00:04:00.219,000] [0m<inf> imu: ICM-42688-P  a  -0.164   9.762   0.316  g  -0.001  -0.006   0.001[0m
[1;32muart:~$ [m[8D[J[00:04:00.321,000] [0m<inf> imu: LSM6DS3TR-C  a  -0.311   9.883   0.563  g   0.022  -0.060   0.014[0m
[1;32muart:~$ [m[8D[J[00:04:00.322,000] [0m<inf> imu: LSM6DSV16X   a  -0.115   9.823   0.925  g  -0.012   0.002  -0.003[0m
[1;32muart:~$ [m[8D[J[1;32muart:~$ [m[8D[J[00:04:00.323,000] [0m<inf> imu: ICM-42688-P  a  -0.140   9.749   0.315  g  -0.000  -0.004   0.000[0m
[1;32muart:~$ [m[8D[J[00:04:00.424,000] [0m<inf> imu: LSM6DS3TR-C  a  -0.361   9.838   0.546  g   0.021  -0.061   0.016[0m
[1;32muart:~$ [m[8D[J[1;32muart:~$ [m[8D[J[00:04:00.425,000] [0m<inf> imu: LSM6DSV16X   a  -0.136   9.846   0.921  g  -0.011   0.002  -0.003[0m
[1;32muart:~$ [m[8D[J[00:04:00.425,000] [0m<inf> imu: ICM-42688-P  a  -0.163   9.767   0.311  g  -0.000  -0.006   0.000[0m
[1;32muart:~$ [m[8D[J[1;32muart:~$ [m[8D[J[00:04:00.526,000] [0m<inf> imu: LSM6DS3TR-C  a  -0.330   9.813   0.575  g   0.024  -0.061   0.016[0m
[1;32muart:~$ [m[8D[J[00:04:00.527,000] [0m<inf> imu: LSM6DSV16X   a  -0.108   9.824   0.896  g  -0.011   0.001  -0.002[0m
[1;32muart:~$ [m[8D[J[1;32muart:~$ [m[8D[J[00:04:00.528,000] [0m<inf> imu: ICM-42688-P  a  -0.130   9.735   0.286  g   0.001  -0.006   0.001[0m
[1;32muart:~$ [m[8D[J[00:04:00.629,000] [0m<inf> imu: LSM6DS3TR-C  a  -0.365   9.817   0.502  g   0.023  -0.060   0.014[0m
[1;32muart:~$ [m[8D[J[1;32muart:~$ [m[8D[J[00:04:00.630,000] [0m<inf> imu: LSM6DSV16X   a  -0.141   9.800   0.902  g  -0.011   0.003  -0.002[0m
[1;32muart:~$ [m[8D[J[00:04:00.630,000] [0m<inf> imu: ICM-42688-P  a  -0.176   9.726   0.296  g   0.000  -0.005  -0.000[0m
[1;32muart:~$ [m[8D[J[1;32muart:~$ [m[8D[J[00:04:00.731,000] [0m<inf> imu: LSM6DS3TR-C  a  -0.324   9.867   0.580  g   0.023  -0.061   0.015[0m
[1;32muart:~$ [m[8D[J[00:04:00.732,000] [0m<inf> imu: LSM6DSV16X   a  -0.108   9.875   0.950  g  -0.012   0.003  -0.002[0m
[1;32muart:~$ [m[8D[J[1;32muart:~$ [m[8D[J[00:04:00.733,000] [0m<inf> imu: ICM-42688-P  a  -0.144   9.787   0.341  g   0.000  -0.005   0.001[0m
[1;32muart:~$ [m[8D[J[00:04:00.834,000] [0m<inf> imu: LSM6DS3TR-C  a  -0.354   9.793   0.528  g   0.023  -0.063   0.014[0m
[1;32muart:~$ [m[8D[J[00:04:00.834,000] [0m<inf> imu: LSM6DSV16X   a  -0.132   9.809   0.916  g  -0.012   0.002  -0.003[0m
[1;32muart:~$ [m[8D[J[1;32muart:~$ [m[8D[J[00:04:00.835,000] [0m<inf> imu: ICM-42688-P  a  -0.171   9.734   0.303  g  -0.001  -0.005   0.001[0m
[1;32muart:~$ [m[8D[J[00:04:00.936,000] [0m<inf> imu: LSM6DS3TR-C  a  -0.352   9.876   0.516  g   0.024  -0.061   0.016[0m
[1;32muart:~$ [m[8D[J[1;32muart:~$ [m[8D[J[00:04:00.937,000] [0m<inf> imu: LSM6DSV16X   a  -0.133   9.851   0.916  g  -0.012   0.001  -0.003[0m
[1;32muart:~$ [m[8D[J[00:04:00.938,000] [0m<inf> imu: ICM-42688-P  a  -0.150   9.768   0.284  g  -0.001  -0.005   0.000[0m
[1;32muart:~$ [m[8D[J[00:04:01.039,000] [0m<inf> imu: LSM6DS3TR-C  a  -0.349   9.836   0.565  g   0.023  -0.058   0.015[0m
[1;32muart:~$ [m[8D[J[1;32muart:~$ [m[8D[J[00:04:01.040,000] [0m<inf> imu: LSM6DSV16X   a  -0.115   9.794   0.935  g  -0.011   0.002  -0.003[0m
[1;32muart:~$ [m[8D[J[00:04:01.041,000] [0m<inf> imu: ICM-42688-P  a  -0.133   9.720   0.329  g   0.001  -0.005   0.001[0m
[1;32muart:~$ [m[8D[J[00:04:01.142,000] [0m<inf> imu: LSM6DS3TR-C  a  -0.328   9.782   0.546  g   0.023  -0.060   0.017[0m
[1;32muart:~$ [m[8D[J[00:04:01.142,000] [0m<inf> imu: LSM6DSV16X   a  -0.139   9.842   0.931  g  -0.012   0.002  -0.003[0m
[1;32muart:~$ [m[8D[J[1;32muart:~$ [m[8D[J[00:04:01.143,000] [0m<inf> imu: ICM-42688-P  a  -0.169   9.765   0.329  g  -0.001  -0.005   0.000[0m
[1;32muart:~$ [m[8D[J[1;32muart:~$ [m[8D[J[00:04:01.244,000] [0m<inf> imu: LSM6DS3TR-C  a  -0.339   9.832   0.516  g   0.020  -0.060   0.014[0m
[1;32muart:~$ [m[8D[J[00:04:01.245,000] [0m<inf> imu: LSM6DSV16X   a  -0.115   9.826   0.909  g  -0.012   0.002  -0.003[0m
[1;32muart:~$ [m[8D[J[1;32muart:~$ [m[8D[J[00:04:01.245,000] [0m<inf> imu: ICM-42688-P  a  -0.153   9.756   0.306  g   0.001  -0.005   0.001[0m
[1;32muart:~$ [m[8D[J[00:04:01.346,000] [0m<inf> imu: LSM6DS3TR-C  a  -0.366   9.860   0.536  g   0.022  -0.058   0.016[0m
[1;32muart:~$ [m[8D[J[1;32muart:~$ [m[8D[J[00:04:01.347,000] [0m<inf> imu: LSM6DSV16X   a  -0.144   9.837   0.921  g  -0.011   0.002  -0.003[0m
[1;32muart:~$ [m[8D[J[00:04:01.347,000] [0m<inf> imu: ICM-42688-P  a  -0.168   9.758   0.316  g  -0.000  -0.005   0.000[0m
[1;32muart:~$ [m[8D[J[1;32muart:~$ [m[8D[J[00:04:01.448,000] [0m<inf> imu: LSM6DS3TR-C  a  -0.358   9.888   0.541  g   0.024  -0.061   0.014[0m
[1;32muart:~$ [m[8D[J[00:04:01.449,000] [0m<inf> imu: LSM6DSV16X   a  -0.115   9.866   0.934  g  -0.012   0.002  -0.002[0m
[1;32muart:~$ [m[8D[J[1;32muart:~$ [m[8D[J[00:04:01.450,000] [0m<inf> imu: ICM-42688-P  a  -0.146   9.744   0.297  g  -0.001  -0.005   0.000[0m
[1;32muart:~$ [m[8D[J[00:04:01.551,000] [0m<inf> imu: LSM6DS3TR-C  a  -0.372   9.832   0.506  g   0.021  -0.060   0.015[0m
[1;32muart:~$ [m[8D[J[00:04:01.552,000] [0m<inf> imu: LSM6DSV16X   a  -0.150   9.827   0.903  g  -0.012   0.003  -0.002[0m
[1;32muart:~$ [m[8D[J[1;32muart:~$ [m[8D[J[00:04:01.552,000] [0m<inf> imu: ICM-42688-P  a  -0.180   9.744   0.293  g  -0.000  -0.005  -0.001[0m
[1;32muart:~$ [m[8D[J[00:04:01.654,000] [0m<inf> imu: LSM6DS3TR-C  a  -0.323   9.837   0.511  g   0.024  -0.061   0.014[0m
[1;32muart:~$ [m[8D[J[00:04:01.655,000] [0m<inf> imu: LSM6DSV16X   a  -0.112   9.837   0.912  g  -0.011   0.002  -0.002[0m
[1;32muart:~$ [m[8D[J[1;32muart:~$ [m[8D[J[00:04:01.655,000] [0m<inf> imu: ICM-42688-P  a  -0.141   9.758   0.300  g   0.000  -0.005   0.000[0m
[1;32muart:~$ [m[8D[J[00:04:01.756,000] [0m<inf> imu: LSM6DS3TR-C  a  -0.352   9.832   0.567  g   0.024  -0.062   0.013[0m
[1;32muart:~$ [m[8D[J[1;32muart:~$ [m[8D[J[00:04:01.757,000] [0m<inf> imu: LSM6DSV16X   a  -0.139   9.829   0.931  g  -0.011   0.002  -0.003[0m
[1;32muart:~$ [m[8D[J[00:04:01.758,000] [0m<inf> imu: ICM-42688-P  a  -0.163   9.749   0.303  g   0.001  -0.005   0.000[0m
[1;32muart:~$ [m[8D[J[1;32muart:~$ [m[8D[J[00:04:01.859,000] [0m<inf> imu: LSM6DS3TR-C  a  -0.366   9.826   0.538  g   0.023  -0.060   0.015[0m
[1;32muart:~$ [m[8D[J[00:04:01.860,000] [0m<inf> imu: LSM6DSV16X   a  -0.124   9.839   0.915  g  -0.012   0.001  -0.003[0m
[1;32muart:~$ [m[8D[J[1;32muart:~$ [m[8D[J[00:04:01.861,000] [0m<inf> imu: ICM-42688-P  a  -0.154   9.752   0.303  g  -0.001  -0.005   0.001[0m
[1;32muart:~$ [m[8D[J[00:04:01.962,000] [0m<inf> imu: LSM6DS3TR-C  a  -0.331   9.810   0.538  g   0.024  -0.060   0.013[0m
[1;32muart:~$ [m[8D[J[1;32muart:~$ [m[8D[J[00:04:01.963,000] [0m<inf> imu: LSM6DSV16X   a  -0.129   9.834   0.919  g  -0.011   0.002  -0.003[0m
[1;32muart:~$ [m[8D[J[00:04:01.964,000] [0m<inf> imu: ICM-42688-P  a  -0.163   9.755   0.302  g   0.000  -0.005   0.001[0m
[1;32muart:~$ [m[8D[J[1;32muart:~$ [m[8D[J[00:04:02.065,000] [0m<inf> imu: LSM6DS3TR-C  a  -0.351   9.821   0.538  g   0.022  -0.059   0.015[0m
[1;32muart:~$ [m[8D[J[00:04:02.065,000] [0m<inf> imu: LSM6DSV16X   a  -0.120   9.827   0.917  g  -0.012   0.002  -0.003[0m
[1;32muart:~$ [m[8D[J[00:04:02.066,000] [0m<inf> imu: ICM-42688-P  a  -0.146   9.747   0.298  g  -0.001  -0.005   0.001[0m
[1;32muart:~$ [m[8D[J[00:04:02.167,000] [0m<inf> imu: LSM6DS3TR-C  a  -0.391   9.862   0.535  g   0.024  -0.060   0.014[0m
[1;32muart:~$ [m[8D[J[1;32muart:~$ [m[8D[J[00:04:02.168,000] [0m<inf> imu: LSM6DSV16X   a  -0.138   9.857   0.923  g  -0.011   0.002  -0.003[0m
[1;32muart:~$ [m[8D[J[00:04:02.168,000] [0m<inf> imu: ICM-42688-P  a  -0.157   9.776   0.312  g   0.000  -0.005   0.000[0m
[1;32muart:~$ [m[8D[J[1;32muart:~$ [m[8D[J[00:04:02.270,000] [0m<inf> imu: LSM6DS3TR-C  a  -0.351   9.856   0.550  g   0.024  -0.062   0.017[0m
[1;32muart:~$ [m[8D[J[00:04:02.271,000] [0m<inf> imu: LSM6DSV16X   a  -0.119   9.844   0.915  g  -0.012   0.002  -0.003[0m
[1;32muart:~$ [m[8D[J[1;32muart:~$ [m[8D[J[00:04:02.272,000] [0m<inf> imu: ICM-42688-P  a  -0.157   9.747   0.303  g   0.001  -0.005  -0.000[0m
[1;32muart:~$ [m[8D[J[00:04:02.374,000] [0m<inf> imu: LSM6DS3TR-C  a  -0.337   9.839   0.520  g   0.023  -0.060   0.014[0m
[1;32muart:~$ [m[8D[J[1;32muart:~$ [m[8D[J[00:04:02.375,000] [0m<inf> imu: LSM6DSV16X   a  -0.141   9.820   0.904  g  -0.012   0.002  -0.003[0m
[1;32muart:~$ [m[8D[J[00:04:02.376,000] [0m<inf> imu: ICM-42688-P  a  -0.171   9.743   0.291  g  -0.001  -0.006   0.000[0m
[1;32muart:~$ [m[8D[J[00:04:02.477,000] [0m<inf> imu: LSM6DS3TR-C  a  -0.380   9.858   0.559  g   0.022  -0.059   0.016[0m
[1;32muart:~$ [m[8D[J[00:04:02.478,000] [0m<inf> imu: LSM6DSV16X   a  -0.136   9.833   0.904  g  -0.010   0.001  -0.002[0m
[1;32muart:~$ [m[8D[J[1;32muart:~$ [m[8D[J[00:04:02.478,000] [0m<inf> imu: ICM-42688-P  a  -0.156   9.758   0.292  g   0.001  -0.004   0.000[0m
[1;32muart:~$ [m[8D[J[1;32muart:~$ [m[8D[J[00:04:02.579,000] [0m<inf> imu: LSM6DS3TR-C  a  -0.357   9.827   0.520  g   0.022  -0.062   0.013[0m
[1;32muart:~$ [m[8D[J[00:04:02.580,000] [0m<inf> imu: LSM6DSV16X   a  -0.115   9.830   0.914  g  -0.010   0.002  -0.003[0m
[1;32muart:~$ [m[8D[J[1;32muart:~$ [m[8D[J[00:04:02.580,000] [0m<inf> imu: ICM-42688-P  a  -0.151   9.744   0.310  g   0.000  -0.005   0.000[0m
[1;32muart:~$ [m[8D[J[00:04:02.681,000] [0m<inf> imu: LSM6DS3TR-C  a  -0.358   9.830   0.522  g   0.021  -0.061   0.015[0m
[1;32muart:~$ [m[8D[J[1;32muart:~$ [m[8D[J[00:04:02.682,000] [0m<inf> imu: LSM6DSV16X   a  -0.127   9.832   0.928  g  -0.011   0.002  -0.003[0m
[1;32muart:~$ [m[8D[J[00:04:02.683,000] [0m<inf> imu: ICM-42688-P  a  -0.154   9.747   0.333  g   0.001  -0.005   0.000[0m
[1;32muart:~$ [m[8D[J[1;32muart:~$ [m[8D[J[00:04:02.784,000] [0m<inf> imu: LSM6DS3TR-C  a  -0.339   9.840   0.516  g   0.023  -0.061   0.015[0m
[1;32muart:~$ [m[8D[J[00:04:02.784,000] [0m<inf> imu: LSM6DSV16X   a  -0.117   9.839   0.923  g  -0.012   0.002  -0.003[0m
[1;32muart:~$ [m[8D[J[1;32muart:~$ [m[8D[J[00:04:02.785,000] [0m<inf> imu: ICM-42688-P  a  -0.144   9.765   0.314  g   0.000  -0.004   0.001[0m
[1;32muart:~$ [m[8D[J[00:04:02.886,000] [0m<inf> imu: LSM6DS3TR-C  a  -0.366   9.874   0.547  g   0.020  -0.060   0.015[0m
[1;32muart:~$ [m[8D[J[00:04:02.887,000] [0m<inf> imu: LSM6DSV16X   a  -0.139   9.827   0.921  g  -0.012   0.002  -0.003[0m
[1;32muart:~$ [m[8D[J[1;32muart:~$ [m[8D[J[00:04:02.887,000] [0m<inf> imu: ICM-42688-P  a  -0.159   9.743   0.320  g   0.000  -0.005  -0.000[0m
[1;32muart:~$ [m[8D[J[00:04:02.989,000] [0m<inf> imu: LSM6DS3TR-C  a  -0.360   9.788   0.540  g   0.022  -0.061   0.014[0m
[1;32muart:~$ [m[8D[J[1;32muart:~$ [m[8D[J[00:04:02.990,000] [0m<inf> imu: LSM6DSV16X   a  -0.111   9.830   0.939  g  -0.011   0.002  -0.002[0m
[1;32muart:~$ [m[8D[J[00:04:02.991,000] [0m<inf> imu: ICM-42688-P  a  -0.141   9.743   0.333  g   0.001  -0.005   0.000[0m
[1;32muart:~$ [m[8D[J[1;32muart:~$ [m[8D[J[00:04:03.092,000] [0m<inf> imu: LSM6DS3TR-C  a  -0.379   9.890   0.523  g   0.021  -0.062   0.015[0m
[1;32muart:~$ [m[8D[J[00:04:03.093,000] [0m<inf> imu: LSM6DSV16X   a  -0.139   9.848   0.926  g  -0.013   0.002  -0.003[0m
[1;32muart:~$ [m[8D[J[00:04:03.093,000] [0m<inf> imu: ICM-42688-P  a  -0.166   9.765   0.316  g  -0.001  -0.005  -0.000[0m
[1;32muart:~$ [m[8D[J[1;32muart:~$ [m[8D[J[00:04:03.194,000] [0m<inf> imu: LSM6DS3TR-C  a  -0.312   9.809   0.494  g   0.022  -0.061   0.016[0m
[1;32muart:~$ [m[8D[J[00:04:03.196,000] [0m<inf> imu: LSM6DSV16X   a  -0.132   9.791   0.883  g  -0.010   0.002  -0.002[0m
[1;32muart:~$ [m[8D[J[1;32muart:~$ [m[8D[J[00:04:03.196,000] [0m<inf> imu: ICM-42688-P  a  -0.158   9.716   0.287  g  -0.001  -0.005  -0.001[0m
[1;32muart:~$ [m[8D[J[00:04:03.297,000] [0m<inf> imu: LSM6DS3TR-C  a  -0.336   9.879   0.590  g   0.021  -0.061   0.015[0m
[1;32muart:~$ [m[8D[J[1;32muart:~$ [m[8D[J[00:04:03.298,000] [0m<inf> imu: LSM6DSV16X   a  -0.121   9.867   0.940  g  -0.012   0.002  -0.003[0m
[1;32muart:~$ [m[8D[J[00:04:03.299,000] [0m<inf> imu: ICM-42688-P  a  -0.150   9.792   0.339  g  -0.001  -0.005   0.000[0m
[1;32muart:~$ [m[8D[J[1;32muart:~$ [m[8D[J[00:04:03.400,000] [0m<inf> imu: LSM6DS3TR-C  a  -0.375   9.822   0.549  g   0.023  -0.061   0.016[0m
[1;32muart:~$ [m[8D[J[00:04:03.400,000] [0m<inf> imu: LSM6DSV16X   a  -0.134   9.825   0.914  g  -0.012   0.001  -0.002[0m
[1;32muart:~$ [m[8D[J[1;32muart:~$ [m[8D[J[00:04:03.401,000] [0m<inf> imu: ICM-42688-P  a  -0.176   9.795   0.299  g   0.001  -0.005   0.002[0m
[1;32muart:~$ [m[8D[J[00:04:03.502,000] [0m<inf> imu: LSM6DS3TR-C  a  -0.370   9.839   0.537  g   0.024  -0.061   0.014[0m
[1;32muart:~$ [m[8D[J[00:04:03.503,000] [0m<inf> imu: LSM6DSV16X   a  -0.129   9.825   0.900  g  -0.012   0.003  -0.002[0m
[1;32muart:~$ [m[8D[J[1;32muart:~$ [m[8D[J[00:04:03.503,000] [0m<inf> imu: ICM-42688-P  a  -0.158   9.744   0.286  g  -0.001  -0.004   0.000[0m
[1;32muart:~$ [m[8D[J[00:04:03.605,000] [0m<inf> imu: LSM6DS3TR-C  a  -0.362   9.835   0.528  g   0.023  -0.062   0.016[0m
[1;32muart:~$ [m[8D[J[1;32muart:~$ [m