=~=~=~=~=~=~=~=~=~=~=~= PuTTY log 2026.10.01 10:35:06 =~=~=~=~=~=~=~=~=~=~=~=
[m
[1;32muart:~$ [m[8D[J*** Booting Zephyr OS build v4.4.0-2160-gf39ad09bd21c ***
[1;32muart:~$ [m[8D[J[00:00:00.157,000] [0m<inf> sharc: micromouse starting[0m
[1;32muart:~$ [m[8D[J[00:00:00.157,000] [0m<inf> power: power board link up on USART3, bridge off[0m
[1;32muart:~$ [m[8D[J[1;32muart:~$ [m[8D[J[00:00:00.157,000] [0m<inf> gps: GPS ready on UART4, powered off[0m
[1;32muart:~$ [m[8D[J[00:00:00.157,000] [0m<inf> iridium: Iridium ready on USART2, powered off[0m
[1;32muart:~$ [m[8D[J[00:00:00.157,000] [0m<inf> lora: SX1278 found, RegVersion 0x12[0m
[1;32muart:~$ [m[8D[J[1;32muart:~$ [m[8D[J[00:00:00.159,000] [0m<inf> lora: LoRa ready: 433000000 Hz SF9 BW125 CR4/5 17 dBm[0m
[1;32muart:~$ [m[8D[J[00:00:00.166,000] [0m<inf> imu: 3 of 3 IMUs present, all at +/-2 g and +/-500 dps[0m
[1;32muart:~$ [m[8D[J[00:00:00.167,000] [1;33m<wrn> imu: LSM6DSV16X reads all zero, so it is powered down rather than sampling[0m
[1;32muart:~$ [m[8D[J[00:00:00.167,000] [0m<inf> sd: SD disk "SD", mount point /SD:[0m
[1;32muart:~$ [m[8D[J[1;31m[1;31m--- 7 messages dropped ---
[0m[m[00:00:00.222,000] [1;31m<err> stm32_sdmmc: failed to init stm32_sdmmc (ErrorCode 0x4)[0m
[1;32muart:~$ [m[8D[J[00:00:00.222,000] [1;33m<wrn> stm32_sdmmc: Failed to configure pins for sleep (-2)[0m
[1;32muart:~$ [m[8D[J[00:00:00.223,000] [1;31m<err> sd: disk init failed (-5). Card not inserted, or the SDMMC1 lines are not wired.[0m
[1;32muart:~$ [m[8D[J[00:00:00.223,000] [1;33m<wrn> sd: not mounted at boot, use 'sd mount' once a card is in[0m
[1;32muart:~$ [m[8D[J[00:00:00.223,000] [0m<inf> heartbeat: heartbeat on gpio@48000800 pin 13, active high[0m
[1;32muart:~$ [m[8D[J[00:00:00.223,000] [0m<inf> heartbeat: power management enabled[0m
[1;32muart:~$ [m[8D[J[00:00:00.223,000] [0m<inf> app_mode: boot: VBUS present, starting in debug mode[0m
[1;32muart:~$ [m[8D[J[00:00:00.223,000] [0m<inf> heartbeat: PM suspend-to-idle lock taken (still active: yes)[0m
[1;32muart:~$ [m[8D[J[00:00:00.233,000] [0m<inf> app_usb: USB up: port 0 = shell, port 1 = power board bridge[0m
[1;32muart:~$ [m[8D[J[00:00:00.239,000] [0m<inf> app_usb: USBD: Device suspended[0m
[1;32muart:~$ [m[8D[J[00:00:00.384,000] [0m<inf> app_usb: USBD: Bus reset[0m
[1;32muart:~$ [m[8D[J[00:00:00.470,000] [0m<inf> app_usb: USBD: Bus reset[0m
[1;32muart:~$ [m[8D[J[00:00:00.625,000] [0m<inf> app_usb: USBD: New device configuration[0m
[1;32muart:~$ [m[8D[J[00:00:00.654,000] [0m<inf> app_usb: USBD: CDC ACM control line state[0m
[1;32muart:~$ [m[8D[J[1;32muart:~$ [m[8D[J[1;32muart:~$ [m[8D[J[00:02:35.371,000] [1;31m<err> udc_stm32: ep 0x00 queue is empty[0m
[1;32muart:~$ [m[8D[J[00:02:35.371,000] [0m<inf> app_usb: USBD: CDC ACM line coding[0m
[1;32muart:~$ [m[8D[J[00:02:35.375,000] [0m<inf> app_usb: USBD: CDC ACM control line state[0m
[1;32muart:~$ [m[8D[J[1;32muart:~$ [m[8D[J[00:02:35.375,000] [0m<inf> app_usb: Host terminal opened[0m
[1;32muart:~$ [m[8D[J[00:02:35.377,000] [1;31m<err> udc_stm32: ep 0x00 queue is empty[0m
[1;32muart:~$ [m[8D[J[00:02:35.378,000] [0m<inf> app_usb: USBD: CDC ACM line coding[0m
[1;32muart:~$ [m[8D[J[1;32muart:~$ [mimu stream on 10
streaming. Three lines per tick, so keep the rate low or the shell cannot keep up.
[1;32muart:~$ [m[8D[J[00:02:43.824,000] [0m<inf> imu: LSM6DS3TR-C  a   3.869   5.494   7.563  g   0.026  -0.061   0.012[0m
[1;32muart:~$ [m[8D[J[00:02:43.825,000] [0m<inf> imu: LSM6DSV16X   a   4.103   5.417   7.812  g  -0.008   0.004  -0.003[0m
[1;32muart:~$ [m[8D[J[1;32muart:~$ [m[8D[J[00:02:43.826,000] [0m<inf> imu: ICM-42688-P  a   4.098   5.264   7.197  g   0.004  -0.002  -0.000[0m
[1;32muart:~$ [m[8D[J[00:02:43.927,000] [0m<inf> imu: LSM6DS3TR-C  a   3.769   5.391   7.652  g   0.028  -0.063   0.021[0m
[1;32muart:~$ [m[8D[J[1;32muart:~$ [m[8D[J[00:02:43.928,000] [0m<inf> imu: LSM6DSV16X   a   4.068   5.580   8.028  g  -0.021  -0.000  -0.006[0m
[1;32muart:~$ [m[8D[J[00:02:43.928,000] [0m<inf> imu: ICM-42688-P  a   4.160   5.347   7.348  g  -0.018  -0.010  -0.010[0m
[1;32muart:~$ [m[8D[J[1;32muart:~$ [m[8D[J[00:02:44.029,000] [0m<inf> imu: LSM6DS3TR-C  a   3.776   5.391   7.676  g   0.024  -0.063   0.012[0m
[1;32muart:~$ [m[8D[J[00:02:44.030,000] [0m<inf> imu: LSM6DSV16X   a   4.147   5.390   7.841  g  -0.013   0.003  -0.005[0m
[1;32muart:~$ [m[8D[J[1;32muart:~$ [m[8D[J[00:02:44.031,000] [0m<inf> imu: ICM-42688-P  a   4.117   5.279   7.240  g  -0.005  -0.005  -0.006[0m
[1;32muart:~$ [m[8D[J[00:02:44.132,000] [0m<inf> imu: LSM6DS3TR-C  a   3.769   5.364   7.643  g   0.023  -0.062   0.014[0m
[1;32muart:~$ [m[8D[J[00:02:44.132,000] [0m<inf> imu: LSM6DSV16X   a   4.149   5.413   7.870  g  -0.013   0.001  -0.002[0m
[1;32muart:~$ [m[8D[J[1;32muart:~$ [m[8D[J[00:02:44.133,000] [0m<inf> imu: ICM-42688-P  a   4.144   5.260   7.247  g   0.001  -0.005   0.003[0m
[1;32muart:~$ [m[8D[J[00:02:44.234,000] [0m<inf> imu: LSM6DS3TR-C  a   3.861   5.283   7.711  g   0.027  -0.060   0.015[0m
[1;32muart:~$ [m[8D[J[1;32muart:~$ [m[8D[J[00:02:44.235,000] [0m<inf> imu: LSM6DSV16X   a   4.133   5.432   7.856  g  -0.009   0.002  -0.004[0m
[1;32muart:~$ [m[8D[J[00:02:44.236,000] [0m<inf> imu: ICM-42688-P  a   4.112   5.302   7.235  g   0.001  -0.004  -0.002[0m
[1;32muart:~$ [m[8D[J[00:02:44.337,000] [0m<inf> imu: LSM6DS3TR-C  a   3.823   5.413   7.530  g   0.022  -0.064   0.014[0m
[1;32muart:~$ [m[8D[J[1;32muart:~$ [m[8D[J[00:02:44.338,000] [0m<inf> imu: LSM6DSV16X   a   4.140   5.451   7.873  g  -0.013   0.002  -0.001[0m
[1;32muart:~$ [m[8D[J[00:02:44.338,000] [0m<inf> imu: ICM-42688-P  a   4.126   5.302   7.275  g  -0.001  -0.006   0.001[0m
[1;32muart:~$ [m[8D[J[00:02:44.439,000] [0m<inf> imu: LSM6DS3TR-C  a   3.853   5.308   7.638  g   0.026  -0.061   0.014[0m
[1;32muart:~$ [m[8D[J[00:02:44.440,000] [0m<inf> imu: LSM6DSV16X   a   4.109   5.449   7.874  g  -0.012   0.003  -0.003[0m
[1;32muart:~$ [m[8D[J[1;32muart:~$ [m[8D[J[00:02:44.441,000] [0m<inf> imu: ICM-42688-P  a   4.100   5.265   7.236  g   0.000  -0.004  -0.001[0m
[1;32muart:~$ [m[8D[J[1;32muart:~$ [m[8D[J[00:02:44.542,000] [0m<inf> imu: LSM6DS3TR-C  a   3.841   5.344   7.625  g   0.025  -0.063   0.014[0m
[1;32muart:~$ [m[8D[J[00:02:44.542,000] [0m<inf> imu: LSM6DSV16X   a   4.113   5.454   7.890  g  -0.013   0.001  -0.002[0m
[1;32muart:~$ [m[8D[J[1;32muart:~$ [m[8D[J[00:02:44.543,000] [0m<inf> imu: ICM-42688-P  a   4.087   5.310   7.272  g  -0.001  -0.005   0.001[0m
[1;32muart:~$ [m[8D[J[00:02:44.644,000] [0m<inf> imu: LSM6DS3TR-C  a   3.894   5.384   7.608  g   0.026  -0.061   0.013[0m
[1;32muart:~$ [m[8D[J[1;32muart:~$ [m[8D[J[00:02:44.645,000] [0m<inf> imu: LSM6DSV16X   a   4.132   5.423   7.869  g  -0.010   0.002  -0.002[0m
[1;32muart:~$ [m[8D[J[00:02:44.645,000] [0m<inf> imu: ICM-42688-P  a   4.106   5.276   7.250  g   0.001  -0.004   0.000[0m
[1;32muart:~$ [m[8D[J[1;32muart:~$ [m[8D[J[00:02:44.747,000] [0m<inf> imu: LSM6DS3TR-C  a   3.867   5.368   7.561  g   0.026  -0.063   0.014[0m
[1;32muart:~$ [m[8D[J[00:02:44.747,000] [0m<inf> imu: LSM6DSV16X   a   4.142   5.444   7.880  g  -0.011   0.002  -0.002[0m
[1;32muart:~$ [m[8D[J[1;32muart:~$ [m[8D[J[00:02:44.748,000] [0m<inf> imu: ICM-42688-P  a   4.120   5.294   7.270  g  -0.000  -0.005   0.001[0m
[1;32muart:~$ [m[8D[J[00:02:44.849,000] [0m<inf> imu: LSM6DS3TR-C  a   3.823   5.336   7.609  g   0.024  -0.063   0.013[0m
[1;32muart:~$ [m[8D[J[00:02:44.850,000] [0m<inf> imu: LSM6DSV16X   a   4.109   5.427   7.877  g  -0.011   0.003  -0.002[0m
[1;32muart:~$ [m[8D[J[1;32muart:~$ [m[8D[J[00:02:44.850,000] [0m<inf> imu: ICM-42688-P  a   4.074   5.282   7.266  g   0.001  -0.005   0.001[0m
[1;32muart:~$ [m[8D[J[00:02:44.951,000] [0m<inf> imu: LSM6DS3TR-C  a   3.815   5.425   7.656  g   0.024  -0.064   0.015[0m
[1;32muart:~$ [m[8D[J[1;32muart:~$ [m[8D[J[00:02:44.952,000] [0m<inf> imu: LSM6DSV16X   a   4.118   5.434   7.896  g  -0.013   0.002  -0.002[0m
[1;32muart:~$ [m[8D[J[00:02:44.953,000] [0m<inf> imu: ICM-42688-P  a   4.085   5.301   7.289  g  -0.001  -0.005  -0.001[0m
[1;32muart:~$ [m[8D[J[00:02:45.054,000] [0m<inf> imu: LSM6DS3TR-C  a   3.877   5.326   7.566  g   0.025  -0.064   0.012[0m
[1;32muart:~$ [m[8D[J[1;32muart:~$ [m[8D[J[00:02:45.055,000] [0m<inf> imu: LSM6DSV16X   a   4.153   5.422   7.848  g  -0.011   0.002  -0.002[0m
[1;32muart:~$ [m[8D[J[00:02:45.055,000] [0m<inf> imu: ICM-42688-P  a   4.123   5.279   7.232  g   0.001  -0.005   0.000[0m
[1;32muart:~$ [m[8D[J[00:02:45.156,000] [0m<inf> imu: LSM6DS3TR-C  a   3.875   5.355   7.623  g   0.024  -0.064   0.015[0m
[1;32muart:~$ [m[8D[J[1;32muart:~$ [m[8D[J[00:02:45.157,000] [0m<inf> imu: LSM6DSV16X   a   4.140   5.423   7.872  g  -0.012   0.002  -0.002[0m
[1;32muart:~$ [m[8D[J[00:02:45.157,000] [0m<inf> imu: ICM-42688-P  a   4.117   5.288   7.281  g  -0.001  -0.005   0.001[0m
[1;32muart:~$ [m[8D[J[1;32muart:~$ [m[8D[J[00:02:45.259,000] [0m<inf> imu: LSM6DS3TR-C  a   3.872   5.392   7.628  g   0.024  -0.064   0.013[0m
[1;32muart:~$ [m[8D[J[00:02:45.259,000] [0m<inf> imu: LSM6DSV16X   a   4.120   5.445   7.875  g  -0.012   0.002  -0.002[0m
[1;32muart:~$ [m[8D[J[1;32muart:~$ [m[8D[J[00:02:45.260,000] [0m<inf> imu: ICM-42688-P  a   4.102   5.301   7.250  g  -0.001  -0.005   0.000[0m
[1;32muart:~$ [m[8D[J[00:02:45.361,000] [0m<inf> imu: LSM6DS3TR-C  a   3.872   5.417   7.606  g   0.025  -0.064   0.013[0m
[1;32muart:~$ [m[8D[J[1;32muart:~$ [m[8D[J[00:02:45.362,000] [0m<inf> imu: LSM6DSV16X   a   4.122   5.434   7.889  g  -0.011   0.002  -0.002[0m
[1;32muart:~$ [m[8D[J[00:02:45.362,000] [0m<inf> imu: ICM-42688-P  a   4.110   5.284   7.275  g   0.000  -0.005   0.000[0m
[1;32muart:~$ [m[8D[J[1;32muart:~$ [m[8D[J[00:02:45.463,000] [0m<inf> imu: LSM6DS3TR-C  a   3.846   5.377   7.609  g   0.024  -0.062   0.013[0m
[1;32muart:~$ [m[8D[J[00:02:45.464,000] [0m<inf> imu: LSM6DSV16X   a   4.123   5.425   7.872  g  -0.012   0.002  -0.002[0m
[1;32muart:~$ [m[8D[J[1;32muart:~$ [m[8D[J[00:02:45.464,000] [0m<inf> imu: ICM-42688-P  a   4.104   5.286   7.263  g   0.000  -0.005   0.001[0m
[1;32muart:~$ [m[8D[J[00:02:45.565,000] [0m<inf> imu: LSM6DS3TR-C  a   3.849   5.399   7.594  g   0.025  -0.064   0.013[0m
[1;32muart:~$ [m[8D[J[00:02:45.566,000] [0m<inf> imu: LSM6DSV16X   a   4.123   5.442   7.880  g  -0.011   0.002  -0.002[0m
[1;32muart:~$ [m[8D[J[1;32muart:~$ [m[8D[J[00:02:45.567,000] [0m<inf> imu: ICM-42688-P  a   4.108   5.322   7.257  g   0.001  -0.005  -0.000[0m
[1;32muart:~$ [m[8D[J[00:02:45.668,000] [0m<inf> imu: LSM6DS3TR-C  a   3.850   5.329   7.631  g   0.024  -0.060   0.015[0m
[1;32muart:~$ [m[8D[J[00:02:45.669,000] [0m<inf> imu: LSM6DSV16X   a   4.135   5.420   7.868  g  -0.012   0.002  -0.003[0m
[1;32muart:~$ [m[8D[J[1;32muart:~$ [m[8D[J[00:02:45.670,000] [0m<inf> imu: ICM-42688-P  a   4.108   5.278   7.263  g  -0.001  -0.005   0.000[0m
[1;32muart:~$ [m[8D[J[00:02:45.771,000] [0m<inf> imu: LSM6DS3TR-C  a   3.888   5.399   7.585  g   0.026  -0.064   0.016[0m
[1;32muart:~$ [m[8D[J[1;32muart:~$ [m[8D[J[00:02:45.772,000] [0m<inf> imu: LSM6DSV16X   a   4.142   5.444   7.865  g  -0.011   0.002  -0.002[0m
[1;32muart:~$ [m[8D[J[00:02:45.772,000] [0m<inf> imu: ICM-42688-P  a   4.132   5.295   7.242  g   0.000  -0.005   0.001[0m
[1;32muart:~$ [m[8D[J[1;32muart:~$ [m[8D[J[00:02:45.874,000] [0m<inf> imu: LSM6DS3TR-C  a   3.812   5.375   7.624  g   0.025  -0.063   0.013[0m
[1;32muart:~$ [m[8D[J[00:02:45.875,000] [0m<inf> imu: LSM6DSV16X   a   4.106   5.431   7.892  g  -0.012   0.003  -0.003[0m
[1;32muart:~$ [m[8D[J[1;32muart:~$ [m[8D[J[00:02:45.876,000] [0m<inf> imu: ICM-42688-P  a   4.090   5.291   7.288  g  -0.001  -0.006  -0.001[0m
[1;32muart:~$ [m[8D[J[00:02:45.977,000] [0m<inf> imu: LSM6DS3TR-C  a   3.852   5.369   7.599  g   0.024  -0.061   0.015[0m
[1;32muart:~$ [m[8D[J[1;32muart:~$ [m[8D[J[00:02:45.978,000] [0m<inf> imu: LSM6DSV16X   a   4.132   5.444   7.872  g  -0.012   0.002  -0.003[0m
[1;32muart:~$ [m[8D[J[00:02:45.978,000] [0m<inf> imu: ICM-42688-P  a   4.112   5.298   7.272  g  -0.001  -0.005   0.000[0m
[1;32muart:~$ [m[8D[J[00:02:46.079,000] [0m<inf> imu: LSM6DS3TR-C  a   3.884   5.323   7.635  g   0.024  -0.061   0.012[0m
[1;32muart:~$ [m[8D[J[00:02:46.080,000] [0m<inf> imu: LSM6DSV16X   a   4.123   5.432   7.880  g  -0.011   0.002  -0.002[0m
[1;32muart:~$ [m[8D[J[00:02:46.081,000] [0m<inf> imu: ICM-42688-P  a   4.104   5.288   7.275  g   0.000  -0.005   0.000[0m
[1;32muart:~$ [m[8D[J[1;32muart:~$ [m[8D[J[00:02:46.182,000] [0m<inf> imu: LSM6DS3TR-C  a   3.888   5.338   7.630  g   0.025  -0.064   0.013[0m
[1;32muart:~$ [m[8D[J[00:02:46.182,000] [0m<inf> imu: LSM6DSV16X   a   4.132   5.438   7.875  g  -0.012   0.002  -0.002[0m
[1;32muart:~$ [m[8D[J[1;32muart:~$ [m[8D[J[00:02:46.183,000] [0m<inf> imu: ICM-42688-P  a   4.124   5.295   7.253  g   0.000  -0.005   0.000[0m
[1;32muart:~$ [m[8D[J[00:02:46.284,000] [0m<inf> imu: LSM6DS3TR-C  a   3.864   5.353   7.617  g   0.025  -0.060   0.012[0m
[1;32muart:~$ [m[8D[J[00:02:46.285,000] [0m<inf> imu: LSM6DSV16X   a   4.114   5.436   7.887  g  -0.011   0.002  -0.002[0m
[1;32muart:~$ [m[8D[J[1;32muart:~$ [m[8D[J[00:02:46.285,000] [0m<inf> imu: ICM-42688-P  a   4.095   5.286   7.270  g  -0.001  -0.005   0.000[0m
[1;32muart:~$ [m[8D[J[00:02:46.386,000] [0m<inf> imu: LSM6DS3TR-C  a   3.830   5.370   7.579  g   0.022  -0.062   0.012[0m
[1;32muart:~$ [m[8D[J[1;32muart:~$ [m[8D[J[00:02:46.387,000] [0m<inf> imu: LSM6DSV16X   a   4.125   5.446   7.881  g  -0.011   0.002  -0.002[0m
[1;32muart:~$ [m[8D[J[00:02:46.387,000] [0m<inf> imu: ICM-42688-P  a   4.100   5.306   7.259  g  -0.001  -0.005   0.000[0m
[1;32muart:~$ [m[8D[J[1;32muart:~$ [m[8D[J[00:02:46.489,000] [0m<inf> imu: LSM6DS3TR-C  a   3.859   5.336   7.609  g   0.024  -0.062   0.013[0m
[1;32muart:~$ [m[8D[J[00:02:46.490,000] [0m<inf> imu: LSM6DSV16X   a   4.141   5.425   7.877  g  -0.011   0.003  -0.002[0m
[1;32muart:~$ [m[8D[J[1;32muart:~$ [m[8D[J[00:02:46.491,000] [0m<inf> imu: ICM-42688-P  a   4.125   5.277   7.253  g  -0.001  -0.005   0.000[0m
[1;32muart:~$ [m[8D[J[00:02:46.592,000] [0m<inf> imu: LSM6DS3TR-C  a   3.859   5.333   7.617  g   0.024  -0.062   0.014[0m
[1;32muart:~$ [m[8D[J[1;32muart:~$ [m[8D[J[00:02:46.593,000] [0m<inf> imu: LSM6DSV16X   a   4.123   5.436   7.877  g  -0.011   0.003  -0.002[0m
[1;32muart:~$ [m[8D[J[00:02:46.593,000] [0m<inf> imu: ICM-42688-P  a   4.101   5.303   7.275  g   0.000  -0.005   0.001[0m
[1;32muart:~$ [m[8D[J[1;32muart:~$ [m[8D[J[00:02:46.694,000] [0m<inf> imu: LSM6DS3TR-C  a   3.863   5.382   7.602  g   0.025  -0.060   0.015[0m
[1;32muart:~$ [m[8D[J[00:02:46.695,000] [0m<inf> imu: LSM6DSV16X   a   4.125   5.441   7.883  g  -0.012   0.002  -0.003[0m
[1;32muart:~$ [m[8D[J[1;32muart:~$ [m[8D[J[00:02:46.696,000] [0m<inf> imu: ICM-42688-P  a   4.108   5.288   7.280  g   0.000  -0.005  -0.000[0m
[1;32muart:~$ [m[8D[J[00:02:46.797,000] [0m<inf> imu: LSM6DS3TR-C  a   3.836   5.350   7.618  g   0.024  -0.062   0.013[0m
[1;32muart:~$ [m[8D[J[00:02:46.798,000] [0m<inf> imu: LSM6DSV16X   a   4.118   5.436   7.881  g  -0.013   0.002  -0.002[0m
[1;32muart:~$ [m[8D[J[1;32muart:~$ [m[8D[J[00:02:46.798,000] [0m<inf> imu: ICM-42688-P  a   4.112   5.294   7.271  g  -0.001  -0.005  -0.001[0m
[1;32muart:~$ [m[8D[J[00:02:46.900,000] [0m<inf> imu: LSM6DS3TR-C  a   3.860   5.353   7.615  g   0.024  -0.063   0.013[0m
[1;32muart:~$ [m[8D[J[1;32muart:~$ [m[8D[J[00:02:46.901,000] [0m<inf> imu: LSM6DSV16X   a   4.131   5.449   7.880  g  -0.012   0.002  -0.002[0m
[1;32muart:~$ [m[8D[J[00:02:46.901,000] [0m<inf> imu: ICM-42688-P  a   4.117   5.292   7.254  g   0.000  -0.005   0.000[0m
[1;32muart:~$ [m[8D[J[00:02:47.002,000] [0m<inf> imu: LSM6DS3TR-C  a   3.845   5.349   7.604  g   0.023  -0.064   0.014[0m
[1;32muart:~$ [m[8D[J[1;32muart:~$ [m[8D[J[00:02:47.003,000] [0m<inf> imu: LSM6DSV16X   a   4.114   5.432   7.882  g  -0.012   0.003  -0.002[0m
[1;32muart:~$ [m[8D[J[00:02:47.004,000] [0m<inf> imu: ICM-42688-P  a   4.096   5.284   7.278  g  -0.001  -0.005   0.000[0m
[1;32muart:~$ [m[8D[J[00:02:47.105,000] [0m<inf> imu: LSM6DS3TR-C  a   3.864   5.381   7.578  g   0.026  -0.063   0.014[0m
[1;32muart:~$ [m[8D[J[00:02:47.105,000] [0m<inf> imu: LSM6DSV16X   a   4.123   5.451   7.868  g  -0.011   0.001  -0.002[0m
[1;32muart:~$ [m[8D[J[1;32muart:~$ [m[8D[J[00:02:47.106,000] [0m<inf> imu: ICM-42688-P  a   4.123   5.306   7.272  g  -0.001  -0.005   0.000[0m
[1;32muart:~$ [m[8D[J[1;32muart:~$ [m[8D[J[00:02:47.207,000] [0m<inf> imu: LSM6DS3TR-C  a   3.882   5.348   7.607  g   0.024  -0.064   0.013[0m
[1;32muart:~$ [m[8D[J[00:02:47.208,000] [0m<inf> imu: LSM6DSV16X   a   4.129   5.424   7.889  g  -0.012   0.002  -0.002[0m
[1;32muart:~$ [m[8D[J[1;32muart:~$ [m[8D[J[00:02:47.208,000] [0m<inf> imu: ICM-42688-P  a   4.107   5.283   7.280  g   0.001  -0.004   0.000[0m
[1;32muart:~$ [m[8D[J[00:02:47.309,000] [0m<inf> imu: LSM6DS3TR-C  a   3.843   5.360   7.643  g   0.025  -0.061   0.015[0m
[1;32muart:~$ [m[8D[J[1;32muart:~$ [m[8D[J[00:02:47.310,000] [0m<inf> imu: LSM6DSV16X   a   4.123   5.443   7.882  g  -0.010   0.002  -0.002[0m
[1;32muart:~$ [m[8D[J[00:02:47.311,000] [0m<inf> imu: ICM-42688-P  a   4.104   5.308   7.251  g  -0.001  -0.004   0.001[0m
[1;32muart:~$ [m[8D[J[1;32muart:~$ [m[8D[J[00:02:47.412,000] [0m<inf> imu: LSM6DS3TR-C  a   3.862   5.374   7.595  g   0.026  -0.062   0.014[0m
[1;32muart:~$ [m[8D[J[00:02:47.412,000] [0m<inf> imu: LSM6DSV16X   a   4.125   5.427   7.889  g  -0.012   0.002  -0.002[0m
[1;32muart:~$ [m[8D[J[1;32muart:~$ [m[8D[J[00:02:47.413,000] [0m<inf> imu: ICM-42688-P  a   4.095   5.292   7.280  g   0.000  -0.005   0.000[0m
[1;32muart:~$ [m[8D[J[00:02:47.514,000] [0m<inf> imu: LSM6DS3TR-C  a   3.861   5.355   7.628  g   0.024  -0.061   0.014[0m
[1;32muart:~$ [m[8D[J[00:02:47.515,000] [0m<inf> imu: LSM6DSV16X   a   4.121   5.443   7.875  g  -0.011   0.002  -0.002[0m
[1;32muart:~$ [m[8D[J[1;32muart:~$ [m[8D[J[00:02:47.515,000] [0m<inf> imu: ICM-42688-P  a   4.102   5.284   7.270  g  -0.001  -0.006   0.001[0m
[1;32muart:~$ [m[8D[J[00:02:47.616,000] [0m<inf> imu: LSM6DS3TR-C  a   3.838   5.348   7.597  g   0.022  -0.063   0.014[0m
[1;32muart:~$ [m[8D[J[1;32muart:~$ [m[8D[J[00:02:47.618,000] [0m<inf> imu: LSM6DSV16X   a   4.131   5.436   7.872  g  -0.012   0.002  -0.003[0m
[1;32muart:~$ [m[8D[J[00:02:47.618,000] [0m<inf> imu: ICM-42688-P  a   4.120   5.295   7.268  g  -0.001  -0.005   0.000[0m
[1;32muart:~$ [m[8D[J[00:02:47.719,000] [0m<inf> imu: LSM6DS3TR-C  a   3.838   5.364   7.618  g   0.025  -0.063   0.014[0m
[1;32muart:~$ [m[8D[J[1;32muart:~$ [m[8D[J[00:02:47.720,000] [0m<inf> imu: LSM6DSV16X   a   4.125   5.434   7.875  g  -0.011   0.002  -0.002[0m
[1;32muart:~$ [m[8D[J[00:02:47.721,000] [0m<inf> imu: ICM-42688-P  a   4.112   5.294   7.272  g  -0.000  -0.005   0.001[0m
[1;32muart:~$ [m[8D[J[00:02:47.822,000] [0m<inf> imu: LSM6DS3TR-C  a   3.873   5.304   7.583  g   0.026  -0.063   0.016[0m
[1;32muart:~$ [m[8D[J[00:02:47.822,000] [0m<inf> imu: LSM6DSV16X   a   4.108   5.454   7.889  g  -0.014   0.002  -0.003[0m
[1;32muart:~$ [m[8D[J[1;32muart:~$ [m[8D[J[00:02:47.823,000] [0m<inf> imu: ICM-42688-P  a   4.086   5.320   7.299  g   0.000  -0.006   0.001[0m
[1;32muart:~$ [m[8D[J[1;32muart:~$ [m[8D[J[00:02:47.924,000] [0m<inf> imu: LSM6DS3TR-C  a   3.851   5.359   7.592  g   0.025  -0.062   0.013[0m
[1;32muart:~$ [m[8D[J[00:02:47.925,000] [0m<inf> imu: LSM6DSV16X   a   4.140   5.436   7.882  g  -0.012   0.002  -0.002[0m
[1;32muart:~$ [m[8D[J[1;32muart:~$ [m[8D[J[00:02:47.925,000] [0m<inf> imu: ICM-42688-P  a   4.114   5.283   7.274  g   0.001  -0.004   0.000[0m
[1;32muart:~$ [m[8D[J[00:02:48.026,000] [0m<inf> imu: LSM6DS3TR-C  a   3.853   5.357   7.600  g   0.024  -0.064   0.013[0m
[1;32muart:~$ [m[8D[J[00:02:48.027,000] [0m<inf> imu: LSM6DSV16X   a   4.122   5.425   7.863  g  -0.012   0.002  -0.002[0m
[1;32muart:~$ [m[8D[J[1;32muart:~$ [m[8D[J[00:02:48.028,000] [0m<inf> imu: ICM-42688-P  a   4.094   5.289   7.256  g  -0.000  -0.004  -0.001[0m
[1;32muart:~$ [m[8D[J[00:02:48.129,000] [0m<inf> imu: LSM6DS3TR-C  a   3.846   5.386   7.598  g   0.024  -0.064   0.012[0m
[1;32muart:~$ [m[8D[J[00:02:48.129,000] [0m<inf> imu: LSM6DSV16X   a   4.127   5.446   7.887  g  -0.011   0.002  -0.002[0m
[1;32muart:~$ [m[8D[J[1;32muart:~$ [m[8D[J[00:02:48.130,000] [0m<inf> imu: ICM-42688-P  a   4.107   5.307   7.271  g  -0.001  -0.005   0.000[0m
[1;32muart:~$ [m[8D[J[00:02:48.231,000] [0m<inf> imu: LSM6DS3TR-C  a   3.842   5.344   7.572  g   0.025  -0.063   0.014[0m
[1;32muart:~$ [m[8D[J[00:02:48.232,000] [0m<inf> imu: LSM6DSV16X   a   4.125   5.427   7.868  g  -0.011   0.002  -0.002[0m
[1;32muart:~$ [m[8D[J[1;32muart:~$ [m[8D[J[00:02:48.232,000] [0m<inf> imu: ICM-42688-P  a   4.099   5.290   7.269  g  -0.001  -0.005  -0.000[0m
[1;32muart:~$ [m[8D[J[00:02:48.333,000] [0m<inf> imu: LSM6DS3TR-C  a   3.865   5.383   7.620  g   0.024  -0.062   0.014[0m
[1;32muart:~$ [m[8D[J[00:02:48.334,000] [0m<inf> imu: LSM6DSV16X   a   4.123   5.441   7.894  g  -0.011   0.002  -0.002[0m
[1;32muart:~$ [m[8D[J[1;32muart:~$ [m[8D[J[00:02:48.334,000] [0m<inf> imu: ICM-42688-P  a   4.118   5.291   7.283  g  -0.001  -0.005   0.000[0m
[1;32muart:~$ [m[8D[J[00:02:48.436,000] [0m<inf> imu: LSM6DS3TR-C  a   3.837   5.354   7.645  g   0.024  -0.062   0.015[0m
[1;32muart:~$ [m[8D[J[1;32muart:~$ [m[8D[J[00:02:48.436,000] [0m<inf> imu: LSM6DSV16X   a   4.129   5.422   7.869  g  -0.011   0.002  -0.002[0m
[1;32muart:~$ [m[8D[J[00:02:48.437,000] [0m<inf> imu: ICM-42688-P  a   4.094   5.289   7.258  g   0.000  -0.005   0.001[0m
[1;32muart:~$ [m[8D[J[1;32muart:~$ [m[8D[J[00:02:48.539,000] [0m<inf> imu: LSM6DS3TR-C  a   3.887   5.362   7.643  g   0.024  -0.063   0.014[0m
[1;32muart:~$ [m[8D[J[00:02:48.540,000] [0m<inf> imu: LSM6DSV16X   a   4.128   5.446   7.892  g  -0.012   0.003  -0.002[0m
[1;32muart:~$ [m[8D[J[1;32muart:~$ [m[8D[J[00:02:48.540,000] [0m<inf> imu: ICM-42688-P  a   4.106   5.310   7.271  g   0.000  -0.005   0.001[0m
[1;32muart:~$ [m[8D[J[00:02:48.642,000] [0m<inf> imu: LSM6DS3TR-C  a   3.872   5.352   7.607  g   0.025  -0.065   0.012[0m
[1;32muart:~$ [m[8D[J[1;32muart:~$ [m[8D[J[00:02:48.642,000] [0m<inf> imu: LSM6DSV16X   a   4.126   5.428   7.877  g  -0.011   0.002  -0.002[0m
[1;32muart:~$ [m[8D[J[00:02:48.643,000] [0m<inf> imu: ICM-42688-P  a   4.105   5.291   7.268  g  -0.001  -0.006   0.000[0m
[1;32muart:~$ [m[8D[J[1;32muart:~$ [m[8D[J[00:02:48.744,000] [0m<inf> imu: LSM6DS3TR-C  a   3.879   5.356   7.606  g   0.024  -0.061   0.012[0m
[1;32muart:~$ [m[8D[J[00:02:48.745,000] [0m<inf> imu: LSM6DSV16X   a   4.130   5.439   7.880  g  -0.012   0.002  -0.002[0m
[1;32muart:~$ [m[8D[J[1;32muart:~$ [m[8D[J[00:02:48.745,000] [0m<inf> imu: ICM-42688-P  a   4.106   5.304   7.283  g  -0.001  -0.005   0.000[0m
[1;32muart:~$ [m[8D[J[00:02:48.846,000] [0m<inf> imu: LSM6DS3TR-C  a   3.859   5.350   7.594  g   0.024  -0.062   0.013[0m
[1;32muart:~$ [m[8D[J[00:02:48.847,000] [0m<inf> imu: LSM6DSV16X   a   4.125   5.425   7.875  g  -0.012   0.002  -0.002[0m
[1;32muart:~$ [m[8D[J[1;32muart:~$ [m[8D[J[00:02:48.847,000] [0m<inf> imu: ICM-42688-P  a   4.107   5.288   7.259  g   0.000  -0.005   0.000[0m
[1;32muart:~$ [m[8D[J[00:02:48.949,000] [0m<inf> imu: LSM6DS3TR-C  a   3.861   5.369   7.571  g   0.024  -0.061   0.013[0m
[1;32muart:~$ [m[8D[J[00:02:48.950,000] [0m<inf> imu: LSM6DSV16X   a   4.128   5.439   7.880  g  -0.011   0.003  -0.002[0m
[1;32muart:~$ [m[8D[J[1;32muart:~$ [m[8D[J[00:02:48.950,000] [0m<inf> imu: ICM-42688-P  a   4.108   5.304   7.281  g  -0.000  -0.005  -0.001[0m
[1;32muart:~$ [m[8D[J[00:02:49.052,000] [0m<inf> imu: LSM6DS3TR-C  a   3.850   5.350   7.604  g   0.025  -0.063   0.013[0m
[1;32muart:~$ [m[8D[J[1;32muart:~$ [m[8D[J[00:02:49.052,000] [0m<inf> imu: LSM6DSV16X   a   4.125   5.427   7.884  g  -0.012   0.002  -0.002[0m
[1;32muart:~$ [m[8D[J[00:02:49.053,000] [0m<inf> imu: ICM-42688-P  a   4.099   5.300   7.272  g   0.000  -0.005   0.000[0m
[1;32muart:~$ [m[8D[J[1;32muart:~$ [m[8D[J[00:02:49.154,000] [0m<inf> imu: LSM6DS3TR-C  a   3.827   5.382   7.601  g   0.025  -0.064   0.016[0m
[1;32muart:~$ [m[8D[J[00:02:49.155,000] [0m<inf> imu: LSM6DSV16X   a   4.127   5.441   7.884  g  -0.011   0.001  -0.002[0m
[1;32muart:~$ [m[8D[J[1;32muart:~$ [m[8D[J[00:02:49.156,000] [0m<inf> imu: ICM-42688-P  a   4.104   5.301   7.278  g  -0.001  -0.004   0.000[0m
[1;32muart:~$ [m[8D[J[00:02:49.257,000] [0m<inf> imu: LSM6DS3TR-C  a   3.867   5.384   7.633  g   0.023  -0.062   0.013[0m
[1;32muart:~$ [m[8D[J[1;32muart:~$ [m[8D[J[00:02:49.257,000] [0m<inf> imu: LSM6DSV16X   a   4.118   5.434   7.875  g  -0.011   0.002  -0.002[0m
[1;32muart:~$ [m[8D[J[00:02:49.258,000] [0m<inf> imu: ICM-42688-P  a   4.096   5.285   7.271  g  -0.000  -0.004   0.000[0m
[1;32muart:~$ [m[8D[J[1;32muart:~$ [m[8D[J[00:02:49.359,000] [0m<inf> imu: LSM6DS3TR-C  a   3.867   5.358   7.581  g   0.025  -0.063   0.015[0m
[1;32muart:~$ [m[8D[J[00:02:49.360,000] [0m<inf> imu: LSM6DSV16X   a   4.125   5.444   7.887  g  -0.011   0.002  -0.002[0m
[1;32muart:~$ [m[8D[J[1;32muart:~$ [m[8D[J[00:02:49.360,000] [0m<inf> imu: ICM-42688-P  a   4.102   5.289   7.270  g   0.000  -0.006   0.001[0m
[1;32muart:~$ [m[8D[J[00:02:49.461,000] [0m<inf> imu: LSM6DS3TR-C  a   3.836   5.344   7.596  g   0.023  -0.065   0.014[0m
[1;32muart:~$ [m[8D[J[00:02:49.462,000] [0m<inf> imu: LSM6DSV16X   a   4.119   5.444   7.884  g  -0.011   0.002  -0.002[0m
[1;32muart:~$ [m[8D[J[1;32muart:~$ [m[8D[J[00:02:49.462,000] [0m<inf> imu: ICM-42688-P  a   4.105   5.297   7.257  g   0.000  -0.005  -0.000[0m
[1;32muart:~$ [m[8D[J[00:02:49.564,000] [0m<inf> imu: LSM6DS3TR-C  a   3.857   5.374   7.642  g   0.023  -0.063   0.013[0m
[1;32muart:~$ [m[8D[J[00:02:49.565,000] [0m<inf> imu: LSM6DSV16X   a   4.130   5.446   7.887  g  -0.011   0.001  -0.002[0m
[1;32muart:~$ [m[8D[J[1;32muart:~$ [m[8D[J[00:02:49.566,000] [0m<inf> imu: ICM-42688-P  a   4.098   5.297   7.274  g  -0.001  -0.005   0.000[0m
[1;32muart:~$ [m[8D[J[00:02:49.667,000] [0m<inf> imu: LSM6DS3TR-C  a   3.857   5.341   7.577  g   0.023  -0.061   0.013[0m
[1;32muart:~$ [m[8D[J[1;32muart:~$ [m[8D[J[00:02:49.668,000] [0m<inf> imu: LSM6DSV16X   a   4.126   5.424   7.863  g  -0.012   0.002  -0.002[0m
[1;32muart:~$ [m[8D[J[00:02:49.669,000] [0m<inf> imu: ICM-42688-P  a   4.106   5.284   7.246  g  -0.001  -0.005   0.001[0m
[1;32muart:~$ [m[8D[J[1;32muart:~$ [m[8D[J[00:02:49.770,000] [0m<inf> imu: LSM6DS3TR-C  a   3.898   5.373   7.602  g   0.023  -0.063   0.013[0m
[1;32muart:~$ [m[8D[J[00:02:49.771,000] [0m<inf> imu: LSM6DSV16X   a   4.150   5.439   7.880  g  -0.011   0.002  -0.002[0m
[1;32muart:~$ [m[8D[J[1;32muart:~$ [m[8D[J[00:02:49.772,000] [0m<inf> imu: ICM-42688-P  a   4.128   5.309   7.268  g  -0.001  -0.005  -0.001[0m
[1;32muart:~$ [m[8D[J[00:02:49.873,000] [0m<inf> imu: LSM6DS3TR-C  a   3.849   5.337   7.602  g   0.024  -0.062   0.014[0m
[1;32muart:~$ [m[8D[J[1;32muart:~$ [m[8D[J[00:02:49.874,000] [0m<inf> imu: LSM6DSV16X   a   4.114   5.413   7.865  g  -0.012   0.002  -0.002[0m
[1;32muart:~$ [m[8D[J[00:02:49.875,000] [0m<inf> imu: ICM-42688-P  a   4.088   5.277   7.251  g  -0.000  -0.005   0.001[0m
[1;32muart:~$ [m[8D[J[00:02:49.976,000] [0m<inf> imu: LSM6DS3TR-C  a   3.851   5.372   7.592  g   0.026  -0.063   0.014[0m
[1;32muart:~$ [m[8D[J[00:02:49.976,000] [0m<inf> imu: LSM6DSV16X   a   4.125   5.460   7.887  g  -0.012   0.002  -0.003[0m
[1;32muart:~$ [m[8D[J[00:02:49.977,000] [0m<inf> imu: ICM-42688-P  a   4.105   5.320   7.277  g   0.001  -0.005  -0.001[0m
[1;32muart:~$ [m[8D[J[1;32muart:~$ [m[8D[J[00:02:50.078,000] [0m<inf> imu: LSM6DS3TR-C  a   3.818   5.332   7.565  g   0.023  -0.062   0.013[0m
[1;32muart:~$ [m[8D[J[00:02:50.079,000] [0m<inf> imu: LSM6DSV16X   a   4.118   5.411   7.865  g  -0.010   0.002  -0.002[0m
[1;32muart:~$ [m[8D[J[1;32muart:~$ [m[8D[J[00:02:50.079,000] [0m<inf> imu: ICM-42688-P  a   4.090   5.270   7.263  g   0.001  -0.005   0.000[0m
[1;32muart:~$ [m[8D[J[00:02:50.180,000] [0m<inf> imu: LSM6DS3TR-C  a   3.856   5.337   7.625  g   0.024  -0.061   0.014[0m
[1;32muart:~$ [m[8D[J[00:02:50.181,000] [0m<inf> imu: LSM6DSV16X   a   4.139   5.449   7.865  g  -0.011   0.002  -0.002[0m
[1;32muart:~$ [m[8D[J[1;32muart:~$ [m[8D[J[00:02:50.181,000] [0m<inf> imu: ICM-42688-P  a   4.114   5.306   7.275  g   0.000  -0.005   0.001[0m
[1;32muart:~$ [m[8D[J[00:02:50.282,000] [0m<inf> imu: LSM6DS3TR-C  a   3.837   5.355   7.585  g   0.024  -0.062   0.015[0m
[1;32muart:~$ [m[8D[J[1;32muart:~$ [m[8D[J[00:02:50.283,000] [0m<inf> imu: LSM6DSV16X   a   4.116   5.412   7.882  g  -0.012   0.002  -0.002[0m
[1;32muart:~$ [m[8D[J[00:02:50.284,000] [0m<inf> imu: ICM-42688-P  a   4.100   5.264   7.276  g   0.000  -0.005   0.001[0m
[1;32muart:~$ [m[8D[J[1;32muart:~$ [m[8D[J[00:02:50.385,000] [0m<inf> imu: LSM6DS3TR-C  a   3.839   5.371   7.595  g   0.025  -0.064   0.014[0m
[1;32muart:~$ [m[8D[J[00:02:50.386,000] [0m<inf> imu: LSM6DSV16X   a   4.125   5.451   7.893  g  -0.012   0.002  -0.002[0m
[1;32muart:~$ [m[8D[J[1;32muart:~$ [m[8D[J[00:02:50.387,000] [0m<inf> imu: ICM-42688-P  a   4.108   5.312   7.268  g  -0.000  -0.004   0.001[0m
[1;32muart:~$ [m[8D[J[00:02:50.488,000] [0m<inf> imu: LSM6DS3TR-C  a   3.878   5.366   7.594  g   0.025  -0.062   0.015[0m
[1;32muart:~$ [m[8D[J[1;32muart:~$ [m[8D[J[00:02:50.489,000] [0m<inf> imu: LSM6DSV16X   a   4.117   5.432   7.889  g  -0.011   0.002  -0.003[0m
[1;32muart:~$ [m[8D[J[00:02:50.489,000] [0m<inf> imu: ICM-42688-P  a   4.107   5.291   7.256  g   0.001  -0.005   0.000[0m
[1;32muart:~$ [m[8D[J[1;32muart:~$ [m[8D[J[00:02:50.590,000] [0m<inf> imu: LSM6DS3TR-C  a   3.879   5.383   7.626  g   0.025  -0.061   0.014[0m
[1;32muart:~$ [m[8D[J[00:02:50.591,000] [0m<inf> imu: LSM6DSV16X   a   4.133   5.441   7.875  g  -0.012   0.002  -0.002[0m
[1;32muart:~$ [m[8D[J[1;32muart:~$ [m[8D[J[00:02:50.591,000] [0m<inf> imu: ICM-42688-P  a   4.120   5.292   7.263  g  -0.001  -0.005   0.000[0m
[1;32muart:~$ [m[8D[J[00:02:50.692,000] [0m<inf> imu: LSM6DS3TR-C  a   3.847   5.346   7.575  g   0.025  -0.062   0.013[0m
[1;32muart:~$ [m[8D[J[00:02:50.693,000] [0m<inf> imu: LSM6DSV16X   a   4.123   5.436   7.877  g  -0.012   0.001  -0.002[0m
[1;32muart:~$ [m[8D[J[1;32muart:~$ [m[8D[J[00:02:50.694,000] [0m<inf> imu: ICM-42688-P  a   4.096   5.292   7.264  g  -0.001  -0.005  -0.000[0m
[1;32muart:~$ [m[8D[J[00:02:50.795,000] [0m<inf> imu: LSM6DS3TR-C  a   3.850   5.374   7.650  g   0.025  -0.063   0.015[0m
[1;32muart:~$ [m[8D[J[1;32muart:~$ [m[8D[J[00:02:50.796,000] [0m<inf> imu: LSM6DSV16X   a   4.123   5.439   7.882  g  -0.010   0.002  -0.001[0m
[1;32muart:~$ [m[8D[J[00:02:50.796,000] [0m<inf> imu: ICM-42688-P  a   4.094   5.301   7.298  g   0.001  -0.005   0.002[0m
[1;32muart:~$ [m[8D[J[00:02:50.897,000] [0m<inf> imu: LSM6DS3TR-C  a   3.835   5.325   7.568  g   0.026  -0.062   0.014[0m
[1;32muart:~$ [m[8D[J[1;32muart:~$ [m[8D[J[00:02:50.898,000] [0m<inf> imu: LSM6DSV16X   a   4.123   5.425   7.868  g  -0.011   0.002  -0.002[0m
[1;32muart:~$ [m[8D[J[00:02:50.899,000] [0m<inf> imu: ICM-42688-P  a   4.079   5.314   7.257  g   0.000  -0.005   0.001[0m
[1;32muart:~$ [m[8D[J[00:02:51.000,000] [0m<inf> imu: LSM6DS3TR-C  a   3.859   5.331   7.584  g   0.023  -0.064   0.013[0m
[1;32muart:~$ [m[8D[J[00:02:51.000,000] [0m<inf> imu: LSM6DSV16X   a   4.123   5.437   7.878  g  -0.011   0.001  -0.002[0m
[1;32muart:~$ [m[8D[J[1;32muart:~$ [m[8D[J[00:02:51.001,000] [0m<inf> imu: ICM-42688-P  a   4.111   5.284   7.271  g   0.000  -0.005   0.000[0m
[1;32muart:~$ [m[8D[J[1;32muart:~$ [m[8D[J[00:02:51.102,000] [0m<inf> imu: LSM6DS3TR-C  a   3.854   5.364   7.625  g   0.024  -0.063   0.013[0m
[1;32muart:~$ [m[8D[J[00:02:51.103,000] [0m<inf> imu: LSM6DSV16X   a   4.126   5.435   7.875  g  -0.012   0.001  -0.002[0m
[1;32muart:~$ [m[8D[J[1;32muart:~$ [m[8D[J[00:02:51.103,000] [0m<inf> imu: ICM-42688-P  a   4.104   5.297   7.268  g  -0.001  -0.005   0.000[0m
[1;32muart:~$ [m[8D[J[00:02:51.204,000] [0m<inf> imu: LSM6DS3TR-C  a   3.834   5.355   7.613  g   0.023  -0.062   0.014[0m
[1;32muart:~$ [m[8D[J[1;32muart:~$ [m[8D[J[00:02:51.205,000] [0m<inf> imu: LSM6DSV16X   a   4.120   5.427   7.866  g  -0.011   0.001  -0.002[0m
[1;32muart:~$ [m[8D[J[00:02:51.206,000] [0m<inf> imu: ICM-42688-P  a   4.101   5.284   7.270  g   0.001  -0.005   0.001[0m
[1;32muart:~$ [m[8D[J[1;32muart:~$ [m[8D[J[00:02:51.307,000] [0m<inf> imu: LSM6DS3TR-C  a   3.873   5.343   7.596  g   0.025  -0.062   0.013[0m
[1;32muart:~$ [m[8D[J[00:02:51.307,000] [0m<inf> imu: LSM6DSV16X   a   4.130   5.455   7.881  g  -0.011   0.002  -0.002[0m
[1;32muart:~$ [m[8D[J[1;32muart:~$ [m[8D[J[00:02:51.308,000] [0m<inf> imu: ICM-42688-P  a   4.095   5.297   7.263  g   0.000  -0.005   0.000[0m
[1;32muart:~$ [m[8D[J[00:02:51.409,000] [0m<inf> imu: LSM6DS3TR-C  a   3.869   5.370   7.614  g   0.024  -0.063   0.013[0m
[1;32muart:~$ [m[8D[J[00:02:51.410,000] [0m<inf> imu: LSM6DSV16X   a   4.130   5.437   7.868  g  -0.011   0.002  -0.002[0m
[1;32muart:~$ [m[8D[J[1;32muart:~$ [m[8D[J[00:02:51.410,000] [0m<inf> imu: ICM-42688-P  a   4.114   5.279   7.268  g  -0.001  -0.005   0.000[0m
[1;32muart:~$ [m[8D[J[00:02:51.512,000] [0m<inf> imu: LSM6DS3TR-C  a   3.873   5.350   7.605  g   0.023  -0.063   0.016[0m
[1;32muart:~$ [m[8D[J[1;32muart:~$ [m[8D[J[00:02:51.513,000] [0m<inf> imu: LSM6DSV16X   a   4.140   5.434   7.870  g  -0.012   0.001  -0.001[0m
[1;32muart:~$ [m[8D[J[00:02:51.513,000] [0m<inf> imu: ICM-42688-P  a   4.111   5.300   7.278  g   0.000  -0.005   0.000[0m
[1;32muart:~$ [m[8D[J[00:02:51.615,000] [0m<inf> imu: LSM6DS3TR-C  a   3.823   5.344   7.635  g   0.024  -0.063   0.013[0m
[1;32muart:~$ [m[8D[J[1;32muart:~$ [m[8D[J[00:02:51.615,000] [0m<inf> imu: LSM6DSV16X   a   4.121   5.438   7.874  g  -0.010   0.002  -0.002[0m
[1;32muart:~$ [m[8D[J[00:02:51.616,000] [0m<inf> imu: ICM-42688-P  a   4.095   5.304   7.277  g   0.000  -0.005   0.001[0m
[1;32muart:~$ [m[8D[J[1;32muart:~$ [m[8D[J[00:02:51.718,000] [0m<inf> imu: LSM6DS3TR-C  a   3.835   5.365   7.613  g   0.022  -0.064   0.015[0m
[1;32muart:~$ [m[8D[J[00:02:51.718,000] [0m<inf> imu: LSM6DSV16X   a   4.116   5.439   7.882  g  -0.011   0.002  -0.002[0m
[1;32muart:~$ [m[8D[J[1;32muart:~$ [m[8D[J[00:02:51.719,000] [0m<inf> imu: ICM-42688-P  a   4.111   5.297   7.281  g   0.000  -0.005   0.001[0m
[1;32muart:~$ [m[8D[J[00:02:51.820,000] [0m<inf> imu: LSM6DS3TR-C  a   3.835   5.384   7.570  g   0.025  -0.063   0.014[0m
[1;32muart:~$ [m[8D[J[1;32muart:~$ [m[8D[J[00:02:51.821,000] [0m<inf> imu: LSM6DSV16X   a   4.123   5.439   7.875  g  -0.011   0.002  -0.002[0m
[1;32muart:~$ [m[8D[J[00:02:51.822,000] [0m<inf> imu: ICM-42688-P  a   4.102   5.301   7.265  g   0.001  -0.005   0.000[0m
[1;32muart:~$ [m[8D[J[1;32muart:~$ [m[8D[J[00:02:51.923,000] [0m<inf> imu: LSM6DS3TR-C  a   3.832   5.374   7.606  g   0.025  -0.063   0.015[0m
[1;32muart:~$ [m[8D[J[00:02:51.923,000] [0m<inf> imu: LSM6DSV16X   a   4.128   5.436   7.883  g  -0.012   0.003  -0.002[0m
[1;32muart:~$ [m[8D[J[1;32muart:~$ [m[8D[J[00:02:51.924,000] [0m<inf> imu: ICM-42688-P  a   4.108   5.284   7.275  g  -0.001  -0.005   0.000[0m
[1;32muart:~$ [m[8D[J[00:02:52.025,000] [0m<inf> imu: LSM6DS3TR-C  a   3.820   5.300   7.542  g   0.025  -0.065   0.015[0m
[1;32muart:~$ [m[8D[J[00:02:52.026,000] [0m<inf> imu: LSM6DSV16X   a   4.070   5.377   7.831  g  -0.011   0.002  -0.002[0m
[1;32muart:~$ [m[8D[J[1;32muart:~$ [m[8D[J[00:02:52.026,000] [0m<inf> imu: ICM-42688-P  a   4.056   5.249   7.229  g  -0.002  -0.006   0.001[0m
[1;32muart:~$ [m[8D[J[00:02:52.128,000] [0m<inf> imu: LSM6DS3TR-C  a   3.857   5.429   7.654  g   0.025  -0.063   0.014[0m
[1;32muart:~$ [m[8D[J[00:02:52.128,000] [0m<inf> imu: LSM6DSV16X   a   4.132   5.492   7.939  g  -0.012   0.002  -0.003[0m
[1;32muart:~$ [m[8D[J[1;32muart:~$ [m[8D[J[00:02:52.129,000] [0m<inf> imu: ICM-42688-P  a   4.119   5.352   7.332  g  -0.001  -0.005   0.000[0m
[1;32muart:~$ [m[8D[J[00:02:52.230,000] [0m<inf> imu: LSM6DS3TR-C  a   3.827   5.326   7.574  g   0.025  -0.061   0.013[0m
[1;32muart:~$ [m[8D[J[1;32muart:~$ [m[8D[J[00:02:52.231,000] [0m<inf> imu: LSM6DSV16X   a   4.123   5.390   7.836  g  -0.010   0.003  -0.003[0m
[1;32muart:~$ [m[8D[J[00:02:52.232,000] [0m<inf> imu: ICM-42688-P  a   4.108   5.241   7.198  g  -0.001  -0.004  -0.000[0m
[1;32muart:~$ [m[8D[J[1;32muart:~$ [m[8D[J[00:02:52.334,000] [0m<inf> imu: LSM6DS3TR-C  a   3.860   5.363   7.588  g   0.023  -0.065   0.013[0m
[1;32muart:~$ [m[8D[J[00:02:52.334,000] [0m<inf> imu: LSM6DSV16X   a   4.152   5.463   7.899  g  -0.011   0.002  -0.002[0m
[1;32muart:~$ [m[8D[J[1;32muart:~$ [m[8D[J[00:02:52.335,000] [0m<inf> imu: ICM-42688-P  a   4.129   5.316   7.289  g  -0.001  -0.005   0.001[0m
[1;32muart:~$ [m[8D[J[00:02:52.437,000] [0m<inf> imu: LSM6DS3TR-C  a   3.811   5.310   7.556  g   0.024  -0.064   0.013[0m
[1;32muart:~$ [m[8D[J[1;32muart:~$ [m[8D[J[00:02:52.437,000] [0m<inf> imu: LSM6DSV16X   a   4.097   5.408   7.858  g  -0.010   0.003  -0.003[0m
[1;32muart:~$ [m[8D[J[00:02:52.438,000] [0m<inf> imu: ICM-42688-P  a   4.071   5.267   7.242  g   0.000  -0.005   0.000[0m
[1;32muart:~$ [m[8D[J[1;32muart:~$ [m[8D[J[00:02:52.539,000] [0m<inf> imu: LSM6DS3TR-C  a   3.878   5.376   7.610  g   0.023  -0.062   0.013[0m
[1;32muart:~$ [m[8D[J[00:02:52.540,000] [0m<inf> imu: LSM6DSV16X   a   4.125   5.472   7.903  g  -0.011   0.002  -0.002[0m
[1;32muart:~$ [m[8D[J[1;32muart:~$ [m[8D[J[00:02:52.540,000] [0m<inf> imu: ICM-42688-P  a   4.102   5.325   7.290  g   0.001  -0.005   0.001[0m
[1;32muart:~$ [m[8D[J[00:02:52.641,000] [0m<inf> imu: LSM6DS3TR-C  a   3.866   5.346   7.609  g   0.025  -0.062   0.013[0m
[1;32muart:~$ [m[8D[J[00:02:52.642,000] [0m<inf> imu: LSM6DSV16X   a   4.125   5.410   7.853  g  -0.011   0.002  -0.003[0m
[1;32muart:~$ [m[8D[J[1;32muart:~$ [m[8D[J[00:02:52.642,000] [0m<inf> imu: ICM-42688-P  a   4.112   5.276   7.235  g  -0.001  -0.005  -0.001[0m
[1;32muart:~$ [m[8D[J[00:02:52.744,000] [0m<inf> imu: LSM6DS3TR-C  a   3.833   5.361   7.569  g   0.026  -0.062   0.014[0m
[1;32muart:~$ [m[8D[J[1;32muart:~$ [m[8D[J[00:02:52.744,000] [0m<inf> imu: LSM6DSV16X   a   4.142   5.441   7.879  g  -0.011   0.001  -0.001[0m
[1;32muart:~$ [m[8D[J[00:02:52.745,000] [0m<inf> imu: ICM-42688-P  a   4.111   5.302   7.281  g   0.001  -0.005  -0.001[0m
[1;32muart:~$ [m[8D[J[00:02:52.846,000] [0m<inf> imu: LSM6DS3TR-C  a   3.829   5.344   7.619  g   0.024  -0.063   0.014[0m
[1;32muart:~$ [m[8D[J[1;32muart:~$ [m[8D[J[00:02:52.847,000] [0m<inf> imu: LSM6DSV16X   a   4.108   5.434   7.879  g  -0.011   0.002  -0.002[0m
[1;32muart:~$ [m[8D[J[00:02:52.847,000] [0m<inf> imu: ICM-42688-P  a   4.080   5.290   7.274  g   0.000  -0.005   0.000[0m
[1;32muart:~$ [m[8D[J[00:02:52.948,000] [0m<inf> imu: LSM6DS3TR-C  a   3.864   5.362   7.631  g   0.027  -0.063   0.013[0m
[1;32muart:~$ [m[8D[J[00:02:52.949,000] [0m<inf> imu: LSM6DSV16X   a   4.120   5.450   7.884  g  -0.012   0.002  -0.002[0m
[1;32muart:~$ [m[8D[J[1;32muart:~$ [m[8D[J[00:02:52.950,000] [0m<inf> imu: ICM-42688-P  a   4.106   5.308   7.270  g  -0.001  -0.004  -0.001[0m
[1;32muart:~$ [m[8D[J[1;32muart:~$ [m[8D[J[00:02:53.051,000] [0m<inf> imu: LSM6DS3TR-C  a   3.842   5.345   7.591  g   0.026  -0.063   0.014[0m
[1;32muart:~$ [m[8D[J[00:02:53.052,000] [0m<inf> imu: LSM6DSV16X   a   4.125   5.436   7.862  g  -0.012   0.003  -0.003[0m
[1;32muart:~$ [m[8D[J[1;32muart:~$ [m[8D[J[00:02:53.052,000] [0m<inf> imu: ICM-42688-P  a   4.107   5.298   7.263  g  -0.000  -0.005  -0.001[0m
[1;32muart:~$ [m[8D[J[00:02:53.153,000] [0m<inf> imu: LSM6DS3TR-C  a   3.868   5.334   7.608  g   0.026  -0.062   0.014[0m
[1;32muart:~$ [m[8D[J[1;32muart:~$ [m[8D[J[00:02:53.154,000] [0m<inf> imu: LSM6DSV16X   a   4.133   5.429   7.874  g  -0.011   0.002  -0.002[0m
[1;32muart:~$ [m[8D[J[00:02:53.154,000] [0m<inf> imu: ICM-42688-P  a   4.117   5.290   7.259  g   0.000  -0.005   0.001[0m
[1;32muart:~$ [m[8D[J[1;32muart:~$ [m[8D[J[00:02:53.255,000] [0m<inf> imu: LSM6DS3TR-C  a   3.837   5.361   7.600  g   0.026  -0.063   0.014[0m
[1;32muart:~$ [m[8D[J[00:02:53.256,000] [0m<inf> imu: LSM6DSV16X   a   4.113   5.453   7.872  g  -0.012   0.002  -0.002[0m
[1;32muart:~$ [m[8D[J[1;32muart:~$ [m[8D[J[00:02:53.257,000] [0m<inf> imu: ICM-42688-P  a   4.104   5.306   7.274  g  -0.001  -0.005   0.000[0m
[1;32muart:~$ [m[8D[J[00:02:53.358,000] [0m<inf> imu: LSM6DS3TR-C  a   3.873   5.367   7.621  g   0.025  -0.064   0.014[0m
[1;32muart:~$ [m[8D[J[00:02:53.358,000] [0m<inf> imu: LSM6DSV16X   a   4.130   5.432   7.877  g  -0.011   0.002  -0.002[0m
[1;32muart:~$ [m[8D[J[1;32muart:~$ [m[8D[J[00:02:53.359,000] [0m<inf> imu: ICM-42688-P  a   4.111   5.288   7.258  g  -0.001  -0.005  -0.001[0m
[1;32muart:~$ [m[8D[J[00:02:53.460,000] [0m<inf> imu: LSM6DS3TR-C  a   3.833   5.374   7.565  g   0.024  -0.063   0.013[0m
[1;32muart:~$ [m[8D[J[1;32muart:~$ [m[8D[J[00:02:53.462,000] [0m<inf> imu: LSM6DSV16X   a   4.133   5.436   7.868  g  -0.012   0.002  -0.002[0m
[1;32muart:~$ [m[8D[J[00:02:53.462,000] [0m<inf> imu: ICM-42688-P  a   4.102   5.292   7.259  g   0.001  -0.005  -0.000[0m
[1;32muart:~$ [m[8D[J[00:02:53.563,000] [0m<inf> imu: LSM6DS3TR-C  a   3.841   5.371   7.509  g   0.025  -0.064   0.014[0m
[1;32muart:~$ [m[8D[J[1;32muart:~$ [m[8D[J[00:02:53.564,000] [0m<inf> imu: LSM6DSV16X   a   4.128   5.439   7.867  g  -0.011   0.002  -0.002[0m
[1;32muart:~$ [m[8D[J[00:02:53.565,000] [0m<inf> imu: ICM-42688-P  a   4.110   5.300   7.254  g  -0.000  -0.005  -0.001[0m
[1;32muart:~$ [m[8D[J[00:02:53.666,000] [0m<inf> imu: LSM6DS3TR-C  a   3.863   5.343   7.589  g   0.024  -0.064   0.014[0m
[1;32muart:~$ [m[8D[J[00:02:53.666,000] [0m<inf> imu: LSM6DSV16X   a   4.120   5.437   7.882  g  -0.011   0.002  -0.002[0m
[1;32muart:~$ [m[8D[J[1;32muart:~$ [m[8D[J[00:02:53.667,000] [0m<inf> imu: ICM-42688-P  a   4.111   5.288   7.276  g   0.000  -0.005   0.000[0m
[1;32muart:~$ [m[8D[J[1;32muart:~$ [m[8D[J[00:02:53.768,000] [0m<inf> imu: LSM6DS3TR-C  a   3.854   5.392   7.607  g   0.024  -0.062   0.011[0m
[1;32muart:~$ [m[8D[J[00:02:53.769,000] [0m<inf> imu: LSM6DSV16X   a   4.116   5.446   7.882  g  -0.010   0.002  -0.002[0m
[1;32muart:~$ [m[8D[J[1;32muart:~$ [m[8D[J[00:02:53.769,000] [0m<inf> imu: ICM-42688-P  a   4.100   5.309   7.274  g   0.001  -0.005   0.000[0m
[1;32muart:~$ [m[8D[J[00:02:53.870,000] [0m<inf> imu: LSM6DS3TR-C  a   3.865   5.359   7.610  g   0.027  -0.063   0.014[0m
[1;32muart:~$ [m[8D[J[1;32muart:~$ [m[8D[J[00:02:53.871,000] [0m<inf> imu: LSM6DSV16X   a   4.118   5.429   7.872  g  -0.012   0.002  -0.002[0m
[1;32muart:~$ [m[8D[J[00:02:53.872,000] [0m<inf> imu: ICM-42688-P  a   4.102   5.296   7.275  g  -0.000  -0.005   0.000[0m
[1;32muart:~$ [m[8D[J[1;32muart:~$ [m[8D[J[00:02:53.973,000] [0m<inf> imu: LSM6DS3TR-C  a   3.859   5.371   7.583  g   0.024  -0.063   0.014[0m
[1;32muart:~$ [m[8D[J[00:02:53.973,000] [0m<inf> imu: LSM6DSV16X   a   4.122   5.444   7.884  g  -0.011   0.003  -0.003[0m
[1;32muart:~$ [m[8D[J[1;32muart:~$ [m[8D[J[00:02:53.974,000] [0m<inf> imu: ICM-42688-P  a   4.102   5.309   7.276  g   0.001  -0.005   0.000[0m
[1;32muart:~$ [m[8D[J[00:02:54.075,000] [0m<inf> imu: LSM6DS3TR-C  a   3.863   5.372   7.570  g   0.025  -0.064   0.013[0m
[1;32muart:~$ [m[8D[J[00:02:54.076,000] [0m<inf> imu: LSM6DSV16X   a   4.128   5.447   7.872  g  -0.011   0.002  -0.002[0m
[1;32muart:~$ [m[8D[J[1;32muart:~$ [m[8D[J[00:02:54.076,000] [0m<inf> imu: ICM-42688-P  a   4.100   5.303   7.263  g  -0.001  -0.005  -0.000[0m
[1;32muart:~$ [m[8D[J[00:02:54.178,000] [0m<inf> imu: LSM6DS3TR-C  a   3.827   5.367   7.586  g   0.025  -0.064   0.012[0m
[1;32muart:~$ [m[8D[J[00:02:54.179,000] [0m<inf> imu: LSM6DSV16X   a   4.115   5.444   7.875  g  -0.011   0.002  -0.002[0m
[1;32muart:~$ [m[8D[J[1;32muart:~$ [m[8D[J[00:02:54.180,000] [0m<inf> imu: ICM-42688-P  a   4.100   5.301   7.265  g  -0.001  -0.004   0.001[0m
[1;32muart:~$ [m[8D[J[00:02:54.281,000] [0m<inf> imu: LSM6DS3TR-C  a   3.867   5.362   7.600  g   0.024  -0.064   0.015[0m
[1;32muart:~$ [m[8D[J[1;32muart:~$ [m[8D[J[00:02:54.282,000] [0m<inf> imu: LSM6DSV16X   a   4.117   5.441   7.865  g  -0.011   0.002  -0.003[0m
[1;32muart:~$ [m[8D[J[00:02:54.282,000] [0m<inf> imu: ICM-42688-P  a   4.112   5.298   7.256  g   0.001  -0.005   0.001[0m
[1;32muart:~$ [m[8D[J[1;32muart:~$ [m[8D[J[00:02:54.384,000] [0m<inf> imu: LSM6DS3TR-C  a   3.848   5.364   7.602  g   0.025  -0.062   0.015[0m
[1;32muart:~$ [m[8D[J[00:02:54.385,000] [0m<inf> imu: LSM6DSV16X   a   4.118   5.428   7.872  g  -0.011   0.002  -0.002[0m
[1;32muart:~$ [m[8D[J[1;32muart:~$ [m[8D[J[00:02:54.386,000] [0m<inf> imu: ICM-42688-P  a   4.095   5.296   7.264  g   0.000  -0.005   0.000[0m
[1;32muart:~$ [m[8D[J[00:02:54.487,000] [0m<inf> imu: LSM6DS3TR-C  a   3.833   5.374   7.604  g   0.024  -0.062   0.014[0m
[1;32muart:~$ [m[8D[J[1;32muart:~$ [m[8D[J[00:02:54.488,000] [0m<inf> imu: LSM6DSV16X   a   4.126   5.442   7.878  g  -0.011   0.001  -0.002[0m
[1;32muart:~$ [m[8D[J[00:02:54.488,000] [0m<inf> imu: ICM-42688-P  a   4.106   5.297   7.274  g   0.000  -0.005   0.001[0m
[1;32muart:~$ [m[8D[J[1;32muart:~$ [m[8D[J[00:02:54.589,000] [0m<inf> imu: LSM6DS3TR-C  a   3.834   5.411   7.624  g   0.023  -0.062   0.013[0m
[1;32muart:~$ [m[8D[J[00:02:54.590,000] [0m<inf> imu: LSM6DSV16X   a   4.120   5.439   7.878  g  -0.011   0.002  -0.003[0m
[1;32muart:~$ [m[8D[J[1;32muart:~$ [m[8D[J[00:02:54.590,000] [0m<inf> imu: ICM-42688-P  a   4.099   5.309   7.269  g  -0.001  -0.005  -0.001[0m
[1;32muart:~$ [m[8D[J[00:02:54.691,000] [0m<inf> imu: LSM6DS3TR-C  a   3.876   5.374   7.657  g   0.025  -0.062   0.015[0m
[1;32muart:~$ [m[8D[J[00:02:54.692,000] [0m<inf> imu: LSM6DSV16X   a   4.120   5.443   7.871  g  -0.011   0.002  -0.003[0m
[1;32muart:~$ [m[8D[J[1;32muart:~$ [m[8D[J[00:02:54.693,000] [0m<inf> imu: ICM-42688-P  a   4.108   5.273   7.254  g   0.000  -0.005   0.000[0m
[1;32muart:~$ [m[8D[J[00:02:54.794,000] [0m<inf> imu: LSM6DS3TR-C  a   3.890   5.308   7.567  g   0.025  -0.061   0.017[0m
[1;32muart:~$ [m[8D[J[00:02:54.796,000] [0m<inf> imu: LSM6DSV16X   a   4.150   5.423   7.856  g  -0.009   0.002  -0.000[0m
[1;32muart:~$ [m[8D[J[1;32muart:~$ [m[8D[J[00:02:54.796,000] [0m<inf> imu: ICM-42688-P  a   4.137   5.270   7.247  g   0.002  -0.005   0.003[0m
[1;32muart:~$ [m[8D[J[00:02:54.897,000] [0m<inf> imu: LSM6DS3TR-C  a   3.853   5.368   7.631  g   0.024  -0.061   0.016[0m
[1;32muart:~$ [m[8D[J[1;32muart:~$ [m[8D[J[00:02:54.898,000] [0m<inf> imu: LSM6DSV16X   a   4.116   5.448   7.885  g  -0.010   0.002  -0.002[0m
[1;32muart:~$ [m[8D[J[00:02:54.899,000] [0m<inf> imu: ICM-42688-P  a   4.077   5.322   7.296  g  -0.001  -0.005   0.001[0m
[1;32muart:~$ [m[8D[J[00:02:55.000,000] [0m<inf> imu: LSM6DS3TR-C  a   3.836   5.378   7.623  g   0.024  -0.061   0.015[0m
[1;32muart:~$ [m[8D[J[00:02:55.000,000] [0m<inf> imu: LSM6DSV16X   a   4.123   5.453   7.889  g  -0.011   0.002  -0.003[0m
[1;32muart:~$ [m[8D[J[1;32muart:~$ [m[8D[J[00:02:55.001,000] [0m<inf> imu: ICM-42688-P  a   4.118   5.303   7.263  g   0.000  -0.004  -0.001[0m
[1;32muart:~$ [m[8D[J[1;32muart:~$ [m[8D[J[00:02:55.102,000] [0m<inf> imu: LSM6DS3TR-C  a   3.852   5.341   7.598  g   0.023  -0.062   0.014[0m
[1;32muart:~$ [m[8D[J[00:02:55.103,000] [0m<inf> imu: LSM6DSV16X   a   4.123   5.436   7.880  g  -0.012   0.002  -0.002[0m
[1;32muart:~$ [m[8D[J[1;32muart:~$ [m[8D[J[00:02:55.103,000] [0m<inf> imu: ICM-42688-P  a   4.099   5.294   7.268  g  -0.001  -0.005   0.001[0m
[1;32muart:~$ [m[8D[J[00:02:55.204,000] [0m<inf> imu: LSM6DS3TR-C  a   3.833   5.374   7.563  g   0.024  -0.062   0.015[0m
[1;32muart:~$ [m[8D[J[1;32muart:~$ [m[8D[J[00:02:55.205,000] [0m<inf> imu: LSM6DSV16X   a   4.118   5.439   7.868  g  -0.011   0.002  -0.002[0m
[1;32muart:~$ [m[8D[J[00:02:55.206,000] [0m<inf> imu: ICM-42688-P  a   4.086   5.289   7.259  g   0.000  -0.005  -0.000[0m
[1;32muart:~$ [m[8D[J[1;32muart:~$ [m[8D[J[00:02:55.307,000] [0m<inf> imu: LSM6DS3TR-C  a   3.858   5.344   7.616  g   0.026  -0.063   0.016[0m
[1;32muart:~$ [m[8D[J[00:02:55.307,000] [0m<inf> imu: LSM6DSV16X   a   4.128   5.444   7.873  g  -0.011   0.002  -0.002[0m
[1;32muart:~$ [m[8D[J[1;32muart:~$ [m[8D[J[00:02:55.308,000] [0m<inf> imu: ICM-42688-P  a   4.100   5.304   7.278  g   0.000  -0.005   0.001[0m
[1;32muart:~$ [m[8D[J[00:02:55.409,000] [0m<inf> imu: LSM6DS3TR-C  a   3.884   5.349   7.611  g   0.023  -0.063   0.015[0m
[1;32muart:~$ [m[8D[J[00:02:55.410,000] [0m<inf> imu: LSM6DSV16X   a   4.123   5.436   7.866  g  -0.011   0.002  -0.002[0m
[1;32muart:~$ [m[8D[J[1;32muart:~$ [m[8D[J[00:02:55.410,000] [0m<inf> imu: ICM-42688-P  a   4.100   5.288   7.256  g   0.000  -0.006   0.000[0m
[1;32muart:~$ [m[8D[J[00:02:55.512,000] [0m<inf> imu: LSM6DS3TR-C  a   3.891   5.355   7.616  g   0.024  -0.065   0.012[0m
[1;32muart:~$ [m[8D[J[1;32muart:~$ [m[8D[J[00:02:55.513,000] [0m<inf> imu: LSM6DSV16X   a   4.117   5.453   7.880  g  -0.011   0.002  -0.002[0m
[1;32muart:~$ [m[8D[J[00:02:55.514,000] [0m<inf> imu: ICM-42688-P  a   4.100   5.309   7.270  g   0.000  -0.005  -0.000[0m
[1;32muart:~$ [m[8D[J[00:02:55.615,000] [0m<inf> imu: LSM6DS3TR-C  a   3.834   5.346   7.607  g   0.025  -0.062   0.014[0m
[1;32muart:~$ [m[8D[J[1;32muart:~$ [m[8D[J[00:02:55.616,000] [0m<inf> imu: LSM6DSV16X   a   4.125   5.434   7.868  g  -0.012   0.002  -0.002[0m
[1;32muart:~$ [m[8D[J[00:02:55.616,000] [0m<inf> imu: ICM-42688-P  a   4.100   5.279   7.266  g  -0.001  -0.005  -0.000[0m
[1;32muart:~$ [m[8D[J[00:02:55.717,000] [0m<inf> imu: LSM6DS3TR-C  a   3.866   5.372   7.604  g   0.025  -0.064   0.014[0m
[1;32muart:~$ [m[8D[J[00:02:55.718,000] [0m<inf> imu: LSM6DSV16X   a   4.132   5.439   7.870  g  -0.012   0.002  -0.002[0m
[1;32muart:~$ [m[8D[J[1;32muart:~$ [m[8D[J[00:02:55.718,000] [0m<inf> imu: ICM-42688-P  a   4.116   5.294   7.252  g   0.001  -0.005   0.000[0m
[1;32muart:~$ [m[8D[J[1;32muart:~$ [m[8D[J[00:02:55.820,000] [0m<inf> imu: LSM6DS3TR-C  a   3.870   5.378   7.609  g   0.023  -0.063   0.014[0m
[1;32muart:~$ [m[8D[J[00:02:55.820,000] [0m<inf> imu: LSM6DSV16X   a   4.116   5.448   7.884  g  -0.010   0.002  -0.002[0m
[1;32muart:~$ [m[8D[J[1;32muart:~$ [m[8D[J[00:02:55.821,000] [0m<inf> imu: ICM-42688-P  a   4.092   5.297   7.268  g   0.000  -0.005   0.000[0m
[1;32muart:~$ [m[8D[J[00:02:55.922,000] [0m<inf> imu: LSM6DS3TR-C  a   3.811   5.433   7.597  g   0.024  -0.064   0.013[0m
[1;32muart:~$ [m[8D[J[1;32muart:~$ [m[8D[J[00:02:55.923,000] [0m<inf> imu: LSM6DSV16X   a   4.128   5.437   7.880  g  -0.012   0.002  -0.002[0m
[1;32muart:~$ [m[8D[J[00:02:55.923,000] [0m<inf> imu: ICM-42688-P  a   4.101   5.302   7.270  g  -0.001  -0.006   0.000[0m
[1;32muart:~$ [m[8D[J[1;32muart:~$ [m[8D[J[00:02:56.024,000] [0m<inf> imu: LSM6DS3TR-C  a   3.861   5.377   7.573  g   0.024  -0.062   0.011[0m
[1;32muart:~$ [m[8D[J[00:02:56.025,000] [0m<inf> imu: LSM6DSV16X   a   4.128   5.429   7.857  g  -0.011   0.002  -0.002[0m
[1;32muart:~$ [m[8D[J[1;32muart:~$ [m[8D[J[00:02:56.025,000] [0m<inf> imu: ICM-42688-P  a   4.106   5.291   7.246  g   0.000  -0.006   0.001[0m
[1;32muart:~$ [m[8D[J[00:02:56.126,000] [0m<inf> imu: LSM6DS3TR-C  a   3.888   5.355   7.618  g   0.025  -0.063   0.015[0m
[1;32muart:~$ [m[8D[J[00:02:56.127,000] [0m<inf> imu: LSM6DSV16X   a   4.130   5.453   7.892  g  -0.012   0.002  -0.002[0m
[1;32muart:~$ [m[8D[J[1;32muart:~$ [m[8D[J[00:02:56.128,000] [0m<inf> imu: ICM-42688-P  a   4.110   5.322   7.287  g   0.000  -0.005   0.000[0m
[1;32muart:~$ [m[8D[J[00:02:56.229,000] [0m<inf> imu: LSM6DS3TR-C  a   3.890   5.334   7.570  g   0.026  -0.062   0.015[0m
[1;32muart:~$ [m[8D[J[00:02:56.230,000] [0m<inf> imu: LSM6DSV16X   a   4.113   5.427   7.862  g  -0.011   0.002  -0.002[0m
[1;32muart:~$ [m[8D[J[1;32muart:~$ [m[8D[J[00:02:56.231,000] [0m<inf> imu: ICM-42688-P  a   4.081   5.284   7.260  g  -0.000  -0.005   0.000[0m
[1;32muart:~$ [m[8D[J[00:02:56.332,000] [0m<inf> imu: LSM6DS3TR-C  a   3.869   5.381   7.612  g   0.023  -0.063   0.013[0m
[1;32muart:~$ [m[8D[J[1;32muart:~$ [m[8D[J[00:02:56.333,000] [0m<inf> imu: LSM6DSV16X   a   4.129   5.451   7.891  g  -0.012   0.003  -0.002[0m
[1;32muart:~$ [m[8D[J[00:02:56.333,000] [0m<inf> imu: ICM-42688-P  a   4.112   5.309   7.293  g   0.001  -0.005   0.001[0m
[1;32muart:~$ [m[8D[J[00:02:56.434,000] [0m<inf> imu: LSM6DS3TR-C  a   3.840   5.346   7.564  g   0.024  -0.062   0.014[0m
[1;32muart:~$ [m[8D[J[00:02:56.435,000] [0m<inf> imu: LSM6DSV16X   a   4.116   5.441   7.861  g  -0.011   0.002  -0.002[0m
[1;32muart:~$ [m[8D[J[1;32muart:~$ [m[8D[J[00:02:56.435,000] [0m<inf> imu: ICM-42688-P  a   4.095   5.292   7.234  g  -0.001  -0.005  -0.001[0m
[1;32muart:~$ [m[8D[J[1;32muart:~$ [m[8D[J[00:02:56.536,000] [0m<inf> imu: LSM6DS3TR-C  a   3.844   5.383   7.630  g   0.024  -0.063   0.014[0m
[1;32muart:~$ [m[8D[J[00:02:56.537,000] [0m<inf> imu: LSM6DSV16X   a   4.113   5.448   7.896  g  -0.012   0.002  -0.002[0m
[1;32muart:~$ [m[8D[J[1;32muart:~$ [m[8D[J[00:02:56.538,000] [0m<inf> imu: ICM-42688-P  a   4.104   5.309   7.272  g  -0.001  -0.005  -0.000[0m
[1;32muart:~$ [m[8D[J[00:02:56.639,000] [0m<inf> imu: LSM6DS3TR-C  a   3.837   5.373   7.626  g   0.027  -0.062   0.014[0m
[1;32muart:~$ [m[8D[J[1;32muart:~$ [m[8D[J[00:02:56.640,000] [0m<inf> imu: LSM6DSV16X   a   4.115   5.446   7.870  g  -0.011   0.002  -0.002[0m
[1;32muart:~$ [m[8D[J[00:02:56.640,000] [0m<inf> imu: ICM-42688-P  a   4.090   5.301   7.272  g  -0.001  -0.005  -0.001[0m
[1;32muart:~$ [m[8D[J[1;32muart:~$ [m[8D[J[00:02:56.741,000] [0m<inf> imu: LSM6DS3TR-C  a   3.846   5.371   7.596  g   0.024  -0.062   0.013[0m
[1;32muart:~$ [m[8D[J[00:02:56.742,000] [0m<inf> imu: LSM6DSV16X   a   4.130   5.441   7.880  g  -0.012   0.002  -0.002[0m
[1;32muart:~$ [m[8D[J[1;32muart:~$ [m[8D[J[00:02:56.742,000] [0m<inf> imu: ICM-42688-P  a   4.112   5.292   7.272  g  -0.000  -0.005   0.000[0m
[1;32muart:~$ [m[8D[J[00:02:56.843,000] [0m<inf> imu: LSM6DS3TR-C  a   3.848   5.410   7.577  g   0.023  -0.063   0.013[0m
[1;32muart:~$ [m[8D[J[00:02:56.844,000] [0m<inf> imu: LSM6DSV16X   a   4.118   5.436   7.879  g  -0.012   0.002  -0.002[0m
[1;32muart:~$ [m[8D[J[1;32muart:~$ [m[8D[J[00:02:56.845,000] [0m<inf> imu: ICM-42688-P  a   4.099   5.291   7.280  g   0.000  -0.005   0.000[0m
[1;32muart:~$ [m[8D[J[00:02:56.947,000] [0m<inf> imu: LSM6DS3TR-C  a   3.849   5.344   7.637  g   0.026  -0.062   0.014[0m
[1;32muart:~$ [m[8D[J[1;32muart:~$ [m[8D[J[00:02:56.947,000] [0m<inf> imu: LSM6DSV16X   a   4.125   5.444   7.870  g  -0.012   0.002  -0.003[0m
[1;32muart:~$ [m[8D[J[00:02:56.948,000] [0m<inf> imu: ICM-42688-P  a   4.104   5.295   7.268  g   0.001  -0.005   0.000[0m
[1;32muart:~$ [m[8D[J[1;32muart:~$ [m[8D[J[00:02:57.049,000] [0m<inf> imu: LSM6DS3TR-C  a   3.863   5.340   7.616  g   0.025  -0.062   0.013[0m
[1;32muart:~$ [m[8D[J[00:02:57.050,000] [0m<inf> imu: LSM6DSV16X   a   4.120   5.436   7.886  g  -0.012   0.003  -0.002[0m
[1;32muart:~$ [m[8D[J[00:02:57.051,000] [0m<inf> imu: ICM-42688-P  a   4.105   5.296   7.272  g  -0.001  -0.005   0.000[0m
[1;32muart:~$ [m[8D[J[1;32muart:~$ [m[8D[J[00:02:57.152,000] [0m<inf> imu: LSM6DS3TR-C  a   3.843   5.353   7.570  g   0.025  -0.063   0.013[0m
[1;32muart:~$ [m[8D[J[00:02:57.154,000] [0m<inf> imu: LSM6DSV16X   a   4.118   5.442   7.865  g  -0.012   0.002  -0.002[0m
[1;32muart:~$ [m[8D[J[1;32muart:~$ [m[8D[J[00:02:57.154,000] [0m<inf> imu: ICM-42688-P  a   4.095   5.298   7.258  g   0.000  -0.005   0.001[0m
[1;32muart:~$ [m[8D[J[00:02:57.255,000] [0m<inf> imu: LSM6DS3TR-C  a   3.820   5.364   7.616  g   0.024  -0.062   0.013[0m
[1;32muart:~$ [m[8D[J[1;32muart:~$ [m[8D[J[00:02:57.256,000] [0m<inf> imu: LSM6DSV16X   a   4.108   5.438   7.872  g  -0.012   0.002  -0.002[0m
[1;32muart:~$ [m[8D[J[00:02:57.256,000] [0m<inf> imu: ICM-42688-P  a   4.090   5.304   7.278  g  -0.001  -0.004   0.000[0m
[1;32muart:~$ [m[8D[J[1;32muart:~$ [m[8D[J[00:02:57.357,000] [0m<inf> imu: LSM6DS3TR-C  a   3.855   5.374   7.614  g   0.022  -0.063   0.014[0m
[1;32muart:~$ [m[8D[J[00:02:57.358,000] [0m<inf> imu: LSM6DSV16X   a   4.128   5.453   7.887  g  -0.012   0.002  -0.002[0m
[1;32muart:~$ [m[8D[J[1;32muart:~$ [m[8D[J[00:02:57.359,000] [0m<inf> imu: ICM-42688-P  a   4.108   5.309   7.258  g   0.000  -0.005  -0.001[0m
[1;32muart:~$ [m[8D[J[00:02:57.460,000] [0m<inf> imu: LSM6DS3TR-C  a   3.871   5.334   7.569  g   0.023  -0.064   0.014[0m
[1;32muart:~$ [m[8D[J[00:02:57.460,000] [0m<inf> imu: LSM6DSV16X   a   4.120   5.427   7.868  g  -0.011   0.001  -0.002[0m
[1;32muart:~$ [m[8D[J[1;32muart:~$ [m[8D[J[00:02:57.461,000] [0m<inf> imu: ICM-42688-P  a   4.093   5.279   7.246  g   0.000  -0.005   0.001[0m
[1;32muart:~$ [m[8D[J[00:02:57.562,000] [0m<inf> imu: LSM6DS3TR-C  a   3.884   5.384   7.612  g   0.025  -0.063   0.014[0m
[1;32muart:~$ [m[8D[J[1;32muart:~$ [m[8D[J[00:02:57.563,000] [0m<inf> imu: LSM6DSV16X   a   4.120   5.438   7.872  g  -0.010   0.002  -0.002[0m
[1;32muart:~$ [m[8D[J[00:02:57.564,000] [0m<inf> imu: ICM-42688-P  a   4.111   5.303   7.268  g   0.000  -0.006   0.000[0m
[1;32muart:~$ [m[8D[J[00:02:57.665,000] [0m<inf> imu: LSM6DS3TR-C  a   3.877   5.353   7.603  g   0.026  -0.063   0.015[0m
[1;32muart:~$ [m[8D[J[1;32muart:~$ [m[8D[J[00:02:57.666,000] [0m<inf> imu: LSM6DSV16X   a   4.116   5.444   7.875  g  -0.012   0.002  -0.002[0m
[1;32muart:~$ [m[8D[J[00:02:57.666,000] [0m<inf> imu: ICM-42688-P  a   4.104   5.297   7.275  g  -0.001  -0.006   0.001[0m
[1;32muart:~$ [m[8D[J[00:02:57.767,000] [0m<inf> imu: LSM6DS3TR-C  a   3.870   5.349   7.590  g   0.026  -0.060   0.014[0m
[1;32muart:~$ [m[8D[J[00:02:57.768,000] [0m<inf> imu: LSM6DSV16X   a   4.109   5.453   7.884  g  -0.011   0.003  -0.003[0m
[1;32muart:~$ [m[8D[J[1;32muart:~$ [m[8D[J[00:02:57.769,000] [0m<inf> imu: ICM-42688-P  a   4.104   5.297   7.269  g  -0.001  -0.005   0.000[0m
[1;32muart:~$ [m[8D[J[1;32muart:~$ [m[8D[J[00:02:57.870,000] [0m<inf> imu: LSM6DS3TR-C  a   3.872   5.371   7.602  g   0.024  -0.061   0.014[0m
[1;32muart:~$ [m[8D[J[00:02:57.870,000] [0m<inf> imu: LSM6DSV16X   a   4.133   5.443   7.877  g  -0.012   0.002  -0.002[0m
[1;32muart:~$ [m[8D[J[1;32muart:~$ [m[8D[J[00:02:57.871,000] [0m<inf> imu: ICM-42688-P  a   4.105   5.303   7.269  g  -0.001  -0.004   0.000[0m
[1;32muart:~$ [m[8D[J[00:02:57.972,000] [0m<inf> imu: LSM6DS3TR-C  a   3.863   5.334   7.631  g   0.025  -0.063   0.013[0m
[1;32muart:~$ [m[8D[J[1;32muart:~$ [m[8D[J[00:02:57.973,000] [0m<inf> imu: LSM6DSV16X   a   4.121   5.439   7.874  g  -0.012   0.002  -0.002[0m
[1;32muart:~$ [m[8D[J[00:02:57.973,000] [0m<inf> imu: ICM-42688-P  a   4.100   5.300   7.263  g  -0.001  -0.005   0.000[0m
[1;32muart:~$ [m[8D[J[1;32muart:~$ [m[8D[J[00:02:58.074,000] [0m<inf> imu: LSM6DS3TR-C  a   3.844   5.395   7.624  g   0.024  -0.062   0.013[0m
[1;32muart:~$ [m[8D[J[00:02:58.075,000] [0m<inf> imu: LSM6DSV16X   a   4.117   5.446   7.881  g  -0.011   0.002  -0.002[0m
[1;32muart:~$ [m[8D[J[1;32muart:~$ [m[8D[J[00:02:58.075,000] [0m<inf> imu: ICM-42688-P  a   4.098   5.313   7.275  g   0.000  -0.005  -0.001[0m
[1;32muart:~$ [m[8D[J[00:02:58.177,000] [0m<inf> imu: LSM6DS3TR-C  a   3.811   5.374   7.574  g   0.024  -0.062   0.014[0m
[1;32muart:~$ [m[8D[J[00:02:58.177,000] [0m<inf> imu: LSM6DSV16X   a   4.121   5.437   7.884  g  -0.012   0.002  -0.002[0m
[1;32muart:~$ [m[8D[J[1;32muart:~$ [m[8D[J[00:02:58.178,000] [0m<inf> imu: ICM-42688-P  a   4.094   5.292   7.268  g   0.000  -0.005   0.001[0m
[1;32muart:~$ [m[8D[J[00:02:58.279,000] [0m<inf> imu: LSM6DS3TR-C  a   3.861   5.356   7.585  g   0.024  -0.063   0.012[0m
[1;32muart:~$ [m[8D[J[1;32muart:~$ [m[8D[J[00:02:58.280,000] [0m<inf> imu: LSM6DSV16X   a   4.123   5.444   7.878  g  -0.011   0.003  -0.002[0m
[1;32muart:~$ [m[8D[J[00:02:58.281,000] [0m<inf> imu: ICM-42688-P  a   4.108   5.291   7.258  g  -0.001  -0.005  -0.000[0m
[1;32muart:~$ [m[8D[J[00:02:58.382,000] [0m<inf> imu: LSM6DS3TR-C  a   3.891   5.369   7.599  g   0.025  -0.064   0.013[0m
[1;32muart:~$ [m[8D[J[1;32muart:~$ [m[8D[J[00:02:58.382,000] [0m<inf> imu: LSM6DSV16X   a   4.120   5.438   7.872  g  -0.012   0.002  -0.002[0m
[1;32muart:~$ [m[8D[J[00:02:58.383,000] [0m<inf> imu: ICM-42688-P  a   4.102   5.304   7.268  g  -0.001  -0.005   0.001[0m
[1;32muart:~$ [m[8D[J[00:02:58.484,000] [0m<inf> imu: LSM6DS3TR-C  a   3.861   5.367   7.622  g   0.025  -0.061   0.016[0m
[1;32muart:~$ [m[8D[J[00:02:58.485,000] [0m<inf> imu: LSM6DSV16X   a   4.125   5.448   7.877  g  -0.011   0.002  -0.002[0m
[1;32muart:~$ [m[8D[J[1;32muart:~$ [m[8D[J[00:02:58.485,000] [0m<inf> imu: ICM-42688-P  a   4.112   5.310   7.245  g  -0.001  -0.004  -0.001[0m
[1;32muart:~$ [m[8D[J[1;32muart:~$ [m[8D[J[00:02:58.586,000] [0m<inf> imu: LSM6DS3TR-C  a   3.861   5.333   7.617  g   0.024  -0.062   0.016[0m
[1;32muart:~$ [m[8D[J[00:02:58.587,000] [0m<inf> imu: LSM6DSV16X   a   4.122   5.439   7.874  g  -0.012   0.002  -0.002[0m
[1;32muart:~$ [m[8D[J[1;32muart:~$ [m[8D[J[00:02:58.587,000] [0m<inf> imu: ICM-42688-P  a   4.099   5.292   7.272  g   0.000  -0.005   0.001[0m
[1;32muart:~$ [m[8D[J[00:02:58.688,000] [0m<inf> imu: LSM6DS3TR-C  a   3.842   5.361   7.634  g   0.024  -0.061   0.017[0m
[1;32muart:~$ [m[8D[J[1;32muart:~$ [m[8D[J[00:02:58.689,000] [0m<inf> imu: LSM6DSV16X   a   4.103   5.437   7.862  g  -0.011   0.002  -0.002[0m
[1;32muart:~$ [m[8D[J[00:02:58.690,000] [0m<inf> imu: ICM-42688-P  a   4.087   5.298   7.268  g   0.000  -0.005   0.000[0m
[1;32muart:~$ [m[8D[J[1;32muart:~$ [m[8D[J[00:02:58.791,000] [0m<inf> imu: LSM6DS3TR-C  a   3.865   5.385   7.572  g   0.024  -0.063   0.013[0m
[1;32muart:~$ [m[8D[J[00:02:58.791,000] [0m<inf> imu: LSM6DSV16X   a   4.127   5.447   7.880  g  -0.011   0.003  -0.002[0m
[1;32muart:~$ [m[8D[J[1;32muart:~$ [m[8D[J[00:02:58.792,000] [0m<inf> imu: ICM-42688-P  a   4.112   5.290   7.266  g  -0.001  -0.005  -0.001[0m
[1;32muart:~$ [m[8D[J[00:02:58.893,000] [0m<inf> imu: LSM6DS3TR-C  a   3.823   5.351   7.580  g   0.024  -0.063   0.013[0m
[1;32muart:~$ [m[8D[J[00:02:58.894,000] [0m<inf> imu: LSM6DSV16X   a   4.118   5.453   7.887  g  -0.012   0.002  -0.002[0m
[1;32muart:~$ [m[8D[J[1;32muart:~$ [m[8D[J[00:02:58.894,000] [0m<inf> imu: ICM-42688-P  a   4.094   5.289   7.268  g  -0.001  -0.006   0.000[0m
[1;32muart:~$ [m[8D[J[00:02:58.996,000] [0m<inf> imu: LSM6DS3TR-C  a   3.865   5.404   7.593  g   0.026  -0.062   0.014[0m
[1;32muart:~$ [m[8D[J[1;32muart:~$ [m[8D[J[00:02:58.997,000] [0m<inf> imu: LSM6DSV16X   a   4.133   5.454   7.877  g  -0.012   0.002  -0.003[0m
[1;32muart:~$ [m[8D[J[00:02:58.998,000] [0m<inf> imu: ICM-42688-P  a   4.117   5.314   7.254  g   0.001  -0.005  -0.001[0m
[1;32muart:~$ [m[8D[J[1;32muart:~$ [m[8D[J[00:02:59.099,000] [0m<inf> imu: LSM6DS3TR-C  a   3.841   5.354   7.625  g   0.024  -0.062   0.015[0m
[1;32muart:~$ [m[8D[J[00:02:59.099,000] [0m<inf> imu: LSM6DSV16X   a   4.125   5.434   7.887  g  -0.012   0.002  -0.002[0m
[1;32muart:~$ [m[8D[J[00:02:59.100,000] [0m<inf> imu: ICM-42688-P  a   4.096   5.288   7.247  g   0.000  -0.005   0.001[0m
[1;32muart:~$ [m[8D[J[1;32muart:~$ [m[8D[J[00:02:59.202,000] [0m<inf> imu: LSM6DS3TR-C  a   3.850   5.378   7.590  g   0.024  -0.063   0.012[0m
[1;32muart:~$ [m[8D[J[00:02:59.203,000] [0m<inf> imu: LSM6DSV16X   a   4.132   5.451   7.872  g  -0.011   0.003  -0.002[0m
[1;32muart:~$ [m[8D[J[1;32muart:~$ [m[8D[J[00:02:59.204,000] [0m<inf> imu: ICM-42688-P  a   4.114   5.316   7.270  g   0.000  -0.005   0.001[0m
[1;32muart:~$ [m[8D[J[00:02:59.305,000] [0m<inf> imu: LSM6DS3TR-C  a   3.875   5.373   7.618  g   0.024  -0.063   0.013[0m
[1;32muart:~$ [m[8D[J[1;32muart:~$ [m[8D[J[00:02:59.306,000] [0m<inf> imu: LSM6DSV16X   a   4.122   5.449   7.869  g  -0.012   0.002  -0.002[0m
[1;32muart:~$ [m[8D[J[00:02:59.306,000] [0m<inf> imu: ICM-42688-P  a   4.104   5.313   7.289  g   0.000  -0.005  -0.001[0m
[1;32muart:~$ [m[8D[J[1;32muart:~$ [m[8D[J[00:02:59.407,000] [0m<inf> imu: LSM6DS3TR-C  a   3.842   5.342   7.610  g   0.025  -0.065   0.013[0m
[1;32muart:~$ [m[8D[J[00:02:59.408,000] [0m<inf> imu: LSM6DSV16X   a   4.118   5.444   7.872  g  -0.011   0.002  -0.002[0m
[1;32muart:~$ [m[8D[J[1;32muart:~$ [m[8D[J[00:02:59.408,000] [0m<inf> imu: ICM-42688-P  a   4.101   5.286   7.259  g   0.000  -0.005   0.001[0m
[1;32muart:~$ [m[8D[J[00:02:59.510,000] [0m<inf> imu: LSM6DS3TR-C  a   3.867   5.319   7.605  g   0.023  -0.062   0.014[0m
[1;32muart:~$ [m[8D[J[00:02:59.510,000] [0m<inf> imu: LSM6DSV16X   a   4.113   5.458   7.889  g  -0.012   0.001  -0.003[0m
[1;32muart:~$ [m[8D[J[1;32muart:~$ [m[8D[J[00:02:59.511,000] [0m<inf> imu: ICM-42688-P  a   4.095   5.312   7.276  g  -0.001  -0.005  -0.000[0m
[1;32muart:~$ [m[8D[J[00:02:59.612,000] [0m<inf> imu: LSM6DS3TR-C  a   3.863   5.365   7.609  g   0.024  -0.064   0.012[0m
[1;32muart:~$ [m[8D[J[1;32muart:~$ [m[8D[J[00:02:59.613,000] [0m<inf> imu: LSM6DSV16X   a   4.120   5.437   7.884  g  -0.012   0.002  -0.002[0m
[1;32muart:~$ [m[8D[J[00:02:59.614,000] [0m<inf> imu: ICM-42688-P  a   4.108   5.288   7.281  g   0.000  -0.005  -0.001[0m
[1;32muart:~$ [m[8D[J[00:02:59.715,000] [0m<inf> imu: LSM6DS3TR-C  a   3.851   5.372   7.590  g   0.024  -0.063   0.013[0m
[1;32muart:~$ [m[8D[J[1;32muart:~$ [m[8D[J[00:02:59.716,000] [0m<inf> imu: LSM6DSV16X   a   4.128   5.456   7.884  g  -0.011   0.002  -0.002[0m
[1;32muart:~$ [m[8D[J[00:02:59.716,000] [0m<inf> imu: ICM-42688-P  a   4.117   5.315   7.271  g  -0.001  -0.005   0.001[0m
[1;32muart:~$ [m[8D[J[00:02:59.817,000] [0m<inf> imu: LSM6DS3TR-C  a   3.867   5.371   7.577  g   0.023  -0.064   0.013[0m
[1;32muart:~$ [m[8D[J[00:02:59.818,000] [0m<inf> imu: LSM6DSV16X   a   4.111   5.444   7.891  g  -0.011   0.003  -0.002[0m
[1;32muart:~$ [m[8D[J[1;32muart:~$ [m[8D[J[00:02:59.818,000] [0m<inf> imu: ICM-42688-P  a   4.090   5.301   7.280  g   0.000  -0.005   0.000[0m
[1;32muart:~$ [m[8D[J[1;32muart:~$ [m[8D[J[00:02:59.920,000] [0m<inf> imu: LSM6DS3TR-C  a   3.861   5.371   7.610  g   0.025  -0.062   0.013[0m
[1;32muart:~$ [m[8D[J[00:02:59.920,000] [0m<inf> imu: LSM6DSV16X   a   4.133   5.451   7.879  g  -0.011   0.002  -0.002[0m
[1;32muart:~$ [m[8D[J[1;32muart:~$ [m[8D[J[00:02:59.921,000] [0m<inf> imu: ICM-42688-P  a   4.118   5.304   7.281  g   0.000  -0.005   0.000[0m
[1;32muart:~$ [m[8D[J[00:03:00.022,000] [0m<inf> imu: LSM6DS3TR-C  a   3.849   5.343   7.601  g   0.025  -0.061   0.013[0m
[1;32muart:~$ [m[8D[J[00:03:00.023,000] [0m<inf> imu: LSM6DSV16X   a   4.125   5.429   7.872  g  -0.012   0.002  -0.002[0m
[1;32muart:~$ [m[8D[J[1;32muart:~$ [m[8D[J[00:03:00.023,000] [0m<inf> imu: ICM-42688-P  a   4.095   5.291   7.259  g  -0.001  -0.005   0.001[0m
[1;32muart:~$ [m[8D[J[00:03:00.124,000] [0m<inf> imu: LSM6DS3TR-C  a   3.838   5.384   7.616  g   0.025  -0.062   0.014[0m
[1;32muart:~$ [m[8D[J[00:03:00.125,000] [0m<inf> imu: LSM6DSV16X   a   4.118   5.455   7.880  g  -0.012   0.002  -0.002[0m
[1;32muart:~$ [m[8D[J[1;32muart:~$ [m[8D[J[00:03:00.125,000] [0m<inf> imu: ICM-42688-P  a   4.112   5.303   7.263  g  -0.001  -0.005   0.001[0m
[1;32muart:~$ [m[8D[J[00:03:00.227,000] [0m<inf> imu: LSM6DS3TR-C  a   3.875   5.375   7.619  g   0.024  -0.062   0.013[0m
[1;32muart:~$ [m[8D[J[1;32muart:~$ [m[8D[J[00:03:00.227,000] [0m<inf> imu: LSM6DSV16X   a   4.115   5.436   7.874  g  -0.011   0.002  -0.002[0m
[1;32muart:~$ [m[8D[J[00:03:00.228,000] [0m<inf> imu: ICM-42688-P  a   4.100   5.292   7.274  g   0.001  -0.004   0.001[0m
[1;32muart:~$ [m[8D[J[00:03:00.329,000] [0m<inf> imu: LSM6DS3TR-C  a   3.843   5.355   7.603  g   0.023  -0.064   0.013[0m
[1;32muart:~$ [m[8D[J[00:03:00.330,000] [0m<inf> imu: LSM6DSV16X   a   4.117   5.444   7.875  g  -0.012   0.002  -0.002[0m
[1;32muart:~$ [m[8D[J[1;32muart:~$ [m[8D[J[00:03:00.330,000] [0m<inf> imu: ICM-42688-P  a   4.088   5.309   7.263  g  -0.001  -0.005   0.001[0m
[1;32muart:~$ [m[8D[J[00:03:00.431,000] [0m<inf> imu: LSM6DS3TR-C  a   3.871   5.377   7.573  g   0.025  -0.062   0.013[0m
[1;32muart:~$ [m[8D[J[00:03:00.432,000] [0m<inf> imu: LSM6DSV16X   a   4.125   5.453   7.877  g  -0.012   0.001  -0.002[0m
[1;32muart:~$ [m[8D[J[1;32muart:~$ [m[8D[J[00:03:00.432,000] [0m<inf> imu: ICM-42688-P  a   4.087   5.309   7.259  g   0.000  -0.005  -0.001[0m
[1;32muart:~$ [m[8D[J[00:03:00.533,000] [0m<inf> imu: LSM6DS3TR-C  a   3.860   5.311   7.590  g   0.024  -0.062   0.014[0m
[1;32muart:~$ [m[8D[J[1;32muart:~$ [m[8D[J[00:03:00.534,000] [0m<inf> imu: LSM6DSV16X   a   4.135   5.432   7.867  g  -0.011   0.002  -0.002[0m
[1;32muart:~$ [m[8D[J[00:03:00.535,000] [0m<inf> imu: ICM-42688-P  a   4.100   5.307   7.281  g  -0.001  -0.005  -0.000[0m
[1;32muart:~$ [m[8D[J[1;32muart:~$ [m[8D[J[00:03:00.636,000] [0m<inf> imu: LSM6DS3TR-C  a   3.849   5.371   7.601  g   0.025  -0.064   0.011[0m
[1;32muart:~$ [m[8D[J[00:03:00.636,000] [0m<inf> imu: LSM6DSV16X   a   4.116   5.443   7.877  g  -0.012   0.001  -0.002[0m
[1;32muart:~$ [m[8D[J[1;32muart:~$ [m[8D[J[00:03:00.637,000] [0m<inf> imu: ICM-42688-P  a   4.098   5.301   7.262  g   0.000  -0.005   0.000[0m
[1;32muart:~$ [m[8D[J[00:03:00.738,000] [0m<inf> imu: LSM6DS3TR-C  a   3.866   5.369   7.592  g   0.024  -0.063   0.011[0m
[1;32muart:~$ [m[8D[J[1;32muart:~$ [m[8D[J[00:03:00.739,000] [0m<inf> imu: LSM6DSV16X   a   4.117   5.441   7.875  g  -0.012   0.002  -0.003[0m
[1;32muart:~$ [m[8D[J[00:03:00.739,000] [0m<inf> imu: ICM-42688-P  a   4.118   5.292   7.254  g  -0.000  -0.005  -0.001[0m
[1;32muart:~$ [m[8D[J[1;32muart:~$ [m[8D[J[00:03:00.841,000] [0m<inf> imu: LSM6DS3TR-C  a   3.882   5.374   7.610  g   0.026  -0.062   0.016[0m
[1;32muart:~$ [m[8D[J[00:03:00.841,000] [0m<inf> imu: LSM6DSV16X   a   4.130   5.442   7.865  g  -0.011   0.002  -0.002[0m
[1;32muart:~$ [m[8D[J[1;32muart:~$ [m[8D[J[00:03:00.842,000] [0m<inf> imu: ICM-42688-P  a   4.100   5.308   7.258  g   0.000  -0.004   0.000[0m
[1;32muart:~$ [m[8D[J[00:03:00.943,000] [0m<inf> imu: LSM6DS3TR-C  a   3.830   5.386   7.604  g   0.025  -0.062   0.013[0m
[1;32muart:~$ [m[8D[J[00:03:00.944,000] [0m<inf> imu: LSM6DSV16X   a   4.118   5.444   7.884  g  -0.010   0.001  -0.002[0m
[1;32muart:~$ [m[8D[J[1;32muart:~$ [m[8D[J[00:03:00.944,000] [0m<inf> imu: ICM-42688-P  a   4.092   5.307   7.263  g  -0.001  -0.005   0.000[0m
[1;32muart:~$ [m[8D[J[00:03:01.045,000] [0m<inf> imu: LSM6DS3TR-C  a   3.878   5.350   7.621  g   0.022  -0.063   0.015[0m
[1;32muart:~$ [m[8D[J[00:03:01.047,000] [0m<inf> imu: LSM6DSV16X   a   4.123   5.439   7.873  g  -0.012   0.001  -0.002[0m
[1;32muart:~$ [m[8D[J[1;32muart:~$ [m[8D[J[00:03:01.048,000] [0m<inf> imu: ICM-42688-P  a   4.094   5.304   7.268  g   0.000  -0.005   0.001[0m
[1;32muart:~$ [m[8D[J[00:03:01.149,000] [0m<inf> imu: LSM6DS3TR-C  a   3.843   5.346   7.577  g   0.024  -0.062   0.013[0m
[1;32muart:~$ [m[8D[J[00:03:01.149,000] [0m<inf> imu: LSM6DSV16X   a   4.122   5.446   7.867  g  -0.010   0.002  -0.002[0m
[1;32muart:~$ [m[8D[J[00:03:01.150,000] [0m<inf> imu: ICM-42688-P  a   4.096   5.306   7.258  g   0.000  -0.005  -0.001[0m
[1;32muart:~$ [m[8D[J[1;32muart:~$ [m[8D[J[00:03:01.252,000] [0m<inf> imu: LSM6DS3TR-C  a   3.864   5.362   7.571  g   0.027  -0.064   0.014[0m
[1;32muart:~$ [m[8D[J[00:03:01.253,000] [0m<inf> imu: LSM6DSV16X   a   4.125   5.429   7.875  g  -0.011   0.002  -0.002[0m
[1;32muart:~$ [m[8D[J[1;32muart:~$ [m[8D[J[00:03:01.253,000] [0m<inf> imu: ICM-42688-P  a   4.101   5.292   7.263  g   0.000  -0.005  -0.000[0m
[1;32muart:~$ [m[8D[J[00:03:01.354,000] [0m<inf> imu: LSM6DS3TR-C  a   3.862   5.389   7.580  g   0.024  -0.064   0.013[0m
[1;32muart:~$ [m[8D[J[1;32muart:~$ [m[8D[J[00:03:01.355,000] [0m<inf> imu: LSM6DSV16X   a   4.131   5.446   7.869  g  -0.011   0.002  -0.002[0m
[1;32muart:~$ [m[8D[J[00:03:01.355,000] [0m<inf> imu: ICM-42688-P  a   4.105   5.298   7.259  g   0.000  -0.005   0.000[0m
[1;32muart:~$ [m[8D[J[1;32muart:~$ [m[8D[J[00:03:01.457,000] [0m<inf> imu: LSM6DS3TR-C  a   3.832   5.377   7.577  g   0.024  -0.062   0.014[0m
[1;32muart:~$ [m[8D[J[00:03:01.457,000] [0m<inf> imu: LSM6DSV16X   a   4.116   5.436   7.868  g  -0.012   0.001  -0.002[0m
[1;32muart:~$ [m[8D[J[1;32muart:~$ [m[8D[J[00:03:01.458,000] [0m<inf> imu: ICM-42688-P  a   4.110   5.291   7.272  g   0.000  -0.005   0.000[0m
[1;32muart:~$ [m[8D[J[00:03:01.559,000] [0m<inf> imu: LSM6DS3TR-C  a   3.855   5.396   7.570  g   0.025  -0.062   0.013[0m
[1;32muart:~$ [m[8D[J[00:03:01.560,000] [0m<inf> imu: LSM6DSV16X   a   4.128   5.450   7.877  g  -0.011   0.002  -0.002[0m
[1;32muart:~$ [m[8D[J[1;32muart:~$ [m[8D[J[00:03:01.560,000] [0m<inf> imu: ICM-42688-P  a   4.098   5.303   7.266  g   0.000  -0.004  -0.001[0m
[1;32muart:~$ [m[8D[J[00:03:01.662,000] [0m<inf> imu: LSM6DS3TR-C  a   3.851   5.368   7.589  g   0.024  -0.063   0.014[0m
[1;32muart:~$ [m[8D[J[1;32muart:~$ [m[8D[J[00:03:01.663,000] [0m<inf> imu: LSM6DSV16X   a   4.116   5.437   7.872  g  -0.012   0.002  -0.003[0m
[1;32muart:~$ [m[8D[J[00:03:01.664,000] [0m<inf> imu: ICM-42688-P  a   4.107   5.298   7.262  g  -0.001  -0.005   0.000[0m
[1;32muart:~$ [m[8D[J[00:03:01.765,000] [0m<inf> imu: LSM6DS3TR-C  a   3.881   5.408   7.542  g   0.022  -0.062   0.015[0m
[1;32muart:~$ [m[8D[J[1;32muart:~$ [m[8D[J[00:03:01.765,000] [0m<inf> imu: LSM6DSV16X   a   4.119   5.438   7.871  g  -0.011   0.002  -0.002[0m
[1;32muart:~$ [m[8D[J[00:03:01.766,000] [0m<inf> imu: ICM-42688-P  a   4.095   5.297   7.254  g   0.000  -0.004  -0.000[0m
[1;32muart:~$ [m[8D[J[00:03:01.867,000] [0m<inf> imu: LSM6DS3TR-C  a   3.857   5.393   7.578  g   0.025  -0.063   0.015[0m
[1;32muart:~$ [m[8D[J[00:03:01.868,000] [0m<inf> imu: LSM6DSV16X   a   4.123   5.448   7.875  g  -0.012   0.002  -0.002[0m
[1;32muart:~$ [m[8D[J[1;32muart:~$ [m[8D[J[00:03:01.868,000] [0m<inf> imu: ICM-42688-P  a   4.107   5.309   7.272  g  -0.000  -0.005   0.000[0m
[1;32muart:~$ [m[8D[J[1;32muart:~$ [m[8D[J[00:03:01.969,000] [0m<inf> imu: LSM6DS3TR-C  a   3.857   5.337   7.570  g   0.024  -0.062   0.012[0m
[1;32muart:~$ [m[8D[J[00:03:01.970,000] [0m<inf> imu: LSM6DSV16X   a   4.120   5.434   7.871  g  -0.012   0.002  -0.002[0m
[1;32muart:~$ [m[8D[J[1;32muart:~$ [m[8D[J[00:03:01.970,000] [0m<inf> imu: ICM-42688-P  a   4.100   5.288   7.259  g   0.000  -0.005  -0.001[0m
[1;32muart:~$ [m[8D[J[00:03:02.072,000] [0m<inf> imu: LSM6DS3TR-C  a   3.847   5.378   7.544  g   0.025  -0.063   0.014[0m
[1;32muart:~$ [m[8D[J[1;32muart:~$ [m[8D[J[00:03:02.072,000] [0m<inf> imu: LSM6DSV16X   a   4.131   5.453   7.874  g  -0.012   0.002  -0.002[0m
[1;32muart:~$ [m[8D[J[00:03:02.073,000] [0m<inf> imu: ICM-42688-P  a   4.104   5.319   7.281  g   0.000  -0.005   0.000[0m
[1;32muart:~$ [m[8D[J[1;32muart:~$ [m[8D[J[00:03:02.174,000] [0m<inf> imu: LSM6DS3TR-C  a   3.840   5.373   7.561  g   0.026  -0.062   0.015[0m
[1;32muart:~$ [m[8D[J[00:03:02.175,000] [0m<inf> imu: LSM6DSV16X   a   4.125   5.435   7.860  g  -0.012   0.002  -0.002[0m
[1;32muart:~$ [m[8D[J[00:03:02.175,000] [0m<inf> imu: ICM-42688-P  a   4.087   5.297   7.257  g   0.000  -0.005   0.000[0m
[1;32muart:~$ [m[8D[J[1;32muart:~$ [m[8D[J[00:03:02.276,000] [0m<inf> imu: LSM6DS3TR-C  a   3.847   5.341   7.581  g   0.023  -0.062   0.016[0m
[1;32muart:~$ [m[8D[J[00:03:02.277,000] [0m<inf> imu: LSM6DSV16X   a   4.116   5.447   7.870  g  -0.012   0.002  -0.002[0m
[1;32muart:~$ [m[8D[J[1;32muart:~$ [m[8D[J[00:03:02.277,000] [0m<inf> imu: ICM-42688-P  a   4.089   5.304   7.263  g  -0.000  -0.005  -0.001[0m
[1;32muart:~$ [m[8D[J[00:03:02.379,000] [0m<inf> imu: LSM6DS3TR-C  a   3.846   5.348   7.595  g   0.022  -0.064   0.012[0m
[1;32muart:~$ [m[8D[J[00:03:02.380,000] [0m<inf> imu: LSM6DSV16X   a   4.117   5.437   7.868  g  -0.011   0.001  -0.002[0m
[1;32muart:~$ [m[8D[J[1;32muart:~$ [m[8D[J[00:03:02.381,000] [0m<inf> imu: ICM-42688-P  a   4.100   5.297   7.263  g   0.000  -0.005   0.000[0m
[1;32muart:~$ [m[8D[J[00:03:02.482,000] [0m<inf> imu: LSM6DS3TR-C  a   3.896   5.372   7.619  g   0.026  -0.062   0.015[0m
[1;32muart:~$ [m[8D[J[1;32muart:~$ [m[8D[J[00:03:02.482,000] [0m<inf> imu: LSM6DSV16X   a   4.125   5.446   7.873  g  -0.011   0.002  -0.002[0m
[1;32muart:~$ [m[8D[J[00:03:02.483,000] [0m<inf> imu: ICM-42688-P  a   4.108   5.294   7.259  g   0.001  -0.005   0.000[0m
[1;32muart:~$ [m[8D[J[1;32muart:~$ [m[8D[J[00:03:02.584,000] [0m<inf> imu: LSM6DS3TR-C  a   3.840   5.323   7.584  g   0.024  -0.063   0.014[0m
[1;32muart:~$ [m[8D[J[00:03:02.586,000] [0m<inf> imu: LSM6DSV16X   a   4.130   5.442   7.875  g  -0.011   0.002  -0.002[0m
[1;32muart:~$ [m[8D[J[1;32muart:~$ [m[8D[J[00:03:02.586,000] [0m<inf> imu: ICM-42688-P  a   4.093   5.306   7.266  g   0.000  -0.005   0.001[0m
[1;32muart:~$ [m[8D[J[00:03:02.687,000] [0m<inf> imu: LSM6DS3TR-C  a   3.863   5.365   7.570  g   0.023  -0.063   0.013[0m
[1;32muart:~$ [m[8D[J[1;32muart:~$ [m[8D[J[00:03:02.688,000] [0m<inf> imu: LSM6DSV16X   a   4.119   5.434   7.868  g  -0.011   0.002  -0.002[0m
[1;32muart:~$ [m[8D[J[00:03:02.689,000] [0m<inf> imu: ICM-42688-P  a   4.099   5.298   7.272  g   0.000  -0.005   0.001[0m
[1;32muart:~$ [m[8D[J[1;32muart:~$ [m[8D[J[00:03:02.790,000] [0m<inf> imu: LSM6DS3TR-C  a   3.848   5.367   7.607  g   0.024  -0.064   0.015[0m
[1;32muart:~$ [m[8D[J[00:03:02.791,000] [0m<inf> imu: LSM6DSV16X   a   4.132   5.448   7.882  g  -0.011   0.002  -0.002[0m
[1;32muart:~$ [m[8D[J[1;32muart:~$ [m[8D[J[00:03:02.791,000] [0m<inf> imu: ICM-42688-P  a   4.105   5.316   7.263  g   0.000  -0.005  -0.000[0m
[1;32muart:~$ [m[8D[J[00:03:02.892,000] [0m<inf> imu: LSM6DS3TR-C  a   3.863   5.365   7.616  g   0.024  -0.062   0.014[0m
[1;32muart:~$ [m[8D[J[00:03:02.893,000] [0m<inf> imu: LSM6DSV16X   a   4.127   5.436   7.868  g  -0.011   0.002  -0.002[0m
[1;32muart:~$ [m[8D[J[1;32muart:~$ [m[8D[J[00:03:02.893,000] [0m<inf> imu: ICM-42688-P  a   4.100   5.304   7.254  g   0.000  -0.005   0.000[0m
[1;32muart:~$ [m[8D[J[00:03:02.995,000] [0m<inf> imu: LSM6DS3TR-C  a   3.851   5.374   7.614  g   0.024  -0.063   0.013[0m
[1;32muart:~$ [m[8D[J[1;32muart:~$ [m[8D[J[00:03:02.996,000] [0m<inf> imu: LSM6DSV16X   a   4.116   5.447   7.868  g  -0.012   0.002  -0.002[0m
[1;32muart:~$ [m[8D[J[00:03:02.997,000] [0m<inf> imu: ICM-42688-P  a   4.104   5.307   7.269  g  -0.001  -0.005  -0.001[0m
[1;32muart:~$ [m[8D[J[00:03:03.098,000] [0m<inf> imu: LSM6DS3TR-C  a   3.832   5.355   7.602  g   0.024  -0.062   0.014[0m
[1;32muart:~$ [m[8D[J[1;32muart:~$ [m[8D[J[00:03:03.098,000] [0m<inf> imu: LSM6DSV16X   a   4.123   5.446   7.887  g  -0.012   0.003  -0.002[0m
[1;32muart:~$ [m[8D[J[00:03:03.099,000] [0m<inf> imu: ICM-42688-P  a   4.101   5.308   7.276  g  -0.000  -0.006  -0.001[0m
[1;32muart:~$ [m[8D[J[00:03:03.200,000] [0m<inf> imu: LSM6DS3TR-C  a   3.888   5.356   7.615  g   0.024  -0.061   0.015[0m
[1;32muart:~$ [m[8D[J[00:03:03.200,000] [0m<inf> imu: LSM6DSV16X   a   4.127   5.442   7.880  g  -0.011   0.002  -0.002[0m
[1;32muart:~$ [m[8D[J[00:03:03.201,000] [0m<inf> imu: ICM-42688-P  a   4.095   5.290   7.257  g   0.001  -0.005   0.001[0m
[1;32muart:~$ [m[8D[J[1;32muart:~$ [m[8D[J[00:03:03.302,000] [0m<inf> imu: LSM6DS3TR-C  a   3.850   5.374   7.548  g   0.024  -0.063   0.016[0m
[1;32muart:~$ [m[8D[J[00:03:03.303,000] [0m<inf> imu: LSM6DSV16X   a   4.116   5.444   7.872  g  -0.011   0.002  -0.002[0m
[1;32muart:~$ [m[8D[J[1;32muart:~$ [m[8D[J[00:03:03.303,000] [0m<inf> imu: ICM-42688-P  a   4.088   5.298   7.262  g  -0.000  -0.005   0.001[0m
[1;32muart:~$ [m[8D[J[00:03:03.405,000] [0m<inf> imu: LSM6DS3TR-C  a   3.821   5.341   7.597  g   0.024  -0.064   0.012[0m
[1;32muart:~$ [m[8D[J[1;32muart:~$ [m[8D[J[00:03:03.406,000] [0m<inf> imu: LSM6DSV16X   a   4.121   5.439   7.875  g  -0.012   0.002  -0.002[0m
[1;32muart:~$ [m[8D[J[00:03:03.406,000] [0m<inf> imu: ICM-42688-P  a   4.099   5.300   7.264  g  -0.000  -0.005   0.001[0m
[1;32muart:~$ [m[8D[J[1;32muart:~$ [m[8D[J[00:03:03.507,000] [0m<inf> imu: LSM6DS3TR-C  a   3.827   5.389   7.624  g   0.025  -0.062   0.015[0m
[1;32muart:~$ [m[8D[J[00:03:03.508,000] [0m<inf> imu: LSM6DSV16X   a   4.125   5.441   7.873  g  -0.012   0.002  -0.002[0m
[1;32muart:~$ [m[8D[J[1;32muart:~$ [m[8D[J[00:03:03.508,000] [0m<inf> imu: ICM-42688-P  a   4.108   5.301   7.268  g   0.001  -0.005   0.000[0m
[1;32muart:~$ [m[8D[J[00:03:03.609,000] [0m<inf> imu: LSM6DS3TR-C  a   3.872   5.346   7.604  g   0.023  -0.062   0.014[0m
[1;32muart:~$ [m[8D[J[00:03:03.610,000] [0m<inf> imu: LSM6DSV16X   a   4.121   5.431   7.873  g  -0.011   0.002  -0.002[0m
[1;32muart:~$ [m[8D[J[1;32muart:~$ [m[8D[J[00:03:03.611,000] [0m<inf> imu: ICM-42688-P  a   4.093   5.306   7.269  g   0.000  -0.005   0.001[0m
[1;32muart:~$ [m[8D[J[00:03:03.712,000] [0m<inf> imu: LSM6DS3TR-C  a   3.852   5.369   7.591  g   0.024  -0.064   0.014[0m
[1;32muart:~$ [m[8D[J[1;32muart:~$ [m[8D[J[00:03:03.713,000] [0m<inf> imu: LSM6DSV16X   a   4.128   5.445   7.879  g  -0.011   0.002  -0.002[0m
[1;32muart:~$ [m[8D[J[00:03:03.714,000] [0m<inf> imu: ICM-42688-P  a   4.108   5.310   7.266  g   0.001  -0.005   0.001[0m
[1;32muart:~$ [m[8D[J[00:03:03.815,000] [0m<inf> imu: LSM6DS3TR-C  a   3.885   5.365   7.569  g   0.026  -0.063   0.014[0m
[1;32muart:~$ [m[8D[J[1;32muart:~$ [m[8D[J[00:03:03.816,000] [0m<inf> imu: LSM6DSV16X   a   4.122   5.449   7.877  g  -0.011   0.002  -0.002[0m
[1;32muart:~$ [m[8D[J[00:03:03.816,000] [0m<inf> imu: ICM-42688-P  a   4.100   5.297   7.276  g  -0.001  -0.005  -0.000[0m
[1;32muart:~$ [m[8D[J[00:03:03.917,000] [0m<inf> imu: LSM6DS3TR-C  a   3.824   5.365   7.616  g   0.023  -0.062   0.015[0m
[1;32muart:~$ [m[8D[J[00:03:03.918,000] [0m<inf> imu: LSM6DSV16X   a   4.127   5.439   7.875  g  -0.013   0.001  -0.002[0m
[1;32muart:~$ [m[8D[J[1;32muart:~$ [m[8D[J[00:03:03.918,000] [0m<inf> imu: ICM-42688-P  a   4.113   5.296   7.265  g  -0.000  -0.005   0.000[0m
[1;32muart:~$ [m[8D[J[1;32muart:~$ [m[8D[J[00:03:04.020,000] [0m<inf> imu: LSM6DS3TR-C  a   3.793   5.390   7.588  g   0.024  -0.062   0.013[0m
[1;32muart:~$ [m[8D[J[00:03:04.020,000] [0m<inf> imu: LSM6DSV16X   a   4.120   5.439   7.882  g  -0.011   0.002  -0.002[0m
[1;32muart:~$ [m[8D[J[1;32muart:~$ [m[8D[J[00:03:04.021,000] [0m<inf> imu: ICM-42688-P  a   4.100   5.303   7.268  g  -0.001  -0.004  -0.000[0m
[1;32muart:~$ [m[8D[J[00:03:04.122,000] [0m<inf> imu: LSM6DS3TR-C  a   3.839   5.334   7.598  g   0.023  -0.064   0.014[0m
[1;32muart:~$ [m[8D[J[1;32muart:~$ [m[8D[J[00:03:04.123,000] [0m<inf> imu: LSM6DSV16X   a   4.116   5.432   7.874  g  -0.013   0.002  -0.003[0m
[1;32muart:~$ [m[8D[J[00:03:04.123,000] [0m<inf> imu: ICM-42688-P  a   4.095   5.289   7.268  g   0.000  -0.005   0.001[0m
[1;32muart:~$ [m[8D[J[1;32muart:~$ [m[8D[J[00:03:04.224,000] [0m<inf> imu: LSM6DS3TR-C  a   3.861   5.355   7.616  g   0.023  -0.061   0.015[0m
[1;32muart:~$ [m[8D[J[00:03:04.225,000] [0m<inf> imu: LSM6DSV16X   a   4.126   5.444   7.871  g  -0.011   0.001  -0.002[0m
[1;32muart:~$ [m[8D[J[1;32muart:~$ [m[8D[J[00:03:04.225,000] [0m<inf> imu: ICM-42688-P  a   4.110   5.296   7.260  g  -0.000  -0.005   0.000[0m
[1;32muart:~$ [m[8D[J[00:03:04.326,000] [0m<inf> imu: LSM6DS3TR-C  a   3.827   5.365   7.612  g   0.025  -0.063   0.010[0m
[1;32muart:~$ [m[8D[J[00:03:04.327,000] [0m<inf> imu: LSM6DSV16X   a   4.126   5.451   7.880  g  -0.012   0.002  -0.002[0m
[1;32muart:~$ [m[8D[J[1;32muart:~$ [m[8D[J[00:03:04.328,000] [0m<inf> imu: ICM-42688-P  a   4.112   5.301   7.271  g  -0.001  -0.005   0.000[0m
[1;32muart:~$ [m[8D[J[00:03:04.429,000] [0m<inf> imu: LSM6DS3TR-C  a   3.842   5.399   7.601  g   0.023  -0.062   0.014[0m
[1;32muart:~$ [m[8D[J[1;32muart:~$ [m[8D[J[00:03:04.430,000] [0m<inf> imu: LSM6DSV16X   a   4.116   5.432   7.865  g  -0.010   0.002  -0.002[0m
[1;32muart:~$ [m[8D[J[00:03:04.431,000] [0m<inf> imu: ICM-42688-P  a   4.096   5.296   7.263  g   0.000  -0.005   0.000[0m
[1;32muart:~$ [m[8D[J[1;32muart:~$ [m[8D[J[00:03:04.532,000] [0m<inf> imu: LSM6DS3TR-C  a   3.830   5.365   7.608  g   0.026  -0.062   0.014[0m
[1;32muart:~$ [m[8D[J[00:03:04.532,000] [0m<inf> imu: LSM6DSV16X   a   4.133   5.459   7.880  g  -0.011   0.002  -0.002[0m
[1;32muart:~$ [m[8D[J[00:03:04.533,000] [0m<inf> imu: ICM-42688-P  a   4.100   5.302   7.265  g  -0.000  -0.004   0.001[0m
[1;32muart:~$ [m[8D[J[1;32muart:~$ [m[8D[J[00:03:04.635,000] [0m<inf> imu: LSM6DS3TR-C  a   3.815   5.351   7.577  g   0.023  -0.063   0.013[0m
[1;32muart:~$ [m[8D[J[00:03:04.636,000] [0m<inf> imu: LSM6DSV16X   a   4.116   5.437   7.877  g  -0.011   0.002  -0.002[0m
[1;32muart:~$ [m[8D[J[1;32muart:~$ [m[8D[J[00:03:04.637,000] [0m<inf> imu: ICM-42688-P  a   4.090   5.296   7.256  g   0.000  -0.005   0.001[0m
[1;32muart:~$ [m[8D[J[00:03:04.738,000] [0m<inf> imu: LSM6DS3TR-C  a   3.851   5.370   7.615  g   0.026  -0.063   0.014[0m
[1;32muart:~$ [m[8D[J[1;32muart:~$ [m[8D[J[00:03:04.739,000] [0m<inf> imu: LSM6DSV16X   a   4.120   5.444   7.872  g  -0.010   0.003  -0.003[0m
[1;32muart:~$ [m[8D[J[00:03:04.739,000] [0m<inf> imu: ICM-42688-P  a   4.104   5.297   7.258  g   0.000  -0.005  -0.001[0m
[1;32muart:~$ [m[8D[J[1;32muart:~$ [m[8D[J[00:03:04.840,000] [0m<inf> imu: LSM6DS3TR-C  a   3.841   5.362   7.610  g   0.024  -0.064   0.014[0m
[1;32muart:~$ [m[8D[J[00:03:04.841,000] [0m<inf> imu: LSM6DSV16X   a   4.128   5.434   7.873  g  -0.011   0.002  -0.001[0m
[1;32muart:~$ [m[8D[J[1;32muart:~$ [m[8D[J[00:03:04.841,000] [0m<inf> imu: ICM-42688-P  a   4.108   5.306   7.275  g  -0.002  -0.005  -0.000[0m
[1;32muart:~$ [m[8D[J[00:03:04.942,000] [0m<inf> imu: LSM6DS3TR-C  a   3.882   5.348   7.588  g   0.023  -0.061   0.014[0m
[1;32muart:~$ [m[8D[J[00:03:04.943,000] [0m<inf> imu: LSM6DSV16X   a   4.114   5.444   7.877  g  -0.011   0.003  -0.002[0m
[1;32muart:~$ [m[8D[J[1;32muart:~$ [m[8D[J[00:03:04.944,000] [0m<inf> imu: ICM-42688-P  a   4.098   5.307   7.265  g  -0.000  -0.005   0.000[0m
[1;32muart:~$ [m[8D[J[00:03:05.045,000] [0m<inf> imu: LSM6DS3TR-C  a   3.881   5.355   7.593  g   0.024  -0.062   0.011[0m
[1;32muart:~$ [m[8D[J[1;32muart:~$ [m[8D[J[00:03:05.046,000] [0m<inf> imu: LSM6DSV16X   a   4.125   5.444   7.877  g  -0.011   0.002  -0.002[0m
[1;32muart:~$ [m[8D[J[00:03:05.047,000] [0m<inf> imu: ICM-42688-P  a   4.104   5.310   7.263  g   0.000  -0.005   0.000[0m
[1;32muart:~$ [m[8D[J[00:03:05.148,000] [0m<inf> imu: LSM6DS3TR-C  a   3.849   5.390   7.574  g   0.022  -0.062   0.015[0m
[1;32muart:~$ [m[8D[J[1;32muart:~$ [m[8D[J[00:03:05.149,000] [0m<inf> imu: LSM6DSV16X   a   4.121   5.430   7.868  g  -0.011   0.001  -0.002[0m
[1;32muart:~$ [m[8D[J[00:03:05.149,000] [0m<inf> imu: ICM-42688-P  a   4.099   5.291   7.269  g   0.000  -0.005  -0.001[0m
[1;32muart:~$ [m[8D[J[00:03:05.250,000] [0m<inf> imu: LSM6DS3TR-C  a   3.851   5.389   7.573  g   0.026  -0.063   0.013[0m
[1;32muart:~$ [m[8D[J[00:03:05.251,000] [0m<inf> imu: LSM6DSV16X   a   4.125   5.444   7.870  g  -0.011   0.002  -0.002[0m
[1;32muart:~$ [m[8D[J[1;32muart:~$ [m[8D[J[00:03:05.251,000] [0m<inf> imu: ICM-42688-P  a   4.117   5.314   7.265  g   0.000  -0.005  -0.000[0m
[1;32muart:~$ [m[8D[J[1;32muart:~$ [m[8D[J[00:03:05.353,000] [0m<inf> imu: LSM6DS3TR-C  a   3.875   5.375   7.587  g   0.026  -0.062   0.014[0m
[1;32muart:~$ [m[8D[J[00:03:05.353,000] [0m<inf> imu: LSM6DSV16X   a   4.122   5.436   7.853  g  -0.011   0.002  -0.002[0m
[1;32muart:~$ [m[8D[J[1;32muart:~$ [m[8D[J[00:03:05.354,000] [0m<inf> imu: ICM-42688-P  a   4.107   5.308   7.258  g  -0.000  -0.006   0.001[0m
[1;32muart:~$ [m[8D[J[00:03:05.455,000] [0m<inf> imu: LSM6DS3TR-C  a   3.825   5.407   7.601  g   0.024  -0.061   0.016[0m
[1;32muart:~$ [m[8D[J[1;32muart:~$ [m[8D[J[00:03:05.456,000] [0m<inf> imu: LSM6DSV16X   a   4.119   5.441   7.872  g  -0.011   0.002  -0.002[0m
[1;32muart:~$ [m[8D[J[00:03:05.456,000] [0m<inf> imu: ICM-42688-P  a   4.093   5.294   7.263  g  -0.000  -0.006   0.000[0m
[1;32muart:~$ [m[8D[J[1;32muart:~$ [m[8D[J[00:03:05.557,000] [0m<inf> imu: LSM6DS3TR-C  a   3.849   5.361   7.607  g   0.027  -0.062   0.014[0m
[1;32muart:~$ [m[8D[J[00:03:05.558,000] [0m<inf> imu: LSM6DSV16X   a   4.113   5.444   7.865  g  -0.012   0.002  -0.002[0m
[1;32muart:~$ [m[8D[J[1;32muart:~$ [m[8D[J[00:03:05.559,000] [0m<inf> imu: ICM-42688-P  a   4.088   5.301   7.259  g   0.000  -0.005   0.000[0m
[1;32muart:~$ [m[8D[J[00:03:05.660,000] [0m<inf> imu: LSM6DS3TR-C  a   3.837   5.340   7.586  g   0.023  -0.064   0.011[0m
[1;32muart:~$ [m[8D[J[00:03:05.660,000] [0m<inf> imu: LSM6DSV16X   a   4.126   5.434   7.865  g  -0.012   0.002  -0.002[0m
[1;32muart:~$ [m[8D[J[1;32muart:~$ [m[8D[J[00:03:05.661,000] [0m<inf> imu: ICM-42688-P  a   4.104   5.297   7.251  g  -0.001  -0.005   0.000[0m
[1;32muart:~$ [m[8D[J[00:03:05.762,000] [0m<inf> imu: LSM6DS3TR-C  a   3.907   5.364   7.569  g   0.023  -0.062   0.013[0m
[1;32muart:~$ [m[8D[J[1;32muart:~$ [m[8D[J[00:03:05.763,000] [0m<inf> imu: LSM6DSV16X   a   4.130   5.432   7.860  g  -0.012   0.002  -0.002[0m
[1;32muart:~$ [m[8D[J[00:03:05.764,000] [0m<inf> imu: ICM-42688-P  a   4.108   5.283   7.251  g  -0.001  -0.005   0.001[0m
[1;32muart:~$ [m[8D[J[00:03:05.865,000] [0m<inf> imu: LSM6DS3TR-C  a   3.843   5.352   7.594  g   0.022  -0.062   0.014[0m
[1;32muart:~$ [m[8D[J[1;32muart:~$ [m[8D[J[00:03:05.866,000] [0m<inf> imu: LSM6DSV16X   a   4.123   5.448   7.875  g  -0.011   0.002  -0.002[0m
[1;32muart:~$ [m[8D[J[00:03:05.866,000] [0m<inf> imu: ICM-42688-P  a   4.095   5.309   7.274  g   0.000  -0.005   0.000[0m
[1;32muart:~$ [m[8D[J[00:03:05.967,000] [0m<inf> imu: LSM6DS3TR-C  a   3.850   5.319   7.569  g   0.026  -0.062   0.015[0m
[1;32muart:~$ [m[8D[J[00:03:05.968,000] [0m<inf> imu: LSM6DSV16X   a   4.113   5.444   7.883  g  -0.012   0.002  -0.003[0m
[1;32muart:~$ [m[8D[J[1;32muart:~$ [m[8D[J[00:03:05.968,000] [0m<inf> imu: ICM-42688-P  a   4.095   5.301   7.263  g   0.000  -0.005  -0.001[0m
[1;32muart:~$ [m[8D[J[1;32muart:~$ [m[8D[J[00:03:06.070,000] [0m<inf> imu: LSM6DS3TR-C  a   3.857   5.352   7.603  g   0.025  -0.062   0.014[0m
[1;32muart:~$ [m[8D[J[00:03:06.070,000] [0m<inf> imu: LSM6DSV16X   a   4.130   5.441   7.875  g  -0.011   0.002  -0.002[0m
[1;32muart:~$ [m[8D[J[1;32muart:~$ [m[8D[J[00:03:06.071,000] [0m<inf> imu: ICM-42688-P  a   4.102   5.301   7.263  g   0.000  -0.005   0.000[0m
[1;32muart:~$ [m[8D[J[00:03:06.172,000] [0m<inf> imu: LSM6DS3TR-C  a   3.843   5.376   7.615  g   0.024  -0.063   0.014[0m
[1;32muart:~$ [m[8D[J[1;32muart:~$ [m[8D[J[00:03:06.173,000] [0m<inf> imu: LSM6DSV16X   a   4.126   5.441   7.867  g  -0.011   0.002  -0.002[0m
[1;32muart:~$ [m[8D[J[00:03:06.173,000] [0m<inf> imu: ICM-42688-P  a   4.098   5.283   7.260  g  -0.001  -0.005   0.001[0m
[1;32muart:~$ [m[8D[J[1;32muart:~$ [m[8D[J[00:03:06.274,000] [0m<inf> imu: LSM6DS3TR-C  a   3.861   5.371   7.605  g   0.024  -0.063   0.016[0m
[1;32muart:~$ [m[8D[J[00:03:06.275,000] [0m<inf> imu: LSM6DSV16X   a   4.118   5.441   7.875  g  -0.013   0.003  -0.002[0m
[1;32muart:~$ [m[8D[J[1;32muart:~$ [m[8D[J[00:03:06.275,000] [0m<inf> imu: ICM-42688-P  a   4.107   5.296   7.257  g   0.000  -0.005   0.000[0m
[1;32muart:~$ [m[8D[J[00:03:06.376,000] [0m<inf> imu: LSM6DS3TR-C  a   3.876   5.342   7.596  g   0.027  -0.061   0.015[0m
[1;32muart:~$ [m[8D[J[00:03:06.377,000] [0m<inf> imu: LSM6DSV16X   a   4.127   5.445   7.866  g  -0.012   0.002  -0.002[0m
[1;32muart:~$ [m[8D[J[1;32muart:~$ [m[8D[J[00:03:06.378,000] [0m<inf> imu: ICM-42688-P  a   4.110   5.302   7.268  g   0.000  -0.005   0.001[0m
[1;32muart:~$ [m[8D[J[00:03:06.479,000] [0m<inf> imu: LSM6DS3TR-C  a   3.854   5.393   7.571  g   0.026  -0.064   0.014[0m
[1;32muart:~$ [m[8D[J[1;32muart:~$ [m[8D[J[00:03:06.479,000] [0m<inf> imu: LSM6DSV16X   a   4.121   5.448   7.877  g  -0.012   0.002  -0.002[0m
[1;32muart:~$ [m[8D[J[00:03:06.480,000] [0m<inf> imu: ICM-42688-P  a   4.104   5.306   7.268  g  -0.001  -0.005   0.000[0m
[1;32muart:~$ [m[8D[J[00:03:06.582,000] [0m<inf> imu: LSM6DS3TR-C  a   3.854   5.370   7.555  g   0.026  -0.063   0.013[0m
[1;32muart:~$ [m[8D[J[1;32muart:~$ [m[8D[J[00:03:06.582,000] [0m<inf> imu: LSM6DSV16X   a   4.126   5.441   7.875  g  -0.011   0.002  -0.002[0m
[1;32muart:~$ [m[8D[J[00:03:06.583,000] [0m<inf> imu: ICM-42688-P  a   4.112   5.292   7.258  g  -0.001  -0.006   0.000[0m
[1;32muart:~$ [m[8D[J[00:03:06.684,000] [0m<inf> imu: LSM6DS3TR-C  a   3.867   5.337   7.603  g   0.024  -0.064   0.016[0m
[1;32muart:~$ [m[8D[J[00:03:06.685,000] [0m<inf> imu: LSM6DSV16X   a   4.128   5.442   7.877  g  -0.011   0.001  -0.002[0m
[1;32muart:~$ [m[8D[J[1;32muart:~$ [m[8D[J[00:03:06.685,000] [0m<inf> imu: ICM-42688-P  a   4.108   5.298   7.260  g  -0.001  -0.005   0.000[0m
[1;32muart:~$ [m[8D[J[1;32muart:~$ [m[8D[J[00:03:06.786,000] [0m<inf> imu: LSM6DS3TR-C  a   3.846   5.349   7.568  g   0.025  -0.063   0.014[0m
[1;32muart:~$ [m[8D[J[00:03:06.787,000] [0m<inf> imu: LSM6DSV16X   a   4.120   5.439   7.869  g  -0.011   0.002  -0.002[0m
[1;32muart:~$ [m[8D[J[1;32muart:~$ [m[8D[J[00:03:06.787,000] [0m<inf> imu: ICM-42688-P  a   4.096   5.298   7.251  g   0.000  -0.004   0.001[0m
[1;32muart:~$ [m[8D[J[00:03:06.888,000] [0m<inf> imu: LSM6DS3TR-C  a   3.856   5.335   7.581  g   0.024  -0.062   0.014[0m
[1;32muart:~$ [m[8D[J[1;32muart:~$ [m[8D[J[00:03:06.889,000] [0m<inf> imu: LSM6DSV16X   a   4.134   5.439   7.878  g  -0.011   0.002  -0.002[0m
[1;32muart:~$ [m[8D[J[00:03:06.890,000] [0m<inf> imu: ICM-42688-P  a   4.113   5.297   7.260  g   0.000  -0.005   0.000[0m
[1;32muart:~$ [m[8D[J[1;32muart:~$ [m[8D[J[00:03:06.991,000] [0m<inf> imu: LSM6DS3TR-C  a   3.843   5.346   7.597  g   0.025  -0.064   0.013[0m
[1;32muart:~$ [m[8D[J[00:03:06.991,000] [0m<inf> imu: LSM6DSV16X   a   4.113   5.444   7.884  g  -0.011   0.002  -0.003[0m
[1;32muart:~$ [m[8D[J[00:03:06.992,000] [0m<inf> imu: ICM-42688-P  a   4.096   5.302   7.262  g   0.000  -0.005   0.000[0m
[1;32muart:~$ [m[8D[J[1;32muart:~$ [m[8D[J[00:03:07.093,000] [0m<inf> imu: LSM6DS3TR-C  a   3.857   5.368   7.577  g   0.023  -0.062   0.015[0m
[1;32muart:~$ [m[8D[J[00:03:07.094,000] [0m<inf> imu: LSM6DSV16X   a   4.122   5.442   7.877  g  -0.011   0.002  -0.002[0m
[1;32muart:~$ [m[8D[J[00:03:07.094,000] [0m<inf> imu: ICM-42688-P  a   4.110   5.309   7.251  g  -0.001  -0.005   0.001[0m
[1;32muart:~$ [m[8D[J[00:03:07.196,000] [0m<inf> imu: LSM6DS3TR-C  a   3.884   5.343   7.604  g   0.025  -0.063   0.015[0m
[1;32muart:~$ [m[8D[J[00:03:07.197,000] [0m<inf> imu: LSM6DSV16X   a   4.118   5.445   7.875  g  -0.011   0.002  -0.002[0m
[1;32muart:~$ [m[8D[J[00:03:07.198,000] [0m<inf> imu: ICM-42688-P  a   4.105   5.294   7.266  g   0.000  -0.005  -0.000[0m
[1;32muart:~$ [m[8D[J[1;32muart:~$ [m[8D[J[00:03:07.299,000] [0m<inf> imu: LSM6DS3TR-C  a   3.873   5.371   7.546  g   0.025  -0.064   0.015[0m
[1;32muart:~$ [m[8D[J[00:03:07.300,000] [0m<inf> imu: LSM6DSV16X   a   4.118   5.445   7.880  g  -0.011   0.002  -0.002[0m
[1;32muart:~$ [m[8D[J[00:03:07.300,000] [0m<inf> imu: ICM-42688-P  a   4.099   5.289   7.268  g  -0.001  -0.005   0.000[0m
[1;32muart:~$ [m[8D[J[1;32muart:~$ [m[8D[J[00:03:07.402,000] [0m<inf> imu: LSM6DS3TR-C  a   3.870   5.336   7.601  g   0.023  -0.064   0.012[0m
[1;32muart:~$ [m[8D[J[00:03:07.403,000] [0m<inf> imu: LSM6DSV16X   a   4.118   5.436   7.872  g  -0.012   0.002  -0.002[0m
[1;32muart:~$ [m[8D[J[1;32muart:~$ [m[8D[J[00:03:07.404,000] [0m<inf> imu: ICM-42688-P  a   4.111   5.296   7.241  g   0.000  -0.004   0.001[0m
[1;32muart:~$ [m[8D[J[00:03:07.505,000] [0m<inf> imu: LSM6DS3TR-C  a   3.854   5.326   7.578  g   0.027  -0.065   0.014[0m
[1;32muart:~$ [m[8D[J[1;32muart:~$ [m[8D[J[00:03:07.506,000] [0m<inf> imu: LSM6DSV16X   a   4.116   5.442   7.868  g  -0.011   0.002  -0.002[0m
[1;32muart:~$ [m[8D[J[00:03:07.507,000] [0m<inf> imu: ICM-42688-P  a   4.094   5.297   7.265  g   0.000  -0.005   0.000[0m
[1;32muart:~$ [m[8D[J[1;32muart:~$ [m[8D[J[00:03:07.608,000] [0m<inf> imu: LSM6DS3TR-C  a   3.879   5.395   7.546  g   0.024  -0.063   0.013[0m
[1;32muart:~$ [m[8D[J[00:03:07.608,000] [0m<inf> imu: LSM6DSV16X   a   4.120   5.441   7.873  g  -0.011   0.002  -0.002[0m
[1;32muart:~$ [m[8D[J[1;32muart:~$ [m[8D[J[00:03:07.609,000] [0m<inf> imu: ICM-42688-P  a   4.100   5.292   7.251  g  -0.001  -0.005  -0.000[0m
[1;32muart:~$ [m[8D[J[00:03:07.710,000] [0m<inf> imu: LSM6DS3TR-C  a   3.829   5.374   7.598  g   0.024  -0.063   0.014[0m
[1;32muart:~$ [m[8D[J[00:03:07.711,000] [0m<inf> imu: LSM6DSV16X   a   4.128   5.438   7.875  g  -0.012   0.002  -0.002[0m
[1;32muart:~$ [m[8D[J[1;32muart:~$ [m[8D[J[00:03:07.711,000] [0m<inf> imu: ICM-42688-P  a   4.107   5.294   7.241  g  -0.001  -0.006   0.000[0m
[1;32muart:~$ [m[8D[J[00:03:07.812,000] [0m<inf> imu: LSM6DS3TR-C  a   3.885   5.379   7.591  g   0.026  -0.062   0.014[0m
[1;32muart:~$ [m[8D[J[00:03:07.814,000] [0m<inf> imu: LSM6DSV16X   a   4.125   5.446   7.865  g  -0.011   0.002  -0.003[0m
[1;32muart:~$ [m[8D[J[1;32muart:~$ [m[8D[J[00:03:07.815,000] [0m<inf> imu: ICM-42688-P  a   4.112   5.294   7.247  g  -0.001  -0.004  -0.001[0m
[1;32muart:~$ [m[8D[J[00:03:07.916,000] [0m<inf> imu: LSM6DS3TR-C  a   3.853   5.344   7.570  g   0.023  -0.064   0.013[0m
[1;32muart:~$ [m[8D[J[1;32muart:~$ [m[8D[J[00:03:07.916,000] [0m<inf> imu: LSM6DSV16X   a   4.123   5.435   7.877  g  -0.012   0.002  -0.002[0m
[1;32muart:~$ [m[8D[J[00:03:07.917,000] [0m<inf> imu: ICM-42688-P  a   4.102   5.295   7.269  g  -0.002  -0.005   0.000[0m
[1;32muart:~$ [m[8D[J[1;32muart:~$ [m[8D[J[00:03:08.019,000] [0m<inf> imu: LSM6DS3TR-C  a   3.820   5.353   7.554  g   0.024  -0.063   0.014[0m
[1;32muart:~$ [m[8D[J[00:03:08.020,000] [0m<inf> imu: LSM6DSV16X   a   4.113   5.430   7.850  g  -0.012   0.002  -0.002[0m
[1;32muart:~$ [m[8D[J[1;32muart:~$ [m[8D[J[00:03:08.020,000] [0m<inf> imu: ICM-42688-P  a   4.087   5.282   7.246  g   0.000  -0.005   0.000[0m
[1;32muart:~$ [m[8D[J[00:03:08.122,000] [0m<inf> imu: LSM6DS3TR-C  a   3.851   5.395   7.584  g   0.024  -0.065   0.013[0m
[1;32muart:~$ [m[8D[J[1;32muart:~$ [m[8D[J[00:03:08.122,000] [0m<inf> imu: LSM6DSV16X   a   4.123   5.444   7.872  g  -0.012   0.002  -0.002[0m
[1;32muart:~$ [m[8D[J[00:03:08.123,000] [0m<inf> imu: ICM-42688-P  a   4.098   5.307   7.281  g   0.000  -0.005   0.001[0m
[1;32muart:~$ [m[8D[J[1;32muart:~$ [m[8D[J[00:03:08.224,000] [0m<inf> imu: LSM6DS3TR-C  a   3.870   5.338   7.564  g   0.024  -0.063   0.014[0m
[1;32muart:~$ [m[8D[J[00:03:08.225,000] [0m<inf> imu: LSM6DSV16X   a   4.126   5.431   7.862  g  -0.012   0.002  -0.002[0m
[1;32muart:~$ [m[8D[J[1;32muart:~$ [m[8D[J[00:03:08.225,000] [0m<inf> imu: ICM-42688-P  a   4.106   5.285   7.256  g   0.000  -0.004   0.000[0m
[1;32muart:~$ [m[8D[J[00:03:08.326,000] [0m<inf> imu: LSM6DS3TR-C  a   3.809   5.377   7.619  g   0.023  -0.063   0.014[0m
[1;32muart:~$ [m[8D[J[00:03:08.327,000] [0m<inf> imu: LSM6DSV16X   a   4.127   5.448   7.881  g  -0.011   0.002  -0.002[0m
[1;32muart:~$ [m[8D[J[1;32muart:~$ [m[8D[J[00:03:08.327,000] [0m<inf> imu: ICM-42688-P  a   4.116   5.300   7.263  g  -0.001  -0.005  -0.001[0m
[1;32muart:~$ [m[8D[J[00:03:08.429,000] [0m<inf> imu: LSM6DS3TR-C  a   3.882   5.386   7.557  g   0.027  -0.064   0.013[0m
[1;32muart:~$ [m[8D[J[1;32muart:~$ [m[8D[J[00:03:08.430,000] [0m<inf> imu: LSM6DSV16X   a   4.115   5.436   7.872  g  -0.011   0.002  -0.002[0m
[1;32muart:~$ [m[8D[J[00:03:08.431,000] [0m<inf> imu: ICM-42688-P  a   4.101   5.297   7.258  g  -0.000  -0.005  -0.000[0m
[1;32muart:~$ [m[8D[J[00:03:08.532,000] [0m<inf> imu: LSM6DS3TR-C  a   3.837   5.355   7.598  g   0.024  -0.064   0.013[0m
[1;32muart:~$ [m[8D[J[1;32muart:~$ [m[8D[J[00:03:08.533,000] [0m<inf> imu: LSM6DSV16X   a   4.123   5.445   7.872  g  -0.012   0.002  -0.002[0m
[1;32muart:~$ [m[8D[J[00:03:08.533,000] [0m<inf> imu: ICM-42688-P  a   4.120   5.295   7.263  g  -0.000  -0.005  -0.000[0m
[1;32muart:~$ [m[8D[J[00:03:08.635,000] [0m<inf> imu: LSM6DS3TR-C  a   3.843   5.364   7.603  g   0.025  -0.061   0.014[0m
[1;32muart:~$ [m[8D[J[00:03:08.635,000] [0m<inf> imu: LSM6DSV16X   a   4.120   5.439   7.880  g  -0.011   0.003  -0.002[0m
[1;32muart:~$ [m[8D[J[1;32muart:~$ [m[8D[J[00:03:08.636,000] [0m<inf> imu: ICM-42688-P  a   4.114   5.290   7.260  g  -0.001  -0.005   0.000[0m
[1;32muart:~$ [m[8D[J[1;32muart:~$ [m[8D[J[00:03:08.737,000] [0m<inf> imu: LSM6DS3TR-C  a   3.822   5.410   7.544  g   0.024  -0.063   0.012[0m
[1;32muart:~$ [m[8D[J[00:03:08.738,000] [0m<inf> imu: LSM6DSV16X   a   4.125   5.443   7.874  g  -0.012   0.002  -0.002[0m
[1;32muart:~$ [m[8D[J[1;32muart:~$ [m[8D[J[00:03:08.738,000] [0m<inf> imu: ICM-42688-P  a   4.105   5.308   7.262  g  -0.001  -0.005  -0.000[0m
[1;32muart:~$ [m[8D[J[00:03:08.839,000] [0m<inf> imu: LSM6DS3TR-C  a   3.826   5.356   7.587  g   0.025  -0.062   0.016[0m
[1;32muart:~$ [m[8D[J[1;32muart:~$ [m[8D[J[00:03:08.840,000] [0m<inf> imu: LSM6DSV16X   a   4.128   5.427   7.865  g  -0.012   0.002  -0.002[0m
[1;32muart:~$ [m[8D[J[00:03:08.840,000] [0m<inf> imu: ICM-42688-P  a   4.098   5.294   7.268  g   0.001  -0.005   0.001[0m
[1;32muart:~$ [m[8D[J[1;32muart:~$ [m[8D[J[00:03:08.941,000] [0m<inf> imu: LSM6DS3TR-C  a   3.859   5.376   7.569  g   0.024  -0.063   0.015[0m
[1;32muart:~$ [m[8D[J[00:03:08.942,000] [0m<inf> imu: LSM6DSV16X   a   4.125   5.441   7.860  g  -0.011   0.002  -0.002[0m
[1;32muart:~$ [m[8D[J[1;32muart:~$ [m[8D[J[00:03:08.943,000] [0m<inf> imu: ICM-42688-P  a   4.101   5.309   7.268  g   0.000  -0.004   0.000[0m
[1;32muart:~$ [m[8D[J[00:03:09.044,000] [0m<inf> imu: LSM6DS3TR-C  a   3.851   5.363   7.574  g   0.024  -0.064   0.015[0m
[1;32muart:~$ [m[8D[J[00:03:09.044,000] [0m<inf> imu: LSM6DSV16X   a   4.125   5.437   7.875  g  -0.012   0.002  -0.002[0m
[1;32muart:~$ [m[8D[J[00:03:09.045,000] [0m<inf> imu: ICM-42688-P  a   4.101   5.304   7.251  g   0.000  -0.005   0.000[0m
[1;32muart:~$ [m[8D[J[1;32muart:~$ [m[8D[J[00:03:09.147,000] [0m<inf> imu: LSM6DS3TR-C  a   3.874   5.376   7.628  g   0.025  -0.064   0.013[0m
[1;32muart:~$ [m[8D[J[00:03:09.147,000] [0m<inf> imu: LSM6DSV16X   a   4.128   5.439   7.868  g  -0.012   0.002  -0.002[0m
[1;32muart:~$ [m[8D[J[00:03:09.148,000] [0m<inf> imu: ICM-42688-P  a   4.102   5.297   7.254  g  -0.001  -0.005   0.000[0m
[1;32muart:~$ [m[8D[J[00:03:09.250,000] [0m<inf> imu: LSM6DS3TR-C  a   3.861   5.317   7.586  g   0.025  -0.061   0.012[0m
[1;32muart:~$ [m[8D[J[1;32muart:~$ [m[8D[J[00:03:09.251,000] [0m<inf> imu: LSM6DSV16X   a   4.125   5.448   7.872  g  -0.012   0.002  -0.002[0m
[1;32muart:~$ [m[8D[J[00:03:09.252,000] [0m<inf> imu: ICM-42688-P  a   4.112   5.294   7.246  g  -0.000  -0.005   0.000[0m
[1;32muart:~$ [m[8D[J[1;32muart:~$ [m[8D[J[00:03:09.353,000] [0m<inf> imu: LSM6DS3TR-C  a   3.835   5.368   7.577  g   0.025  -0.064   0.014[0m
[1;32muart:~$ [m[8D[J[00:03:09.354,000] [0m<inf> imu: LSM6DSV16X   a   4.132   5.451   7.879  g  -0.012   0.002  -0.002[0m
[1;32muart:~$ [m[8D[J[1;32muart:~$ [m[8D[J[00:03:09.355,000] [0m<inf> imu: ICM-42688-P  a   4.106   5.295   7.263  g  -0.001  -0.005   0.000[0m
[1;32muart:~$ [m[8D[J[00:03:09.456,000] [0m<inf> imu: LSM6DS3TR-C  a   3.843   5.338   7.604  g   0.025  -0.062   0.014[0m
[1;32muart:~$ [m[8D[J[1;32muart:~$ [m[8D[J[00:03:09.457,000] [0m<inf> imu: LSM6DSV16X   a   4.119   5.442   7.878  g  -0.011   0.003  -0.002[0m
[1;32muart:~$ [m[8D[J[00:03:09.457,000] [0m<inf> imu: ICM-42688-P  a   4.104   5.308   7.257  g   0.000  -0.005   0.000[0m
[1;32muart:~$ [m[8D[J[1;32muart:~$ [m[8D[J[00:03:09.558,000] [0m<inf> imu: LSM6DS3TR-C  a   3.844   5.368   7.601  g   0.026  -0.061   0.013[0m
[1;32muart:~$ [m[8D[J[00:03:09.559,000] [0m<inf> imu: LSM6DSV16X   a   4.121   5.439   7.870  g  -0.011   0.002  -0.002[0m
[1;32muart:~$ [m[8D[J[1;32muart:~$ [m[8D[J[00:03:09.560,000] [0m<inf> imu: ICM-42688-P  a   4.108   5.308   7.254  g  -0.001  -0.004  -0.000[0m
[1;32muart:~$ [m[8D[J[00:03:09.661,000] [0m<inf> imu: LSM6DS3TR-C  a   3.857   5.328   7.622  g   0.025  -0.062   0.013[0m
[1;32muart:~$ [m[8D[J[00:03:09.661,000] [0m<inf> imu: LSM6DSV16X   a   4.130   5.436   7.872  g  -0.011   0.002  -0.002[0m
[1;32muart:~$ [m[8D[J[1;32muart:~$ [m[8D[J[00:03:09.662,000] [0m<inf> imu: ICM-42688-P  a   4.108   5.300   7.251  g   0.000  -0.005   0.000[0m
[1;32muart:~$ [m[8D[J[00:03:09.764,000] [0m<inf> imu: LSM6DS3TR-C  a   3.818   5.356   7.597  g   0.026  -0.062   0.014[0m
[1;32muart:~$ [m[8D[J[00:03:09.765,000] [0m<inf> imu: LSM6DSV16X   a   4.137   5.439   7.862  g  -0.012   0.002  -0.002[0m
[1;32muart:~$ [m[8D[J[1;32muart:~$ [m[8D[J[00:03:09.766,000] [0m<inf> imu: ICM-42688-P  a   4.117   5.297   7.264  g  -0.001  -0.005  -0.001[0m
[1;32muart:~$ [m[8D[J[00:03:09.867,000] [0m<inf> imu: LSM6DS3TR-C  a   3.816   5.365   7.619  g   0.024  -0.065   0.013[0m
[1;32muart:~$ [m[8D[J[1;32muart:~$ [m[8D[J[00:03:09.868,000] [0m<inf> imu: LSM6DSV16X   a   4.126   5.436   7.877  g  -0.011   0.002  -0.002[0m
[1;32muart:~$ [m[8D[J[00:03:09.868,000] [0m<inf> imu: ICM-42688-P  a   4.099   5.301   7.263  g  -0.001  -0.005   0.000[0m
[1;32muart:~$ [m[8D[J[00:03:09.969,000] [0m<inf> imu: LSM6DS3TR-C  a   3.877   5.366   7.561  g   0.026  -0.063   0.014[0m
[1;32muart:~$ [m[8D[J[00:03:09.970,000] [0m<inf> imu: LSM6DSV16X   a   4.135   5.442   7.867  g  -0.012   0.002  -0.002[0m
[1;32muart:~$ [m[8D[J[1;32muart:~$ [m[8D[J[00:03:09.970,000] [0m<inf> imu: ICM-42688-P  a   4.119   5.288   7.268  g  -0.000  -0.006   0.000[0m
[1;32muart:~$ [m[8D[J[1;32muart:~$ [m[8D[J[00:03:10.072,000] [0m<inf> imu: LSM6DS3TR-C  a   3.903   5.361   7.586  g   0.025  -0.062   0.015[0m
[1;32muart:~$ [m[8D[J[00:03:10.072,000] [0m<inf> imu: LSM6DSV16X   a   4.128   5.436   7.866  g  -0.012   0.002  -0.002[0m
[1;32muart:~$ [m[8D[J[1;32muart:~$ [m[8D[J[00:03:10.073,000] [0m<inf> imu: ICM-42688-P  a   4.087   5.301   7.265  g  -0.000  -0.005   0.001[0m
[1;32muart:~$ [m[8D[J[00:03:10.174,000] [0m<inf> imu: LSM6DS3TR-C  a   3.833   5.407   7.598  g   0.023  -0.064   0.013[0m
[1;32muart:~$ [m[8D[J[1;32muart:~$ [m[8D[J[00:03:10.175,000] [0m<inf> imu: LSM6DSV16X   a   4.123   5.444   7.875  g  -0.011   0.002  -0.002[0m
[1;32muart:~$ [m[8D[J[00:03:10.175,000] [0m<inf> imu: ICM-42688-P  a   4.112   5.308   7.263  g  -0.000  -0.005   0.000[0m
[1;32muart:~$ [m[8D[J[1;32muart:~$ [m[8D[J[00:03:10.276,000] [0m<inf> imu: LSM6DS3TR-C  a   3.829   5.354   7.597  g   0.023  -0.063   0.012[0m
[1;32muart:~$ [m[8D[J[00:03:10.277,000] [0m<inf> imu: LSM6DSV16X   a   4.123   5.434   7.870  g  -0.012   0.003  -0.002[0m
[1;32muart:~$ [m[8D[J[1;32muart:~$ [m[8D[J[00:03:10.277,000] [0m<inf> imu: ICM-42688-P  a   4.116   5.279   7.257  g   0.000  -0.005  -0.001[0m
[1;32muart:~$ [m[8D[J[00:03:10.378,000] [0m<inf> imu: LSM6DS3TR-C  a   3.857   5.346   7.582  g   0.024  -0.063   0.014[0m
[1;32muart:~$ [m[8D[J[00:03:10.379,000] [0m<inf> imu: LSM6DSV16X   a   4.142   5.450   7.868  g  -0.012   0.002  -0.002[0m
[1;32muart:~$ [m[8D[J[1;32muart:~$ [m[8D[J[00:03:10.380,000] [0m<inf> imu: ICM-42688-P  a   4.098   5.309   7.259  g  -0.001  -0.005  -0.000[0m
[1;32muart:~$ [m[8D[J[00:03:10.481,000] [0m<inf> imu: LSM6DS3TR-C  a   3.872   5.356   7.577  g   0.025  -0.063   0.014[0m
[1;32muart:~$ [m[8D[J[1;32muart:~$ [m[8D[J[00:03:10.482,000] [0m<inf> imu: LSM6DSV16X   a   4.118   5.435   7.868  g  -0.010   0.002  -0.002[0m
[1;32muart:~$ [m[8D[J[00:03:10.483,000] [0m<inf> imu: ICM-42688-P  a   4.095   5.290   7.277  g  -0.000  -0.005   0.000[0m
[1;32muart:~$ [m[8D[J[00:03:10.584,000] [0m<inf> imu: LSM6DS3TR-C  a   3.869   5.416   7.573  g   0.025  -0.062   0.013[0m
[1;32muart:~$ [m[8D[J[1;32muart:~$ [m[8D[J[00:03:10.585,000] [0m<inf> imu: LSM6DSV16X   a   4.123   5.453   7.868  g  -0.011   0.002  -0.002[0m
[1;32muart:~$ [m[8D[J[00:03:10.585,000] [0m<inf> imu: ICM-42688-P  a   4.117   5.309   7.263  g   0.000  -0.005   0.001[0m
[1;32muart:~$ [m[8D[J[00:03:10.687,000] [0m<inf> imu: LSM6DS3TR-C  a   3.848   5.356   7.564  g   0.025  -0.064   0.015[0m
[1;32muart:~$ [m[8D[J[00:03:10.687,000] [0m<inf> imu: LSM6DSV16X   a   4.115   5.432   7.860  g  -0.010   0.002  -0.002[0m
[1;32muart:~$ [m[8D[J[1;32muart:~$ [m[8D[J[00:03:10.688,000] [0m<inf> imu: ICM-42688-P  a   4.104   5.285   7.268  g   0.001  -0.005   0.000[0m
[1;32muart:~$ [m[8D[J[1;32muart:~$ [m[8D[J[00:03:10.789,000] [0m<inf> imu: LSM6DS3TR-C  a   3.835   5.346   7.561  g   0.024  -0.061   0.013[0m
[1;32muart:~$ [m[8D[J[00:03:10.790,000] [0m<inf> imu: LSM6DSV16X   a   4.125   5.444   7.870  g  -0.011   0.002  -0.002[0m
[1;32muart:~$ [m[8D[J[1;32muart:~$ [m[8D[J[00:03:10.790,000] [0m<inf> imu: ICM-42688-P  a   4.110   5.294   7.248  g  -0.001  -0.006   0.001[0m
[1;32muart:~$ [m[8D[J[00:03:10.891,000] [0m<inf> imu: LSM6DS3TR-C  a   3.845   5.396   7.550  g   0.025  -0.064   0.014[0m
[1;32muart:~$ [m[8D[J[1;32muart:~$ [m[8D[J[00:03:10.892,000] [0m<inf> imu: LSM6DSV16X   a   4.125   5.438   7.868  g  -0.010   0.002  -0.002[0m
[1;32muart:~$ [m[8D[J[00:03:10.892,000] [0m<inf> imu: ICM-42688-P  a   4.102   5.304   7.253  g   0.000  -0.005   0.001[0m
[1;32muart:~$ [m[8D[J[1;32muart:~$ [m[8D[J[00:03:10.993,000] [0m<inf> imu: LSM6DS3TR-C  a   3.857   5.344   7.555  g   0.024  -0.063   0.014[0m
[1;32muart:~$ [m[8D[J[00:03:10.994,000] [0m<inf> imu: LSM6DSV16X   a   4.128   5.432   7.868  g  -0.011   0.001  -0.003[0m
[1;32muart:~$ [m[8D[J[00:03:10.995,000] [0m<inf> imu: ICM-42688-P  a   4.094   5.297   7.274  g   0.000  -0.005   0.000[0m
[1;32muart:~$ [m[8D[J[1;32muart:~$ [m[8D[J[00:03:11.096,000] [0m<inf> imu: LSM6DS3TR-C  a   3.862   5.362   7.598  g   0.025  -0.062   0.016[0m
[1;32muart:~$ [m[8D[J[00:03:11.096,000] [0m<inf> imu: LSM6DSV16X   a   4.132   5.444   7.858  g  -0.012   0.001  -0.002[0m
[1;32muart:~$ [m[8D[J[00:03:11.097,000] [0m<inf> imu: ICM-42688-P  a   4.120   5.315   7.268  g  -0.001  -0.005   0.000[0m
[1;32muart:~$ [m[8D[J[00:03:11.198,000] [0m<inf> imu: LSM6DS3TR-C  a   3.844   5.346   7.607  g   0.024  -0.064   0.015[0m
[1;32muart:~$ [m[8D[J[1;32muart:~$ [m[8D[J[00:03:11.200,000] [0m<inf> imu: LSM6DSV16X   a   4.120   5.429   7.869  g  -0.012   0.002  -0.002[0m
[1;32muart:~$ [m[8D[J[00:03:11.201,000] [0m<inf> imu: ICM-42688-P  a   4.111   5.288   7.271  g  -0.001  -0.005   0.000[0m
[1;32muart:~$ [m[8D[J[1;32muart:~$ [m[8D[J[00:03:11.302,000] [0m<inf> imu: LSM6DS3TR-C  a   3.882   5.369   7.571  g   0.023  -0.063   0.013[0m
[1;32muart:~$ [m[8D[J[00:03:11.304,000] [0m<inf> imu: LSM6DSV16X   a   4.125   5.453   7.877  g  -0.011   0.002  -0.002[0m
[1;32muart:~$ [m[8D[J[00:03:11.304,000] [0m<inf> imu: ICM-42688-P  a   4.107   5.300   7.256  g  -0.001  -0.004  -0.000[0m
[1;32muart:~$ [m[8D[J[1;32muart:~$ [m[8D[J[00:03:11.406,000] [0m<inf> imu: LSM6DS3TR-C  a   3.890   5.331   7.541  g   0.022  -0.063   0.014[0m
[1;32muart:~$ [m[8D[J[00:03:11.406,000] [0m<inf> imu: LSM6DSV16X   a   4.118   5.435   7.868  g  -0.012   0.002  -0.002[0m
[1;32muart:~$ [m[8D[J[1;32muart:~$ [m[8D[J[00:03:11.407,000] [0m<inf> imu: ICM-42688-P  a   4.095   5.297   7.268  g  -0.001  -0.005   0.001[0m
[1;32muart:~$ [m[8D[J[00:03:11.508,000] [0m<inf> imu: LSM6DS3TR-C  a   3.858   5.381   7.580  g   0.024  -0.063   0.013[0m
[1;32muart:~$ [m[8D[J[1;32muart:~$ [m[8D[J[00:03:11.509,000] [0m<inf> imu: LSM6DSV16X   a   4.125   5.439   7.877  g  -0.011   0.002  -0.003[0m
[1;32muart:~$ [m[8D[J[00:03:11.510,000] [0m<inf> imu: ICM-42688-P  a   4.104   5.295   7.250  g  -0.001  -0.005  -0.000[0m
[1;32muart:~$ [m[8D[J[1;32muart:~$ [m[8D[J[00:03:11.611,000] [0m<inf> imu: LSM6DS3TR-C  a   3.855   5.334   7.560  g   0.025  -0.062   0.016[0m
[1;32muart:~$ [m[8D[J[00:03:11.611,000] [0m<inf> imu: LSM6DSV16X   a   4.120   5.434   7.851  g  -0.011   0.002  -0.002[0m
[1;32muart:~$ [m[8D[J[1;32muart:~$ [m[8D[J[00:03:11.612,000] [0m<inf> imu: ICM-42688-P  a   4.104   5.292   7.254  g  -0.001  -0.005   0.000[0m
[1;32muart:~$ [m[8D[J[00:03:11.713,000] [0m<inf> imu: LSM6DS3TR-C  a   3.854   5.398   7.638  g   0.023  -0.062   0.013[0m
[1;32muart:~$ [m[8D[J[00:03:11.714,000] [0m<inf> imu: LSM6DSV16X   a   4.120   5.474   7.903  g  -0.012   0.002  -0.003[0m
[1;32muart:~$ [m[8D[J[1;32muart:~$ [m[8D[J[00:03:11.714,000] [0m<inf> imu: ICM-42688-P  a   4.116   5.320   7.268  g   0.001  -0.004   0.000[0m
[1;32muart:~$ [m[8D[J[00:03:11.815,000] [0m<inf> imu: LSM6DS3TR-C  a   3.823   5.338   7.573  g   0.024  -0.062   0.013[0m
[1;32muart:~$ [m[8D[J[1;32muart:~$ [m[8D[J[00:03:11.817,000] [0m<inf> imu: LSM6DSV16X   a   4.116   5.420   7.849  g  -0.011   0.002  -0.003[0m
[1;32muart:~$ [m[8D[J[00:03:11.817,000] [0m<inf> imu: ICM-42688-P  a   4.088   5.288   7.238  g  -0.000  -0.005   0.000[0m
[1;32muart:~$ [m[8D[J[1;32muart:~$ [m[8D[J[00:03:11.918,000] [0m<inf> imu: LSM6DS3TR-C  a   3.875   5.348   7.644  g   0.027  -0.064   0.014[0m
[1;32muart:~$ [m[8D[J[00:03:11.919,000] [0m<inf> imu: LSM6DSV16X   a   4.144   5.445   7.889  g  -0.012   0.002  -0.002[0m
[1;32muart:~$ [m[8D[J[00:03:11.920,000] [0m<inf> imu: ICM-42688-P  a   4.125   5.300   7.274  g   0.000  -0.004   0.000[0m
[1;32muart:~$ [m[8D[J[1;32muart:~$ [m[8D[J[00:03:12.021,000] [0m<inf> imu: LSM6DS3TR-C  a   3.861   5.339   7.553  g   0.024  -0.063   0.013[0m
[1;32muart:~$ [m[8D[J[00:03:12.022,000] [0m<inf> imu: LSM6DSV16X   a   4.128   5.428   7.862  g  -0.012   0.002  -0.002[0m
[1;32muart:~$ [m[8D[J[1;32muart:~$ [m[8D[J[00:03:12.023,000] [0m<inf> imu: ICM-42688-P  a   4.112   5.301   7.246  g  -0.001  -0.005   0.000[0m
[1;32muart:~$ [m[8D[J[00:03:12.124,000] [0m<inf> imu: LSM6DS3TR-C  a   3.865   5.374   7.589  g   0.023  -0.061   0.013[0m
[1;32muart:~$ [m[8D[J[1;32muart:~$ [m[8D[J[00:03:12.125,000] [0m<inf> imu: LSM6DSV16X   a   4.121   5.439   7.872  g  -0.011   0.002  -0.003[0m
[1;32muart:~$ [m[8D[J[00:03:12.125,000] [0m<inf> imu: ICM-42688-P  a   4.100   5.309   7.274  g   0.000  -0.004  -0.001[0m
[1;32muart:~$ [m[8D[J[1;32muart:~$ [m[8D[J[00:03:12.227,000] [0m<inf> imu: LSM6DS3TR-C  a   3.864   5.369   7.594  g   0.023  -0.064   0.013[0m
[1;32muart:~$ [m[8D[J[00:03:12.227,000] [0m<inf> imu: LSM6DSV16X   a   4.126   5.444   7.865  g  -0.012   0.002  -0.002[0m
[1;32muart:~$ [m[8D[J[1;32muart:~$ [m[8D[J[00:03:12.228,000] [0m<inf> imu: ICM-42688-P  a   4.101   5.309   7.269  g   0.000  -0.005  -0.000[0m
[1;32muart:~$ [m[8D[J[00:03:12.329,000] [0m<inf> imu: LSM6DS3TR-C  a   3.878   5.362   7.586  g   0.024  -0.062   0.015[0m
[1;32muart:~$ [m[8D[J[00:03:12.330,000] [0m<inf> imu: LSM6DSV16X   a   4.130   5.436   7.860  g  -0.012   0.002  -0.002[0m
[1;32muart:~$ [m[8D[J[1;32muart:~$ [m[8D[J[00:03:12.330,000] [0m<inf> imu: ICM-42688-P  a   4.105   5.290   7.253  g   0.000  -0.005  -0.001[0m
[1;32muart:~$ [m[8D[J[00:03:12.431,000] [0m<inf> imu: LSM6DS3TR-C  a   3.819   5.366   7.556  g   0.025  -0.063   0.016[0m
[1;32muart:~$ [m[8D[J[1;32muart:~$ [m[8D[J[00:03:12.432,000] [0m<inf> imu: LSM6DSV16X   a   4.121   5.449   7.881  g  -0.011   0.002  -0.002[0m
[1;32muart:~$ [m[8D[J[00:03:12.433,000] [0m<inf> imu: ICM-42688-P  a   4.096   5.309   7.272  g   0.000  -0.005   0.000[0m
[1;32muart:~$ [m[8D[J[00:03:12.534,000] [0m<inf> imu: LSM6DS3TR-C  a   3.836   5.377   7.572  g   0.025  -0.064   0.015[0m
[1;32muart:~$ [m[8D[J[1;32muart:~$ [m[8D[J[00:03:12.535,000] [0m<inf> imu: LSM6DSV16X   a   4.122   5.439   7.867  g  -0.010   0.002  -0.002[0m
[1;32muart:~$ [m[8D[J[00:03:12.535,000] [0m<inf> imu: ICM-42688-P  a   4.090   5.289   7.258  g  -0.001  -0.005   0.000[0m
[1;32muart:~$ [m[8D[J[00:03:12.636,000] [0m<inf> imu: LSM6DS3TR-C  a   3.821   5.388   7.597  g   0.025  -0.063   0.014[0m
[1;32muart:~$ [m[8D[J[00:03:12.637,000] [0m<inf> imu: LSM6DSV16X   a   4.135   5.439   7.877  g  -0.012   0.002  -0.002[0m
[1;32muart:~$ [m[8D[J[1;32muart:~$ [m[8D[J[00:03:12.637,000] [0m<inf> imu: ICM-42688-P  a   4.118   5.301   7.263  g   0.001  -0.005   0.001[0m
[1;32muart:~$ [m[8D[J[1;32muart:~$ [m[8D[J[00:03:12.739,000] [0m<inf> imu: LSM6DS3TR-C  a   3.879   5.369   7.596  g   0.024  -0.061   0.015[0m
[1;32muart:~$ [m[8D[J[00:03:12.739,000] [0m<inf> imu: LSM6DSV16X   a   4.132   5.438   7.862  g  -0.010   0.002  -0.002[0m
[1;32muart:~$ [m[8D[J[1;32muart:~$ [m[8D[J[00:03:12.740,000] [0m<inf> imu: ICM-42688-P  a   4.108   5.306   7.272  g   0.000  -0.005   0.001[0m
[1;32muart:~$ [m[8D[J[00:03:12.841,000] [0m<inf> imu: LSM6DS3TR-C  a   3.823   5.369   7.620  g   0.024  -0.064   0.014[0m
[1;32muart:~$ [m[8D[J[1;32muart:~$ [m[8D[J[00:03:12.842,000] [0m<inf> imu: LSM6DSV16X   a   4.111   5.453   7.893  g  -0.012   0.003  -0.003[0m
[1;32muart:~$ [m[8D[J[00:03:12.842,000] [0m<inf> imu: ICM-42688-P  a   4.092   5.307   7.272  g  -0.000  -0.005   0.000[0m
[1;32muart:~$ [m[8D[J[1;32muart:~$ [m[8D[J[00:03:12.943,000] [0m<inf> imu: LSM6DS3TR-C  a   3.848   5.363   7.588  g   0.022  -0.061   0.015[0m
[1;32muart:~$ [m[8D[J[00:03:12.944,000] [0m<inf> imu: LSM6DSV16X   a   4.128   5.451   7.863  g  -0.012   0.002  -0.002[0m
[1;32muart:~$ [m[8D[J[1;32muart:~$ [m[8D[J[00:03:12.944,000] [0m<inf> imu: ICM-42688-P  a   4.116   5.297   7.256  g  -0.000  -0.005  -0.000[0m
[1;32muart:~$ [m[8D[J[00:03:13.045,000] [0m<inf> imu: LSM6DS3TR-C  a   3.887   5.343   7.573  g   0.024  -0.062   0.014[0m
[1;32muart:~$ [m[8D[J[00:03:13.046,000] [0m<inf> imu: LSM6DSV16X   a   4.140   5.436   7.860  g  -0.012   0.001  -0.002[0m
[1;32muart:~$ [m[8D[J[00:03:13.047,000] [0m<inf> imu: ICM-42688-P  a   4.107   5.284   7.272  g   0.000  -0.005   0.001[0m
[1;32muart:~$ [m[8D[J[1;32muart:~$ [m[8D[J[00:03:13.149,000] [0m<inf> imu: LSM6DS3TR-C  a   3.873   5.368   7.624  g   0.026  -0.063   0.016[0m
[1;32muart:~$ [m[8D[J[00:03:13.150,000] [0m<inf> imu: LSM6DSV16X   a   4.116   5.451   7.882  g  -0.012   0.002  -0.002[0m
[1;32muart:~$ [m[8D[J[00:03:13.150,000] [0m<inf> imu: ICM-42688-P  a   4.089   5.310   7.275  g  -0.001  -0.005   0.000[0m
[1;32muart:~$ [m[8D[J[00:03:13.252,000] [0m<inf> imu: LSM6DS3TR-C  a   3.916   5.349   7.601  g   0.026  -0.064   0.014[0m
[1;32muart:~$ [m[8D[J[1;32muart:~$ [m[8D[J[00:03:13.253,000] [0m<inf> imu: LSM6DSV16X   a   4.119   5.429   7.872  g  -0.011   0.002  -0.002[0m
[1;32muart:~$ [m[8D[J[00:03:13.254,000] [0m<inf> imu: ICM-42688-P  a   4.105   5.294   7.259  g  -0.001  -0.005   0.000[0m
[1;32muart:~$ [m[8D[J[1;32muart:~$ [m[8D[J[00:03:13.355,000] [0m<inf> imu: LSM6DS3TR-C  a   3.854   5.361   7.600  g   0.024  -0.063   0.012[0m
[1;32muart:~$ [m[8D[J[00:03:13.356,000] [0m<inf> imu: LSM6DSV16X   a   4.130   5.448   7.889  g  -0.013   0.002  -0.002[0m
[1;32muart:~$ [m[8D[J[1;32muart:~$ [m[8D[J[00:03:13.357,000] [0m<inf> imu: ICM-42688-P  a   4.113   5.306   7.284  g   0.000  -0.005   0.001[0m
[1;32muart:~$ [m[8D[J[00:03:13.458,000] [0m<inf> imu: LSM6DS3TR-C  a   3.844   5.382   7.600  g   0.023  -0.063   0.014[0m
[1;32muart:~$ [m[8D[J[1;32muart:~$ [m[8D[J[00:03:13.459,000] [0m<inf> imu: LSM6DSV16X   a   4.123   5.439   7.871  g  -0.012   0.002  -0.002[0m
[1;32muart:~$ [m[8D[J[00:03:13.459,000] [0m<inf> imu: ICM-42688-P  a   4.111   5.302   7.268  g  -0.001  -0.005   0.000[0m
[1;32muart:~$ [m[8D[J[1;32muart:~$ [m[8D[J[00:03:13.561,000] [0m<inf> imu: LSM6DS3TR-C  a   3.870   5.358   7.613  g   0.026  -0.061   0.012[0m
[1;32muart:~$ [m[8D[J[00:03:13.561,000] [0m<inf> imu: LSM6DSV16X   a   4.116   5.439   7.879  g  -0.011   0.002  -0.003[0m
[1;32muart:~$ [m[8D[J[1;32muart:~$ [m[8D[J[00:03:13.562,000] [0m<inf> imu: ICM-42688-P  a   4.112   5.306   7.265  g  -0.000  -0.004   0.000[0m
[1;32muart:~$ [m[8D[J[00:03:13.663,000] [0m<inf> imu: LSM6DS3TR-C  a   3.841   5.361   7.618  g   0.022  -0.064   0.014[0m
[1;32muart:~$ [m[8D[J[00:03:13.664,000] [0m<inf> imu: LSM6DSV16X   a   4.123   5.441   7.865  g  -0.012   0.002  -0.002[0m
[1;32muart:~$ [m[8D[J[1;32muart:~$ [m[8D[J[00:03:13.664,000] [0m<inf> imu: ICM-42688-P  a   4.099   5.306   7.260  g   0.000  -0.005   0.001[0m
[1;32muart:~$ [m[8D[J[00:03:13.766,000] [0m<inf> imu: LSM6DS3TR-C  a   3.849   5.344   7.592  g   0.025  -0.063   0.013[0m
[1;32muart:~$ [m[8D[J[00:03:13.767,000] [0m<inf> imu: LSM6DSV16X   a   4.123   5.436   7.875  g  -0.012   0.002  -0.002[0m
[1;32muart:~$ [m[8D[J[1;32muart:~$ [m[8D[J[00:03:13.768,000] [0m<inf> imu: ICM-42688-P  a   4.108   5.280   7.265  g   0.000  -0.005   0.000[0m
[1;32muart:~$ [m[8D[J[00:03:13.869,000] [0m<inf> imu: LSM6DS3TR-C  a   3.882   5.345   7.631  g   0.023  -0.062   0.013[0m
[1;32muart:~$ [m[8D[J[1;32muart:~$ [m[8D[J[00:03:13.870,000] [0m<inf> imu: LSM6DSV16X   a   4.125   5.439   7.872  g  -0.011   0.002  -0.002[0m
[1;32muart:~$ [m[8D[J[00:03:13.870,000] [0m<inf> imu: ICM-42688-P  a   4.096   5.314   7.275  g   0.000  -0.005   0.000[0m
[1;32muart:~$ [m[8D[J[1;32muart:~$ [m[8D[J[00:03:13.971,000] [0m<inf> imu: LSM6DS3TR-C  a   3.863   5.368   7.569  g   0.024  -0.063   0.014[0m
[1;32muart:~$ [m[8D[J[00:03:13.973,000] [0m<inf> imu: LSM6DSV16X   a   4.111   5.434   7.875  g  -0.011   0.002  -0.002[0m
[1;32muart:~$ [m[8D[J[1;32muart:~$ [m[8D[J[00:03:13.973,000] [0m<inf> imu: ICM-42688-P  a   4.095   5.297   7.283  g  -0.001  -0.005   0.000[0m
[1;32muart:~$ [m[8D[J[00:03:14.074,000] [0m<inf> imu: LSM6DS3TR-C  a   3.865   5.363   7.580  g   0.025  -0.063   0.013[0m
[1;32muart:~$ [m[8D[J[1;32muart:~$ [m[8D[J[00:03:14.075,000] [0m<inf> imu: LSM6DSV16X   a   4.125   5.458   7.880  g  -0.011   0.002  -0.003[0m
[1;32muart:~$ [m[8D[J[00:03:14.076,000] [0m<inf> imu: ICM-42688-P  a   4.099   5.314   7.276  g   0.001  -0.004  -0.001[0m
[1;32muart:~$ [m[8D[J[1;32muart:~$ [m[8D[J[00:03:14.177,000] [0m<inf> imu: LSM6DS3TR-C  a   3.848   5.365   7.644  g   0.025  -0.064   0.016[0m
[1;32muart:~$ [m[8D[J[00:03:14.177,000] [0m<inf> imu: LSM6DSV16X   a   4.111   5.423   7.878  g  -0.011   0.001  -0.002[0m
[1;32muart:~$ [m[8D[J[00:03:14.178,000] [0m<inf> imu: ICM-42688-P  a   4.085   5.294   7.271  g   0.000  -0.005   0.001[0m
[1;32muart:~$ [m[8D[J[1;32muart:~$ [m[8D[J[00:03:14.279,000] [0m<inf> imu: LSM6DS3TR-C  a   3.838   5.386   7.572  g   0.024  -0.064   0.014[0m
[1;32muart:~$ [m[8D[J[00:03:14.280,000] [0m<inf> imu: LSM6DSV16X   a   4.128   5.451   7.877  g  -0.012   0.002  -0.002[0m
[1;32muart:~$ [m[8D[J[1;32muart:~$ [m[8D[J[00:03:14.280,000] [0m<inf> imu: ICM-42688-P  a   4.108   5.309   7.270  g  -0.001  -0.006   0.000[0m
[1;32muart:~$ [m[8D[J[00:03:14.382,000] [0m<inf> imu: LSM6DS3TR-C  a   3.845   5.369   7.627  g   0.025  -0.061   0.011[0m
[1;32muart:~$ [m[8D[J[1;32muart:~$ [m[8D[J[00:03:14.383,000] [0m<inf> imu: LSM6DSV16X   a   4.121   5.429   7.868  g  -0.011   0.002  -0.002[0m
[1;32muart:~$ [m[8D[J[00:03:14.384,000] [0m<inf> imu: ICM-42688-P  a   4.099   5.289   7.274  g  -0.000  -0.005   0.001[0m
[1;32muart:~$ [m[8D[J[00:03:14.485,000] [0m<inf> imu: LSM6DS3TR-C  a   3.863   5.372   7.594  g   0.024  -0.064   0.011[0m
[1;32muart:~$ [m[8D[J[1;32muart:~$ [m[8D[J[00:03:14.486,000] [0m<inf> imu: LSM6DSV16X   a   4.128   5.438   7.863  g  -0.011   0.002  -0.002[0m
[1;32muart:~$ [m[8D[J[00:03:14.486,000] [0m<inf> imu: ICM-42688-P  a   4.101   5.298   7.251  g  -0.001  -0.005  -0.001[0m
[1;32muart:~$ [m[8D[J[00:03:14.587,000] [0m<inf> imu: LSM6DS3TR-C  a   3.849   5.332   7.564  g   0.023  -0.061   0.013[0m
[1;32muart:~$ [m[8D[J[00:03:14.588,000] [0m<inf> imu: LSM6DSV16X   a   4.134   5.436   7.869  g  -0.012   0.002  -0.002[0m
[1;32muart:~$ [m[8D[J[1;32muart:~$ [m[8D[J[00:03:14.588,000] [0m<inf> imu: ICM-42688-P  a   4.105   5.304   7.268  g  -0.001  -0.005   0.001[0m
[1;32muart:~$ [m[8D[J[1;32muart:~$ [m[8D[J[00:03:14.689,000] [0m<inf> imu: LSM6DS3TR-C  a   3.863   5.332   7.607  g   0.024  -0.062   0.017[0m
[1;32muart:~$ [m[8D[J[00:03:14.690,000] [0m<inf> imu: LSM6DSV16X   a   4.113   5.444   7.877  g  -0.012   0.002  -0.002[0m
[1;32muart:~$ [m[8D[J[1;32muart:~$ [m[8D[J[00:03:14.691,000] [0m<inf> imu: ICM-42688-P  a   4.100   5.308   7.271  g  -0.001  -0.005  -0.001[0m
[1;32muart:~$ [m[8D[J[00:03:14.792,000] [0m<inf> imu: LSM6DS3TR-C  a   3.851   5.374   7.609  g   0.024  -0.062   0.015[0m
[1;32muart:~$ [m[8D[J[1;32muart:~$ [m[8D[J[00:03:14.793,000] [0m<inf> imu: LSM6DSV16X   a   4.119   5.441   7.886  g  -0.011   0.002  -0.002[0m
[1;32muart:~$ [m[8D[J[00:03:14.793,000] [0m<inf> imu: ICM-42688-P  a   4.090   5.325   7.276  g   0.000  -0.005   0.000[0m
[1;32muart:~$ [m[8D[J[1;32muart:~$ [m[8D[J[00:03:14.894,000] [0m<inf> imu: LSM6DS3TR-C  a   3.844   5.353   7.594  g   0.024  -0.064   0.013[0m
[1;32muart:~$ [m[8D[J[00:03:14.895,000] [0m<inf> imu: LSM6DSV16X   a   4.129   5.435   7.866  g  -0.012   0.001  -0.002[0m
[1;32muart:~$ [m[8D[J[1;32muart:~$ [m[8D[J[00:03:14.895,000] [0m<inf> imu: ICM-42688-P  a   4.108   5.290   7.248  g   0.001  -0.004   0.000[0m
[1;32muart:~$ [m[8D[J[00:03:14.997,000] [0m<inf> imu: LSM6DS3TR-C  a   3.882   5.392   7.599  g   0.023  -0.063   0.014[0m
[1;32muart:~$ [m[8D[J[00:03:14.997,000] [0m<inf> imu: LSM6DSV16X   a   4.128   5.447   7.869  g  -0.011   0.002  -0.002[0m
[1;32muart:~$ [m[8D[J[1;32muart:~$ [m[8D[J[00:03:14.998,000] [0m<inf> imu: ICM-42688-P  a   4.104   5.306   7.282  g  -0.001  -0.005  -0.001[0m
[1;32muart:~$ [m[8D[J[00:03:15.099,000] [0m<inf> imu: LSM6DS3TR-C  a   3.813   5.375   7.633  g   0.024  -0.062   0.012[0m
[1;32muart:~$ [m[8D[J[00:03:15.100,000] [0m<inf> imu: LSM6DSV16X   a   4.116   5.432   7.874  g  -0.011   0.002  -0.002[0m
[1;32muart:~$ [m[8D[J[00:03:15.101,000] [0m<inf> imu: ICM-42688-P  a   4.105   5.292   7.253  g  -0.000  -0.005   0.000[0m
[1;32muart:~$ [m[8D[J[1;32muart:~$ [m[8D[J[00:03:15.202,000] [0m<inf> imu: LSM6DS3TR-C  a   3.887   5.384   7.585  g   0.025  -0.062   0.013[0m
[1;32muart:~$ [m[8D[J[00:03:15.202,000] [0m<inf> imu: LSM6DSV16X   a   4.118   5.434   7.861  g  -0.011   0.002  -0.002[0m
[1;32muart:~$ [m[8D[J[00:03:15.203,000] [0m<inf> imu: ICM-42688-P  a   4.102   5.298   7.262  g   0.001  -0.005   0.001[0m
[1;32muart:~$ [m[8D[J[1;32muart:~$ [m[8D[J[00:03:15.304,000] [0m<inf> imu: LSM6DS3TR-C  a   3.845   5.350   7.610  g   0.026  -0.063   0.014[0m
[1;32muart:~$ [m[8D[J[00:03:15.305,000] [0m<inf> imu: LSM6DSV16X   a   4.122   5.446   7.872  g  -0.011   0.002  -0.002[0m
[1;32muart:~$ [m[8D[J[1;32muart:~$ [m[8D[J[00:03:15.306,000] [0m<inf> imu: ICM-42688-P  a   4.107   5.297   7.268  g   0.000  -0.005   0.001[0m
[1;32muart:~$ [m[8D[J[00:03:15.407,000] [0m<inf> imu: LSM6DS3TR-C  a   3.860   5.328   7.561  g   0.026  -0.064   0.013[0m
[1;32muart:~$ [m[8D[J[1;32muart:~$ [m[8D[J[00:03:15.408,000] [0m<inf> imu: LSM6DSV16X   a   4.113   5.434   7.877  g  -0.011   0.002  -0.002[0m
[1;32muart:~$ [m[8D[J[00:03:15.408,000] [0m<inf> imu: ICM-42688-P  a   4.089   5.309   7.288  g  -0.002  -0.005  -0.000[0m
[1;32muart:~$ [m[8D[J[1;32muart:~$ [m[8D[J[00:03:15.510,000] [0m<inf> imu: LSM6DS3TR-C  a   3.832   5.367   7.614  g   0.024  -0.060   0.016[0m
[1;32muart:~$ [m[8D[J[00:03:15.510,000] [0m<inf> imu: LSM6DSV16X   a   4.140   5.451   7.872  g  -0.012   0.002  -0.002[0m
[1;32muart:~$ [m[8D[J[1;32muart:~$ [m[8D[J[00:03:15.511,000] [0m<inf> imu: ICM-42688-P  a   4.111   5.307   7.265  g  -0.001  -0.005  -0.001[0m
[1;32muart:~$ [m[8D[J[00:03:15.612,000] [0m<inf> imu: LSM6DS3TR-C  a   3.892   5.337   7.597  g   0.024  -0.064   0.013[0m
[1;32muart:~$ [m[8D[J[00:03:15.613,000] [0m<inf> imu: LSM6DSV16X   a   4.131   5.429   7.868  g  -0.012   0.002  -0.002[0m
[1;32muart:~$ [m[8D[J[1;32muart:~$ [m[8D[J[00:03:15.613,000] [0m<inf> imu: ICM-42688-P  a   4.100   5.292   7.254  g  -0.001  -0.005   0.000[0m
[1;32muart:~$ [m[8D[J[00:03:15.715,000] [0m<inf> imu: LSM6DS3TR-C  a   3.850   5.373   7.612  g   0.024  -0.062   0.015[0m
[1;32muart:~$ [m[8D[J[1;32muart:~$ [m[8D[J[00:03:15.716,000] [0m<inf> imu: LSM6DSV16X   a   4.120   5.446   7.883  g  -0.011   0.001  -0.002[0m
[1;32muart:~$ [m[8D[J[00:03:15.716,000] [0m<inf> imu: ICM-42688-P  a   4.108   5.304   7.275  g   0.000  -0.005   0.001[0m
[1;32muart:~$ [m[8D[J[1;32muart:~$ [m[8D[J[00:03:15.817,000] [0m<inf> imu: LSM6DS3TR-C  a   3.834   5.344   7.576  g   0.025  -0.064   0.013[0m
[1;32muart:~$ [m[8D[J[00:03:15.818,000] [0m<inf> imu: LSM6DSV16X   a   4.109   5.422   7.848  g  -0.012   0.002  -0.002[0m
[1;32muart:~$ [m[8D[J[00:03:15.819,000] [0m<inf> imu: ICM-42688-P  a   4.082   5.276   7.239  g   0.000  -0.004   0.001[0m
[1;32muart:~$ [m[8D[J[1;32muart:~$ [m[8D[J[00:03:15.920,000] [0m<inf> imu: LSM6DS3TR-C  a   3.883   5.376   7.645  g   0.024  -0.061   0.016[0m
[1;32muart:~$ [m[8D[J[00:03:15.921,000] [0m<inf> imu: LSM6DSV16X   a   4.137   5.444   7.889  g  -0.011   0.001  -0.002[0m
[1;32muart:~$ [m[8D[J[1;32muart:~$ [m[8D[J[00:03:15.922,000] [0m<inf> imu: ICM-42688-P  a   4.108   5.309   7.272  g   0.001  -0.004   0.001[0m
[1;32muart:~$ [m[8D[J[00:03:16.023,000] [0m<inf> imu: LSM6DS3TR-C  a   3.843   5.369   7.595  g   0.021  -0.062   0.011[0m
[1;32muart:~$ [m[8D[J[00:03:16.024,000] [0m<inf> imu: LSM6DSV16X   a   4.114   5.425   7.854  g  -0.011   0.003  -0.002[0m
[1;32muart:~$ [m[8D[J[00:03:16.024,000] [0m<inf> imu: ICM-42688-P  a   4.094   5.290   7.251  g   0.000  -0.005   0.001[0m
[1;32muart:~$ [m[8D[J[1;32muart:~$ [m[8D[J[00:03:16.125,000] [0m<inf> imu: LSM6DS3TR-C  a   3.808   5.375   7.612  g   0.026  -0.063   0.014[0m
[1;32muart:~$ [m[8D[J[00:03:16.126,000] [0m<inf> imu: LSM6DSV16X   a   4.125   5.443   7.865  g  -0.011   0.002  -0.002[0m
[1;32muart:~$ [m[8D[J[1;32muart:~$ [m[8D[J[00:03:16.127,000] [0m<inf> imu: ICM-42688-P  a   4.111   5.307   7.271  g   0.000  -0.005   0.000[0m
[1;32muart:~$ [m[8D[J[00:03:16.228,000] [0m<inf> imu: LSM6DS3TR-C  a   3.864   5.335   7.577  g   0.024  -0.061   0.016[0m
[1;32muart:~$ [m[8D[J[1;32muart:~$ [m[8D[J[00:03:16.229,000] [0m<inf> imu: LSM6DSV16X   a   4.120   5.434   7.867  g  -0.012   0.002  -0.002[0m
[1;32muart:~$ [m[8D[J[00:03:16.229,000] [0m<inf> imu: ICM-42688-P  a   4.113   5.301   7.268  g  -0.001  -0.005   0.001[0m
[1;32muart:~$ [m[8D[J[00:03:16.331,000] [0m<inf> imu: LSM6DS3TR-C  a   3.861   5.344   7.597  g   0.026  -0.063   0.014[0m
[1;32muart:~$ [m[8D[J[00:03:16.331,000] [0m<inf> imu: LSM6DSV16X   a   4.125   5.444   7.877  g  -0.012   0.002  -0.002[0m
[1;32muart:~$ [m[8D[J[00:03:16.332,000] [0m<inf> imu: ICM-42688-P  a   4.104   5.313   7.260  g   0.000  -0.006   0.000[0m
[1;32muart:~$ [m[8D[J[1;32muart:~$ [m[8D[J[00:03:16.433,000] [0m<inf> imu: LSM6DS3TR-C  a   3.824   5.361   7.647  g   0.024  -0.064   0.015[0m
[1;32muart:~$ [m[8D[J[00:03:16.434,000] [0m<inf> imu: LSM6DSV16X   a   4.120   5.437   7.872  g  -0.011   0.002  -0.002[0m
[1;32muart:~$ [m[8D[J[1;32muart:~$ [m[8D[J[00:03:16.435,000] [0m<inf> imu: ICM-42688-P  a   4.100   5.297   7.262  g  -0.001  -0.005   0.000[0m
[1;32muart:~$ [m[8D[J[00:03:16.536,000] [0m<inf> imu: LSM6DS3TR-C  a   3.841   5.353   7.593  g   0.023  -0.062   0.014[0m
[1;32muart:~$ [m[8D[J[1;32muart:~$ [m[8D[J[00:03:16.537,000] [0m<inf> imu: LSM6DSV16X   a   4.121   5.441   7.877  g  -0.011   0.002  -0.002[0m
[1;32muart:~$ [m[8D[J[00:03:16.538,000] [0m<inf> imu: ICM-42688-P  a   4.112   5.306   7.259  g  -0.001  -0.004  -0.001[0m
[1;32muart:~$ [m[8D[J[1;32muart:~$ [m[8D[J[00:03:16.639,000] [0m<inf> imu: LSM6DS3TR-C  a   3.852   5.379   7.617  g   0.024  -0.063   0.013[0m
[1;32muart:~$ [m[8D[J[00:03:16.639,000] [0m<inf> imu: LSM6DSV16X   a   4.116   5.444   7.870  g  -0.011   0.002  -0.003[0m
[1;32muart:~$ [m[8D[J[1;32muart:~$ [m[8D[J[00:03:16.640,000] [0m<inf> imu: ICM-42688-P  a   4.092   5.288   7.253  g   0.000  -0.005   0.000[0m
[1;32muart:~$ [m[8D[J[00:03:16.741,000] [0m<inf> imu: LSM6DS3TR-C  a   3.860   5.404   7.613  g   0.024  -0.062   0.013[0m
[1;32muart:~$ [m[8D[J[1;32muart:~$ [m[8D[J[00:03:16.742,000] [0m<inf> imu: LSM6DSV16X   a   4.116   5.448   7.877  g  -0.011   0.002  -0.002[0m
[1;32muart:~$ [m[8D[J[00:03:16.742,000] [0m<inf> imu: ICM-42688-P  a   4.108   5.301   7.266  g   0.000  -0.004   0.000[0m
[1;32muart:~$ [m[8D[J[1;32muart:~$ [m[8D[J[00:03:16.843,000] [0m<inf> imu: LSM6DS3TR-C  a   3.847   5.352   7.610  g   0.024  -0.064   0.013[0m
[1;32muart:~$ [m[8D[J[00:03:16.844,000] [0m<inf> imu: LSM6DSV16X   a   4.125   5.429   7.865  g  -0.012   0.001  -0.002[0m
[1;32muart:~$ [m[8D[J[1;32muart:~$ [m[8D[J[00:03:16.844,000] [0m<inf> imu: ICM-42688-P  a   4.113   5.301   7.263  g  -0.000  -0.005   0.000[0m
[1;32muart:~$ [m[8D[J[00:03:16.946,000] [0m<inf> imu: LSM6DS3TR-C  a   3.858   5.330   7.584  g   0.023  -0.064   0.013[0m
[1;32muart:~$ [m[8D[J[00:03:16.946,000] [0m<inf> imu: LSM6DSV16X   a   4.125   5.434   7.878  g  -0.011   0.002  -0.002[0m
[1;32muart:~$ [m[8D[J[1;32muart:~$ [m[8D[J[00:03:16.947,000] [0m<inf> imu: ICM-42688-P  a   4.111   5.295   7.263  g   0.000  -0.005  -0.000[0m
[1;32muart:~$ [m[8D[J[00:03:17.049,000] [0m<inf> imu: LSM6DS3TR-C  a   3.843   5.401   7.592  g   0.025  -0.063   0.015[0m
[1;32muart:~$ [m[8D[J[1;32muart:~$ [m[8D[J[00:03:17.049,000] [0m<inf> imu: LSM6DSV16X   a   4.119   5.448   7.875  g  -0.012   0.002  -0.002[0m
[1;32muart:~$ [m[8D[J[00:03:17.050,000] [0m<inf> imu: ICM-42688-P  a   4.101   5.302   7.256  g  -0.001  -0.005   0.000[0m
[1;32muart:~$ [m[8D[J[00:03:17.151,000] [0m<inf> imu: LSM6DS3TR-C  a   3.848   5.404   7.595  g   0.025  -0.062   0.014[0m
[1;32muart:~$ [m[8D[J[1;32muart:~$ [m[8D[J[00:03:17.152,000] [0m<inf> imu: LSM6DSV16X   a   4.120   5.443   7.878  g  -0.011   0.002  -0.003[0m
[1;32muart:~$ [m[8D[J[00:03:17.152,000] [0m<inf> imu: ICM-42688-P  a   4.105   5.295   7.259  g  -0.000  -0.005   0.000[0m
[1;32muart:~$ [m[8D[J[00:03:17.253,000] [0m<inf> imu: LSM6DS3TR-C  a   3.843   5.357   7.633  g   0.023  -0.061   0.015[0m
[1;32muart:~$ [m[8D[J[00:03:17.254,000] [0m<inf> imu: LSM6DSV16X   a   4.125   5.432   7.874  g  -0.011   0.003  -0.002[0m
[1;32muart:~$ [m[8D[J[1;32muart:~$ [m[8D[J[00:03:17.255,000] [0m<inf> imu: ICM-42688-P  a   4.101   5.294   7.265  g  -0.001  -0.005   0.000[0m
[1;32muart:~$ [m[8D[J[1;32muart:~$ [m[8D[J[00:03:17.356,000] [0m<inf> imu: LSM6DS3TR-C  a   3.879   5.344   7.583  g   0.024  -0.065   0.015[0m
[1;32muart:~$ [m[8D[J[00:03:17.356,000] [0m<inf> imu: LSM6DSV16X   a   4.132   5.436   7.866  g  -0.011   0.002  -0.002[0m
[1;32muart:~$ [m[8D[J[1;32muart:~$ [m[8D[J[00:03:17.357,000] [0m<inf> imu: ICM-42688-P  a   4.111   5.291   7.254  g  -0.001  -0.005   0.000[0m
[1;32muart:~$ [m[8D[J[00:03:17.458,000] [0m<inf> imu: LSM6DS3TR-C  a   3.871   5.367   7.613  g   0.026  -0.065   0.012[0m
[1;32muart:~$ [m[8D[J[1;32muart:~$ [m[8D[J[00:03:17.459,000] [0m<inf> imu: LSM6DSV16X   a   4.125   5.439   7.882  g  -0.011   0.002  -0.002[0m
[1;32muart:~$ [m[8D[J[00:03:17.459,000] [0m<inf> imu: ICM-42688-P  a   4.089   5.301   7.276  g   0.000  -0.005  -0.000[0m
[1;32muart:~$ [m[8D[J[1;32muart:~$ [m[8D[J[00:03:17.561,000] [0m<inf> imu: LSM6DS3TR-C  a   3.855   5.367   7.593  g   0.024  -0.061   0.011[0m
[1;32muart:~$ [m[8D[J[00:03:17.561,000] [0m<inf> imu: LSM6DSV16X   a   4.116   5.441   7.870  g  -0.011   0.002  -0.002[0m
[1;32muart:~$ [m[8D[J[1;32muart:~$ [m[8D[J[00:03:17.562,000] [0m<inf> imu: ICM-42688-P  a   4.090   5.292   7.265  g  -0.000  -0.005  -0.000[0m
[1;32muart:~$ [m[8D[J[00:03:17.663,000] [0m<inf> imu: LSM6DS3TR-C  a   3.834   5.362   7.585  g   0.024  -0.062   0.013[0m
[1;32muart:~$ [m[8D[J[00:03:17.664,000] [0m<inf> imu: LSM6DSV16X   a   4.127   5.441   7.865  g  -0.012   0.002  -0.002[0m
[1;32muart:~$ [m[8D[J[1;32muart:~$ [m[8D[J[00:03:17.664,000] [0m<inf> imu: ICM-42688-P  a   4.112   5.298   7.260  g  -0.001  -0.005  -0.001[0m
[1;32muart:~$ [m[8D[J[00:03:17.765,000] [0m<inf> imu: LSM6DS3TR-C  a   3.857   5.386   7.591  g   0.023  -0.063   0.015[0m
[1;32muart:~$ [m[8D[J[1;32muart:~$ [m[8D[J[00:03:17.766,000] [0m<inf> imu: LSM6DSV16X   a   4.134   5.444   7.863  g  -0.011   0.002  -0.002[0m
[1;32muart:~$ [m[8D[J[00:03:17.767,000] [0m<inf> imu: ICM-42688-P  a   4.107   5.294   7.258  g  -0.000  -0.005  -0.000[0m
[1;32muart:~$ [m[8D[J[00:03:17.868,000] [0m<inf> imu: LSM6DS3TR-C  a   3.832   5.359   7.605  g   0.024  -0.064   0.013[0m
[1;32muart:~$ [m[8D[J[1;32muart:~$ [m[8D[J[00:03:17.869,000] [0m<inf> imu: LSM6DSV16X   a   4.117   5.443   7.875  g  -0.011   0.001  -0.002[0m
[1;32muart:~$ [m[8D[J[00:03:17.869,000] [0m<inf> imu: ICM-42688-P  a   4.098   5.296   7.263  g  -0.001  -0.005   0.001[0m
[1;32muart:~$ [m[8D[J[00:03:17.970,000] [0m<inf> imu: LSM6DS3TR-C  a   3.874   5.386   7.601  g   0.024  -0.063   0.015[0m
[1;32muart:~$ [m[8D[J[00:03:17.971,000] [0m<inf> imu: LSM6DSV16X   a   4.129   5.448   7.863  g  -0.011   0.002  -0.003[0m
[1;32muart:~$ [m[8D[J[1;32muart:~$ [m[8D[J[00:03:17.972,000] [0m<inf> imu: ICM-42688-P  a   4.113   5.309   7.258  g  -0.001  -0.005   0.000[0m
[1;32muart:~$ [m[8D[J[1;32muart:~$ [m[8D[J[00:03:18.073,000] [0m<inf> imu: LSM6DS3TR-C  a   3.840   5.362   7.601  g   0.024  -0.061   0.016[0m
[1;32muart:~$ [m[8D[J[00:03:18.073,000] [0m<inf> imu: LSM6DSV16X   a   4.111   5.441   7.891  g  -0.011   0.002  -0.002[0m
[1;32muart:~$ [m[8D[J[1;32muart:~$ [m[8D[J[00:03:18.074,000] [0m<inf> imu: ICM-42688-P  a   4.098   5.294   7.275  g  -0.001  -0.005   0.000[0m
[1;32muart:~$ [m[8D[J[00:03:18.175,000] [0m<inf> imu: LSM6DS3TR-C  a   3.818   5.365   7.602  g   0.024  -0.062   0.013[0m
[1;32muart:~$ [m[8D[J[1;32muart:~$ [m[8D[J[00:03:18.176,000] [0m<inf> imu: LSM6DSV16X   a   4.125   5.451   7.873  g  -0.012   0.002  -0.002[0m
[1;32muart:~$ [m[8D[J[00:03:18.176,000] [0m<inf> imu: ICM-42688-P  a   4.100   5.302   7.250  g   0.000  -0.005   0.001[0m
[1;32muart:~$ [m[8D[J[1;32muart:~$ [m[8D[J[00:03:18.277,000] [0m<inf> imu: LSM6DS3TR-C  a   3.870   5.369   7.613  g   0.024  -0.064   0.012[0m
[1;32muart:~$ [m[8D[J[00:03:18.278,000] [0m<inf> imu: LSM6DSV16X   a   4.116   5.439   7.884  g  -0.011   0.002  -0.002[0m
[1;32muart:~$ [m[8D[J[1;32muart:~$ [m[8D[J[00:03:18.279,000] [0m<inf> imu: ICM-42688-P  a   4.100   5.294   7.245  g   0.000  -0.005   0.000[0m
[1;32muart:~$ [m[8D[J[00:03:18.380,000] [0m<inf> imu: LSM6DS3TR-C  a   3.862   5.369   7.615  g   0.026  -0.063   0.015[0m
[1;32muart:~$ [m[8D[J[00:03:18.380,000] [0m<inf> imu: LSM6DSV16X   a   4.135   5.447   7.858  g  -0.012   0.002  -0.002[0m
[1;32muart:~$ [m[8D[J[1;32muart:~$ [m[8D[J[00:03:18.381,000] [0m<inf> imu: ICM-42688-P  a   4.119   5.296   7.259  g   0.000  -0.005   0.000[0m
[1;32muart:~$ [m[8D[J[00:03:18.483,000] [0m<inf> imu: LSM6DS3TR-C  a   3.855   5.348   7.615  g   0.025  -0.062   0.014[0m
[1;32muart:~$ [m[8D[J[1;32muart:~$ [m[8D[J[00:03:18.484,000] [0m<inf> imu: LSM6DSV16X   a   4.131   5.436   7.872  g  -0.011   0.002  -0.003[0m
[1;32muart:~$ [m[8D[J[00:03:18.484,000] [0m<inf> imu: ICM-42688-P  a   4.098   5.302   7.265  g   0.000  -0.005   0.001[0m
[1;32muart:~$ [m[8D[J[00:03:18.585,000] [0m<inf> imu: LSM6DS3TR-C  a   3.845   5.317   7.588  g   0.025  -0.063   0.014[0m
[1;32muart:~$ [m[8D[J[1;32muart:~$ [m[8D[J[00:03:18.586,000] [0m<inf> imu: LSM6DSV16X   a   4.125   5.444   7.881  g  -0.012   0.002  -0.002[0m
[1;32muart:~$ [m[8D[J[00:03:18.587,000] [0m<inf> imu: ICM-42688-P  a   4.098   5.318   7.274  g  -0.001  -0.005   0.000[0m
[1;32muart:~$ [m[8D[J[00:03:18.688,000] [0m<inf> imu: LSM6DS3TR-C  a   3.846   5.328   7.553  g   0.024  -0.064   0.013[0m
[1;32muart:~$ [m[8D[J[1;32muart:~$ [m[8D[J[00:03:18.688,000] [0m<inf> imu: LSM6DSV16X   a   4.125   5.439   7.868  g  -0.011   0.002  -0.002[0m
[1;32muart:~$ [m[8D[J[00:03:18.689,000] [0m<inf> imu: ICM-42688-P  a   4.116   5.290   7.252  g  -0.000  -0.005   0.000[0m
[1;32muart:~$ [m[8D[J[1;32muart:~$ [m[8D[J[00:03:18.790,000] [0m<inf> imu: LSM6DS3TR-C  a   3.878   5.353   7.585  g   0.022  -0.062   0.017[0m
[1;32muart:~$ [m[8D[J[00:03:18.791,000] [0m<inf> imu: LSM6DSV16X   a   4.121   5.442   7.878  g  -0.012   0.002  -0.002[0m
[1;32muart:~$ [m[8D[J[1;32muart:~$ [m[8D[J[00:03:18.791,000] [0m<inf> imu: ICM-42688-P  a   4.090   5.292   7.270  g   0.000  -0.005   0.001[0m
[1;32muart:~$ [m[8D[J[00:03:18.892,000] [0m<inf> imu: LSM6DS3TR-C  a   3.851   5.364   7.605  g   0.024  -0.060   0.015[0m
[1;32muart:~$ [m[8D[J[1;32muart:~$ [m[8D[J[00:03:18.893,000] [0m<inf> imu: LSM6DSV16X   a   4.120   5.443   7.880  g  -0.011   0.002  -0.002[0m
[1;32muart:~$ [m[8D[J[00:03:18.894,000] [0m<inf> imu: ICM-42688-P  a   4.099   5.283   7.242  g  -0.001  -0.005   0.000[0m
[1;32muart:~$ [m[8D[J[1;32muart:~$ [m[8D[J[00:03:18.995,000] [0m<inf> imu: LSM6DS3TR-C  a   3.834   5.389   7.603  g   0.024  -0.064   0.013[0m
[1;32muart:~$ [m[8D[J[00:03:18.995,000] [0m<inf> imu: LSM6DSV16X   a   4.132   5.441   7.882  g  -0.011   0.002  -0.002[0m
[1;32muart:~$ [m[8D[J[00:03:18.996,000] [0m<inf> imu: ICM-42688-P  a   4.112   5.306   7.268  g   0.001  -0.005   0.000[0m
[1;32muart:~$ [m[8D[J[1;32muart:~$ [m[8D[J[00:03:19.097,000] [0m<inf> imu: LSM6DS3TR-C  a   3.872   5.392   7.582  g   0.024  -0.063   0.011[0m
[1;32muart:~$ [m[8D[J[00:03:19.098,000] [0m<inf> imu: LSM6DSV16X   a   4.130   5.444   7.868  g  -0.011   0.002  -0.002[0m
[1;32muart:~$ [m[8D[J[00:03:19.098,000] [0m<inf> imu: ICM-42688-P  a   4.108   5.298   7.252  g   0.001  -0.005   0.001[0m
[1;32muart:~$ [m[8D[J[00:03:19.200,000] [0m<inf> imu: LSM6DS3TR-C  a   3.851   5.372   7.613  g   0.024  -0.063   0.013[0m
[1;32muart:~$ [m[8D[J[00:03:19.201,000] [0m<inf> imu: LSM6DSV16X   a   4.116   5.453   7.879  g  -0.012   0.001  -0.002[0m
[1;32muart:~$ [m[8D[J[00:03:19.202,000] [0m<inf> imu: ICM-42688-P  a   4.100   5.308   7.263  g  -0.001  -0.005   0.000[0m
[1;32muart:~$ [m[8D[J[1;32muart:~$ [m[8D[J[00:03:19.303,000] [0m<inf> imu: LSM6DS3TR-C  a   3.849   5.336   7.573  g   0.025  -0.063   0.015[0m
[1;32muart:~$ [m[8D[J[00:03:19.304,000] [0m<inf> imu: LSM6DSV16X   a   4.118   5.435   7.865  g  -0.012   0.002  -0.002[0m
[1;32muart:~$ [m[8D[J[00:03:19.305,000] [0m<inf> imu: ICM-42688-P  a   4.101   5.284   7.252  g   0.000  -0.005   0.000[0m
[1;32muart:~$ [m[8D[J[1;32muart:~$ [m[8D[J[00:03:19.406,000] [0m<inf> imu: LSM6DS3TR-C  a   3.852   5.410   7.604  g   0.024  -0.062   0.014[0m
[1;32muart:~$ [m[8D[J[00:03:19.408,000] [0m<inf> imu: LSM6DSV16X   a   4.111   5.456   7.896  g  -0.012   0.002  -0.002[0m
[1;32muart:~$ [m[8D[J[1;32muart:~$ [m[8D[J[00:03:19.408,000] [0m<inf> imu: ICM-42688-P  a   4.094   5.312   7.275  g  -0.001  -0.005   0.000[0m
[1;32muart:~$ [m[8D[J[00:03:19.510,000] [0m<inf> imu: LSM6DS3TR-C  a   3.880   5.347   7.616  g   0.024  -0.063   0.013[0m
[1;32muart:~$ [m[8D[J[1;32muart:~$ [m[8D[J[00:03:19.510,000] [0m<inf> imu: LSM6DSV16X   a   4.118   5.434   7.880  g  -0.011   0.002  -0.003[0m
[1;32muart:~$ [m[8D[J[00:03:19.511,000] [0m<inf> imu: ICM-42688-P  a   4.088   5.291   7.272  g  -0.000  -0.005   0.000[0m
[1;32muart:~$ [m[8D[J[1;32muart:~$ [m[8D[J[00:03:19.612,000] [0m<inf> imu: LSM6DS3TR-C  a   3.844   5.401   7.585  g   0.025  -0.064   0.014[0m
[1;32muart:~$ [m[8D[J[00:03:19.613,000] [0m<inf> imu: LSM6DSV16X   a   4.125   5.450   7.885  g  -0.012   0.003  -0.002[0m
[1;32muart:~$ [m[8D[J[1;32muart:~$ [m[8D[J[00:03:19.613,000] [0m<inf> imu: ICM-42688-P  a   4.100   5.304   7.265  g   0.000  -0.005   0.000[0m
[1;32muart:~$ [m[8D[J[00:03:19.714,000] [0m<inf> imu: LSM6DS3TR-C  a   3.854   5.372   7.562  g   0.024  -0.062   0.013[0m
[1;32muart:~$ [m[8D[J[00:03:19.715,000] [0m<inf> imu: LSM6DSV16X   a   4.120   5.448   7.887  g  -0.012   0.002  -0.002[0m
[1;32muart:~$ [m[8D[J[1;32muart:~$ [m[8D[J[00:03:19.715,000] [0m<inf> imu: ICM-42688-P  a   4.102   5.298   7.269  g  -0.001  -0.005  -0.000[0m
[1;32muart:~$ [m[8D[J[00:03:19.817,000] [0m<inf> imu: LSM6DS3TR-C  a   3.847   5.384   7.585  g   0.024  -0.061   0.014[0m
[1;32muart:~$ [m[8D[J[00:03:19.818,000] [0m<inf> imu: LSM6DSV16X   a   4.117   5.439   7.871  g  -0.011   0.002  -0.002[0m
[1;32muart:~$ [m[8D[J[1;32muart:~$ [m[8D[J[00:03:19.819,000] [0m<inf> imu: ICM-42688-P  a   4.104   5.306   7.274  g  -0.001  -0.005   0.000[0m
[1;32muart:~$ [m[8D[J[00:03:19.920,000] [0m<inf> imu: LSM6DS3TR-C  a   3.815   5.369   7.610  g   0.024  -0.063   0.013[0m
[1;32muart:~$ [m[8D[J[1;32muart:~$ [m[8D[J[00:03:19.921,000] [0m<inf> imu: LSM6DSV16X   a   4.126   5.446   7.884  g  -0.011   0.002  -0.002[0m
[1;32muart:~$ [m[8D[J[00:03:19.921,000] [0m<inf> imu: ICM-42688-P  a   4.108   5.309   7.259  g  -0.001  -0.005   0.000[0m
[1;32muart:~$ [m[8D[J[1;32muart:~$ [m[8D[J[00:03:20.022,000] [0m<inf> imu: LSM6DS3TR-C  a   3.854   5.351   7.618  g   0.026  -0.064   0.013[0m
[1;32muart:~$ [m[8D[J[00:03:20.024,000] [0m<inf> imu: LSM6DSV16X   a   4.114   5.425   7.870  g  -0.011   0.002  -0.002[0m
[1;32muart:~$ [m[8D[J[1;32muart:~$ [m[8D[J[00:03:20.025,000] [0m<inf> imu: ICM-42688-P  a   4.095   5.297   7.250  g  -0.000  -0.005   0.000[0m
[1;32muart:~$ [m[8D[J[00:03:20.126,000] [0m<inf> imu: LSM6DS3TR-C  a   3.848   5.367   7.609  g   0.027  -0.063   0.015[0m
[1;32muart:~$ [m[8D[J[1;32muart:~$ [m[8D[J[00:03:20.126,000] [0m<inf> imu: LSM6DSV16X   a   4.120   5.451   7.892  g  -0.011   0.002  -0.002[0m
[1;32muart:~$ [m[8D[J[00:03:20.127,000] [0m<inf> imu: ICM-42688-P  a   4.090   5.309   7.281  g   0.000  -0.005  -0.001[0m
[1;32muart:~$ [m[8D[J[1;32muart:~$ [m[8D[J[00:03:20.228,000] [0m<inf> imu: LSM6DS3TR-C  a   3.868   5.341   7.552  g   0.024  -0.063   0.013[0m
[1;32muart:~$ [m[8D[J[00:03:20.229,000] [0m<inf> imu: LSM6DSV16X   a   4.119   5.439   7.872  g  -0.012   0.002  -0.002[0m
[1;32muart:~$ [m[8D[J[1;32muart:~$ [m[8D[J[00:03:20.229,000] [0m<inf> imu: ICM-42688-P  a   4.117   5.284   7.256  g   0.000  -0.005   0.000[0m
[1;32muart:~$ [m[8D[J[00:03:20.330,000] [0m<inf> imu: LSM6DS3TR-C  a   3.869   5.365   7.583  g   0.025  -0.062   0.014[0m
[1;32muart:~$ [m[8D[J[00:03:20.331,000] [0m<inf> imu: LSM6DSV16X   a   4.127   5.443   7.877  g  -0.012   0.003  -0.002[0m
[1;32muart:~$ [m[8D[J[1;32muart:~$ [m[8D[J[00:03:20.332,000] [0m<inf> imu: ICM-42688-P  a   4.099   5.303   7.251  g   0.000  -0.006   0.000[0m
[1;32muart:~$ [m[8D[J[00:03:20.433,000] [0m<inf> imu: LSM6DS3TR-C  a   3.836   5.358   7.586  g   0.024  -0.064   0.015[0m
[1;32muart:~$ [m[8D[J[1;32muart:~$ [m[8D[J[00:03:20.434,000] [0m<inf> imu: LSM6DSV16X   a   4.128   5.439   7.865  g  -0.012   0.002  -0.002[0m
[1;32muart:~$ [m[8D[J[00:03:20.435,000] [0m<inf> imu: ICM-42688-P  a   4.098   5.312   7.268  g  -0.001  -0.005   0.000[0m
[1;32muart:~$ [m[8D[J[00:03:20.536,000] [0m<inf> imu: LSM6DS3TR-C  a   3.894   5.364   7.594  g   0.023  -0.063   0.016[0m
[1;32muart:~$ [m[8D[J[1;32muart:~$ [m[8D[J[00:03:20.537,000] [0m<inf> imu: LSM6DSV16X   a   4.137   5.443   7.872  g  -0.011   0.003  -0.003[0m
[1;32muart:~$ [m[8D[J[00:03:20.537,000] [0m<inf> imu: ICM-42688-P  a   4.110   5.292   7.256  g   0.001  -0.005  -0.000[0m
[1;32muart:~$ [m[8D[J[00:03:20.638,000] [0m<inf> imu: LSM6DS3TR-C  a   3.875   5.390   7.583  g   0.023  -0.063   0.014[0m
[1;32muart:~$ [m[8D[J[00:03:20.639,000] [0m<inf> imu: LSM6DSV16X   a   4.114   5.430   7.867  g  -0.011   0.001  -0.002[0m
[1;32muart:~$ [m[8D[J[1;32muart:~$ [m[8D[J[00:03:20.639,000] [0m<inf> imu: ICM-42688-P  a   4.116   5.313   7.265  g   0.000  -0.005   0.000[0m
[1;32muart:~$ [m[8D[J[1;32muart:~$ [m[8D[J[00:03:20.740,000] [0m<inf> imu: LSM6DS3TR-C  a   3.850   5.348   7.594  g   0.025  -0.062   0.015[0m
[1;32muart:~$ [m[8D[J[00:03:20.741,000] [0m<inf> imu: LSM6DSV16X   a   4.125   5.439   7.865  g  -0.011   0.002  -0.002[0m
[1;32muart:~$ [m[8D[J[1;32muart:~$ [m[8D[J[00:03:20.742,000] [0m<inf> imu: ICM-42688-P  a   4.102   5.306   7.263  g   0.001  -0.005   0.001[0m
[1;32muart:~$ [m[8D[J[00:03:20.843,000] [0m<inf> imu: LSM6DS3TR-C  a   3.843   5.377   7.591  g   0.024  -0.064   0.014[0m
[1;32muart:~$ [m[8D[J[1;32muart:~$ [m[8D[J[00:03:20.843,000] [0m<inf> imu: LSM6DSV16X   a   4.119   5.441   7.872  g  -0.011   0.002  -0.002[0m
[1;32muart:~$ [m[8D[J[00:03:20.844,000] [0m<inf> imu: ICM-42688-P  a   4.112   5.303   7.268  g   0.000  -0.005   0.000[0m
[1;32muart:~$ [m[8D[J[1;32muart:~$ [m[8D[J[00:03:20.945,000] [0m<inf> imu: LSM6DS3TR-C  a   3.871   5.387   7.579  g   0.024  -0.063   0.012[0m
[1;32muart:~$ [m[8D[J[00:03:20.946,000] [0m<inf> imu: LSM6DSV16X   a   4.120   5.434   7.869  g  -0.012   0.001  -0.002[0m
[1;32muart:~$ [m[8D[J[1;32muart:~$ [m[8D[J[00:03:20.946,000] [0m<inf> imu: ICM-42688-P  a   4.104   5.312   7.260  g   0.000  -0.005   0.001[0m
[1;32muart:~$ [m[8D[J[00:03:21.047,000] [0m<inf> imu: LSM6DS3TR-C  a   3.850   5.356   7.597  g   0.024  -0.064   0.014[0m
[1;32muart:~$ [m[8D[J[00:03:21.048,000] [0m<inf> imu: LSM6DSV16X   a   4.118   5.451   7.878  g  -0.011   0.001  -0.002[0m
[1;32muart:~$ [m[8D[J[00:03:21.049,000] [0m<inf> imu: ICM-42688-P  a   4.104   5.295   7.258  g   0.000  -0.005   0.000[0m
[1;32muart:~$ [m[8D[J[1;32muart:~$ [m[8D[J[00:03:21.150,000] [0m<inf> imu: LSM6DS3TR-C  a   3.836   5.387   7.601  g   0.024  -0.064   0.013[0m
[1;32muart:~$ [m[8D[J[00:03:21.151,000] [0m<inf> imu: LSM6DSV16X   a   4.119   5.444   7.880  g  -0.011   0.002  -0.002[0m
[1;32muart:~$ [m[8D[J[00:03:21.152,000] [0m<inf> imu: ICM-42688-P  a   4.102   5.306   7.265  g  -0.001  -0.004   0.000[0m
[1;32muart:~$ [m[8D[J[00:03:21.253,000] [0m<inf> imu: LSM6DS3TR-C  a   3.837   5.386   7.595  g   0.024  -0.062   0.013[0m
[1;32muart:~$ [m[8D[J[1;32muart:~$ [m[8D[J[00:03:21.255,000] [0m<inf> imu: LSM6DSV16X   a   4.128   5.441   7.848  g  -0.012   0.001  -0.002[0m
[1;32muart:~$ [m[8D[J[00:03:21.255,000] [0m<inf> imu: ICM-42688-P  a   4.104   5.289   7.247  g  -0.000  -0.005  -0.001[0m
[1;32muart:~$ [m[8D[J[1;32muart:~$ [m[8D[J[00:03:21.357,000] [0m<inf> imu: LSM6DS3TR-C  a   3.825   5.358   7.613  g   0.026  -0.064   0.012[0m
[1;32muart:~$ [m[8D[J[00:03:21.358,000] [0m<inf> imu: LSM6DSV16X   a   4.123   5.446   7.875  g  -0.011   0.003  -0.002[0m
[1;32muart:~$ [m[8D[J[1;32muart:~$ [m[8D[J[00:03:21.359,000] [0m<inf> imu: ICM-42688-P  a   4.114   5.308   7.266  g  -0.000  -0.005   0.001[0m
[1;32muart:~$ [m[8D[J[00:03:21.460,000] [0m<inf> imu: LSM6DS3TR-C  a   3.846   5.360   7.592  g   0.024  -0.063   0.013[0m
[1;32muart:~$ [m[8D[J[1;32muart:~$ [m[8D[J[00:03:21.461,000] [0m<inf> imu: LSM6DSV16X   a   4.126   5.446   7.877  g  -0.011   0.002  -0.002[0m
[1;32muart:~$ [m[8D[J[00:03:21.461,000] [0m<inf> imu: ICM-42688-P  a   4.108   5.300   7.260  g  -0.001  -0.005   0.001[0m
[1;32muart:~$ [m[8D[J[1;32muart:~$ [m[8D[J[00:03:21.562,000] [0m<inf> imu: LSM6DS3TR-C  a   3.831   5.372   7.592  g   0.025  -0.063   0.012[0m
[1;32muart:~$ [m[8D[J[00:03:21.563,000] [0m<inf> imu: LSM6DSV16X   a   4.115   5.439   7.872  g  -0.012   0.002  -0.002[0m
[1;32muart:~$ [m[8D[J[1;32muart:~$ [m[8D[J[00:03:21.563,000] [0m<inf> imu: ICM-42688-P  a   4.090   5.307   7.260  g  -0.000  -0.004  -0.001[0m
[1;32muart:~$ [m[8D[J[00:03:21.665,000] [0m<inf> imu: LSM6DS3TR-C  a   3.839   5.416   7.604  g   0.023  -0.063   0.013[0m
[1;32muart:~$ [m[8D[J[00:03:21.666,000] [0m<inf> imu: LSM6DSV16X   a   4.122   5.438   7.877  g  -0.011   0.002  -0.002[0m
[1;32muart:~$ [m[8D[J[1;32muart:~$ [m[8D[J[00:03:21.666,000] [0m<inf> imu: ICM-42688-P  a   4.096   5.301   7.263  g   0.000  -0.005  -0.000[0m
[1;32muart:~$ [m[8D[J[00:03:21.767,000] [0m<inf> imu: LSM6DS3TR-C  a   3.878   5.349   7.616  g   0.025  -0.063   0.013[0m
[1;32muart:~$ [m[8D[J[1;32muart:~$ [m[8D[J[00:03:21.768,000] [0m<inf> imu: LSM6DSV16X   a   4.126   5.436   7.865  g  -0.012   0.002  -0.002[0m
[1;32muart:~$ [m[8D[J[00:03:21.769,000] [0m<inf> imu: ICM-42688-P  a   4.101   5.307   7.266  g  -0.001  -0.005  -0.001[0m
[1;32muart:~$ [m[8D[J[00:03:21.870,000] [0m<inf> imu: LSM6DS3TR-C  a   3.881   5.366   7.589  g   0.022  -0.062   0.014[0m
[1;32muart:~$ [m[8D[J[1;32muart:~$ [m[8D[J[00:03:21.871,000] [0m<inf> imu: LSM6DSV16X   a   4.128   5.437   7.880  g  -0.010   0.001  -0.002[0m
[1;32muart:~$ [m[8D[J[00:03:21.871,000] [0m<inf> imu: ICM-42688-P  a   4.095   5.294   7.268  g   0.000  -0.005  -0.001[0m
[1;32muart:~$ [m[8D[J[1;32muart:~$ [m[8D[J[00:03:21.972,000] [0m<inf> imu: LSM6DS3TR-C  a   3.871   5.314   7.590  g   0.024  -0.063   0.013[0m
[1;32muart:~$ [m[8D[J[00:03:21.973,000] [0m<inf> imu: LSM6DSV16X   a   4.117   5.444   7.877  g  -0.010   0.002  -0.002[0m
[1;32muart:~$ [m[8D[J[1;32muart:~$ [m[8D[J[00:03:21.974,000] [0m<inf> imu: ICM-42688-P  a   4.106   5.297   7.271  g  -0.000  -0.005   0.001[0m
[1;32muart:~$ [m[8D[J[00:03:22.075,000] [0m<inf> imu: LSM6DS3TR-C  a   3.884   5.367   7.589  g   0.024  -0.062   0.014[0m
[1;32muart:~$ [m[8D[J[1;32muart:~$ [m[8D[J[00:03:22.076,000] [0m<inf> imu: LSM6DSV16X   a   4.123   5.441   7.875  g  -0.012   0.002  -0.002[0m
[1;32muart:~$ [m[8D[J[00:03:22.076,000] [0m<inf> imu: ICM-42688-P  a   4.099   5.300   7.259  g   0.000  -0.005   0.001[0m
[1;32muart:~$ [m[8D[J[00:03:22.177,000] [0m<inf> imu: LSM6DS3TR-C  a   3.852   5.350   7.622  g   0.023  -0.063   0.014[0m
[1;32muart:~$ [m[8D[J[1;32muart:~$ [m[8D[J[00:03:22.178,000] [0m<inf> imu: LSM6DSV16X   a   4.129   5.444   7.874  g  -0.012   0.002  -0.002[0m
[1;32muart:~$ [m[8D[J[00:03:22.179,000] [0m<inf> imu: ICM-42688-P  a   4.118   5.288   7.238  g   0.000  -0.005   0.000[0m
[1;32muart:~$ [m[8D[J[1;32muart:~$ [m[8D[J[00:03:22.280,000] [0m<inf> imu: LSM6DS3TR-C  a   3.817   5.340   7.568  g   0.024  -0.062   0.014[0m
[1;32muart:~$ [m[8D[J[00:03:22.280,000] [0m<inf> imu: LSM6DSV16X   a   4.116   5.436   7.871  g  -0.012   0.002  -0.002[0m
[1;32muart:~$ [m[8D[J[1;32muart:~$ [m[8D[J[00:03:22.281,000] [0m<inf> imu: ICM-42688-P  a   4.105   5.292   7.263  g  -0.001  -0.005   0.000[0m
[1;32muart:~$ [m[8D[J[00:03:22.383,000] [0m<inf> imu: LSM6DS3TR-C  a   3.829   5.382   7.586  g   0.025  -0.062   0.016[0m
[1;32muart:~$ [m[8D[J[00:03:22.384,000] [0m<inf> imu: LSM6DSV16X   a   4.116   5.436   7.869  g  -0.012   0.002  -0.002[0m
[1;32muart:~$ [m[8D[J[1;32muart:~$ [m[8D[J[00:03:22.385,000] [0m<inf> imu: ICM-42688-P  a   4.101   5.301   7.259  g  -0.001  -0.005   0.000[0m
[1;32muart:~$ [m[8D[J[00:03:22.486,000] [0m<inf> imu: LSM6DS3TR-C  a   3.846   5.344   7.600  g   0.025  -0.062   0.014[0m
[1;32muart:~$ [m[8D[J[1;32muart:~$ [m[8D[J[00:03:22.487,000] [0m<inf> imu: LSM6DSV16X   a   4.125   5.456   7.881  g  -0.011   0.002  -0.002[0m
[1;32muart:~$ [m[8D[J[00:03:22.487,000] [0m<inf> imu: ICM-42688-P  a   4.112   5.313   7.269  g  -0.000  -0.005   0.000[0m
[1;32muart:~$ [m[8D[J[00:03:22.588,000] [0m<inf> imu: LSM6DS3TR-C  a   3.852   5.356   7.589  g   0.024  -0.063   0.013[0m
[1;32muart:~$ [m[8D[J[00:03:22.589,000] [0m<inf> imu: LSM6DSV16X   a   4.116   5.430   7.870  g  -0.012   0.002  -0.002[0m
[1;32muart:~$ [m[8D[J[1;32muart:~$ [m[8D[J[00:03:22.589,000] [0m<inf> imu: ICM-42688-P  a   4.100   5.290   7.253  g  -0.001  -0.005   0.000[0m
[1;32muart:~$ [m[8D[J[1;32muart:~$ [m[8D[J[00:03:22.690,000] [0m<inf> imu: LSM6DS3TR-C  a   3.830   5.393   7.585  g   0.025  -0.063   0.013[0m
[1;32muart:~$ [m[8D[J[00:03:22.691,000] [0m<inf> imu: LSM6DSV16X   a   4.128   5.444   7.872  g  -0.012   0.002  -0.002[0m
[1;32muart:~$ [m[8D[J[1;32muart:~$ [m[8D[J[00:03:22.692,000] [0m<inf> imu: ICM-42688-P  a   4.100   5.314   7.266  g  -0.001  -0.003   0.000[0m
[1;32muart:~$ [m[8D[J[00:03:22.793,000] [0m<inf> imu: LSM6DS3TR-C  a   3.829   5.344   7.621  g   0.024  -0.064   0.014[0m
[1;32muart:~$ [m[8D[J[1;32muart:~$ [m[8D[J[00:03:22.794,000] [0m<inf> imu: LSM6DSV16X   a   4.121   5.445   7.884  g  -0.010   0.002  -0.002[0m
[1;32muart:~$ [m[8D[J[00:03:22.794,000] [0m<inf> imu: ICM-42688-P  a   4.096   5.303   7.271  g   0.000  -0.005   0.000[0m
[1;32muart:~$ [m[8D[J[1;32muart:~$ [m[8D[J[00:03:22.895,000] [0m<inf> imu: LSM6DS3TR-C  a   3.852   5.358   7.592  g   0.023  -0.061   0.014[0m
[1;32muart:~$ [m[8D[J[00:03:22.896,000] [0m<inf> imu: LSM6DSV16X   a   4.131   5.439   7.855  g  -0.010   0.002  -0.001[0m
[1;32muart:~$ [m[8D[J[1;32muart:~$ [m[8D[J[00:03:22.896,000] [0m<inf> imu: ICM-42688-P  a   4.099   5.297   7.256  g  -0.001  -0.005   0.001[0m
[1;32muart:~$ [m[8D[J[00:03:22.998,000] [0m<inf> imu: LSM6DS3TR-C  a   3.852   5.360   7.601  g   0.025  -0.063   0.013[0m
[1;32muart:~$ [m[8D[J[00:03:22.998,000] [0m<inf> imu: LSM6DSV16X   a   4.137   5.446   7.882  g  -0.012   0.002  -0.002[0m
[1;32muart:~$ [m[8D[J[1;32muart:~$ [m[8D[J[00:03:22.999,000] [0m<inf> imu: ICM-42688-P  a   4.112   5.308   7.272  g   0.000  -0.005   0.001[0m
[1;32muart:~$ [m[8D[J[00:03:23.101,000] [0m<inf> imu: LSM6DS3TR-C  a   3.838   5.374   7.586  g   0.022  -0.062   0.013[0m
[1;32muart:~$ [m[8D[J[00:03:23.101,000] [0m<inf> imu: LSM6DSV16X   a   4.113   5.428   7.860  g  -0.011   0.002  -0.003[0m
[1;32muart:~$ [m[8D[J[00:03:23.102,000] [0m<inf> imu: ICM-42688-P  a   4.095   5.276   7.236  g   0.000  -0.005  -0.001[0m
[1;32muart:~$ [m[8D[J[1;32muart:~$ [m[8D[J[00:03:23.203,000] [0m<inf> imu: LSM6DS3TR-C  a   3.855   5.405   7.555  g   0.026  -0.064   0.013[0m
[1;32muart:~$ [m[8D[J[00:03:23.204,000] [0m<inf> imu: LSM6DSV16X   a   4.122   5.453   7.889  g  -0.011   0.002  -0.002[0m
[1;32muart:~$ [m[8D[J[00:03:23.204,000] [0m<inf> imu: ICM-42688-P  a   4.105   5.316   7.271  g  -0.001  -0.005   0.001[0m
[1;32muart:~$ [m[8D[J[1;32muart:~$ [m[8D[J[00:03:23.306,000] [0m<inf> imu: LSM6DS3TR-C  a   3.883   5.354   7.630  g   0.024  -0.061   0.014[0m
[1;32muart:~$ [m[8D[J[00:03:23.307,000] [0m<inf> imu: LSM6DSV16X   a   4.123   5.426   7.878  g  -0.012   0.002  -0.002[0m
[1;32muart:~$ [m[8D[J[1;32muart:~$ [m[8D[J[00:03:23.308,000] [0m<inf> imu: ICM-42688-P  a   4.100   5.294   7.257  g  -0.000  -0.005   0.001[0m
[1;32muart:~$ [m[8D[J[00:03:23.409,000] [0m<inf> imu: LSM6DS3TR-C  a   3.861   5.378   7.549  g   0.024  -0.063   0.014[0m
[1;32muart:~$ [m[8D[J[1;32muart:~$ [m[8D[J[00:03:23.410,000] [0m<inf> imu: LSM6DSV16X   a   4.129   5.446   7.865  g  -0.011   0.002  -0.002[0m
[1;32muart:~$ [m[8D[J[00:03:23.410,000] [0m<inf> imu: ICM-42688-P  a   4.118   5.322   7.272  g  -0.001  -0.005   0.000[0m
[1;32muart:~$ [m[8D[J[1;32muart:~$ [m[8D[J[00:03:23.511,000] [0m<inf> imu: LSM6DS3TR-C  a   3.854   5.358   7.563  g   0.025  -0.064   0.014[0m
[1;32muart:~$ [m[8D[J[00:03:23.512,000] [0m<inf> imu: LSM6DSV16X   a   4.116   5.444   7.872  g  -0.012   0.002  -0.002[0m
[1;32muart:~$ [m[8D[J[1;32muart:~$ [m[8D[J[00:03:23.513,000] [0m<inf> imu: ICM-42688-P  a   4.090   5.294   7.268  g  -0.002  -0.005   0.000[0m
[1;32muart:~$ [m[8D[J[00:03:23.614,000] [0m<inf> imu: LSM6DS3TR-C  a   3.830   5.371   7.585  g   0.026  -0.063   0.015[0m
[1;32muart:~$ [m[8D[J[00:03:23.614,000] [0m<inf> imu: LSM6DSV16X   a   4.120   5.448   7.879  g  -0.011   0.002  -0.002[0m
[1;32muart:~$ [m[8D[J[1;32muart:~$ [m[8D[J[00:03:23.615,000] [0m<inf> imu: ICM-42688-P  a   4.105   5.302   7.259  g   0.000  -0.005   0.000[0m
[1;32muart:~$ [m[8D[J[00:03:23.717,000] [0m<inf> imu: LSM6DS3TR-C  a   3.869   5.369   7.610  g   0.024  -0.061   0.015[0m
[1;32muart:~$ [m[8D[J[1;32muart:~$ [m[8D[J[00:03:23.717,000] [0m<inf> imu: LSM6DSV16X   a   4.116   5.438   7.878  g  -0.011   0.002  -0.002[0m
[1;32muart:~$ [m[8D[J[00:03:23.718,000] [0m<inf> imu: ICM-42688-P  a   4.112   5.295   7.257  g  -0.001  -0.005  -0.001[0m
[1;32muart:~$ [m[8D[J[00:03:23.819,000] [0m<inf> imu: LSM6DS3TR-C  a   3.846   5.411   7.641  g   0.024  -0.062   0.014[0m
[1;32muart:~$ [m[8D[J[1;32muart:~$ [m[8D[J[00:03:23.820,000] [0m<inf> imu: LSM6DSV16X   a   4.123   5.444   7.875  g  -0.011   0.002  -0.002[0m
[1;32muart:~$ [m[8D[J[00:03:23.820,000] [0m<inf> imu: ICM-42688-P  a   4.108   5.309   7.278  g   0.000  -0.005  -0.000[0m
[1;32muart:~$ [m[8D[J[1;32muart:~$ [m[8D[J[00:03:23.921,000] [0m<inf> imu: LSM6DS3TR-C  a   3.820   5.341   7.609  g   0.025  -0.060   0.014[0m
[1;32muart:~$ [m[8D[J[00:03:23.923,000] [0m<inf> imu: LSM6DSV16X   a   4.120   5.438   7.868  g  -0.011   0.002  -0.003[0m
[1;32muart:~$ [m[8D[J[1;32muart:~$ [m[8D[J[00:03:23.923,000] [0m<inf> imu: ICM-42688-P  a   4.105   5.297   7.262  g  -0.001  -0.005   0.001[0m
[1;32muart:~$ [m[8D[J[00:03:24.024,000] [0m<inf> imu: LSM6DS3TR-C  a   3.861   5.387   7.546  g   0.024  -0.062   0.014[0m
[1;32muart:~$ [m[8D[J[00:03:24.025,000] [0m<inf> imu: LSM6DSV16X   a   4.120   5.442   7.877  g  -0.011   0.002  -0.002[0m
[1;32muart:~$ [m[8D[J[00:03:24.026,000] [0m<inf> imu: ICM-42688-P  a   4.112   5.292   7.272  g  -0.001  -0.005   0.001[0m
[1;32muart:~$ [m[8D[J[1;32muart:~$ [m[8D[J[00:03:24.127,000] [0m<inf> imu: LSM6DS3TR-C  a   3.861   5.350   7.598  g   0.024  -0.062   0.014[0m
[1;32muart:~$ [m[8D[J[00:03:24.127,000] [0m<inf> imu: LSM6DSV16X   a   4.123   5.439   7.865  g  -0.012   0.002  -0.002[0m
[1;32muart:~$ [m[8D[J[1;32muart:~$ [m[8D[J[00:03:24.128,000] [0m<inf> imu: ICM-42688-P  a   4.111   5.303   7.246  g   0.000  -0.005   0.000[0m
[1;32muart:~$ [m[8D[J[00:03:24.229,000] [0m<inf> imu: LSM6DS3TR-C  a   3.837   5.335   7.586  g   0.024  -0.064   0.014[0m
[1;32muart:~$ [m[8D[J[1;32muart:~$ [m[8D[J[00:03:24.230,000] [0m<inf> imu: LSM6DSV16X   a   4.097   5.434   7.891  g  -0.013   0.002  -0.002[0m
[1;32muart:~$ [m[8D[J[00:03:24.230,000] [0m<inf> imu: ICM-42688-P  a   4.071   5.289   7.269  g  -0.001  -0.005   0.001[0m
[1;32muart:~$ [m[8D[J[00:03:24.332,000] [0m<inf> imu: LSM6DS3TR-C  a   3.852   5.389   7.596  g   0.024  -0.062   0.013[0m
[1;32muart:~$ [m[8D[J[00:03:24.333,000] [0m<inf> imu: LSM6DSV16X   a   4.132   5.474   7.875  g  -0.011   0.002  -0.003[0m
[1;32muart:~$ [m[8D[J[1;32muart:~$ [m[8D[J[00:03:24.333,000] [0m<inf> imu: ICM-42688-P  a   4.108   5.328   7.269  g   0.000  -0.005  -0.001[0m
[1;32muart:~$ [m[8D[J[00:03:24.434,000] [0m<inf> imu: LSM6DS3TR-C  a   3.836   5.359   7.610  g   0.024  -0.063   0.014[0m
[1;32muart:~$ [m[8D[J[00:03:24.435,000] [0m<inf> imu: LSM6DSV16X   a   4.120   5.410   7.875  g  -0.014   0.002  -0.003[0m
[1;32muart:~$ [m[8D[J[1;32muart:~$ [m[8D[J[00:03:24.436,000] [0m<inf> imu: ICM-42688-P  a   4.081   5.288   7.287  g  -0.002  -0.005  -0.001[0m
[1;32muart:~$ [m[8D[J[00:03:24.537,000] [0m<inf> imu: LSM6DS3TR-C  a   3.863   5.398   7.601  g   0.025  -0.063   0.015[0m
[1;32muart:~$ [m[8D[J[1;32muart:~$ [m[8D[J[00:03:24.537,000] [0m<inf> imu: LSM6DSV16X   a   4.147   5.453   7.861  g  -0.012   0.002  -0.002[0m
[1;32muart:~$ [m[8D[J[00:03:24.538,000] [0m<inf> imu: ICM-42688-P  a   4.138   5.322   7.259  g  -0.001  -0.005   0.000[0m
[1;32muart:~$ [m[8D[J[1;32muart:~$ [m[8D[J[00:03:24.639,000] [0m<inf> imu: LSM6DS3TR-C  a   3.853   5.358   7.572  g   0.026  -0.063   0.014[0m
[1;32muart:~$ [m[8D[J[00:03:24.640,000] [0m<inf> imu: LSM6DSV16X   a   4.113   5.436   7.881  g  -0.011   0.002  -0.002[0m
[1;32muart:~$ [m[8D[J[1;32muart:~$ [m[8D[J[00:03:24.640,000] [0m<inf> imu: ICM-42688-P  a   4.092   5.280   7.272  g  -0.001  -0.005   0.001[0m
[1;32muart:~$ [m[8D[J[00:03:24.741,000] [0m<inf> imu: LSM6DS3TR-C  a   3.828   5.384   7.605  g   0.025  -0.062   0.014[0m
[1;32muart:~$ [m[8D[J[1;32muart:~$ [m[8D[J[00:03:24.742,000] [0m<inf> imu: LSM6DSV16X   a   4.104   5.444   7.878  g  -0.012   0.002  -0.002[0m
[1;32muart:~$ [m[8D[J[00:03:24.743,000] [0m<inf> imu: ICM-42688-P  a   4.079   5.302   7.266  g  -0.001  -0.005  -0.000[0m
[1;32muart:~$ [m[8D[J[1;32muart:~$ [m[8D[J[00:03:24.844,000] [0m<inf> imu: LSM6DS3TR-C  a   3.873   5.353   7.590  g   0.025  -0.062   0.015[0m
[1;32muart:~$ [m[8D[J[00:03:24.844,000] [0m<inf> imu: LSM6DSV16X   a   4.125   5.441   7.873  g  -0.010   0.002  -0.002[0m
[1;32muart:~$ [m[8D[J[1;32muart:~$ [m[8D[J[00:03:24.845,000] [0m<inf> imu: ICM-42688-P  a   4.104   5.302   7.254  g  -0.001  -0.005  -0.001[0m
[1;32muart:~$ [m[8D[J[00:03:24.946,000] [0m<inf> imu: LSM6DS3TR-C  a   3.851   5.349   7.573  g   0.024  -0.063   0.014[0m
[1;32muart:~$ [m[8D[J[00:03:24.947,000] [0m<inf> imu: LSM6DSV16X   a   4.122   5.427   7.869  g  -0.011   0.002  -0.002[0m
[1;32muart:~$ [m[8D[J[1;32muart:~$ [m[8D[J[00:03:24.947,000] [0m<inf> imu: ICM-42688-P  a   4.108   5.291   7.272  g  -0.001  -0.005  -0.001[0m
[1;32muart:~$ [m[8D[J[00:03:25.048,000] [0m<inf> imu: LSM6DS3TR-C  a   3.821   5.332   7.568  g   0.024  -0.064   0.014[0m
[1;32muart:~$ [m[8D[J[00:03:25.050,000] [0m<inf> imu: LSM6DSV16X   a   4.123   5.454   7.873  g  -0.012   0.002  -0.002[0m
[1;32muart:~$ [m[8D[J[1;32muart:~$ [m[8D[J[00:03:25.050,000] [0m<inf> imu: ICM-42688-P  a   4.108   5.301   7.262  g  -0.001  -0.006   0.000[0m
[1;32muart:~$ [m[8D[J[00:03:25.152,000] [0m<inf> imu: LSM6DS3TR-C  a   3.842   5.384   7.609  g   0.024  -0.061   0.013[0m
[1;32muart:~$ [m[8D[J[00:03:25.152,000] [0m<inf> imu: LSM6DSV16X   a   4.126   5.439   7.887  g  -0.012   0.002  -0.003[0m
[1;32muart:~$ [m[8D[J[00:03:25.153,000] [0m<inf> imu: ICM-42688-P  a   4.085   5.291   7.268  g   0.000  -0.005   0.001[0m
[1;32muart:~$ [m[8D[J[1;32muart:~$ [m[8D[J[00:03:25.255,000] [0m<inf> imu: LSM6DS3TR-C  a   3.836   5.374   7.613  g   0.026  -0.063   0.013[0m
[1;32muart:~$ [m[8D[J[00:03:25.256,000] [0m<inf> imu: LSM6DSV16X   a   4.123   5.441   7.865  g  -0.012   0.002  -0.002[0m
[1;32muart:~$ [m[8D[J[1;32muart:~$ [m[8D[J[00:03:25.257,000] [0m<inf> imu: ICM-42688-P  a   4.100   5.310   7.259  g  -0.000  -0.005   0.000[0m
[1;32muart:~$ [m[8D[J[00:03:25.358,000] [0m<inf> imu: LSM6DS3TR-C  a   3.836   5.408   7.626  g   0.024  -0.063   0.013[0m
[1;32muart:~$ [m[8D[J[1;32muart:~$ [m[8D[J[00:03:25.358,000] [0m<inf> imu: LSM6DSV16X   a   4.125   5.436   7.865  g  -0.012   0.002  -0.003[0m
[1;32muart:~$ [m[8D[J[00:03:25.359,000] [0m<inf> imu: ICM-42688-P  a   4.100   5.309   7.274  g   0.000  -0.004   0.001[0m
[1;32muart:~$ [m[8D[J[1;32muart:~$ [m[8D[J[00:03:25.460,000] [0m<inf> imu: LSM6DS3TR-C  a   3.849   5.357   7.624  g   0.025  -0.063   0.016[0m
[1;32muart:~$ [m[8D[J[00:03:25.461,000] [0m<inf> imu: LSM6DSV16X   a   4.125   5.439   7.868  g  -0.012   0.002  -0.002[0m
[1;32muart:~$ [m[8D[J[1;32muart:~$ [m[8D[J[00:03:25.461,000] [0m<inf> imu: ICM-42688-P  a   4.110   5.297   7.259  g   0.000  -0.005   0.001[0m
[1;32muart:~$ [m[8D[J[00:03:25.562,000] [0m<inf> imu: LSM6DS3TR-C  a   3.881   5.376   7.618  g   0.024  -0.064   0.014[0m
[1;32muart:~$ [m[8D[J[00:03:25.563,000] [0m<inf> imu: LSM6DSV16X   a   4.123   5.451   7.879  g  -0.011   0.002  -0.002[0m
[1;32muart:~$ [m[8D[J[1;32muart:~$ [m[8D[J[00:03:25.563,000] [0m<inf> imu: ICM-42688-P  a   4.101   5.309   7.274  g  -0.002  -0.005  -0.001[0m
[1;32muart:~$ [m[8D[J[00:03:25.666,000] [0m<inf> imu: LSM6DS3TR-C  a   3.839   5.322   7.594  g   0.023  -0.064   0.013[0m
[1;32muart:~$ [m[8D[J[1;32muart:~$ [m[8D[J[00:03:25.666,000] [0m<inf> imu: LSM6DSV16X   a   4.119   5.434   7.863  g  -0.011   0.001  -0.002[0m
[1;32muart:~$ [m[8D[J[00:03:25.667,000] [0m<inf> imu: ICM-42688-P  a   4.126   5.304   7.259  g  -0.001  -0.005   0.000[0m
[1;32muart:~$ [m[8D[J[1;32muart:~$ [m[8D[J[00:03:25.768,000] [0m<inf> imu: LSM6DS3TR-C  a   3.820   5.364   7.593  g   0.024  -0.060   0.016[0m
[1;32muart:~$ [m[8D[J[00:03:25.769,000] [0m<inf> imu: LSM6DSV16X   a   4.125   5.444   7.874  g  -0.011   0.002  -0.002[0m
[1;32muart:~$ [m[8D[J[00:03:25.770,000] [0m<inf> imu: ICM-42688-P  a   4.105   5.312   7.263  g  -0.001  -0.006   0.000[0m
[1;32muart:~$ [m[8D[J[1;32muart:~$ [m[8D[J[00:03:25.871,000] [0m<inf> imu: LSM6DS3TR-C  a   3.850   5.371   7.611  g   0.023  -0.062   0.013[0m
[1;32muart:~$ [m[8D[J[00:03:25.873,000] [0m<inf> imu: LSM6DSV16X   a   4.113   5.439   7.872  g  -0.011   0.002  -0.002[0m
[1;32muart:~$ [m[8D[J[1;32muart:~$ [m[8D[J[00:03:25.873,000] [0m<inf> imu: ICM-42688-P  a   4.100   5.304   7.259  g   0.000  -0.005   0.000[0m
[1;32muart:~$ [m[8D[J[00:03:25.974,000] [0m<inf> imu: LSM6DS3TR-C  a   3.864   5.334   7.580  g   0.029  -0.062   0.014[0m
[1;32muart:~$ [m[8D[J[1;32muart:~$ [m[8D[J[00:03:25.975,000] [0m<inf> imu: LSM6DSV16X   a   4.128   5.446   7.877  g  -0.013   0.002  -0.002[0m
[1;32muart:~$ [m[8D[J[00:03:25.975,000] [0m<inf> imu: ICM-42688-P  a   4.108   5.318   7.268  g  -0.001  -0.005  -0.001[0m
[1;32muart:~$ [m[8D[J[1;32muart:~$ [m[8D[J[00:03:26.076,000] [0m<inf> imu: LSM6DS3TR-C  a   3.821   5.340   7.577  g   0.026  -0.064   0.013[0m
[1;32muart:~$ [m[8D[J[00:03:26.077,000] [0m<inf> imu: LSM6DSV16X   a   4.129   5.448   7.887  g  -0.012   0.001  -0.003[0m
[1;32muart:~$ [m[8D[J[1;32muart:~$ [m[8D[J[00:03:26.078,000] [0m<inf> imu: ICM-42688-P  a   4.107   5.310   7.264  g   0.001  -0.006   0.001[0m
[1;32muart:~$ [m[8D[J[00:03:26.179,000] [0m<inf> imu: LSM6DS3TR-C  a   3.852   5.385   7.568  g   0.025  -0.063   0.015[0m
[1;32muart:~$ [m[8D[J[00:03:26.179,000] [0m<inf> imu: LSM6DSV16X   a   4.118   5.444   7.865  g  -0.011   0.002  -0.002[0m
[1;32muart:~$ [m[8D[J[1;32muart:~$ [m[8D[J[00:03:26.180,000] [0m<inf> imu: ICM-42688-P  a   4.108   5.301   7.254  g   0.000  -0.005   0.000[0m
[1;32muart:~$ [m[8D[J[00:03:26.281,000] [0m<inf> imu: LSM6DS3TR-C  a   3.865   5.400   7.607  g   0.024  -0.062   0.015[0m
[1;32muart:~$ [m[8D[J[1;32muart:~$ [m[8D[J[00:03:26.282,000] [0m<inf> imu: LSM6DSV16X   a   4.126   5.448   7.889  g  -0.012   0.002  -0.003[0m
[1;32muart:~$ [m[8D[J[00:03:26.284,000] [0m<inf> imu: ICM-42688-P  a   4.104   5.302   7.269  g  -0.001  -0.006  -0.001[0m
[1;32muart:~$ [m[8D[J[00:03:26.385,000] [0m<inf> imu: LSM6DS3TR-C  a   3.871   5.353   7.605  g   0.025  -0.063   0.017[0m
[1;32muart:~$ [m[8D[J[1;32muart:~$ [m[8D[J[00:03:26.386,000] [0m<inf> imu: LSM6DSV16X   a   4.121   5.453   7.878  g  -0.013   0.002  -0.002[0m
[1;32muart:~$ [m[8D[J[00:03:26.386,000] [0m<inf> imu: ICM-42688-P  a   4.094   5.297   7.257  g   0.001  -0.004   0.001[0m
[1;32muart:~$ [m[8D[J[00:03:26.487,000] [0m<inf> imu: LSM6DS3TR-C  a   3.852   5.372   7.591  g   0.024  -0.064   0.015[0m
[1;32muart:~$ [m[8D[J[00:03:26.488,000] [0m<inf> imu: LSM6DSV16X   a   4.120   5.441   7.883  g  -0.012   0.002  -0.003[0m
[1;32muart:~$ [m[8D[J[1;32muart:~$ [m[8D[J[00:03:26.489,000] [0m<inf> imu: ICM-42688-P  a   4.106   5.307   7.280  g  -0.001  -0.005  -0.001[0m
[1;32muart:~$ [m[8D[J[1;32muart:~$ [m[8D[J[00:03:26.590,000] [0m<inf> imu: LSM6DS3TR-C  a   3.877   5.341   7.617  g   0.022  -0.061   0.014[0m
[1;32muart:~$ [m[8D[J[00:03:26.590,000] [0m<inf> imu: LSM6DSV16X   a   4.119   5.451   7.878  g  -0.012   0.002  -0.002[0m
[1;32muart:~$ [m[8D[J[1;32muart:~$ [m[8D[J[00:03:26.591,000] [0m<inf> imu: ICM-42688-P  a   4.101   5.313   7.256  g  -0.001  -0.006  -0.001[0m
[1;32muart:~$ [m[8D[J[00:03:26.692,000] [0m<inf> imu: LSM6DS3TR-C  a   3.864   5.380   7.586  g   0.024  -0.061   0.011[0m
[1;32muart:~$ [m[8D[J[1;32muart:~$ [m[8D[J[00:03:26.693,000] [0m<inf> imu: LSM6DSV16X   a   4.110   5.435   7.884  g  -0.012   0.001  -0.002[0m
[1;32muart:~$ [m[8D[J[00:03:26.693,000] [0m<inf> imu: ICM-42688-P  a   4.089   5.296   7.259  g  -0.001  -0.005   0.001[0m
[1;32muart:~$ [m[8D[J[1;32muart:~$ [m[8D[J[00:03:26.794,000] [0m<inf> imu: LSM6DS3TR-C  a   3.870   5.345   7.585  g   0.024  -0.063   0.014[0m
[1;32muart:~$ [m[8D[J[00:03:26.795,000] [0m<inf> imu: LSM6DSV16X   a   4.111   5.429   7.853  g  -0.013   0.002  -0.002[0m
[1;32muart:~$ [m[8D[J[1;32muart:~$ [m[8D[J[00:03:26.796,000] [0m<inf> imu: ICM-42688-P  a   4.093   5.284   7.259  g  -0.001  -0.005   0.000[0m
[1;32muart:~$ [m[8D[J[00:03:26.897,000] [0m<inf> imu: LSM6DS3TR-C  a   3.870   5.326   7.571  g   0.026  -0.062   0.016[0m
[1;32muart:~$ [m[8D[J[00:03:26.897,000] [0m<inf> imu: LSM6DSV16X   a   4.135   5.434   7.871  g  -0.011   0.002  -0.002[0m
[1;32muart:~$ [m[8D[J[1;32muart:~$ [m[8D[J[00:03:26.898,000] [0m<inf> imu: ICM-42688-P  a   4.108   5.285   7.253  g   0.001  -0.005   0.000[0m
[1;32muart:~$ [m[8D[J[00:03:27.000,000] [0m<inf> imu: LSM6DS3TR-C  a   3.858   5.338   7.603  g   0.021  -0.063   0.015[0m
[1;32muart:~$ [m[8D[J[1;32muart:~$ [m[8D[J[00:03:27.001,000] [0m<inf> imu: LSM6DSV16X   a   4.119   5.441   7.887  g  -0.013   0.001   0.000[0m
[1;32muart:~$ [m[8D[J[00:03:27.001,000] [0m<inf> imu: ICM-42688-P  a   4.107   5.308   7.283  g  -0.001  -0.005   0.002[0m
[1;32muart:~$ [m[8D[J[00:03:27.102,000] [0m<inf> imu: LSM6DS3TR-C  a   3.873   5.377   7.624  g   0.025  -0.063   0.014[0m
[1;32muart:~$ [m[8D[J[1;32muart:~$ [m[8D[J[00:03:27.103,000] [0m<inf> imu: LSM6DSV16X   a   4.123   5.443   7.868  g  -0.012   0.002  -0.003[0m
[1;32muart:~$ [m[8D[J[00:03:27.104,000] [0m<inf> imu: ICM-42688-P  a   4.118   5.292   7.242  g  -0.001  -0.005  -0.001[0m
[1;32muart:~$ [m[8D[J[00:03:27.205,000] [0m<inf> imu: LSM6DS3TR-C  a   3.841   5.323   7.645  g   0.024  -0.063   0.015[0m
[1;32muart:~$ [m[8D[J[00:03:27.205,000] [0m<inf> imu: LSM6DSV16X   a   4.132   5.428   7.872  g  -0.012   0.002  -0.003[0m
[1;32muart:~$ [m[8D[J[00:03:27.206,000] [0m<inf> imu: ICM-42688-P  a   4.096   5.288   7.280  g  -0.001  -0.004  -0.001[0m
[1;32muart:~$ [m[8D[J[1;32muart:~$ [m[8D[J[00:03:27.307,000] [0m<inf> imu: LSM6DS3TR-C  a   3.833   5.359   7.589  g   0.025  -0.064   0.012[0m
[1;32muart:~$ [m[8D[J[00:03:27.308,000] [0m<inf> imu: LSM6DSV16X   a   4.132   5.448   7.845  g  -0.011   0.003  -0.002[0m
[1;32muart:~$ [m[8D[J[1;32muart:~$ [m[8D[J[00:03:27.308,000] [0m<inf> imu: ICM-42688-P  a   4.107   5.301   7.246  g   0.000  -0.005   0.000[0m
[1;32muart:~$ [m[8D[J[00:03:27.409,000] [0m<inf> imu: LSM6DS3TR-C  a   3.848   5.371   7.601  g   0.024  -0.064   0.013[0m
[1;32muart:~$ [m[8D[J[1;32muart:~$ [m[8D[J[00:03:27.410,000] [0m<inf> imu: LSM6DSV16X   a   4.121   5.439   7.880  g  -0.012   0.002  -0.002[0m
[1;32muart:~$ [m[8D[J[00:03:27.411,000] [0m<inf> imu: ICM-42688-P  a   4.088   5.296   7.268  g  -0.001  -0.005   0.001[0m
[1;32muart:~$ [m[8D[J[1;32muart:~$ [m[8D[J[00:03:27.512,000] [0m<inf> imu: LSM6DS3TR-C  a   3.840   5.358   7.566  g   0.024  -0.061   0.013[0m
[1;32muart:~$ [m[8D[J[00:03:27.512,000] [0m<inf> imu: LSM6DSV16X   a   4.118   5.437   7.875  g  -0.011   0.003  -0.002[0m
[1;32muart:~$ [m[8D[J[1;32muart:~$ [m[8D[J[00:03:27.513,000] [0m<inf> imu: ICM-42688-P  a   4.100   5.301   7.258  g  -0.001  -0.005  -0.001[0m
[1;32muart:~$ [m[8D[J[00:03:27.614,000] [0m<inf> imu: LSM6DS3TR-C  a   3.876   5.362   7.573  g   0.025  -0.062   0.015[0m
[1;32muart:~$ [m[8D[J[00:03:27.615,000] [0m<inf> imu: LSM6DSV16X   a   4.126   5.436   7.859  g  -0.012   0.002  -0.002[0m
[1;32muart:~$ [m[8D[J[1;32muart:~$ [m[8D[J[00:03:27.615,000] [0m<inf> imu: ICM-42688-P  a   4.112   5.302   7.258  g   0.001  -0.005   0.000[0m
[1;32muart:~$ [m[8D[J[00:03:27.717,000] [0m<inf> imu: LSM6DS3TR-C  a   3.862   5.355   7.585  g   0.024  -0.062   0.015[0m
[1;32muart:~$ [m[8D[J[00:03:27.718,000] [0m<inf> imu: LSM6DSV16X   a   4.125   5.432   7.873  g  -0.011   0.002  -0.003[0m
[1;32muart:~$ [m[8D[J[1;32muart:~$ [m[8D[J[00:03:27.719,000] [0m<inf> imu: ICM-42688-P  a   4.092   5.282   7.256  g   0.001  -0.004  -0.001[0m
[1;32muart:~$ [m[8D[J[00:03:27.820,000] [0m<inf> imu: LSM6DS3TR-C  a   3.852   5.362   7.577  g   0.025  -0.063   0.013[0m
[1;32muart:~$ [m[8D[J[1;32muart:~$ [m[8D[J[00:03:27.821,000] [0m<inf> imu: LSM6DSV16X   a   4.128   5.436   7.861  g  -0.011   0.002  -0.002[0m
[1;32muart:~$ [m[8D[J[00:03:27.821,000] [0m<inf> imu: ICM-42688-P  a   4.101   5.314   7.269  g   0.001  -0.006  -0.000[0m
[1;32muart:~$ [m[8D[J[1;32muart:~$ [m[8D[J[00:03:27.922,000] [0m<inf> imu: LSM6DS3TR-C  a   3.837   5.352   7.580  g   0.025  -0.060   0.012[0m
[1;32muart:~$ [m[8D[J[00:03:27.923,000] [0m<inf> imu: LSM6DSV16X   a   4.123   5.425   7.865  g  -0.011   0.003  -0.003[0m
[1;32muart:~$ [m[8D[J[1;32muart:~$ [m[8D[J[00:03:27.924,000] [0m<inf> imu: ICM-42688-P  a   4.093   5.294   7.259  g   0.001  -0.005   0.001[0m
[1;32muart:~$ [m[8D[J[00:03:28.025,000] [0m<inf> imu: LSM6DS3TR-C  a   3.893   5.377   7.607  g   0.026  -0.063   0.014[0m
[1;32muart:~$ [m[8D[J[00:03:28.026,000] [0m<inf> imu: LSM6DSV16X   a   4.132   5.448   7.877  g  -0.012   0.002  -0.003[0m
[1;32muart:~$ [m[8D[J[00:03:28.026,000] [0m<inf> imu: ICM-42688-P  a   4.119   5.307   7.270  g   0.000  -0.004   0.000[0m
[1;32muart:~$ [m[8D[J[1;32muart:~$ [m[8D[J[00:03:28.127,000] [0m<inf> imu: LSM6DS3TR-C  a   3.832   5.339   7.609  g   0.023  -0.062   0.014[0m
[1;32muart:~$ [m[8D[J[00:03:28.128,000] [0m<inf> imu: LSM6DSV16X   a   4.111   5.425   7.872  g  -0.011   0.002  -0.002[0m
[1;32muart:~$ [m[8D[J[1;32muart:~$ [m[8D[J[00:03:28.128,000] [0m<inf> imu: ICM-42688-P  a   4.090   5.284   7.259  g  -0.001  -0.005   0.000[0m
[1;32muart:~$ [m[8D[J[00:03:28.229,000] [0m<inf> imu: LSM6DS3TR-C  a   3.849   5.389   7.621  g   0.024  -0.064   0.013[0m
[1;32muart:~$ [m[8D[J[1;32muart:~$ [m[8D[J[00:03:28.230,000] [0m<inf> imu: LSM6DSV16X   a   4.130   5.447   7.872  g  -0.010   0.002  -0.003[0m
[1;32muart:~$ [m[8D[J[00:03:28.231,000] [0m<inf> imu: ICM-42688-P  a   4.112   5.310   7.272  g   0.000  -0.005  -0.001[0m
[1;32muart:~$ [m[8D[J[00:03:28.333,000] [0m<inf> imu: LSM6DS3TR-C  a   3.845   5.337   7.564  g   0.023  -0.063   0.014[0m
[1;32muart:~$ [m[8D[J[00:03:28.333,000] [0m<inf> imu: LSM6DSV16X   a   4.119   5.427   7.851  g  -0.012   0.002  -0.002[0m
[1;32muart:~$ [m[8D[J[1;32muart:~$ [m[8D[J[00:03:28.334,000] [0m<inf> imu: ICM-42688-P  a   4.107   5.286   7.256  g  -0.001  -0.006  -0.001[0m
[1;32muart:~$ [m[8D[J[00:03:28.436,000] [0m<inf> imu: LSM6DS3TR-C  a   3.842   5.353   7.602  g   0.025  -0.060   0.015[0m
[1;32muart:~$ [m[8D[J[00:03:28.436,000] [0m<inf> imu: LSM6DSV16X   a   4.128   5.441   7.872  g  -0.011   0.003  -0.002[0m
[1;32muart:~$ [m[8D[J[1;32muart:~$ [m[8D[J[00:03:28.437,000] [0m<inf> imu: ICM-42688-P  a   4.111   5.309   7.256  g  -0.001  -0.005   0.000[0m
[1;32muart:~$ [m[8D[J[00:03:28.538,000] [0m<inf> imu: LSM6DS3TR-C  a   3.808   5.369   7.574  g   0.024  -0.063   0.015[0m
[1;32muart:~$ [m[8D[J[1;32muart:~$ [m[8D[J[00:03:28.539,000] [0m<inf> imu: LSM6DSV16X   a   4.123   5.429   7.860  g  -0.012   0.002  -0.002[0m
[1;32muart:~$ [m[8D[J[00:03:28.539,000] [0m<inf> imu: ICM-42688-P  a   4.111   5.297   7.248  g  -0.001  -0.006   0.001[0m
[1;32muart:~$ [m[8D[J[1;32muart:~$ [m[8D[J[00:03:28.640,000] [0m<inf> imu: LSM6DS3TR-C  a   3.876   5.349   7.554  g   0.024  -0.064   0.014[0m
[1;32muart:~$ [m[8D[J[00:03:28.641,000] [0m<inf> imu: LSM6DSV16X   a   4.115   5.441   7.878  g  -0.012   0.003  -0.003[0m
[1;32muart:~$ [m[8D[J[1;32muart:~$ [m[8D[J[00:03:28.641,000] [0m<inf> imu: ICM-42688-P  a   4.095   5.307   7.246  g  -0.001  -0.005   0.000[0m
[1;32muart:~$ [m[8D[J[00:03:28.742,000] [0m<inf> imu: LSM6DS3TR-C  a   3.824   5.350   7.580  g   0.026  -0.062   0.013[0m
[1;32muart:~$ [m[8D[J[1;32muart:~$ [m[8D[J[00:03:28.743,000] [0m<inf> imu: LSM6DSV16X   a   4.116   5.429   7.860  g  -0.011   0.002  -0.003[0m
[1;32muart:~$ [m[8D[J[00:03:28.744,000] [0m<inf> imu: ICM-42688-P  a   4.101   5.292   7.244  g   0.000  -0.005   0.000[0m
[1;32muart:~$ [m[8D[J[1;32muart:~$ [m[8D[J[00:03:28.845,000] [0m<inf> imu: LSM6DS3TR-C  a   3.870   5.362   7.585  g   0.024  -0.063   0.013[0m
[1;32muart:~$ [m[8D[J[00:03:28.845,000] [0m<inf> imu: LSM6DSV16X   a   4.132   5.453   7.874  g  -0.011   0.002  -0.002[0m
[1;32muart:~$ [m[8D[J[1;32muart:~$ [m[8D[J[00:03:28.846,000] [0m<inf> imu: ICM-42688-P  a   4.105   5.314   7.284  g  -0.000  -0.006   0.000[0m
[1;32muart:~$ [m[8D[J[00:03:28.947,000] [0m<inf> imu: LSM6DS3TR-C  a   3.843   5.350   7.570  g   0.026  -0.062   0.013[0m
[1;32muart:~$ [m[8D[J[00:03:28.948,000] [0m<inf> imu: LSM6DSV16X   a   4.118   5.432   7.855  g  -0.011   0.002  -0.002[0m
[1;32muart:~$ [m[8D[J[1;32muart:~$ [m[8D[J[00:03:28.948,000] [0m<inf> imu: ICM-42688-P  a   4.111   5.286   7.256  g   0.000  -0.005   0.001[0m
[1;32muart:~$ [m[8D[J[00:03:29.050,000] [0m<inf> imu: LSM6DS3TR-C  a   3.873   5.377   7.593  g   0.025  -0.062   0.013[0m
[1;32muart:~$ [m[8D[J[1;32muart:~$ [m[8D[J[00:03:29.051,000] [0m<inf> imu: LSM6DSV16X   a   4.123   5.453   7.887  g  -0.010   0.002  -0.002[0m
[1;32muart:~$ [m[8D[J[00:03:29.051,000] [0m<inf> imu: ICM-42688-P  a   4.105   5.302   7.252  g   0.000  -0.005   0.000[0m
[1;32muart:~$ [m[8D[J[00:03:29.152,000] [0m<inf> imu: LSM6DS3TR-C  a   3.820   5.397   7.584  g   0.024  -0.061   0.014[0m
[1;32muart:~$ [m[8D[J[1;32muart:~$ [m[8D[J[00:03:29.153,000] [0m<inf> imu: LSM6DSV16X   a   4.116   5.439   7.865  g  -0.012   0.002  -0.002[0m
[1;32muart:~$ [m[8D[J[00:03:29.154,000] [0m<inf> imu: ICM-42688-P  a   4.083   5.295   7.272  g   0.000  -0.005   0.000[0m
[1;32muart:~$ [m[8D[J[1;32muart:~$ [m[8D[J[00:03:29.255,000] [0m<inf> imu: LSM6DS3TR-C  a   3.846   5.369   7.606  g   0.025  -0.064   0.015[0m
[1;32muart:~$ [m[8D[J[00:03:29.256,000] [0m<inf> imu: LSM6DSV16X   a   4.128   5.446   7.868  g  -0.012   0.002  -0.002[0m
[1;32muart:~$ [m[8D[J[1;32muart:~$ [m[8D[J[00:03:29.257,000] [0m<inf> imu: ICM-42688-P  a   4.099   5.304   7.252  g   0.000  -0.005   0.000[0m
[1;32muart:~$ [m[8D[J[00:03:29.358,000] [0m<inf> imu: LSM6DS3TR-C  a   3.900   5.350   7.546  g   0.023  -0.061   0.015[0m
[1;32muart:~$ [m[8D[J[1;32muart:~$ [m[8D[J[00:03:29.359,000] [0m<inf> imu: LSM6DSV16X   a   4.123   5.432   7.855  g  -0.011   0.001  -0.002[0m
[1;32muart:~$ [m[8D[J[00:03:29.359,000] [0m<inf> imu: ICM-42688-P  a   4.125   5.286   7.257  g   0.000  -0.005   0.001[0m
[1;32muart:~$ [m[8D[J[1;32muart:~$ [m[8D[J[00:03:29.460,000] [0m<inf> imu: LSM6DS3TR-C  a   3.848   5.365   7.582  g   0.025  -0.063   0.015[0m
[1;32muart:~$ [m[8D[J[00:03:29.461,000] [0m<inf> imu: LSM6DSV16X   a   4.127   5.450   7.873  g  -0.011   0.002  -0.001[0m
[1;32muart:~$ [m[8D[J[1;32muart:~$ [m[8D[J[00:03:29.462,000] [0m<inf> imu: ICM-42688-P  a   4.108   5.303   7.262  g   0.000  -0.005   0.000[0m
[1;32muart:~$ [m[8D[J[00:03:29.563,000] [0m<inf> imu: LSM6DS3TR-C  a   3.812   5.367   7.586  g   0.025  -0.063   0.016[0m
[1;32muart:~$ [m[8D[J[00:03:29.563,000] [0m<inf> imu: LSM6DSV16X   a   4.118   5.429   7.867  g  -0.011   0.002  -0.002[0m
[1;32muart:~$ [m[8D[J[1;32muart:~$ [m[8D[J[00:03:29.564,000] [0m<inf> imu: ICM-42688-P  a   4.085   5.291   7.264  g  -0.001  -0.005   0.001[0m
[1;32muart:~$ [m[8D[J[00:03:29.665,000] [0m<inf> imu: LSM6DS3TR-C  a   3.831   5.380   7.595  g   0.023  -0.063   0.013[0m
[1;32muart:~$ [m[8D[J[00:03:29.666,000] [0m<inf> imu: LSM6DSV16X   a   4.128   5.462   7.877  g  -0.012   0.002  -0.002[0m
[1;32muart:~$ [m[8D[J[1;32muart:~$ [m[8D[J[00:03:29.667,000] [0m<inf> imu: ICM-42688-P  a   4.112   5.312   7.271  g  -0.001  -0.005   0.001[0m
[1;32muart:~$ [m[8D[J[00:03:29.768,000] [0m<inf> imu: LSM6DS3TR-C  a   3.864   5.344   7.612  g   0.024  -0.064   0.017[0m
[1;32muart:~$ [m[8D[J[1;32muart:~$ [m[8D[J[00:03:29.769,000] [0m<inf> imu: LSM6DSV16X   a   4.116   5.428   7.863  g  -0.012   0.001  -0.002[0m
[1;32muart:~$ [m[8D[J[00:03:29.770,000] [0m<inf> imu: ICM-42688-P  a   4.106   5.277   7.247  g  -0.001  -0.005  -0.001[0m
[1;32muart:~$ [m[8D[J[1;32muart:~$ [m[8D[J[00:03:29.871,000] [0m<inf> imu: LSM6DS3TR-C  a   3.887   5.380   7.594  g   0.026  -0.062   0.014[0m
[1;32muart:~$ [m[8D[J[00:03:29.872,000] [0m<inf> imu: LSM6DSV16X   a   4.139   5.456   7.882  g  -0.012   0.002  -0.002[0m
[1;32muart:~$ [m[8D[J[1;32muart:~$ [m[8D[J[00:03:29.873,000] [0m<inf> imu: ICM-42688-P  a   4.112   5.327   7.271  g  -0.001  -0.004  -0.001[0m
[1;32muart:~$ [m[8D[J[00:03:29.974,000] [0m<inf> imu: LSM6DS3TR-C  a   3.841   5.340   7.552  g   0.024  -0.063   0.013[0m
[1;32muart:~$ [m[8D[J[1;32muart:~$ [m[8D[J[00:03:29.975,000] [0m<inf> imu: LSM6DSV16X   a   4.116   5.422   7.863  g  -0.013   0.002  -0.003[0m
[1;32muart:~$ [m[8D[J[00:03:29.975,000] [0m<inf> imu: ICM-42688-P  a   4.099   5.277   7.259  g  -0.000  -0.005   0.000[0m
[1;32muart:~$ [m[8D[J[1;32muart:~$ [m[8D[J[00:03:30.076,000] [0m<inf> imu: LSM6DS3TR-C  a   3.844   5.367   7.599  g   0.024  -0.064   0.014[0m
[1;32muart:~$ [m[8D[J[00:03:30.077,000] [0m<inf> imu: LSM6DSV16X   a   4.130   5.444   7.873  g  -0.011   0.002  -0.002[0m
[1;32muart:~$ [m[8D[J[1;32muart:~$ [m[8D[J[00:03:30.077,000] [0m<inf> imu: ICM-42688-P  a   4.087   5.300   7.272  g   0.000  -0.004  -0.000[0m
[1;32muart:~$ [m[8D[J[00:03:30.178,000] [0m<inf> imu: LSM6DS3TR-C  a   3.848   5.371   7.603  g   0.025  -0.064   0.014[0m
[1;32muart:~$ [m[8D[J[00:03:30.179,000] [0m<inf> imu: LSM6DSV16X   a   4.117   5.437   7.877  g  -0.010   0.002  -0.002[0m
[1;32muart:~$ [m[8D[J[1;32muart:~$ [m[8D[J[00:03:30.180,000] [0m<inf> imu: ICM-42688-P  a   4.101   5.302   7.262  g   0.000  -0.005   0.000[0m
[1;32muart:~$ [m[8D[J[00:03:30.281,000] [0m<inf> imu: LSM6DS3TR-C  a   3.840   5.367   7.589  g   0.023  -0.063   0.014[0m
[1;32muart:~$ [m[8D[J[00:03:30.282,000] [0m<inf> imu: LSM6DSV16X   a   4.144   5.441   7.875  g  -0.012   0.001  -0.001[0m
[1;32muart:~$ [m[8D[J[1;32muart:~$ [m[8D[J[00:03:30.283,000] [0m<inf> imu: ICM-42688-P  a   4.129   5.331   7.294  g  -0.001  -0.005   0.000[0m
[1;32muart:~$ [m[8D[J[00:03:30.384,000] [0m<inf> imu: LSM6DS3TR-C  a   3.840   5.350   7.555  g   0.024  -0.064   0.013[0m
[1;32muart:~$ [m[8D[J[1;32muart:~$ [m[8D[J[00:03:30.385,000] [0m<inf> imu: LSM6DSV16X   a   4.127   5.422   7.848  g  -0.011   0.002  -0.003[0m
[1;32muart:~$ [m[8D[J[00:03:30.385,000] [0m<inf> imu: ICM-42688-P  a   4.105   5.280   7.242  g  -0.001  -0.004  -0.000[0m
[1;32muart:~$ [m[8D[J[1;32muart:~$ [m[8D[J[00:03:30.487,000] [0m<inf> imu: LSM6DS3TR-C  a   3.825   5.378   7.616  g   0.025  -0.063   0.014[0m
[1;32muart:~$ [m[8D[J[00:03:30.488,000] [0m<inf> imu: LSM6DSV16X   a   4.118   5.444   7.875  g  -0.012   0.002  -0.002[0m
[1;32muart:~$ [m[8D[J[1;32muart:~$ [m[8D[J[00:03:30.489,000] [0m<inf> imu: ICM-42688-P  a   4.098   5.295   7.265  g  -0.001  -0.005  -0.001[0m
[1;32muart:~$ [m[8D[J[00:03:30.590,000] [0m<inf> imu: LSM6DS3TR-C  a   3.863   5.353   7.613  g   0.025  -0.062   0.013[0m
[1;32muart:~$ [m[8D[J[1;32muart:~$ [m[8D[J[00:03:30.591,000] [0m<inf> imu: LSM6DSV16X   a   4.114   5.432   7.870  g  -0.012   0.002  -0.003[0m
[1;32muart:~$ [m[8D[J[00:03:30.591,000] [0m<inf> imu: ICM-42688-P  a   4.092   5.292   7.264  g   0.000  -0.005  -0.000[0m
[1;32muart:~$ [m[8D[J[1;32muart:~$ [m[8D[J[00:03:30.692,000] [0m<inf> imu: LSM6DS3TR-C  a   3.876   5.365   7.597  g   0.026  -0.064   0.014[0m
[1;32muart:~$ [m[8D[J[00:03:30.693,000] [0m<inf> imu: LSM6DSV16X   a   4.123   5.444   7.882  g  -0.011   0.003  -0.002[0m
[1;32muart:~$ [m[8D[J[1;32muart:~$ [m[8D[J[00:03:30.693,000] [0m<inf> imu: ICM-42688-P  a   4.100   5.310   7.284  g  -0.001  -0.005  -0.001[0m
[1;32muart:~$ [m[8D[J[00:03:30.794,000] [0m<inf> imu: LSM6DS3TR-C  a   3.815   5.346   7.575  g   0.026  -0.064   0.015[0m
[1;32muart:~$ [m[8D[J[00:03:30.795,000] [0m<inf> imu: LSM6DSV16X   a   4.125   5.434   7.857  g  -0.011   0.002  -0.002[0m
[1;32muart:~$ [m[8D[J[1;32muart:~$ [m[8D[J[00:03:30.796,000] [0m<inf> imu: ICM-42688-P  a   4.100   5.297   7.244  g  -0.001  -0.005  -0.000[0m
[1;32muart:~$ [m[8D[J[00:03:30.897,000] [0m<inf> imu: LSM6DS3TR-C  a   3.885   5.322   7.576  g   0.023  -0.063   0.012[0m
[1;32muart:~$ [m[8D[J[1;32muart:~$ [m[8D[J[00:03:30.898,000] [0m<inf> imu: LSM6DSV16X   a   4.125   5.434   7.878  g  -0.012   0.002  -0.002[0m
[1;32muart:~$ [m[8D[J[00:03:30.899,000] [0m<inf> imu: ICM-42688-P  a   4.117   5.301   7.270  g   0.000  -0.005  -0.000[0m
[1;32muart:~$ [m[8D[J[00:03:31.000,000] [0m<inf> imu: LSM6DS3TR-C  a   3.858   5.386   7.561  g   0.024  -0.064   0.013[0m
[1;32muart:~$ [m[8D[J[1;32muart:~$ [m[8D[J[00:03:31.001,000] [0m<inf> imu: LSM6DSV16X   a   4.128   5.444   7.872  g  -0.013   0.002  -0.002[0m
[1;32muart:~$ [m[8D[J[00:03:31.001,000] [0m<inf> imu: ICM-42688-P  a   4.099   5.304   7.270  g  -0.001  -0.005  -0.001[0m
[1;32muart:~$ [m[8D[J[00:03:31.102,000] [0m<inf> imu: LSM6DS3TR-C  a   3.875   5.373   7.621  g   0.025  -0.064   0.013[0m
[1;32muart:~$ [m[8D[J[00:03:31.103,000] [0m<inf> imu: LSM6DSV16X   a   4.120   5.439   7.862  g  -0.011   0.002  -0.003[0m
[1;32muart:~$ [m[8D[J[1;32muart:~$ [m[8D[J[00:03:31.104,000] [0m<inf> imu: ICM-42688-P  a   4.090   5.292   7.265  g  -0.000  -0.005   0.000[0m
[1;32muart:~$ [m[8D[J[1;32muart:~$ [m[8D[J[00:03:31.205,000] [0m<inf> imu: LSM6DS3TR-C  a   3.877   5.353   7.595  g   0.025  -0.063   0.013[0m
[1;32muart:~$ [m[8D[J[00:03:31.205,000] [0m<inf> imu: LSM6DSV16X   a   4.125   5.436   7.865  g  -0.011   0.002  -0.002[0m
[1;32muart:~$ [m[8D[J[1;32muart:~$ [m[8D[J[00:03:31.206,000] [0m<inf> imu: ICM-42688-P  a   4.106   5.314   7.246  g  -0.000  -0.004   0.001[0m
[1;32muart:~$ [m[8D[J[00:03:31.307,000] [0m<inf> imu: LSM6DS3TR-C  a   3.843   5.380   7.596  g   0.023  -0.062   0.012[0m
[1;32muart:~$ [m[8D[J[1;32muart:~$ [m[8D[J[00:03:31.308,000] [0m<inf> imu: LSM6DSV16X   a   4.127   5.439   7.866  g  -0.011   0.002  -0.002[0m
[1;32muart:~$ [m[8D[J[00:03:31.308,000] [0m<inf> imu: ICM-42688-P  a   4.098   5.309   7.254  g   0.000  -0.005  -0.000[0m
[1;32muart:~$ [m[8D[J[1;32muart:~$ [m[8D[J[00:03:31.409,000] [0m<inf> imu: LSM6DS3TR-C  a   3.906   5.366   7.594  g   0.024  -0.062   0.015[0m
[1;32muart:~$ [m[8D[J[00:03:31.410,000] [0m<inf> imu: LSM6DSV16X   a   4.120   5.432   7.854  g  -0.011   0.002  -0.002[0m
[1;32muart:~$ [m[8D[J[1;32muart:~$ [m[8D[J[00:03:31.410,000] [0m<inf> imu: ICM-42688-P  a   4.094   5.289   7.257  g   0.001  -0.005   0.001[0m
[1;32muart:~$ [m[8D[J[00:03:31.511,000] [0m<inf> imu: LSM6DS3TR-C  a   3.875   5.389   7.598  g   0.024  -0.062   0.014[0m
[1;32muart:~$ [m[8D[J[00:03:31.512,000] [0m<inf> imu: LSM6DSV16X   a   4.130   5.444   7.870  g  -0.011   0.002  -0.003[0m
[1;32muart:~$ [m[8D[J[1;32muart:~$ [m[8D[J[00:03:31.513,000] [0m<inf> imu: ICM-42688-P  a   4.110   5.309   7.259  g  -0.001  -0.005  -0.001[0m
[1;32muart:~$ [m[8D[J[00:03:31.614,000] [0m<inf> imu: LSM6DS3TR-C  a   3.867   5.336   7.579  g   0.024  -0.063   0.015[0m
[1;32muart:~$ [m[8D[J[1;32muart:~$ [m[8D[J[00:03:31.615,000] [0m<inf> imu: LSM6DSV16X   a   4.123   5.436   7.863  g  -0.012   0.002  -0.002[0m
[1;32muart:~$ [m[8D[J[00:03:31.616,000] [0m<inf> imu: ICM-42688-P  a   4.102   5.306   7.258  g  -0.001  -0.005   0.001[0m
[1;32muart:~$ [m[8D[J[00:03:31.717,000] [0m<inf> imu: LSM6DS3TR-C  a   3.869   5.399   7.566  g   0.026  -0.062   0.012[0m
[1;32muart:~$ [m[8D[J[1;32muart:~$ [m[8D[J[00:03:31.718,000] [0m<inf> imu: LSM6DSV16X   a   4.126   5.436   7.870  g  -0.011   0.003  -0.002[0m
[1;32muart:~$ [m[8D[J[00:03:31.718,000] [0m<inf> imu: ICM-42688-P  a   4.107   5.292   7.276  g   0.001  -0.004   0.000[0m
[1;32muart:~$ [m[8D[J[00:03:31.819,000] [0m<inf> imu: LSM6DS3TR-C  a   3.843   5.350   7.592  g   0.024  -0.062   0.014[0m
[1;32muart:~$ [m[8D[J[1;32muart:~$ [m[8D[J[00:03:31.820,000] [0m<inf> imu: LSM6DSV16X   a   4.121   5.436   7.856  g  -0.012   0.002  -0.002[0m
[1;32muart:~$ [m[8D[J[00:03:31.820,000] [0m<inf> imu: ICM-42688-P  a   4.105   5.301   7.252  g   0.000  -0.005   0.000[0m
[1;32muart:~$ [m[8D[J[1;32muart:~$ [m[8D[J[00:03:31.921,000] [0m<inf> imu: LSM6DS3TR-C  a   3.898   5.377   7.595  g   0.025  -0.065   0.013[0m
[1;32muart:~$ [m[8D[J[00:03:31.922,000] [0m<inf> imu: LSM6DSV16X   a   4.125   5.436   7.865  g  -0.010   0.002  -0.002[0m
[1;32muart:~$ [m[8D[J[1;32muart:~$ [m[8D[J[00:03:31.923,000] [0m<inf> imu: ICM-42688-P  a   4.110   5.292   7.266  g  -0.001  -0.005   0.000[0m
[1;32muart:~$ [m[8D[J[00:03:32.024,000] [0m<inf> imu: LSM6DS3TR-C  a   3.861   5.361   7.539  g   0.024  -0.062   0.014[0m
[1;32muart:~$ [m[8D[J[00:03:32.024,000] [0m<inf> imu: LSM6DSV16X   a   4.133   5.435   7.858  g  -0.010   0.002  -0.002[0m
[1;32muart:~$ [m[8D[J[00:03:32.025,000] [0m<inf> imu: ICM-42688-P  a   4.101   5.301   7.251  g   0.000  -0.004   0.001[0m
[1;32muart:~$ [m[8D[J[1;32muart:~$ [m[8D[J[00:03:32.126,000] [0m<inf> imu: LSM6DS3TR-C  a   3.820   5.346   7.613  g   0.025  -0.063   0.015[0m
[1;32muart:~$ [m[8D[J[00:03:32.127,000] [0m<inf> imu: LSM6DSV16X   a   4.125   5.444   7.868  g  -0.011   0.002  -0.002[0m
[1;32muart:~$ [m[8D[J[1;32muart:~$ [m[8D[J[00:03:32.127,000] [0m<inf> imu: ICM-42688-P  a   4.099   5.297   7.252  g   0.000  -0.005   0.000[0m
[1;32muart:~$ [m[8D[J[00:03:32.228,000] [0m<inf> imu: LSM6DS3TR-C  a   3.867   5.362   7.609  g   0.026  -0.065   0.014[0m
[1;32muart:~$ [m[8D[J[00:03:32.229,000] [0m<inf> imu: LSM6DSV16X   a   4.115   5.444   7.868  g  -0.011   0.002  -0.002[0m
[1;32muart:~$ [m[8D[J[1;32muart:~$ [m[8D[J[00:03:32.229,000] [0m<inf> imu: ICM-42688-P  a   4.090   5.308   7.256  g   0.000  -0.005   0.001[0m
[1;32muart:~$ [m[8D[J[00:03:32.331,000] [0m<inf> imu: LSM6DS3TR-C  a   3.864   5.335   7.562  g   0.026  -0.063   0.012[0m
[1;32muart:~$ [m[8D[J[00:03:32.332,000] [0m<inf> imu: LSM6DSV16X   a   4.123   5.429   7.870  g  -0.011   0.002  -0.003[0m
[1;32muart:~$ [m[8D[J[1;32muart:~$ [m[8D[J[00:03:32.333,000] [0m<inf> imu: ICM-42688-P  a   4.094   5.282   7.259  g   0.000  -0.005  -0.000[0m
[1;32muart:~$ [m[8D[J[00:03:32.434,000] [0m<inf> imu: LSM6DS3TR-C  a   3.859   5.351   7.542  g   0.025  -0.062   0.013[0m
[1;32muart:~$ [m[8D[J[1;32muart:~$ [m[8D[J[00:03:32.435,000] [0m<inf> imu: LSM6DSV16X   a   4.118   5.444   7.865  g  -0.011   0.002  -0.002[0m
[1;32muart:~$ [m[8D[J[00:03:32.436,000] [0m<inf> imu: ICM-42688-P  a   4.104   5.295   7.259  g   0.001  -0.005   0.001[0m
[1;32muart:~$ [m[8D[J[1;32muart:~$ [m[8D[J[00:03:32.538,000] [0m<inf> imu: LSM6DS3TR-C  a   3.846   5.367   7.574  g   0.024  -0.062   0.013[0m
[1;32muart:~$ [m[8D[J[00:03:32.539,000] [0m<inf> imu: LSM6DSV16X   a   4.127   5.441   7.878  g  -0.012   0.002  -0.002[0m
[1;32muart:~$ [m[8D[J[1;32muart:~$ [m[8D[J[00:03:32.539,000] [0m<inf> imu: ICM-42688-P  a   4.116   5.301   7.253  g  -0.001  -0.005   0.000[0m
[1;32muart:~$ [m[8D[J[00:03:32.640,000] [0m<inf> imu: LSM6DS3TR-C  a   3.840   5.347   7.580  g   0.025  -0.063   0.014[0m
[1;32muart:~$ [m[8D[J[1;32muart:~$ [m[8D[J[00:03:32.641,000] [0m<inf> imu: LSM6DSV16X   a   4.117   5.432   7.860  g  -0.011   0.002  -0.002[0m
[1;32muart:~$ [m[8D[J[00:03:32.642,000] [0m<inf> imu: ICM-42688-P  a   4.099   5.280   7.268  g  -0.001  -0.006   0.001[0m
[1;32muart:~$ [m[8D[J[1;32muart:~$ [m[8D[J[00:03:32.743,000] [0m<inf> imu: LSM6DS3TR-C  a   3.848   5.356   7.595  g   0.025  -0.064   0.013[0m
[1;32muart:~$ [m[8D[J[00:03:32.743,000] [0m<inf> imu: LSM6DSV16X   a   4.122   5.437   7.856  g  -0.009   0.002  -0.003[0m
[1;32muart:~$ [m[8D[J[1;32muart:~$ [m[8D[J[00:03:32.744,000] [0m<inf> imu: ICM-42688-P  a   4.104   5.292   7.254  g   0.001  -0.005  -0.001[0m
[1;32muart:~$ [m[8D[J[00:03:32.845,000] [0m<inf> imu: LSM6DS3TR-C  a   3.840   5.405   7.610  g   0.024  -0.062   0.013[0m
[1;32muart:~$ [m[8D[J[00:03:32.846,000] [0m<inf> imu: LSM6DSV16X   a   4.137   5.443   7.863  g  -0.012   0.002  -0.003[0m
[1;32muart:~$ [m[8D[J[1;32muart:~$ [m[8D[J[00:03:32.846,000] [0m<inf> imu: ICM-42688-P  a   4.118   5.294   7.251  g   0.001  -0.003   0.000[0m
[1;32muart:~$ [m[8D[J[00:03:32.948,000] [0m<inf> imu: LSM6DS3TR-C  a   3.852   5.348   7.575  g   0.023  -0.064   0.015[0m
[1;32muart:~$ [m[8D[J[1;32muart:~$ [m[8D[J[00:03:32.949,000] [0m<inf> imu: LSM6DSV16X   a   4.130   5.441   7.875  g  -0.010   0.002  -0.002[0m
[1;32muart:~$ [m[8D[J[00:03:32.949,000] [0m<inf> imu: ICM-42688-P  a   4.108   5.301   7.258  g   0.001  -0.004   0.000[0m
[1;32muart:~$ [m[8D[J[00:03:33.051,000] [0m<inf> imu: LSM6DS3TR-C  a   3.843   5.378   7.593  g   0.023  -0.063   0.013[0m
[1;32muart:~$ [m[8D[J[1;32muart:~$ [m[8D[J[00:03:33.052,000] [0m<inf> imu: LSM6DSV16X   a   4.134   5.436   7.861  g  -0.011   0.002  -0.003[0m
[1;32muart:~$ [m[8D[J[00:03:33.052,000] [0m<inf> imu: ICM-42688-P  a   4.104   5.297   7.264  g   0.000  -0.005   0.001[0m
[1;32muart:~$ [m[8D[J[00:03:33.153,000] [0m<inf> imu: LSM6DS3TR-C  a   3.849   5.380   7.558  g   0.025  -0.063   0.015[0m
[1;32muart:~$ [m[8D[J[00:03:33.154,000] [0m<inf> imu: LSM6DSV16X   a   4.113   5.436   7.872  g  -0.012   0.002  -0.002[0m
[1;32muart:~$ [m[8D[J[1;32muart:~$ [m[8D[J[00:03:33.155,000] [0m<inf> imu: ICM-42688-P  a   4.090   5.288   7.270  g   0.001  -0.005   0.000[0m
[1;32muart:~$ [m[8D[J[1;32muart:~$ [m[8D[J[00:03:33.256,000] [0m<inf> imu: LSM6DS3TR-C  a   3.852   5.362   7.576  g   0.024  -0.062   0.013[0m
[1;32muart:~$ [m[8D[J[00:03:33.256,000] [0m<inf> imu: LSM6DSV16X   a   4.116   5.450   7.870  g  -0.011   0.002  -0.003[0m
[1;32muart:~$ [m[8D[J[1;32muart:~$ [m[8D[J[00:03:33.257,000] [0m<inf> imu: ICM-42688-P  a   4.110   5.304   7.268  g  -0.001  -0.005  -0.002[0m
[1;32muart:~$ [m[8D[J[00:03:33.358,000] [0m<inf> imu: LSM6DS3TR-C  a   3.861   5.340   7.563  g   0.023  -0.062   0.013[0m
[1;32muart:~$ [m[8D[J[1;32muart:~$ [m[8D[J[00:03:33.359,000] [0m<inf> imu: LSM6DSV16X   a   4.120   5.437   7.853  g  -0.012   0.003  -0.002[0m
[1;32muart:~$ [m[8D[J[00:03:33.359,000] [0m<inf> imu: ICM-42688-P  a   4.101   5.280   7.271  g   0.001  -0.005   0.001[0m
[1;32muart:~$ [m[8D[J[1;32muart:~$ [m[8D[J[00:03:33.460,000] [0m<inf> imu: LSM6DS3TR-C  a   3.819   5.356   7.584  g   0.026  -0.065   0.013[0m
[1;32muart:~$ [m[8D[J[00:03:33.461,000] [0m<inf> imu: LSM6DSV16X   a   4.128   5.434   7.863  g  -0.010   0.002  -0.002[0m
[1;32muart:~$ [m[8D[J[1;32muart:~$ [m[8D[J[00:03:33.461,000] [0m<inf> imu: ICM-42688-P  a   4.104   5.300   7.244  g   0.000  -0.005   0.000[0m
[1;32muart:~$ [m[8D[J[00:03:33.562,000] [0m<inf> imu: LSM6DS3TR-C  a   3.858   5.395   7.566  g   0.025  -0.062   0.013[0m
[1;32muart:~$ [m[8D[J[00:03:33.563,000] [0m<inf> imu: LSM6DSV16X   a   4.118   5.436   7.860  g  -0.011   0.002  -0.003[0m
[1;32muart:~$ [m[8D[J[1;32muart:~$ [m[8D[J[00:03:33.564,000] [0m<inf> imu: ICM-42688-P  a   4.111   5.297   7.253  g  -0.001  -0.005   0.000[0m
[1;32muart:~$ [m[8D[J[00:03:33.666,000] [0m<inf> imu: LSM6DS3TR-C  a   3.842   5.353   7.622  g   0.024  -0.064   0.014[0m
[1;32muart:~$ [m[8D[J[1;32muart:~$ [m[8D[J[00:03:33.666,000] [0m<inf> imu: LSM6DSV16X   a   4.116   5.432   7.865  g  -0.013   0.002  -0.003[0m
[1;32muart:~$ [m[8D[J[00:03:33.667,000] [0m<inf> imu: ICM-42688-P  a   4.093   5.302   7.246  g   0.000  -0.005   0.001[0m
[1;32muart:~$ [m[8D[J[00:03:33.768,000] [0m<inf> imu: LSM6DS3TR-C  a   3.870   5.386   7.557  g   0.022  -0.063   0.013[0m
[1;32muart:~$ [m[8D[J[1;32muart:~$ [m[8D[J[00:03:33.769,000] [0m<inf> imu: LSM6DSV16X   a   4.125   5.432   7.863  g  -0.012   0.002  -0.002[0m
[1;32muart:~$ [m[8D[J[00:03:33.770,000] [0m<inf> imu: ICM-42688-P  a   4.098   5.298   7.254  g   0.000  -0.005   0.000[0m
[1;32muart:~$ [m[8D[J[00:03:33.871,000] [0m<inf> imu: LSM6DS3TR-C  a   3.870   5.349   7.586  g   0.024  -0.060   0.014[0m
[1;32muart:~$ [m[8D[J[00:03:33.871,000] [0m<inf> imu: LSM6DSV16X   a   4.128   5.432   7.872  g  -0.012   0.001  -0.003[0m
[1;32muart:~$ [m[8D[J[1;32muart:~$ [m[8D[J[00:03:33.872,000] [0m<inf> imu: ICM-42688-P  a   4.112   5.292   7.247  g   0.001  -0.005   0.001[0m
[1;32muart:~$ [m[8D[J[1;32muart:~$ [m[8D[J[00:03:33.973,000] [0m<inf> imu: LSM6DS3TR-C  a   3.899   5.358   7.576  g   0.024  -0.064   0.011[0m
[1;32muart:~$ [m[8D[J[00:03:33.974,000] [0m<inf> imu: LSM6DSV16X   a   4.118   5.446   7.870  g  -0.011   0.002  -0.002[0m
[1;32muart:~$ [m[8D[J[1;32muart:~$ [m[8D[J[00:03:33.974,000] [0m<inf> imu: ICM-42688-P  a   4.107   5.310   7.265  g  -0.001  -0.005  -0.000[0m
[1;32muart:~$ [m[8D[J[00:03:34.075,000] [0m<inf> imu: LSM6DS3TR-C  a   3.834   5.371   7.591  g   0.025  -0.062   0.013[0m
[1;32muart:~$ [m[8D[J[00:03:34.076,000] [0m<inf> imu: LSM6DSV16X   a   4.119   5.444   7.880  g  -0.012   0.002  -0.002[0m
[1;32muart:~$ [m[8D[J[1;32muart:~$ [m[8D[J[00:03:34.076,000] [0m<inf> imu: ICM-42688-P  a   4.095   5.312   7.269  g   0.000  -0.005  -0.001[0m
[1;32muart:~$ [m[8D[J[00:03:34.177,000] [0m<inf> imu: LSM6DS3TR-C  a   3.811   5.335   7.590  g   0.024  -0.065   0.014[0m
[1;32muart:~$ [m[8D[J[00:03:34.178,000] [0m<inf> imu: LSM6DSV16X   a   4.123   5.430   7.858  g  -0.012   0.002  -0.002[0m
[1;32muart:~$ [m[8D[J[1;32muart:~$ [m[8D[J[00:03:34.179,000] [0m<inf> imu: ICM-42688-P  a   4.090   5.285   7.245  g  -0.001  -0.006   0.001[0m
[1;32muart:~$ [m[8D[J[00:03:34.280,000] [0m<inf> imu: LSM6DS3TR-C  a   3.885   5.350   7.560  g   0.027  -0.063   0.014[0m
[1;32muart:~$ [m[8D[J[1;32muart:~$ [m[8D[J[00:03:34.280,000] [0m<inf> imu: LSM6DSV16X   a   4.127   5.445   7.875  g  -0.011   0.002  -0.002[0m
[1;32muart:~$ [m[8D[J[00:03:34.281,000] [0m<inf> imu: ICM-42688-P  a   4.101   5.279   7.258  g  -0.000  -0.005   0.000[0m
[1;32muart:~$ [m[8D[J[00:03:34.382,000] [0m<inf> imu: LSM6DS3TR-C  a   3.823   5.350   7.578  g   0.023  -0.063   0.013[0m
[1;32muart:~$ [m[8D[J[00:03:34.383,000] [0m<inf> imu: LSM6DSV16X   a   4.118   5.432   7.875  g  -0.012   0.002  -0.002[0m
[1;32muart:~$ [m[8D[J[00:03:34.384,000] [0m<inf> imu: ICM-42688-P  a   4.100   5.306   7.256  g   0.000  -0.005   0.001[0m
[1;32muart:~$ [m[8D[J[1;32muart:~$ [m[8D[J[00:03:34.485,000] [0m<inf> imu: LSM6DS3TR-C  a   3.816   5.362   7.576  g   0.024  -0.063   0.015[0m
[1;32muart:~$ [m[8D[J[00:03:34.485,000] [0m<inf> imu: LSM6DSV16X   a   4.125   5.438   7.874  g  -0.010   0.002  -0.003[0m
[1;32muart:~$ [m[8D[J[1;32muart:~$ [m[8D[J[00:03:34.486,000] [0m<inf> imu: ICM-42688-P  a   4.100   5.294   7.269  g   0.000  -0.004   0.000[0m
[1;32muart:~$ [m[8D[J[00:03:34.587,000] [0m<inf> imu: LSM6DS3TR-C  a   3.875   5.348   7.600  g   0.025  -0.062   0.015[0m
[1;32muart:~$ [m[8D[J[1;32muart:~$ [m[8D[J[00:03:34.588,000] [0m<inf> imu: LSM6DSV16X   a   4.125   5.436   7.875  g  -0.011   0.003  -0.002[0m
[1;32muart:~$ [m[8D[J[00:03:34.588,000] [0m<inf> imu: ICM-42688-P  a   4.099   5.307   7.269  g   0.001  -0.005   0.000[0m
[1;32muart:~$ [m[8D[J[1;32muart:~$ [m[8D[J[00:03:34.689,000] [0m<inf> imu: LSM6DS3TR-C  a   3.870   5.350   7.595  g   0.025  -0.062   0.015[0m
[1;32muart:~$ [m[8D[J[00:03:34.690,000] [0m<inf> imu: LSM6DSV16X   a   4.128   5.444   7.868  g  -0.011   0.002  -0.002[0m
[1;32muart:~$ [m[8D[J[1;32muart:~$ [m[8D[J[00:03:34.690,000] [0m<inf> imu: ICM-42688-P  a   4.104   5.295   7.269  g   0.000  -0.005   0.000[0m
[1;32muart:~$ [m[8D[J[00:03:34.791,000] [0m<inf> imu: LSM6DS3TR-C  a   3.838   5.410   7.618  g   0.026  -0.062   0.014[0m
[1;32muart:~$ [m[8D[J[1;32muart:~$ [m[8D[J[00:03:34.792,000] [0m<inf> imu: LSM6DSV16X   a   4.116   5.444   7.877  g  -0.011   0.002  -0.002[0m
[1;32muart:~$ [m[8D[J[00:03:34.793,000] [0m<inf> imu: ICM-42688-P  a   4.104   5.297   7.263  g  -0.001  -0.005   0.000[0m
[1;32muart:~$ [m[8D[J[1;32muart:~$ [m[8D[J[00:03:34.894,000] [0m<inf> imu: LSM6DS3TR-C  a   3.890   5.370   7.609  g   0.025  -0.062   0.013[0m
[1;32muart:~$ [m[8D[J[00:03:34.895,000] [0m<inf> imu: LSM6DSV16X   a   4.130   5.441   7.884  g  -0.012   0.002  -0.002[0m
[1;32muart:~$ [m[8D[J[1;32muart:~$ [m[8D[J[00:03:34.895,000] [0m<inf> imu: ICM-42688-P  a   4.104   5.295   7.262  g  -0.000  -0.005   0.001[0m
[1;32muart:~$ [m[8D[J[00:03:34.996,000] [0m<inf> imu: LSM6DS3TR-C  a   3.858   5.363   7.579  g   0.024  -0.062   0.014[0m
[1;32muart:~$ [m[8D[J[00:03:34.997,000] [0m<inf> imu: LSM6DSV16X   a   4.130   5.444   7.870  g  -0.011   0.002  -0.002[0m
[1;32muart:~$ [m[8D[J[1;32muart:~$ [m[8D[J[00:03:34.997,000] [0m<inf> imu: ICM-42688-P  a   4.106   5.310   7.259  g   0.000  -0.006   0.000[0m
[1;32muart:~$ [m[8D[J[00:03:35.099,000] [0m<inf> imu: LSM6DS3TR-C  a   3.832   5.378   7.625  g   0.023  -0.063   0.015[0m
[1;32muart:~$ [m[8D[J[00:03:35.100,000] [0m<inf> imu: LSM6DSV16X   a   4.125   5.431   7.868  g  -0.012   0.002  -0.003[0m
[1;32muart:~$ [m[8D[J[00:03:35.101,000] [0m<inf> imu: ICM-42688-P  a   4.101   5.292   7.268  g  -0.000  -0.005   0.001[0m
[1;32muart:~$ [m[8D[J[1;32muart:~$ [m[8D[J[00:03:35.202,000] [0m<inf> imu: LSM6DS3TR-C  a   3.837   5.358   7.604  g   0.025  -0.061   0.014[0m
[1;32muart:~$ [m[8D[J[00:03:35.202,000] [0m<inf> imu: LSM6DSV16X   a   4.128   5.441   7.878  g  -0.011   0.002  -0.002[0m
[1;32muart:~$ [m[8D[J[00:03:35.203,000] [0m<inf> imu: ICM-42688-P  a   4.108   5.298   7.266  g  -0.000  -0.006   0.000[0m
[1;32muart:~$ [m[8D[J[1;32muart:~$ [m[8D[J[00:03:35.304,000] [0m<inf> imu: LSM6DS3TR-C  a   3.870   5.346   7.598  g   0.023  -0.061   0.013[0m
[1;32muart:~$ [m[8D[J[00:03:35.306,000] [0m<inf> imu: LSM6DSV16X   a   4.120   5.436   7.872  g  -0.011   0.001  -0.002[0m
[1;32muart:~$ [m[8D[J[1;32muart:~$ [m[8D[J[00:03:35.306,000] [0m<inf> imu: ICM-42688-P  a   4.107   5.306   7.271  g  -0.000  -0.005   0.000[0m
[1;32muart:~$ [m[8D[J[00:03:35.407,000] [0m<inf> imu: LSM6DS3TR-C  a   3.850   5.377   7.591  g   0.024  -0.063   0.015[0m
[1;32muart:~$ [m[8D[J[1;32muart:~$ [m[8D[J[00:03:35.408,000] [0m<inf> imu: LSM6DSV16X   a   4.121   5.439   7.875  g  -0.012   0.002  -0.002[0m
[1;32muart:~$ [m[8D[J[00:03:35.409,000] [0m<inf> imu: ICM-42688-P  a   4.114   5.302   7.260  g  -0.000  -0.004   0.000[0m
[1;32muart:~$ [m[8D[J[1;32muart:~$ [m[8D[J[00:03:35.510,000] [0m<inf> imu: LSM6DS3TR-C  a   3.863   5.364   7.591  g   0.024  -0.062   0.013[0m
[1;32muart:~$ [m[8D[J[00:03:35.510,000] [0m<inf> imu: LSM6DSV16X   a   4.126   5.427   7.880  g  -0.010   0.002  -0.002[0m
[1;32muart:~$ [m[8D[J[1;32muart:~$ [m[8D[J[00:03:35.511,000] [0m<inf> imu: ICM-42688-P  a   4.100   5.294   7.265  g   0.000  -0.004   0.001[0m
[1;32muart:~$ [m[8D[J[00:03:35.612,000] [0m<inf> imu: LSM6DS3TR-C  a   3.841   5.361   7.649  g   0.025  -0.063   0.015[0m
[1;32muart:~$ [m[8D[J[00:03:35.613,000] [0m<inf> imu: LSM6DSV16X   a   4.123   5.448   7.880  g  -0.012   0.002  -0.002[0m
[1;32muart:~$ [m[8D[J[1;32muart:~$ [m[8D[J[00:03:35.613,000] [0m<inf> imu: ICM-42688-P  a   4.112   5.325   7.287  g   0.000  -0.005   0.001[0m
[1;32muart:~$ [m[8D[J[00:03:35.715,000] [0m<inf> imu: LSM6DS3TR-C  a   3.867   5.340   7.566  g   0.024  -0.063   0.015[0m
[1;32muart:~$ [m[8D[J[1;32muart:~$ [m[8D[J[00:03:35.716,000] [0m<inf> imu: LSM6DSV16X   a   4.120   5.436   7.872  g  -0.011   0.002  -0.002[0m
[1;32muart:~$ [m[8D[J[00:03:35.716,000] [0m<inf> imu: ICM-42688-P  a   4.104   5.294   7.263  g   0.001  -0.005  -0.001[0m
[1;32muart:~$ [m[8D[J[00:03:35.817,000] [0m<inf> imu: LSM6DS3TR-C  a   3.858   5.357   7.611  g   0.024  -0.062   0.015[0m
[1;32muart:~$ [m[8D[J[1;32muart:~$ [m[8D[J[00:03:35.818,000] [0m<inf> imu: LSM6DSV16X   a   4.134   5.437   7.884  g  -0.012   0.002  -0.002[0m
[1;32muart:~$ [m[8D[J[00:03:35.819,000] [0m<inf> imu: ICM-42688-P  a   4.119   5.292   7.263  g   0.000  -0.005   0.000[0m
[1;32muart:~$ [m[8D[J[00:03:35.920,000] [0m<inf> imu: LSM6DS3TR-C  a   3.856   5.366   7.591  g   0.024  -0.063   0.013[0m
[1;32muart:~$ [m[8D[J[00:03:35.920,000] [0m<inf> imu: LSM6DSV16X   a   4.132   5.446   7.865  g  -0.012   0.001  -0.003[0m
[1;32muart:~$ [m[8D[J[1;32muart:~$ [m[8D[J[00:03:35.921,000] [0m<inf> imu: ICM-42688-P  a   4.112   5.300   7.253  g   0.001  -0.005   0.000[0m
[1;32muart:~$ [m[8D[J[1;32muart:~$ [m[8D[J[00:03:36.022,000] [0m<inf> imu: LSM6DS3TR-C  a   3.814   5.367   7.612  g   0.023  -0.065   0.013[0m
[1;32muart:~$ [m[8D[J[00:03:36.023,000] [0m<inf> imu: LSM6DSV16X   a   4.115   5.436   7.895  g  -0.011   0.001  -0.002[0m
[1;32muart:~$ [m[8D[J[1;32muart:~$ [m[8D[J[00:03:36.023,000] [0m<inf> imu: ICM-42688-P  a   4.118   5.290   7.280  g   0.000  -0.005   0.002[0m
[1;32muart:~$ [m[8D[J[00:03:36.124,000] [0m<inf> imu: LSM6DS3TR-C  a   3.849   5.383   7.596  g   0.024  -0.061   0.014[0m
[1;32muart:~$ [m[8D[J[1;32muart:~$ [m[8D[J[00:03:36.125,000] [0m<inf> imu: LSM6DSV16X   a   4.126   5.439   7.866  g  -0.011   0.002  -0.002[0m
[1;32muart:~$ [m[8D[J[00:03:36.125,000] [0m<inf> imu: ICM-42688-P  a   4.096   5.292   7.258  g   0.001  -0.005  -0.000[0m
[1;32muart:~$ [m[8D[J[1;32muart:~$ [m[8D[J[00:03:36.227,000] [0m<inf> imu: LSM6DS3TR-C  a   3.837   5.384   7.613  g   0.024  -0.060   0.016[0m
[1;32muart:~$ [m[8D[J[00:03:36.227,000] [0m<inf> imu: LSM6DSV16X   a   4.137   5.446   7.882  g  -0.012   0.002  -0.002[0m
[1;32muart:~$ [m[8D[J[1;32muart:~$ [m[8D[J[00:03:36.228,000] [0m<inf> imu: ICM-42688-P  a   4.123   5.302   7.269  g  -0.001  -0.005   0.001[0m
[1;32muart:~$ [m[8D[J[00:03:36.329,000] [0m<inf> imu: LSM6DS3TR-C  a   3.864   5.325   7.612  g   0.024  -0.063   0.014[0m
[1;32muart:~$ [m[8D[J[00:03:36.330,000] [0m<inf> imu: LSM6DSV16X   a   4.120   5.437   7.868  g  -0.012   0.002  -0.002[0m
[1;32muart:~$ [m[8D[J[1;32muart:~$ [m[8D[J[00:03:36.330,000] [0m<inf> imu: ICM-42688-P  a   4.104   5.291   7.251  g   0.000  -0.005   0.000[0m
[1;32muart:~$ [m[8D[J[00:03:36.432,000] [0m<inf> imu: LSM6DS3TR-C  a   3.873   5.389   7.612  g   0.023  -0.063   0.012[0m
[1;32muart:~$ [m[8D[J[1;32muart:~$ [m[8D[J[00:03:36.433,000] [0m<inf> imu: LSM6DSV16X   a   4.120   5.441   7.882  g  -0.012   0.002  -0.002[0m
[1;32muart:~$ [m[8D[J[00:03:36.434,000] [0m<inf> imu: ICM-42688-P  a   4.100   5.300   7.274  g   0.000  -0.004   0.001[0m
[1;32muart:~$ [m[8D[J[00:03:36.535,000] [0m<inf> imu: LSM6DS3TR-C  a   3.855   5.361   7.613  g   0.024  -0.064   0.014[0m
[1;32muart:~$ [m[8D[J[1;32muart:~$ [m[8D[J[00:03:36.535,000] [0m<inf> imu: LSM6DSV16X   a   4.114   5.438   7.877  g  -0.012   0.002  -0.002[0m
[1;32muart:~$ [m[8D[J[00:03:36.536,000] [0m<inf> imu: ICM-42688-P  a   4.094   5.297   7.269  g  -0.000  -0.005   0.000[0m
[1;32muart:~$ [m[8D[J[00:03:36.637,000] [0m<inf> imu: LSM6DS3TR-C  a   3.875   5.387   7.573  g   0.025  -0.062   0.014[0m
[1;32muart:~$ [m[8D[J[00:03:36.638,000] [0m<inf> imu: LSM6DSV16X   a   4.123   5.451   7.868  g  -0.012   0.002  -0.002[0m
[1;32muart:~$ [m[8D[J[1;32muart:~$ [m[8D[J[00:03:36.638,000] [0m<inf> imu: ICM-42688-P  a   4.119   5.309   7.265  g  -0.001  -0.005  -0.000[0m
[1;32muart:~$ [m[8D[J[1;32muart:~$ [m[8D[J[00:03:36.739,000] [0m<inf> imu: LSM6DS3TR-C  a   3.877   5.374   7.643  g   0.023  -0.062   0.014[0m
[1;32muart:~$ [m[8D[J[00:03:36.740,000] [0m<inf> imu: LSM6DSV16X   a   4.119   5.438   7.874  g  -0.011   0.002  -0.002[0m
[1;32muart:~$ [m[8D[J[1;32muart:~$ [m[8D[J[00:03:36.740,000] [0m<inf> imu: ICM-42688-P  a   4.105   5.291   7.268  g   0.000  -0.005  -0.000[0m
[1;32muart:~$ [m[8D[J[00:03:36.842,000] [0m<inf> imu: LSM6DS3TR-C  a   3.881   5.404   7.596  g   0.024  -0.061   0.012[0m
[1;32muart:~$ [m[8D[J[1;32muart:~$ [m[8D[J[00:03:36.842,000] [0m<inf> imu: LSM6DSV16X   a   4.132   5.439   7.871  g  -0.011   0.002  -0.002[0m
[1;32muart:~$ [m[8D[J[00:03:36.843,000] [0m<inf> imu: ICM-42688-P  a   4.112   5.300   7.263  g   0.001  -0.005   0.000[0m
[1;32muart:~$ [m[8D[J[1;32muart:~$ [m[8D[J[00:03:36.944,000] [0m<inf> imu: LSM6DS3TR-C  a   3.899   5.375   7.593  g   0.024  -0.062   0.013[0m
[1;32muart:~$ [m[8D[J[00:03:36.945,000] [0m<inf> imu: LSM6DSV16X   a   4.116   5.441   7.892  g  -0.011   0.002  -0.002[0m
[1;32muart:~$ [m[8D[J[1;32muart:~$ [m[8D[J[00:03:36.945,000] [0m<inf> imu: ICM-42688-P  a   4.088   5.301   7.276  g  -0.001  -0.005   0.000[0m
[1;32muart:~$ [m[8D[J[00:03:37.046,000] [0m<inf> imu: LSM6DS3TR-C  a   3.848   5.357   7.588  g   0.024  -0.064   0.014[0m
[1;32muart:~$ [m[8D[J[00:03:37.047,000] [0m<inf> imu: LSM6DSV16X   a   4.123   5.441   7.877  g  -0.011   0.002  -0.002[0m
[1;32muart:~$ [m[8D[J[00:03:37.047,000] [0m<inf> imu: ICM-42688-P  a   4.095   5.298   7.256  g  -0.001  -0.005   0.001[0m
[1;32muart:~$ [m[8D[J[00:03:37.149,000] [0m<inf> imu: LSM6DS3TR-C  a   3.843   5.381   7.611  g   0.024  -0.062   0.014[0m
[1;32muart:~$ [m[8D[J[1;32muart:~$ [m[8D[J[00:03:37.150,000] [0m<inf> imu: LSM6DSV16X   a   4.128   5.444   7.863  g  -0.011   0.002  -0.003[0m
[1;32muart:~$ [m[8D[J[00:03:37.151,000] [0m<inf> imu: ICM-42688-P  a   4.108   5.304   7.259  g  -0.001  -0.006   0.001[0m
[1;32muart:~$ [m[8D[J[00:03:37.253,000] [0m<inf> imu: LSM6DS3TR-C  a   3.874   5.374   7.595  g   0.025  -0.062   0.014[0m
[1;32muart:~$ [m[8D[J[1;32muart:~$ [m[8D[J[00:03:37.254,000] [0m<inf> imu: LSM6DSV16X   a   4.122   5.432   7.865  g  -0.011   0.003  -0.002[0m
[1;32muart:~$ [m[8D[J[00:03:37.255,000] [0m<inf> imu: ICM-42688-P  a   4.100   5.288   7.251  g   0.001  -0.004   0.000[0m
[1;32muart:~$ [m[8D[J[1;32muart:~$ [m[8D[J[00:03:37.356,000] [0m<inf> imu: LSM6DS3TR-C  a   3.866   5.381   7.615  g   0.025  -0.063   0.015[0m
[1;32muart:~$ [m[8D[J[00:03:37.357,000] [0m<inf> imu: LSM6DSV16X   a   4.123   5.439   7.877  g  -0.013   0.002  -0.002[0m
[1;32muart:~$ [m[8D[J[1;32muart:~$ [m[8D[J[00:03:37.358,000] [0m<inf> imu: ICM-42688-P  a   4.104   5.306   7.254  g  -0.000  -0.004   0.001[0m
[1;32muart:~$ [m[8D[J[00:03:37.459,000] [0m<inf> imu: LSM6DS3TR-C  a   3.868   5.380   7.612  g   0.023  -0.064   0.015[0m
[1;32muart:~$ [m[8D[J[1;32muart:~$ [m[8D[J[00:03:37.459,000] [0m<inf> imu: LSM6DSV16X   a   4.121   5.436   7.875  g  -0.011   0.002  -0.002[0m
[1;32muart:~$ [m[8D[J[00:03:37.460,000] [0m<inf> imu: ICM-42688-P  a   4.108   5.296   7.252  g  -0.000  -0.004   0.000[0m
[1;32muart:~$ [m[8D[J[1;32muart:~$ [m[8D[J[00:03:37.561,000] [0m<inf> imu: LSM6DS3TR-C  a   3.829   5.371   7.612  g   0.027  -0.060   0.013[0m
[1;32muart:~$ [m[8D[J[00:03:37.562,000] [0m<inf> imu: LSM6DSV16X   a   4.111   5.444   7.883  g  -0.012   0.002  -0.002[0m
[1;32muart:~$ [m[8D[J[1;32muart:~$ [m[8D[J[00:03:37.562,000] [0m<inf> imu: ICM-42688-P  a   4.088   5.309   7.277  g  -0.000  -0.005   0.000[0m
[1;32muart:~$ [m[8D[J[00:03:37.663,000] [0m<inf> imu: LSM6DS3TR-C  a   3.842   5.403   7.592  g   0.025  -0.063   0.013[0m
[1;32muart:~$ [m[8D[J[00:03:37.664,000] [0m<inf> imu: LSM6DSV16X   a   4.128   5.460   7.875  g  -0.011   0.002  -0.003[0m
[1;32muart:~$ [m[8D[J[1;32muart:~$ [m[8D[J[00:03:37.665,000] [0m<inf> imu: ICM-42688-P  a   4.108   5.307   7.263  g  -0.001  -0.005  -0.001[0m
[1;32muart:~$ [m[8D[J[00:03:37.767,000] [0m<inf> imu: LSM6DS3TR-C  a   3.867   5.347   7.568  g   0.024  -0.063   0.014[0m
[1;32muart:~$ [m[8D[J[1;32muart:~$ [m[8D[J[00:03:37.767,000] [0m<inf> imu: LSM6DSV16X   a   4.120   5.422   7.859  g  -0.012   0.002  -0.002[0m
[1;32muart:~$ [m[8D[J[00:03:37.768,000] [0m<inf> imu: ICM-42688-P  a   4.098   5.284   7.259  g   0.001  -0.005   0.000[0m
[1;32muart:~$ [m[8D[J[00:03:37.869,000] [0m<inf> imu: LSM6DS3TR-C  a   3.829   5.362   7.589  g   0.025  -0.064   0.013[0m
[1;32muart:~$ [m[8D[J[1;32muart:~$ [m[8D[J[00:03:37.870,000] [0m<inf> imu: LSM6DSV16X   a   4.122   5.456   7.894  g  -0.010   0.002  -0.002[0m
[1;32muart:~$ [m[8D[J[00:03:37.871,000] [0m<inf> imu: ICM-42688-P  a   4.099   5.301   7.277  g  -0.001  -0.005  -0.001[0m
[1;32muart:~$ [m[8D[J[00:03:37.972,000] [0m<inf> imu: LSM6DS3TR-C  a   3.872   5.341   7.618  g   0.024  -0.062   0.013[0m
[1;32muart:~$ [m[8D[J[00:03:37.972,000] [0m<inf> imu: LSM6DSV16X   a   4.120   5.444   7.889  g  -0.011   0.003  -0.002[0m
[1;32muart:~$ [m[8D[J[1;32muart:~$ [m[8D[J[00:03:37.973,000] [0m<inf> imu: ICM-42688-P  a   4.100   5.322   7.289  g  -0.000  -0.005  -0.001[0m
[1;32muart:~$ [m[8D[J[1;32muart:~$ [m[8D[J[00:03:38.074,000] [0m<inf> imu: LSM6DS3TR-C  a   3.857   5.337   7.589  g   0.024  -0.063   0.014[0m
[1;32muart:~$ [m[8D[J[00:03:38.075,000] [0m<inf> imu: LSM6DSV16X   a   4.128   5.420   7.856  g  -0.012   0.002  -0.002[0m
[1;32muart:~$ [m[8D[J[1;32muart:~$ [m[8D[J[00:03:38.075,000] [0m<inf> imu: ICM-42688-P  a   4.102   5.292   7.245  g  -0.000  -0.005  -0.000[0m
[1;32muart:~$ [m[8D[J[00:03:38.176,000] [0m<inf> imu: LSM6DS3TR-C  a   3.852   5.380   7.591  g   0.025  -0.062   0.015[0m
[1;32muart:~$ [m[8D[J[1;32muart:~$ [m[8D[J[00:03:38.177,000] [0m<inf> imu: LSM6DSV16X   a   4.132   5.444   7.872  g  -0.011   0.002  -0.002[0m
[1;32muart:~$ [m[8D[J[00:03:38.177,000] [0m<inf> imu: ICM-42688-P  a   4.108   5.309   7.259  g   0.000  -0.005   0.000[0m
[1;32muart:~$ [m[8D[J[1;32muart:~$ [m[8D[J[00:03:38.279,000] [0m<inf> imu: LSM6DS3TR-C  a   3.863   5.353   7.609  g   0.024  -0.062   0.015[0m
[1;32muart:~$ [m[8D[J[00:03:38.279,000] [0m<inf> imu: LSM6DSV16X   a   4.120   5.442   7.875  g  -0.011   0.002  -0.002[0m
[1;32muart:~$ [m[8D[J[1;32muart:~$ [m[8D[J[00:03:38.280,000] [0m<inf> imu: ICM-42688-P  a   4.089   5.298   7.272  g   0.000  -0.005  -0.001[0m
[1;32muart:~$ [m[8D[J[00:03:38.381,000] [0m<inf> imu: LSM6DS3TR-C  a   3.809   5.356   7.613  g   0.025  -0.063   0.013[0m
[1;32muart:~$ [m[8D[J[00:03:38.382,000] [0m<inf> imu: LSM6DSV16X   a   4.125   5.437   7.873  g  -0.012   0.002  -0.002[0m
[1;32muart:~$ [m[8D[J[1;32muart:~$ [m[8D[J[00:03:38.382,000] [0m<inf> imu: ICM-42688-P  a   4.111   5.297   7.253  g   0.001  -0.005  -0.000[0m
[1;32muart:~$ [m[8D[J[00:03:38.483,000] [0m<inf> imu: LSM6DS3TR-C  a   3.821   5.356   7.593  g   0.023  -0.063   0.015[0m
[1;32muart:~$ [m[8D[J[00:03:38.485,000] [0m<inf> imu: LSM6DSV16X   a   4.132   5.453   7.875  g  -0.012   0.002  -0.002[0m
[1;32muart:~$ [m[8D[J[1;32muart:~$ [m[8D[J[00:03:38.486,000] [0m<inf> imu: ICM-42688-P  a   4.112   5.306   7.263  g  -0.001  -0.005   0.000[0m
[1;32muart:~$ [m[8D[J[00:03:38.587,000] [0m<inf> imu: LSM6DS3TR-C  a   3.890   5.353   7.581  g   0.024  -0.063   0.015[0m
[1;32muart:~$ [m[8D[J[1;32muart:~$ [m[8D[J[00:03:38.587,000] [0m<inf> imu: LSM6DSV16X   a   4.122   5.431   7.859  g  -0.011   0.002  -0.002[0m
[1;32muart:~$ [m[8D[J[00:03:38.588,000] [0m<inf> imu: ICM-42688-P  a   4.098   5.285   7.253  g  -0.001  -0.005  -0.001[0m
[1;32muart:~$ [m[8D[J[00:03:38.689,000] [0m<inf> imu: LSM6DS3TR-C  a   3.852   5.413   7.602  g   0.023  -0.060   0.013[0m
[1;32muart:~$ [m[8D[J[00:03:38.690,000] [0m<inf> imu: LSM6DSV16X   a   4.130   5.448   7.882  g  -0.011   0.002  -0.002[0m
[1;32muart:~$ [m[8D[J[1;32muart:~$ [m[8D[J[00:03:38.690,000] [0m<inf> imu: ICM-42688-P  a   4.112   5.300   7.246  g  -0.001  -0.006   0.001[0m
[1;32muart:~$ [m[8D[J[1;32muart:~$ [m[8D[J[00:03:38.791,000] [0m<inf> imu: LSM6DS3TR-C  a   3.857   5.362   7.600  g   0.025  -0.066   0.014[0m
[1;32muart:~$ [m[8D[J[00:03:38.792,000] [0m<inf> imu: LSM6DSV16X   a   4.111   5.446   7.877  g  -0.012   0.002  -0.002[0m
[1;32muart:~$ [m[8D[J[1;32muart:~$ [m[8D[J[00:03:38.792,000] [0m<inf> imu: ICM-42688-P  a   4.087   5.300   7.262  g  -0.000  -0.005   0.000[0m
[1;32muart:~$ [m[8D[J[00:03:38.894,000] [0m<inf> imu: LSM6DS3TR-C  a   3.830   5.359   7.606  g   0.023  -0.061   0.013[0m
[1;32muart:~$ [m[8D[J[1;32muart:~$ [m[8D[J[00:03:38.894,000] [0m<inf> imu: LSM6DSV16X   a   4.116   5.447   7.885  g  -0.011   0.002  -0.002[0m
[1;32muart:~$ [m[8D[J[00:03:38.895,000] [0m<inf> imu: ICM-42688-P  a   4.092   5.308   7.265  g  -0.001  -0.005  -0.000[0m
[1;32muart:~$ [m[8D[J[1;32muart:~$ [m[8D[J[00:03:38.996,000] [0m<inf> imu: LSM6DS3TR-C  a   3.869   5.361   7.621  g   0.022  -0.061   0.014[0m
[1;32muart:~$ [m[8D[J[00:03:38.997,000] [0m<inf> imu: LSM6DSV16X   a   4.121   5.431   7.880  g  -0.011   0.002  -0.003[0m
[1;32muart:~$ [m[8D[J[00:03:38.997,000] [0m<inf> imu: ICM-42688-P  a   4.094   5.301   7.268  g   0.000  -0.005   0.000[0m
[1;32muart:~$ [m[8D[J[1;32muart:~$ [m[8D[J[00:03:39.098,000] [0m<inf> imu: LSM6DS3TR-C  a   3.803   5.395   7.652  g   0.026  -0.061   0.014[0m
[1;32muart:~$ [m[8D[J[00:03:39.099,000] [0m<inf> imu: LSM6DSV16X   a   4.123   5.455   7.881  g  -0.012   0.002  -0.002[0m
[1;32muart:~$ [m[8D[J[1;32muart:~$ [m[8D[J[00:03:39.099,000] [0m<inf> imu: ICM-42688-P  a   4.112   5.309   7.284  g  -0.001  -0.005  -0.001[0m
[1;32muart:~$ [m[8D[J[00:03:39.201,000] [0m<inf> imu: LSM6DS3TR-C  a   3.825   5.368   7.588  g   0.025  -0.064   0.013[0m
[1;32muart:~$ [m[8D[J[00:03:39.202,000] [0m<inf> imu: LSM6DSV16X   a   4.116   5.436   7.868  g  -0.012   0.002  -0.002[0m
[1;32muart:~$ [m[8D[J[1;32muart:~$ [m[8D[J[00:03:39.203,000] [0m<inf> imu: ICM-42688-P  a   4.101   5.289   7.251  g  -0.001  -0.006  -0.001[0m
[1;32muart:~$ [m[8D[J[00:03:39.304,000] [0m<inf> imu: LSM6DS3TR-C  a   3.847   5.358   7.589  g   0.025  -0.062   0.013[0m
[1;32muart:~$ [m[8D[J[1;32muart:~$ [m[8D[J[00:03:39.304,000] [0m<inf> imu: LSM6DSV16X   a   4.128   5.438   7.871  g  -0.012   0.003  -0.003[0m
[1;32muart:~$ [m[8D[J[00:03:39.305,000] [0m<inf> imu: ICM-42688-P  a   4.112   5.292   7.258  g  -0.001  -0.005  -0.001[0m
[1;32muart:~$ [m[8D[J[00:03:39.406,000] [0m<inf> imu: LSM6DS3TR-C  a   3.885   5.352   7.591  g   0.023  -0.063   0.014[0m
[1;32muart:~$ [m[8D[J[00:03:39.407,000] [0m<inf> imu: LSM6DSV16X   a   4.125   5.429   7.872  g  -0.011   0.002  -0.002[0m
[1;32muart:~$ [m[8D[J[1;32muart:~$ [m[8D[J[00:03:39.407,000] [0m<inf> imu: ICM-42688-P  a   4.107   5.304   7.266  g  -0.001  -0.005   0.001[0m
[1;32muart:~$ [m[8D[J[1;32muart:~$ [m[8D[J[00:03:39.508,000] [0m<inf> imu: LSM6DS3TR-C  a   3.884   5.353   7.593  g   0.024  -0.061   0.013[0m
[1;32muart:~$ [m[8D[J[00:03:39.509,000] [0m<inf> imu: LSM6DSV16X   a   4.125   5.434   7.866  g  -0.011   0.002  -0.002[0m
[1;32muart:~$ [m[8D[J[1;32muart:~$ [m[8D[J[00:03:39.510,000] [0m<inf> imu: ICM-42688-P  a   4.104   5.288   7.252  g   0.000  -0.004   0.000[0m
[1;32muart:~$ [m[8D[J[00:03:39.611,000] [0m<inf> imu: LSM6DS3TR-C  a   3.854   5.372   7.594  g   0.024  -0.062   0.015[0m
[1;32muart:~$ [m[8D[J[1;32muart:~$ [m[8D[J[00:03:39.611,000] [0m<inf> imu: LSM6DSV16X   a   4.123   5.432   7.873  g  -0.011   0.002  -0.002[0m
[1;32muart:~$ [m[8D[J[00:03:39.612,000] [0m<inf> imu: ICM-42688-P  a   4.095   5.302   7.265  g   0.000  -0.005   0.000[0m
[1;32muart:~$ [m[8D[J[1;32muart:~$ [m[8D[J[00:03:39.713,000] [0m<inf> imu: LSM6DS3TR-C  a   3.839   5.358   7.564  g   0.024  -0.064   0.014[0m
[1;32muart:~$ [m[8D[J[00:03:39.714,000] [0m<inf> imu: LSM6DSV16X   a   4.120   5.441   7.872  g  -0.011   0.002  -0.002[0m
[1;32muart:~$ [m[8D[J[1;32muart:~$ [m[8D[J[00:03:39.714,000] [0m<inf> imu: ICM-42688-P  a   4.108   5.314   7.272  g  -0.001  -0.005  -0.000[0m
[1;32muart:~$ [m[8D[J[00:03:39.815,000] [0m<inf> imu: LSM6DS3TR-C  a   3.815   5.368   7.580  g   0.025  -0.063   0.017[0m
[1;32muart:~$ [m[8D[J[00:03:39.816,000] [0m<inf> imu: LSM6DSV16X   a   4.128   5.429   7.860  g  -0.012   0.002  -0.002[0m
[1;32muart:~$ [m[8D[J[1;32muart:~$ [m[8D[J[00:03:39.816,000] [0m<inf> imu: ICM-42688-P  a   4.104   5.290   7.257  g   0.001  -0.004  -0.000[0m
[1;32muart:~$ [m[8D[J[00:03:39.918,000] [0m<inf> imu: LSM6DS3TR-C  a   3.864   5.363   7.557  g   0.025  -0.064   0.013[0m
[1;32muart:~$ [m[8D[J[1;32muart:~$ [m[8D[J[00:03:39.919,000] [0m<inf> imu: LSM6DSV16X   a   4.129   5.444   7.875  g  -0.011   0.002  -0.002[0m
[1;32muart:~$ [m[8D[J[00:03:39.920,000] [0m<inf> imu: ICM-42688-P  a   4.112   5.307   7.265  g  -0.001  -0.005   0.000[0m
[1;32muart:~$ [m[8D[J[00:03:40.021,000] [0m<inf> imu: LSM6DS3TR-C  a   3.848   5.372   7.616  g   0.025  -0.062   0.013[0m
[1;32muart:~$ [m[8D[J[1;32muart:~$ [m[8D[J[00:03:40.022,000] [0m<inf> imu: LSM6DSV16X   a   4.121   5.441   7.866  g  -0.012   0.002  -0.002[0m
[1;32muart:~$ [m[8D[J[00:03:40.022,000] [0m<inf> imu: ICM-42688-P  a   4.094   5.297   7.260  g  -0.000  -0.005   0.001[0m
[1;32muart:~$ [m[8D[J[1;32muart:~$ [m[8D[J[00:03:40.124,000] [0m<inf> imu: LSM6DS3TR-C  a   3.884   5.386   7.577  g   0.027  -0.061   0.015[0m
[1;32muart:~$ [m[8D[J[00:03:40.125,000] [0m<inf> imu: LSM6DSV16X   a   4.122   5.453   7.873  g  -0.010   0.002  -0.002[0m
[1;32muart:~$ [m[8D[J[1;32muart:~$ [m[8D[J[00:03:40.126,000] [0m<inf> imu: ICM-42688-P  a   4.086   5.292   7.254  g  -0.001  -0.004   0.000[0m
[1;32muart:~$ [m[8D[J[00:03:40.227,000] [0m<inf> imu: LSM6DS3TR-C  a   3.885   5.367   7.591  g   0.024  -0.063   0.015[0m
[1;32muart:~$ [m[8D[J[1;32muart:~$ [m[8D[J[00:03:40.228,000] [0m<inf> imu: LSM6DSV16X   a   4.133   5.435   7.868  g  -0.011   0.003  -0.002[0m
[1;32muart:~$ [m[8D[J[00:03:40.228,000] [0m<inf> imu: ICM-42688-P  a   4.116   5.310   7.258  g  -0.001  -0.005  -0.001[0m
[1;32muart:~$ [m[8D[J[1;32muart:~$ [m[8D[J[00:03:40.329,000] [0m<inf> imu: LSM6DS3TR-C  a   3.855   5.346   7.598  g   0.024  -0.064   0.015[0m
[1;32muart:~$ [m[8D[J[00:03:40.330,000] [0m<inf> imu: LSM6DSV16X   a   4.137   5.435   7.863  g  -0.011   0.002  -0.002[0m
[1;32muart:~$ [m[8D[J[1;32muart:~$ [m[8D[J[00:03:40.330,000] [0m<inf> imu: ICM-42688-P  a   4.110   5.295   7.254  g   0.001  -0.005  -0.001[0m
[1;32muart:~$ [m[8D[J[00:03:40.431,000] [0m<inf> imu: LSM6DS3TR-C  a   3.846   5.355   7.610  g   0.024  -0.062   0.014[0m
[1;32muart:~$ [m[8D[J[00:03:40.432,000] [0m<inf> imu: LSM6DSV16X   a   4.134   5.448   7.874  g  -0.011   0.002  -0.002[0m
[1;32muart:~$ [m[8D[J[1;32muart:~$ [m[8D[J[00:03:40.433,000] [0m<inf> imu: ICM-42688-P  a   4.093   5.306   7.263  g  -0.000  -0.006   0.000[0m
[1;32muart:~$ [m[8D[J[00:03:40.534,000] [0m<inf> imu: LSM6DS3TR-C  a   3.833   5.395   7.619  g   0.025  -0.063   0.014[0m
[1;32muart:~$ [m[8D[J[1;32muart:~$ [m[8D[J[00:03:40.535,000] [0m<inf> imu: LSM6DSV16X   a   4.111   5.448   7.873  g  -0.012   0.002  -0.002[0m
[1;32muart:~$ [m[8D[J[00:03:40.535,000] [0m<inf> imu: ICM-42688-P  a   4.090   5.302   7.274  g   0.000  -0.005  -0.001[0m
[1;32muart:~$ [m[8D[J[00:03:40.636,000] [0m<inf> imu: LSM6DS3TR-C  a   3.850   5.352   7.591  g   0.025  -0.062   0.013[0m
[1;32muart:~$ [m[8D[J[1;32muart:~$ [m[8D[J[00:03:40.637,000] [0m<inf> imu: LSM6DSV16X   a   4.116   5.437   7.872  g  -0.012   0.001  -0.002[0m
[1;32muart:~$ [m[8D[J[00:03:40.638,000] [0m<inf> imu: ICM-42688-P  a   4.106   5.303   7.268  g   0.000  -0.005   0.000[0m
[1;32muart:~$ [m[8D[J[1;32muart:~$ [m[8D[J[00:03:40.739,000] [0m<inf> imu: LSM6DS3TR-C  a   3.836   5.362   7.606  g   0.024  -0.062   0.014[0m
[1;32muart:~$ [m[8D[J[00:03:40.740,000] [0m<inf> imu: LSM6DSV16X   a   4.135   5.436   7.860  g  -0.011   0.002  -0.002[0m
[1;32muart:~$ [m[8D[J[1;32muart:~$ [m[8D[J[00:03:40.741,000] [0m<inf> imu: ICM-42688-P  a   4.104   5.306   7.250  g   0.000  -0.005  -0.001[0m
[1;32muart:~$ [m[8D[J[00:03:40.842,000] [0m<inf> imu: LSM6DS3TR-C  a   3.863   5.372   7.584  g   0.024  -0.062   0.014[0m
[1;32muart:~$ [m[8D[J[1;32muart:~$ [m[8D[J[00:03:40.843,000] [0m<inf> imu: LSM6DSV16X   a   4.130   5.441   7.872  g  -0.012   0.002  -0.002[0m
[1;32muart:~$ [m[8D[J[00:03:40.843,000] [0m<inf> imu: ICM-42688-P  a   4.107   5.307   7.253  g  -0.000  -0.005   0.000[0m
[1;32muart:~$ [m[8D[J[1;32muart:~$ [m[8D[J[00:03:40.944,000] [0m<inf> imu: LSM6DS3TR-C  a   3.858   5.368   7.603  g   0.027  -0.061   0.013[0m
[1;32muart:~$ [m[8D[J[00:03:40.945,000] [0m<inf> imu: LSM6DSV16X   a   4.123   5.436   7.862  g  -0.012   0.002  -0.002[0m
[1;32muart:~$ [m[8D[J[1;32muart:~$ [m[8D[J[00:03:40.945,000] [0m<inf> imu: ICM-42688-P  a   4.098   5.301   7.258  g  -0.000  -0.005   0.000[0m
[1;32muart:~$ [m[8D[J[00:03:41.046,000] [0m<inf> imu: LSM6DS3TR-C  a   3.845   5.346   7.583  g   0.024  -0.062   0.016[0m
[1;32muart:~$ [m[8D[J[00:03:41.047,000] [0m<inf> imu: LSM6DSV16X   a   4.118   5.441   7.877  g  -0.013   0.002  -0.002[0m
[1;32muart:~$ [m[8D[J[00:03:41.048,000] [0m<inf> imu: ICM-42688-P  a   4.100   5.294   7.274  g   0.000  -0.005  -0.000[0m
[1;32muart:~$ [m[8D[J[1;32muart:~$ [m[8D[J[00:03:41.149,000] [0m<inf> imu: LSM6DS3TR-C  a   3.840   5.368   7.607  g   0.024  -0.063   0.014[0m
[1;32muart:~$ [m[8D[J[00:03:41.150,000] [0m<inf> imu: LSM6DSV16X   a   4.125   5.444   7.860  g  -0.011   0.002  -0.002[0m
[1;32muart:~$ [m[8D[J[00:03:41.151,000] [0m<inf> imu: ICM-42688-P  a   4.111   5.303   7.263  g   0.001  -0.005   0.001[0m
[1;32muart:~$ [m[8D[J[00:03:41.252,000] [0m<inf> imu: LSM6DS3TR-C  a   3.853   5.368   7.632  g   0.024  -0.062   0.015[0m
[1;32muart:~$ [m[8D[J[1;32muart:~$ [m[8D[J[00:03:41.254,000] [0m<inf> imu: LSM6DSV16X   a   4.116   5.443   7.877  g  -0.011   0.002  -0.002[0m
[1;32muart:~$ [m[8D[J[00:03:41.255,000] [0m<inf> imu: ICM-42688-P  a   4.100   5.296   7.272  g  -0.000  -0.005   0.001[0m
[1;32muart:~$ [m[8D[J[1;32muart:~$ [m[8D[J[00:03:41.356,000] [0m<inf> imu: LSM6DS3TR-C  a   3.890   5.353   7.600  g   0.025  -0.061   0.015[0m
[1;32muart:~$ [m[8D[J[00:03:41.357,000] [0m<inf> imu: LSM6DSV16X   a   4.127   5.448   7.868  g  -0.012   0.002  -0.002[0m
[1;32muart:~$ [m[8D[J[1;32muart:~$ [m[8D[J[00:03:41.358,000] [0m<inf> imu: ICM-42688-P  a   4.108   5.302   7.254  g  -0.001  -0.005  -0.000[0m
[1;32muart:~$ [m[8D[J[00:03:41.459,000] [0m<inf> imu: LSM6DS3TR-C  a   3.867   5.338   7.578  g   0.026  -0.064   0.014[0m
[1;32muart:~$ [m[8D[J[1;32muart:~$ [m[8D[J[00:03:41.459,000] [0m<inf> imu: LSM6DSV16X   a   4.125   5.441   7.873  g  -0.012   0.002  -0.002[0m
[1;32muart:~$ [m[8D[J[00:03:41.460,000] [0m<inf> imu: ICM-42688-P  a   4.101   5.302   7.263  g   0.000  -0.006  -0.000[0m
[1;32muart:~$ [m[8D[J[1;32muart:~$ [m[8D[J[00:03:41.561,000] [0m<inf> imu: LSM6DS3TR-C  a   3.831   5.377   7.610  g   0.024  -0.063   0.014[0m
[1;32muart:~$ [m[8D[J[00:03:41.562,000] [0m<inf> imu: LSM6DSV16X   a   4.126   5.431   7.860  g  -0.011   0.002  -0.002[0m
[1;32muart:~$ [m[8D[J[1;32muart:~$ [m[8D[J[00:03:41.562,000] [0m<inf> imu: ICM-42688-P  a   4.105   5.289   7.256  g   0.001  -0.005   0.000[0m
[1;32muart:~$ [m[8D[J[00:03:41.663,000] [0m<inf> imu: LSM6DS3TR-C  a   3.881   5.340   7.628  g   0.025  -0.062   0.015[0m
[1;32muart:~$ [m[8D[J[00:03:41.664,000] [0m<inf> imu: LSM6DSV16X   a   4.118   5.446   7.880  g  -0.011   0.002  -0.002[0m
[1;32muart:~$ [m[8D[J[1;32muart:~$ [m[8D[J[00:03:41.665,000] [0m<inf> imu: ICM-42688-P  a   4.117   5.297   7.252  g  -0.001  -0.005   0.000[0m
[1;32muart:~$ [m[8D[J[00:03:41.766,000] [0m<inf> imu: LSM6DS3TR-C  a   3.862   5.356   7.606  g   0.024  -0.061   0.014[0m
[1;32muart:~$ [m[8D[J[1;32muart:~$ [m[8D[J[00:03:41.767,000] [0m<inf> imu: LSM6DSV16X   a   4.118   5.436   7.880  g  -0.011   0.002  -0.002[0m
[1;32muart:~$ [m[8D[J[00:03:41.768,000] [0m<inf> imu: ICM-42688-P  a   4.106   5.291   7.272  g  -0.001  -0.005   0.000[0m
[1;32muart:~$ [m[8D[J[00:03:41.869,000] [0m<inf> imu: LSM6DS3TR-C  a   3.879   5.362   7.608  g   0.025  -0.064   0.014[0m
[1;32muart:~$ [m[8D[J[1;32muart:~$ [m[8D[J[00:03:41.869,000] [0m<inf> imu: LSM6DSV16X   a   4.117   5.449   7.870  g  -0.013   0.002  -0.003[0m
[1;32muart:~$ [m[8D[J[00:03:41.870,000] [0m<inf> imu: ICM-42688-P  a   4.106   5.301   7.274  g  -0.000  -0.005  -0.001[0m
[1;32muart:~$ [m[8D[J[00:03:41.971,000] [0m<inf> imu: LSM6DS3TR-C  a   3.869   5.394   7.624  g   0.024  -0.062   0.014[0m
[1;32muart:~$ [m[8D[J[00:03:41.972,000] [0m<inf> imu: LSM6DSV16X   a   4.125   5.448   7.880  g  -0.012   0.002  -0.003[0m
[1;32muart:~$ [m[8D[J[1;32muart:~$ [m[8D[J[00:03:41.972,000] [0m<inf> imu: ICM-42688-P  a   4.113   5.297   7.271  g  -0.001  -0.005  -0.001[0m
[1;32muart:~$ [m[8D[J[1;32muart:~$ [m[8D[J[00:03:42.073,000] [0m<inf> imu: LSM6DS3TR-C  a   3.842   5.361   7.596  g   0.025  -0.063   0.013[0m
[1;32muart:~$ [m[8D[J[00:03:42.074,000] [0m<inf> imu: LSM6DSV16X   a   4.118   5.443   7.878  g  -0.012   0.002  -0.003[0m
[1;32muart:~$ [m[8D[J[1;32muart:~$ [m[8D[J[00:03:42.074,000] [0m<inf> imu: ICM-42688-P  a   4.120   5.296   7.251  g  -0.001  -0.005  -0.001[0m
[1;32muart:~$ [m[8D[J[00:03:42.176,000] [0m<inf> imu: LSM6DS3TR-C  a   3.851   5.344   7.603  g   0.024  -0.063   0.014[0m
[1;32muart:~$ [m[8D[J[1;32muart:~$ [m[8D[J[00:03:42.176,000] [0m<inf> imu: LSM6DSV16X   a   4.125   5.444   7.869  g  -0.012   0.002  -0.002[0m
[1;32muart:~$ [m[8D[J[00:03:42.177,000] [0m<inf> imu: ICM-42688-P  a   4.106   5.303   7.265  g  -0.001  -0.006   0.001[0m
[1;32muart:~$ [m[8D[J[1;32muart:~$ [m[8D[J[00:03:42.278,000] [0m<inf> imu: LSM6DS3TR-C  a   3.867   5.368   7.603  g   0.024  -0.062   0.014[0m
[1;32muart:~$ [m[8D[J[00:03:42.278,000] [0m<inf> imu: LSM6DSV16X   a   4.116   5.439   7.865  g  -0.012   0.002  -0.002[0m
[1;32muart:~$ [m[8D[J[1;32muart:~$ [m[8D[J[00:03:42.279,000] [0m<inf> imu: ICM-42688-P  a   4.104   5.292   7.265  g   0.000  -0.005  -0.001[0m
[1;32muart:~$ [m[8D[J[00:03:42.380,000] [0m<inf> imu: LSM6DS3TR-C  a   3.846   5.378   7.634  g   0.025  -0.064   0.015[0m
[1;32muart:~$ [m[8D[J[00:03:42.381,000] [0m<inf> imu: LSM6DSV16X   a   4.120   5.444   7.862  g  -0.012   0.002  -0.002[0m
[1;32muart:~$ [m[8D[J[1;32muart:~$ [m[8D[J[00:03:42.381,000] [0m<inf> imu: ICM-42688-P  a   4.102   5.301   7.265  g  -0.000  -0.005  -0.001[0m
[1;32muart:~$ [m[8D[J[00:03:42.483,000] [0m<inf> imu: LSM6DS3TR-C  a   3.879   5.372   7.607  g   0.024  -0.062   0.015[0m
[1;32muart:~$ [m[8D[J[00:03:42.484,000] [0m<inf> imu: LSM6DSV16X   a   4.116   5.432   7.866  g  -0.011   0.003  -0.002[0m
[1;32muart:~$ [m[8D[J[1;32muart:~$ [m[8D[J[00:03:42.484,000] [0m<inf> imu: ICM-42688-P  a   4.095   5.292   7.281  g  -0.001  -0.005   0.000[0m
[1;32muart:~$ [m[8D[J[00:03:42.585,000] [0m<inf> imu: LSM6DS3TR-C  a   3.812   5.370   7.606  g   0.024  -0.063   0.014[0m
[1;32muart:~$ [m[8D[J[1;32muart:~$ [m[8D[J[00:03:42.586,000] [0m<inf> imu: LSM6DSV16X   a   4.130   5.442   7.868  g  -0.011   0.002  -0.002[0m
[1;32muart:~$ [m[8D[J[00:03:42.587,000] [0m<inf> imu: ICM-42688-P  a   4.108   5.301   7.253  g  -0.001  -0.005   0.000[0m
[1;32muart:~$ [m[8D[J[00:03:42.688,000] [0m<inf> imu: LSM6DS3TR-C  a   3.875   5.374   7.602  g   0.024  -0.063   0.014[0m
[1;32muart:~$ [m[8D[J[00:03:42.688,000] [0m<inf> imu: LSM6DSV16X   a   4.122   5.447   7.878  g  -0.011   0.003  -0.002[0m
[1;32muart:~$ [m[8D[J[1;32muart:~$ [m[8D[J[00:03:42.689,000] [0m<inf> imu: ICM-42688-P  a   4.090   5.306   7.254  g   0.000  -0.005  -0.000[0m
[1;32muart:~$ [m[8D[J[1;32muart:~$ [m[8D[J[00:03:42.790,000] [0m<inf> imu: LSM6DS3TR-C  a   3.837   5.347   7.580  g   0.024  -0.061   0.014[0m
[1;32muart:~$ [m[8D[J[00:03:42.791,000] [0m<inf> imu: LSM6DSV16X   a   4.128   5.447   7.872  g  -0.012   0.002  -0.002[0m
[1;32muart:~$ [m[8D[J[1;32muart:~$ [m[8D[J[00:03:42.791,000] [0m<inf> imu: ICM-42688-P  a   4.106   5.307   7.281  g   0.000  -0.005   0.000[0m
[1;32muart:~$ [m[8D[J[00:03:42.892,000] [0m<inf> imu: LSM6DS3TR-C  a   3.845   5.374   7.603  g   0.023  -0.062   0.013[0m
[1;32muart:~$ [m[8D[J[1;32muart:~$ [m[8D[J[00:03:42.893,000] [0m<inf> imu: LSM6DSV16X   a   4.125   5.436   7.872  g  -0.013   0.002  -0.002[0m
[1;32muart:~$ [m[8D[J[00:03:42.894,000] [0m<inf> imu: ICM-42688-P  a   4.100   5.301   7.246  g   0.001  -0.005   0.001[0m
[1;32muart:~$ [m[8D[J[1;32muart:~$ [m[8D[J[00:03:42.995,000] [0m<inf> imu: LSM6DS3TR-C  a   3.851   5.377   7.600  g   0.024  -0.064   0.013[0m
[1;32muart:~$ [m[8D[J[00:03:42.995,000] [0m<inf> imu: LSM6DSV16X   a   4.128   5.448   7.878  g  -0.011   0.002  -0.002[0m
[1;32muart:~$ [m[8D[J[00:03:42.996,000] [0m<inf> imu: ICM-42688-P  a   4.101   5.306   7.256  g  -0.001  -0.006   0.000[0m
[1;32muart:~$ [m[8D[J[1;32muart:~$ [m[8D[J[00:03:43.097,000] [0m<inf> imu: LSM6DS3TR-C  a   3.893   5.389   7.591  g   0.024  -0.064   0.013[0m
[1;32muart:~$ [m[8D[J[00:03:43.098,000] [0m<inf> imu: LSM6DSV16X   a   4.113   5.445   7.867  g  -0.011   0.002  -0.002[0m
[1;32muart:~$ [m[8D[J[1;32muart:~$ [m[8D[J[00:03:43.098,000] [0m<inf> imu: ICM-42688-P  a   4.092   5.301   7.251  g  -0.001  -0.004  -0.000[0m
[1;32muart:~$ [m[8D[J[00:03:43.199,000] [0m<inf> imu: LSM6DS3TR-C  a   3.853   5.370   7.617  g   0.027  -0.065   0.014[0m
[1;32muart:~$ [m[8D[J[00:03:43.200,000] [0m<inf> imu: LSM6DSV16X   a   4.125   5.442   7.866  g  -0.011   0.002  -0.002[0m
[1;32muart:~$ [m[8D[J[1;32muart:~$ [m[8D[J[00:03:43.202,000] [0m<inf> imu: ICM-42688-P  a   4.100   5.301   7.276  g   0.000  -0.005   0.000[0m
[1;32muart:~$ [m[8D[J[00:03:43.303,000] [0m<inf> imu: LSM6DS3TR-C  a   3.866   5.361   7.587  g   0.023  -0.063   0.014[0m
[1;32muart:~$ [m[8D[J[1;32muart:~$ [m[8D[J[00:03:43.304,000] [0m<inf> imu: LSM6DSV16X   a   4.125   5.441   7.872  g  -0.012   0.003  -0.002[0m
[1;32muart:~$ [m[8D[J[00:03:43.304,000] [0m<inf> imu: ICM-42688-P  a   4.100   5.304   7.263  g   0.000  -0.005  -0.001[0m
[1;32muart:~$ [m[8D[J[1;32muart:~$ [m[8D[J[00:03:43.406,000] [0m<inf> imu: LSM6DS3TR-C  a   3.835   5.366   7.554  g   0.025  -0.061   0.016[0m
[1;32muart:~$ [m[8D[J[00:03:43.408,000] [0m<inf> imu: LSM6DSV16X   a   4.123   5.444   7.877  g  -0.012   0.002  -0.002[0m
[1;32muart:~$ [m[8D[J[1;32muart:~$ [m[8D[J[00:03:43.408,000] [0m<inf> imu: ICM-42688-P  a   4.099   5.312   7.276  g   0.001  -0.005   0.001[0m
[1;32muart:~$ [m[8D[J[00:03:43.509,000] [0m<inf> imu: LSM6DS3TR-C  a   3.852   5.371   7.631  g   0.023  -0.063   0.013[0m
[1;32muart:~$ [m[8D[J[1;32muart:~$ [m[8D[J[00:03:43.510,000] [0m<inf> imu: LSM6DSV16X   a   4.123   5.441   7.873  g  -0.012   0.002  -0.002[0m
[1;32muart:~$ [m[8D[J[00:03:43.510,000] [0m<inf> imu: ICM-42688-P  a   4.105   5.300   7.259  g   0.000  -0.005   0.001[0m
[1;32muart:~$ [m[8D[J[1;32muart:~$ [m[8D[J[00:03:43.612,000] [0m<inf> imu: LSM6DS3TR-C  a   3.898   5.357   7.621  g   0.023  -0.064   0.014[0m
[1;32muart:~$ [m[8D[J[00:03:43.612,000] [0m<inf> imu: LSM6DSV16X   a   4.123   5.443   7.869  g  -0.012   0.002  -0.002[0m
[1;32muart:~$ [m[8D[J[1;32muart:~$ [m[8D[J[00:03:43.613,000] [0m<inf> imu: ICM-42688-P  a   4.098   5.298   7.263  g   0.000  -0.005  -0.001[0m
[1;32muart:~$ [m[8D[J[00:03:43.714,000] [0m<inf> imu: LSM6DS3TR-C  a   3.851   5.401   7.573  g   0.024  -0.062   0.014[0m
[1;32muart:~$ [m[8D[J[00:03:43.715,000] [0m<inf> imu: LSM6DSV16X   a   4.128   5.448   7.865  g  -0.011   0.002  -0.002[0m
[1;32muart:~$ [m[8D[J[1;32muart:~$ [m[8D[J[00:03:43.715,000] [0m<inf> imu: ICM-42688-P  a   4.095   5.308   7.270  g  -0.000  -0.005   0.001[0m
[1;32muart:~$ [m[8D[J[00:03:43.817,000] [0m<inf> imu: LSM6DS3TR-C  a   3.833   5.395   7.611  g   0.024  -0.062   0.013[0m
[1;32muart:~$ [m[8D[J[1;32muart:~$ [m[8D[J[00:03:43.818,000] [0m<inf> imu: LSM6DSV16X   a   4.114   5.448   7.869  g  -0.012   0.002  -0.002[0m
[1;32muart:~$ [m[8D[J[00:03:43.818,000] [0m<inf> imu: ICM-42688-P  a   4.108   5.297   7.263  g  -0.001  -0.005   0.001[0m
[1;32muart:~$ [m[8D[J[00:03:43.919,000] [0m<inf> imu: LSM6DS3TR-C  a   3.813   5.367   7.607  g   0.024  -0.062   0.015[0m
[1;32muart:~$ [m[8D[J[1;32muart:~$ [m[8D[J[00:03:43.920,000] [0m<inf> imu: LSM6DSV16X   a   4.108   5.432   7.877  g  -0.011   0.002  -0.002[0m
[1;32muart:~$ [m[8D[J[00:03:43.921,000] [0m<inf> imu: ICM-42688-P  a   4.093   5.289   7.263  g   0.000  -0.005   0.000[0m
[1;32muart:~$ [m[8D[J[00:03:44.022,000] [0m<inf> imu: LSM6DS3TR-C  a   3.850   5.391   7.606  g   0.024  -0.063   0.013[0m
[1;32muart:~$ [m[8D[J[00:03:44.022,000] [0m<inf> imu: LSM6DSV16X   a   4.120   5.447   7.875  g  -0.011   0.002  -0.002[0m
[1;32muart:~$ [m[8D[J[1;32muart:~$ [m[8D[J[00:03:44.023,000] [0m<inf> imu: ICM-42688-P  a   4.107   5.303   7.252  g  -0.000  -0.005   0.000[0m
[1;32muart:~$ [m[8D[J[1;32muart:~$ [m[8D[J[00:03:44.124,000] [0m<inf> imu: LSM6DS3TR-C  a   3.842   5.333   7.618  g   0.024  -0.063   0.015[0m
[1;32muart:~$ [m[8D[J[00:03:44.125,000] [0m<inf> imu: LSM6DSV16X   a   4.123   5.419   7.860  g  -0.010   0.002  -0.002[0m
[1;32muart:~$ [m[8D[J[1;32muart:~$ [m[8D[J[00:03:44.125,000] [0m<inf> imu: ICM-42688-P  a   4.090   5.286   7.259  g   0.001  -0.005   0.001[0m
[1;32muart:~$ [m[8D[J[00:03:44.226,000] [0m<inf> imu: LSM6DS3TR-C  a   3.805   5.405   7.582  g   0.025  -0.062   0.013[0m
[1;32muart:~$ [m[8D[J[1;32muart:~$ [m[8D[J[00:03:44.227,000] [0m<inf> imu: LSM6DSV16X   a   4.120   5.462   7.877  g  -0.011   0.002  -0.002[0m
[1;32muart:~$ [m[8D[J[00:03:44.228,000] [0m<inf> imu: ICM-42688-P  a   4.113   5.322   7.263  g  -0.001  -0.005   0.000[0m
[1;32muart:~$ [m[8D[J[1;32muart:~$ [m[8D[J[00:03:44.329,000] [0m<inf> imu: LSM6DS3TR-C  a   3.802   5.316   7.577  g   0.024  -0.063   0.014[0m
[1;32muart:~$ [m[8D[J[00:03:44.329,000] [0m<inf> imu: LSM6DSV16X   a   4.118   5.415   7.883  g  -0.010   0.002  -0.002[0m
[1;32muart:~$ [m[8D[J[1;32muart:~$ [m[8D[J[00:03:44.330,000] [0m<inf> imu: ICM-42688-P  a   4.113   5.288   7.278  g  -0.001  -0.005  -0.000[0m
[1;32muart:~$ [m[8D[J[00:03:44.431,000] [0m<inf> imu: LSM6DS3TR-C  a   3.836   5.378   7.568  g   0.026  -0.064   0.014[0m
[1;32muart:~$ [m[8D[J[00:03:44.432,000] [0m<inf> imu: LSM6DSV16X   a   4.108   5.444   7.863  g  -0.011   0.002  -0.002[0m
[1;32muart:~$ [m[8D[J[1;32muart:~$ [m[8D[J[00:03:44.432,000] [0m<inf> imu: ICM-42688-P  a   4.088   5.314   7.253  g   0.000  -0.005   0.000[0m
[1;32muart:~$ [m[8D[J[00:03:44.533,000] [0m<inf> imu: LSM6DS3TR-C  a   3.846   5.385   7.597  g   0.025  -0.062   0.014[0m
[1;32muart:~$ [m[8D[J[1;32muart:~$ [m[8D[J[00:03:44.535,000] [0m<inf> imu: LSM6DSV16X   a   4.116   5.448   7.884  g  -0.012   0.001  -0.003[0m
[1;32muart:~$ [m[8D[J[00:03:44.536,000] [0m<inf> imu: ICM-42688-P  a   4.101   5.285   7.264  g   0.000  -0.005  -0.001[0m
[1;32muart:~$ [m[8D[J[00:03:44.637,000] [0m<inf> imu: LSM6DS3TR-C  a   3.851   5.384   7.634  g   0.023  -0.062   0.013[0m
[1;32muart:~$ [m[8D[J[1;32muart:~$ [m[8D[J[00:03:44.637,000] [0m<inf> imu: LSM6DSV16X   a   4.133   5.446   7.877  g  -0.011   0.002  -0.002[0m
[1;32muart:~$ [m[8D[J[00:03:44.638,000] [0m<inf> imu: ICM-42688-P  a   4.114   5.303   7.258  g   0.000  -0.005  -0.001[0m
[1;32muart:~$ [m[8D[J[00:03:44.739,000] [0m<inf> imu: LSM6DS3TR-C  a   3.849   5.379   7.574  g   0.024  -0.061   0.016[0m
[1;32muart:~$ [m[8D[J[00:03:44.740,000] [0m<inf> imu: LSM6DSV16X   a   4.123   5.449   7.878  g  -0.011   0.001  -0.002[0m
[1;32muart:~$ [m[8D[J[1;32muart:~$ [m[8D[J[00:03:44.740,000] [0m<inf> imu: ICM-42688-P  a   4.108   5.296   7.258  g  -0.001  -0.005   0.001[0m
[1;32muart:~$ [m[8D[J[1;32muart:~$ [m[8D[J[00:03:44.841,000] [0m<inf> imu: LSM6DS3TR-C  a   3.855   5.382   7.579  g   0.026  -0.063   0.015[0m
[1;32muart:~$ [m[8D[J[00:03:44.842,000] [0m<inf> imu: LSM6DSV16X   a   4.123   5.436   7.880  g  -0.012   0.002  -0.002[0m
[1;32muart:~$ [m[8D[J[1;32muart:~$ [m[8D[J[00:03:44.843,000] [0m<inf> imu: ICM-42688-P  a   4.090   5.297   7.252  g  -0.000  -0.004  -0.001[0m
[1;32muart:~$ [m[8D[J[00:03:44.944,000] [0m<inf> imu: LSM6DS3TR-C  a   3.829   5.389   7.595  g   0.026  -0.063   0.016[0m
[1;32muart:~$ [m[8D[J[1;32muart:~$ [m[8D[J[00:03:44.944,000] [0m<inf> imu: LSM6DSV16X   a   4.125   5.436   7.863  g  -0.011   0.002  -0.002[0m
[1;32muart:~$ [m[8D[J[00:03:44.945,000] [0m<inf> imu: ICM-42688-P  a   4.111   5.314   7.263  g  -0.000  -0.006   0.000[0m
[1;32muart:~$ [m[8D[J[1;32muart:~$ [m[8D[J[00:03:45.046,000] [0m<inf> imu: LSM6DS3TR-C  a   3.854   5.353   7.616  g   0.026  -0.062   0.015[0m
[1;32muart:~$ [m[8D[J[00:03:45.047,000] [0m<inf> imu: LSM6DSV16X   a   4.109   5.432   7.868  g  -0.012   0.002  -0.002[0m
[1;32muart:~$ [m[8D[J[1;32muart:~$ [m[8D[J[00:03:45.047,000] [0m<inf> imu: ICM-42688-P  a   4.090   5.295   7.266  g   0.000  -0.005   0.000[0m
[1;32muart:~$ [m[8D[J[00:03:45.148,000] [0m<inf> imu: LSM6DS3TR-C  a   3.841   5.362   7.603  g   0.024  -0.061   0.014[0m
[1;32muart:~$ [m[8D[J[00:03:45.149,000] [0m<inf> imu: LSM6DSV16X   a   4.135   5.446   7.871  g  -0.011   0.001  -0.002[0m
[1;32muart:~$ [m[8D[J[1;32muart:~$ [m[8D[J[00:03:45.149,000] [0m<inf> imu: ICM-42688-P  a   4.113   5.301   7.256  g   0.000  -0.005  -0.000[0m
[1;32muart:~$ [m[8D[J[00:03:45.251,000] [0m<inf> imu: LSM6DS3TR-C  a   3.860   5.373   7.565  g   0.024  -0.061   0.014[0m
[1;32muart:~$ [m[8D[J[1;32muart:~$ [m[8D[J[00:03:45.251,000] [0m<inf> imu: LSM6DSV16X   a   4.121   5.438   7.868  g  -0.012   0.002  -0.002[0m
[1;32muart:~$ [m[8D[J[00:03:45.252,000] [0m<inf> imu: ICM-42688-P  a   4.095   5.292   7.257  g  -0.001  -0.005   0.000[0m
[1;32muart:~$ [m[8D[J[00:03:45.354,000] [0m<inf> imu: LSM6DS3TR-C  a   3.876   5.358   7.576  g   0.026  -0.062   0.013[0m
[1;32muart:~$ [m[8D[J[1;32muart:~$ [m[8D[J[00:03:45.354,000] [0m<inf> imu: LSM6DSV16X   a   4.125   5.444   7.868  g  -0.012   0.002  -0.002[0m
[1;32muart:~$ [m[8D[J[00:03:45.355,000] [0m<inf> imu: ICM-42688-P  a   4.116   5.309   7.262  g  -0.001  -0.005   0.000[0m
[1;32muart:~$ [m[8D[J[00:03:45.456,000] [0m<inf> imu: LSM6DS3TR-C  a   3.847   5.381   7.602  g   0.023  -0.061   0.013[0m
[1;32muart:~$ [m[8D[J[00:03:45.457,000] [0m<inf> imu: LSM6DSV16X   a   4.118   5.437   7.872  g  -0.012   0.002  -0.002[0m
[1;32muart:~$ [m[8D[J[1;32muart:~$ [m[8D[J[00:03:45.457,000] [0m<inf> imu: ICM-42688-P  a   4.110   5.294   7.269  g   0.000  -0.005   0.000[0m
[1;32muart:~$ [m[8D[J[1;32muart:~$ [m[8D[J[00:03:45.558,000] [0m<inf> imu: LSM6DS3TR-C  a   3.879   5.377   7.596  g   0.024  -0.063   0.015[0m
[1;32muart:~$ [m[8D[J[00:03:45.559,000] [0m<inf> imu: LSM6DSV16X   a   4.128   5.443   7.875  g  -0.012   0.002  -0.002[0m
[1;32muart:~$ [m[8D[J[1;32muart:~$ [m[8D[J[00:03:45.559,000] [0m<inf> imu: ICM-42688-P  a   4.120   5.294   7.252  g  -0.001  -0.005   0.000[0m
[1;32muart:~$ [m[8D[J[00:03:45.661,000] [0m<inf> imu: LSM6DS3TR-C  a   3.857   5.362   7.607  g   0.023  -0.061   0.014[0m
[1;32muart:~$ [m[8D[J[1;32muart:~$ [m[8D[J[00:03:45.661,000] [0m<inf> imu: LSM6DSV16X   a   4.128   5.432   7.865  g  -0.013   0.003  -0.003[0m
[1;32muart:~$ [m[8D[J[00:03:45.662,000] [0m<inf> imu: ICM-42688-P  a   4.117   5.297   7.259  g   0.000  -0.005   0.001[0m
[1;32muart:~$ [m[8D[J[1;32muart:~$ [m[8D[J[00:03:45.763,000] [0m<inf> imu: LSM6DS3TR-C  a   3.854   5.331   7.583  g   0.025  -0.063   0.013[0m
[1;32muart:~$ [m[8D[J[00:03:45.764,000] [0m<inf> imu: LSM6DSV16X   a   4.126   5.434   7.872  g  -0.012   0.001  -0.002[0m
[1;32muart:~$ [m[8D[J[1;32muart:~$ [m[8D[J[00:03:45.764,000] [0m<inf> imu: ICM-42688-P  a   4.102   5.292   7.263  g  -0.001  -0.004   0.001[0m
[1;32muart:~$ [m[8D[J[00:03:45.865,000] [0m<inf> imu: LSM6DS3TR-C  a   3.855   5.379   7.558  g   0.025  -0.063   0.014[0m
[1;32muart:~$ [m[8D[J[00:03:45.866,000] [0m<inf> imu: LSM6DSV16X   a   4.111   5.441   7.868  g  -0.011   0.002  -0.002[0m
[1;32muart:~$ [m[8D[J[1;32muart:~$ [m[8D[J[00:03:45.866,000] [0m<inf> imu: ICM-42688-P  a   4.095   5.298   7.268  g  -0.000  -0.005   0.000[0m
[1;32muart:~$ [m[8D[J[00:03:45.968,000] [0m<inf> imu: LSM6DS3TR-C  a   3.867   5.356   7.583  g   0.026  -0.064   0.014[0m
[1;32muart:~$ [m[8D[J[1;32muart:~$ [m[8D[J[00:03:45.969,000] [0m<inf> imu: LSM6DSV16X   a   4.132   5.439   7.873  g  -0.011   0.002  -0.002[0m
[1;32muart:~$ [m[8D[J[00:03:45.969,000] [0m<inf> imu: ICM-42688-P  a   4.112   5.294   7.276  g   0.000  -0.005   0.001[0m
[1;32muart:~$ [m[8D[J[00:03:46.070,000] [0m<inf> imu: LSM6DS3TR-C  a   3.827   5.338   7.585  g   0.025  -0.062   0.014[0m
[1;32muart:~$ [m[8D[J[1;32muart:~$ [m[8D[J[00:03:46.071,000] [0m<inf> imu: LSM6DSV16X   a   4.125   5.445   7.865  g  -0.012   0.001  -0.002[0m
[1;32muart:~$ [m[8D[J[00:03:46.072,000] [0m<inf> imu: ICM-42688-P  a   4.094   5.306   7.252  g  -0.001  -0.004   0.001[0m
[1;32muart:~$ [m[8D[J[00:03:46.173,000] [0m<inf> imu: LSM6DS3TR-C  a   3.850   5.343   7.598  g   0.023  -0.061   0.015[0m
[1;32muart:~$ [m[8D[J[00:03:46.173,000] [0m<inf> imu: LSM6DSV16X   a   4.122   5.444   7.875  g  -0.011   0.002  -0.002[0m
[1;32muart:~$ [m[8D[J[1;32muart:~$ [m[8D[J[00:03:46.174,000] [0m<inf> imu: ICM-42688-P  a   4.096   5.295   7.276  g  -0.001  -0.005   0.000[0m
[1;32muart:~$ [m[8D[J[1;32muart:~$ [m[8D[J[00:03:46.275,000] [0m<inf> imu: LSM6DS3TR-C  a   3.882   5.392   7.620  g   0.024  -0.063   0.014[0m
[1;32muart:~$ [m[8D[J[00:03:46.276,000] [0m<inf> imu: LSM6DSV16X   a   4.159   5.461   7.872  g  -0.012   0.002  -0.003[0m
[1;32muart:~$ [m[8D[J[1;32muart:~$ [m[8D[J[00:03:46.276,000] [0m<inf> imu: ICM-42688-P  a   4.122   5.331   7.259  g  -0.001  -0.005  -0.000[0m
[1;32muart:~$ [m[8D[J[00:03:46.377,000] [0m<inf> imu: LSM6DS3TR-C  a   3.877   5.314   7.548  g   0.024  -0.062   0.015[0m
[1;32muart:~$ [m[8D[J[1;32muart:~$ [m[8D[J[00:03:46.378,000] [0m<inf> imu: LSM6DSV16X   a   4.132   5.402   7.848  g  -0.010   0.002  -0.002[0m
[1;32muart:~$ [m[8D[J[00:03:46.378,000] [0m<inf> imu: ICM-42688-P  a   4.122   5.262   7.246  g   0.001  -0.005   0.001[0m
[1;32muart:~$ [m[8D[J[1;32muart:~$ [m[8D[J[00:03:46.479,000] [0m<inf> imu: LSM6DS3TR-C  a   3.837   5.353   7.591  g   0.025  -0.064   0.016[0m
[1;32muart:~$ [m[8D[J[00:03:46.480,000] [0m<inf> imu: LSM6DSV16X   a   4.111   5.458   7.867  g  -0.012   0.003  -0.002[0m
[1;32muart:~$ [m[8D[J[1;32muart:~$ [m[8D[J[00:03:46.481,000] [0m<inf> imu: ICM-42688-P  a   4.082   5.322   7.263  g  -0.001  -0.005   0.001[0m
[1;32muart:~$ [m[8D[J[00:03:46.582,000] [0m<inf> imu: LSM6DS3TR-C  a   3.866   5.360   7.574  g   0.024  -0.062   0.013[0m
[1;32muart:~$ [m[8D[J[00:03:46.583,000] [0m<inf> imu: LSM6DSV16X   a   4.102   5.426   7.865  g  -0.010   0.003  -0.003[0m
[1;32muart:~$ [m[8D[J[1;32muart:~$ [m[8D[J[00:03:46.583,000] [0m<inf> imu: ICM-42688-P  a   4.090   5.297   7.270  g   0.002  -0.005   0.001[0m
[1;32muart:~$ [m[8D[J[00:03:46.684,000] [0m<inf> imu: LSM6DS3TR-C  a   3.869   5.389   7.584  g   0.025  -0.063   0.015[0m
[1;32muart:~$ [m[8D[J[1;32muart:~$ [m[8D[J[00:03:46.685,000] [0m<inf> imu: LSM6DSV16X   a   4.146   5.435   7.856  g  -0.011   0.002  -0.002[0m
[1;32muart:~$ [m[8D[J[00:03:46.686,000] [0m<inf> imu: ICM-42688-P  a   4.119   5.282   7.240  g  -0.001  -0.004  -0.000[0m
[1;32muart:~$ [m[8D[J[00:03:46.787,000] [0m<inf> imu: LSM6DS3TR-C  a   3.854   5.392   7.600  g   0.025  -0.062   0.013[0m
[1;32muart:~$ [m[8D[J[1;32muart:~$ [m[8D[J[00:03:46.788,000] [0m<inf> imu: LSM6DSV16X   a   4.113   5.445   7.857  g  -0.011   0.002  -0.002[0m
[1;32muart:~$ [m[8D[J[00:03:46.788,000] [0m<inf> imu: ICM-42688-P  a   4.108   5.318   7.258  g   0.000  -0.004   0.001[0m
[1;32muart:~$ [m[8D[J[00:03:46.889,000] [0m<inf> imu: LSM6DS3TR-C  a   3.828   5.360   7.638  g   0.025  -0.061   0.016[0m
[1;32muart:~$ [m[8D[J[00:03:46.890,000] [0m<inf> imu: LSM6DSV16X   a   4.111   5.453   7.882  g  -0.011   0.002  -0.002[0m
[1;32muart:~$ [m[8D[J[1;32muart:~$ [m[8D[J[00:03:46.891,000] [0m<inf> imu: ICM-42688-P  a   4.087   5.301   7.276  g  -0.000  -0.005   0.000[0m
[1;32muart:~$ [m[8D[J[1;32muart:~$ [m[8D[J[00:03:46.992,000] [0m<inf> imu: LSM6DS3TR-C  a   3.824   5.353   7.556  g   0.024  -0.063   0.015[0m
[1;32muart:~$ [m[8D[J[00:03:46.992,000] [0m<inf> imu: LSM6DSV16X   a   4.123   5.429   7.848  g  -0.010   0.002  -0.002[0m
[1;32muart:~$ [m[8D[J[1;32muart:~$ [m[8D[J[00:03:46.993,000] [0m<inf> imu: ICM-42688-P  a   4.099   5.302   7.266  g  -0.001  -0.005   0.000[0m
[1;32muart:~$ [m[8D[J[00:03:47.094,000] [0m<inf> imu: LSM6DS3TR-C  a   3.843   5.353   7.588  g   0.024  -0.064   0.016[0m
[1;32muart:~$ [m[8D[J[1;32muart:~$ [m[8D[J[00:03:47.095,000] [0m<inf> imu: LSM6DSV16X   a   4.128   5.437   7.863  g  -0.011   0.003  -0.002[0m
[1;32muart:~$ [m[8D[J[00:03:47.095,000] [0m<inf> imu: ICM-42688-P  a   4.112   5.284   7.253  g   0.000  -0.004   0.001[0m
[1;32muart:~$ [m[8D[J[1;32muart:~$ [m[8D[J[00:03:47.196,000] [0m<inf> imu: LSM6DS3TR-C  a   3.846   5.351   7.580  g   0.026  -0.064   0.015[0m
[1;32muart:~$ [m[8D[J[00:03:47.197,000] [0m<inf> imu: LSM6DSV16X   a   4.122   5.437   7.863  g  -0.011   0.001  -0.002[0m
[1;32muart:~$ [m[8D[J[1;32muart:~$ [m[8D[J[00:03:47.197,000] [0m<inf> imu: ICM-42688-P  a   4.107   5.279   7.247  g   0.000  -0.006   0.000[0m
[1;32muart:~$ [m[8D[J[00:03:47.299,000] [0m<inf> imu: LSM6DS3TR-C  a   3.883   5.354   7.613  g   0.024  -0.062   0.014[0m
[1;32muart:~$ [m[8D[J[00:03:47.299,000] [0m<inf> imu: LSM6DSV16X   a   4.125   5.442   7.871  g  -0.012   0.002  -0.003[0m
[1;32muart:~$ [m[8D[J[1;32muart:~$ [m[8D[J[00:03:47.300,000] [0m<inf> imu: ICM-42688-P  a   4.105   5.302   7.269  g  -0.001  -0.005   0.000[0m
[1;32muart:~$ [m[8D[J[00:03:47.401,000] [0m<inf> imu: LSM6DS3TR-C  a   3.869   5.369   7.589  g   0.026  -0.063   0.013[0m
[1;32muart:~$ [m[8D[J[1;32muart:~$ [m[8D[J[00:03:47.402,000] [0m<inf> imu: LSM6DSV16X   a   4.132   5.438   7.866  g  -0.011   0.003  -0.002[0m
[1;32muart:~$ [m[8D[J[00:03:47.402,000] [0m<inf> imu: ICM-42688-P  a   4.101   5.306   7.250  g  -0.000  -0.005  -0.001[0m
[1;32muart:~$ [m[8D[J[00:03:47.503,000] [0m<inf> imu: LSM6DS3TR-C  a   3.840   5.331   7.586  g   0.024  -0.061   0.015[0m
[1;32muart:~$ [m[8D[J[1;32muart:~$ [m[8D[J[00:03:47.504,000] [0m<inf> imu: LSM6DSV16X   a   4.135   5.434   7.854  g  -0.011   0.002  -0.001[0m
[1;32muart:~$ [m[8D[J[00:03:47.505,000] [0m<inf> imu: ICM-42688-P  a   4.108   5.309   7.265  g  -0.001  -0.005  -0.000[0m
[1;32muart:~$ [m[8D[J[00:03:47.606,000] [0m<inf> imu: LSM6DS3TR-C  a   3.870   5.366   7.570  g   0.024  -0.063   0.014[0m
[1;32muart:~$ [m[8D[J[00:03:47.606,000] [0m<inf> imu: LSM6DSV16X   a   4.132   5.453   7.872  g  -0.010   0.002  -0.002[0m
[1;32muart:~$ [m[8D[J[1;32muart:~$ [m[8D[J[00:03:47.607,000] [0m<inf> imu: ICM-42688-P  a   4.095   5.307   7.268  g   0.000  -0.005   0.001[0m
[1;32muart:~$ [m[8D[J[1;32muart:~$ [m[8D[J[00:03:47.708,000] [0m<inf> imu: LSM6DS3TR-C  a   3.875   5.371   7.595  g   0.024  -0.063   0.014[0m
[1;32muart:~$ [m[8D[J[00:03:47.709,000] [0m<inf> imu: LSM6DSV16X   a   4.106   5.427   7.856  g  -0.011   0.002  -0.003[0m
[1;32muart:~$ [m[8D[J[1;32muart:~$ [m[8D[J[00:03:47.709,000] [0m<inf> imu: ICM-42688-P  a   4.087   5.295   7.254  g   0.001  -0.005   0.000[0m
[1;32muart:~$ [m[8D[J[00:03:47.811,000] [0m<inf> imu: LSM6DS3TR-C  a   3.799   5.386   7.607  g   0.024  -0.062   0.016[0m
[1;32muart:~$ [m[8D[J[1;32muart:~$ [m[8D[J[00:03:47.811,000] [0m<inf> imu: LSM6DSV16X   a   4.113   5.441   7.879  g  -0.012   0.002  -0.002[0m
[1;32muart:~$ [m[8D[J[00:03:47.812,000] [0m<inf> imu: ICM-42688-P  a   4.087   5.301   7.275  g  -0.001  -0.005   0.000[0m
[1;32muart:~$ [m[8D[J[1;32muart:~$ [m[8D[J[00:03:47.913,000] [0m<inf> imu: LSM6DS3TR-C  a   3.849   5.387   7.620  g   0.024  -0.064   0.012[0m
[1;32muart:~$ [m[8D[J[00:03:47.914,000] [0m<inf> imu: LSM6DSV16X   a   4.132   5.436   7.848  g  -0.011   0.001  -0.003[0m
[1;32muart:~$ [m[8D[J[1;32muart:~$ [m[8D[J[00:03:47.914,000] [0m<inf> imu: ICM-42688-P  a   4.105   5.297   7.247  g  -0.000  -0.005  -0.002[0m
[1;32muart:~$ [m[8D[J[00:03:48.015,000] [0m<inf> imu: LSM6DS3TR-C  a   3.869   5.352   7.598  g   0.025  -0.063   0.014[0m
[1;32muart:~$ [m[8D[J[00:03:48.016,000] [0m<inf> imu: LSM6DSV16X   a   4.140   5.438   7.875  g  -0.012   0.003  -0.002[0m
[1;32muart:~$ [m[8D[J[1;32muart:~$ [m[8D[J[00:03:48.016,000] [0m<inf> imu: ICM-42688-P  a   4.122   5.303   7.263  g   0.001  -0.005   0.000[0m
[1;32muart:~$ [m[8D[J[00:03:48.118,000] [0m<inf> imu: LSM6DS3TR-C  a   3.830   5.393   7.568  g   0.026  -0.063   0.013[0m
[1;32muart:~$ [m[8D[J[1;32muart:~$ [m[8D[J[00:03:48.119,000] [0m<inf> imu: LSM6DSV16X   a   4.130   5.434   7.849  g  -0.012   0.001  -0.002[0m
[1;32muart:~$ [m[8D[J[00:03:48.120,000] [0m<inf> imu: ICM-42688-P  a   4.113   5.284   7.241  g   0.000  -0.005   0.001[0m
[1;32muart:~$ [m[8D[J[00:03:48.221,000] [0m<inf> imu: LSM6DS3TR-C  a   3.803   5.393   7.613  g   0.024  -0.064   0.013[0m
[1;32muart:~$ [m[8D[J[1;32muart:~$ [m[8D[J[00:03:48.222,000] [0m<inf> imu: LSM6DSV16X   a   4.120   5.451   7.890  g  -0.011   0.003  -0.002[0m
[1;32muart:~$ [m[8D[J[00:03:48.222,000] [0m<inf> imu: ICM-42688-P  a   4.105   5.302   7.298  g   0.001  -0.005   0.000[0m
[1;32muart:~$ [m[8D[J[00:03:48.323,000] [0m<inf> imu: LSM6DS3TR-C  a   3.873   5.349   7.604  g   0.024  -0.063   0.013[0m
[1;32muart:~$ [m[8D[J[00:03:48.324,000] [0m<inf> imu: LSM6DSV16X   a   4.123   5.428   7.851  g  -0.012   0.002  -0.002[0m
[1;32muart:~$ [m[8D[J[1;32muart:~$ [m[8D[J[00:03:48.325,000] [0m<inf> imu: ICM-42688-P  a   4.116   5.292   7.250  g  -0.000  -0.005  -0.001[0m
[1;32muart:~$ [m[8D[J[1;32muart:~$ [m[8D[J[00:03:48.426,000] [0m<inf> imu: LSM6DS3TR-C  a   3.855   5.364   7.630  g   0.024  -0.063   0.013[0m
[1;32muart:~$ [m[8D[J[00:03:48.427,000] [0m<inf> imu: LSM6DSV16X   a   4.123   5.423   7.858  g  -0.012   0.002  -0.002[0m
[1;32muart:~$ [m[8D[J[1;32muart:~$ [m[8D[J[00:03:48.427,000] [0m<inf> imu: ICM-42688-P  a   4.110   5.283   7.254  g   0.000  -0.005   0.000[0m
[1;32muart:~$ [m[8D[J[00:03:48.528,000] [0m<inf> imu: LSM6DS3TR-C  a   3.851   5.344   7.604  g   0.025  -0.064   0.014[0m
[1;32muart:~$ [m[8D[J[1;32muart:~$ [m[8D[J[00:03:48.529,000] [0m<inf> imu: LSM6DSV16X   a   4.118   5.439   7.863  g  -0.012   0.002  -0.003[0m
[1;32muart:~$ [m[8D[J[00:03:48.529,000] [0m<inf> imu: ICM-42688-P  a   4.106   5.288   7.252  g   0.000  -0.005  -0.000[0m
[1;32muart:~$ [m[8D[J[1;32muart:~$ [m[8D[J[00:03:48.630,000] [0m<inf> imu: LSM6DS3TR-C  a   3.844   5.371   7.594  g   0.024  -0.064   0.013[0m
[1;32muart:~$ [m[8D[J[00:03:48.631,000] [0m<inf> imu: LSM6DSV16X   a   4.113   5.451   7.877  g  -0.012   0.002  -0.002[0m
[1;32muart:~$ [m[8D[J[1;32muart:~$ [m[8D[J[00:03:48.632,000] [0m<inf> imu: ICM-42688-P  a   4.090   5.315   7.275  g  -0.001  -0.004   0.002[0m
[1;32muart:~$ [m[8D[J[00:03:48.733,000] [0m<inf> imu: LSM6DS3TR-C  a   3.900   5.369   7.635  g   0.022  -0.063   0.012[0m
[1;32muart:~$ [m[8D[J[00:03:48.733,000] [0m<inf> imu: LSM6DSV16X   a   4.110   5.434   7.875  g  -0.011   0.003  -0.002[0m
[1;32muart:~$ [m[8D[J[1;32muart:~$ [m[8D[J[00:03:48.734,000] [0m<inf> imu: ICM-42688-P  a   4.095   5.292   7.254  g  -0.001  -0.006  -0.001[0m
[1;32muart:~$ [m[8D[J[00:03:48.835,000] [0m<inf> imu: LSM6DS3TR-C  a   3.863   5.364   7.577  g   0.024  -0.063   0.014[0m
[1;32muart:~$ [m[8D[J[1;32muart:~$ [m[8D[J[00:03:48.836,000] [0m<inf> imu: LSM6DSV16X   a   4.132   5.441   7.863  g  -0.012   0.002  -0.002[0m
[1;32muart:~$ [m[8D[J[00:03:48.837,000] [0m<inf> imu: ICM-42688-P  a   4.117   5.301   7.258  g  -0.001  -0.005   0.000[0m
[1;32muart:~$ [m[8D[J[00:03:48.938,000] [0m<inf> imu: LSM6DS3TR-C  a   3.896   5.339   7.580  g   0.024  -0.061   0.015[0m
[1;32muart:~$ [m[8D[J[1;32muart:~$ [m[8D[J[00:03:48.939,000] [0m<inf> imu: LSM6DSV16X   a   4.125   5.432   7.870  g  -0.011   0.002  -0.002[0m
[1;32muart:~$ [m[8D[J[00:03:48.939,000] [0m<inf> imu: ICM-42688-P  a   4.090   5.297   7.272  g   0.000  -0.005   0.000[0m
[1;32muart:~$ [m[8D[J[00:03:49.040,000] [0m<inf> imu: LSM6DS3TR-C  a   3.838   5.387   7.592  g   0.025  -0.062   0.014[0m
[1;32muart:~$ [m[8D[J[00:03:49.041,000] [0m<inf> imu: LSM6DSV16X   a   4.123   5.436   7.870  g  -0.011   0.002  -0.002[0m
[1;32muart:~$ [m[8D[J[1;32muart:~$ [m[8D[J[00:03:49.041,000] [0m<inf> imu: ICM-42688-P  a   4.098   5.310   7.260  g  -0.001  -0.005   0.000[0m
[1;32muart:~$ [m[8D[J[1;32muart:~$ [m[8D[J[00:03:49.143,000] [0m<inf> imu: LSM6DS3TR-C  a   3.853   5.381   7.595  g   0.024  -0.062   0.014[0m
[1;32muart:~$ [m[8D[J[00:03:49.143,000] [0m<inf> imu: LSM6DSV16X   a   4.131   5.438   7.869  g  -0.012   0.002  -0.002[0m
[1;32muart:~$ [m[8D[J[1;32muart:~$ [m[8D[J[00:03:49.144,000] [0m<inf> imu: ICM-42688-P  a   4.113   5.318   7.264  g  -0.000  -0.005   0.000[0m
[1;32muart:~$ [m[8D[J[00:03:49.245,000] [0m<inf> imu: LSM6DS3TR-C  a   3.838   5.380   7.617  g   0.025  -0.064   0.013[0m
[1;32muart:~$ [m[8D[J[1;32muart:~$ [m[8D[J[00:03:49.246,000] [0m<inf> imu: LSM6DSV16X   a   4.120   5.436   7.862  g  -0.011   0.002  -0.002[0m
[1;32muart:~$ [m[8D[J[00:03:49.246,000] [0m<inf> imu: ICM-42688-P  a   4.106   5.283   7.254  g  -0.001  -0.005   0.000[0m
[1;32muart:~$ [m[8D[J[1;32muart:~$ [m[8D[J[00:03:49.347,000] [0m<inf> imu: LSM6DS3TR-C  a   3.872   5.380   7.595  g   0.027  -0.064   0.015[0m
[1;32muart:~$ [m[8D[J[00:03:49.348,000] [0m<inf> imu: LSM6DSV16X   a   4.115   5.444   7.868  g  -0.011   0.002  -0.002[0m
[1;32muart:~$ [m[8D[J[1;32muart:~$ [m[8D[J[00:03:49.348,000] [0m<inf> imu: ICM-42688-P  a   4.101   5.298   7.259  g  -0.000  -0.005   0.000[0m
[1;32muart:~$ [m[8D[J[00:03:49.449,000] [0m<inf> imu: LSM6DS3TR-C  a   3.836   5.367   7.583  g   0.025  -0.063   0.014[0m
[1;32muart:~$ [m[8D[J[00:03:49.450,000] [0m<inf> imu: LSM6DSV16X   a   4.118   5.442   7.867  g  -0.012   0.002  -0.002[0m
[1;32muart:~$ [m[8D[J[1;32muart:~$ [m[8D[J[00:03:49.451,000] [0m<inf> imu: ICM-42688-P  a   4.094   5.309   7.287  g  -0.001  -0.005  -0.001[0m
[1;32muart:~$ [m[8D[J[00:03:49.552,000] [0m<inf> imu: LSM6DS3TR-C  a   3.849   5.378   7.620  g   0.025  -0.063   0.013[0m
[1;32muart:~$ [m[8D[J[1;32muart:~$ [m[8D[J[00:03:49.553,000] [0m<inf> imu: LSM6DSV16X   a   4.118   5.438   7.863  g  -0.012   0.003  -0.002[0m
[1;32muart:~$ [m[8D[J[00:03:49.554,000] [0m<inf> imu: ICM-42688-P  a   4.108   5.297   7.259  g  -0.001  -0.006  -0.001[0m
[1;32muart:~$ [m[8D[J[1;32muart:~$ [m[8D[J[00:03:49.655,000] [0m<inf> imu: LSM6DS3TR-C  a   3.868   5.338   7.604  g   0.026  -0.063   0.013[0m
[1;32muart:~$ [m[8D[J[00:03:49.656,000] [0m<inf> imu: LSM6DSV16X   a   4.123   5.439   7.872  g  -0.012   0.002  -0.002[0m
[1;32muart:~$ [m[8D[J[00:03:49.656,000] [0m<inf> imu: ICM-42688-P  a   4.100   5.300   7.282  g  -0.001  -0.006   0.000[0m
[1;32muart:~$ [m[8D[J[1;32muart:~$ [m[8D[J[00:03:49.757,000] [0m<inf> imu: LSM6DS3TR-C  a   3.840   5.369   7.601  g   0.023  -0.063   0.012[0m
[1;32muart:~$ [m[8D[J[00:03:49.758,000] [0m<inf> imu: LSM6DSV16X   a   4.120   5.436   7.862  g  -0.012   0.002  -0.002[0m
[1;32muart:~$ [m[8D[J[1;32muart:~$ [m[8D[J[00:03:49.759,000] [0m<inf> imu: ICM-42688-P  a   4.100   5.290   7.244  g  -0.001  -0.005   0.000[0m
[1;32muart:~$ [m[8D[J[00:03:49.860,000] [0m<inf> imu: LSM6DS3TR-C  a   3.843   5.408   7.658  g   0.025  -0.064   0.013[0m
[1;32muart:~$ [m[8D[J[1;32muart:~$ [m[8D[J[00:03:49.861,000] [0m<inf> imu: LSM6DSV16X   a   4.117   5.439   7.872  g  -0.011   0.002  -0.002[0m
[1;32muart:~$ [m[8D[J[00:03:49.861,000] [0m<inf> imu: ICM-42688-P  a   4.096   5.296   7.263  g   0.000  -0.005  -0.001[0m
[1;32muart:~$ [m[8D[J[1;32muart:~$ [m[8D[J[00:03:49.962,000] [0m<inf> imu: LSM6DS3TR-C  a   3.842   5.369   7.624  g   0.024  -0.064   0.013[0m
[1;32muart:~$ [m[8D[J[00:03:49.963,000] [0m<inf> imu: LSM6DSV16X   a   4.125   5.442   7.868  g  -0.011   0.002  -0.002[0m
[1;32muart:~$ [m[8D[J[1;32muart:~$ [m[8D[J[00:03:49.963,000] [0m<inf> imu: ICM-42688-P  a   4.098   5.306   7.256  g   0.001  -0.005   0.001[0m
[1;32muart:~$ [m[8D[J[00:03:50.064,000] [0m<inf> imu: LSM6DS3TR-C  a   3.885   5.361   7.558  g   0.022  -0.064   0.015[0m
[1;32muart:~$ [m[8D[J[00:03:50.065,000] [0m<inf> imu: LSM6DSV16X   a   4.117   5.432   7.859  g  -0.012   0.002  -0.002[0m
[1;32muart:~$ [m[8D[J[1;32muart:~$ [m[8D[J[00:03:50.066,000] [0m<inf> imu: ICM-42688-P  a   4.099   5.314   7.264  g   0.001  -0.005   0.001[0m
[1;32muart:~$ [m[8D[J[00:03:50.167,000] [0m<inf> imu: LSM6DS3TR-C  a   3.881   5.395   7.588  g   0.025  -0.064   0.014[0m
[1;32muart:~$ [m[8D[J[00:03:50.169,000] [0m<inf> imu: LSM6DSV16X   a   4.120   5.449   7.872  g  -0.012   0.003  -0.003[0m
[1;32muart:~$ [m[8D[J[00:03:50.170,000] [0m<inf> imu: ICM-42688-P  a   4.099   5.295   7.260  g   0.001  -0.005   0.000[0m
[1;32muart:~$ [m[8D[J[00:03:50.271,000] [0m<inf> imu: LSM6DS3TR-C  a   3.871   5.362   7.575  g   0.024  -0.063   0.014[0m
[1;32muart:~$ [m[8D[J[1;32muart:~$ [m[8D[J[00:03:50.271,000] [0m<inf> imu: LSM6DSV16X   a   4.120   5.436   7.858  g  -0.011   0.002  -0.002[0m
[1;32muart:~$ [m[8D[J[00:03:50.272,000] [0m<inf> imu: ICM-42688-P  a   4.116   5.297   7.247  g   0.000  -0.005   0.001[0m
[1;32muart:~$ [m[8D[J[1;32muart:~$ [m[8D[J[00:03:50.373,000] [0m<inf> imu: LSM6DS3TR-C  a   3.844   5.374   7.591  g   0.025  -0.062   0.015[0m
[1;32muart:~$ [m[8D[J[00:03:50.375,000] [0m<inf> imu: LSM6DSV16X   a   4.128   5.444   7.861  g  -0.011   0.002  -0.002[0m
[1;32muart:~$ [m[8D[J[1;32muart:~$ [m[8D[J[00:03:50.375,000] [0m<inf> imu: ICM-42688-P  a   4.101   5.301   7.259  g  -0.001  -0.005   0.000[0m
[1;32muart:~$ [m[8D[J[00:03:50.477,000] [0m<inf> imu: LSM6DS3TR-C  a   3.843   5.372   7.600  g   0.025  -0.062   0.013[0m
[1;32muart:~$ [m[8D[J[1;32muart:~$ [m[8D[J[00:03:50.478,000] [0m<inf> imu: LSM6DSV16X   a   4.140   5.439   7.859  g  -0.013   0.002  -0.003[0m
[1;32muart:~$ [m[8D[J[00:03:50.478,000] [0m<inf> imu: ICM-42688-P  a   4.136   5.280   7.242  g   0.001  -0.004  -0.001[0m
[1;32muart:~$ [m[8D[J[1;32muart:~$ [m[8D[J[00:03:50.579,000] [0m<inf> imu: LSM6DS3TR-C  a   3.849   5.387   7.583  g   0.024  -0.063   0.015[0m
[1;32muart:~$ [m[8D[J[00:03:50.580,000] [0m<inf> imu: LSM6DSV16X   a   4.132   5.439   7.851  g  -0.012   0.001  -0.002[0m
[1;32muart:~$ [m[8D[J[1;32muart:~$ [m[8D[J[00:03:50.580,000] [0m<inf> imu: ICM-42688-P  a   4.112   5.285   7.263  g  -0.001  -0.005   0.000[0m
[1;32muart:~$ [m[8D[J[00:03:50.681,000] [0m<inf> imu: LSM6DS3TR-C  a   3.881   5.347   7.586  g   0.024  -0.061   0.013[0m
[1;32muart:~$ [m[8D[J[00:03:50.682,000] [0m<inf> imu: LSM6DSV16X   a   4.120   5.431   7.853  g  -0.012   0.002  -0.002[0m
[1;32muart:~$ [m[8D[J[1;32muart:~$ [m[8D[J[00:03:50.683,000] [0m<inf> imu: ICM-42688-P  a   4.102   5.288   7.251  g  -0.001  -0.004   0.000[0m
[1;32muart:~$ [m[8D[J[00:03:50.784,000] [0m<inf> imu: LSM6DS3TR-C  a   3.826   5.379   7.582  g   0.023  -0.062   0.014[0m
[1;32muart:~$ [m[8D[J[00:03:50.785,000] [0m<inf> imu: LSM6DSV16X   a   4.119   5.441   7.862  g  -0.012   0.001  -0.002[0m
[1;32muart:~$ [m[8D[J[1;32muart:~$ [m[8D[J[00:03:50.786,000] [0m<inf> imu: ICM-42688-P  a   4.093   5.312   7.272  g   0.000  -0.005  -0.001[0m
[1;32muart:~$ [m[8D[J[00:03:50.887,000] [0m<inf> imu: LSM6DS3TR-C  a   3.851   5.385   7.568  g   0.024  -0.063   0.013[0m
[1;32muart:~$ [m[8D[J[1;32muart:~$ [m[8D[J[00:03:50.888,000] [0m<inf> imu: LSM6DSV16X   a   4.118   5.441   7.868  g  -0.011   0.002  -0.002[0m
[1;32muart:~$ [m[8D[J[00:03:50.889,000] [0m<inf> imu: ICM-42688-P  a   4.107   5.298   7.256  g   0.001  -0.005   0.001[0m
[1;32muart:~$ [m[8D[J[1;32muart:~$ [m[8D[J[00:03:50.990,000] [0m<inf> imu: LSM6DS3TR-C  a   3.846   5.362   7.570  g   0.026  -0.061   0.013[0m
[1;32muart:~$ [m[8D[J[00:03:50.992,000] [0m<inf> imu: LSM6DSV16X   a   4.130   5.435   7.870  g  -0.012   0.002  -0.003[0m
[1;32muart:~$ [m[8D[J[1;32muart:~$ [m[8D[J[00:03:50.992,000] [0m<inf> imu: ICM-42688-P  a   4.104   5.294   7.268  g   0.000  -0.005   0.000[0m
[1;32muart:~$ [m[8D[J[00:03:51.093,000] [0m<inf> imu: LSM6DS3TR-C  a   3.885   5.317   7.573  g   0.025  -0.062   0.015[0m
[1;32muart:~$ [m[8D[J[1;32muart:~$ [m[8D[J[00:03:51.094,000] [0m<inf> imu: LSM6DSV16X   a   4.132   5.443   7.869  g  -0.011   0.002  -0.002[0m
[1;32muart:~$ [m[8D[J[00:03:51.094,000] [0m<inf> imu: ICM-42688-P  a   4.132   5.301   7.274  g   0.001  -0.005   0.000[0m
[1;32muart:~$ [m[8D[J[1;32muart:~$ [m[8D[J[00:03:51.196,000] [0m<inf> imu: LSM6DS3TR-C  a   3.872   5.380   7.582  g   0.024  -0.062   0.014[0m
[1;32muart:~$ [m[8D[J[00:03:51.196,000] [0m<inf> imu: LSM6DSV16X   a   4.123   5.446   7.863  g  -0.011   0.002  -0.002[0m
[1;32muart:~$ [m[8D[J[1;32muart:~$ [m[8D[J[00:03:51.197,000] [0m<inf> imu: ICM-42688-P  a   4.095   5.320   7.258  g  -0.000  -0.005  -0.000[0m
[1;32muart:~$ [m[8D[J[00:03:51.298,000] [0m<inf> imu: LSM6DS3TR-C  a   3.855   5.341   7.579  g   0.025  -0.062   0.014[0m
[1;32muart:~$ [m[8D[J[00:03:51.299,000] [0m<inf> imu: LSM6DSV16X   a   4.123   5.444   7.866  g  -0.011   0.002  -0.002[0m
[1;32muart:~$ [m[8D[J[1;32muart:~$ [m[8D[J[00:03:51.299,000] [0m<inf> imu: ICM-42688-P  a   4.106   5.314   7.263  g  -0.001  -0.004   0.000[0m
[1;32muart:~$ [m[8D[J[00:03:51.401,000] [0m<inf> imu: LSM6DS3TR-C  a   3.858   5.365   7.554  g   0.025  -0.063   0.016[0m
[1;32muart:~$ [m[8D[J[1;32muart:~$ [m[8D[J[00:03:51.402,000] [0m<inf> imu: LSM6DSV16X   a   4.120   5.441   7.874  g  -0.011   0.003  -0.002[0m
[1;32muart:~$ [m[8D[J[00:03:51.403,000] [0m<inf> imu: ICM-42688-P  a   4.092   5.306   7.259  g   0.000  -0.005   0.000[0m
[1;32muart:~$ [m[8D[J[00:03:51.504,000] [0m<inf> imu: LSM6DS3TR-C  a   3.865   5.378   7.570  g   0.025  -0.064   0.014[0m
[1;32muart:~$ [m[8D[J[1;32muart:~$ [m[8D[J[00:03:51.504,000] [0m<inf> imu: LSM6DSV16X   a   4.132   5.442   7.863  g  -0.011   0.003  -0.002[0m
[1;32muart:~$ [m[8D[J[00:03:51.505,000] [0m<inf> imu: ICM-42688-P  a   4.101   5.301   7.265  g  -0.000  -0.005   0.000[0m
[1;32muart:~$ [m[8D[J[1;32muart:~$ [m[8D[J[00:03:51.606,000] [0m<inf> imu: LSM6DS3TR-C  a   3.849   5.394   7.586  g   0.024  -0.061   0.016[0m
[1;32muart:~$ [m[8D[J[00:03:51.607,000] [0m<inf> imu: LSM6DSV16X   a   4.127   5.443   7.869  g  -0.012   0.002  -0.002[0m
[1;32muart:~$ [m[8D[J[1;32muart:~$ [m[8D[J[00:03:51.608,000] [0m<inf> imu: ICM-42688-P  a   4.098   5.308   7.256  g   0.000  -0.005   0.000[0m
[1;32muart:~$ [m[8D[J[00:03:51.709,000] [0m<inf> imu: LSM6DS3TR-C  a   3.849   5.334   7.576  g   0.024  -0.062   0.016[0m
[1;32muart:~$ [m[8D[J[1;32muart:~$ [m[8D[J[00:03:51.710,000] [0m<inf> imu: LSM6DSV16X   a   4.114   5.443   7.868  g  -0.011   0.002  -0.002[0m
[1;32muart:~$ [m[8D[J[00:03:51.710,000] [0m<inf> imu: ICM-42688-P  a   4.101   5.309   7.259  g  -0.000  -0.005   0.000[0m
[1;32muart:~$ [m[8D[J[1;32muart:~$ [m[8D[J[00:03:51.811,000] [0m<inf> imu: LSM6DS3TR-C  a   3.843   5.352   7.618  g   0.026  -0.064   0.015[0m
[1;32muart:~$ [m[8D[J[00:03:51.812,000] [0m<inf> imu: LSM6DSV16X   a   4.123   5.441   7.861  g  -0.012   0.002  -0.002[0m
[1;32muart:~$ [m[8D[J[1;32muart:~$ [m[8D[J[00:03:51.812,000] [0m<inf> imu: ICM-42688-P  a   4.106   5.300   7.253  g   0.000  -0.005   0.001[0m
[1;32muart:~$ [m[8D[J[00:03:51.914,000] [0m<inf> imu: LSM6DS3TR-C  a   3.861   5.337   7.610  g   0.024  -0.062   0.016[0m
[1;32muart:~$ [m[8D[J[00:03:51.914,000] [0m<inf> imu: LSM6DSV16X   a   4.125   5.439   7.870  g  -0.011   0.002  -0.002[0m
[1;32muart:~$ [m[8D[J[1;32muart:~$ [m[8D[J[00:03:51.915,000] [0m<inf> imu: ICM-42688-P  a   4.112   5.303   7.245  g  -0.001  -0.005  -0.001[0m
[1;32muart:~$ [m[8D[J[00:03:52.017,000] [0m<inf> imu: LSM6DS3TR-C  a   3.866   5.352   7.598  g   0.024  -0.063   0.016[0m
[1;32muart:~$ [m[8D[J[00:03:52.018,000] [0m<inf> imu: LSM6DSV16X   a   4.123   5.444   7.873  g  -0.012   0.002  -0.002[0m
[1;32muart:~$ [m[8D[J[1;32muart:~$ [m[8D[J[00:03:52.019,000] [0m<inf> imu: ICM-42688-P  a   4.113   5.297   7.270  g   0.000  -0.005   0.001[0m
[1;32muart:~$ [m[8D[J[00:03:52.120,000] [0m<inf> imu: LSM6DS3TR-C  a   3.851   5.337   7.633  g   0.027  -0.061   0.014[0m
[1;32muart:~$ [m[8D[J[1;32muart:~$ [m[8D[J[00:03:52.120,000] [0m<inf> imu: LSM6DSV16X   a   4.113   5.444   7.877  g  -0.011   0.001  -0.002[0m
[1;32muart:~$ [m[8D[J[00:03:52.121,000] [0m<inf> imu: ICM-42688-P  a   4.093   5.301   7.268  g   0.000  -0.005  -0.000[0m
[1;32muart:~$ [m[8D[J[1;32muart:~$ [m[8D[J[00:03:52.222,000] [0m<inf> imu: LSM6DS3TR-C  a   3.804   5.384   7.577  g   0.022  -0.062   0.014[0m
[1;32muart:~$ [m[8D[J[00:03:52.223,000] [0m<inf> imu: LSM6DSV16X   a   4.125   5.437   7.874  g  -0.011   0.002  -0.002[0m
[1;32muart:~$ [m[8D[J[1;32muart:~$ [m[8D[J[00:03:52.224,000] [0m<inf> imu: ICM-42688-P  a   4.110   5.302   7.262  g   0.001  -0.005   0.001[0m
[1;32muart:~$ [m[8D[J[00:03:52.325,000] [0m<inf> imu: LSM6DS3TR-C  a   3.828   5.355   7.641  g   0.024  -0.062   0.013[0m
[1;32muart:~$ [m[8D[J[1;32muart:~$ [m[8D[J[00:03:52.326,000] [0m<inf> imu: LSM6DSV16X   a   4.128   5.437   7.868  g  -0.012   0.002  -0.002[0m
[1;32muart:~$ [m[8D[J[00:03:52.327,000] [0m<inf> imu: ICM-42688-P  a   4.119   5.295   7.259  g   0.000  -0.005   0.001[0m
[1;32muart:~$ [m[8D[J[1;32muart:~$ [m[8D[J[00:03:52.428,000] [0m<inf> imu: LSM6DS3TR-C  a   3.852   5.388   7.581  g   0.024  -0.063   0.016[0m
[1;32muart:~$ [m[8D[J[00:03:52.428,000] [0m<inf> imu: LSM6DSV16X   a   4.122   5.438   7.866  g  -0.010   0.002  -0.002[0m
[1;32muart:~$ [m[8D[J[1;32muart:~$ [m[8D[J[00:03:52.429,000] [0m<inf> imu: ICM-42688-P  a   4.106   5.297   7.263  g  -0.001  -0.005  -0.001[0m
[1;32muart:~$ [m[8D[J[00:03:52.530,000] [0m<inf> imu: LSM6DS3TR-C  a   3.840   5.320   7.594  g   0.025  -0.062   0.013[0m
[1;32muart:~$ [m[8D[J[00:03:52.531,000] [0m<inf> imu: LSM6DSV16X   a   4.128   5.439   7.867  g  -0.011   0.002  -0.003[0m
[1;32muart:~$ [m[8D[J[1;32muart:~$ [m[8D[J[00:03:52.531,000] [0m<inf> imu: ICM-42688-P  a   4.099   5.296   7.276  g  -0.001  -0.005   0.000[0m
[1;32muart:~$ [m[8D[J[00:03:52.633,000] [0m<inf> imu: LSM6DS3TR-C  a   3.880   5.368   7.627  g   0.024  -0.063   0.014[0m
[1;32muart:~$ [m[8D[J[1;32muart:~$ [m[8D[J[00:03:52.634,000] [0m<inf> imu: LSM6DSV16X   a   4.130   5.448   7.875  g  -0.011   0.002  -0.002[0m
[1;32muart:~$ [m[8D[J[00:03:52.635,000] [0m<inf> imu: ICM-42688-P  a   4.111   5.313   7.260  g   0.000  -0.005   0.000[0m
[1;32muart:~$ [m[8D[J[00:03:52.736,000] [0m<inf> imu: LSM6DS3TR-C  a   3.840   5.357   7.643  g   0.026  -0.063   0.013[0m
[1;32muart:~$ [m[8D[J[1;32muart:~$ [m[8D[J[00:03:52.737,000] [0m<inf> imu: LSM6DSV16X   a   4.116   5.441   7.875  g  -0.011   0.002  -0.002[0m
[1;32muart:~$ [m[8D[J[00:03:52.737,000] [0m<inf> imu: ICM-42688-P  a   4.096   5.302   7.258  g  -0.000  -0.005   0.000[0m
[1;32muart:~$ [m[8D[J[00:03:52.838,000] [0m<inf> imu: LSM6DS3TR-C  a   3.848   5.385   7.603  g   0.026  -0.064   0.014[0m
[1;32muart:~$ [m[8D[J[00:03:52.839,000] [0m<inf> imu: LSM6DSV16X   a   4.135   5.441   7.868  g  -0.013   0.003  -0.002[0m
[1;32muart:~$ [m[8D[J[1;32muart:~$ [m[8D[J[00:03:52.839,000] [0m<inf> imu: ICM-42688-P  a   4.105   5.288   7.247  g   0.000  -0.005   0.000[0m
[1;32muart:~$ [m[8D[J[1;32muart:~$ [m[8D[J[00:03:52.940,000] [0m<inf> imu: LSM6DS3TR-C  a   3.851   5.381   7.594  g   0.025  -0.064   0.013[0m
[1;32muart:~$ [m[8D[J[00:03:52.941,000] [0m<inf> imu: LSM6DSV16X   a   4.118   5.442   7.879  g  -0.011   0.002  -0.002[0m
[1;32muart:~$ [m[8D[J[1;32muart:~$ [m[8D[J[00:03:52.942,000] [0m<inf> imu: ICM-42688-P  a   4.099   5.292   7.262  g   0.000  -0.005  -0.000[0m
[1;32muart:~$ [m[8D[J[00:03:53.043,000] [0m<inf> imu: LSM6DS3TR-C  a   3.840   5.338   7.644  g   0.024  -0.062   0.013[0m
[1;32muart:~$ [m[8D[J[00:03:53.043,000] [0m<inf> imu: LSM6DSV16X   a   4.128   5.448   7.868  g  -0.011   0.002  -0.002[0m
[1;32muart:~$ [m[8D[J[1;32muart:~$ [m[8D[J[00:03:53.044,000] [0m<inf> imu: ICM-42688-P  a   4.104   5.309   7.274  g  -0.000  -0.005   0.000[0m
[1;32muart:~$ [m[8D[J[00:03:53.145,000] [0m<inf> imu: LSM6DS3TR-C  a   3.868   5.367   7.594  g   0.024  -0.062   0.013[0m
[1;32muart:~$ [m[8D[J[00:03:53.146,000] [0m<inf> imu: LSM6DSV16X   a   4.128   5.435   7.873  g  -0.011   0.001  -0.002[0m
[1;32muart:~$ [m[8D[J[1;32muart:~$ [m[8D[J[00:03:53.146,000] [0m<inf> imu: ICM-42688-P  a   4.106   5.290   7.272  g   0.000  -0.005  -0.000[0m
[1;32muart:~$ [m[8D[J[00:03:53.247,000] [0m<inf> imu: LSM6DS3TR-C  a   3.863   5.364   7.615  g   0.024  -0.063   0.014[0m
[1;32muart:~$ [m[8D[J[00:03:53.248,000] [0m<inf> imu: LSM6DSV16X   a   4.114   5.441   7.875  g  -0.012   0.001  -0.002[0m
[1;32muart:~$ [m[8D[J[1;32muart:~$ [m[8D[J[00:03:53.249,000] [0m<inf> imu: ICM-42688-P  a   4.093   5.297   7.265  g  -0.000  -0.005  -0.000[0m
[1;32muart:~$ [m[8D[J[00:03:53.350,000] [0m<inf> imu: LSM6DS3TR-C  a   3.821   5.366   7.647  g   0.025  -0.063   0.015[0m
[1;32muart:~$ [m[8D[J[00:03:53.350,000] [0m<inf> imu: LSM6DSV16X   a   4.123   5.443   7.889  g  -0.012   0.002  -0.002[0m
[1;32muart:~$ [m[8D[J[1;32muart:~$ [m[8D[J[00:03:53.351,000] [0m<inf> imu: ICM-42688-P  a   4.100   5.301   7.268  g   0.000  -0.005   0.000[0m
[1;32muart:~$ [m[8D[J[00:03:53.452,000] [0m<inf> imu: LSM6DS3TR-C  a   3.866   5.353   7.592  g   0.024  -0.064   0.014[0m
[1;32muart:~$ [m[8D[J[1;32muart:~$ [m[8D[J[00:03:53.453,000] [0m<inf> imu: LSM6DSV16X   a   4.120   5.437   7.863  g  -0.012   0.003  -0.002[0m
[1;32muart:~$ [m[8D[J[00:03:53.453,000] [0m<inf> imu: ICM-42688-P  a   4.104   5.296   7.274  g   0.000  -0.005   0.000[0m
[1;32muart:~$ [m[8D[J[1;32muart:~$ [m[8D[J[00:03:53.555,000] [0m<inf> imu: LSM6DS3TR-C  a   3.845   5.356   7.595  g   0.026  -0.063   0.016[0m
[1;32muart:~$ [m[8D[J[00:03:53.556,000] [0m<inf> imu: LSM6DSV16X   a   4.129   5.438   7.874  g  -0.011   0.002  -0.002[0m
[1;32muart:~$ [m[8D[J[1;32muart:~$ [m[8D[J[00:03:53.557,000] [0m<inf> imu: ICM-42688-P  a   4.102   5.295   7.268  g   0.000  -0.005   0.001[0m
[1;32muart:~$ [m[8D[J[00:03:53.658,000] [0m<inf> imu: LSM6DS3TR-C  a   3.897   5.349   7.622  g   0.025  -0.062   0.015[0m
[1;32muart:~$ [m[8D[J[1;32muart:~$ [m[8D[J[00:03:53.659,000] [0m<inf> imu: LSM6DSV16X   a   4.120   5.441   7.860  g  -0.011   0.003  -0.002[0m
[1;32muart:~$ [m[8D[J[00:03:53.659,000] [0m<inf> imu: ICM-42688-P  a   4.090   5.307   7.264  g   0.000  -0.005   0.000[0m
[1;32muart:~$ [m[8D[J[1;32muart:~$ [m[8D[J[00:03:53.760,000] [0m<inf> imu: LSM6DS3TR-C  a   3.836   5.386   7.595  g   0.024  -0.062   0.014[0m
[1;32muart:~$ [m[8D[J[00:03:53.761,000] [0m<inf> imu: LSM6DSV16X   a   4.117   5.436   7.869  g  -0.011   0.002  -0.002[0m
[1;32muart:~$ [m[8D[J[1;32muart:~$ [m[8D[J[00:03:53.761,000] [0m<inf> imu: ICM-42688-P  a   4.098   5.297   7.268  g  -0.001  -0.006   0.001[0m
[1;32muart:~$ [m[8D[J[00:03:53.863,000] [0m<inf> imu: LSM6DS3TR-C  a   3.808   5.355   7.585  g   0.023  -0.063   0.014[0m
[1;32muart:~$ [m[8D[J[00:03:53.863,000] [0m<inf> imu: LSM6DSV16X   a   4.116   5.434   7.875  g  -0.013   0.002  -0.002[0m
[1;32muart:~$ [m[8D[J[1;32muart:~$ [m[8D[J[00:03:53.864,000] [0m<inf> imu: ICM-42688-P  a   4.107   5.301   7.264  g  -0.000  -0.004   0.000[0m
[1;32muart:~$ [m[8D[J[00:03:53.966,000] [0m<inf> imu: LSM6DS3TR-C  a   3.830   5.371   7.584  g   0.023  -0.062   0.013[0m
[1;32muart:~$ [m[8D[J[1;32muart:~$ [m[8D[J[00:03:53.967,000] [0m<inf> imu: LSM6DSV16X   a   4.125   5.445   7.875  g  -0.011   0.001  -0.002[0m
[1;32muart:~$ [m[8D[J[00:03:53.967,000] [0m<inf> imu: ICM-42688-P  a   4.100   5.307   7.270  g  -0.001  -0.006   0.000[0m
[1;32muart:~$ [m[8D[J[00:03:54.068,000] [0m<inf> imu: LSM6DS3TR-C  a   3.836   5.359   7.567  g   0.024  -0.064   0.013[0m
[1;32muart:~$ [m[8D[J[1;32muart:~$ [m[8D[J[00:03:54.069,000] [0m<inf> imu: LSM6DSV16X   a   4.128   5.434   7.868  g  -0.012   0.002  -0.002[0m
[1;32muart:~$ [m[8D[J[00:03:54.070,000] [0m<inf> imu: ICM-42688-P  a   4.108   5.297   7.269  g  -0.001  -0.006   0.000[0m
[1;32muart:~$ [m[8D[J[1;32muart:~$ [m[8D[J[00:03:54.171,000] [0m<inf> imu: LSM6DS3TR-C  a   3.873   5.344   7.574  g   0.024  -0.060   0.015[0m
[1;32muart:~$ [m[8D[J[00:03:54.172,000] [0m<inf> imu: LSM6DSV16X   a   4.125   5.441   7.869  g  -0.012   0.002  -0.002[0m
[1;32muart:~$ [m[8D[J[1;32muart:~$ [m[8D[J[00:03:54.173,000] [0m<inf> imu: ICM-42688-P  a   4.107   5.303   7.251  g  -0.001  -0.004   0.001[0m
[1;32muart:~$ [m[8D[J[00:03:54.274,000] [0m<inf> imu: LSM6DS3TR-C  a   3.826   5.348   7.596  g   0.024  -0.062   0.015[0m
[1;32muart:~$ [m[8D[J[1;32muart:~$ [m[8D[J[00:03:54.275,000] [0m<inf> imu: LSM6DSV16X   a   4.109   5.432   7.870  g  -0.011   0.002  -0.002[0m
[1;32muart:~$ [m[8D[J[00:03:54.275,000] [0m<inf> imu: ICM-42688-P  a   4.105   5.291   7.252  g   0.001  -0.005   0.000[0m
[1;32muart:~$ [m[8D[J[1;32muart:~$ [m[8D[J[00:03:54.376,000] [0m<inf> imu: LSM6DS3TR-C  a   3.840   5.374   7.616  g   0.023  -0.062   0.012[0m
[1;32muart:~$ [m[8D[J[00:03:54.377,000] [0m<inf> imu: LSM6DSV16X   a   4.123   5.443   7.880  g  -0.013   0.002  -0.002[0m
[1;32muart:~$ [m[8D[J[1;32muart:~$ [m[8D[J[00:03:54.378,000] [0m<inf> imu: ICM-42688-P  a   4.090   5.309   7.276  g  -0.001  -0.005   0.001[0m
[1;32muart:~$ [m[8D[J[00:03:54.479,000] [0m<inf> imu: LSM6DS3TR-C  a   3.849   5.396   7.612  g   0.024  -0.064   0.015[0m
[1;32muart:~$ [m[8D[J[00:03:54.479,000] [0m<inf> imu: LSM6DSV16X   a   4.120   5.435   7.871  g  -0.011   0.002  -0.002[0m
[1;32muart:~$ [m[8D[J[1;32muart:~$ [m[8D[J[00:03:54.480,000] [0m<inf> imu: ICM-42688-P  a   4.114   5.288   7.246  g   0.000  -0.005   0.001[0m
[1;32muart:~$ [m[8D[J[00:03:54.581,000] [0m<inf> imu: LSM6DS3TR-C  a   3.839   5.388   7.624  g   0.024  -0.064   0.012[0m
[1;32muart:~$ [m[8D[J[1;32muart:~$ [m[8D[J[00:03:54.582,000] [0m<inf> imu: LSM6DSV16X   a   4.127   5.441   7.880  g  -0.012   0.002  -0.002[0m
[1;32muart:~$ [m[8D[J[00:03:54.583,000] [0m<inf> imu: ICM-42688-P  a   4.099   5.289   7.263  g   0.001  -0.005   0.001[0m
[1;32muart:~$ [m[8D[J[00:03:54.684,000] [0m<inf> imu: LSM6DS3TR-C  a   3.872   5.396   7.582  g   0.024  -0.061   0.014[0m
[1;32muart:~$ [m[8D[J[1;32muart:~$ [m[8D[J[00:03:54.685,000] [0m<inf> imu: LSM6DSV16X   a   4.125   5.455   7.878  g  -0.011   0.002  -0.002[0m
[1;32muart:~$ [m[8D[J[00:03:54.685,000] [0m<inf> imu: ICM-42688-P  a   4.104   5.308   7.264  g  -0.000  -0.005  -0.000[0m
[1;32muart:~$ [m[8D[J[00:03:54.786,000] [0m<inf> imu: LSM6DS3TR-C  a   3.846   5.385   7.634  g   0.025  -0.063   0.014[0m
[1;32muart:~$ [m[8D[J[00:03:54.787,000] [0m<inf> imu: LSM6DSV16X   a   4.113   5.436   7.883  g  -0.012   0.002  -0.002[0m
[1;32muart:~$ [m[8D[J[1;32muart:~$ [m[8D[J[00:03:54.788,000] [0m<inf> imu: ICM-42688-P  a   4.102   5.286   7.280  g  -0.000  -0.005  -0.000[0m
[1;32muart:~$ [m[8D[J[1;32muart:~$ [m[8D[J[00:03:54.889,000] [0m<inf> imu: LSM6DS3TR-C  a   3.875   5.373   7.559  g   0.024  -0.062   0.014[0m
[1;32muart:~$ [m[8D[J[00:03:54.889,000] [0m<inf> imu: LSM6DSV16X   a   4.132   5.441   7.857  g  -0.012   0.003  -0.002[0m
[1;32muart:~$ [m[8D[J[1;32muart:~$ [m[8D[J[00:03:54.890,000] [0m<inf> imu: ICM-42688-P  a   4.117   5.298   7.245  g  -0.001  -0.005   0.000[0m
[1;32muart:~$ [m[8D[J[00:03:54.991,000] [0m<inf> imu: LSM6DS3TR-C  a   3.863   5.424   7.610  g   0.025  -0.063   0.014[0m
[1;32muart:~$ [m[8D[J[1;32muart:~$ [m[8D[J[00:03:54.992,000] [0m<inf> imu: LSM6DSV16X   a   4.125   5.441   7.875  g  -0.012   0.002  -0.002[0m
[1;32muart:~$ [m[8D[J[00:03:54.992,000] [0m<inf> imu: ICM-42688-P  a   4.114   5.298   7.265  g   0.000  -0.005   0.000[0m
[1;32muart:~$ [m[8D[J[00:03:55.093,000] [0m<inf> imu: LSM6DS3TR-C  a   3.893   5.362   7.573  g   0.026  -0.063   0.014[0m
[1;32muart:~$ [m[8D[J[00:03:55.094,000] [0m<inf> imu: LSM6DSV16X   a   4.122   5.441   7.871  g  -0.011   0.002  -0.003[0m
[1;32muart:~$ [m[8D[J[00:03:55.094,000] [0m<inf> imu: ICM-42688-P  a   4.114   5.294   7.256  g  -0.001  -0.005  -0.001[0m
[1;32muart:~$ [m[8D[J[1;32muart:~$ [m[8D[J[00:03:55.196,000] [0m<inf> imu: LSM6DS3TR-C  a   3.846   5.347   7.588  g   0.023  -0.061   0.016[0m
[1;32muart:~$ [m[8D[J[00:03:55.196,000] [0m<inf> imu: LSM6DSV16X   a   4.132   5.434   7.872  g  -0.011   0.001  -0.002[0m
[1;32muart:~$ [m[8D[J[1;32muart:~$ [m[8D[J[00:03:55.197,000] [0m<inf> imu: ICM-42688-P  a   4.098   5.288   7.277  g   0.000  -0.005   0.000[0m
[1;32muart:~$ [m[8D[J[00:03:55.298,000] [0m<inf> imu: LSM6DS3TR-C  a   3.850   5.373   7.621  g   0.025  -0.062   0.015[0m
[1;32muart:~$ [m[8D[J[00:03:55.299,000] [0m<inf> imu: LSM6DSV16X   a   4.128   5.439   7.868  g  -0.011   0.002  -0.002[0m
[1;32muart:~$ [m[8D[J[1;32muart:~$ [m[8D[J[00:03:55.299,000] [0m<inf> imu: ICM-42688-P  a   4.099   5.301   7.240  g   0.000  -0.005   0.000[0m
[1;32muart:~$ [m[8D[J[00:03:55.401,000] [0m<inf> imu: LSM6DS3TR-C  a   3.812   5.363   7.576  g   0.026  -0.063   0.013[0m
[1;32muart:~$ [m[8D[J[1;32muart:~$ [m[8D[J[00:03:55.401,000] [0m<inf> imu: LSM6DSV16X   a   4.116   5.453   7.885  g  -0.012   0.001  -0.002[0m
[1;32muart:~$ [m[8D[J[00:03:55.402,000] [0m<inf> imu: ICM-42688-P  a   4.100   5.306   7.264  g  -0.001  -0.005  -0.000[0m
[1;32muart:~$ [m[8D[J[1;32muart:~$ [m[8D[J[00:03:55.504,000] [0m<inf> imu: LSM6DS3TR-C  a   3.832   5.387   7.586  g   0.025  -0.062   0.015[0m
[1;32muart:~$ [m[8D[J[00:03:55.505,000] [0m<inf> imu: LSM6DSV16X   a   4.125   5.432   7.863  g  -0.012   0.002  -0.002[0m
[1;32muart:~$ [m[8D[J[1;32muart:~$ [m[8D[J[00:03:55.506,000] [0m<inf> imu: ICM-42688-P  a   4.098   5.292   7.269  g  -0.001  -0.005   0.000[0m
[1;32muart:~$ [m[8D[J[00:03:55.607,000] [0m<inf> imu: LSM6DS3TR-C  a   3.831   5.372   7.594  g   0.025  -0.063   0.015[0m
[1;32muart:~$ [m[8D[J[1;32muart:~$ [m[8D[J[00:03:55.608,000] [0m<inf> imu: LSM6DSV16X   a   4.118   5.448   7.882  g  -0.011   0.002  -0.002[0m
[1;32muart:~$ [m[8D[J[00:03:55.608,000] [0m<inf> imu: ICM-42688-P  a   4.088   5.304   7.271  g   0.001  -0.005   0.000[0m
[1;32muart:~$ [m[8D[J[1;32muart:~$ [m[8D[J[00:03:55.709,000] [0m<inf> imu: LSM6DS3TR-C  a   3.861   5.356   7.596  g   0.024  -0.062   0.013[0m
[1;32muart:~$ [m[8D[J[00:03:55.710,000] [0m<inf> imu: LSM6DSV16X   a   4.120   5.451   7.877  g  -0.012   0.002  -0.003[0m
[1;32muart:~$ [m[8D[J[1;32muart:~$ [m[8D[J[00:03:55.710,000] [0m<inf> imu: ICM-42688-P  a   4.100   5.298   7.263  g  -0.001  -0.006   0.000[0m
[1;32muart:~$ [m[8D[J[00:03:55.812,000] [0m<inf> imu: LSM6DS3TR-C  a   3.830   5.381   7.597  g   0.024  -0.063   0.014[0m
[1;32muart:~$ [m[8D[J[00:03:55.812,000] [0m<inf> imu: LSM6DSV16X   a   4.123   5.439   7.868  g  -0.012   0.002  -0.002[0m
[1;32muart:~$ [m[8D[J[1;32muart:~$ [m[8D[J[00:03:55.813,000] [0m<inf> imu: ICM-42688-P  a   4.102   5.306   7.260  g  -0.001  -0.004  -0.001[0m
[1;32muart:~$ [m[8D[J[00:03:55.914,000] [0m<inf> imu: LSM6DS3TR-C  a   3.849   5.323   7.561  g   0.027  -0.062   0.014[0m
[1;32muart:~$ [m[8D[J[1;32muart:~$ [m[8D[J[00:03:55.916,000] [0m<inf> imu: LSM6DSV16X   a   4.126   5.439   7.871  g  -0.011   0.003  -0.002[0m
[1;32muart:~$ [m[8D[J[00:03:55.916,000] [0m<inf> imu: ICM-42688-P  a   4.112   5.292   7.257  g  -0.000  -0.005   0.000[0m
[1;32muart:~$ [m[8D[J[00:03:56.017,000] [0m<inf> imu: LSM6DS3TR-C  a   3.849   5.358   7.615  g   0.024  -0.063   0.016[0m
[1;32muart:~$ [m[8D[J[1;32muart:~$ [m[8D[J[00:03:56.018,000] [0m<inf> imu: LSM6DSV16X   a   4.123   5.434   7.871  g  -0.011   0.002  -0.002[0m
[1;32muart:~$ [m[8D[J[00:03:56.019,000] [0m<inf> imu: ICM-42688-P  a   4.092   5.297   7.259  g   0.000  -0.006   0.001[0m
[1;32muart:~$ [m[8D[J[00:03:56.120,000] [0m<inf> imu: LSM6DS3TR-C  a   3.847   5.363   7.597  g   0.024  -0.062   0.015[0m
[1;32muart:~$ [m[8D[J[00:03:56.120,000] [0m<inf> imu: LSM6DSV16X   a   4.123   5.436   7.872  g  -0.011   0.002  -0.001[0m
[1;32muart:~$ [m[8D[J[1;32muart:~$ [m[8D[J[00:03:56.121,000] [0m<inf> imu: ICM-42688-P  a   4.092   5.308   7.268  g  -0.001  -0.005  -0.000[0m
[1;32muart:~$ [m[8D[J[1;32muart:~$ [m[8D[J[00:03:56.222,000] [0m<inf> imu: LSM6DS3TR-C  a   3.868   5.362   7.624  g   0.024  -0.061   0.013[0m
[1;32muart:~$ [m[8D[J[00:03:56.223,000] [0m<inf> imu: LSM6DSV16X   a   4.123   5.439   7.877  g  -0.011   0.002  -0.002[0m
[1;32muart:~$ [m[8D[J[1;32muart:~$ [m[8D[J[00:03:56.223,000] [0m<inf> imu: ICM-42688-P  a   4.107   5.297   7.265  g   0.000  -0.005   0.001[0m
[1;32muart:~$ [m[8D[J[00:03:56.324,000] [0m<inf> imu: LSM6DS3TR-C  a   3.843   5.364   7.631  g   0.024  -0.062   0.015[0m
[1;32muart:~$ [m[8D[J[1;32muart:~$ [m[8D[J[00:03:56.325,000] [0m<inf> imu: LSM6DSV16X   a   4.118   5.441   7.870  g  -0.012   0.001  -0.002[0m
[1;32muart:~$ [m[8D[J[00:03:56.325,000] [0m<inf> imu: ICM-42688-P  a   4.098   5.286   7.265  g  -0.000  -0.005   0.000[0m
[1;32muart:~$ [m[8D[J[1;32muart:~$ [m[8D[J[00:03:56.427,000] [0m<inf> imu: LSM6DS3TR-C  a   3.849   5.384   7.603  g   0.024  -0.063   0.013[0m
[1;32muart:~$ [m[8D[J[00:03:56.427,000] [0m<inf> imu: LSM6DSV16X   a   4.130   5.438   7.867  g  -0.011   0.003  -0.002[0m
[1;32muart:~$ [m[8D[J[1;32muart:~$ [m[8D[J[00:03:56.428,000] [0m<inf> imu: ICM-42688-P  a   4.114   5.290   7.266  g   0.000  -0.005  -0.000[0m
[1;32muart:~$ [m[8D[J[00:03:56.529,000] [0m<inf> imu: LSM6DS3TR-C  a   3.823   5.344   7.606  g   0.023  -0.062   0.016[0m
[1;32muart:~$ [m[8D[J[00:03:56.530,000] [0m<inf> imu: LSM6DSV16X   a   4.122   5.438   7.878  g  -0.011   0.002  -0.002[0m
[1;32muart:~$ [m[8D[J[1;32muart:~$ [m[8D[J[00:03:56.530,000] [0m<inf> imu: ICM-42688-P  a   4.088   5.309   7.266  g   0.001  -0.005   0.000[0m
[1;32muart:~$ [m[8D[J[00:03:56.632,000] [0m<inf> imu: LSM6DS3TR-C  a   3.860   5.377   7.615  g   0.024  -0.064   0.012[0m
[1;32muart:~$ [m[8D[J[1;32muart:~$ [m[8D[J[00:03:56.633,000] [0m<inf> imu: LSM6DSV16X   a   4.118   5.451   7.863  g  -0.012   0.002  -0.002[0m
[1;32muart:~$ [m[8D[J[00:03:56.634,000] [0m<inf> imu: ICM-42688-P  a   4.101   5.304   7.268  g  -0.001  -0.005   0.000[0m
[1;32muart:~$ [m[8D[J[1;32muart:~$ [m[8D[J[00:03:56.735,000] [0m<inf> imu: LSM6DS3TR-C  a   3.857   5.361   7.625  g   0.025  -0.064   0.014[0m
[1;32muart:~$ [m[8D[J[00:03:56.736,000] [0m<inf> imu: LSM6DSV16X   a   4.125   5.438   7.880  g  -0.012   0.002  -0.003[0m
[1;32muart:~$ [m[8D[J[00:03:56.736,000] [0m<inf> imu: ICM-42688-P  a   4.102   5.289   7.274  g  -0.001  -0.005  -0.002[0m
[1;32muart:~$ [m[8D[J[1;32muart:~$ [m[8D[J[00:03:56.838,000] [0m<inf> imu: LSM6DS3TR-C  a   3.867   5.374   7.594  g   0.025  -0.063   0.013[0m
[1;32muart:~$ [m[8D[J[00:03:56.838,000] [0m<inf> imu: LSM6DSV16X   a   4.123   5.449   7.867  g  -0.012   0.003  -0.002[0m
[1;32muart:~$ [m[8D[J[1;32muart:~$ [m[8D[J[00:03:56.839,000] [0m<inf> imu: ICM-42688-P  a   4.099   5.312   7.256  g   0.001  -0.005   0.001[0m
[1;32muart:~$ [m[8D[J[00:03:56.940,000] [0m<inf> imu: LSM6DS3TR-C  a   3.837   5.369   7.638  g   0.026  -0.062   0.015[0m
[1;32muart:~$ [m[8D[J[1;32muart:~$ [m[8D[J[00:03:56.941,000] [0m<inf> imu: LSM6DSV16X   a   4.123   5.441   7.874  g  -0.011   0.003  -0.002[0m
[1;32muart:~$ [m[8D[J[00:03:56.942,000] [0m<inf> imu: ICM-42688-P  a   4.102   5.294   7.268  g  -0.000  -0.005   0.000[0m
[1;32muart:~$ [m[8D[J[1;32muart:~$ [m[8D[J[00:03:57.043,000] [0m<inf> imu: LSM6DS3TR-C  a   3.836   5.372   7.591  g   0.024  -0.063   0.014[0m
[1;32muart:~$ [m[8D[J[00:03:57.043,000] [0m<inf> imu: LSM6DSV16X   a   4.115   5.445   7.875  g  -0.011   0.002  -0.002[0m
[1;32muart:~$ [m[8D[J[1;32muart:~$ [m[8D[J[00:03:57.044,000] [0m<inf> imu: ICM-42688-P  a   4.096   5.294   7.259  g  -0.001  -0.005   0.001[0m
[1;32muart:~$ [m[8D[J[00:03:57.145,000] [0m<inf> imu: LSM6DS3TR-C  a   3.894   5.382   7.599  g   0.025  -0.063   0.015[0m
[1;32muart:~$ [m[8D[J[00:03:57.146,000] [0m<inf> imu: LSM6DSV16X   a   4.140   5.466   7.883  g  -0.011   0.002  -0.002[0m
[1;32muart:~$ [m[8D[J[1;32muart:~$ [m[8D[J[00:03:57.146,000] [0m<inf> imu: ICM-42688-P  a   4.112   5.328   7.266  g  -0.001  -0.005   0.000[0m
[1;32muart:~$ [m[8D[J[00:03:57.248,000] [0m<inf> imu: LSM6DS3TR-C  a   3.869   5.302   7.580  g   0.024  -0.064   0.015[0m
[1;32muart:~$ [m[8D[J[00:03:57.249,000] [0m<inf> imu: LSM6DSV16X   a   4.118   5.424   7.870  g  -0.012   0.002  -0.002[0m
[1;32muart:~$ [m[8D[J[1;32muart:~$ [m[8D[J[00:03:57.250,000] [0m<inf> imu: ICM-42688-P  a   4.093   5.268   7.250  g   0.000  -0.004  -0.000[0m
[1;32muart:~$ [m[8D[J[00:03:57.351,000] [0m<inf> imu: LSM6DS3TR-C  a   3.888   5.377   7.581  g   0.024  -0.063   0.015[0m
[1;32muart:~$ [m[8D[J[1;32muart:~$ [m[8D[J[00:03:57.352,000] [0m<inf> imu: LSM6DSV16X   a   4.132   5.454   7.884  g  -0.011   0.001  -0.002[0m
[1;32muart:~$ [m[8D[J[00:03:57.352,000] [0m<inf> imu: ICM-42688-P  a   4.112   5.312   7.262  g   0.001  -0.005   0.001[0m
[1;32muart:~$ [m[8D[J[1;32muart:~$ [m[8D[J[00:03:57.454,000] [0m<inf> imu: LSM6DS3TR-C  a   3.863   5.351   7.567  g   0.026  -0.064   0.014[0m
[1;32muart:~$ [m[8D[J[00:03:57.455,000] [0m<inf> imu: LSM6DSV16X   a   4.116   5.434   7.874  g  -0.012   0.002  -0.002[0m
[1;32muart:~$ [m[8D[J[1;32muart:~$ [m[8D[J[00:03:57.456,000] [0m<inf> imu: ICM-42688-P  a   4.099   5.279   7.257  g   0.000  -0.005   0.000[0m
[1;32muart:~$ [m[8D[J[00:03:57.557,000] [0m<inf> imu: LSM6DS3TR-C  a   3.869   5.372   7.606  g   0.025  -0.064   0.014[0m
[1;32muart:~$ [m[8D[J[1;32muart:~$ [m[8D[J[00:03:57.558,000] [0m<inf> imu: LSM6DSV16X   a   4.133   5.448   7.882  g  -0.012   0.002  -0.002[0m
[1;32muart:~$ [m[8D[J[00:03:57.558,000] [0m<inf> imu: ICM-42688-P  a   4.110   5.315   7.280  g   0.001  -0.005   0.000[0m
[1;32muart:~$ [m[8D[J[1;32muart:~$ [m[8D[J[00:03:57.659,000] [0m<inf> imu: LSM6DS3TR-C  a   3.873   5.359   7.627  g   0.025  -0.063   0.013[0m
[1;32muart:~$ [m[8D[J[00:03:57.660,000] [0m<inf> imu: LSM6DSV16X   a   4.126   5.443   7.880  g  -0.011   0.002  -0.002[0m
[1;32muart:~$ [m[8D[J[1;32muart:~$ [m[8D[J[00:03:57.660,000] [0m<inf> imu: ICM-42688-P  a   4.106   5.291   7.256  g   0.000  -0.004   0.000[0m
[1;32muart:~$ [m[8D[J[00:03:57.761,000] [0m<inf> imu: LSM6DS3TR-C  a   3.870   5.359   7.593  g   0.024  -0.063   0.013[0m
[1;32muart:~$ [m[8D[J[00:03:57.762,000] [0m<inf> imu: LSM6DSV16X   a   4.123   5.442   7.877  g  -0.011   0.002  -0.002[0m
[1;32muart:~$ [m[8D[J[1;32muart:~$ [m[8D[J[00:03:57.763,000] [0m<inf> imu: ICM-42688-P  a   4.096   5.301   7.264  g  -0.000  -0.005   0.000[0m
[1;32muart:~$ [m[8D[J[00:03:57.864,000] [0m<inf> imu: LSM6DS3TR-C  a   3.851   5.374   7.558  g   0.026  -0.063   0.015[0m
[1;32muart:~$ [m[8D[J[1;32muart:~$ [m[8D[J[00:03:57.865,000] [0m<inf> imu: LSM6DSV16X   a   4.130   5.436   7.874  g  -0.010   0.003  -0.002[0m
[1;32muart:~$ [m[8D[J[00:03:57.866,000] [0m<inf> imu: ICM-42688-P  a   4.101   5.301   7.246  g   0.001  -0.005   0.001[0m
[1;32muart:~$ [m[8D[J[00:03:57.967,000] [0m<inf> imu: LSM6DS3TR-C  a   3.890   5.356   7.594  g   0.025  -0.062   0.015[0m
[1;32muart:~$ [m[8D[J[1;32muart:~$ [m[8D[J[00:03:57.968,000] [0m<inf> imu: LSM6DSV16X   a   4.125   5.434   7.871  g  -0.011   0.002  -0.002[0m
[1;32muart:~$ [m[8D[J[00:03:57.968,000] [0m<inf> imu: ICM-42688-P  a   4.110   5.282   7.259  g   0.001  -0.005   0.000[0m
[1;32muart:~$ [m[8D[J[00:03:58.070,000] [0m<inf> imu: LSM6DS3TR-C  a   3.858   5.367   7.577  g   0.023  -0.061   0.014[0m
[1;32muart:~$ [m[8D[J[1;32muart:~$ [m[8D[J[00:03:58.070,000] [0m<inf> imu: LSM6DSV16X   a   4.123   5.444   7.863  g  -0.011   0.002  -0.002[0m
[1;32muart:~$ [m[8D[J[00:03:58.071,000] [0m<inf> imu: ICM-42688-P  a   4.112   5.307   7.256  g   0.001  -0.005   0.001[0m
[1;32muart:~$ [m[8D[J[1;32muart:~$ [m[8D[J[00:03:58.172,000] [0m<inf> imu: LSM6DS3TR-C  a   3.879   5.378   7.574  g   0.024  -0.063   0.014[0m
[1;32muart:~$ [m[8D[J[00:03:58.173,000] [0m<inf> imu: LSM6DSV16X   a   4.119   5.441   7.874  g  -0.012   0.002  -0.002[0m
[1;32muart:~$ [m[8D[J[1;32muart:~$ [m[8D[J[00:03:58.173,000] [0m<inf> imu: ICM-42688-P  a   4.104   5.296   7.259  g   0.000  -0.005  -0.001[0m
[1;32muart:~$ [m[8D[J[00:03:58.274,000] [0m<inf> imu: LSM6DS3TR-C  a   3.872   5.367   7.576  g   0.024  -0.063   0.014[0m
[1;32muart:~$ [m[8D[J[1;32muart:~$ [m[8D[J[00:03:58.275,000] [0m<inf> imu: LSM6DSV16X   a   4.131   5.439   7.872  g  -0.011   0.002  -0.002[0m
[1;32muart:~$ [m[8D[J[00:03:58.275,000] [0m<inf> imu: ICM-42688-P  a   4.114   5.300   7.253  g  -0.001  -0.005   0.001[0m
[1;32muart:~$ [m[8D[J[1;32muart:~$ [m[8D[J[00:03:58.376,000] [0m<inf> imu: LSM6DS3TR-C  a   3.827   5.367   7.613  g   0.025  -0.063   0.013[0m
[1;32muart:~$ [m[8D[J[00:03:58.377,000] [0m<inf> imu: LSM6DSV16X   a   4.123   5.439   7.866  g  -0.012   0.002  -0.002[0m
[1;32muart:~$ [m[8D[J[1;32muart:~$ [m[8D[J[00:03:58.378,000] [0m<inf> imu: ICM-42688-P  a   4.107   5.297   7.274  g   0.000  -0.005   0.000[0m
[1;32muart:~$ [m[8D[J[00:03:58.479,000] [0m<inf> imu: LSM6DS3TR-C  a   3.863   5.330   7.554  g   0.024  -0.062   0.014[0m
[1;32muart:~$ [m[8D[J[00:03:58.479,000] [0m<inf> imu: LSM6DSV16X   a   4.120   5.444   7.877  g  -0.012   0.003  -0.002[0m
[1;32muart:~$ [m[8D[J[1;32muart:~$ [m[8D[J[00:03:58.480,000] [0m<inf> imu: ICM-42688-P  a   4.095   5.304   7.260  g   0.000  -0.005  -0.001[0m
[1;32muart:~$ [m[8D[J[00:03:58.582,000] [0m<inf> imu: LSM6DS3TR-C  a   3.878   5.361   7.612  g   0.024  -0.062   0.014[0m
[1;32muart:~$ [m[8D[J[1;32muart:~$ [m[8D[J[00:03:58.583,000] [0m<inf> imu: LSM6DSV16X   a   4.125   5.439   7.873  g  -0.011   0.003  -0.002[0m
[1;32muart:~$ [m[8D[J[00:03:58.583,000] [0m<inf> imu: ICM-42688-P  a   4.100   5.308   7.284  g  -0.001  -0.005   0.000[0m
[1;32muart:~$ [m[8D[J[00:03:58.685,000] [0m<inf> imu: LSM6DS3TR-C  a   3.837   5.340   7.583  g   0.023  -0.064   0.012[0m
[1;32muart:~$ [m[8D[J[1;32muart:~$ [m[8D[J[00:03:58.685,000] [0m<inf> imu: LSM6DSV16X   a   4.121   5.427   7.871  g  -0.012   0.001  -0.002[0m
[1;32muart:~$ [m[8D[J[00:03:58.686,000] [0m<inf> imu: ICM-42688-P  a   4.096   5.303   7.257  g   0.000  -0.005   0.000[0m
[1;32muart:~$ [m[8D[J[00:03:58.787,000] [0m<inf> imu: LSM6DS3TR-C  a   3.840   5.371   7.591  g   0.024  -0.062   0.015[0m
[1;32muart:~$ [m[8D[J[00:03:58.788,000] [0m<inf> imu: LSM6DSV16X   a   4.120   5.441   7.862  g  -0.011   0.002  -0.002[0m
[1;32muart:~$ [m[8D[J[1;32muart:~$ [m[8D[J[00:03:58.788,000] [0m<inf> imu: ICM-42688-P  a   4.106   5.306   7.253  g   0.000  -0.005   0.001[0m
[1;32muart:~$ [m[8D[J[1;32muart:~$ [m[8D[J[00:03:58.889,000] [0m<inf> imu: LSM6DS3TR-C  a   3.826   5.352   7.641  g   0.024  -0.061   0.013[0m
[1;32muart:~$ [m[8D[J[00:03:58.890,000] [0m<inf> imu: LSM6DSV16X   a   4.111   5.439   7.875  g  -0.012   0.002  -0.002[0m
[1;32muart:~$ [m[8D[J[1;32muart:~$ [m[8D[J[00:03:58.890,000] [0m<inf> imu: ICM-42688-P  a   4.095   5.303   7.245  g   0.000  -0.005  -0.001[0m
[1;32muart:~$ [m[8D[J[00:03:58.991,000] [0m<inf> imu: LSM6DS3TR-C  a   3.869   5.374   7.580  g   0.024  -0.064   0.015[0m
[1;32muart:~$ [m[8D[J[1;32muart:~$ [m[8D[J[00:03:58.992,000] [0m<inf> imu: LSM6DSV16X   a   4.127   5.441   7.869  g  -0.013   0.002  -0.002[0m
[1;32muart:~$ [m[8D[J[00:03:58.993,000] [0m<inf> imu: ICM-42688-P  a   4.108   5.296   7.259  g   0.000  -0.004   0.000[0m
[1;32muart:~$ [m[8D[J[1;32muart:~$ [m[8D[J[00:03:59.094,000] [0m<inf> imu: LSM6DS3TR-C  a   3.845   5.325   7.589  g   0.025  -0.063   0.016[0m
[1;32muart:~$ [m[8D[J[00:03:59.094,000] [0m<inf> imu: LSM6DSV16X   a   4.116   5.448   7.880  g  -0.013   0.002  -0.002[0m
[1;32muart:~$ [m[8D[J[1;32muart:~$ [m[8D[J[00:03:59.095,000] [0m<inf> imu: ICM-42688-P  a   4.090   5.313   7.265  g   0.000  -0.005  -0.000[0m
[1;32muart:~$ [m[8D[J[00:03:59.196,000] [0m<inf> imu: LSM6DS3TR-C  a   3.807   5.410   7.616  g   0.025  -0.063   0.015[0m
[1;32muart:~$ [m[8D[J[00:03:59.197,000] [0m<inf> imu: LSM6DSV16X   a   4.120   5.448   7.865  g  -0.011   0.002  -0.003[0m
[1;32muart:~$ [m[8D[J[1;32muart:~$ [m[8D[J[00:03:59.197,000] [0m<inf> imu: ICM-42688-P  a   4.108   5.303   7.259  g  -0.001  -0.004  -0.000[0m
[1;32muart:~$ [m[8D[J[00:03:59.299,000] [0m<inf> imu: LSM6DS3TR-C  a   3.873   5.353   7.591  g   0.023  -0.062   0.015[0m
[1;32muart:~$ [m[8D[J[00:03:59.300,000] [0m<inf> imu: LSM6DSV16X   a   4.120   5.434   7.870  g  -0.012   0.001  -0.002[0m
[1;32muart:~$ [m[8D[J[1;32muart:~$ [m[8D[J[00:03:59.301,000] [0m<inf> imu: ICM-42688-P  a   4.094   5.296   7.254  g   0.000  -0.006   0.001[0m
[1;32muart:~$ [m[8D[J[00:03:59.402,000] [0m<inf> imu: LSM6DS3TR-C  a   3.820   5.373   7.556  g   0.024  -0.064   0.012[0m
[1;32muart:~$ [m[8D[J[1;32muart:~$ [m[8D[J[00:03:59.403,000] [0m<inf> imu: LSM6DSV16X   a   4.120   5.439   7.872  g  -0.012   0.002  -0.002[0m
[1;32muart:~$ [m[8D[J[00:03:59.403,000] [0m<inf> imu: ICM-42688-P  a   4.107   5.300   7.262  g  -0.001  -0.005   0.001[0m
[1;32muart:~$ [m[8D[J[1;32muart:~$ [m[8D[J[00:03:59.505,000] [0m<inf> imu: LSM6DS3TR-C  a   3.838   5.393   7.554  g   0.022  -0.061   0.014[0m
[1;32muart:~$ [m[8D[J[00:03:59.506,000] [0m<inf> imu: LSM6DSV16X   a   4.116   5.444   7.865  g  -0.011   0.001  -0.002[0m
[1;32muart:~$ [m[8D[J[1;32muart:~$ [m[8D[J[00:03:59.507,000] [0m<inf> imu: ICM-42688-P  a   4.113   5.292   7.254  g  -0.001  -0.005   0.001[0m
[1;32muart:~$ [m[8D[J[00:03:59.608,000] [0m<inf> imu: LSM6DS3TR-C  a   3.843   5.396   7.580  g   0.024  -0.061   0.014[0m
[1;32muart:~$ [m[8D[J[1;32muart:~$ [m[8D[J[00:03:59.609,000] [0m<inf> imu: LSM6DSV16X   a   4.128   5.448   7.879  g  -0.011   0.002  -0.002[0m
[1;32muart:~$ [m[8D[J[00:03:59.609,000] [0m<inf> imu: ICM-42688-P  a   4.112   5.309   7.268  g  -0.000  -0.005   0.000[0m
[1;32muart:~$ [m[8D[J[1;32muart:~$ [m[8D[J[00:03:59.710,000] [0m<inf> imu: LSM6DS3TR-C  a   3.876   5.317   7.568  g   0.027  -0.062   0.014[0m
[1;32muart:~$ [m[8D[J[00:03:59.711,000] [0m<inf> imu: LSM6DSV16X   a   4.131   5.438   7.865  g  -0.012   0.002  -0.002[0m
[1;32muart:~$ [m[8D[J[1;32muart:~$ [m[8D[J[00:03:59.712,000] [0m<inf> imu: ICM-42688-P  a   4.105   5.298   7.274  g   0.001  -0.005   0.001[0m
[1;32muart:~$ [m[8D[J[00:03:59.813,000] [0m<inf> imu: LSM6DS3TR-C  a   3.861   5.386   7.625  g   0.025  -0.062   0.014[0m
[1;32muart:~$ [m[8D[J[00:03:59.813,000] [0m<inf> imu: LSM6DSV16X   a   4.122   5.436   7.875  g  -0.012   0.001  -0.002[0m
[1;32muart:~$ [m[8D[J[1;32muart:~$ [m[8D[J[00:03:59.814,000] [0m<inf> imu: ICM-42688-P  a   4.111   5.289   7.266  g   0.000  -0.005   0.000[0m
[1;32muart:~$ [m[8D[J[00:03:59.916,000] [0m<inf> imu: LSM6DS3TR-C  a   3.837   5.344   7.606  g   0.023  -0.062   0.013[0m
[1;32muart:~$ [m[8D[J[1;32muart:~$ [m[8D[J[00:03:59.916,000] [0m<inf> imu: LSM6DSV16X   a   4.116   5.439   7.868  g  -0.011   0.002  -0.002[0m
[1;32muart:~$ [m[8D[J[00:03:59.917,000] [0m<inf> imu: ICM-42688-P  a   4.092   5.303   7.253  g   0.000  -0.005   0.001[0m
[1;32muart:~$ [m[8D[J[1;32muart:~$ [m[8D[J[00:04:00.018,000] [0m<inf> imu: LSM6DS3TR-C  a   3.866   5.346   7.594  g   0.026  -0.064   0.013[0m
[1;32muart:~$ [m[8D[J[00:04:00.019,000] [0m<inf> imu: LSM6DSV16X   a   4.130   5.422   7.848  g  -0.012   0.001  -0.002[0m
[1;32muart:~$ [m[8D[J[00:04:00.020,000] [0m<inf> imu: ICM-42688-P  a   4.112   5.279   7.234  g   0.000  -0.005   0.000[0m
[1;32muart:~$ [m[8D[J[1;32muart:~$ [m[8D[J[00:04:00.121,000] [0m<inf> imu: LSM6DS3TR-C  a   3.887   5.379   7.600  g   0.024  -0.060   0.017[0m
[1;32muart:~$ [m[8D[J[00:04:00.122,000] [0m<inf> imu: LSM6DSV16X   a   4.137   5.456   7.889  g  -0.011   0.002  -0.003[0m
[1;32muart:~$ [m[8D[J[1;32muart:~$ [m[8D[J[00:04:00.123,000] [0m<inf> imu: ICM-42688-P  a   4.120   5.295   7.260  g   0.001  -0.005   0.000[0m
[1;32muart:~$ [m[8D[J[00:04:00.224,000] [0m<inf> imu: LSM6DS3TR-C  a   3.870   5.367   7.563  g   0.026  -0.064   0.015[0m
[1;32muart:~$ [m[8D[J[1;32muart:~$ [m[8D[J[00:04:00.225,000] [0m<inf> imu: LSM6DSV16X   a   4.116   5.434   7.860  g  -0.012   0.002  -0.002[0m
[1;32muart:~$ [m[8D[J[00:04:00.225,000] [0m<inf> imu: ICM-42688-P  a   4.093   5.280   7.239  g   0.000  -0.005   0.001[0m
[1;32muart:~$ [m[8D[J[1;32muart:~$ [m[8D[J[00:04:00.326,000] [0m<inf> imu: LSM6DS3TR-C  a   3.845   5.400   7.604  g   0.025  -0.062   0.014[0m
[1;32muart:~$ [m[8D[J[00:04:00.327,000] [0m<inf> imu: LSM6DSV16X   a   4.123   5.448   7.877  g  -0.012   0.002  -0.002[0m
[1;32muart:~$ [m[8D[J[1;32muart:~$ [m[8D[J[00:04:00.327,000] [0m<inf> imu: ICM-42688-P  a   4.093   5.298   7.276  g   0.001  -0.004   0.000[0m
[1;32muart:~$ [m[8D[J[00:04:00.428,000] [0m<inf> imu: LSM6DS3TR-C  a   3.842   5.355   7.576  g   0.024  -0.063   0.015[0m
[1;32muart:~$ [m[8D[J[00:04:00.429,000] [0m<inf> imu: LSM6DSV16X   a   4.116   5.432   7.863  g  -0.012   0.002  -0.002[0m
[1;32muart:~$ [m[8D[J[1;32muart:~$ [m[8D[J[00:04:00.430,000] [0m<inf> imu: ICM-42688-P  a   4.096   5.307   7.274  g   0.000  -0.005   0.002[0m
[1;32muart:~$ [m[8D[J[00:04:00.531,000] [0m<inf> imu: LSM6DS3TR-C  a   3.869   5.379   7.605  g   0.025  -0.063   0.013[0m
[1;32muart:~$ [m[8D[J[1;32muart:~$ [m[8D[J[00:04:00.532,000] [0m<inf> imu: LSM6DSV16X   a   4.134   5.444   7.874  g  -0.012   0.002  -0.002[0m
[1;32muart:~$ [m[8D[J[00:04:00.533,000] [0m<inf> imu: ICM-42688-P  a   4.106   5.320   7.280  g  -0.001  -0.005   0.001[0m
[1;32muart:~$ [m[8D[J[1;32muart:~$ [m[8D[J[00:04:00.634,000] [0m<inf> imu: LSM6DS3TR-C  a   3.887   5.334   7.595  g   0.020  -0.062   0.014[0m
[1;32muart:~$ [m[8D[J[00:04:00.635,000] [0m<inf> imu: LSM6DSV16X   a   4.122   5.429   7.860  g  -0.012   0.002  -0.003[0m
[1;32muart:~$ [m[8D[J[00:04:00.635,000] [0m<inf> imu: ICM-42688-P  a   4.108   5.291   7.248  g  -0.001  -0.005   0.000[0m
[1;32muart:~$ [m[8D[J[1;32muart:~$ [m[8D[J[00:04:00.737,000] [0m<inf> imu: LSM6DS3TR-C  a   3.884   5.354   7.640  g   0.025  -0.065   0.013[0m
[1;32muart:~$ [m[8D[J[00:04:00.738,000] [0m<inf> imu: LSM6DSV16X   a   4.125   5.451   7.887  g  -0.012   0.002  -0.002[0m
[1;32muart:~$ [m[8D[J[1;32muart:~$ [m[8D[J[00:04:00.739,000] [0m<inf> imu: ICM-42688-P  a   4.108   5.314   7.283  g   0.000  -0.005  -0.001[0m
[1;32muart:~$ [m[8D[J[00:04:00.840,000] [0m<inf> imu: LSM6DS3TR-C  a   3.854   5.366   7.627  g   0.023  -0.062   0.016[0m
[1;32muart:~$ [m[8D[J[1;32muart:~$ [m[8D[J[00:04:00.841,000] [0m<inf> imu: LSM6DSV16X   a   4.113   5.435   7.869  g  -0.012   0.002  -0.002[0m
[1;32muart:~$ [m[8D[J[00:04:00.841,000] [0m<inf> imu: ICM-42688-P  a   4.096   5.284   7.266  g  -0.001  -0.005   0.000[0m
[1;32muart:~$ [m[8D[J[1;32muart:~$ [m[8D[J[00:04:00.942,000] [0m<inf> imu: LSM6DS3TR-C  a   3.854   5.374   7.595  g   0.023  -0.062   0.016[0m
[1;32muart:~$ [m[8D[J[00:04:00.943,000] [0m<inf> imu: LSM6DSV16X   a   4.122   5.447   7.883  g  -0.011   0.002  -0.002[0m
[1;32muart:~$ [m[8D[J[1;32muart:~$ [m[8D[J[00:04:00.943,000] [0m<inf> imu: ICM-42688-P  a   4.099   5.310   7.275  g  -0.000  -0.005   0.000[0m
[1;32muart:~$ [m[8D[J[00:04:01.044,000] [0m<inf> imu: LSM6DS3TR-C  a   3.837   5.345   7.573  g   0.024  -0.064   0.016[0m
[1;32muart:~$ [m[8D[J[00:04:01.045,000] [0m<inf> imu: LSM6DSV16X   a   4.120   5.441   7.870  g  -0.012   0.002  -0.002[0m
[1;32muart:~$ [m[8D[J[1;32muart:~$ [m[8D[J[00:04:01.046,000] [0m<inf> imu: ICM-42688-P  a   4.107   5.292   7.263  g   0.000  -0.004  -0.001[0m
[1;32muart:~$ [m[8D[J[00:04:01.147,000] [0m<inf> imu: LSM6DS3TR-C  a   3.882   5.358   7.580  g   0.024  -0.063   0.014[0m
[1;32muart:~$ [m[8D[J[1;32muart:~$ [m[8D[J[00:04:01.148,000] [0m<inf> imu: LSM6DSV16X   a   4.122   5.436   7.869  g  -0.011   0.003  -0.002[0m
[1;32muart:~$ [m[8D[J[00:04:01.148,000] [0m<inf> imu: ICM-42688-P  a   4.090   5.306   7.265  g   0.000  -0.004   0.000[0m
[1;32muart:~$ [m[8D[J[00:04:01.250,000] [0m<inf> imu: LSM6DS3TR-C  a   3.852   5.395   7.577  g   0.024  -0.063   0.013[0m
[1;32muart:~$ [m[8D[J[1;32muart:~$ [m[8D[J[00:04:01.250,000] [0m<inf> imu: LSM6DSV16X   a   4.123   5.441   7.881  g  -0.011   0.001  -0.002[0m
[1;32muart:~$ [m[8D[J[00:04:01.251,000] [0m<inf> imu: ICM-42688-P  a   4.102   5.301   7.263  g  -0.001  -0.004   0.001[0m
[1;32muart:~$ [m[8D[J[00:04:01.352,000] [0m<inf> imu: LSM6DS3TR-C  a   3.890   5.359   7.616  g   0.024  -0.062   0.014[0m
[1;32muart:~$ [m[8D[J[00:04:01.353,000] [0m<inf> imu: LSM6DSV16X   a   4.116   5.441   7.862  g  -0.012   0.001  -0.002[0m
[1;32muart:~$ [m[8D[J[1;32muart:~$ [m[8D[J[00:04:01.353,000] [0m<inf> imu: ICM-42688-P  a   4.112   5.300   7.276  g   0.000  -0.006   0.001[0m
[1;32muart:~$ [m[8D[J[1;32muart:~$ [m[8D[J[00:04:01.454,000] [0m<inf> imu: LSM6DS3TR-C  a   3.855   5.369   7.617  g   0.025  -0.062   0.013[0m
[1;32muart:~$ [m[8D[J[00:04:01.455,000] [0m<inf> imu: LSM6DSV16X   a   4.128   5.438   7.870  g  -0.012   0.003  -0.002[0m
[1;32muart:~$ [m[8D[J[1;32muart:~$ [m[8D[J[00:04:01.455,000] [0m<inf> imu: ICM-42688-P  a   4.113   5.307   7.256  g  -0.001  -0.005   0.000[0m
[1;32muart:~$ [m[8D[J[00:04:01.557,000] [0m<inf> imu: LSM6DS3TR-C  a   3.844   5.368   7.616  g   0.023  -0.063   0.016[0m
[1;32muart:~$ [m[8D[J[1;32muart:~$ [m[8D[J[00:04:01.557,000] [0m<inf> imu: LSM6DSV16X   a   4.129   5.445   7.884  g  -0.011   0.002  -0.002[0m
[1;32muart:~$ [m[8D[J[00:04:01.558,000] [0m<inf> imu: ICM-42688-P  a   4.104   5.309   7.281  g   0.000  -0.005   0.001[0m
[1;32muart:~$ [m[8D[J[1;32muart:~$ [m[8D[J[00:04:01.659,000] [0m<inf> imu: LSM6DS3TR-C  a   3.836   5.378   7.598  g   0.023  -0.064   0.014[0m
[1;32muart:~$ [m[8D[J[00:04:01.660,000] [0m<inf> imu: LSM6DSV16X   a   4.100   5.444   7.880  g  -0.011   0.002  -0.002[0m
[1;32muart:~$ [m[8D[J[1;32muart:~$ [m[8D[J[00:04:01.660,000] [0m<inf> imu: ICM-42688-P  a   4.080   5.314   7.276  g  -0.002  -0.006  -0.001[0m
[1;32muart:~$ [m[8D[J[00:04:01.761,000] [0m<inf> imu: LSM6DS3TR-C  a   3.840   5.346   7.618  g   0.024  -0.064   0.014[0m
[1;32muart:~$ [m[8D[J[00:04:01.762,000] [0m<inf> imu: LSM6DSV16X   a   4.123   5.446   7.873  g  -0.012   0.002  -0.002[0m
[1;32muart:~$ [m[8D[J[1;32muart:~$ [m[8D[J[00:04:01.763,000] [0m<inf> imu: ICM-42688-P  a   4.102   5.289   7.254  g  -0.001  -0.005   0.000[0m
[1;32muart:~$ [m[8D[J[00:04:01.864,000] [0m<inf> imu: LSM6DS3TR-C  a   3.860   5.326   7.582  g   0.025  -0.060   0.014[0m
[1;32muart:~$ [m[8D[J[00:04:01.865,000] [0m<inf> imu: LSM6DSV16X   a   4.125   5.430   7.877  g  -0.011   0.002  -0.002[0m
[1;32muart:~$ [m[8D[J[1;32muart:~$ [m[8D[J[00:04:01.866,000] [0m<inf> imu: ICM-42688-P  a   4.104   5.290   7.254  g  -0.001  -0.005   0.000[0m
[1;32muart:~$ [m[8D[J[00:04:01.967,000] [0m<inf> imu: LSM6DS3TR-C  a   3.855   5.341   7.616  g   0.024  -0.063   0.015[0m
[1;32muart:~$ [m[8D[J[1;32muart:~$ [m[8D[J[00:04:01.968,000] [0m<inf> imu: LSM6DSV16X   a   4.120   5.444   7.872  g  -0.011   0.002  -0.002[0m
[1;32muart:~$ [m[8D[J[00:04:01.968,000] [0m<inf> imu: ICM-42688-P  a   4.099   5.312   7.272  g   0.000  -0.005   0.001[0m
[1;32muart:~$ [m[8D[J[1;32muart:~$ [m[8D[J[00:04:02.070,000] [0m<inf> imu: LSM6DS3TR-C  a   3.850   5.387   7.617  g   0.024  -0.062   0.014[0m
[1;32muart:~$ [m[8D[J[00:04:02.071,000] [0m<inf> imu: LSM6DSV16X   a   4.123   5.443   7.872  g  -0.013   0.002  -0.002[0m
[1;32muart:~$ [m[8D[J[1;32muart:~$ [m[8D[J[00:04:02.072,000] [0m<inf> imu: ICM-42688-P  a   4.101   5.286   7.265  g  -0.001  -0.005   0.000[0m
[1;32muart:~$ [m[8D[J[00:04:02.173,000] [0m<inf> imu: LSM6DS3TR-C  a   3.830   5.374   7.621  g   0.025  -0.062   0.015[0m
[1;32muart:~$ [m[8D[J[1;32muart:~$ [m[8D[J[00:04:02.174,000] [0m<inf> imu: LSM6DSV16X   a   4.111   5.439   7.870  g  -0.013   0.002  -0.002[0m
[1;32muart:~$ [m[8D[J[00:04:02.174,000] [0m<inf> imu: ICM-42688-P  a   4.095   5.288   7.251  g  -0.001  -0.005   0.001[0m
[1;32muart:~$ [m[8D[J[1;32muart:~$ [m[8D[J[00:04:02.275,000] [0m<inf> imu: LSM6DS3TR-C  a   3.857   5.361   7.631  g   0.024  -0.060   0.016[0m
[1;32muart:~$ [m[8D[J[00:04:02.276,000] [0m<inf> imu: LSM6DSV16X   a   4.123   5.453   7.870  g  -0.011   0.002  -0.002[0m
[1;32muart:~$ [m[8D[J[1;32muart:~$ [m[8D[J[00:04:02.277,000] [0m<inf> imu: ICM-42688-P  a   4.096   5.314   7.270  g   0.000  -0.004   0.000[0m
[1;32muart:~$ [m[8D[J[00:04:02.378,000] [0m<inf> imu: LSM6DS3TR-C  a   3.831   5.354   7.600  g   0.024  -0.063   0.015[0m
[1;32muart:~$ [m[8D[J[00:04:02.378,000] [0m<inf> imu: LSM6DSV16X   a   4.114   5.427   7.872  g  -0.012   0.002  -0.002[0m
[1;32muart:~$ [m[8D[J[1;32muart:~$ [m[8D[J[00:04:02.379,000] [0m<inf> imu: ICM-42688-P  a   4.108   5.300   7.251  g   0.000  -0.005   0.000[0m
[1;32muart:~$ [m[8D[J[00:04:02.481,000] [0m<inf> imu: LSM6DS3TR-C  a   3.868   5.352   7.612  g   0.026  -0.061   0.015[0m
[1;32muart:~$ [m[8D[J[00:04:02.482,000] [0m<inf> imu: LSM6DSV16X   a   4.125   5.444   7.863  g  -0.011   0.002  -0.003[0m
[1;32muart:~$ [m[8D[J[1;32muart:~$ [m[8D[J[00:04:02.483,000] [0m<inf> imu: ICM-42688-P  a   4.096   5.298   7.254  g  -0.000  -0.005   0.000[0m
[1;32muart:~$ [m[8D[J[00:04:02.584,000] [0m<inf> imu: LSM6DS3TR-C  a   3.845   5.383   7.614  g   0.025  -0.063   0.013[0m
[1;32muart:~$ [m[8D[J[1;32muart:~$ [m[8D[J[00:04:02.585,000] [0m<inf> imu: LSM6DSV16X   a   4.120   5.429   7.875  g  -0.011   0.002  -0.002[0m
[1;32muart:~$ [m[8D[J[00:04:02.585,000] [0m<inf> imu: ICM-42688-P  a   4.087   5.297   7.269  g   0.001  -0.004   0.000[0m
[1;32muart:~$ [m[8D[J[1;32muart:~$ [m[8D[J[00:04:02.686,000] [0m<inf> imu: LSM6DS3TR-C  a   3.845   5.378   7.562  g   0.025  -0.062   0.016[0m
[1;32muart:~$ [m[8D[J[00:04:02.688,000] [0m<inf> imu: LSM6DSV16X   a   4.128   5.453   7.875  g  -0.011   0.002  -0.002[0m
[1;32muart:~$ [m[8D[J[1;32muart:~$ [m[8D[J[00:04:02.688,000] [0m<inf> imu: ICM-42688-P  a   4.099   5.321   7.262  g  -0.001  -0.005   0.001[0m
[1;32muart:~$ [m[8D[J[00:04:02.790,000] [0m<inf> imu: LSM6DS3TR-C  a   3.861   5.368   7.628  g   0.023  -0.061   0.011[0m
[1;32muart:~$ [m[8D[J[1;32muart:~$ [m[8D[J[00:04:02.790,000] [0m<inf> imu: LSM6DSV16X   a   4.116   5.439   7.875  g  -0.011   0.002  -0.003[0m
[1;32muart:~$ [m[8D[J[00:04:02.791,000] [0m<inf> imu: ICM-42688-P  a   4.087   5.295   7.276  g  -0.000  -0.005   0.000[0m
[1;32muart:~$ [m[8D[J[1;32muart:~$ [m[8D[J[00:04:02.892,000] [0m<inf> imu: LSM6DS3TR-C  a   3.845   5.395   7.580  g   0.024  -0.064   0.013[0m
[1;32muart:~$ [m[8D[J[00:04:02.893,000] [0m<inf> imu: LSM6DSV16X   a   4.120   5.444   7.868  g  -0.011   0.002  -0.002[0m
[1;32muart:~$ [m[8D[J[1;32muart:~$ [m[8D[J[00:04:02.893,000] [0m<inf> imu: ICM-42688-P  a   4.093   5.298   7.268  g  -0.001  -0.005   0.000[0m
[1;32muart:~$ [m[8D[J[00:04:02.994,000] [0m<inf> imu: LSM6DS3TR-C  a   3.851   5.409   7.598  g   0.023  -0.062   0.015[0m
[1;32muart:~$ [m[8D[J[00:04:02.995,000] [0m<inf> imu: LSM6DSV16X   a   4.116   5.439   7.860  g  -0.011   0.002  -0.002[0m
[1;32muart:~$ [m[8D[J[1;32muart:~$ [m[8D[J[00:04:02.995,000] [0m<inf> imu: ICM-42688-P  a   4.093   5.314   7.266  g  -0.001  -0.005   0.001[0m
[1;32muart:~$ [m[8D[J[00:04:03.097,000] [0m<inf> imu: LSM6DS3TR-C  a   3.888   5.358   7.597  g   0.026  -0.063   0.014[0m
[1;32muart:~$ [m[8D[J[00:04:03.098,000] [0m<inf> imu: LSM6DSV16X   a   4.119   5.441   7.884  g  -0.012   0.002  -0.002[0m
[1;32muart:~$ [m[8D[J[00:04:03.099,000] [0m<inf> imu: ICM-42688-P  a   4.120   5.290   7.265  g   0.000  -0.005   0.000[0m
[1;32muart:~$ [m[8D[J[00:04:03.200,000] [0m<inf> imu: LSM6DS3TR-C  a   3.861   5.352   7.566  g   0.024  -0.063   0.013[0m
[1;32muart:~$ [m[8D[J[1;32muart:~$ [m[8D[J[00:04:03.201,000] [0m<inf> imu: LSM6DSV16X   a   4.125   5.429   7.855  g  -0.012   0.002  -0.002[0m
[1;32muart:~$ [m[8D[J[00:04:03.201,000] [0m<inf> imu: ICM-42688-P  a   4.128   5.279   7.242  g  -0.001  -0.005   0.001[0m
[1;32muart:~$ [m[8D[J[1;32muart:~$ [m[8D[J[00:04:03.303,000] [0m<inf> imu: LSM6DS3TR-C  a   3.884   5.375   7.574  g   0.027  -0.062   0.014[0m
[1;32muart:~$ [m[8D[J[00:04:03.304,000] [0m<inf> imu: LSM6DSV16X   a   4.128   5.441   7.870  g  -0.011   0.002  -0.002[0m
[1;32muart:~$ [m[8D[J[1;32muart:~$ [m[8D[J[00:04:03.305,000] [0m<inf> imu: ICM-42688-P  a   4.100   5.314   7.263  g  -0.000  -0.005   0.000[0m
[1;32muart:~$ [m[8D[J[00:04:03.406,000] [0m<inf> imu: LSM6DS3TR-C  a   3.863   5.350   7.583  g   0.025  -0.063   0.013[0m
[1;32muart:~$ [m[8D[J[1;32muart:~$ [m[8D[J[00:04:03.407,000] [0m<inf> imu: LSM6DSV16X   a   4.120   5.454   7.873  g  -0.010   0.002  -0.002[0m
[1;32muart:~$ [m[8D[J[00:04:03.407,000] [0m<inf> imu: ICM-42688-P  a   4.101   5.301   7.266  g  -0.001  -0.005   0.000[0m
[1;32muart:~$ [m[8D[J[1;32muart:~$ [m[8D[J[00:04:03.509,000] [0m<inf> imu: LSM6DS3TR-C  a   3.863   5.380   7.574  g   0.025  -0.063   0.013[0m
[1;32muart:~$ [m[8D[J[00:04:03.509,000] [0m<inf> imu: LSM6DSV16X   a   4.125   5.439   7.873  g  -0.011   0.002  -0.002[0m
[1;32muart:~$ [m[8D[J[1;32muart:~$ [m[8D[J[00:04:03.510,000] [0m<inf> imu: ICM-42688-P  a   4.108   5.306   7.270  g  -0.001  -0.004   0.000[0m
[1;32muart:~$ [m[8D[J[00:04:03.611,000] [0m<inf> imu: LSM6DS3TR-C  a   3.837   5.364   7.581  g   0.024  -0.063   0.015[0m
[1;32muart:~$ [m[8D[J[00:04:03.612,000] [0m<inf> imu: LSM6DSV16X   a   4.135   5.436   7.862  g  -0.011   0.002  -0.002[0m
[1;32muart:~$ [m[8D[J[1;32muart:~$ [m[8D[J[00:04:03.612,000] [0m<inf> imu: ICM-42688-P  a   4.117   5.285   7.272  g   0.000  -0.005   0.000[0m
[1;32muart:~$ [m[8D[J[00:04:03.714,000] [0m<inf> imu: LSM6DS3TR-C  a   3.821   5.365   7.582  g   0.023  -0.062   0.014[0m
[1;32muart:~$ [m[8D[J[1;32muart:~$ [m[8D[J[00:04:03.715,000] [0m<inf> imu: LSM6DSV16X   a   4.113   5.436   7.873  g  -0.012   0.003  -0.002[0m
[1;32muart:~$ [m[8D[J[00:04:03.715,000] [0m<inf> imu: ICM-42688-P  a   4.095   5.298   7.246  g  -0.000  -0.005   0.001[0m
[1;32muart:~$ [m[8D[J[1;32muart:~$ [m[8D[J[00:04:03.816,000] [0m<inf> imu: LSM6DS3TR-C  a   3.800   5.378   7.569  g   0.024  -0.065   0.014[0m
[1;32muart:~$ [m[8D[J[00:04:03.817,000] [0m<inf> imu: LSM6DSV16X   a   4.116   5.438   7.872  g  -0.011   0.002  -0.002[0m
[1;32muart:~$ [m[8D[J[00:04:03.818,000] [0m<inf> imu: ICM-42688-P  a   4.095   5.313   7.275  g  -0.002  -0.006  -0.000[0m
[1;32muart:~$ [m[8D[J[1;32muart:~$ [m[8D[J[00:04:03.919,000] [0m<inf> imu: LSM6DS3TR-C  a   3.870   5.356   7.585  g   0.024  -0.063   0.014[0m
[1;32muart:~$ [m[8D[J[00:04:03.921,000] [0m<inf> imu: LSM6DSV16X   a   4.115   5.439   7.860  g  -0.011   0.002  -0.002[0m
[1;32muart:~$ [m[8D[J[1;32muart:~$ [m[8D[J[00:04:03.921,000] [0m<inf> imu: ICM-42688-P  a   4.088   5.297   7.265  g  -0.001  -0.005   0.000[0m
[1;32muart:~$ [m[8D[J[00:04:04.022,000] [0m<inf> imu: LSM6DS3TR-C  a   3.864   5.350   7.610  g   0.023  -0.062   0.014[0m
[1;32muart:~$ [m[8D[J[1;32muart:~$ [m[8D[J[00:04:04.023,000] [0m<inf> imu: LSM6DSV16X   a   4.116   5.441   7.870  g  -0.013   0.001  -0.002[0m
[1;32muart:~$ [m[8D[J[00:04:04.024,000] [0m<inf> imu: ICM-42688-P  a   4.117   5.294   7.257  g   0.000  -0.005   0.000[0m
[1;32muart:~$ [m[8D[J[1;32muart:~$ [m[8D[J[00:04:04.125,000] [0m<inf> imu: LSM6DS3TR-C  a   3.845   5.337   7.582  g   0.024  -0.062   0.013[0m
[1;32muart:~$ [m[8D[J[00:04:04.125,000] [0m<inf> imu: LSM6DSV16X   a   4.118   5.436   7.871  g  -0.013   0.002  -0.003[0m
[1;32muart:~$ [m[8D[J[1;32muart:~$ [m[8D[J[00:04:04.126,000] [0m<inf> imu: ICM-42688-P  a   4.105   5.291   7.259  g  -0.000  -0.005   0.000[0m
[1;32muart:~$ [m[8D[J[00:04:04.227,000] [0m<inf> imu: LSM6DS3TR-C  a   3.845   5.370   7.618  g   0.027  -0.062   0.013[0m
[1;32muart:~$ [m[8D[J[00:04:04.228,000] [0m<inf> imu: LSM6DSV16X   a   4.129   5.457   7.881  g  -0.011   0.002  -0.003[0m
[1;32muart:~$ [m[8D[J[1;32muart:~$ [m[8D[J[00:04:04.228,000] [0m<inf> imu: ICM-42688-P  a   4.112   5.314   7.263  g   0.000  -0.005   0.000[0m
[1;32muart:~$ [m[8D[J[00:04:04.329,000] [0m<inf> imu: LSM6DS3TR-C  a   3.858   5.361   7.625  g   0.024  -0.064   0.014[0m
[1;32muart:~$ [m[8D[J[1;32muart:~$ [m[8D[J[00:04:04.331,000] [0m<inf> imu: LSM6DSV16X   a   4.128   5.430   7.872  g  -0.012   0.001  -0.002[0m
[1;32muart:~$ [m[8D[J[00:04:04.331,000] [0m<inf> imu: ICM-42688-P  a   4.099   5.292   7.277  g  -0.001  -0.005   0.000[0m
[1;32muart:~$ [m[8D[J[00:04:04.432,000] [0m<inf> imu: LSM6DS3TR-C  a   3.839   5.334   7.588  g   0.024  -0.063   0.014[0m
[1;32muart:~$ [m[8D[J[1;32muart:~$ [m[8D[J[00:04:04.433,000] [0m<inf> imu: LSM6DSV16X   a   4.104   5.425   7.859  g  -0.011   0.002  -0.002[0m
[1;32muart:~$ [m[8D[J[00:04:04.434,000] [0m<inf> imu: ICM-42688-P  a   4.089   5.283   7.227  g   0.000  -0.005   0.001[0m
[1;32muart:~$ [m[8D[J[00:04:04.535,000] [0m<inf> imu: LSM6DS3TR-C  a   3.834   5.416   7.587  g   0.025  -0.062   0.014[0m
[1;32muart:~$ [m[8D[J[00:04:04.536,000] [0m<inf> imu: LSM6DSV16X   a   4.127   5.470   7.884  g  -0.011   0.001  -0.002[0m
[1;32muart:~$ [m[8D[J[1;32muart:~$ [m[8D[J[00:04:04.536,000] [0m<inf> imu: ICM-42688-P  a   4.107   5.318   7.288  g   0.000  -0.005  -0.001[0m
[1;32muart:~$ [m[8D[J[1;32muart:~$ [m[8D[J[00:04:04.637,000] [0m<inf> imu: LSM6DS3TR-C  a   3.843   5.361   7.587  g   0.025  -0.062   0.015[0m
[1;32muart:~$ [m[8D[J[00:04:04.638,000] [0m<inf> imu: LSM6DSV16X   a   4.125   5.422   7.855  g  -0.012   0.002  -0.002[0m
[1;32muart:~$ [m[8D[J[1;32muart:~$ [m[8D[J[00:04:04.638,000] [0m<inf> imu: ICM-42688-P  a   4.101   5.271   7.233  g   0.000  -0.004   0.000[0m
[1;32muart:~$ [m[8D[J[00:04:04.739,000] [0m<inf> imu: LSM6DS3TR-C  a   3.866   5.358   7.563  g   0.025  -0.062   0.014[0m
[1;32muart:~$ [m[8D[J[1;32muart:~$ [m[8D[J[00:04:04.740,000] [0m<inf> imu: LSM6DSV16X   a   4.138   5.444   7.865  g  -0.011   0.002  -0.003[0m
[1;32muart:~$ [m[8D[J[00:04:04.741,000] [0m<inf> imu: ICM-42688-P  a   4.118   5.302   7.259  g   0.000  -0.004  -0.001[0m
[1;32muart:~$ [m[8D[J[1;32muart:~$ [m[8D[J[00:04:04.842,000] [0m<inf> imu: LSM6DS3TR-C  a   3.816   5.326   7.576  g   0.024  -0.064   0.014[0m
[1;32muart:~$ [m[8D[J[00:04:04.843,000] [0m<inf> imu: LSM6DSV16X   a   4.107   5.431   7.884  g  -0.012   0.002  -0.002[0m
[1;32muart:~$ [m[8D[J[1;32muart:~$ [m[8D[J[00:04:04.843,000] [0m<inf> imu: ICM-42688-P  a   4.090   5.288   7.263  g  -0.001  -0.005   0.001[0m
[1;32muart:~$ [m[8D[J[00:04:04.944,000] [0m<inf> imu: LSM6DS3TR-C  a   3.854   5.410   7.616  g   0.025  -0.063   0.014[0m
[1;32muart:~$ [m[8D[J[00:04:04.945,000] [0m<inf> imu: LSM6DSV16X   a   4.135   5.451   7.853  g  -0.012   0.002  -0.002[0m
[1;32muart:~$ [m[8D[J[1;32muart:~$ [m[8D[J[00:04:04.945,000] [0m<inf> imu: ICM-42688-P  a   4.107   5.307   7.250  g  -0.000  -0.005   0.000[0m
[1;32muart:~$ [m[8D[J[00:04:05.046,000] [0m<inf> imu: LSM6DS3TR-C  a   3.843   5.352   7.586  g   0.024  -0.064   0.012[0m
[1;32muart:~$ [m[8D[J[1;32muart:~$ [m[8D[J[00:04:05.048,000] [0m<inf> imu: LSM6DSV16X   a   4.128   5.423   7.878  g  -0.011   0.002  -0.002[0m
[1;32muart:~$ [m[8D[J[00:04:05.048,000] [0m<inf> imu: ICM-42688-P  a   4.114   5.271   7.259  g   0.000  -0.005  -0.000[0m
[1;32muart:~$ [m[8D[J[00:04:05.149,000] [0m<inf> imu: LSM6DS3TR-C  a   3.879   5.358   7.583  g   0.025  -0.062   0.013[0m
[1;32muart:~$ [m[8D[J[1;32muart:~$ [m[8D[J[00:04:05.150,000] [0m<inf> imu: LSM6DSV16X   a   4.127   5.458   7.862  g  -0.012   0.002  -0.002[0m
[1;32muart:~$ [m[8D[J[00:04:05.151,000] [0m<inf> imu: ICM-42688-P  a   4.104   5.335   7.264  g   0.000  -0.005   0.000[0m
[1;32muart:~$ [m[8D[J[1;32muart:~$ [m[8D[J[00:04:05.252,000] [0m<inf> imu: LSM6DS3TR-C  a   3.848   5.328   7.584  g   0.025  -0.064   0.012[0m
[1;32muart:~$ [m[8D[J[00:04:05.253,000] [0m<inf> imu: LSM6DSV16X   a   4.116   5.425   7.877  g  -0.011   0.003  -0.002[0m
[1;32muart:~$ [m[8D[J[1;32muart:~$ [m[8D[J[00:04:05.254,000] [0m<inf> imu: ICM-42688-P  a   4.098   5.292   7.264  g  -0.001  -0.005   0.000[0m
[1;32muart:~$ [m[8D[J[00:04:05.355,000] [0m<inf> imu: LSM6DS3TR-C  a   3.894   5.386   7.582  g   0.024  -0.063   0.015[0m
[1;32muart:~$ [m[8D[J[1;32muart:~$ [m[8D[J[00:04:05.356,000] [0m<inf> imu: LSM6DSV16X   a   4.132   5.445   7.871  g  -0.011   0.003  -0.002[0m
[1;32muart:~$ [m[8D[J[00:04:05.356,000] [0m<inf> imu: ICM-42688-P  a   4.104   5.307   7.259  g   0.000  -0.005   0.000[0m
[1;32muart:~$ [m[8D[J[1;32muart:~$ [m[8D[J[00:04:05.458,000] [0m<inf> imu: LSM6DS3TR-C  a   3.832   5.397   7.600  g   0.025  -0.063   0.012[0m
[1;32muart:~$ [m[8D[J[00:04:05.458,000] [0m<inf> imu: LSM6DSV16X   a   4.113   5.444   7.863  g  -0.013   0.002  -0.003[0m
[1;32muart:~$ [m[8D[J[1;32muart:~$ [m[8D[J[00:04:05.459,000] [0m<inf> imu: ICM-42688-P  a   4.090   5.294   7.270  g  -0.001  -0.005  -0.000[0m
[1;32muart:~$ [m[8D[J[00:04:05.560,000] [0m<inf> imu: LSM6DS3TR-C  a   3.864   5.367   7.540  g   0.024  -0.061   0.013[0m
[1;32muart:~$ [m[8D[J[00:04:05.561,000] [0m<inf> imu: LSM6DSV16X   a   4.127   5.432   7.872  g  -0.011   0.003  -0.002[0m
[1;32muart:~$ [m[8D[J[1;32muart:~$ [m[8D[J[00:04:05.561,000] [0m<inf> imu: ICM-42688-P  a   4.120   5.288   7.228  g   0.000  -0.005   0.000[0m
[1;32muart:~$ [m[8D[J[00:04:05.663,000] [0m<inf> imu: LSM6DS3TR-C  a   3.894   5.386   7.576  g   0.024  -0.065   0.012[0m
[1;32muart:~$ [m[8D[J[1;32muart:~$ [m[8D[J[00:04:05.664,000] [0m<inf> imu: LSM6DSV16X   a   4.130   5.453   7.868  g  -0.011   0.002  -0.002[0m
[1;32muart:~$ [m[8D[J[00:04:05.664,000] [0m<inf> imu: ICM-42688-P  a   4.112   5.303   7.264  g  -0.001  -0.005   0.001[0m
[1;32muart:~$ [m[8D[J[00:04:05.765,000] [0m<inf> imu: LSM6DS3TR-C  a   3.857   5.342   7.576  g   0.026  -0.062   0.015[0m
[1;32muart:~$ [m[8D[J[1;32muart:~$ [m[8D[J[00:04:05.766,000] [0m<inf> imu: LSM6DSV16X   a   4.120   5.436   7.870  g  -0.012   0.001  -0.002[0m
[1;32muart:~$ [m[8D[J[00:04:05.767,000] [0m<inf> imu: ICM-42688-P  a   4.101   5.304   7.254  g  -0.000  -0.005  -0.000[0m
[1;32muart:~$ [m[8D[J[00:04:05.868,000] [0m<inf> imu: LSM6DS3TR-C  a   3.848   5.361   7.563  g   0.024  -0.063   0.013[0m
[1;32muart:~$ [m[8D[J[00:04:05.868,000] [0m<inf> imu: LSM6DSV16X   a   4.133   5.446   7.863  g  -0.012   0.001  -0.002[0m
[1;32muart:~$ [m[8D[J[1;32muart:~$ [m[8D[J[00:04:05.869,000] [0m<inf> imu: ICM-42688-P  a   4.098   5.302   7.252  g   0.001  -0.005   0.000[0m
[1;32muart:~$ [m[8D[J[1;32muart:~$ [m[8D[J[00:04:05.970,000] [0m<inf> imu: LSM6DS3TR-C  a   3.879   5.384   7.588  g   0.026  -0.063   0.012[0m
[1;32muart:~$ [m[8D[J[00:04:05.971,000] [0m<inf> imu: LSM6DSV16X   a   4.119   5.426   7.868  g  -0.012   0.002  -0.002[0m
[1;32muart:~$ [m[8D[J[00:04:05.971,000] [0m<inf> imu: ICM-42688-P  a   4.090   5.292   7.266  g   0.000  -0.006   0.000[0m
[1;32muart:~$ [m[8D[J[00:04:06.072,000] [0m<inf> imu: LSM6DS3TR-C  a   3.860   5.375   7.563  g   0.025  -0.063   0.013[0m
[1;32muart:~$ [m[8D[J[1;32muart:~$ [m[8D[J[00:04:06.073,000] [0m<inf> imu: LSM6DSV16X   a   4.123   5.447   7.868  g  -0.011   0.002  -0.002[0m
[1;32muart:~$ [m[8D[J[00:04:06.073,000] [0m<inf> imu: ICM-42688-P  a   4.111   5.298   7.256  g   0.000  -0.005   0.001[0m
[1;32muart:~$ [m[8D[J[1;32muart:~$ [m[8D[J[00:04:06.175,000] [0m<inf> imu: LSM6DS3TR-C  a   3.919   5.331   7.560  g   0.023  -0.060   0.014[0m
[1;32muart:~$ [m[8D[J[00:04:06.175,000] [0m<inf> imu: LSM6DSV16X   a   4.120   5.429   7.870  g  -0.012   0.002  -0.002[0m
[1;32muart:~$ [m[8D[J[1;32muart:~$ [m[8D[J[00:04:06.176,000] [0m<inf> imu: ICM-42688-P  a   4.108   5.284   7.241  g  -0.001  -0.005   0.001[0m
[1;32muart:~$ [m[8D[J[00:04:06.277,000] [0m<inf> imu: LSM6DS3TR-C  a   3.876   5.352   7.585  g   0.023  -0.062   0.014[0m
[1;32muart:~$ [m[8D[J[1;32muart:~$ [m[8D[J[00:04:06.277,000] [0m<inf> imu: LSM6DSV16X   a   4.116   5.446   7.880  g  -0.012   0.002  -0.002[0m
[1;32muart:~$ [m[8D[J[00:04:06.278,000] [0m<inf> imu: ICM-42688-P  a   4.110   5.301   7.282  g   0.000  -0.006   0.000[0m
[1;32muart:~$ [m[8D[J[00:04:06.380,000] [0m<inf> imu: LSM6DS3TR-C  a   3.867   5.358   7.566  g   0.025  -0.062   0.015[0m
[1;32muart:~$ [m[8D[J[00:04:06.381,000] [0m<inf> imu: LSM6DSV16X   a   4.113   5.438   7.872  g  -0.010   0.002  -0.002[0m
[1;32muart:~$ [m[8D[J[1;32muart:~$ [m[8D[J[00:04:06.382,000] [0m<inf> imu: ICM-42688-P  a   4.101   5.306   7.269  g   0.000  -0.006   0.000[0m
[1;32muart:~$ [m[8D[J[00:04:06.483,000] [0m<inf> imu: LSM6DS3TR-C  a   3.841   5.398   7.602  g   0.027  -0.064   0.014[0m
[1;32muart:~$ [m[8D[J[00:04:06.484,000] [0m<inf> imu: LSM6DSV16X   a   4.121   5.454   7.887  g  -0.011   0.003  -0.002[0m
[1;32muart:~$ [m[8D[J[1;32muart:~$ [m[8D[J[00:04:06.484,000] [0m<inf> imu: ICM-42688-P  a   4.102   5.289   7.248  g  -0.002  -0.006  -0.001[0m
[1;32muart:~$ [m[8D[J[00:04:06.585,000] [0m<inf> imu: LSM6DS3TR-C  a   3.848   5.397   7.612  g   0.023  -0.061   0.015[0m
[1;32muart:~$ [m[8D[J[1;32muart:~$ [m[8D[J[00:04:06.586,000] [0m<inf> imu: LSM6DSV16X   a   4.116   5.435   7.875  g  -0.011   0.002  -0.002[0m
[1;32muart:~$ [m[8D[J[00:04:06.586,000] [0m<inf> imu: ICM-42688-P  a   4.096   5.297   7.253  g   0.001  -0.005   0.001[0m
[1;32muart:~$ [m[8D[J[1;32muart:~$ [m[8D[J[00:04:06.687,000] [0m<inf> imu: LSM6DS3TR-C  a   3.855   5.372   7.555  g   0.024  -0.063   0.013[0m
[1;32muart:~$ [m[8D[J[00:04:06.688,000] [0m<inf> imu: LSM6DSV16X   a   4.132   5.439   7.877  g  -0.012   0.002  -0.002[0m
[1;32muart:~$ [m[8D[J[1;32muart:~$ [m[8D[J[00:04:06.689,000] [0m<inf> imu: ICM-42688-P  a   4.117   5.301   7.246  g   0.001  -0.005   0.000[0m
[1;32muart:~$ [m[8D[J[00:04:06.790,000] [0m<inf> imu: LSM6DS3TR-C  a   3.867   5.372   7.555  g   0.029  -0.064   0.013[0m
[1;32muart:~$ [m[8D[J[1;32muart:~$ [m[8D[J[00:04:06.791,000] [0m<inf> imu: LSM6DSV16X   a   4.116   5.427   7.867  g  -0.012   0.002  -0.002[0m
[1;32muart:~$ [m[8D[J[00:04:06.791,000] [0m<inf> imu: ICM-42688-P  a   4.110   5.297   7.259  g   0.000  -0.004   0.000[0m
[1;32muart:~$ [m[8D[J[1;32muart:~$ [m[8D[J[00:04:06.892,000] [0m<inf> imu: LSM6DS3TR-C  a   3.863   5.380   7.531  g   0.024  -0.064   0.013[0m
[1;32muart:~$ [m[8D[J[00:04:06.893,000] [0m<inf> imu: LSM6DSV16X   a   4.132   5.453   7.863  g  -0.011   0.001  -0.001[0m
[1;32muart:~$ [m[8D[J[1;32muart:~$ [m[8D[J[00:04:06.893,000] [0m<inf> imu: ICM-42688-P  a   4.114   5.304   7.248  g  -0.001  -0.005   0.001[0m
[1;32muart:~$ [m[8D[J[00:04:06.994,000] [0m<inf> imu: LSM6DS3TR-C  a   3.869   5.347   7.618  g   0.024  -0.064   0.014[0m
[1;32muart:~$ [m[8D[J[00:04:06.995,000] [0m<inf> imu: LSM6DSV16X   a   4.108   5.429   7.875  g  -0.011   0.001  -0.002[0m
[1;32muart:~$ [m[8D[J[1;32muart:~$ [m[8D[J[00:04:06.996,000] [0m<inf> imu: ICM-42688-P  a   4.089   5.289   7.268  g   0.000  -0.005   0.000[0m
[1;32muart:~$ [m[8D[J[00:04:07.097,000] [0m<inf> imu: LSM6DS3TR-C  a   3.863   5.370   7.574  g   0.026  -0.061   0.015[0m
[1;32muart:~$ [m[8D[J[1;32muart:~$ [m[8D[J[00:04:07.098,000] [0m<inf> imu: LSM6DSV16X   a   4.125   5.439   7.856  g  -0.011   0.002  -0.002[0m
[1;32muart:~$ [m[8D[J[00:04:07.099,000] [0m<inf> imu: ICM-42688-P  a   4.104   5.295   7.254  g   0.000  -0.005   0.000[0m
[1;32muart:~$ [m[8D[J[00:04:07.200,000] [0m<inf> imu: LSM6DS3TR-C  a   3.890   5.378   7.623  g   0.025  -0.061   0.015[0m
[1;32muart:~$ [m[8D[J[1;32muart:~$ [m[8D[J[00:04:07.201,000] [0m<inf> imu: LSM6DSV16X   a   4.115   5.438   7.868  g  -0.011   0.003  -0.002[0m
[1;32muart:~$ [m[8D[J[00:04:07.201,000] [0m<inf> imu: ICM-42688-P  a   4.107   5.291   7.264  g   0.000  -0.005   0.000[0m
[1;32muart:~$ [m[8D[J[00:04:07.302,000] [0m<inf> imu: LSM6DS3TR-C  a   3.839   5.413   7.586  g   0.024  -0.064   0.013[0m
[1;32muart:~$ [m[8D[J[00:04:07.303,000] [0m<inf> imu: LSM6DSV16X   a   4.121   5.439   7.872  g  -0.012   0.002  -0.002[0m
[1;32muart:~$ [m[8D[J[1;32muart:~$ [m[8D[J[00:04:07.304,000] [0m<inf> imu: ICM-42688-P  a   4.099   5.302   7.250  g   0.000  -0.005   0.000[0m
[1;32muart:~$ [m[8D[J[1;32muart:~$ [m[8D[J[00:04:07.405,000] [0m<inf> imu: LSM6DS3TR-C  a   3.860   5.367   7.599  g   0.024  -0.062   0.016[0m
[1;32muart:~$ [m[8D[J[00:04:07.406,000] [0m<inf> imu: LSM6DSV16X   a   4.116   5.435   7.877  g  -0.011   0.002  -0.002[0m
[1;32muart:~$ [m[8D[J[1;32muart:~$ [m[8D[J[00:04:07.406,000] [0m<inf> imu: ICM-42688-P  a   4.111   5.297   7.251  g   0.000  -0.005  -0.000[0m
[1;32muart:~$ [m[8D[J[00:04:07.507,000] [0m<inf> imu: LSM6DS3TR-C  a   3.859   5.423   7.588  g   0.024  -0.062   0.014[0m
[1;32muart:~$ [m[8D[J[1;32muart:~$ [m[8D[J[00:04:07.508,000] [0m<inf> imu: LSM6DSV16X   a   4.123   5.456   7.882  g  -0.011   0.002  -0.003[0m
[1;32muart:~$ [m[8D[J[00:04:07.508,000] [0m<inf> imu: ICM-42688-P  a   4.095   5.309   7.265  g  -0.001  -0.005   0.000[0m
[1;32muart:~$ [m[8D[J[1;32muart:~$ [m[8D[J[00:04:07.609,000] [0m<inf> imu: LSM6DS3TR-C  a   3.830   5.361   7.580  g   0.023  -0.061   0.013[0m
[1;32muart:~$ [m[8D[J[00:04:07.610,000] [0m<inf> imu: LSM6DSV16X   a   4.116   5.434   7.885  g  -0.012   0.002  -0.002[0m
[1;32muart:~$ [m[8D[J[1;32muart:~$ [m[8D[J[00:04:07.611,000] [0m<inf> imu: ICM-42688-P  a   4.106   5.297   7.272  g   0.001  -0.005   0.001[0m
[1;32muart:~$ [m[8D[J[00:04:07.712,000] [0m<inf> imu: LSM6DS3TR-C  a   3.862   5.355   7.587  g   0.025  -0.062   0.017[0m
[1;32muart:~$ [m[8D[J[00:04:07.712,000] [0m<inf> imu: LSM6DSV16X   a   4.123   5.446   7.869  g  -0.012   0.002  -0.002[0m
[1;32muart:~$ [m[8D[J[1;32muart:~$ [m[8D[J[00:04:07.713,000] [0m<inf> imu: ICM-42688-P  a   4.096   5.313   7.268  g  -0.001  -0.005  -0.001[0m
[1;32muart:~$ [m[8D[J[00:04:07.815,000] [0m<inf> imu: LSM6DS3TR-C  a   3.860   5.371   7.558  g   0.024  -0.062   0.013[0m
[1;32muart:~$ [m[8D[J[1;32muart:~$ [m[8D[J[00:04:07.816,000] [0m<inf> imu: LSM6DSV16X   a   4.120   5.431   7.856  g  -0.011   0.002  -0.002[0m
[1;32muart:~$ [m[8D[J[00:04:07.816,000] [0m<inf> imu: ICM-42688-P  a   4.105   5.286   7.253  g   0.000  -0.005   0.001[0m
[1;32muart:~$ [m[8D[J[00:04:07.917,000] [0m<inf> imu: LSM6DS3TR-C  a   3.882   5.386   7.598  g   0.024  -0.061   0.015[0m
[1;32muart:~$ [m[8D[J[1;32muart:~$ [m[8D[J[00:04:07.918,000] [0m<inf> imu: LSM6DSV16X   a   4.128   5.444   7.870  g  -0.011   0.002  -0.002[0m
[1;32muart:~$ [m[8D[J[00:04:07.918,000] [0m<inf> imu: ICM-42688-P  a   4.108   5.302   7.265  g   0.000  -0.006   0.000[0m
[1;32muart:~$ [m[8D[J[00:04:08.020,000] [0m<inf> imu: LSM6DS3TR-C  a   3.879   5.349   7.620  g   0.022  -0.065   0.012[0m
[1;32muart:~$ [m[8D[J[00:04:08.020,000] [0m<inf> imu: LSM6DSV16X   a   4.128   5.437   7.870  g  -0.011   0.002  -0.002[0m
[1;32muart:~$ [m[8D[J[1;32muart:~$ [m[8D[J[00:04:08.021,000] [0m<inf> imu: ICM-42688-P  a   4.074   5.326   7.270  g   0.001  -0.005   0.000[0m
[1;32muart:~$ [m[8D[J[1;32muart:~$ [m[8D[J[00:04:08.122,000] [0m<inf> imu: LSM6DS3TR-C  a   3.872   5.378   7.595  g   0.025  -0.063   0.014[0m
[1;32muart:~$ [m[8D[J[00:04:08.123,000] [0m<inf> imu: LSM6DSV16X   a   4.135   5.444   7.870  g  -0.012   0.003  -0.002[0m
[1;32muart:~$ [m[8D[J[1;32muart:~$ [m[8D[J[00:04:08.123,000] [0m<inf> imu: ICM-42688-P  a   4.113   5.295   7.253  g  -0.001  -0.006   0.000[0m
[1;32muart:~$ [m[8D[J[00:04:08.224,000] [0m<inf> imu: LSM6DS3TR-C  a   3.847   5.370   7.631  g   0.025  -0.063   0.014[0m
[1;32muart:~$ [m[8D[J[1;32muart:~$ [m[8D[J[00:04:08.225,000] [0m<inf> imu: LSM6DSV16X   a   4.115   5.431   7.868  g  -0.011   0.002  -0.002[0m
[1;32muart:~$ [m[8D[J[00:04:08.225,000] [0m<inf> imu: ICM-42688-P  a   4.104   5.288   7.281  g   0.000  -0.004   0.001[0m
[1;32muart:~$ [m[8D[J[1;32muart:~$ [m[8D[J[00:04:08.326,000] [0m<inf> imu: LSM6DS3TR-C  a   3.842   5.372   7.591  g   0.024  -0.063   0.013[0m
[1;32muart:~$ [m[8D[J[00:04:08.327,000] [0m<inf> imu: LSM6DSV16X   a   4.127   5.451   7.868  g  -0.011   0.002  -0.001[0m
[1;32muart:~$ [m[8D[J[1;32muart:~$ [m[8D[J[00:04:08.328,000] [0m<inf> imu: ICM-42688-P  a   4.099   5.327   7.266  g   0.001  -0.005   0.000[0m
[1;32muart:~$ [m[8D[J[00:04:08.429,000] [0m<inf> imu: LSM6DS3TR-C  a   3.916   5.319   7.611  g   0.023  -0.064   0.015[0m
[1;32muart:~$ [m[8D[J[00:04:08.429,000] [0m<inf> imu: LSM6DSV16X   a   4.126   5.436   7.855  g  -0.011   0.001   0.000[0m
[1;32muart:~$ [m[8D[J[1;32muart:~$ [m[8D[J[00:04:08.430,000] [0m<inf> imu: ICM-42688-P  a   4.132   5.266   7.252  g  -0.003  -0.006   0.000[0m
[1;32muart:~$ [m[8D[J[00:04:08.531,000] [0m<inf> imu: LSM6DS3TR-C  a   3.852   5.356   7.592  g   0.026  -0.064   0.013[0m
[1;32muart:~$ [m[8D[J[1;32muart:~$ [m[8D[J[00:04:08.532,000] [0m<inf> imu: LSM6DSV16X   a   4.140   5.446   7.870  g  -0.011   0.003  -0.003[0m
[1;32muart:~$ [m[8D[J[00:04:08.533,000] [0m<inf> imu: ICM-42688-P  a   4.119   5.300   7.260  g   0.001  -0.003   0.000[0m
[1;32muart:~$ [m[8D[J[00:04:08.634,000] [0m<inf> imu: LSM6DS3TR-C  a   3.851   5.338   7.532  g   0.025  -0.062   0.016[0m
[1;32muart:~$ [m[8D[J[1;32muart:~$ [m[8D[J[00:04:08.635,000] [0m<inf> imu: LSM6DSV16X   a   4.116   5.431   7.863  g  -0.011   0.001  -0.002[0m
[1;32muart:~$ [m[8D[J[00:04:08.635,000] [0m<inf> imu: ICM-42688-P  a   4.099   5.283   7.245  g   0.000  -0.005   0.001[0m
[1;32muart:~$ [m[8D[J[00:04:08.737,000] [0m<inf> imu: LSM6DS3TR-C  a   3.831   5.435   7.652  g   0.025  -0.064   0.015[0m
[1;32muart:~$ [m[8D[J[00:04:08.737,000] [0m<inf> imu: LSM6DSV16X   a   4.139   5.471   7.903  g  -0.012   0.003  -0.004[0m
[1;32muart:~$ [m[8D[J[1;32muart:~$ [m[8D[J[00:04:08.738,000] [0m<inf> imu: ICM-42688-P  a   4.120   5.329   7.289  g  -0.001  -0.003  -0.002[0m
[1;32muart:~$ [m[8D[J[1;32muart:~$ [m[8D[J[00:04:08.839,000] [0m<inf> imu: LSM6DS3TR-C  a   3.847   5.343   7.574  g   0.023  -0.064   0.014[0m
[1;32muart:~$ [m[8D[J[00:04:08.840,000] [0m<inf> imu: LSM6DSV16X   a   4.113   5.443   7.865  g  -0.012   0.001  -0.001[0m
[1;32muart:~$ [m[8D[J[1;32muart:~$ [m[8D[J[00:04:08.840,000] [0m<inf> imu: ICM-42688-P  a   4.106   5.313   7.274  g  -0.001  -0.006   0.002[0m
[1;32muart:~$ [m[8D[J[00:04:08.941,000] [0m<inf> imu: LSM6DS3TR-C  a   3.877   5.377   7.613  g   0.024  -0.063   0.012[0m
[1;32muart:~$ [m[8D[J[1;32muart:~$ [m[8D[J[00:04:08.942,000] [0m<inf> imu: LSM6DSV16X   a   4.142   5.435   7.874  g  -0.010   0.003  -0.003[0m
[1;32muart:~$ [m[8D[J[00:04:08.942,000] [0m<inf> imu: ICM-42688-P  a   4.125   5.290   7.257  g   0.001  -0.004  -0.002[0m
[1;32muart:~$ [m[8D[J[1;32muart:~$ [m[8D[J[00:04:09.043,000] [0m<inf> imu: LSM6DS3TR-C  a   3.841   5.327   7.594  g   0.024  -0.065   0.017[0m
[1;32muart:~$ [m[8D[J[00:04:09.044,000] [0m<inf> imu: LSM6DSV16X   a   4.128   5.439   7.860  g  -0.013   0.001  -0.002[0m
[1;32muart:~$ [m[8D[J[00:04:09.045,000] [0m<inf> imu: ICM-42688-P  a   4.106   5.298   7.254  g  -0.001  -0.006   0.000[0m
[1;32muart:~$ [m[8D[J[1;32muart:~$ [m[8D[J[00:04:09.146,000] [0m<inf> imu: LSM6DS3TR-C  a   3.858   5.350   7.610  g   0.024  -0.061   0.015[0m
[1;32muart:~$ [m[8D[J[00:04:09.146,000] [0m<inf> imu: LSM6DSV16X   a   4.123   5.456   7.887  g  -0.011   0.002  -0.003[0m
[1;32muart:~$ [m[8D[J[1;32muart:~$ [m[8D[J[00:04:09.147,000] [0m<inf> imu: ICM-42688-P  a   4.101   5.284   7.259  g   0.001  -0.004   0.000[0m
[1;32muart:~$ [m[8D[J[00:04:09.249,000] [0m<inf> imu: LSM6DS3TR-C  a   3.849   5.334   7.582  g   0.024  -0.063   0.014[0m
[1;32muart:~$ [m[8D[J[00:04:09.250,000] [0m<inf> imu: LSM6DSV16X   a   4.115   5.436   7.868  g  -0.012   0.002  -0.002[0m
[1;32muart:~$ [m[8D[J[1;32muart:~$ [m[8D[J[00:04:09.251,000] [0m<inf> imu: ICM-42688-P  a   4.100   5.300   7.265  g   0.000  -0.005   0.001[0m
[1;32muart:~$ [m[8D[J[00:04:09.352,000] [0m<inf> imu: LSM6DS3TR-C  a   3.815   5.347   7.580  g   0.025  -0.064   0.012[0m
[1;32muart:~$ [m[8D[J[1;32muart:~$ [m[8D[J[00:04:09.353,000] [0m<inf> imu: LSM6DSV16X   a   4.119   5.444   7.880  g  -0.011   0.002  -0.002[0m
[1;32muart:~$ [m[8D[J[00:04:09.353,000] [0m<inf> imu: ICM-42688-P  a   4.096   5.280   7.259  g  -0.001  -0.005  -0.001[0m
[1;32muart:~$ [m[8D[J[1;32muart:~$ [m[8D[J[00:04:09.454,000] [0m<inf> imu: LSM6DS3TR-C  a   3.855   5.358   7.560  g   0.024  -0.063   0.014[0m
[1;32muart:~$ [m[8D[J[00:04:09.456,000] [0m<inf> imu: LSM6DSV16X   a   4.129   5.448   7.856  g  -0.012   0.002  -0.002[0m
[1;32muart:~$ [m[8D[J[1;32muart:~$ [m[8D[J[00:04:09.457,000] [0m<inf> imu: ICM-42688-P  a   4.105   5.313   7.250  g  -0.001  -0.005   0.001[0m
[1;32muart:~$ [m[8D[J[00:04:09.558,000] [0m<inf> imu: LSM6DS3TR-C  a   3.851   5.362   7.567  g   0.025  -0.063   0.013[0m
[1;32muart:~$ [m[8D[J[1;32muart:~$ [m[8D[J[00:04:09.558,000] [0m<inf> imu: LSM6DSV16X   a   4.115   5.435   7.868  g  -0.011   0.002  -0.002[0m
[1;32muart:~$ [m[8D[J[00:04:09.559,000] [0m<inf> imu: ICM-42688-P  a   4.094   5.298   7.251  g  -0.000  -0.005   0.001[0m
[1;32muart:~$ [m[8D[J[1;32muart:~$ [m[8D[J[00:04:09.660,000] [0m<inf> imu: LSM6DS3TR-C  a   3.869   5.387   7.576  g   0.024  -0.063   0.014[0m
[1;32muart:~$ [m[8D[J[00:04:09.661,000] [0m<inf> imu: LSM6DSV16X   a   4.125   5.437   7.865  g  -0.013   0.001  -0.002[0m
[1;32muart:~$ [m[8D[J[1;32muart:~$ [m[8D[J[00:04:09.661,000] [0m<inf> imu: ICM-42688-P  a   4.096   5.292   7.257  g   0.001  -0.005   0.000[0m
[1;32muart:~$ [m[8D[J[00:04:09.762,000] [0m<inf> imu: LSM6DS3TR-C  a   3.861   5.367   7.568  g   0.024  -0.064   0.012[0m
[1;32muart:~$ [m[8D[J[00:04:09.763,000] [0m<inf> imu: LSM6DSV16X   a   4.123   5.439   7.868  g  -0.011   0.002  -0.003[0m
[1;32muart:~$ [m[8D[J[1;32muart:~$ [m[8D[J[00:04:09.763,000] [0m<inf> imu: ICM-42688-P  a   4.106   5.301   7.262  g   0.000  -0.005  -0.000[0m
[1;32muart:~$ [m[8D[J[00:04:09.864,000] [0m<inf> imu: LSM6DS3TR-C  a   3.818   5.358   7.569  g   0.024  -0.064   0.013[0m
[1;32muart:~$ [m[8D[J[1;32muart:~$ [m[8D[J[00:04:09.866,000] [0m<inf> imu: LSM6DSV16X   a   4.125   5.436   7.859  g  -0.012   0.002  -0.002[0m
[1;32muart:~$ [m[8D[J[00:04:09.867,000] [0m<inf> imu: ICM-42688-P  a   4.105   5.304   7.254  g   0.001  -0.005   0.001[0m
[1;32muart:~$ [m[8D[J[00:04:09.968,000] [0m<inf> imu: LSM6DS3TR-C  a   3.826   5.375   7.573  g   0.023  -0.062   0.013[0m
[1;32muart:~$ [m[8D[J[1;32muart:~$ [m[8D[J[00:04:09.968,000] [0m<inf> imu: LSM6DSV16X   a   4.116   5.444   7.867  g  -0.013   0.002  -0.002[0m
[1;32muart:~$ [m[8D[J[00:04:09.969,000] [0m<inf> imu: ICM-42688-P  a   4.113   5.289   7.251  g   0.000  -0.005  -0.000[0m
[1;32muart:~$ [m[8D[J[00:04:10.070,000] [0m<inf> imu: LSM6DS3TR-C  a   3.836   5.373   7.597  g   0.024  -0.061   0.012[0m
[1;32muart:~$ [m[8D[J[00:04:10.071,000] [0m<inf> imu: LSM6DSV16X   a   4.123   5.436   7.871  g  -0.012   0.002  -0.002[0m
[1;32muart:~$ [m[8D[J[1;32muart:~$ [m[8D[J[00:04:10.071,000] [0m<inf> imu: ICM-42688-P  a   4.108   5.288   7.264  g   0.000  -0.005   0.001[0m
[1;32muart:~$ [m[8D[J[1;32muart:~$ [m[8D[J[00:04:10.172,000] [0m<inf> imu: LSM6DS3TR-C  a   3.851   5.374   7.615  g   0.024  -0.064   0.012[0m
[1;32muart:~$ [m[8D[J[00:04:10.173,000] [0m<inf> imu: LSM6DSV16X   a   4.123   5.439   7.872  g  -0.012   0.002  -0.002[0m
[1;32muart:~$ [m[8D[J[1;32muart:~$ [m[8D[J[00:04:10.174,000] [0m<inf> imu: ICM-42688-P  a   4.104   5.288   7.248  g  -0.001  -0.005   0.001[0m
[1;32muart:~$ [m[8D[J[00:04:10.275,000] [0m<inf> imu: LSM6DS3TR-C  a   3.868   5.341   7.583  g   0.024  -0.061   0.014[0m
[1;32muart:~$ [m[8D[J[1;32muart:~$ [m[8D[J[00:04:10.275,000] [0m<inf> imu: LSM6DSV16X   a   4.113   5.434   7.866  g  -0.011   0.002  -0.003[0m
[1;32muart:~$ [m[8D[J[00:04:10.276,000] [0m<inf> imu: ICM-42688-P  a   4.088   5.302   7.263  g  -0.001  -0.004   0.000[0m
[1;32muart:~$ [m[8D[J[1;32muart:~$ [m[8D[J[00:04:10.377,000] [0m<inf> imu: LSM6DS3TR-C  a   3.863   5.366   7.626  g   0.025  -0.062   0.015[0m
[1;32muart:~$ [m[8D[J[00:04:10.378,000] [0m<inf> imu: LSM6DSV16X   a   4.128   5.446   7.866  g  -0.012   0.001  -0.003[0m
[1;32muart:~$ [m[8D[J[1;32muart:~$ [m[8D[J[00:04:10.378,000] [0m<inf> imu: ICM-42688-P  a   4.110   5.309   7.263  g  -0.001  -0.005   0.001[0m
[1;32muart:~$ [m[8D[J[00:04:10.479,000] [0m<inf> imu: LSM6DS3TR-C  a   3.871   5.350   7.605  g   0.023  -0.063   0.015[0m
[1;32muart:~$ [m[8D[J[00:04:10.480,000] [0m<inf> imu: LSM6DSV16X   a   4.116   5.436   7.860  g  -0.011   0.002  -0.002[0m
[1;32muart:~$ [m[8D[J[1;32muart:~$ [m[8D[J[00:04:10.481,000] [0m<inf> imu: ICM-42688-P  a   4.088   5.296   7.246  g  -0.000  -0.005   0.000[0m
[1;32muart:~$ [m[8D[J[00:04:10.582,000] [0m<inf> imu: LSM6DS3TR-C  a   3.856   5.395   7.608  g   0.022  -0.062   0.013[0m
[1;32muart:~$ [m[8D[J[1;32muart:~$ [m[8D[J[00:04:10.583,000] [0m<inf> imu: LSM6DSV16X   a   4.128   5.444   7.871  g  -0.011   0.002  -0.003[0m
[1;32muart:~$ [m[8D[J[00:04:10.584,000] [0m<inf> imu: ICM-42688-P  a   4.101   5.301   7.250  g  -0.001  -0.005   0.001[0m
[1;32muart:~$ [m[8D[J[1;32muart:~$ [m[8D[J[00:04:10.685,000] [0m<inf> imu: LSM6DS3TR-C  a   3.834   5.384   7.582  g   0.023  -0.062   0.014[0m
[1;32muart:~$ [m[8D[J[00:04:10.686,000] [0m<inf> imu: LSM6DSV16X   a   4.111   5.436   7.865  g  -0.011   0.002  -0.002[0m
[1;32muart:~$ [m[8D[J[00:04:10.687,000] [0m<inf> imu: ICM-42688-P  a   4.107   5.297   7.265  g  -0.000  -0.005   0.000[0m
[1;32muart:~$ [m[8D[J[1;32muart:~$ [m[8D[J[00:04:10.788,000] [0m<inf> imu: LSM6DS3TR-C  a   3.864   5.359   7.603  g   0.024  -0.062   0.015[0m
[1;32muart:~$ [m[8D[J[00:04:10.789,000] [0m<inf> imu: LSM6DSV16X   a   4.126   5.441   7.863  g  -0.010   0.002  -0.002[0m
[1;32muart:~$ [m[8D[J[1;32muart:~$ [m[8D[J[00:04:10.790,000] [0m<inf> imu: ICM-42688-P  a   4.100   5.309   7.254  g   0.000  -0.005   0.000[0m
[1;32muart:~$ [m[8D[J[00:04:10.891,000] [0m<inf> imu: LSM6DS3TR-C  a   3.872   5.334   7.612  g   0.024  -0.064   0.013[0m
[1;32muart:~$ [m[8D[J[1;32muart:~$ [m[8D[J[00:04:10.892,000] [0m<inf> imu: LSM6DSV16X   a   4.120   5.438   7.873  g  -0.010   0.002  -0.002[0m
[1;32muart:~$ [m[8D[J[00:04:10.892,000] [0m<inf> imu: ICM-42688-P  a   4.102   5.298   7.251  g   0.000  -0.005   0.000[0m
[1;32muart:~$ [m[8D[J[1;32muart:~$ [m[8D[J[00:04:10.993,000] [0m<inf> imu: LSM6DS3TR-C  a   3.849   5.374   7.606  g   0.027  -0.064   0.014[0m
[1;32muart:~$ [m[8D[J[00:04:10.994,000] [0m<inf> imu: LSM6DSV16X   a   4.118   5.439   7.865  g  -0.011   0.002  -0.002[0m
[1;32muart:~$ [m[8D[J[00:04:10.994,000] [0m<inf> imu: ICM-42688-P  a   4.088   5.306   7.253  g   0.000  -0.005   0.000[0m
[1;32muart:~$ [m[8D[J[00:04:11.095,000] [0m<inf> imu: LSM6DS3TR-C  a   3.845   5.383   7.616  g   0.024  -0.065   0.014[0m
[1;32muart:~$ [m[8D[J[1;32muart:~$ [m[8D[J[00:04:11.096,000] [0m<inf> imu: LSM6DSV16X   a   4.118   5.445   7.869  g  -0.012   0.001  -0.002[0m
[1;32muart:~$ [m[8D[J[00:04:11.097,000] [0m<inf> imu: ICM-42688-P  a   4.113   5.307   7.251  g   0.000  -0.004   0.000[0m
[1;32muart:~$ [m[8D[J[1;32muart:~$ [m[8D[J[00:04:11.199,000] [0m<inf> imu: LSM6DS3TR-C  a   3.873   5.407   7.577  g   0.027  -0.064   0.014[0m
[1;32muart:~$ [m[8D[J[00:04:11.200,000] [0m<inf> imu: LSM6DSV16X   a   4.125   5.439   7.865  g  -0.012   0.002  -0.002[0m
[1;32muart:~$ [m[8D[J[1;32muart:~$ [m[8D[J[00:04:11.200,000] [0m<inf> imu: ICM-42688-P  a   4.102   5.295   7.263  g  -0.000  -0.005   0.000[0m
[1;32muart:~$ [m[8D[J[00:04:11.301,000] [0m<inf> imu: LSM6DS3TR-C  a   3.848   5.369   7.599  g   0.023  -0.063   0.013[0m
[1;32muart:~$ [m[8D[J[1;32muart:~$ [m[8D[J[00:04:11.303,000] [0m<inf> imu: LSM6DSV16X   a   4.128   5.437   7.865  g  -0.011   0.002  -0.002[0m
[1;32muart:~$ [m[8D[J[00:04:11.303,000] [0m<inf> imu: ICM-42688-P  a   4.104   5.291   7.251  g   0.000  -0.005   0.000[0m
[1;32muart:~$ [m[8D[J[00:04:11.405,000] [0m<inf> imu: LSM6DS3TR-C  a   3.832   5.375   7.616  g   0.025  -0.064   0.014[0m
[1;32muart:~$ [m[8D[J[00:04:11.405,000] [0m<inf> imu: LSM6DSV16X   a   4.120   5.437   7.860  g  -0.011   0.002  -0.002[0m
[1;32muart:~$ [m[8D[J[1;32muart:~$ [m[8D[J[00:04:11.406,000] [0m<inf> imu: ICM-42688-P  a   4.099   5.301   7.250  g  -0.001  -0.005   0.000[0m
[1;32muart:~$ [m[8D[J[1;32muart:~$ [m[8D[J[00:04:11.507,000] [0m<inf> imu: LSM6DS3TR-C  a   3.860   5.384   7.615  g   0.024  -0.061   0.013[0m
[1;32muart:~$ [m[8D[J[00:04:11.508,000] [0m<inf> imu: LSM6DSV16X   a   4.130   5.437   7.875  g  -0.012   0.002  -0.002[0m
[1;32muart:~$ [m[8D[J[1;32muart:~$ [m[8D[J[00:04:11.508,000] [0m<inf> imu: ICM-42688-P  a   4.112   5.300   7.251  g   0.000  -0.004   0.000[0m
[1;32muart:~$ [m[8D[J[00:04:11.609,000] [0m<inf> imu: LSM6DS3TR-C  a   3.869   5.369   7.643  g   0.025  -0.063   0.015[0m
[1;32muart:~$ [m[8D[J[1;32muart:~$ [m[8D[J[00:04:11.610,000] [0m<inf> imu: LSM6DSV16X   a   4.115   5.439   7.854  g  -0.011   0.001  -0.002[0m
[1;32muart:~$ [m[8D[J[00:04:11.610,000] [0m<inf> imu: ICM-42688-P  a   4.116   5.286   7.251  g   0.000  -0.006   0.001[0m
[1;32muart:~$ [m[8D[J[1;32muart:~$ [m[8D[J[00:04:11.711,000] [0m<inf> imu: LSM6DS3TR-C  a   3.844   5.342   7.597  g   0.024  -0.062   0.013[0m
[1;32muart:~$ [m[8D[J[00:04:11.712,000] [0m<inf> imu: LSM6DSV16X   a   4.121   5.441   7.880  g  -0.012   0.002  -0.002[0m
[1;32muart:~$ [m[8D[J[1;32muart:~$ [m[8D[J[00:04:11.713,000] [0m<inf> imu: ICM-42688-P  a   4.104   5.309   7.254  g  -0.001  -0.005   0.001[0m
[1;32muart:~$ [m[8D[J[00:04:11.814,000] [0m<inf> imu: LSM6DS3TR-C  a   3.850   5.349   7.619  g   0.025  -0.062   0.014[0m
[1;32muart:~$ [m[8D[J[00:04:11.814,000] [0m<inf> imu: LSM6DSV16X   a   4.125   5.432   7.868  g  -0.012   0.003  -0.002[0m
[1;32muart:~$ [m[8D[J[1;32muart:~$ [m[8D[J[00:04:11.815,000] [0m<inf> imu: ICM-42688-P  a   4.094   5.290   7.242  g  -0.001  -0.005   0.000[0m
[1;32muart:~$ [m[8D[J[00:04:11.916,000] [0m<inf> imu: LSM6DS3TR-C  a   3.857   5.380   7.614  g   0.024  -0.064   0.013[0m
[1;32muart:~$ [m[8D[J[1;32muart:~$ [m[8D[J[00:04:11.917,000] [0m<inf> imu: LSM6DSV16X   a   4.123   5.442   7.869  g  -0.011   0.001  -0.003[0m
[1;32muart:~$ [m[8D[J[00:04:11.918,000] [0m<inf> imu: ICM-42688-P  a   4.101   5.297   7.263  g  -0.001  -0.004  -0.001[0m
[1;32muart:~$ [m[8D[J[00:04:12.019,000] [0m<inf> imu: LSM6DS3TR-C  a   3.863   5.374   7.595  g   0.024  -0.063   0.013[0m
[1;32muart:~$ [m[8D[J[1;32muart:~$ [m[8D[J[00:04:12.020,000] [0m<inf> imu: LSM6DSV16X   a   4.120   5.436   7.870  g  -0.011   0.002  -0.002[0m
[1;32muart:~$ [m[8D[J[00:04:12.020,000] [0m<inf> imu: ICM-42688-P  a   4.099   5.297   7.254  g   0.001  -0.005   0.000[0m
[1;32muart:~$ [m[8D[J[00:04:12.122,000] [0m<inf> imu: LSM6DS3TR-C  a   3.864   5.347   7.590  g   0.023  -0.063   0.016[0m
[1;32muart:~$ [m[8D[J[00:04:12.122,000] [0m<inf> imu: LSM6DSV16X   a   4.130   5.438   7.882  g  -0.011   0.002  -0.002[0m
[1;32muart:~$ [m[8D[J[1;32muart:~$ [m[8D[J[00:04:12.123,000] [0m<inf> imu: ICM-42688-P  a   4.111   5.302   7.254  g   0.000  -0.004   0.000[0m
[1;32muart:~$ [m[8D[J[1;32muart:~$ [m[8D[J[00:04:12.224,000] [0m<inf> imu: LSM6DS3TR-C  a   3.862   5.355   7.613  g   0.024  -0.064   0.013[0m
[1;32muart:~$ [m[8D[J[00:04:12.225,000] [0m<inf> imu: LSM6DSV16X   a   4.133   5.439   7.881  g  -0.011   0.002  -0.002[0m
[1;32muart:~$ [m[8D[J[1;32muart:~$ [m[8D[J[00:04:12.225,000] [0m<inf> imu: ICM-42688-P  a   4.119   5.303   7.258  g   0.001  -0.005   0.000[0m
[1;32muart:~$ [m[8D[J[00:04:12.326,000] [0m<inf> imu: LSM6DS3TR-C  a   3.823   5.378   7.613  g   0.022  -0.061   0.015[0m
[1;32muart:~$ [m[8D[J[1;32muart:~$ [m[8D[J[00:04:12.327,000] [0m<inf> imu: LSM6DSV16X   a   4.120   5.427   7.865  g  -0.011   0.003  -0.002[0m
[1;32muart:~$ [m[8D[J[00:04:12.327,000] [0m<inf> imu: ICM-42688-P  a   4.095   5.315   7.268  g  -0.000  -0.006   0.001[0m
[1;32muart:~$ [m[8D[J[1;32muart:~$ [m[8D[J[00:04:12.428,000] [0m<inf> imu: LSM6DS3TR-C  a   3.872   5.323   7.619  g   0.027  -0.064   0.014[0m
[1;32muart:~$ [m[8D[J[00:04:12.429,000] [0m<inf> imu: LSM6DSV16X   a   4.117   5.446   7.880  g  -0.012   0.002  -0.002[0m
[1;32muart:~$ [m[8D[J[1;32muart:~$ [m[8D[J[00:04:12.430,000] [0m<inf> imu: ICM-42688-P  a   4.090   5.297   7.258  g   0.000  -0.005   0.000[0m
[1;32muart:~$ [m[8D[J[00:04:12.531,000] [0m<inf> imu: LSM6DS3TR-C  a   3.852   5.389   7.559  g   0.024  -0.061   0.013[0m
[1;32muart:~$ [m[8D[J[00:04:12.531,000] [0m<inf> imu: LSM6DSV16X   a   4.120   5.436   7.872  g  -0.012   0.003  -0.003[0m
[1;32muart:~$ [m[8D[J[1;32muart:~$ [m[8D[J[00:04:12.532,000] [0m<inf> imu: ICM-42688-P  a   4.088   5.301   7.270  g   0.000  -0.005   0.000[0m
[1;32muart:~$ [m[8D[J[00:04:12.634,000] [0m<inf> imu: LSM6DS3TR-C  a   3.882   5.363   7.614  g   0.023  -0.062   0.013[0m
[1;32muart:~$ [m[8D[J[1;32muart:~$ [m[8D[J[00:04:12.635,000] [0m<inf> imu: LSM6DSV16X   a   4.131   5.453   7.872  g  -0.011   0.003  -0.002[0m
[1;32muart:~$ [m[8D[J[00:04:12.635,000] [0m<inf> imu: ICM-42688-P  a   4.107   5.301   7.252  g   0.001  -0.005   0.001[0m
[1;32muart:~$ [m[8D[J[00:04:12.736,000] [0m<inf> imu: LSM6DS3TR-C  a   3.845   5.365   7.641  g   0.024  -0.064   0.013[0m
[1;32muart:~$ [m[8D[J[1;32muart:~$ [m[8D[J[00:04:12.737,000] [0m<inf> imu: LSM6DSV16X   a   4.117   5.436   7.874  g  -0.011   0.002  -0.002[0m
[1;32muart:~$ [m[8D[J[00:04:12.738,000] [0m<inf> imu: ICM-42688-P  a   4.093   5.297   7.276  g   0.000  -0.005   0.000[0m
[1;32muart:~$ [m[8D[J[00:04:12.839,000] [0m<inf> imu: LSM6DS3TR-C  a   3.860   5.371   7.603  g   0.025  -0.064   0.014[0m
[1;32muart:~$ [m[8D[J[00:04:12.839,000] [0m<inf> imu: LSM6DSV16X   a   4.121   5.446   7.872  g  -0.012   0.002  -0.002[0m
[1;32muart:~$ [m[8D[J[1;32muart:~$ [m[8D[J[00:04:12.840,000] [0m<inf> imu: ICM-42688-P  a   4.093   5.310   7.251  g  -0.001  -0.005   0.000[0m
[1;32muart:~$ [m[8D[J[1;32muart:~$ [m[8D[J[00:04:12.941,000] [0m<inf> imu: LSM6DS3TR-C  a   3.870   5.340   7.615  g   0.024  -0.062   0.013[0m
[1;32muart:~$ [m[8D[J[00:04:12.942,000] [0m<inf> imu: LSM6DSV16X   a   4.120   5.439   7.881  g  -0.013   0.002  -0.002[0m
[1;32muart:~$ [m[8D[J[1;32muart:~$ [m[8D[J[00:04:12.942,000] [0m<inf> imu: ICM-42688-P  a   4.100   5.306   7.281  g   0.000  -0.005   0.001[0m
[1;32muart:~$ [m[8D[J[00:04:13.043,000] [0m<inf> imu: LSM6DS3TR-C  a   3.871   5.383   7.568  g   0.023  -0.061   0.016[0m
[1;32muart:~$ [m[8D[J[00:04:13.044,000] [0m<inf> imu: LSM6DSV16X   a   4.120   5.439   7.870  g  -0.011   0.002  -0.002[0m
[1;32muart:~$ [m[8D[J[1;32muart:~$ [m[8D[J[00:04:13.044,000] [0m<inf> imu: ICM-42688-P  a   4.105   5.292   7.259  g  -0.001  -0.005  -0.000[0m
[1;32muart:~$ [m[8D[J[00:04:13.145,000] [0m<inf> imu: LSM6DS3TR-C  a   3.866   5.328   7.601  g   0.024  -0.065   0.013[0m
[1;32muart:~$ [m[8D[J[00:04:13.146,000] [0m<inf> imu: LSM6DSV16X   a   4.121   5.436   7.865  g  -0.012   0.002  -0.002[0m
[1;32muart:~$ [m[8D[J[1;32muart:~$ [m[8D[J[00:04:13.147,000] [0m<inf> imu: ICM-42688-P  a   4.106   5.306   7.269  g  -0.001  -0.005   0.002[0m
[1;32muart:~$ [m[8D[J[00:04:13.248,000] [0m<inf> imu: LSM6DS3TR-C  a   3.851   5.415   7.632  g   0.023  -0.063   0.014[0m
[1;32muart:~$ [m[8D[J[1;32muart:~$ [m[8D[J[00:04:13.249,000] [0m<inf> imu: LSM6DSV16X   a   4.132   5.444   7.868  g  -0.011   0.002  -0.002[0m
[1;32muart:~$ [m[8D[J[00:04:13.249,000] [0m<inf> imu: ICM-42688-P  a   4.111   5.307   7.254  g   0.001  -0.005   0.001[0m
[1;32muart:~$ [m[8D[J[00:04:13.350,000] [0m<inf> imu: LSM6DS3TR-C  a   3.846   5.347   7.600  g   0.024  -0.062   0.014[0m
[1;32muart:~$ [m[8D[J[00:04:13.351,000] [0m<inf> imu: LSM6DSV16X   a   4.113   5.429   7.856  g  -0.011   0.002  -0.002[0m
[1;32muart:~$ [m[8D[J[00:04:13.351,000] [0m<inf> imu: ICM-42688-P  a   4.099   5.298   7.252  g  -0.002  -0.005   0.001[0m
[1;32muart:~$ [m[8D[J[1;32muart:~$ [m[8D[J[00:04:13.452,000] [0m<inf> imu: LSM6DS3TR-C  a   3.856   5.361   7.612  g   0.024  -0.064   0.013[0m
[1;32muart:~$ [m[8D[J[00:04:13.453,000] [0m<inf> imu: LSM6DSV16X   a   4.130   5.444   7.868  g  -0.012   0.002  -0.002[0m
[1;32muart:~$ [m[8D[J[1;32muart:~$ [m[8D[J[00:04:13.454,000] [0m<inf> imu: ICM-42688-P  a   4.112   5.315   7.268  g   0.001  -0.004   0.000[0m
[1;32muart:~$ [m[8D[J[00:04:13.555,000] [0m<inf> imu: LSM6DS3TR-C  a   3.864   5.332   7.638  g   0.025  -0.062   0.013[0m
[1;32muart:~$ [m[8D[J[1;32muart:~$ [m[8D[J[00:04:13.555,000] [0m<inf> imu: LSM6DSV16X   a   4.116   5.429   7.875  g  -0.011   0.002  -0.002[0m
[1;32muart:~$ [m[8D[J[00:04:13.556,000] [0m<inf> imu: ICM-42688-P  a   4.092   5.296   7.272  g  -0.001  -0.005   0.000[0m
[1;32muart:~$ [m[8D[J[1;32muart:~$ [m[8D[J[00:04:13.657,000] [0m<inf> imu: LSM6DS3TR-C  a   3.850   5.359   7.609  g   0.025  -0.064   0.012[0m
[1;32muart:~$ [m[8D[J[00:04:13.658,000] [0m<inf> imu: LSM6DSV16X   a   4.116   5.443   7.870  g  -0.011   0.002  -0.003[0m
[1;32muart:~$ [m[8D[J[1;32muart:~$ [m[8D[J[00:04:13.658,000] [0m<inf> imu: ICM-42688-P  a   4.104   5.307   7.258  g   0.000  -0.005   0.001[0m
[1;32muart:~$ [m[8D[J[00:04:13.759,000] [0m<inf> imu: LSM6DS3TR-C  a   3.827   5.381   7.569  g   0.025  -0.062   0.013[0m
[1;32muart:~$ [m[8D[J[1;32muart:~$ [m[8D[J[00:04:13.760,000] [0m<inf> imu: LSM6DSV16X   a   4.107   5.434   7.875  g  -0.012   0.003  -0.003[0m
[1;32muart:~$ [m[8D[J[00:04:13.760,000] [0m<inf> imu: ICM-42688-P  a   4.100   5.276   7.259  g  -0.001  -0.005  -0.001[0m
[1;32muart:~$ [m[8D[J[1;32muart:~$ [m[8D[J[00:04:13.862,000] [0m<inf> imu: LSM6DS3TR-C  a   3.858   5.367   7.527  g   0.025  -0.063   0.014[0m
[1;32muart:~$ [m[8D[J[00:04:13.862,000] [0m<inf> imu: LSM6DSV16X   a   4.128   5.457   7.874  g  -0.013   0.002  -0.002[0m
[1;32muart:~$ [m[8D[J[1;32muart:~$ [m[8D[J[00:04:13.863,000] [0m<inf> imu: ICM-42688-P  a   4.110   5.309   7.263  g   0.001  -0.005   0.000[0m
[1;32muart:~$ [m[8D[J[00:04:13.964,000] [0m<inf> imu: LSM6DS3TR-C  a   3.819   5.332   7.653  g   0.024  -0.061   0.014[0m
[1;32muart:~$ [m[8D[J[00:04:13.965,000] [0m<inf> imu: LSM6DSV16X   a   4.125   5.424   7.865  g  -0.011   0.002  -0.003[0m
[1;32muart:~$ [m[8D[J[1;32muart:~$ [m[8D[J[00:04:13.965,000] [0m<inf> imu: ICM-42688-P  a   4.114   5.292   7.265  g   0.001  -0.004  -0.000[0m
[1;32muart:~$ [m[8D[J[00:04:14.066,000] [0m<inf> imu: LSM6DS3TR-C  a   3.867   5.375   7.578  g   0.024  -0.063   0.014[0m
[1;32muart:~$ [m[8D[J[1;32muart:~$ [m[8D[J[00:04:14.068,000] [0m<inf> imu: LSM6DSV16X   a   4.132   5.457   7.879  g  -0.011   0.002  -0.002[0m
[1;32muart:~$ [m[8D[J[00:04:14.068,000] [0m<inf> imu: ICM-42688-P  a   4.110   5.328   7.277  g  -0.001  -0.005   0.001[0m
[1;32muart:~$ [m[8D[J[00:04:14.169,000] [0m<inf> imu: LSM6DS3TR-C  a   3.824   5.343   7.604  g   0.024  -0.062   0.016[0m
[1;32muart:~$ [m[8D[J[1;32muart:~$ [m[8D[J[00:04:14.170,000] [0m<inf> imu: LSM6DSV16X   a   4.122   5.441   7.874  g  -0.012   0.003  -0.002[0m
[1;32muart:~$ [m[8D[J[00:04:14.171,000] [0m<inf> imu: ICM-42688-P  a   4.096   5.297   7.263  g   0.000  -0.006   0.001[0m
[1;32muart:~$ [m[8D[J[00:04:14.272,000] [0m<inf> imu: LSM6DS3TR-C  a   3.888   5.383   7.551  g   0.024  -0.064   0.013[0m
[1;32muart:~$ [m[8D[J[00:04:14.272,000] [0m<inf> imu: LSM6DSV16X   a   4.111   5.446   7.872  g  -0.011   0.002  -0.002[0m
[1;32muart:~$ [m[8D[J[1;32muart:~$ [m[8D[J[00:04:14.273,000] [0m<inf> imu: ICM-42688-P  a   4.088   5.302   7.262  g   0.000  -0.005   0.001[0m
[1;32muart:~$ [m[8D[J[1;32muart:~$ [m[8D[J[00:04:14.374,000] [0m<inf> imu: LSM6DS3TR-C  a   3.901   5.374   7.602  g   0.025  -0.063   0.014[0m
[1;32muart:~$ [m[8D[J[00:04:14.375,000] [0m<inf> imu: LSM6DSV16X   a   4.117   5.439   7.863  g  -0.010   0.003  -0.002[0m
[1;32muart:~$ [m[8D[J[1;32muart:~$ [m[8D[J[00:04:14.375,000] [0m<inf> imu: ICM-42688-P  a   4.098   5.284   7.254  g   0.001  -0.004   0.000[0m
[1;32muart:~$ [m[8D[J[00:04:14.476,000] [0m<inf> imu: LSM6DS3TR-C  a   3.870   5.399   7.615  g   0.026  -0.063   0.014[0m
[1;32muart:~$ [m[8D[J[1;32muart:~$ [m[8D[J[00:04:14.477,000] [0m<inf> imu: LSM6DSV16X   a   4.121   5.436   7.859  g  -0.011   0.002  -0.003[0m
[1;32muart:~$ [m[8D[J[00:04:14.478,000] [0m<inf> imu: ICM-42688-P  a   4.108   5.288   7.268  g   0.001  -0.005   0.000[0m
[1;32muart:~$ [m[8D[J[1;32muart:~$ [m[8D[J[00:04:14.579,000] [0m<inf> imu: LSM6DS3TR-C  a   3.863   5.362   7.579  g   0.024  -0.062   0.015[0m
[1;32muart:~$ [m[8D[J[00:04:14.579,000] [0m<inf> imu: LSM6DSV16X   a   4.123   5.441   7.872  g  -0.013   0.001  -0.002[0m
[1;32muart:~$ [m[8D[J[1;32muart:~$ [m[8D[J[00:04:14.580,000] [0m<inf> imu: ICM-42688-P  a   4.104   5.294   7.269  g  -0.001  -0.005   0.000[0m
[1;32muart:~$ [m[8D[J[00:04:14.681,000] [0m<inf> imu: LSM6DS3TR-C  a   3.828   5.393   7.615  g   0.023  -0.063   0.012[0m
[1;32muart:~$ [m[8D[J[00:04:14.682,000] [0m<inf> imu: LSM6DSV16X   a   4.122   5.448   7.875  g  -0.012   0.003  -0.003[0m
[1;32muart:~$ [m[8D[J[1;32muart:~$ [m[8D[J[00:04:14.682,000] [0m<inf> imu: ICM-42688-P  a   4.105   5.300   7.268  g  -0.000  -0.005   0.000[0m
[1;32muart:~$ [m[8D[J[00:04:14.783,000] [0m<inf> imu: LSM6DS3TR-C  a   3.861   5.365   7.593  g   0.025  -0.064   0.014[0m
[1;32muart:~$ [m[8D[J[1;32muart:~$ [m[8D[J[00:04:14.784,000] [0m<inf> imu: LSM6DSV16X   a   4.123   5.446   7.873  g  -0.012   0.002  -0.002[0m
[1;32muart:~$ [m[8D[J[00:04:14.785,000] [0m<inf> imu: ICM-42688-P  a   4.108   5.310   7.268  g  -0.001  -0.005   0.000[0m
[1;32muart:~$ [m[8D[J[00:04:14.886,000] [0m<inf> imu: LSM6DS3TR-C  a   3.826   5.348   7.573  g   0.024  -0.064   0.012[0m
[1;32muart:~$ [m[8D[J[1;32muart:~$ [m[8D[J[00:04:14.887,000] [0m<inf> imu: LSM6DSV16X   a   4.108   5.430   7.872  g  -0.012   0.002  -0.002[0m
[1;32muart:~$ [m[8D[J[00:04:14.887,000] [0m<inf> imu: ICM-42688-P  a   4.098   5.292   7.264  g  -0.001  -0.005   0.000[0m
[1;32muart:~$ [m[8D[J[00:04:14.988,000] [0m<inf> imu: LSM6DS3TR-C  a   3.860   5.402   7.581  g   0.024  -0.064   0.012[0m
[1;32muart:~$ [m[8D[J[1;32muart:~$ [m[8D[J[00:04:14.989,000] [0m<inf> imu: LSM6DSV16X   a   4.130   5.448   7.873  g  -0.012   0.002  -0.002[0m
[1;32muart:~$ [m[8D[J[00:04:14.989,000] [0m<inf> imu: ICM-42688-P  a   4.114   5.300   7.259  g   0.000  -0.005   0.001[0m
[1;32muart:~$ [m[8D[J[1;32muart:~$ [m[8D[J[00:04:15.091,000] [0m<inf> imu: LSM6DS3TR-C  a   3.878   5.343   7.586  g   0.024  -0.061   0.014[0m
[1;32muart:~$ [m[8D[J[00:04:15.091,000] [0m<inf> imu: LSM6DSV16X   a   4.123   5.430   7.863  g  -0.011   0.002  -0.002[0m
[1;32muart:~$ [m[8D[J[1;32muart:~$ [m[8D[J[00:04:15.092,000] [0m<inf> imu: ICM-42688-P  a   4.104   5.301   7.265  g   0.001  -0.004   0.001[0m
[1;32muart:~$ [m[8D[J[00:04:15.193,000] [0m<inf> imu: LSM6DS3TR-C  a   3.858   5.378   7.619  g   0.024  -0.064   0.014[0m
[1;32muart:~$ [m[8D[J[1;32muart:~$ [m[8D[J[00:04:15.194,000] [0m<inf> imu: LSM6DSV16X   a   4.132   5.443   7.863  g  -0.012   0.002  -0.002[0m
[1;32muart:~$ [m[8D[J[00:04:15.194,000] [0m<inf> imu: ICM-42688-P  a   4.089   5.289   7.251  g  -0.000  -0.005  -0.001[0m
[1;32muart:~$ [m[8D[J[1;32muart:~$ [m[8D[J[00:04:15.295,000] [0m<inf> imu: LSM6DS3TR-C  a   3.840   5.410   7.621  g   0.024  -0.063   0.013[0m
[1;32muart:~$ [m[8D[J[00:04:15.296,000] [0m<inf> imu: LSM6DSV16X   a   4.117   5.447   7.868  g  -0.011   0.003  -0.002[0m
[1;32muart:~$ [m[8D[J[1;32muart:~$ [m[8D[J[00:04:15.296,000] [0m<inf> imu: ICM-42688-P  a   4.100   5.318   7.271  g   0.001  -0.004   0.001[0m
[1;32muart:~$ [m[8D[J[00:04:15.397,000] [0m<inf> imu: LSM6DS3TR-C  a   3.845   5.346   7.613  g   0.027  -0.062   0.013[0m
[1;32muart:~$ [m[8D[J[00:04:15.398,000] [0m<inf> imu: LSM6DSV16X   a   4.123   5.432   7.856  g  -0.010   0.003  -0.003[0m
[1;32muart:~$ [m[8D[J[1;32muart:~$ [m[8D[J[00:04:15.399,000] [0m<inf> imu: ICM-42688-P  a   4.095   5.286   7.250  g   0.000  -0.005   0.000[0m
[1;32muart:~$ [m[8D[J[00:04:15.501,000] [0m<inf> imu: LSM6DS3TR-C  a   3.906   5.353   7.580  g   0.024  -0.063   0.014[0m
[1;32muart:~$ [m[8D[J[1;32muart:~$ [m[8D[J[00:04:15.501,000] [0m<inf> imu: LSM6DSV16X   a   4.128   5.435   7.853  g  -0.012   0.002  -0.003[0m
[1;32muart:~$ [m[8D[J[00:04:15.502,000] [0m<inf> imu: ICM-42688-P  a   4.108   5.297   7.257  g   0.000  -0.004   0.000[0m
[1;32muart:~$ [m[8D[J[00:04:15.604,000] [0m<inf> imu: LSM6DS3TR-C  a   3.852   5.387   7.618  g   0.024  -0.062   0.012[0m
[1;32muart:~$ [m[8D[J[1;32muart:~$ [m[8D[J[00:04:15.604,000] [0m<inf> imu: LSM6DSV16X   a   4.129   5.441   7.856  g  -0.012   0.002  -0.002[0m
[1;32muart:~$ [m[8D[J[00:04:15.605,000] [0m<inf> imu: ICM-42688-P  a   4.112   5.304   7.251  g  -0.001  -0.005  -0.001[0m
[1;32muart:~$ [m[8D[J[1;32muart:~$ [m[8D[J[00:04:15.707,000] [0m<inf> imu: LSM6DS3TR-C  a   3.890   5.362   7.639  g   0.024  -0.062   0.014[0m
[1;32muart:~$ [m[8D[J[00:04:15.708,000] [0m<inf> imu: LSM6DSV16X   a   4.128   5.444   7.867  g  -0.012   0.002  -0.002[0m
[1;32muart:~$ [m[8D[J[1;32muart:~$ [m[8D[J[00:04:15.709,000] [0m<inf> imu: ICM-42688-P  a   4.111   5.298   7.239  g  -0.000  -0.005   0.001[0m
[1;32muart:~$ [m[8D[J[00:04:15.810,000] [0m<inf> imu: LSM6DS3TR-C  a   3.827   5.359   7.619  g   0.022  -0.063   0.015[0m
[1;32muart:~$ [m[8D[J[1;32muart:~$ [m[8D[J[00:04:15.811,000] [0m<inf> imu: LSM6DSV16X   a   4.120   5.434   7.860  g  -0.011   0.002  -0.002[0m
[1;32muart:~$ [m[8D[J[00:04:15.811,000] [0m<inf> imu: ICM-42688-P  a   4.098   5.297   7.263  g   0.000  -0.005   0.001[0m
[1;32muart:~$ [m[8D[J[1;32muart:~$ [m[8D[J[00:04:15.912,000] [0m<inf> imu: LSM6DS3TR-C  a   3.854   5.378   7.591  g   0.026  -0.062   0.014[0m
[1;32muart:~$ [m[8D[J[00:04:15.913,000] [0m<inf> imu: LSM6DSV16X   a   4.116   5.431   7.861  g  -0.012   0.002  -0.002[0m
[1;32muart:~$ [m[8D[J[1;32muart:~$ [m[8D[J[00:04:15.913,000] [0m<inf> imu: ICM-42688-P  a   4.108   5.292   7.263  g   0.000  -0.005   0.000[0m
[1;32muart:~$ [m[8D[J[00:04:16.014,000] [0m<inf> imu: LSM6DS3TR-C  a   3.834   5.412   7.607  g   0.026  -0.064   0.013[0m
[1;32muart:~$ [m[8D[J[00:04:16.015,000] [0m<inf> imu: LSM6DSV16X   a   4.129   5.450   7.872  g  -0.012   0.002  -0.002[0m
[1;32muart:~$ [m[8D[J[1;32muart:~$ [m[8D[J[00:04:16.016,000] [0m<inf> imu: ICM-42688-P  a   4.104   5.318   7.266  g   0.000  -0.005  -0.000[0m
[1;32muart:~$ [m[8D[J[00:04:16.117,000] [0m<inf> imu: LSM6DS3TR-C  a   3.829   5.411   7.597  g   0.024  -0.063   0.015[0m
[1;32muart:~$ [m[8D[J[00:04:16.118,000] [0m<inf> imu: LSM6DSV16X   a   4.135   5.453   7.870  g  -0.011   0.002  -0.003[0m
[1;32muart:~$ [m[8D[J[1;32muart:~$ [m[8D[J[00:04:16.119,000] [0m<inf> imu: ICM-42688-P  a   4.111   5.314   7.259  g  -0.000  -0.005  -0.000[0m
[1;32muart:~$ [m[8D[J[00:04:16.220,000] [0m<inf> imu: LSM6DS3TR-C  a   3.870   5.324   7.585  g   0.022  -0.063   0.013[0m
[1;32muart:~$ [m[8D[J[1;32muart:~$ [m[8D[J[00:04:16.221,000] [0m<inf> imu: LSM6DSV16X   a   4.116   5.432   7.856  g  -0.010   0.002  -0.003[0m
[1;32muart:~$ [m[8D[J[00:04:16.221,000] [0m<inf> imu: ICM-42688-P  a   4.098   5.286   7.247  g   0.000  -0.005   0.001[0m
[1;32muart:~$ [m[8D[J[1;32muart:~$ [m[8D[J[00:04:16.322,000] [0m<inf> imu: LSM6DS3TR-C  a   3.871   5.394   7.622  g   0.023  -0.063   0.015[0m
[1;32muart:~$ [m[8D[J[00:04:16.324,000] [0m<inf> imu: LSM6DSV16X   a   4.125   5.471   7.886  g  -0.013   0.002  -0.002[0m
[1;32muart:~$ [m[8D[J[1;32muart:~$ [m[8D[J[00:04:16.325,000] [0m<inf> imu: ICM-42688-P  a   4.100   5.325   7.281  g  -0.001  -0.005  -0.000[0m
[1;32muart:~$ [m[8D[J[00:04:16.426,000] [0m<inf> imu: LSM6DS3TR-C  a   3.856   5.297   7.571  g   0.025  -0.064   0.014[0m
[1;32muart:~$ [m[8D[J[1;32muart:~$ [m[8D[J[00:04:16.427,000] [0m<inf> imu: LSM6DSV16X   a   4.120   5.427   7.844  g  -0.011   0.003  -0.002[0m
[1;32muart:~$ [m[8D[J[00:04:16.427,000] [0m<inf> imu: ICM-42688-P  a   4.095   5.286   7.236  g  -0.001  -0.006   0.000[0m
[1;32muart:~$ [m[8D[J[1;32muart:~$ [m[8D[J[00:04:16.528,000] [0m<inf> imu: LSM6DS3TR-C  a   3.864   5.381   7.644  g   0.025  -0.062   0.014[0m
[1;32muart:~$ [m[8D[J[00:04:16.529,000] [0m<inf> imu: LSM6DSV16X   a   4.132   5.492   7.927  g  -0.011   0.003  -0.003[0m
[1;32muart:~$ [m[8D[J[1;32muart:~$ [m[8D[J[00:04:16.529,000] [0m<inf> imu: ICM-42688-P  a   4.126   5.356   7.325  g   0.000  -0.004   0.001[0m
[1;32muart:~$ [m[8D[J[00:04:16.630,000] [0m<inf> imu: LSM6DS3TR-C  a   3.857   5.378   7.577  g   0.024  -0.064   0.013[0m
[1;32muart:~$ [m[8D[J[00:04:16.631,000] [0m<inf> imu: LSM6DSV16X   a   4.120   5.432   7.841  g  -0.013   0.002  -0.002[0m
[1;32muart:~$ [m[8D[J[1;32muart:~$ [m[8D[J[00:04:16.632,000] [0m<inf> imu: ICM-42688-P  a   4.114   5.280   7.216  g  -0.002  -0.006   0.001[0m
[1;32muart:~$ [m[8D[J[00:04:16.734,000] [0m<inf> imu: LSM6DS3TR-C  a   3.869   5.381   7.621  g   0.024  -0.063   0.015[0m
[1;32muart:~$ [m[8D[J[00:04:16.734,000] [0m<inf> imu: LSM6DSV16X   a   4.129   5.424   7.892  g  -0.011   0.002  -0.003[0m
[1;32muart:~$ [m[8D[J[1;32muart:~$ [m[8D[J[00:04:16.735,000] [0m<inf> imu: ICM-42688-P  a   4.101   5.297   7.277  g   0.000  -0.004  -0.001[0m
[1;32muart:~$ [m[8D[J[00:04:16.836,000] [0m<inf> imu: LSM6DS3TR-C  a   3.843   5.364   7.579  g   0.023  -0.063   0.015[0m
[1;32muart:~$ [m[8D[J[1;32muart:~$ [m[8D[J[00:04:16.837,000] [0m<inf> imu: LSM6DSV16X   a   4.132   5.444   7.851  g  -0.011   0.002  -0.002[0m
[1;32muart:~$ [m[8D[J[00:04:16.838,000] [0m<inf> imu: ICM-42688-P  a   4.113   5.313   7.242  g   0.000  -0.005   0.001[0m
[1;32muart:~$ [m[8D[J[1;32muart:~$ [m[8D[J[00:04:16.939,000] [0m<inf> imu: LSM6DS3TR-C  a   3.833   5.380   7.562  g   0.024  -0.064   0.015[0m
[1;32muart:~$ [m[8D[J[00:04:16.940,000] [0m<inf> imu: LSM6DSV16X   a   4.125   5.442   7.880  g  -0.010   0.002  -0.002[0m
[1;32muart:~$ [m[8D[J[1;32muart:~$ [m[8D[J[00:04:16.941,000] [0m<inf> imu: ICM-42688-P  a   4.117   5.301   7.282  g  -0.001  -0.005   0.000[0m
[1;32muart:~$ [m[8D[J[00:04:17.042,000] [0m<inf> imu: LSM6DS3TR-C  a   3.874   5.368   7.552  g   0.024  -0.064   0.013[0m
[1;32muart:~$ [m[8D[J[00:04:17.043,000] [0m<inf> imu: LSM6DSV16X   a   4.116   5.432   7.854  g  -0.011   0.002  -0.002[0m
[1;32muart:~$ [m[8D[J[00:04:17.043,000] [0m<inf> imu: ICM-42688-P  a   4.100   5.283   7.240  g   0.000  -0.005   0.000[0m
[1;32muart:~$ [m[8D[J[1;32muart:~$ [m[8D[J[00:04:17.144,000] [0m<inf> imu: LSM6DS3TR-C  a   3.856   5.389   7.585  g   0.024  -0.063   0.014[0m
[1;32muart:~$ [m[8D[J[00:04:17.145,000] [0m<inf> imu: LSM6DSV16X   a   4.131   5.458   7.880  g  -0.011   0.002  -0.002[0m
[1;32muart:~$ [m[8D[J[1;32muart:~$ [m[8D[J[00:04:17.145,000] [0m<inf> imu: ICM-42688-P  a   4.088   5.316   7.272  g  -0.001  -0.005  -0.000[0m
[1;32muart:~$ [m[8D[J[00:04:17.247,000] [0m<inf> imu: LSM6DS3TR-C  a   3.843   5.336   7.615  g   0.026  -0.065   0.014[0m
[1;32muart:~$ [m[8D[J[1;32muart:~$ [m[8D[J[00:04:17.247,000] [0m<inf> imu: LSM6DSV16X   a   4.116   5.434   7.863  g  -0.011   0.001  -0.002[0m
[1;32muart:~$ [m[8D[J[00:04:17.248,000] [0m<inf> imu: ICM-42688-P  a   4.105   5.301   7.268  g  -0.001  -0.005   0.000[0m
[1;32muart:~$ [m[8D[J[1;32muart:~$ [m[8D[J[00:04:17.350,000] [0m<inf> imu: LSM6DS3TR-C  a   3.841   5.368   7.582  g   0.025  -0.063   0.011[0m
[1;32muart:~$ [m[8D[J[00:04:17.351,000] [0m<inf> imu: LSM6DSV16X   a   4.120   5.451   7.872  g  -0.011   0.002  -0.002[0m
[1;32muart:~$ [m[8D[J[00:04:17.352,000] [0m<inf> imu: ICM-42688-P  a   4.098   5.308   7.270  g  -0.001  -0.005  -0.000[0m
[1;32muart:~$ [m[8D[J[1;32muart:~$ [m[8D[J[00:04:17.453,000] [0m<inf> imu: LSM6DS3TR-C  a   3.864   5.369   7.616  g   0.024  -0.062   0.014[0m
[1;32muart:~$ [m[8D[J[00:04:17.454,000] [0m<inf> imu: LSM6DSV16X   a   4.116   5.432   7.874  g  -0.012   0.002  -0.002[0m
[1;32muart:~$ [m[8D[J[1;32muart:~$ [m[8D[J[00:04:17.455,000] [0m<inf> imu: ICM-42688-P  a   4.108   5.304   7.271  g  -0.000  -0.005   0.000[0m
[1;32muart:~$ [m[8D[J[00:04:17.556,000] [0m<inf> imu: LSM6DS3TR-C  a   3.856   5.353   7.546  g   0.025  -0.062   0.013[0m
[1;32muart:~$ [m[8D[J[1;32muart:~$ [m[8D[J[00:04:17.557,000] [0m<inf> imu: LSM6DSV16X   a   4.131   5.446   7.856  g  -0.012   0.001  -0.003[0m
[1;32muart:~$ [m[8D[J[00:04:17.557,000] [0m<inf> imu: ICM-42688-P  a   4.108   5.292   7.242  g   0.001  -0.005  -0.000[0m
[1;32muart:~$ [m[8D[J[1;32muart:~$ [m[8D[J[00:04:17.658,000] [0m<inf> imu: LSM6DS3TR-C  a   3.865   5.350   7.565  g   0.023  -0.062   0.013[0m
[1;32muart:~$ [m[8D[J[00:04:17.659,000] [0m<inf> imu: LSM6DSV16X   a   4.126   5.431   7.862  g  -0.012   0.002  -0.002[0m
[1;32muart:~$ [m[8D[J[1;32muart:~$ [m[8D[J[00:04:17.659,000] [0m<inf> imu: ICM-42688-P  a   4.105   5.279   7.260  g   0.000  -0.005  -0.001[0m
[1;32muart:~$ [m[8D[J[00:04:17.761,000] [0m<inf> imu: LSM6DS3TR-C  a   3.877   5.357   7.576  g   0.024  -0.062   0.013[0m
[1;32muart:~$ [m[8D[J[1;32muart:~$ [m[8D[J[00:04:17.761,000] [0m<inf> imu: LSM6DSV16X   a   4.125   5.448   7.865  g  -0.011   0.002  -0.002[0m
[1;32muart:~$ [m[8D[J[00:04:17.762,000] [0m<inf> imu: ICM-42688-P  a   4.095   5.318   7.259  g  -0.001  -0.005   0.000[0m
[1;32muart:~$ [m[8D[J[1;32muart:~$ [m[8D[J[00:04:17.863,000] [0m<inf> imu: LSM6DS3TR-C  a   3.843   5.331   7.610  g   0.024  -0.062   0.013[0m
[1;32muart:~$ [m[8D[J[00:04:17.864,000] [0m<inf> imu: LSM6DSV16X   a   4.130   5.429   7.871  g  -0.011   0.001  -0.002[0m
[1;32muart:~$ [m[8D[J[1;32muart:~$ [m[8D[J[00:04:17.864,000] [0m<inf> imu: ICM-42688-P  a   4.098   5.292   7.262  g   0.000  -0.005  -0.001[0m
[1;32muart:~$ [m[8D[J[00:04:17.965,000] [0m<inf> imu: LSM6DS3TR-C  a   3.855   5.372   7.577  g   0.024  -0.063   0.015[0m
[1;32muart:~$ [m[8D[J[00:04:17.966,000] [0m<inf> imu: LSM6DSV16X   a   4.125   5.427   7.860  g  -0.010   0.002  -0.002[0m
[1;32muart:~$ [m[8D[J[1;32muart:~$ [m[8D[J[00:04:17.967,000] [0m<inf> imu: ICM-42688-P  a   4.104   5.292   7.251  g   0.000  -0.005   0.000[0m
[1;32muart:~$ [m[8D[J[00:04:18.068,000] [0m<inf> imu: LSM6DS3TR-C  a   3.839   5.348   7.577  g   0.024  -0.064   0.014[0m
[1;32muart:~$ [m[8D[J[1;32muart:~$ [m[8D[J[00:04:18.069,000] [0m<inf> imu: LSM6DSV16X   a   4.130   5.446   7.868  g  -0.011   0.002  -0.003[0m
[1;32muart:~$ [m[8D[J[00:04:18.070,000] [0m<inf> imu: ICM-42688-P  a   4.108   5.309   7.275  g  -0.000  -0.005  -0.001[0m
[1;32muart:~$ [m[8D[J[00:04:18.171,000] [0m<inf> imu: LSM6DS3TR-C  a   3.864   5.382   7.574  g   0.024  -0.062   0.013[0m
[1;32muart:~$ [m[8D[J[1;32muart:~$ [m[8D[J[00:04:18.172,000] [0m<inf> imu: LSM6DSV16X   a   4.125   5.427   7.866  g  -0.012   0.002  -0.002[0m
[1;32muart:~$ [m[8D[J[00:04:18.172,000] [0m<inf> imu: ICM-42688-P  a   4.123   5.288   7.254  g  -0.001  -0.005   0.000[0m
[1;32muart:~$ [m[8D[J[00:04:18.273,000] [0m<inf> imu: LSM6DS3TR-C  a   3.839   5.393   7.591  g   0.025  -0.064   0.013[0m
[1;32muart:~$ [m[8D[J[00:04:18.274,000] [0m<inf> imu: LSM6DSV16X   a   4.116   5.451   7.872  g  -0.012   0.002  -0.002[0m
[1;32muart:~$ [m[8D[J[1;32muart:~$ [m[8D[J[00:04:18.275,000] [0m<inf> imu: ICM-42688-P  a   4.105   5.306   7.260  g  -0.000  -0.005   0.000[0m
[1;32muart:~$ [m[8D[J[1;32muart:~$ [m[8D[J[00:04:18.376,000] [0m<inf> imu: LSM6DS3TR-C  a   3.806   5.368   7.590  g   0.023  -0.063   0.012[0m
[1;32muart:~$ [m[8D[J[00:04:18.376,000] [0m<inf> imu: LSM6DSV16X   a   4.116   5.434   7.873  g  -0.013   0.001  -0.003[0m
[1;32muart:~$ [m[8D[J[1;32muart:~$ [m[8D[J[00:04:18.377,000] [0m<inf> imu: ICM-42688-P  a   4.108   5.292   7.269  g   0.001  -0.005   0.000[0m
[1;32muart:~$ [m[8D[J[00:04:18.478,000] [0m<inf> imu: LSM6DS3TR-C  a   3.858   5.410   7.614  g   0.025  -0.061   0.014[0m
[1;32muart:~$ [m[8D[J[1;32muart:~$ [m[8D[J[00:04:18.479,000] [0m<inf> imu: LSM6DSV16X   a   4.134   5.450   7.865  g  -0.012   0.002  -0.003[0m
[1;32muart:~$ [m[8D[J[00:04:18.479,000] [0m<inf> imu: ICM-42688-P  a   4.129   5.319   7.262  g   0.000  -0.005   0.000[0m
[1;32muart:~$ [m[8D[J[1;32muart:~$ [m[8D[J[00:04:18.581,000] [0m<inf> imu: LSM6DS3TR-C  a   3.834   5.348   7.555  g   0.024  -0.064   0.013[0m
[1;32muart:~$ [m[8D[J[00:04:18.581,000] [0m<inf> imu: LSM6DSV16X   a   4.111   5.441   7.881  g  -0.012   0.002  -0.002[0m
[1;32muart:~$ [m[8D[J[1;32muart:~$ [m[8D[J[00:04:18.582,000] [0m<inf> imu: ICM-42688-P  a   4.087   5.310   7.284  g  -0.000  -0.005   0.000[0m
[1;32muart:~$ [m[8D[J[00:04:18.683,000] [0m<inf> imu: LSM6DS3TR-C  a   3.900   5.364   7.575  g   0.024  -0.062   0.011[0m
[1;32muart:~$ [m[8D[J[00:04:18.684,000] [0m<inf> imu: LSM6DSV16X   a   4.127   5.456   7.869  g  -0.012   0.002  -0.003[0m
[1;32muart:~$ [m[8D[J[1;32muart:~$ [m[8D[J[00:04:18.684,000] [0m<inf> imu: ICM-42688-P  a   4.110   5.310   7.264  g   0.001  -0.004   0.001[0m
[1;32muart:~$ [m[8D[J[00:04:18.786,000] [0m<inf> imu: LSM6DS3TR-C  a   3.844   5.338   7.552  g   0.023  -0.063   0.017[0m
[1;32muart:~$ [m[8D[J[1;32muart:~$ [m[8D[J[00:04:18.787,000] [0m<inf> imu: LSM6DSV16X   a   4.116   5.420   7.848  g  -0.011   0.003  -0.002[0m
[1;32muart:~$ [m[8D[J[00:04:18.787,000] [0m<inf> imu: ICM-42688-P  a   4.100   5.285   7.250  g   0.000  -0.005   0.000[0m
[1;32muart:~$ [m[8D[J[00:04:18.888,000] [0m<inf> imu: LSM6DS3TR-C  a   3.881   5.379   7.589  g   0.025  -0.063   0.014[0m
[1;32muart:~$ [m[8D[J[1;32muart:~$ [m[8D[J[00:04:18.889,000] [0m<inf> imu: LSM6DSV16X   a   4.126   5.443   7.873  g  -0.011   0.002  -0.002[0m
[1;32muart:~$ [m[8D[J[00:04:18.890,000] [0m<inf> imu: ICM-42688-P  a   4.096   5.318   7.275  g   0.000  -0.005   0.000[0m
[1;32muart:~$ [m[8D[J[00:04:18.991,000] [0m<inf> imu: LSM6DS3TR-C  a   3.850   5.358   7.607  g   0.025  -0.062   0.013[0m
[1;32muart:~$ [m[8D[J[00:04:18.991,000] [0m<inf> imu: LSM6DSV16X   a   4.119   5.436   7.859  g  -0.011   0.002  -0.002[0m
[1;32muart:~$ [m[8D[J[1;32muart:~$ [m[8D[J[00:04:18.992,000] [0m<inf> imu: ICM-42688-P  a   4.104   5.300   7.254  g   0.000  -0.005   0.001[0m
[1;32muart:~$ [m[8D[J[1;32muart:~$ [m[8D[J[00:04:19.093,000] [0m<inf> imu: LSM6DS3TR-C  a   3.870   5.338   7.585  g   0.025  -0.062   0.015[0m
[1;32muart:~$ [m[8D[J[00:04:19.094,000] [0m<inf> imu: LSM6DSV16X   a   4.120   5.446   7.868  g  -0.012   0.002  -0.002[0m
[1;32muart:~$ [m[8D[J[1;32muart:~$ [m[8D[J[00:04:19.094,000] [0m<inf> imu: ICM-42688-P  a   4.108   5.302   7.264  g   0.000  -0.006   0.000[0m
[1;32muart:~$ [m[8D[J[00:04:19.195,000] [0m<inf> imu: LSM6DS3TR-C  a   3.855   5.329   7.557  g   0.025  -0.063   0.015[0m
[1;32muart:~$ [m[8D[J[1;32muart:~$ [m[8D[J[00:04:19.196,000] [0m<inf> imu: LSM6DSV16X   a   4.120   5.441   7.856  g  -0.012   0.002  -0.002[0m
[1;32muart:~$ [m[8D[J[00:04:19.197,000] [0m<inf> imu: ICM-42688-P  a   4.089   5.303   7.251  g  -0.001  -0.005   0.001[0m
[1;32muart:~$ [m[8D[J[1;32muart:~$ [m[8D[J[00:04:19.298,000] [0m<inf> imu: LSM6DS3TR-C  a   3.861   5.358   7.582  g   0.025  -0.063   0.012[0m
[1;32muart:~$ [m[8D[J[00:04:19.298,000] [0m<inf> imu: LSM6DSV16X   a   4.120   5.451   7.862  g  -0.012   0.002  -0.003[0m
[1;32muart:~$ [m[8D[J[1;32muart:~$ [m[8D[J[00:04:19.299,000] [0m<inf> imu: ICM-42688-P  a   4.096   5.298   7.259  g   0.000  -0.005   0.001[0m
[1;32muart:~$ [m[8D[J[00:04:19.400,000] [0m<inf> imu: LSM6DS3TR-C  a   3.867   5.384   7.621  g   0.025  -0.064   0.012[0m
[1;32muart:~$ [m[8D[J[00:04:19.401,000] [0m<inf> imu: LSM6DSV16X   a   4.123   5.434   7.875  g  -0.011   0.002  -0.002[0m
[1;32muart:~$ [m[8D[J[1;32muart:~$ [m[8D[J[00:04:19.401,000] [0m<inf> imu: ICM-42688-P  a   4.105   5.297   7.258  g   0.000  -0.005   0.001[0m
[1;32muart:~$ [m[8D[J[00:04:19.503,000] [0m<inf> imu: LSM6DS3TR-C  a   3.882   5.378   7.577  g   0.024  -0.063   0.014[0m
[1;32muart:~$ [m[8D[J[1;32muart:~$ [m[8D[J[00:04:19.503,000] [0m<inf> imu: LSM6DSV16X   a   4.127   5.442   7.868  g  -0.011   0.002  -0.002[0m
[1;32muart:~$ [m[8D[J[00:04:19.504,000] [0m<inf> imu: ICM-42688-P  a   4.116   5.296   7.256  g  -0.000  -0.005   0.000[0m
[1;32muart:~$ [m[8D[J[1;32muart:~$ [m[8D[J[00:04:19.605,000] [0m<inf> imu: LSM6DS3TR-C  a   3.875   5.353   7.605  g   0.027  -0.061   0.012[0m
[1;32muart:~$ [m[8D[J[00:04:19.606,000] [0m<inf> imu: LSM6DSV16X   a   4.127   5.442   7.868  g  -0.011   0.002  -0.003[0m
[1;32muart:~$ [m[8D[J[00:04:19.607,000] [0m<inf> imu: ICM-42688-P  a   4.104   5.300   7.246  g   0.000  -0.005   0.001[0m
[1;32muart:~$ [m[8D[J[1;32muart:~$ [m[8D[J[00:04:19.708,000] [0m<inf> imu: LSM6DS3TR-C  a   3.833   5.389   7.597  g   0.025  -0.063   0.014[0m
[1;32muart:~$ [m[8D[J[00:04:19.709,000] [0m<inf> imu: LSM6DSV16X   a   4.123   5.432   7.879  g  -0.011   0.002  -0.002[0m
[1;32muart:~$ [m[8D[J[1;32muart:~$ [m[8D[J[00:04:19.710,000] [0m<inf> imu: ICM-42688-P  a   4.110   5.304   7.260  g   0.001  -0.005   0.000[0m
[1;32muart:~$ [m[8D[J[00:04:19.811,000] [0m<inf> imu: LSM6DS3TR-C  a   3.871   5.366   7.601  g   0.023  -0.061   0.012[0m
[1;32muart:~$ [m[8D[J[1;32muart:~$ [m[8D[J[00:04:19.812,000] [0m<inf> imu: LSM6DSV16X   a   4.126   5.451   7.868  g  -0.011   0.002  -0.002[0m
[1;32muart:~$ [m[8D[J[00:04:19.812,000] [0m<inf> imu: ICM-42688-P  a   4.098   5.306   7.265  g  -0.000  -0.005  -0.000[0m
[1;32muart:~$ [m[8D[J[1;32muart:~$ [m[8D[J[00:04:19.913,000] [0m<inf> imu: LSM6DS3TR-C  a   3.900   5.369   7.586  g   0.025  -0.062   0.014[0m
[1;32muart:~$ [m[8D[J[00:04:19.914,000] [0m<inf> imu: LSM6DSV16X   a   4.120   5.442   7.877  g  -0.012   0.002  -0.002[0m
[1;32muart:~$ [m[8D[J[1;32muart:~$ [m[8D[J[00:04:19.915,000] [0m<inf> imu: ICM-42688-P  a   4.102   5.306   7.264  g   0.000  -0.005   0.000[0m
[1;32muart:~$ [m[8D[J[00:04:20.016,000] [0m<inf> imu: LSM6DS3TR-C  a   3.826   5.381   7.563  g   0.024  -0.062   0.012[0m
[1;32muart:~$ [m[8D[J[00:04:20.016,000] [0m<inf> imu: LSM6DSV16X   a   4.125   5.441   7.865  g  -0.010   0.002  -0.002[0m
[1;32muart:~$ [m[8D[J[1;32muart:~$ [m[8D[J[00:04:20.017,000] [0m<inf> imu: ICM-42688-P  a   4.104   5.292   7.259  g   0.000  -0.005   0.001[0m
[1;32muart:~$ [m[8D[J[00:04:20.118,000] [0m<inf> imu: LSM6DS3TR-C  a   3.846   5.360   7.628  g   0.023  -0.063   0.015[0m
[1;32muart:~$ [m[8D[J[00:04:20.120,000] [0m<inf> imu: LSM6DSV16X   a   4.122   5.444   7.875  g  -0.011   0.002  -0.002[0m
[1;32muart:~$ [m[8D[J[1;32muart:~$ [m[8D[J[00:04:20.120,000] [0m<inf> imu: ICM-42688-P  a   4.104   5.302   7.256  g  -0.000  -0.005   0.000[0m
[1;32muart:~$ [m[8D[J[00:04:20.221,000] [0m<inf> imu: LSM6DS3TR-C  a   3.846   5.365   7.591  g   0.025  -0.061   0.013[0m
[1;32muart:~$ [m[8D[J[1;32muart:~$ [m[8D[J[00:04:20.222,000] [0m<inf> imu: LSM6DSV16X   a   4.118   5.436   7.869  g  -0.011   0.002  -0.002[0m
[1;32muart:~$ [m[8D[J[00:04:20.223,000] [0m<inf> imu: ICM-42688-P  a   4.100   5.295   7.260  g  -0.001  -0.004   0.000[0m
[1;32muart:~$ [m[8D[J[1;32muart:~$ [m[8D[J[00:04:20.324,000] [0m<inf> imu: LSM6DS3TR-C  a   3.837   5.377   7.558  g   0.025  -0.062   0.015[0m
[1;32muart:~$ [m[8D[J[00:04:20.325,000] [0m<inf> imu: LSM6DSV16X   a   4.130   5.463   7.885  g  -0.011   0.002  -0.002[0m
[1;32muart:~$ [m[8D[J[1;32muart:~$ [m[8D[J[00:04:20.325,000] [0m<inf> imu: ICM-42688-P  a   4.110   5.308   7.257  g   0.001  -0.005  -0.000[0m
[1;32muart:~$ [m[8D[J[00:04:20.427,000] [0m<inf> imu: LSM6DS3TR-C  a   3.836   5.362   7.568  g   0.024  -0.063   0.013[0m
[1;32muart:~$ [m[8D[J[1;32muart:~$ [m[8D[J[00:04:20.427,000] [0m<inf> imu: LSM6DSV16X   a   4.123   5.434   7.865  g  -0.012   0.002  -0.003[0m
[1;32muart:~$ [m[8D[J[00:04:20.428,000] [0m<inf> imu: ICM-42688-P  a   4.099   5.292   7.248  g  -0.001  -0.005   0.000[0m
[1;32muart:~$ [m[8D[J[1;32muart:~$ [m[8D[J[00:04:20.529,000] [0m<inf> imu: LSM6DS3TR-C  a   3.874   5.405   7.586  g   0.024  -0.061   0.013[0m
[1;32muart:~$ [m[8D[J[00:04:20.530,000] [0m<inf> imu: LSM6DSV16X   a   4.132   5.457   7.877  g  -0.011   0.002  -0.003[0m
[1;32muart:~$ [m[8D[J[1;32muart:~$ [m[8D[J[00:04:20.530,000] [0m<inf> imu: ICM-42688-P  a   4.110   5.313   7.259  g   0.001  -0.005   0.000[0m
[1;32muart:~$ [m[8D[J[00:04:20.631,000] [0m<inf> imu: LSM6DS3TR-C  a   3.886   5.338   7.581  g   0.025  -0.064   0.013[0m
[1;32muart:~$ [m[8D[J[00:04:20.632,000] [0m<inf> imu: LSM6DSV16X   a   4.125   5.432   7.868  g  -0.011   0.002  -0.002[0m
[1;32muart:~$ [m[8D[J[1;32muart:~$ [m[8D[J[00:04:20.632,000] [0m<inf> imu: ICM-42688-P  a   4.111   5.294   7.246  g   0.000  -0.004   0.000[0m
[1;32muart:~$ [m[8D[J[00:04:20.734,000] [0m<inf> imu: LSM6DS3TR-C  a   3.823   5.382   7.641  g   0.025  -0.061   0.013[0m
[1;32muart:~$ [m[8D[J[1;32muart:~$ [m[8D[J[00:04:20.735,000] [0m<inf> imu: LSM6DSV16X   a   4.123   5.448   7.883  g  -0.013   0.002  -0.002[0m
[1;32muart:~$ [m[8D[J[00:04:20.736,000] [0m<inf> imu: ICM-42688-P  a   4.096   5.310   7.276  g  -0.001  -0.005   0.000[0m
[1;32muart:~$ [m[8D[J[00:04:20.837,000] [0m<inf> imu: LSM6DS3TR-C  a   3.847   5.344   7.597  g   0.024  -0.061   0.016[0m
[1;32muart:~$ [m[8D[J[1;32muart:~$ [m[8D[J[00:04:20.837,000] [0m<inf> imu: LSM6DSV16X   a   4.125   5.448   7.872  g  -0.012   0.002  -0.003[0m
[1;32muart:~$ [m[8D[J[00:04:20.838,000] [0m<inf> imu: ICM-42688-P  a   4.113   5.301   7.252  g  -0.001  -0.005  -0.001[0m
[1;32muart:~$ [m[8D[J[00:04:20.939,000] [0m<inf> imu: LSM6DS3TR-C  a   3.840   5.350   7.610  g   0.024  -0.062   0.013[0m
[1;32muart:~$ [m[8D[J[1;32muart:~$ [m[8D[J[00:04:20.940,000] [0m<inf> imu: LSM6DSV16X   a   4.125   5.434   7.877  g  -0.012   0.002  -0.002[0m
[1;32muart:~$ [m[8D[J[00:04:20.940,000] [0m<inf> imu: ICM-42688-P  a   4.112   5.296   7.254  g  -0.001  -0.005   0.000[0m
[1;32muart:~$ [m[8D[J[1;32muart:~$ [m[8D[J[00:04:21.041,000] [0m<inf> imu: LSM6DS3TR-C  a   3.846   5.386   7.588  g   0.023  -0.061   0.014[0m
[1;32muart:~$ [m[8D[J[00:04:21.042,000] [0m<inf> imu: LSM6DSV16X   a   4.130   5.446   7.861  g  -0.011   0.001  -0.002[0m
[1;32muart:~$ [m[8D[J[1;32muart:~$ [m[8D[J[00:04:21.042,000] [0m<inf> imu: ICM-42688-P  a   4.106   5.296   7.246  g  -0.000  -0.005   0.001[0m
[1;32muart:~$ [m[8D[J[00:04:21.144,000] [0m<inf> imu: LSM6DS3TR-C  a   3.845   5.380   7.617  g   0.024  -0.063   0.014[0m
[1;32muart:~$ [m[8D[J[1;32muart:~$ [m[8D[J[00:04:21.144,000] [0m<inf> imu: LSM6DSV16X   a   4.119   5.448   7.887  g  -0.012   0.002  -0.002[0m
[1;32muart:~$ [m[8D[J[00:04:21.145,000] [0m<inf> imu: ICM-42688-P  a   4.099   5.306   7.259  g   0.001  -0.005   0.000[0m
[1;32muart:~$ [m[8D[J[1;32muart:~$ [m[8D[J[00:04:21.246,000] [0m<inf> imu: LSM6DS3TR-C  a   3.875   5.365   7.619  g   0.023  -0.062   0.014[0m
[1;32muart:~$ [m[8D[J[00:04:21.247,000] [0m<inf> imu: LSM6DSV16X   a   4.113   5.441   7.877  g  -0.011   0.002  -0.002[0m
[1;32muart:~$ [m[8D[J[1;32muart:~$ [m[8D[J[00:04:21.247,000] [0m<inf> imu: ICM-42688-P  a   4.101   5.303   7.263  g   0.000  -0.005   0.001[0m
[1;32muart:~$ [m[8D[J[00:04:21.348,000] [0m<inf> imu: LSM6DS3TR-C  a   3.851   5.386   7.586  g   0.025  -0.062   0.013[0m
[1;32muart:~$ [m[8D[J[00:04:21.349,000] [0m<inf> imu: LSM6DSV16X   a   4.117   5.441   7.890  g  -0.011   0.002  -0.002[0m
[1;32muart:~$ [m[8D[J[1;32muart:~$ [m[8D[J[00:04:21.349,000] [0m<inf> imu: ICM-42688-P  a   4.090   5.300   7.264  g  -0.001  -0.005   0.001[0m
[1;32muart:~$ [m[8D[J[00:04:21.451,000] [0m<inf> imu: LSM6DS3TR-C  a   3.849   5.367   7.585  g   0.025  -0.063   0.013[0m
[1;32muart:~$ [m[8D[J[1;32muart:~$ [m[8D[J[00:04:21.452,000] [0m<inf> imu: LSM6DSV16X   a   4.123   5.439   7.875  g  -0.012   0.002  -0.002[0m
[1;32muart:~$ [m[8D[J[00:04:21.453,000] [0m<inf> imu: ICM-42688-P  a   4.110   5.304   7.259  g  -0.001  -0.005   0.001[0m
[1;32muart:~$ [m[8D[J[00:04:21.554,000] [0m<inf> imu: LSM6DS3TR-C  a   3.865   5.338   7.579  g   0.024  -0.064   0.014[0m
[1;32muart:~$ [m[8D[J[1;32muart:~$ [m[8D[J[00:04:21.555,000] [0m<inf> imu: LSM6DSV16X   a   4.120   5.439   7.877  g  -0.011   0.002  -0.002[0m
[1;32muart:~$ [m[8D[J[00:04:21.555,000] [0m<inf> imu: ICM-42688-P  a   4.101   5.300   7.283  g   0.000  -0.005   0.000[0m
[1;32muart:~$ [m[8D[J[00:04:21.656,000] [0m<inf> imu: LSM6DS3TR-C  a   3.849   5.361   7.591  g   0.024  -0.064   0.013[0m
[1;32muart:~$ [m[8D[J[00:04:21.657,000] [0m<inf> imu: LSM6DSV16X   a   4.135   5.436   7.860  g  -0.011   0.003  -0.002[0m
[1;32muart:~$ [m[8D[J[1;32muart:~$ [m[8D[J[00:04:21.657,000] [0m<inf> imu: ICM-42688-P  a   4.090   5.314   7.263  g   0.000  -0.005   0.000[0m
[1;32muart:~$ [m[8D[J[1;32muart:~$ [m[8D[J[00:04:21.759,000] [0m<inf> imu: LSM6DS3TR-C  a   3.843   5.390   7.617  g   0.023  -0.060   0.013[0m
[1;32muart:~$ [m[8D[J[00:04:21.759,000] [0m<inf> imu: LSM6DSV16X   a   4.130   5.441   7.880  g  -0.012   0.002  -0.002[0m
[1;32muart:~$ [m[8D[J[1;32muart:~$ [m[8D[J[00:04:21.760,000] [0m<inf> imu: ICM-42688-P  a   4.117   5.312   7.277  g   0.000  -0.005   0.001[0m
[1;32muart:~$ [m[8D[J[00:04:21.861,000] [0m<inf> imu: LSM6DS3TR-C  a   3.851   5.358   7.589  g   0.024  -0.061   0.015[0m
[1;32muart:~$ [m[8D[J[1;32muart:~$ [m[8D[J[00:04:21.862,000] [0m<inf> imu: LSM6DSV16X   a   4.119   5.429   7.863  g  -0.012   0.002  -0.002[0m
[1;32muart:~$ [m[8D[J[00:04:21.862,000] [0m<inf> imu: ICM-42688-P  a   4.092   5.279   7.259  g  -0.001  -0.005   0.000[0m
[1;32muart:~$ [m[8D[J[1;32muart:~$ [m[8D[J[00:04:21.963,000] [0m<inf> imu: LSM6DS3TR-C  a   3.894   5.350   7.627  g   0.023  -0.062   0.014[0m
[1;32muart:~$ [m[8D[J[00:04:21.964,000] [0m<inf> imu: LSM6DSV16X   a   4.129   5.453   7.879  g  -0.011   0.002  -0.002[0m
[1;32muart:~$ [m[8D[J[1;32muart:~$ [m[8D[J[00:04:21.964,000] [0m<inf> imu: ICM-42688-P  a   4.107   5.309   7.281  g   0.000  -0.005  -0.001[0m
[1;32muart:~$ [m[8D[J[00:04:22.065,000] [0m<inf> imu: LSM6DS3TR-C  a   3.844   5.340   7.622  g   0.023  -0.061   0.013[0m
[1;32muart:~$ [m[8D[J[00:04:22.066,000] [0m<inf> imu: LSM6DSV16X   a   4.113   5.435   7.870  g  -0.012   0.001  -0.002[0m
[1;32muart:~$ [m[8D[J[1;32muart:~$ [m[8D[J[00:04:22.067,000] [0m<inf> imu: ICM-42688-P  a   4.095   5.295   7.260  g  -0.001  -0.005   0.001[0m
[1;32muart:~$ [m[8D[J[00:04:22.168,000] [0m<inf> imu: LSM6DS3TR-C  a   3.867   5.378   7.579  g   0.023  -0.063   0.014[0m
[1;32muart:~$ [m[8D[J[1;32muart:~$ [m[8D[J[00:04:22.169,000] [0m<inf> imu: LSM6DSV16X   a   4.122   5.448   7.879  g  -0.011   0.002  -0.003[0m
[1;32muart:~$ [m[8D[J[00:04:22.170,000] [0m<inf> imu: ICM-42688-P  a   4.111   5.308   7.270  g   0.000  -0.005   0.001[0m
[1;32muart:~$ [m[8D[J[1;32muart:~$ [m[8D[J[00:04:22.271,000] [0m<inf> imu: LSM6DS3TR-C  a   3.837   5.356   7.610  g   0.024  -0.062   0.014[0m
[1;32muart:~$ [m[8D[J[00:04:22.272,000] [0m<inf> imu: LSM6DSV16X   a   4.120   5.437   7.872  g  -0.012   0.002  -0.002[0m
[1;32muart:~$ [m[8D[J[00:04:22.272,000] [0m<inf> imu: ICM-42688-P  a   4.093   5.294   7.265  g  -0.001  -0.005   0.000[0m
[1;32muart:~$ [m[8D[J[1;32muart:~$ [m[8D[J[00:04:22.374,000] [0m<inf> imu: LSM6DS3TR-C  a   3.872   5.361   7.593  g   0.024  -0.063   0.014[0m
[1;32muart:~$ [m[8D[J[00:04:22.375,000] [0m<inf> imu: LSM6DSV16X   a   4.128   5.442   7.879  g  -0.011   0.002  -0.002[0m
[1;32muart:~$ [m[8D[J[1;32muart:~$ [m[8D[J[00:04:22.376,000] [0m<inf> imu: ICM-42688-P  a   4.101   5.292   7.257  g  -0.000  -0.005  -0.001[0m
[1;32muart:~$ [m[8D[J[00:04:22.477,000] [0m<inf> imu: LSM6DS3TR-C  a   3.867   5.375   7.582  g   0.024  -0.064   0.013[0m
[1;32muart:~$ [m[8D[J[1;32muart:~$ [m[8D[J[00:04:22.478,000] [0m<inf> imu: LSM6DSV16X   a   4.128   5.437   7.877  g  -0.010   0.002  -0.002[0m
[1;32muart:~$ [m[8D[J[00:04:22.478,000] [0m<inf> imu: ICM-42688-P  a   4.104   5.309   7.259  g   0.001  -0.005   0.000[0m
[1;32muart:~$ [m[8D[J[1;32muart:~$ [m[8D[J[00:04:22.579,000] [0m<inf> imu: LSM6DS3TR-C  a   3.878   5.402   7.588  g   0.024  -0.062   0.016[0m
[1;32muart:~$ [m[8D[J[00:04:22.580,000] [0m<inf> imu: LSM6DSV16X   a   4.115   5.441   7.880  g  -0.011   0.002  -0.002[0m
[1;32muart:~$ [m[8D[J[1;32muart:~$ [m[8D[J[00:04:22.581,000] [0m<inf> imu: ICM-42688-P  a   4.105   5.302   7.271  g   0.000  -0.005   0.000[0m
[1;32muart:~$ [m[8D[J[00:04:22.682,000] [0m<inf> imu: LSM6DS3TR-C  a   3.853   5.389   7.630  g   0.024  -0.062   0.014[0m
[1;32muart:~$ [m[8D[J[00:04:22.683,000] [0m<inf> imu: LSM6DSV16X   a   4.123   5.444   7.880  g  -0.012   0.003  -0.002[0m
[1;32muart:~$ [m[8D[J[1;32muart:~$ [m[8D[J[00:04:22.683,000] [0m<inf> imu: ICM-42688-P  a   4.106   5.308   7.263  g   0.001  -0.005   0.001[0m
[1;32muart:~$ [m[8D[J[00:04:22.784,000] [0m<inf> imu: LSM6DS3TR-C  a   3.815   5.328   7.589  g   0.026  -0.063   0.015[0m
[1;32muart:~$ [m[8D[J[1;32muart:~$ [m[8D[J[00:04:22.785,000] [0m<inf> imu: LSM6DSV16X   a   4.116   5.427   7.866  g  -0.013   0.002  -0.002[0m
[1;32muart:~$ [m[8D[J[00:04:22.786,000] [0m<inf> imu: ICM-42688-P  a   4.087   5.284   7.252  g  -0.002  -0.005   0.000[0m
[1;32muart:~$ [m[8D[J[00:04:22.887,000] [0m<inf> imu: LSM6DS3TR-C  a   3.875   5.412   7.599  g   0.024  -0.062   0.013[0m
[1;32muart:~$ [m[8D[J[1;32muart:~$ [m[8D[J[00:04:22.888,000] [0m<inf> imu: LSM6DSV16X   a   4.142   5.458   7.887  g  -0.011   0.003  -0.003[0m
[1;32muart:~$ [m[8D[J[00:04:22.888,000] [0m<inf> imu: ICM-42688-P  a   4.137   5.314   7.281  g   0.000  -0.005  -0.001[0m
[1;32muart:~$ [m[8D[J[00:04:22.989,000] [0m<inf> imu: LSM6DS3TR-C  a   3.841   5.346   7.616  g   0.026  -0.062   0.015[0m
[1;32muart:~$ [m[8D[J[00:04:22.990,000] [0m<inf> imu: LSM6DSV16X   a   4.114   5.426   7.884  g  -0.011   0.002  -0.002[0m
[1;32muart:~$ [m[8D[J[1;32muart:~$ [m[8D[J[00:04:22.991,000] [0m<inf> imu: ICM-42688-P  a   4.095   5.294   7.266  g  -0.000  -0.005   0.000[0m
[1;32muart:~$ [m[8D[J[1;32muart:~$ [m[8D[J[00:04:23.092,000] [0m<inf> imu: LSM6DS3TR-C  a   3.860   5.383   7.646  g   0.025  -0.063   0.015[0m
[1;32muart:~$ [m[8D[J[00:04:23.093,000] [0m<inf> imu: LSM6DSV16X   a   4.125   5.449   7.873  g  -0.012   0.002  -0.002[0m
[1;32muart:~$ [m[8D[J[1;32muart:~$ [m[8D[J[00:04:23.093,000] [0m<inf> imu: ICM-42688-P  a   4.104   5.301   7.269  g   0.001  -0.005   0.000[0m
[1;32muart:~$ [m[8D[J[00:04:23.194,000] [0m<inf> imu: LSM6DS3TR-C  a   3.803   5.386   7.592  g   0.026  -0.061   0.015[0m
[1;32muart:~$ [m[8D[J[1;32muart:~$ [m[8D[J[00:04:23.195,000] [0m<inf> imu: LSM6DSV16X   a   4.120   5.429   7.872  g  -0.012   0.002  -0.002[0m
[1;32muart:~$ [m[8D[J[00:04:23.195,000] [0m<inf> imu: ICM-42688-P  a   4.098   5.288   7.263  g   0.000  -0.004   0.000[0m
[1;32muart:~$ [m[8D[J[1;32muart:~$ [m[8D[J[00:04:23.296,000] [0m<inf> imu: LSM6DS3TR-C  a   3.822   5.367   7.627  g   0.024  -0.064   0.013[0m
[1;32muart:~$ [m[8D[J[00:04:23.297,000] [0m<inf> imu: LSM6DSV16X   a   4.123   5.454   7.889  g  -0.012   0.001  -0.002[0m
[1;32muart:~$ [m[8D[J[1;32muart:~$ [m[8D[J[00:04:23.298,000] [0m<inf> imu: ICM-42688-P  a   4.113   5.308   7.282  g  -0.001  -0.005   0.000[0m
[1;32muart:~$ [m[8D[J[00:04:23.399,000] [0m<inf> imu: LSM6DS3TR-C  a   3.865   5.347   7.563  g   0.026  -0.063   0.013[0m
[1;32muart:~$ [m[8D[J[00:04:23.399,000] [0m<inf> imu: LSM6DSV16X   a   4.118   5.420   7.860  g  -0.011   0.002  -0.002[0m
[1;32muart:~$ [m[8D[J[1;32muart:~$ [m[8D[J[00:04:23.400,000] [0m<inf> imu: ICM-42688-P  a   4.104   5.284   7.256  g   0.000  -0.005   0.000[0m
[1;32muart:~$ [m[8D[J[00:04:23.501,000] [0m<inf> imu: LSM6DS3TR-C  a   3.818   5.406   7.579  g   0.024  -0.063   0.012[0m
[1;32muart:~$ [m[8D[J[00:04:23.502,000] [0m<inf> imu: LSM6DSV16X   a   4.128   5.458   7.886  g  -0.011   0.002  -0.003[0m
[1;32muart:~$ [m[8D[J[1;32muart:~$ [m[8D[J[00:04:23.503,000] [0m<inf> imu: ICM-42688-P  a   4.117   5.307   7.284  g   0.000  -0.005  -0.000[0m
[1;32muart:~$ [m[8D[J[00:04:23.604,000] [0m<inf> imu: LSM6DS3TR-C  a   3.874   5.358   7.583  g   0.024  -0.062   0.015[0m
[1;32muart:~$ [m[8D[J[1;32muart:~$ [m[8D[J[00:04:23.605,000] [0m<inf> imu: LSM6DSV16X   a   4.120   5.432   7.856  g  -0.012   0.002  -0.002[0m
[1;32muart:~$ [m[8D[J[00:04:23.605,000] [0m<inf> imu: ICM-42688-P  a   4.106   5.298   7.259  g  -0.000  -0.006   0.000[0m
[1;32muart:~$ [m[8D[J[1;32muart:~$ [m[8D[J[00:04:23.706,000] [0m<inf> imu: LSM6DS3TR-C  a   3.873   5.368   7.614  g   0.026  -0.064   0.013[0m
[1;32muart:~$ [m[8D[J[00:04:23.708,000] [0m<inf> imu: LSM6DSV16X   a   4.126   5.444   7.881  g  -0.012   0.001  -0.002[0m
[1;32muart:~$ [m[8D[J[1;32muart:~$ [m[8D[J[00:04:23.708,000] [0m<inf> imu: ICM-42688-P  a   4.105   5.304   7.278  g  -0.001  -0.005  -0.000[0m
[1;32muart:~$ [m[8D[J[00:04:23.810,000] [0m<inf> imu: LSM6DS3TR-C  a   3.848   5.358   7.578  g   0.026  -0.060   0.014[0m
[1;32muart:~$ [m[8D[J[1;32muart:~$ [m[8D[J[00:04:23.810,000] [0m<inf> imu: LSM6DSV16X   a   4.118   5.447   7.875  g  -0.012   0.002  -0.002[0m
[1;32muart:~$ [m[8D[J[00:04:23.811,000] [0m<inf> imu: ICM-42688-P  a   4.112   5.301   7.270  g  -0.001  -0.004   0.000[0m
[1;32muart:~$ [m[8D[J[1;32muart:~$ [m[8D[J[00:04:23.912,000] [0m<inf> imu: LSM6DS3TR-C  a   3.845   5.364   7.610  g   0.025  -0.063   0.013[0m
[1;32muart:~$ [m[8D[J[00:04:23.913,000] [0m<inf> imu: LSM6DSV16X   a   4.118   5.434   7.875  g  -0.012   0.001  -0.002[0m
[1;32muart:~$ [m[8D[J[1;32muart:~$ [m[8D[J[00:04:23.913,000] [0m<inf> imu: ICM-42688-P  a   4.107   5.292   7.268  g  -0.001  -0.005   0.000[0m
[1;32muart:~$ [m[8D[J[00:04:24.014,000] [0m<inf> imu: LSM6DS3TR-C  a   3.860   5.366   7.599  g   0.026  -0.061   0.013[0m
[1;32muart:~$ [m[8D[J[00:04:24.015,000] [0m<inf> imu: LSM6DSV16X   a   4.135   5.432   7.871  g  -0.011   0.002  -0.001[0m
[1;32muart:~$ [m[8D[J[1;32muart:~$ [m[8D[J[00:04:24.015,000] [0m<inf> imu: ICM-42688-P  a   4.111   5.291   7.242  g   0.001  -0.005   0.000[0m
[1;32muart:~$ [m[8D[J[00:04:24.117,000] [0m<inf> imu: LSM6DS3TR-C  a   3.858   5.369   7.566  g   0.022  -0.062   0.014[0m
[1;32muart:~$ [m[8D[J[1;32muart:~$ [m[8D[J[00:04:24.118,000] [0m<inf> imu: LSM6DSV16X   a   4.109   5.441   7.868  g  -0.012   0.001  -0.002[0m
[1;32muart:~$ [m[8D[J[00:04:24.119,000] [0m<inf> imu: ICM-42688-P  a   4.110   5.302   7.265  g  -0.001  -0.005   0.001[0m
[1;32muart:~$ [m[8D[J[00:04:24.220,000] [0m<inf> imu: LSM6DS3TR-C  a   3.869   5.334   7.584  g   0.023  -0.063   0.015[0m
[1;32muart:~$ [m[8D[J[1;32muart:~$ [m[8D[J[00:04:24.220,000] [0m<inf> imu: LSM6DSV16X   a   4.121   5.427   7.870  g  -0.011   0.002  -0.002[0m
[1;32muart:~$ [m[8D[J[00:04:24.221,000] [0m<inf> imu: ICM-42688-P  a   4.104   5.289   7.240  g  -0.001  -0.005   0.000[0m
[1;32muart:~$ [m[8D[J[1;32muart:~$ [m[8D[J[00:04:24.323,000] [0m<inf> imu: LSM6DS3TR-C  a   3.865   5.346   7.595  g   0.024  -0.063   0.015[0m
[1;32muart:~$ [m[8D[J[00:04:24.324,000] [0m<inf> imu: LSM6DSV16X   a   4.125   5.443   7.869  g  -0.012   0.003  -0.002[0m
[1;32muart:~$ [m[8D[J[1;32muart:~$ [m[8D[J[00:04:24.325,000] [0m<inf> imu: ICM-42688-P  a   4.107   5.297   7.257  g  -0.000  -0.005   0.001[0m
[1;32muart:~$ [m[8D[J[00:04:24.426,000] [0m<inf> imu: LSM6DS3TR-C  a   3.853   5.374   7.609  g   0.024  -0.062   0.013[0m
[1;32muart:~$ [m[8D[J[1;32muart:~$ [m[8D[J[00:04:24.427,000] [0m<inf> imu: LSM6DSV16X   a   4.118   5.436   7.860  g  -0.012   0.002  -0.002[0m
[1;32muart:~$ [m[8D[J[00:04:24.427,000] [0m<inf> imu: ICM-42688-P  a   4.094   5.288   7.247  g  -0.001  -0.005  -0.001[0m
[1;32muart:~$ [m[8D[J[1;32muart:~$ [m[8D[J[00:04:24.528,000] [0m<inf> imu: LSM6DS3TR-C  a   3.839   5.335   7.584  g   0.025  -0.063   0.013[0m
[1;32muart:~$ [m[8D[J[00:04:24.529,000] [0m<inf> imu: LSM6DSV16X   a   4.122   5.435   7.860  g  -0.012   0.001  -0.002[0m
[1;32muart:~$ [m[8D[J[1;32muart:~$ [m[8D[J[00:04:24.529,000] [0m<inf> imu: ICM-42688-P  a   4.090   5.297   7.253  g  -0.000  -0.005   0.001[0m
[1;32muart:~$ [m[8D[J[00:04:24.630,000] [0m<inf> imu: LSM6DS3TR-C  a   3.870   5.392   7.604  g   0.024  -0.063   0.014[0m
[1;32muart:~$ [m[8D[J[00:04:24.631,000] [0m<inf> imu: LSM6DSV16X   a   4.128   5.432   7.870  g  -0.011   0.001  -0.002[0m
[1;32muart:~$ [m[8D[J[1;32muart:~$ [m[8D[J[00:04:24.632,000] [0m<inf> imu: ICM-42688-P  a   4.102   5.301   7.250  g   0.000  -0.005   0.000[0m
[1;32muart:~$ [m[8D[J[00:04:24.733,000] [0m<inf> imu: LSM6DS3TR-C  a   3.869   5.358   7.608  g   0.024  -0.063   0.014[0m
[1;32muart:~$ [m[8D[J[1;32muart:~$ [m[8D[J[00:04:24.733,000] [0m<inf> imu: LSM6DSV16X   a   4.111   5.448   7.875  g  -0.012   0.002  -0.001[0m
[1;32muart:~$ [m[8D[J[00:04:24.734,000] [0m<inf> imu: ICM-42688-P  a   4.086   5.298   7.264  g   0.000  -0.004   0.000[0m
[1;32muart:~$ [m[8D[J[00:04:24.835,000] [0m<inf> imu: LSM6DS3TR-C  a   3.890   5.396   7.608  g   0.025  -0.063   0.013[0m
[1;32muart:~$ [m[8D[J[1;32muart:~$ [m[8D[J[00:04:24.836,000] [0m<inf> imu: LSM6DSV16X   a   4.119   5.445   7.870  g  -0.012   0.002  -0.002[0m
[1;32muart:~$ [m[8D[J[00:04:24.836,000] [0m<inf> imu: ICM-42688-P  a   4.105   5.302   7.272  g   0.000  -0.005   0.000[0m
[1;32muart:~$ [m[8D[J[00:04:24.937,000] [0m<inf> imu: LSM6DS3TR-C  a   3.827   5.355   7.607  g   0.024  -0.060   0.013[0m
[1;32muart:~$ [m[8D[J[00:04:24.938,000] [0m<inf> imu: LSM6DSV16X   a   4.122   5.436   7.865  g  -0.013   0.002  -0.002[0m
[1;32muart:~$ [m[8D[J[1;32muart:~$ [m[8D[J[00:04:24.939,000] [0m<inf> imu: ICM-42688-P  a   4.090   5.304   7.263  g  -0.001  -0.006   0.000[0m
[1;32muart:~$ [m[8D[J[1;32muart:~$ [m[8D[J[00:04:25.040,000] [0m<inf> imu: LSM6DS3TR-C  a   3.852   5.376   7.587  g   0.025  -0.063   0.012[0m
[1;32muart:~$ [m[8D[J[00:04:25.041,000] [0m<inf> imu: LSM6DSV16X   a   4.118   5.437   7.856  g  -0.011   0.002  -0.002[0m
[1;32muart:~$ [m[8D[J[1;32muart:~$ [m[8D[J[00:04:25.041,000] [0m<inf> imu: ICM-42688-P  a   4.108   5.297   7.247  g  -0.001  -0.005   0.001[0m
[1;32muart:~$ [m[8D[J[00:04:25.142,000] [0m<inf> imu: LSM6DS3TR-C  a   3.864   5.392   7.592  g   0.025  -0.062   0.014[0m
[1;32muart:~$ [m[8D[J[1;32muart:~$ [m[8D[J[00:04:25.143,000] [0m<inf> imu: LSM6DSV16X   a   4.121   5.446   7.885  g  -0.012   0.002  -0.002[0m
[1;32muart:~$ [m[8D[J[00:04:25.143,000] [0m<inf> imu: ICM-42688-P  a   4.112   5.286   7.271  g  -0.001  -0.005   0.000[0m
[1;32muart:~$ [m[8D[J[1;32muart:~$ [m[8D[J[00:04:25.244,000] [0m<inf> imu: LSM6DS3TR-C  a   3.836   5.396   7.579  g   0.026  -0.062   0.014[0m
[1;32muart:~$ [m[8D[J[00:04:25.245,000] [0m<inf> imu: LSM6DSV16X   a   4.116   5.443   7.856  g  -0.012   0.002  -0.003[0m
[1;32muart:~$ [m[8D[J[1;32muart:~$ [m[8D[J[00:04:25.246,000] [0m<inf> imu: ICM-42688-P  a   4.100   5.303   7.251  g  -0.001  -0.005  -0.001[0m
[1;32muart:~$ [m[8D[J[00:04:25.347,000] [0m<inf> imu: LSM6DS3TR-C  a   3.856   5.308   7.580  g   0.024  -0.063   0.016[0m
[1;32muart:~$ [m[8D[J[00:04:25.347,000] [0m<inf> imu: LSM6DSV16X   a   4.133   5.451   7.868  g  -0.012   0.001  -0.002[0m
[1;32muart:~$ [m[8D[J[1;32muart:~$ [m[8D[J[00:04:25.348,000] [0m<inf> imu: ICM-42688-P  a   4.119   5.310   7.271  g  -0.001  -0.006   0.000[0m
[1;32muart:~$ [m[8D[J[00:04:25.449,000] [0m<inf> imu: LSM6DS3TR-C  a   3.879   5.355   7.623  g   0.025  -0.061   0.016[0m
[1;32muart:~$ [m[8D[J[1;32muart:~$ [m[8D[J[00:04:25.450,000] [0m<inf> imu: LSM6DSV16X   a   4.135   5.443   7.880  g  -0.011   0.001  -0.003[0m
[1;32muart:~$ [m[8D[J[00:04:25.451,000] [0m<inf> imu: ICM-42688-P  a   4.100   5.301   7.281  g   0.000  -0.005  -0.001[0m
[1;32muart:~$ [m[8D[J[00:04:25.552,000] [0m<inf> imu: LSM6DS3TR-C  a   3.869   5.337   7.590  g   0.025  -0.064   0.014[0m
[1;32muart:~$ [m[8D[J[1;32muart:~$ [m[8D[J[00:04:25.553,000] [0m<inf> imu: LSM6DSV16X   a   4.123   5.436   7.855  g  -0.013   0.002  -0.002[0m
[1;32muart:~$ [m[8D[J[00:04:25.553,000] [0m<inf> imu: ICM-42688-P  a   4.112   5.301   7.253  g  -0.002  -0.006   0.001[0m
[1;32muart:~$ [m[8D[J[00:04:25.655,000] [0m<inf> imu: LSM6DS3TR-C  a   3.876   5.306   7.590  g   0.023  -0.063   0.015[0m
[1;32muart:~$ [m[8D[J[00:04:25.655,000] [0m<inf> imu: LSM6DSV16X   a   4.116   5.453   7.894  g  -0.012   0.002  -0.002[0m
[1;32muart:~$ [m[8D[J[1;32muart:~$ [m[8D[J[00:04:25.656,000] [0m<inf> imu: ICM-42688-P  a   4.087   5.307   7.276  g   0.000  -0.004  -0.000[0m
[1;32muart:~$ [m[8D[J[1;32muart:~$ [m[8D[J[00:04:25.757,000] [0m<inf> imu: LSM6DS3TR-C  a   3.837   5.350   7.545  g   0.026  -0.063   0.014[0m
[1;32muart:~$ [m[8D[J[00:04:25.758,000] [0m<inf> imu: LSM6DSV16X   a   4.111   5.444   7.868  g  -0.012   0.002  -0.002[0m
[1;32muart:~$ [m[8D[J[1;32muart:~$ [m[8D[J[00:04:25.758,000] [0m<inf> imu: ICM-42688-P  a   4.089   5.309   7.247  g   0.001  -0.005   0.000[0m
[1;32muart:~$ [m[8D[J[00:04:25.859,000] [0m<inf> imu: LSM6DS3TR-C  a   3.889   5.372   7.608  g   0.025  -0.061   0.013[0m
[1;32muart:~$ [m[8D[J[1;32muart:~$ [m[8D[J[00:04:25.860,000] [0m<inf> imu: LSM6DSV16X   a   4.126   5.444   7.869  g  -0.010   0.002  -0.002[0m
[1;32muart:~$ [m[8D[J[00:04:25.860,000] [0m<inf> imu: ICM-42688-P  a   4.112   5.294   7.260  g   0.000  -0.005   0.000[0m
[1;32muart:~$ [m[8D[J[1;32muart:~$ [m[8D[J[00:04:25.961,000] [0m<inf> imu: LSM6DS3TR-C  a   3.852   5.353   7.583  g   0.023  -0.061   0.013[0m
[1;32muart:~$ [m[8D[J[00:04:25.962,000] [0m<inf> imu: LSM6DSV16X   a   4.123   5.439   7.862  g  -0.011   0.003  -0.002[0m
[1;32muart:~$ [m[8D[J[1;32muart:~$ [m[8D[J[00:04:25.963,000] [0m<inf> imu: ICM-42688-P  a   4.104   5.306   7.260  g  -0.001  -0.005   0.000[0m
[1;32muart:~$ [m[8D[J[00:04:26.064,000] [0m<inf> imu: LSM6DS3TR-C  a   3.865   5.352   7.583  g   0.024  -0.064   0.014[0m
[1;32muart:~$ [m[8D[J[00:04:26.064,000] [0m<inf> imu: LSM6DSV16X   a   4.134   5.443   7.862  g  -0.011   0.002  -0.002[0m
[1;32muart:~$ [m[8D[J[1;32muart:~$ [m[8D[J[00:04:26.065,000] [0m<inf> imu: ICM-42688-P  a   4.107   5.296   7.251  g  -0.001  -0.005   0.000[0m
[1;32muart:~$ [m[8D[J[00:04:26.167,000] [0m<inf> imu: LSM6DS3TR-C  a   3.848   5.375   7.582  g   0.024  -0.061   0.015[0m
[1;32muart:~$ [m[8D[J[1;32muart:~$ [m[8D[J[00:04:26.168,000] [0m<inf> imu: LSM6DSV16X   a   4.113   5.443   7.872  g  -0.011   0.002  -0.002[0m
[1;32muart:~$ [m[8D[J[00:04:26.168,000] [0m<inf> imu: ICM-42688-P  a   4.085   5.298   7.272  g  -0.001  -0.005   0.000[0m
[1;32muart:~$ [m[8D[J[00:04:26.269,000] [0m<inf> imu: LSM6DS3TR-C  a   3.853   5.382   7.641  g   0.025  -0.064   0.014[0m
[1;32muart:~$ [m[8D[J[1;32muart:~$ [m[8D[J[00:04:26.270,000] [0m<inf> imu: LSM6DSV16X   a   4.118   5.448   7.875  g  -0.012   0.002  -0.002[0m
[1;32muart:~$ [m[8D[J[00:04:26.270,000] [0m<inf> imu: ICM-42688-P  a   4.100   5.301   7.254  g  -0.000  -0.005  -0.000[0m
[1;32muart:~$ [m[8D[J[1;32muart:~$ [m[8D[J[00:04:26.373,000] [0m<inf> imu: LSM6DS3TR-C  a   3.860   5.336   7.594  g   0.024  -0.063   0.011[0m
[1;32muart:~$ [m[8D[J[00:04:26.374,000] [0m<inf> imu: LSM6DSV16X   a   4.120   5.439   7.895  g  -0.011   0.003  -0.003[0m
[1;32muart:~$ [m[8D[J[1;32muart:~$ [m[8D[J[00:04:26.375,000] [0m<inf> imu: ICM-42688-P  a   4.120   5.303   7.272  g   0.000  -0.005  -0.001[0m
[1;32muart:~$ [m[8D[J[00:04:26.476,000] [0m<inf> imu: LSM6DS3TR-C  a   3.891   5.331   7.574  g   0.024  -0.061   0.016[0m
[1;32muart:~$ [m[8D[J[1;32muart:~$ [m[8D[J[00:04:26.477,000] [0m<inf> imu: LSM6DSV16X   a   4.128   5.420   7.848  g  -0.011   0.002  -0.002[0m
[1;32muart:~$ [m[8D[J[00:04:26.477,000] [0m<inf> imu: ICM-42688-P  a   4.117   5.276   7.227  g   0.001  -0.004   0.000[0m
[1;32muart:~$ [m[8D[J[1;32muart:~$ [m[8D[J[00:04:26.578,000] [0m<inf> imu: LSM6DS3TR-C  a   3.852   5.377   7.625  g   0.027  -0.061   0.014[0m
[1;32muart:~$ [m[8D[J[00:04:26.579,000] [0m<inf> imu: LSM6DSV16X   a   4.128   5.439   7.866  g  -0.012   0.002  -0.002[0m
[1;32muart:~$ [m[8D[J[1;32muart:~$ [m[8D[J[00:04:26.579,000] [0m<inf> imu: ICM-42688-P  a   4.108   5.279   7.266  g   0.000  -0.005  -0.001[0m
[1;32muart:~$ [m[8D[J[00:04:26.680,000] [0m<inf> imu: LSM6DS3TR-C  a   3.893   5.369   7.606  g   0.025  -0.064   0.014[0m
[1;32muart:~$ [m[8D[J[00:04:26.681,000] [0m<inf> imu: LSM6DSV16X   a   4.126   5.441   7.870  g  -0.012   0.002  -0.002[0m
[1;32muart:~$ [m[8D[J[1;32muart:~$ [m[8D[J[00:04:26.682,000] [0m<inf> imu: ICM-42688-P  a   4.101   5.291   7.260  g   0.000  -0.005   0.001[0m
[1;32muart:~$ [m[8D[J[00:04:26.783,000] [0m<inf> imu: LSM6DS3TR-C  a   3.833   5.381   7.576  g   0.024  -0.062   0.014[0m
[1;32muart:~$ [m[8D[J[1;32muart:~$ [m[8D[J[00:04:26.784,000] [0m<inf> imu: LSM6DSV16X   a   4.128   5.463   7.879  g  -0.013   0.002  -0.002[0m
[1;32muart:~$ [m[8D[J[00:04:26.784,000] [0m<inf> imu: ICM-42688-P  a   4.117   5.315   7.274  g  -0.001  -0.005   0.001[0m
[1;32muart:~$ [m[8D[J[00:04:26.886,000] [0m<inf> imu: LSM6DS3TR-C  a   3.866   5.368   7.617  g   0.024  -0.062   0.016[0m
[1;32muart:~$ [m[8D[J[1;32muart:~$ [m[8D[J[00:04:26.886,000] [0m<inf> imu: LSM6DSV16X   a   4.113   5.432   7.865  g  -0.011   0.002  -0.003[0m
[1;32muart:~$ [m[8D[J[00:04:26.887,000] [0m<inf> imu: ICM-42688-P  a   4.100   5.285   7.247  g  -0.001  -0.004  -0.001[0m
[1;32muart:~$ [m[8D[J[00:04:26.988,000] [0m<inf> imu: LSM6DS3TR-C  a   3.843   5.346   7.610  g   0.023  -0.063   0.014[0m
[1;32muart:~$ [m[8D[J[00:04:26.989,000] [0m<inf> imu: LSM6DSV16X   a   4.138   5.458   7.862  g  -0.011   0.002  -0.003[0m
[1;32muart:~$ [m[8D[J[1;32muart:~$ [m[8D[J[00:04:26.989,000] [0m<inf> imu: ICM-42688-P  a   4.120   5.318   7.252  g   0.001  -0.005   0.000[0m
[1;32muart:~$ [m[8D[J[1;32muart:~$ [m[8D[J[00:04:27.090,000] [0m<inf> imu: LSM6DS3TR-C  a   3.839   5.346   7.614  g   0.026  -0.063   0.014[0m
[1;32muart:~$ [m[8D[J[00:04:27.091,000] [0m<inf> imu: LSM6DSV16X   a   4.116   5.436   7.863  g  -0.012   0.002  -0.002[0m
[1;32muart:~$ [m[8D[J[1;32muart:~$ [m[8D[J[00:04:27.092,000] [0m<inf> imu: ICM-42688-P  a   4.090   5.290   7.262  g  -0.000  -0.005  -0.001[0m
[1;32muart:~$ [m[8D[J[00:04:27.193,000] [0m<inf> imu: LSM6DS3TR-C  a   3.846   5.355   7.610  g   0.024  -0.061   0.014[0m
[1;32muart:~$ [m[8D[J[1;32muart:~$ [m[8D[J[00:04:27.193,000] [0m<inf> imu: LSM6DSV16X   a   4.123   5.439   7.856  g  -0.012   0.001  -0.002[0m
[1;32muart:~$ [m[8D[J[00:04:27.194,000] [0m<inf> imu: ICM-42688-P  a   4.110   5.321   7.259  g   0.000  -0.005   0.001[0m
[1;32muart:~$ [m[8D[J[1;32muart:~$ [m[8D[J[00:04:27.295,000] [0m<inf> imu: LSM6DS3TR-C  a   3.866   5.371   7.608  g   0.025  -0.062   0.015[0m
[1;32muart:~$ [m[8D[J[00:04:27.295,000] [0m<inf> imu: LSM6DSV16X   a   4.122   5.434   7.875  g  -0.011   0.002  -0.002[0m
[1;32muart:~$ [m[8D[J[1;32muart:~$ [m[8D[J[00:04:27.296,000] [0m<inf> imu: ICM-42688-P  a   4.088   5.288   7.262  g   0.000  -0.004  -0.000[0m
[1;32muart:~$ [m[8D[J[00:04:27.397,000] [0m<inf> imu: LSM6DS3TR-C  a   3.849   5.320   7.550  g   0.025  -0.064   0.014[0m
[1;32muart:~$ [m[8D[J[00:04:27.398,000] [0m<inf> imu: LSM6DSV16X   a   4.118   5.444   7.875  g  -0.011   0.002  -0.002[0m
[1;32muart:~$ [m[8D[J[1;32muart:~$ [m[8D[J[00:04:27.398,000] [0m<inf> imu: ICM-42688-P  a   4.095   5.304   7.252  g  -0.000  -0.005  -0.001[0m
[1;32muart:~$ [m[8D[J[00:04:27.500,000] [0m<inf> imu: LSM6DS3TR-C  a   3.858   5.390   7.601  g   0.023  -0.064   0.014[0m
[1;32muart:~$ [m[8D[J[1;32muart:~$ [m[8D[J[00:04:27.500,000] [0m<inf> imu: LSM6DSV16X   a   4.128   5.448   7.868  g  -0.011   0.002  -0.002[0m
[1;32muart:~$ [m[8D[J[00:04:27.501,000] [0m<inf> imu: ICM-42688-P  a   4.108   5.301   7.251  g  -0.001  -0.004  -0.001[0m
[1;32muart:~$ [m[8D[J[00:04:27.603,000] [0m<inf> imu: LSM6DS3TR-C  a   3.856   5.368   7.567  g   0.023  -0.063   0.014[0m
[1;32muart:~$ [m[8D[J[1;32muart:~$ [m[8D[J[00:04:27.603,000] [0m<inf> imu: LSM6DSV16X   a   4.126   5.444   7.872  g  -0.012   0.002  -0.002[0m
[1;32muart:~$ [m[8D[J[00:04:27.604,000] [0m<inf> imu: ICM-42688-P  a   4.106   5.300   7.266  g  -0.001  -0.005   0.001[0m
[1;32muart:~$ [m[8D[J[00:04:27.705,000] [0m<inf> imu: LSM6DS3TR-C  a   3.832   5.372   7.548  g   0.025  -0.062   0.014[0m
[1;32muart:~$ [m[8D[J[00:04:27.706,000] [0m<inf> imu: LSM6DSV16X   a   4.128   5.439   7.863  g  -0.012   0.002  -0.002[0m
[1;32muart:~$ [m[8D[J[1;32muart:~$ [m[8D[J[00:04:27.706,000] [0m<inf> imu: ICM-42688-P  a   4.100   5.301   7.246  g   0.000  -0.005   0.000[0m
[1;32muart:~$ [m[8D[J[1;32muart:~$ [m[8D[J[00:04:27.807,000] [0m<inf> imu: LSM6DS3TR-C  a   3.828   5.346   7.615  g   0.027  -0.062   0.015[0m
[1;32muart:~$ [m[8D[J[00:04:27.808,000] [0m<inf> imu: LSM6DSV16X   a   4.121   5.442   7.877  g  -0.011   0.002  -0.002[0m
[1;32muart:~$ [m[8D[J[1;32muart:~$ [m[8D[J[00:04:27.808,000] [0m<inf> imu: ICM-42688-P  a   4.098   5.307   7.272  g  -0.001  -0.005   0.000[0m
[1;32muart:~$ [m[8D[J[00:04:27.909,000] [0m<inf> imu: LSM6DS3TR-C  a   3.845   5.411   7.611  g   0.025  -0.063   0.013[0m
[1;32muart:~$ [m[8D[J[1;32muart:~$ [m[8D[J[00:04:27.910,000] [0m<inf> imu: LSM6DSV16X   a   4.113   5.448   7.875  g  -0.011   0.003  -0.003[0m
[1;32muart:~$ [m[8D[J[00:04:27.911,000] [0m<inf> imu: ICM-42688-P  a   4.108   5.288   7.254  g   0.001  -0.005  -0.000[0m
[1;32muart:~$ [m[8D[J[1;32muart:~$ [m[8D[J[00:04:28.012,000] [0m<inf> imu: LSM6DS3TR-C  a   3.849   5.375   7.629  g   0.027  -0.065   0.014[0m
[1;32muart:~$ [m[8D[J[00:04:28.012,000] [0m<inf> imu: LSM6DSV16X   a   4.118   5.458   7.887  g  -0.012   0.002  -0.002[0m
[1;32muart:~$ [m[8D[J[1;32muart:~$ [m[8D[J[00:04:28.013,000] [0m<inf> imu: ICM-42688-P  a   4.110   5.320   7.276  g  -0.002  -0.005   0.000[0m
[1;32muart:~$ [m[8D[J[00:04:28.114,000] [0m<inf> imu: LSM6DS3TR-C  a   3.834   5.331   7.574  g   0.024  -0.064   0.013[0m
[1;32muart:~$ [m[8D[J[00:04:28.115,000] [0m<inf> imu: LSM6DSV16X   a   4.123   5.428   7.861  g  -0.011   0.002  -0.002[0m
[1;32muart:~$ [m[8D[J[1;32muart:~$ [m[8D[J[00:04:28.115,000] [0m<inf> imu: ICM-42688-P  a   4.105   5.288   7.254  g   0.000  -0.005   0.000[0m
[1;32muart:~$ [m[8D[J[00:04:28.217,000] [0m<inf> imu: LSM6DS3TR-C  a   3.846   5.402   7.601  g   0.024  -0.061   0.013[0m
[1;32muart:~$ [m[8D[J[00:04:28.218,000] [0m<inf> imu: LSM6DSV16X   a   4.130   5.441   7.877  g  -0.012   0.002  -0.002[0m
[1;32muart:~$ [m[8D[J[1;32muart:~$ [m[8D[J[00:04:28.218,000] [0m<inf> imu: ICM-42688-P  a   4.104   5.307   7.246  g   0.000  -0.005  -0.001[0m
[1;32muart:~$ [m[8D[J[00:04:28.320,000] [0m<inf> imu: LSM6DS3TR-C  a   3.850   5.359   7.573  g   0.024  -0.062   0.013[0m
[1;32muart:~$ [m[8D[J[1;32muart:~$ [m[8D[J[00:04:28.320,000] [0m<inf> imu: LSM6DSV16X   a   4.123   5.427   7.865  g  -0.011   0.002  -0.003[0m
[1;32muart:~$ [m[8D[J[00:04:28.321,000] [0m<inf> imu: ICM-42688-P  a   4.106   5.301   7.238  g   0.000  -0.005  -0.001[0m
[1;32muart:~$ [m[8D[J[1;32muart:~$ [m[8D[J[00:04:28.423,000] [0m<inf> imu: LSM6DS3TR-C  a   3.857   5.380   7.576  g   0.023  -0.062   0.014[0m
[1;32muart:~$ [m[8D[J[00:04:28.424,000] [0m<inf> imu: LSM6DSV16X   a   4.137   5.448   7.906  g  -0.012   0.002  -0.002[0m
[1;32muart:~$ [m[8D[J[1;32muart:~$ [m[8D[J[00:04:28.425,000] [0m<inf> imu: ICM-42688-P  a   4.112   5.321   7.280  g   0.000  -0.005   0.000[0m
[1;32muart:~$ [m[8D[J[00:04:28.526,000] [0m<inf> imu: LSM6DS3TR-C  a   3.831   5.373   7.559  g   0.022  -0.061   0.014[0m
[1;32muart:~$ [m[8D[J[1;32muart:~$ [m[8D[J[00:04:28.526,000] [0m<inf> imu: LSM6DSV16X   a   4.120   5.445   7.856  g  -0.012   0.002  -0.002[0m
[1;32muart:~$ [m[8D[J[00:04:28.527,000] [0m<inf> imu: ICM-42688-P  a   4.100   5.301   7.242  g   0.000  -0.005   0.001[0m
[1;32muart:~$ [m[8D[J[1;32muart:~$ [m[8D[J[00:04:28.628,000] [0m<inf> imu: LSM6DS3TR-C  a   3.881   5.365   7.560  g   0.023  -0.062   0.015[0m
[1;32muart:~$ [m[8D[J[00:04:28.629,000] [0m<inf> imu: LSM6DSV16X   a   4.128   5.451   7.884  g  -0.011   0.001  -0.002[0m
[1;32muart:~$ [m[8D[J[1;32muart:~$ [m[8D[J[00:04:28.629,000] [0m<inf> imu: ICM-42688-P  a   4.104   5.303   7.278  g  -0.001  -0.006   0.000[0m
[1;32muart:~$ [m[8D[J[00:04:28.730,000] [0m<inf> imu: LSM6DS3TR-C  a   3.870   5.338   7.564  g   0.025  -0.064   0.012[0m
[1;32muart:~$ [m[8D[J[00:04:28.731,000] [0m<inf> imu: LSM6DSV16X   a   4.116   5.429   7.863  g  -0.012   0.002  -0.003[0m
[1;32muart:~$ [m[8D[J[1;32muart:~$ [m[8D[J[00:04:28.732,000] [0m<inf> imu: ICM-42688-P  a   4.095   5.298   7.257  g   0.000  -0.005   0.001[0m
[1;32muart:~$ [m[8D[J[00:04:28.833,000] [0m<inf> imu: LSM6DS3TR-C  a   3.860   5.411   7.604  g   0.026  -0.062   0.012[0m
[1;32muart:~$ [m[8D[J[00:04:28.834,000] [0m<inf> imu: LSM6DSV16X   a   4.132   5.448   7.875  g  -0.011   0.002  -0.002[0m
[1;32muart:~$ [m[8D[J[1;32muart:~$ [m[8D[J[00:04:28.835,000] [0m<inf> imu: ICM-42688-P  a   4.120   5.321   7.268  g   0.001  -0.004  -0.001[0m
[1;32muart:~$ [m[8D[J[00:04:28.936,000] [0m<inf> imu: LSM6DS3TR-C  a   3.822   5.374   7.613  g   0.024  -0.061   0.015[0m
[1;32muart:~$ [m[8D[J[1;32muart:~$ [m[8D[J[00:04:28.937,000] [0m<inf> imu: LSM6DSV16X   a   4.128   5.441   7.885  g  -0.010   0.003  -0.002[0m
[1;32muart:~$ [m[8D[J[00:04:28.937,000] [0m<inf> imu: ICM-42688-P  a   4.095   5.307   7.265  g   0.000  -0.005   0.000[0m
[1;32muart:~$ [m[8D[J[1;32muart:~$ [m[8D[J[00:04:29.039,000] [0m<inf> imu: LSM6DS3TR-C  a   3.849   5.387   7.576  g   0.024  -0.063   0.015[0m
[1;32muart:~$ [m[8D[J[00:04:29.040,000] [0m<inf> imu: LSM6DSV16X   a   4.119   5.447   7.870  g  -0.012   0.001  -0.002[0m
[1;32muart:~$ [m[8D[J[1;32muart:~$ [m[8D[J[00:04:29.040,000] [0m<inf> imu: ICM-42688-P  a   4.104   5.303   7.263  g   0.001  -0.004   0.000[0m
[1;32muart:~$ [m[8D[J[00:04:29.141,000] [0m<inf> imu: LSM6DS3TR-C  a   3.814   5.319   7.549  g   0.023  -0.064   0.016[0m
[1;32muart:~$ [m[8D[J[1;32muart:~$ [m[8D[J[00:04:29.142,000] [0m<inf> imu: LSM6DSV16X   a   4.110   5.407   7.846  g  -0.012   0.001  -0.001[0m
[1;32muart:~$ [m[8D[J[00:04:29.143,000] [0m<inf> imu: ICM-42688-P  a   4.092   5.265   7.245  g   0.000  -0.005   0.002[0m
[1;32muart:~$ [m[8D[J[1;32muart:~$ [m[8D[J[00:04:29.244,000] [0m<inf> imu: LSM6DS3TR-C  a   3.876   5.378   7.577  g   0.024  -0.063   0.013[0m
[1;32muart:~$ [m[8D[J[00:04:29.244,000] [0m<inf> imu: LSM6DSV16X   a   4.125   5.455   7.881  g  -0.010   0.002  -0.002[0m
[1;32muart:~$ [m[8D[J[1;32muart:~$ [m[8D[J[00:04:29.245,000] [0m<inf> imu: ICM-42688-P  a   4.123   5.292   7.275  g   0.001  -0.005   0.000[0m
[1;32muart:~$ [m[8D[J[00:04:29.346,000] [0m<inf> imu: LSM6DS3TR-C  a   3.876   5.349   7.566  g   0.024  -0.063   0.014[0m
[1;32muart:~$ [m[8D[J[00:04:29.347,000] [0m<inf> imu: LSM6DSV16X   a   4.119   5.450   7.880  g  -0.012   0.002  -0.002[0m
[1;32muart:~$ [m[8D[J[1;32muart:~$ [m[8D[J[00:04:29.347,000] [0m<inf> imu: ICM-42688-P  a   4.086   5.315   7.278  g  -0.002  -0.005   0.000[0m
[1;32muart:~$ [m[8D[J[00:04:29.449,000] [0m<inf> imu: LSM6DS3TR-C  a   3.858   5.390   7.588  g   0.024  -0.064   0.015[0m
[1;32muart:~$ [m[8D[J[1;32muart:~$ [m[8D[J[00:04:29.449,000] [0m<inf> imu: LSM6DSV16X   a   4.131   5.459   7.885  g  -0.011   0.002  -0.002[0m
[1;32muart:~$ [m[8D[J[00:04:29.450,000] [0m<inf> imu: ICM-42688-P  a   4.105   5.313   7.266  g  -0.000  -0.005  -0.001[0m
[1;32muart:~$ [m[8D[J[00:04:29.552,000] [0m<inf> imu: LSM6DS3TR-C  a   3.817   5.372   7.594  g   0.026  -0.064   0.013[0m
[1;32muart:~$ [m[8D[J[1;32muart:~$ [m[8D[J[00:04:29.552,000] [0m<inf> imu: LSM6DSV16X   a   4.122   5.444   7.861  g  -0.012   0.002  -0.002[0m
[1;32muart:~$ [m[8D[J[00:04:29.553,000] [0m<inf> imu: ICM-42688-P  a   4.108   5.297   7.247  g  -0.001  -0.005   0.000[0m
[1;32muart:~$ [m[8D[J[00:04:29.654,000] [0m<inf> imu: LSM6DS3TR-C  a   3.847   5.378   7.585  g   0.025  -0.064   0.014[0m
[1;32muart:~$ [m[8D[J[00:04:29.655,000] [0m<inf> imu: LSM6DSV16X   a   4.126   5.436   7.868  g  -0.011   0.001  -0.002[0m
[1;32muart:~$ [m[8D[J[1;32muart:~$ [m[8D[J[00:04:29.655,000] [0m<inf> imu: ICM-42688-P  a   4.104   5.309   7.263  g  -0.001  -0.005   0.001[0m
[1;32muart:~$ [m[8D[J[1;32muart:~$ [m[8D[J[00:04:29.756,000] [0m<inf> imu: LSM6DS3TR-C  a   3.849   5.350   7.577  g   0.025  -0.064   0.014[0m
[1;32muart:~$ [m[8D[J[00:04:29.757,000] [0m<inf> imu: LSM6DSV16X   a   4.125   5.441   7.873  g  -0.010   0.002  -0.002[0m
[1;32muart:~$ [m[8D[J[1;32muart:~$ [m[8D[J[00:04:29.757,000] [0m<inf> imu: ICM-42688-P  a   4.100   5.306   7.268  g   0.000  -0.005   0.001[0m
[1;32muart:~$ [m[8D[J[00:04:29.858,000] [0m<inf> imu: LSM6DS3TR-C  a   3.849   5.382   7.584  g   0.024  -0.063   0.016[0m
[1;32muart:~$ [m[8D[J[1;32muart:~$ [m[8D[J[00:04:29.859,000] [0m<inf> imu: LSM6DSV16X   a   4.122   5.450   7.885  g  -0.011   0.002  -0.001[0m
[1;32muart:~$ [m[8D[J[00:04:29.860,000] [0m<inf> imu: ICM-42688-P  a   4.094   5.320   7.268  g  -0.001  -0.005  -0.001[0m
[1;32muart:~$ [m[8D[J[1;32muart:~$ [m[8D[J[00:04:29.961,000] [0m<inf> imu: LSM6DS3TR-C  a   3.840   5.366   7.630  g   0.027  -0.062   0.013[0m
[1;32muart:~$ [m[8D[J[00:04:29.961,000] [0m<inf> imu: LSM6DSV16X   a   4.122   5.448   7.880  g  -0.012   0.002  -0.002[0m
[1;32muart:~$ [m[8D[J[1;32muart:~$ [m[8D[J[00:04:29.962,000] [0m<inf> imu: ICM-42688-P  a   4.107   5.276   7.239  g   0.001  -0.005   0.000[0m
[1;32muart:~$ [m[8D[J[00:04:30.063,000] [0m<inf> imu: LSM6DS3TR-C  a   3.851   5.365   7.621  g   0.022  -0.064   0.013[0m
[1;32muart:~$ [m[8D[J[00:04:30.064,000] [0m<inf> imu: LSM6DSV16X   a   4.119   5.443   7.867  g  -0.012   0.002  -0.003[0m
[1;32muart:~$ [m[8D[J[1;32muart:~$ [m[8D[J[00:04:30.064,000] [0m<inf> imu: ICM-42688-P  a   4.100   5.291   7.256  g   0.000  -0.005   0.000[0m
[1;32muart:~$ [m[8D[J[00:04:30.166,000] [0m<inf> imu: LSM6DS3TR-C  a   3.875   5.326   7.590  g   0.026  -0.061   0.015[0m
[1;32muart:~$ [m[8D[J[1;32muart:~$ [m[8D[J[00:04:30.167,000] [0m<inf> imu: LSM6DSV16X   a   4.123   5.443   7.880  g  -0.012   0.002  -0.003[0m
[1;32muart:~$ [m[8D[J[00:04:30.168,000] [0m<inf> imu: ICM-42688-P  a   4.096   5.312   7.250  g   0.000  -0.005   0.001[0m
[1;32muart:~$ [m[8D[J[00:04:30.269,000] [0m<inf> imu: LSM6DS3TR-C  a   3.833   5.378   7.606  g   0.024  -0.060   0.016[0m
[1;32muart:~$ [m[8D[J[1;32muart:~$ [m[8D[J[00:04:30.270,000] [0m<inf> imu: LSM6DSV16X   a   4.123   5.446   7.878  g  -0.012   0.001  -0.003[0m
[1;32muart:~$ [m[8D[J[00:04:30.270,000] [0m<inf> imu: ICM-42688-P  a   4.108   5.288   7.259  g  -0.002  -0.005  -0.001[0m
[1;32muart:~$ [m[8D[J[00:04:30.372,000] [0m<inf> imu: LSM6DS3TR-C  a   3.884   5.367   7.578  g   0.023  -0.060   0.013[0m
[1;32muart:~$ [m[8D[J[00:04:30.372,000] [0m<inf> imu: LSM6DSV16X   a   4.128   5.441   7.872  g  -0.011   0.002  -0.002[0m
[1;32muart:~$ [m[8D[J[1;32muart:~$ [m[8D[J[00:04:30.373,000] [0m<inf> imu: ICM-42688-P  a   4.118   5.285   7.256  g   0.000  -0.005  -0.001[0m
[1;32muart:~$ [m[8D[J[1;32muart:~$ [m[8D[J[00:04:30.474,000] [0m<inf> imu: LSM6DS3TR-C  a   3.871   5.349   7.585  g   0.024  -0.064   0.014[0m
[1;32muart:~$ [m[8D[J[00:04:30.475,000] [0m<inf> imu: LSM6DSV16X   a   4.116   5.434   7.875  g  -0.011   0.002  -0.002[0m
[1;32muart:~$ [m[8D[J[1;32muart:~$ [m[8D[J[00:04:30.475,000] [0m<inf> imu: ICM-42688-P  a   4.085   5.309   7.256  g  -0.001  -0.005   0.001[0m
[1;32muart:~$ [m[8D[J[00:04:30.576,000] [0m<inf> imu: LSM6DS3TR-C  a   3.817   5.410   7.560  g   0.025  -0.063   0.013[0m
[1;32muart:~$ [m[8D[J[1;32muart:~$ [m[8D[J[00:04:30.577,000] [0m<inf> imu: LSM6DSV16X   a   4.114   5.459   7.877  g  -0.012   0.002  -0.003[0m
[1;32muart:~$ [m[8D[J[00:04:30.578,000] [0m<inf> imu: ICM-42688-P  a   4.104   5.324   7.264  g  -0.001  -0.005   0.000[0m
[1;32muart:~$ [m[8D[J[1;32muart:~$ [m[8D[J[00:04:30.679,000] [0m<inf> imu: LSM6DS3TR-C  a   3.862   5.359   7.584  g   0.024  -0.061   0.014[0m
[1;32muart:~$ [m[8D[J[00:04:30.679,000] [0m<inf> imu: LSM6DSV16X   a   4.117   5.431   7.865  g  -0.012   0.002  -0.002[0m
[1;32muart:~$ [m[8D[J[1;32muart:~$ [m[8D[J[00:04:30.680,000] [0m<inf> imu: ICM-42688-P  a   4.101   5.295   7.247  g   0.000  -0.005   0.000[0m
[1;32muart:~$ [m[8D[J[00:04:30.781,000] [0m<inf> imu: LSM6DS3TR-C  a   3.882   5.391   7.573  g   0.024  -0.064   0.015[0m
[1;32muart:~$ [m[8D[J[00:04:30.782,000] [0m<inf> imu: LSM6DSV16X   a   4.120   5.437   7.867  g  -0.011   0.002  -0.002[0m
[1;32muart:~$ [m[8D[J[1;32muart:~$ [m[8D[J[00:04:30.782,000] [0m<inf> imu: ICM-42688-P  a   4.117   5.284   7.254  g   0.000  -0.004   0.001[0m
[1;32muart:~$ [m[8D[J[00:04:30.884,000] [0m<inf> imu: LSM6DS3TR-C  a   3.884   5.324   7.604  g   0.024  -0.060   0.015[0m
[1;32muart:~$ [m[8D[J[00:04:30.885,000] [0m<inf> imu: LSM6DSV16X   a   4.118   5.431   7.853  g  -0.011   0.002  -0.003[0m
[1;32muart:~$ [m[8D[J[1;32muart:~$ [m[8D[J[00:04:30.886,000] [0m<inf> imu: ICM-42688-P  a   4.112   5.280   7.252  g   0.001  -0.004   0.000[0m
[1;32muart:~$ [m[8D[J[00:04:30.987,000] [0m<inf> imu: LSM6DS3TR-C  a   3.849   5.369   7.593  g   0.025  -0.062   0.014[0m
[1;32muart:~$ [m[8D[J[1;32muart:~$ [m[8D[J[00:04:30.988,000] [0m<inf> imu: LSM6DSV16X   a   4.132   5.446   7.874  g  -0.011   0.002  -0.002[0m
[1;32muart:~$ [m[8D[J[00:04:30.988,000] [0m<inf> imu: ICM-42688-P  a   4.104   5.296   7.271  g  -0.002  -0.005  -0.000[0m
[1;32muart:~$ [m[8D[J[00:04:31.090,000] [0m<inf> imu: LSM6DS3TR-C  a   3.879   5.366   7.610  g   0.024  -0.063   0.014[0m
[1;32muart:~$ [m[8D[J[00:04:31.090,000] [0m<inf> imu: LSM6DSV16X   a   4.129   5.439   7.869  g  -0.011   0.003  -0.002[0m
[1;32muart:~$ [m[8D[J[1;32muart:~$ [m[8D[J[00:04:31.091,000] [0m<inf> imu: ICM-42688-P  a   4.104   5.297   7.251  g   0.000  -0.005   0.001[0m
[1;32muart:~$ [m[8D[J[1;32muart:~$ [m[8D[J[00:04:31.192,000] [0m<inf> imu: LSM6DS3TR-C  a   3.872   5.359   7.549  g   0.023  -0.061   0.015[0m
[1;32muart:~$ [m[8D[J[00:04:31.193,000] [0m<inf> imu: LSM6DSV16X   a   4.111   5.425   7.856  g  -0.010   0.002  -0.002[0m
[1;32muart:~$ [m[8D[J[1;32muart:~$ [m[8D[J[00:04:31.193,000] [0m<inf> imu: ICM-42688-P  a   4.114   5.288   7.263  g  -0.000  -0.005   0.001[0m
[1;32muart:~$ [m[8D[J[00:04:31.294,000] [0m<inf> imu: LSM6DS3TR-C  a   3.851   5.395   7.650  g   0.024  -0.064   0.016[0m
[1;32muart:~$ [m[8D[J[1;32muart:~$ [m[8D[J[00:04:31.295,000] [0m<inf> imu: LSM6DSV16X   a   4.123   5.453   7.887  g  -0.011   0.002  -0.002[0m
[1;32muart:~$ [m[8D[J[00:04:31.295,000] [0m<inf> imu: ICM-42688-P  a   4.118   5.312   7.271  g   0.000  -0.005   0.001[0m
[1;32muart:~$ [m[8D[J[1;32muart:~$ [m[8D[J[00:04:31.396,000] [0m<inf> imu: LSM6DS3TR-C  a   3.848   5.367   7.592  g   0.024  -0.062   0.013[0m
[1;32muart:~$ [m[8D[J[00:04:31.397,000] [0m<inf> imu: LSM6DSV16X   a   4.123   5.448   7.863  g  -0.011   0.002  -0.002[0m
[1;32muart:~$ [m[8D[J[1;32muart:~$ [m[8D[J[00:04:31.398,000] [0m<inf> imu: ICM-42688-P  a   4.095   5.314   7.254  g  -0.001  -0.005   0.000[0m
[1;32muart:~$ [m[8D[J[00:04:31.499,000] [0m<inf> imu: LSM6DS3TR-C  a   3.866   5.382   7.608  g   0.025  -0.062   0.013[0m
[1;32muart:~$ [m[8D[J[00:04:31.500,000] [0m<inf> imu: LSM6DSV16X   a   4.129   5.451   7.885  g  -0.011   0.002  -0.002[0m
[1;32muart:~$ [m[8D[J[1;32muart:~$ [m[8D[J[00:04:31.500,000] [0m<inf> imu: ICM-42688-P  a   4.116   5.301   7.275  g  -0.000  -0.005   0.001[0m
[1;32muart:~$ [m[8D[J[00:04:31.602,000] [0m<inf> imu: LSM6DS3TR-C  a   3.840   5.364   7.606  g   0.025  -0.062   0.013[0m
[1;32muart:~$ [m[8D[J[1;32muart:~$ [m[8D[J[00:04:31.603,000] [0m<inf> imu: LSM6DSV16X   a   4.116   5.432   7.873  g  -0.011   0.002  -0.003[0m
[1;32muart:~$ [m[8D[J[00:04:31.604,000] [0m<inf> imu: ICM-42688-P  a   4.092   5.283   7.242  g  -0.000  -0.005  -0.001[0m
[1;32muart:~$ [m[8D[J[1;32muart:~$ [m[8D[J[00:04:31.705,000] [0m<inf> imu: LSM6DS3TR-C  a   3.869   5.398   7.622  g   0.025  -0.064   0.014[0m
[1;32muart:~$ [m[8D[J[00:04:31.705,000] [0m<inf> imu: LSM6DSV16X   a   4.126   5.455   7.880  g  -0.011   0.001  -0.002[0m
[1;32muart:~$ [m[8D[J[00:04:31.706,000] [0m<inf> imu: ICM-42688-P  a   4.088   5.312   7.256  g  -0.000  -0.005   0.001[0m
[1;32muart:~$ [m[8D[J[1;32muart:~$ [m[8D[J[00:04:31.808,000] [0m<inf> imu: LSM6DS3TR-C  a   3.854   5.355   7.584  g   0.023  -0.062   0.015[0m
[1;32muart:~$ [m[8D[J[00:04:31.809,000] [0m<inf> imu: LSM6DSV16X   a   4.120   5.420   7.860  g  -0.011   0.002  -0.002[0m
[1;32muart:~$ [m[8D[J[1;32muart:~$ [m[8D[J[00:04:31.810,000] [0m<inf> imu: ICM-42688-P  a   4.100   5.285   7.250  g   0.001  -0.004   0.001[0m
[1;32muart:~$ [m[8D[J[00:04:31.911,000] [0m<inf> imu: LSM6DS3TR-C  a   3.883   5.372   7.613  g   0.024  -0.063   0.013[0m
[1;32muart:~$ [m[8D[J[1;32muart:~$ [m[8D[J[00:04:31.911,000] [0m<inf> imu: LSM6DSV16X   a   4.113   5.432   7.861  g  -0.011   0.002  -0.002[0m
[1;32muart:~$ [m[8D[J[00:04:31.912,000] [0m<inf> imu: ICM-42688-P  a   4.085   5.271   7.216  g   0.001  -0.004   0.000[0m
[1;32muart:~$ [m[8D[J[1;32muart:~$ [m[8D[J[00:04:32.013,000] [0m<inf> imu: LSM6DS3TR-C  a   3.864   5.358   7.619  g   0.023  -0.063   0.015[0m
[1;32muart:~$ [m[8D[J[00:04:32.014,000] [0m<inf> imu: LSM6DSV16X   a   4.132   5.451   7.874  g  -0.011   0.002  -0.002[0m
[1;32muart:~$ [m[8D[J[1;32muart:~$ [m[8D[J[00:04:32.014,000] [0m<inf> imu: ICM-42688-P  a   4.125   5.316   7.270  g  -0.001  -0.005   0.000[0m
[1;32muart:~$ [m[8D[J[00:04:32.115,000] [0m<inf> imu: LSM6DS3TR-C  a   3.822   5.340   7.611  g   0.024  -0.063   0.014[0m
[1;32muart:~$ [m[8D[J[00:04:32.116,000] [0m<inf> imu: LSM6DSV16X   a   4.116   5.436   7.863  g  -0.013   0.002  -0.002[0m
[1;32muart:~$ [m[8D[J[1;32muart:~$ [m[8D[J[00:04:32.116,000] [0m<inf> imu: ICM-42688-P  a   4.106   5.294   7.254  g  -0.001  -0.006   0.001[0m
[1;32muart:~$ [m[8D[J[00:04:32.218,000] [0m<inf> imu: LSM6DS3TR-C  a   3.873   5.312   7.620  g   0.025  -0.062   0.013[0m
[1;32muart:~$ [m[8D[J[00:04:32.219,000] [0m<inf> imu: LSM6DSV16X   a   4.127   5.450   7.882  g  -0.013   0.002  -0.002[0m
[1;32muart:~$ [m[8D[J[1;32muart:~$ [m[8D[J[00:04:32.220,000] [0m<inf> imu: ICM-42688-P  a   4.108   5.302   7.272  g   0.000  -0.005  -0.000[0m
[1;32muart:~$ [m[8D[J[00:04:32.321,000] [0m<inf> imu: LSM6DS3TR-C  a   3.861   5.335   7.578  g   0.024  -0.062   0.015[0m
[1;32muart:~$ [m[8D[J[1;32muart:~$ [m[8D[J[00:04:32.322,000] [0m<inf> imu: LSM6DSV16X   a   4.128   5.420   7.872  g  -0.012   0.002  -0.002[0m
[1;32muart:~$ [m[8D[J[00:04:32.322,000] [0m<inf> imu: ICM-42688-P  a   4.111   5.289   7.247  g  -0.001  -0.006   0.000[0m
[1;32muart:~$ [m[8D[J[1;32muart:~$ [m[8D[J[00:04:32.424,000] [0m<inf> imu: LSM6DS3TR-C  a   3.849   5.326   7.624  g   0.024  -0.063   0.015[0m
[1;32muart:~$ [m[8D[J[00:04:32.425,000] [0m<inf> imu: LSM6DSV16X   a   4.118   5.439   7.870  g  -0.011   0.002  -0.002[0m
[1;32muart:~$ [m[8D[J[1;32muart:~$ [m[8D[J[00:04:32.426,000] [0m<inf> imu: ICM-42688-P  a   4.099   5.302   7.245  g   0.000  -0.005   0.001[0m
[1;32muart:~$ [m[8D[J[00:04:32.527,000] [0m<inf> imu: LSM6DS3TR-C  a   3.859   5.381   7.632  g   0.025  -0.063   0.015[0m
[1;32muart:~$ [m[8D[J[1;32muart:~$ [m[8D[J[00:04:32.528,000] [0m<inf> imu: LSM6DSV16X   a   4.121   5.442   7.866  g  -0.012   0.002  -0.002[0m
[1;32muart:~$ [m[8D[J[00:04:32.528,000] [0m<inf> imu: ICM-42688-P  a   4.090   5.312   7.263  g   0.000  -0.005   0.001[0m
[1;32muart:~$ [m[8D[J[1;32muart:~$ [m[8D[J[00:04:32.629,000] [0m<inf> imu: LSM6DS3TR-C  a   3.844   5.416   7.633  g   0.021  -0.064   0.014[0m
[1;32muart:~$ [m[8D[J[00:04:32.630,000] [0m<inf> imu: LSM6DSV16X   a   4.135   5.477   7.911  g  -0.013   0.002  -0.002[0m
[1;32muart:~$ [m[8D[J[1;32muart:~$ [m[8D[J[00:04:32.630,000] [0m<inf> imu: ICM-42688-P  a   4.118   5.349   7.286  g   0.001  -0.005   0.001[0m
[1;32muart:~$ [m[8D[J[00:04:32.731,000] [0m<inf> imu: LSM6DS3TR-C  a   3.846   5.312   7.535  g   0.023  -0.061   0.016[0m
[1;32muart:~$ [m[8D[J[00:04:32.732,000] [0m<inf> imu: LSM6DSV16X   a   4.097   5.405   7.823  g  -0.012   0.002  -0.002[0m
[1;32muart:~$ [m[8D[J[1;32muart:~$ [m[8D[J[00:04:32.733,000] [0m<inf> imu: ICM-42688-P  a   4.073   5.253   7.216  g   0.000  -0.005   0.000[0m
[1;32muart:~$ [m[8D[J[00:04:32.834,000] [0m<inf> imu: LSM6DS3TR-C  a   3.843   5.367   7.607  g   0.024  -0.063   0.014[0m
[1;32muart:~$ [m[8D[J[1;32muart:~$ [m[8D[J[00:04:32.835,000] [0m<inf> imu: LSM6DSV16X   a   4.140   5.456   7.895  g  -0.012   0.002  -0.002[0m
[1;32muart:~$ [m[8D[J[00:04:32.836,000] [0m<inf> imu: ICM-42688-P  a   4.117   5.324   7.288  g   0.001  -0.004   0.000[0m
[1;32muart:~$ [m[8D[J[1;32muart:~$ [m[8D[J[00:04:32.937,000] [0m<inf> imu: LSM6DS3TR-C  a   3.833   5.331   7.632  g   0.026  -0.064   0.014[0m
[1;32muart:~$ [m[8D[J[00:04:32.938,000] [0m<inf> imu: LSM6DSV16X   a   4.116   5.429   7.853  g  -0.009   0.003  -0.002[0m
[1;32muart:~$ [m[8D[J[00:04:32.938,000] [0m<inf> imu: ICM-42688-P  a   4.104   5.280   7.244  g   0.001  -0.005   0.000[0m
[1;32muart:~$ [m[8D[J[1;32muart:~$ [m[8D[J[00:04:33.040,000] [0m<inf> imu: LSM6DS3TR-C  a   3.828   5.407   7.608  g   0.027  -0.064   0.012[0m
[1;32muart:~$ [m[8D[J[00:04:33.041,000] [0m<inf> imu: LSM6DSV16X   a   4.130   5.451   7.880  g  -0.011   0.001  -0.001[0m
[1;32muart:~$ [m[8D[J[1;32muart:~$ [m[8D[J[00:04:33.042,000] [0m<inf> imu: ICM-42688-P  a   4.117   5.318   7.287  g   0.000  -0.005   0.001[0m
[1;32muart:~$ [m[8D[J[00:04:33.143,000] [0m<inf> imu: LSM6DS3TR-C  a   3.851   5.341   7.590  g   0.024  -0.061   0.015[0m
[1;32muart:~$ [m[8D[J[1;32muart:~$ [m[8D[J[00:04:33.144,000] [0m<inf> imu: LSM6DSV16X   a   4.123   5.443   7.868  g  -0.011   0.001  -0.002[0m
[1;32muart:~$ [m[8D[J[00:04:33.144,000] [0m<inf> imu: ICM-42688-P  a   4.104   5.297   7.251  g  -0.001  -0.005   0.000[0m
[1;32muart:~$ [m[8D[J[1;32muart:~$ [m[8D[J[00:04:33.245,000] [0m<inf> imu: LSM6DS3TR-C  a   3.836   5.372   7.585  g   0.026  -0.062   0.014[0m
[1;32muart:~$ [m[8D[J[00:04:33.246,000] [0m<inf> imu: LSM6DSV16X   a   4.122   5.438   7.873  g  -0.012   0.002  -0.002[0m
[1;32muart:~$ [m[8D[J[1;32muart:~$ [m[8D[J[00:04:33.247,000] [0m<inf> imu: ICM-42688-P  a   4.096   5.297   7.275  g  -0.001  -0.006   0.000[0m
[1;32muart:~$ [m[8D[J[00:04:33.348,000] [0m<inf> imu: LSM6DS3TR-C  a   3.824   5.369   7.596  g   0.024  -0.062   0.013[0m
[1;32muart:~$ [m[8D[J[00:04:33.348,000] [0m<inf> imu: LSM6DSV16X   a   4.120   5.436   7.875  g  -0.012   0.002  -0.002[0m
[1;32muart:~$ [m[8D[J[1;32muart:~$ [m[8D[J[00:04:33.349,000] [0m<inf> imu: ICM-42688-P  a   4.104   5.300   7.268  g  -0.000  -0.005   0.000[0m
[1;32muart:~$ [m[8D[J[00:04:33.451,000] [0m<inf> imu: LSM6DS3TR-C  a   3.852   5.341   7.582  g   0.024  -0.061   0.014[0m
[1;32muart:~$ [m[8D[J[1;32muart:~$ [m[8D[J[00:04:33.451,000] [0m<inf> imu: LSM6DSV16X   a   4.119   5.439   7.868  g  -0.011   0.002  -0.002[0m
[1;32muart:~$ [m[8D[J[00:04:33.452,000] [0m<inf> imu: ICM-42688-P  a   4.106   5.292   7.259  g   0.000  -0.005  -0.001[0m
[1;32muart:~$ [m[8D[J[1;32muart:~$ [m[8D[J[00:04:33.553,000] [0m<inf> imu: LSM6DS3TR-C  a   3.884   5.363   7.609  g   0.023  -0.063   0.014[0m
[1;32muart:~$ [m[8D[J[00:04:33.554,000] [0m<inf> imu: LSM6DSV16X   a   4.123   5.454   7.887  g  -0.011   0.002  -0.002[0m
[1;32muart:~$ [m[8D[J[00:04:33.554,000] [0m<inf> imu: ICM-42688-P  a   4.105   5.308   7.284  g  -0.000  -0.005  -0.000[0m
[1;32muart:~$ [m[8D[J[1;32muart:~$ [m[8D[J[00:04:33.656,000] [0m<inf> imu: LSM6DS3TR-C  a   3.840   5.396   7.599  g   0.025  -0.061   0.015[0m
[1;32muart:~$ [m[8D[J[00:04:33.657,000] [0m<inf> imu: LSM6DSV16X   a   4.111   5.439   7.867  g  -0.012   0.002  -0.002[0m
[1;32muart:~$ [m[8D[J[1;32muart:~$ [m[8D[J[00:04:33.658,000] [0m<inf> imu: ICM-42688-P  a   4.094   5.289   7.256  g   0.000  -0.005   0.001[0m
[1;32muart:~$ [m[8D[J[00:04:33.759,000] [0m<inf> imu: LSM6DS3TR-C  a   3.823   5.382   7.560  g   0.024  -0.062   0.014[0m
[1;32muart:~$ [m[8D[J[1;32muart:~$ [m[8D[J[00:04:33.760,000] [0m<inf> imu: LSM6DSV16X   a   4.128   5.442   7.865  g  -0.011   0.001  -0.002[0m
[1;32muart:~$ [m[8D[J[00:04:33.760,000] [0m<inf> imu: ICM-42688-P  a   4.100   5.297   7.254  g   0.001  -0.005   0.000[0m
[1;32muart:~$ [m[8D[J[1;32muart:~$ [m[8D[J[00:04:33.862,000] [0m<inf> imu: LSM6DS3TR-C  a   3.833   5.363   7.620  g   0.023  -0.064   0.013[0m
[1;32muart:~$ [m[8D[J[00:04:33.862,000] [0m<inf> imu: LSM6DSV16X   a   4.127   5.441   7.879  g  -0.011   0.001  -0.002[0m
[1;32muart:~$ [m[8D[J[1;32muart:~$ [m[8D[J[00:04:33.863,000] [0m<inf> imu: ICM-42688-P  a   4.095   5.304   7.278  g   0.001  -0.005   0.000[0m
[1;32muart:~$ [m[8D[J[00:04:33.964,000] [0m<inf> imu: LSM6DS3TR-C  a   3.872   5.369   7.571  g   0.026  -0.063   0.013[0m
[1;32muart:~$ [m[8D[J[00:04:33.965,000] [0m<inf> imu: LSM6DSV16X   a   4.118   5.444   7.868  g  -0.012   0.003  -0.002[0m
[1;32muart:~$ [m[8D[J[1;32muart:~$ [m[8D[J[00:04:33.965,000] [0m<inf> imu: ICM-42688-P  a   4.104   5.306   7.266  g  -0.001  -0.006   0.000[0m
[1;32muart:~$ [m[8D[J[00:04:34.067,000] [0m<inf> imu: LSM6DS3TR-C  a   3.821   5.345   7.609  g   0.024  -0.063   0.013[0m
[1;32muart:~$ [m[8D[J[1;32muart:~$ [m[8D[J[00:04:34.068,000] [0m<inf> imu: LSM6DSV16X   a   4.126   5.435   7.869  g  -0.011   0.003  -0.002[0m
[1;32muart:~$ [m[8D[J[00:04:34.068,000] [0m<inf> imu: ICM-42688-P  a   4.122   5.297   7.271  g  -0.001  -0.005   0.000[0m
[1;32muart:~$ [m[8D[J[1;32muart:~$ [m[8D[J[00:04:34.169,000] [0m<inf> imu: LSM6DS3TR-C  a   3.877   5.372   7.601  g   0.026  -0.061   0.016[0m
[1;32muart:~$ [m[8D[J[00:04:34.170,000] [0m<inf> imu: LSM6DSV16X   a   4.118   5.436   7.860  g  -0.012   0.002  -0.002[0m
[1;32muart:~$ [m[8D[J[00:04:34.171,000] [0m<inf> imu: ICM-42688-P  a   4.125   5.273   7.242  g  -0.001  -0.006   0.000[0m
[1;32muart:~$ [m[8D[J[1;32muart:~$ [m[8D[J[00:04:34.272,000] [0m<inf> imu: LSM6DS3TR-C  a   3.848   5.383   7.635  g   0.025  -0.063   0.013[0m
[1;32muart:~$ [m[8D[J[00:04:34.274,000] [0m<inf> imu: LSM6DSV16X   a   4.116   5.437   7.872  g  -0.011   0.003  -0.002[0m
[1;32muart:~$ [m[8D[J[1;32muart:~$ [m[8D[J[00:04:34.274,000] [0m<inf> imu: ICM-42688-P  a   4.086   5.301   7.260  g   0.001  -0.004   0.000[0m
[1;32muart:~$ [m[8D[J[00:04:34.376,000] [0m<inf> imu: LSM6DS3TR-C  a   3.882   5.329   7.595  g   0.024  -0.064   0.014[0m
[1;32muart:~$ [m[8D[J[1;32muart:~$ [m[8D[J[00:04:34.376,000] [0m<inf> imu: LSM6DSV16X   a   4.127   5.460   7.875  g  -0.012   0.002  -0.002[0m
[1;32muart:~$ [m[8D[J[00:04:34.377,000] [0m<inf> imu: ICM-42688-P  a   4.094   5.295   7.277  g  -0.001  -0.006   0.001[0m
[1;32muart:~$ [m[8D[J[1;32muart:~$ [m[8D[J[00:04:34.478,000] [0m<inf> imu: LSM6DS3TR-C  a   3.831   5.375   7.612  g   0.025  -0.061   0.014[0m
[1;32muart:~$ [m[8D[J[00:04:34.479,000] [0m<inf> imu: LSM6DSV16X   a   4.130   5.436   7.868  g  -0.012   0.002  -0.002[0m
[1;32muart:~$ [m[8D[J[1;32muart:~$ [m[8D[J[00:04:34.479,000] [0m<inf> imu: ICM-42688-P  a   4.117   5.282   7.258  g  -0.001  -0.005   0.000[0m
[1;32muart:~$ [m[8D[J[00:04:34.580,000] [0m<inf> imu: LSM6DS3TR-C  a   3.847   5.390   7.622  g   0.025  -0.063   0.014[0m
[1;32muart:~$ [m[8D[J[00:04:34.581,000] [0m<inf> imu: LSM6DSV16X   a   4.125   5.429   7.868  g  -0.013   0.002  -0.002[0m
[1;32muart:~$ [m[8D[J[1;32muart:~$ [m[8D[J[00:04:34.582,000] [0m<inf> imu: ICM-42688-P  a   4.087   5.298   7.274  g  -0.001  -0.005   0.000[0m
[1;32muart:~$ [m[8D[J[00:04:34.683,000] [0m<inf> imu: LSM6DS3TR-C  a   3.882   5.352   7.572  g   0.024  -0.062   0.014[0m
[1;32muart:~$ [m[8D[J[1;32muart:~$ [m[8D[J[00:04:34.684,000] [0m<inf> imu: LSM6DSV16X   a   4.135   5.441   7.863  g  -0.012   0.002  -0.002[0m
[1;32muart:~$ [m[8D[J[00:04:34.685,000] [0m<inf> imu: ICM-42688-P  a   4.104   5.301   7.259  g   0.000  -0.005   0.001[0m
[1;32muart:~$ [m[8D[J[00:04:34.786,000] [0m<inf> imu: LSM6DS3TR-C  a   3.852   5.380   7.627  g   0.024  -0.062   0.014[0m
[1;32muart:~$ [m[8D[J[1;32muart:~$ [m[8D[J[00:04:34.786,000] [0m<inf> imu: LSM6DSV16X   a   4.108   5.451   7.899  g  -0.012   0.002  -0.003[0m
[1;32muart:~$ [m[8D[J[00:04:34.787,000] [0m<inf> imu: ICM-42688-P  a   4.104   5.306   7.289  g  -0.000  -0.005   0.001[0m
[1;32muart:~$ [m[8D[J[00:04:34.888,000] [0m<inf> imu: LSM6DS3TR-C  a   3.838   5.365   7.576  g   0.024  -0.062   0.015[0m
[1;32muart:~$ [m[8D[J[00:04:34.889,000] [0m<inf> imu: LSM6DSV16X   a   4.135   5.448   7.856  g  -0.010   0.002  -0.002[0m
[1;32muart:~$ [m[8D[J[1;32muart:~$ [m[8D[J[00:04:34.889,000] [0m<inf> imu: ICM-42688-P  a   4.107   5.309   7.252  g   0.000  -0.005   0.000[0m
[1;32muart:~$ [m[8D[J[1;32muart:~$ [m[8D[J[00:04:34.990,000] [0m<inf> imu: LSM6DS3TR-C  a   3.892   5.379   7.609  g   0.024  -0.065   0.014[0m
[1;32muart:~$ [m[8D[J[00:04:34.991,000] [0m<inf> imu: LSM6DSV16X   a   4.126   5.439   7.880  g  -0.011   0.002  -0.002[0m
[1;32muart:~$ [m[8D[J[1;32muart:~$ [m[8D[J[00:04:34.991,000] [0m<inf> imu: ICM-42688-P  a   4.101   5.297   7.260  g  -0.000  -0.005   0.000[0m
[1;32muart:~$ [m[8D[J[00:04:35.093,000] [0m<inf> imu: LSM6DS3TR-C  a   3.815   5.379   7.583  g   0.025  -0.060   0.013[0m
[1;32muart:~$ [m[8D[J[00:04:35.093,000] [0m<inf> imu: LSM6DSV16X   a   4.106   5.445   7.863  g  -0.013   0.001  -0.002[0m
[1;32muart:~$ [m[8D[J[1;32muart:~$ [m[8D[J[00:04:35.094,000] [0m<inf> imu: ICM-42688-P  a   4.094   5.295   7.258  g   0.000  -0.005  -0.000[0m
[1;32muart:~$ [m[8D[J[00:04:35.195,000] [0m<inf> imu: LSM6DS3TR-C  a   3.841   5.355   7.590  g   0.024  -0.062   0.016[0m
[1;32muart:~$ [m[8D[J[00:04:35.196,000] [0m<inf> imu: LSM6DSV16X   a   4.120   5.457   7.885  g  -0.012   0.002  -0.003[0m
[1;32muart:~$ [m[8D[J[1;32muart:~$ [m[8D[J[00:04:35.196,000] [0m<inf> imu: ICM-42688-P  a   4.105   5.316   7.278  g  -0.000  -0.005   0.001[0m
[1;32muart:~$ [m[8D[J[00:04:35.297,000] [0m<inf> imu: LSM6DS3TR-C  a   3.848   5.358   7.599  g   0.025  -0.064   0.013[0m
[1;32muart:~$ [m[8D[J[1;32muart:~$ [m[8D[J[00:04:35.298,000] [0m<inf> imu: LSM6DSV16X   a   4.133   5.436   7.872  g  -0.012   0.002  -0.002[0m
[1;32muart:~$ [m[8D[J[00:04:35.298,000] [0m<inf> imu: ICM-42688-P  a   4.112   5.297   7.263  g  -0.001  -0.005   0.001[0m
[1;32muart:~$ [m[8D[J[00:04:35.399,000] [0m<inf> imu: LSM6DS3TR-C  a   3.824   5.375   7.604  g   0.024  -0.064   0.014[0m
[1;32muart:~$ [m[8D[J[00:04:35.400,000] [0m<inf> imu: LSM6DSV16X   a   4.132   5.456   7.885  g  -0.012   0.002  -0.002[0m
[1;32muart:~$ [m[8D[J[00:04:35.401,000] [0m<inf> imu: ICM-42688-P  a   4.111   5.318   7.271  g  -0.001  -0.005  -0.001[0m
[1;32muart:~$ [m[8D[J[1;32muart:~$ [m[8D[J[00:04:35.502,000] [0m<inf> imu: LSM6DS3TR-C  a   3.803   5.358   7.616  g   0.025  -0.064   0.015[0m
[1;32muart:~$ [m[8D[J[00:04:35.502,000] [0m<inf> imu: LSM6DSV16X   a   4.110   5.427   7.879  g  -0.012   0.002  -0.002[0m
[1;32muart:~$ [m[8D[J[1;32muart:~$ [m[8D[J[00:04:35.503,000] [0m<inf> imu: ICM-42688-P  a   4.095   5.284   7.272  g  -0.001  -0.005   0.000[0m
[1;32muart:~$ [m[8D[J[00:04:35.604,000] [0m<inf> imu: LSM6DS3TR-C  a   3.815   5.370   7.617  g   0.024  -0.062   0.015[0m
[1;32muart:~$ [m[8D[J[1;32muart:~$ [m[8D[J[00:04:35.605,000] [0m<inf> imu: LSM6DSV16X   a   4.113   5.445   7.880  g  -0.010   0.003  -0.002[0m
[1;32muart:~$ [m[8D[J[00:04:35.605,000] [0m<inf> imu: ICM-42688-P  a   4.093   5.306   7.276  g  -0.000  -0.004   0.000[0m
[1;32muart:~$ [m[8D[J[1;32muart:~$ [m[8D[J[00:04:35.707,000] [0m<inf> imu: LSM6DS3TR-C  a   3.839   5.354   7.563  g   0.025  -0.062   0.013[0m
[1;32muart:~$ [m[8D[J[00:04:35.707,000] [0m<inf> imu: LSM6DSV16X   a   4.116   5.429   7.868  g  -0.010   0.002  -0.003[0m
[1;32muart:~$ [m[8D[J[1;32muart:~$ [m[8D[J[00:04:35.708,000] [0m<inf> imu: ICM-42688-P  a   4.093   5.298   7.253  g   0.000  -0.005   0.000[0m
[1;32muart:~$ [m[8D[J[00:04:35.809,000] [0m<inf> imu: LSM6DS3TR-C  a   3.880   5.367   7.602  g   0.022  -0.063   0.014[0m
[1;32muart:~$ [m[8D[J[1;32muart:~$ [m[8D[J[00:04:35.810,000] [0m<inf> imu: LSM6DSV16X   a   4.113   5.436   7.877  g  -0.012   0.002  -0.002[0m
[1;32muart:~$ [m[8D[J[00:04:35.810,000] [0m<inf> imu: ICM-42688-P  a   4.105   5.289   7.254  g  -0.001  -0.005   0.001[0m
[1;32muart:~$ [m[8D[J[1;32muart:~$ [m[8D[J[00:04:35.911,000] [0m<inf> imu: LSM6DS3TR-C  a   3.887   5.352   7.582  g   0.023  -0.063   0.013[0m
[1;32muart:~$ [m[8D[J[00:04:35.912,000] [0m<inf> imu: LSM6DSV16X   a   4.116   5.449   7.877  g  -0.010   0.002  -0.002[0m
[1;32muart:~$ [m[8D[J[1;32muart:~$ [m[8D[J[00:04:35.912,000] [0m<inf> imu: ICM-42688-P  a   4.112   5.312   7.263  g   0.000  -0.005   0.001[0m
[1;32muart:~$ [m[8D[J[00:04:36.013,000] [0m<inf> imu: LSM6DS3TR-C  a   3.874   5.335   7.608  g   0.025  -0.062   0.013[0m
[1;32muart:~$ [m[8D[J[00:04:36.014,000] [0m<inf> imu: LSM6DSV16X   a   4.108   5.422   7.865  g  -0.012   0.002  -0.002[0m
[1;32muart:~$ [m[8D[J[1;32muart:~$ [m[8D[J[00:04:36.015,000] [0m<inf> imu: ICM-42688-P  a   4.099   5.290   7.274  g  -0.001  -0.005  -0.001[0m
[1;32muart:~$ [m[8D[J[00:04:36.116,000] [0m<inf> imu: LSM6DS3TR-C  a   3.900   5.376   7.638  g   0.026  -0.062   0.014[0m
[1;32muart:~$ [m[8D[J[00:04:36.118,000] [0m<inf> imu: LSM6DSV16X   a   4.130   5.429   7.865  g  -0.011   0.002  -0.003[0m
[1;32muart:~$ [m[8D[J[1;32muart:~$ [m[8D[J[00:04:36.119,000] [0m<inf> imu: ICM-42688-P  a   4.108   5.279   7.248  g   0.002  -0.005   0.000[0m
[1;32muart:~$ [m[8D[J[00:04:36.220,000] [0m<inf> imu: LSM6DS3TR-C  a   3.870   5.356   7.601  g   0.025  -0.063   0.013[0m
[1;32muart:~$ [m[8D[J[1;32muart:~$ [m[8D[J[00:04:36.220,000] [0m<inf> imu: LSM6DSV16X   a   4.108   5.434   7.880  g  -0.012   0.001  -0.002[0m
[1;32muart:~$ [m[8D[J[00:04:36.221,000] [0m<inf> imu: ICM-42688-P  a   4.105   5.292   7.272  g  -0.001  -0.005  -0.001[0m
[1;32muart:~$ [m[8D[J[1;32muart:~$ [m[8D[J[00:04:36.323,000] [0m<inf> imu: LSM6DS3TR-C  a   3.850   5.364   7.585  g   0.022  -0.062   0.014[0m
[1;32muart:~$ [m[8D[J[00:04:36.324,000] [0m<inf> imu: LSM6DSV16X   a   4.110   5.434   7.868  g  -0.011   0.002  -0.002[0m
[1;32muart:~$ [m[8D[J[1;32muart:~$ [m[8D[J[00:04:36.324,000] [0m<inf> imu: ICM-42688-P  a   4.099   5.297   7.268  g  -0.000  -0.005   0.000[0m
[1;32muart:~$ [m[8D[J[00:04:36.426,000] [0m<inf> imu: LSM6DS3TR-C  a   3.857   5.405   7.647  g   0.025  -0.063   0.013[0m
[1;32muart:~$ [m[8D[J[1;32muart:~$ [m[8D[J[00:04:36.426,000] [0m<inf> imu: LSM6DSV16X   a   4.142   5.480   7.923  g  -0.011   0.002  -0.002[0m
[1;32muart:~$ [m[8D[J[00:04:36.427,000] [0m<inf> imu: ICM-42688-P  a   4.129   5.327   7.312  g   0.001  -0.005  -0.000[0m
[1;32muart:~$ [m[8D[J[1;32muart:~$ [m[8D[J[00:04:36.528,000] [0m<inf> imu: LSM6DS3TR-C  a   3.843   5.340   7.593  g   0.024  -0.063   0.015[0m
[1;32muart:~$ [m[8D[J[00:04:36.529,000] [0m<inf> imu: LSM6DSV16X   a   4.101   5.405   7.839  g  -0.011   0.002  -0.002[0m
[1;32muart:~$ [m[8D[J[1;32muart:~$ [m[8D[J[00:04:36.529,000] [0m<inf> imu: ICM-42688-P  a   4.092   5.270   7.230  g  -0.001  -0.005   0.001[0m
[1;32muart:~$ [m[8D[J[00:04:36.630,000] [0m<inf> imu: LSM6DS3TR-C  a   3.894   5.404   7.606  g   0.025  -0.062   0.013[0m
[1;32muart:~$ [m[8D[J[00:04:36.631,000] [0m<inf> imu: LSM6DSV16X   a   4.131   5.451   7.884  g  -0.011   0.002  -0.003[0m
[1;32muart:~$ [m[8D[J[1;32muart:~$ [m[8D[J[00:04:36.632,000] [0m<inf> imu: ICM-42688-P  a   4.112   5.320   7.284  g   0.000  -0.005   0.000[0m
[1;32muart:~$ [m[8D[J[00:04:36.733,000] [0m<inf> imu: LSM6DS3TR-C  a   3.888   5.374   7.601  g   0.022  -0.061   0.010[0m
[1;32muart:~$ [m[8D[J[1;32muart:~$ [m[8D[J[00:04:36.735,000] [0m<inf> imu: LSM6DSV16X   a   4.120   5.437   7.870  g  -0.011   0.002  -0.002[0m
[1;32muart:~$ [m[8D[J[00:04:36.735,000] [0m<inf> imu: ICM-42688-P  a   4.083   5.297   7.269  g   0.000  -0.005   0.000[0m
[1;32muart:~$ [m[8D[J[00:04:36.836,000] [0m<inf> imu: LSM6DS3TR-C  a   3.881   5.364   7.599  g   0.024  -0.062   0.013[0m
[1;32muart:~$ [m[8D[J[1;32muart:~$ [m[8D[J[00:04:36.837,000] [0m<inf> imu: LSM6DSV16X   a   4.116   5.448   7.887  g  -0.011   0.002  -0.002[0m
[1;32muart:~$ [m[8D[J[00:04:36.837,000] [0m<inf> imu: ICM-42688-P  a   4.102   5.306   7.262  g   0.000  -0.005  -0.000[0m
[1;32muart:~$ [m[8D[J[00:04:36.938,000] [0m<inf> imu: LSM6DS3TR-C  a   3.856   5.391   7.545  g   0.025  -0.061   0.013[0m
[1;32muart:~$ [m[8D[J[00:04:36.939,000] [0m<inf> imu: LSM6DSV16X   a   4.116   5.436   7.867  g  -0.012   0.002  -0.002[0m
[1;32muart:~$ [m[8D[J[1;32muart:~$ [m[8D[J[00:04:36.940,000] [0m<inf> imu: ICM-42688-P  a   4.093   5.297   7.245  g  -0.001  -0.005   0.000[0m
[1;32muart:~$ [m[8D[J[1;32muart:~$ [m[8D[J[00:04:37.041,000] [0m<inf> imu: LSM6DS3TR-C  a   3.855   5.377   7.623  g   0.025  -0.061   0.015[0m
[1;32muart:~$ [m[8D[J[00:04:37.041,000] [0m<inf> imu: LSM6DSV16X   a   4.120   5.447   7.879  g  -0.010   0.002  -0.002[0m
[1;32muart:~$ [m[8D[J[1;32muart:~$ [m[8D[J[00:04:37.042,000] [0m<inf> imu: ICM-42688-P  a   4.100   5.297   7.271  g  -0.001  -0.005  -0.001[0m
[1;32muart:~$ [m[8D[J[00:04:37.143,000] [0m<inf> imu: LSM6DS3TR-C  a   3.841   5.377   7.635  g   0.022  -0.063   0.014[0m
[1;32muart:~$ [m[8D[J[1;32muart:~$ [m[8D[J[00:04:37.144,000] [0m<inf> imu: LSM6DSV16X   a   4.120   5.441   7.882  g  -0.012   0.002  -0.002[0m
[1;32muart:~$ [m[8D[J[00:04:37.144,000] [0m<inf> imu: ICM-42688-P  a   4.106   5.301   7.268  g  -0.001  -0.005   0.000[0m
[1;32muart:~$ [m[8D[J[1;32muart:~$ [m[8D[J[00:04:37.245,000] [0m<inf> imu: LSM6DS3TR-C  a   3.873   5.345   7.622  g   0.024  -0.063   0.013[0m
[1;32muart:~$ [m[8D[J[00:04:37.246,000] [0m<inf> imu: LSM6DSV16X   a   4.127   5.453   7.858  g  -0.013   0.002  -0.002[0m
[1;32muart:~$ [m[8D[J[1;32muart:~$ [m[8D[J[00:04:37.247,000] [0m<inf> imu: ICM-42688-P  a   4.104   5.301   7.254  g   0.001  -0.003   0.000[0m
[1;32muart:~$ [m[8D[J[00:04:37.348,000] [0m<inf> imu: LSM6DS3TR-C  a   3.862   5.347   7.598  g   0.023  -0.062   0.015[0m
[1;32muart:~$ [m[8D[J[00:04:37.348,000] [0m<inf> imu: LSM6DSV16X   a   4.123   5.436   7.870  g  -0.013   0.002  -0.002[0m
[1;32muart:~$ [m[8D[J[1;32muart:~$ [m[8D[J[00:04:37.349,000] [0m<inf> imu: ICM-42688-P  a   4.102   5.314   7.277  g  -0.001  -0.004   0.000[0m
[1;32muart:~$ [m[8D[J[00:04:37.451,000] [0m<inf> imu: LSM6DS3TR-C  a   3.870   5.371   7.588  g   0.022  -0.061   0.014[0m
[1;32muart:~$ [m[8D[J[1;32muart:~$ [m[8D[J[00:04:37.451,000] [0m<inf> imu: LSM6DSV16X   a   4.147   5.436   7.857  g  -0.013   0.002  -0.002[0m
[1;32muart:~$ [m[8D[J[00:04:37.452,000] [0m<inf> imu: ICM-42688-P  a   4.134   5.294   7.250  g  -0.002  -0.005  -0.001[0m
[1;32muart:~$ [m[8D[J[1;32muart:~$ [m[8D[J[00:04:37.553,000] [0m<inf> imu: LSM6DS3TR-C  a   3.901   5.373   7.586  g   0.023  -0.063   0.016[0m
[1;32muart:~$ [m[8D[J[00:04:37.554,000] [0m<inf> imu: LSM6DSV16X   a   4.147   5.432   7.870  g  -0.013   0.002  -0.001[0m
[1;32muart:~$ [m[8D[J[00:04:37.554,000] [0m<inf> imu: ICM-42688-P  a   4.129   5.301   7.281  g  -0.001  -0.004   0.001[0m
[1;32muart:~$ [m[8D[J[1;32muart:~$ [m[8D[J[00:04:37.656,000] [0m<inf> imu: LSM6DS3TR-C  a   3.832   5.331   7.612  g   0.023  -0.062   0.016[0m
[1;32muart:~$ [m[8D[J[00:04:37.657,000] [0m<inf> imu: LSM6DSV16X   a   4.094   5.434   7.867  g  -0.012   0.002  -0.002[0m
[1;32muart:~$ [m[8D[J[1;32muart:~$ [m[8D[J[00:04:37.658,000] [0m<inf> imu: ICM-42688-P  a   4.080   5.294   7.259  g  -0.001  -0.005   0.001[0m
[1;32muart:~$ [m[8D[J[00:04:37.759,000] [0m<inf> imu: LSM6DS3TR-C  a   3.845   5.343   7.665  g   0.026  -0.064   0.014[0m
[1;32muart:~$ [m[8D[J[1;32muart:~$ [m[8D[J[00:04:37.760,000] [0m<inf> imu: LSM6DSV16X   a   4.111   5.456   7.904  g  -0.013   0.001  -0.002[0m
[1;32muart:~$ [m[8D[J[00:04:37.760,000] [0m<inf> imu: ICM-42688-P  a   4.104   5.306   7.283  g  -0.001  -0.005  -0.001[0m
[1;32muart:~$ [m[8D[J[1;32muart:~$ [m[8D[J[00:04:37.861,000] [0m<inf> imu: LSM6DS3TR-C  a   3.875   5.276   7.550  g   0.025  -0.064   0.015[0m
[1;32muart:~$ [m[8D[J[00:04:37.862,000] [0m<inf> imu: LSM6DSV16X   a   4.154   5.420   7.829  g  -0.012   0.002  -0.002[0m
[1;32muart:~$ [m[8D[J[1;32muart:~$ [m[8D[J[00:04:37.862,000] [0m<inf> imu: ICM-42688-P  a   4.120   5.288   7.240  g  -0.001  -0.005   0.001[0m
[1;32muart:~$ [m[8D[J[00:04:37.963,000] [0m<inf> imu: LSM6DS3TR-C  a   3.881   5.339   7.570  g   0.024  -0.062   0.016[0m
[1;32muart:~$ [m[8D[J[00:04:37.964,000] [0m<inf> imu: LSM6DSV16X   a   4.135   5.436   7.884  g  -0.011   0.001  -0.002[0m
[1;32muart:~$ [m[8D[J[1;32muart:~$ [m[8D[J[00:04:37.965,000] [0m<inf> imu: ICM-42688-P  a   4.108   5.298   7.281  g  -0.000  -0.005   0.001[0m
[1;32muart:~$ [m[8D[J[00:04:38.066,000] [0m<inf> imu: LSM6DS3TR-C  a   3.826   5.372   7.567  g   0.023  -0.062   0.013[0m
[1;32muart:~$ [m[8D[J[1;32muart:~$ [m[8D[J[00:04:38.067,000] [0m<inf> imu: LSM6DSV16X   a   4.085   5.444   7.892  g  -0.013   0.002  -0.002[0m
[1;32muart:~$ [m[8D[J[00:04:38.068,000] [0m<inf> imu: ICM-42688-P  a   4.064   5.314   7.281  g  -0.001  -0.005   0.000[0m
[1;32muart:~$ [m[8D[J[1;32muart:~$ [m[8D[J[00:04:38.169,000] [0m<inf> imu: LSM6DS3TR-C  a   3.872   5.412   7.618  g   0.024  -0.062   0.013[0m
[1;32muart:~$ [m[8D[J[00:04:38.170,000] [0m<inf> imu: LSM6DSV16X   a   4.125   5.437   7.879  g  -0.012   0.002  -0.004[0m
[1;32muart:~$ [m[8D[J[00:04:38.170,000] [0m<inf> imu: ICM-42688-P  a   4.100   5.302   7.281  g  -0.000  -0.004  -0.001[0m
[1;32muart:~$ [m[8D[J[1;32muart:~$ [m[8D[J[00:04:38.272,000] [0m<inf> imu: LSM6DS3TR-C  a   3.851   5.384   7.578  g   0.026  -0.063   0.016[0m
[1;32muart:~$ [m[8D[J[00:04:38.273,000] [0m<inf> imu: LSM6DSV16X   a   4.145   5.422   7.860  g  -0.012   0.002  -0.002[0m
[1;32muart:~$ [m[8D[J[1;32muart:~$ [m[8D[J[00:04:38.274,000] [0m<inf> imu: ICM-42688-P  a   4.116   5.268   7.251  g  -0.001  -0.005   0.000[0m
[1;32muart:~$ [m[8D[J[00:04:38.375,000] [0m<inf> imu: LSM6DS3TR-C  a   3.901   5.349   7.585  g   0.025  -0.062   0.015[0m
[1;32muart:~$ [m[8D[J[1;32muart:~$ [m[8D[J[00:04:38.375,000] [0m<inf> imu: LSM6DSV16X   a   4.135   5.439   7.875  g  -0.011   0.002  -0.002[0m
[1;32muart:~$ [m[8D[J[00:04:38.376,000] [0m<inf> imu: ICM-42688-P  a   4.118   5.301   7.263  g  -0.001  -0.005   0.000[0m
[1;32muart:~$ [m[8D[J[1;32muart:~$ [m[8D[J[00:04:38.477,000] [0m<inf> imu: LSM6DS3TR-C  a   3.836   5.370   7.606  g   0.025  -0.062   0.016[0m
[1;32muart:~$ [m[8D[J[00:04:38.478,000] [0m<inf> imu: LSM6DSV16X   a   4.096   5.439   7.889  g  -0.012   0.002  -0.002[0m
[1;32muart:~$ [m[8D[J[1;32muart:~$ [m[8D[J[00:04:38.478,000] [0m<inf> imu: ICM-42688-P  a   4.075   5.304   7.277  g   0.000  -0.006   0.001[0m
[1;32muart:~$ [m[8D[J[00:04:38.579,000] [0m<inf> imu: LSM6DS3TR-C  a   3.851   5.395   7.591  g   0.026  -0.062   0.013[0m
[1;32muart:~$ [m[8D[J[00:04:38.580,000] [0m<inf> imu: LSM6DSV16X   a   4.125   5.449   7.875  g  -0.012   0.002  -0.003[0m
[1;32muart:~$ [m[8D[J[1;32muart:~$ [m[8D[J[00:04:38.581,000] [0m<inf> imu: ICM-42688-P  a   4.120   5.297   7.268  g  -0.000  -0.005  -0.001[0m
[1;32muart:~$ [m[8D[J[00:04:38.682,000] [0m<inf> imu: LSM6DS3TR-C  a   3.876   5.368   7.561  g   0.026  -0.063   0.015[0m
[1;32muart:~$ [m[8D[J[1;32muart:~$ [m[8D[J[00:04:38.683,000] [0m<inf> imu: LSM6DSV16X   a   4.127   5.426   7.867  g  -0.011   0.002  -0.002[0m
[1;32muart:~$ [m[8D[J[00:04:38.684,000] [0m<inf> imu: ICM-42688-P  a   4.120   5.283   7.246  g  -0.001  -0.006   0.000[0m
[1;32muart:~$ [m[8D[J[00:04:38.785,000] [0m<inf> imu: LSM6DS3TR-C  a   3.834   5.377   7.610  g   0.026  -0.062   0.016[0m
[1;32muart:~$ [m[8D[J[1;32muart:~$ [m[8D[J[00:04:38.786,000] [0m<inf> imu: LSM6DSV16X   a   4.123   5.439   7.867  g  -0.012   0.002  -0.002[0m
[1;32muart:~$ [m[8D[J[00:04:38.786,000] [0m<inf> imu: ICM-42688-P  a   4.112   5.303   7.246  g   0.000  -0.005   0.000[0m
[1;32muart:~$ [m[8D[J[00:04:38.887,000] [0m<inf> imu: LSM6DS3TR-C  a   3.879   5.395   7.613  g   0.024  -0.060   0.015[0m
[1;32muart:~$ [m[8D[J[00:04:38.888,000] [0m<inf> imu: LSM6DSV16X   a   4.118   5.436   7.887  g  -0.012   0.002  -0.003[0m
[1;32muart:~$ [m[8D[J[1;32muart:~$ [m[8D[J[00:04:38.889,000] [0m<inf> imu: ICM-42688-P  a   4.088   5.285   7.272  g   0.001  -0.005   0.000[0m
[1;32muart:~$ [m[8D[J[1;32muart:~$ [m[8D[J[00:04:38.990,000] [0m<inf> imu: LSM6DS3TR-C  a   3.849   5.351   7.621  g   0.024  -0.064   0.015[0m
[1;32muart:~$ [m[8D[J[00:04:38.990,000] [0m<inf> imu: LSM6DSV16X   a   4.125   5.438   7.866  g  -0.011   0.003  -0.003[0m
[1;32muart:~$ [m[8D[J[00:04:38.991,000] [0m<inf> imu: ICM-42688-P  a   4.108   5.297   7.268  g   0.000  -0.005   0.000[0m
[1;32muart:~$ [m[8D[J[1;32muart:~$ [m[8D[J[00:04:39.092,000] [0m<inf> imu: LSM6DS3TR-C  a   3.845   5.381   7.540  g   0.024  -0.064   0.015[0m
[1;32muart:~$ [m[8D[J[00:04:39.093,000] [0m<inf> imu: LSM6DSV16X   a   4.131   5.434   7.868  g  -0.011   0.002  -0.003[0m
[1;32muart:~$ [m[8D[J[1;32muart:~$ [m[8D[J[00:04:39.093,000] [0m<inf> imu: ICM-42688-P  a   4.102   5.291   7.263  g   0.000  -0.005   0.000[0m
[1;32muart:~$ [m[8D[J[00:04:39.194,000] [0m<inf> imu: LSM6DS3TR-C  a   3.887   5.323   7.561  g   0.024  -0.064   0.016[0m
[1;32muart:~$ [m[8D[J[00:04:39.195,000] [0m<inf> imu: LSM6DSV16X   a   4.123   5.436   7.874  g  -0.011   0.002  -0.002[0m
[1;32muart:~$ [m[8D[J[1;32muart:~$ [m[8D[J[00:04:39.196,000] [0m<inf> imu: ICM-42688-P  a   4.108   5.280   7.260  g   0.000  -0.006   0.001[0m
[1;32muart:~$ [m[8D[J[00:04:39.297,000] [0m<inf> imu: LSM6DS3TR-C  a   3.853   5.391   7.580  g   0.025  -0.063   0.016[0m
[1;32muart:~$ [m[8D[J[1;32muart:~$ [m[8D[J[00:04:39.297,000] [0m<inf> imu: LSM6DSV16X   a   4.120   5.446   7.877  g  -0.012   0.002  -0.002[0m
[1;32muart:~$ [m[8D[J[00:04:39.298,000] [0m<inf> imu: ICM-42688-P  a   4.096   5.304   7.254  g   0.000  -0.005   0.000[0m
[1;32muart:~$ [m[8D[J[00:04:39.399,000] [0m<inf> imu: LSM6DS3TR-C  a   3.848   5.358   7.575  g   0.025  -0.063   0.013[0m
[1;32muart:~$ [m[8D[J[00:04:39.400,000] [0m<inf> imu: LSM6DSV16X   a   4.123   5.432   7.877  g  -0.012   0.002  -0.002[0m
[1;32muart:~$ [m[8D[J[1;32muart:~$ [m[8D[J[00:04:39.400,000] [0m<inf> imu: ICM-42688-P  a   4.093   5.296   7.263  g  -0.001  -0.006   0.001[0m
[1;32muart:~$ [m[8D[J[00:04:39.501,000] [0m<inf> imu: LSM6DS3TR-C  a   3.887   5.377   7.594  g   0.024  -0.063   0.013[0m
[1;32muart:~$ [m[8D[J[00:04:39.502,000] [0m<inf> imu: LSM6DSV16X   a   4.127   5.432   7.865  g  -0.012   0.003  -0.002[0m
[1;32muart:~$ [m[8D[J[1;32muart:~$ [m[8D[J[00:04:39.502,000] [0m<inf> imu: ICM-42688-P  a   4.112   5.292   7.254  g   0.000  -0.005   0.000[0m
[1;32muart:~$ [m[8D[J[00:04:39.604,000] [0m<inf> imu: LSM6DS3TR-C  a   3.882   5.362   7.606  g   0.024  -0.061   0.015[0m
[1;32muart:~$ [m[8D[J[1;32muart:~$ [m[8D[J[00:04:39.604,000] [0m<inf> imu: LSM6DSV16X   a   4.128   5.427   7.882  g  -0.011   0.002  -0.002[0m
[1;32muart:~$ [m[8D[J[00:04:39.605,000] [0m<inf> imu: ICM-42688-P  a   4.117   5.286   7.264  g   0.001  -0.005   0.001[0m
[1;32muart:~$ [m[8D[J[1;32muart:~$ [m[8D[J[00:04:39.706,000] [0m<inf> imu: LSM6DS3TR-C  a   3.847   5.361   7.594  g   0.024  -0.062   0.014[0m
[1;32muart:~$ [m[8D[J[00:04:39.707,000] [0m<inf> imu: LSM6DSV16X   a   4.118   5.438   7.880  g  -0.012   0.002  -0.002[0m
[1;32muart:~$ [m[8D[J[1;32muart:~$ [m[8D[J[00:04:39.707,000] [0m<inf> imu: ICM-42688-P  a   4.096   5.289   7.268  g  -0.000  -0.005   0.001[0m
[1;32muart:~$ [m[8D[J[00:04:39.808,000] [0m<inf> imu: LSM6DS3TR-C  a   3.806   5.335   7.585  g   0.024  -0.061   0.015[0m
[1;32muart:~$ [m[8D[J[1;32muart:~$ [m[8D[J[00:04:39.809,000] [0m<inf> imu: LSM6DSV16X   a   4.120   5.439   7.877  g  -0.013   0.002  -0.003[0m
[1;32muart:~$ [m[8D[J[00:04:39.809,000] [0m<inf> imu: ICM-42688-P  a   4.108   5.298   7.259  g  -0.001  -0.005   0.000[0m
[1;32muart:~$ [m[8D[J[1;32muart:~$ [m[8D[J[00:04:39.910,000] [0m<inf> imu: LSM6DS3TR-C  a   3.814   5.381   7.582  g   0.026  -0.064   0.014[0m
[1;32muart:~$ [m[8D[J[00:04:39.911,000] [0m<inf> imu: LSM6DSV16X   a   4.117   5.432   7.877  g  -0.012   0.002  -0.002[0m
[1;32muart:~$ [m[8D[J[1;32muart:~$ [m[8D[J[00:04:39.912,000] [0m<inf> imu: ICM-42688-P  a   4.101   5.297   7.271  g  -0.000  -0.005  -0.001[0m
[1;32muart:~$ [m[8D[J[00:04:40.013,000] [0m<inf> imu: LSM6DS3TR-C  a   3.855   5.361   7.593  g   0.025  -0.063   0.015[0m
[1;32muart:~$ [m[8D[J[00:04:40.013,000] [0m<inf> imu: LSM6DSV16X   a   4.130   5.434   7.880  g  -0.012   0.002  -0.002[0m
[1;32muart:~$ [m[8D[J[1;32muart:~$ [m[8D[J[00:04:40.014,000] [0m<inf> imu: ICM-42688-P  a   4.125   5.297   7.263  g   0.000  -0.005   0.000[0m
[1;32muart:~$ [m[8D[J[00:04:40.115,000] [0m<inf> imu: LSM6DS3TR-C  a   3.821   5.392   7.573  g   0.024  -0.064   0.012[0m
[1;32muart:~$ [m[8D[J[00:04:40.116,000] [0m<inf> imu: LSM6DSV16X   a   4.123   5.438   7.871  g  -0.012   0.002  -0.002[0m
[1;32muart:~$ [m[8D[J[1;32muart:~$ [m[8D[J[00:04:40.117,000] [0m<inf> imu: ICM-42688-P  a   4.095   5.309   7.272  g   0.000  -0.005  -0.001[0m
[1;32muart:~$ [m[8D[J[00:04:40.218,000] [0m<inf> imu: LSM6DS3TR-C  a   3.862   5.348   7.581  g   0.025  -0.064   0.015[0m
[1;32muart:~$ [m[8D[J[1;32muart:~$ [m[8D[J[00:04:40.219,000] [0m<inf> imu: LSM6DSV16X   a   4.116   5.447   7.871  g  -0.011   0.003  -0.002[0m
[1;32muart:~$ [m[8D[J[00:04:40.219,000] [0m<inf> imu: ICM-42688-P  a   4.094   5.296   7.275  g   0.000  -0.005   0.000[0m
[1;32muart:~$ [m[8D[J[1;32muart:~$ [m[8D[J[00:04:40.321,000] [0m<inf> imu: LSM6DS3TR-C  a   3.846   5.349   7.549  g   0.024  -0.063   0.014[0m
[1;32muart:~$ [m[8D[J[00:04:40.322,000] [0m<inf> imu: LSM6DSV16X   a   4.128   5.438   7.872  g  -0.011   0.002  -0.002[0m
[1;32muart:~$ [m[8D[J[1;32muart:~$ [m[8D[J[00:04:40.323,000] [0m<inf> imu: ICM-42688-P  a   4.111   5.283   7.269  g   0.001  -0.005   0.000[0m
[1;32muart:~$ [m[8D[J[00:04:40.424,000] [0m<inf> imu: LSM6DS3TR-C  a   3.848   5.386   7.587  g   0.026  -0.063   0.015[0m
[1;32muart:~$ [m[8D[J[1;32muart:~$ [m[8D[J[00:04:40.425,000] [0m<inf> imu: LSM6DSV16X   a   4.132   5.444   7.885  g  -0.013   0.002  -0.002[0m
[1;32muart:~$ [m[8D[J[00:04:40.425,000] [0m<inf> imu: ICM-42688-P  a   4.107   5.306   7.264  g  -0.000  -0.005   0.000[0m
[1;32muart:~$ [m[8D[J[1;32muart:~$ [m[8D[J[00:04:40.526,000] [0m<inf> imu: LSM6DS3TR-C  a   3.847   5.329   7.579  g   0.024  -0.062   0.011[0m
[1;32muart:~$ [m[8D[J[00:04:40.527,000] [0m<inf> imu: LSM6DSV16X   a   4.127   5.434   7.872  g  -0.011   0.003  -0.002[0m
[1;32muart:~$ [m[8D[J[1;32muart:~$ [m[8D[J[00:04:40.528,000] [0m<inf> imu: ICM-42688-P  a   4.102   5.286   7.266  g   0.000  -0.005   0.000[0m
[1;32muart:~$ [m[8D[J[00:04:40.629,000] [0m<inf> imu: LSM6DS3TR-C  a   3.876   5.378   7.570  g   0.025  -0.062   0.016[0m
[1;32muart:~$ [m[8D[J[00:04:40.629,000] [0m<inf> imu: LSM6DSV16X   a   4.115   5.437   7.877  g  -0.012   0.002  -0.003[0m
[1;32muart:~$ [m[8D[J[1;32muart:~$ [m[8D[J[00:04:40.630,000] [0m<inf> imu: ICM-42688-P  a   4.119   5.289   7.251  g  -0.001  -0.005   0.000[0m
[1;32muart:~$ [m[8D[J[00:04:40.732,000] [0m<inf> imu: LSM6DS3TR-C  a   3.858   5.345   7.600  g   0.026  -0.063   0.014[0m
[1;32muart:~$ [m[8D[J[00:04:40.733,000] [0m<inf> imu: LSM6DSV16X   a   4.121   5.436   7.869  g  -0.012   0.002  -0.002[0m
[1;32muart:~$ [m[8D[J[1;32muart:~$ [m[8D[J[00:04:40.734,000] [0m<inf> imu: ICM-42688-P  a   4.117   5.298   7.263  g  -0.001  -0.005   0.000[0m
[1;32muart:~$ [m[8D[J[00:04:40.835,000] [0m<inf> imu: LSM6DS3TR-C  a   3.852   5.346   7.624  g   0.025  -0.063   0.013[0m
[1;32muart:~$ [m[8D[J[1;32muart:~$ [m[8D[J[00:04:40.836,000] [0m<inf> imu: LSM6DSV16X   a   4.123   5.444   7.882  g  -0.010   0.002  -0.003[0m
[1;32muart:~$ [m[8D[J[00:04:40.836,000] [0m<inf> imu: ICM-42688-P  a   4.108   5.292   7.271  g  -0.000  -0.005   0.000[0m
[1;32muart:~$ [m[8D[J[1;32muart:~$ [m[8D[J[00:04:40.938,000] [0m<inf> imu: LSM6DS3TR-C  a   3.835   5.359   7.577  g   0.024  -0.063   0.015[0m
[1;32muart:~$ [m[8D[J[00:04:40.939,000] [0m<inf> imu: LSM6DSV16X   a   4.120   5.435   7.867  g  -0.011   0.002  -0.002[0m
[1;32muart:~$ [m[8D[J[1;32muart:~$ [m[8D[J[00:04:40.940,000] [0m<inf> imu: ICM-42688-P  a   4.100   5.297   7.250  g  -0.001  -0.005   0.000[0m
[1;32muart:~$ [m[8D[J[00:04:41.041,000] [0m<inf> imu: LSM6DS3TR-C  a   3.857   5.378   7.582  g   0.023  -0.061   0.013[0m
[1;32muart:~$ [m[8D[J[1;32muart:~$ [m[8D[J[00:04:41.041,000] [0m<inf> imu: LSM6DSV16X   a   4.121   5.436   7.875  g  -0.011   0.002  -0.002[0m
[1;32muart:~$ [m[8D[J[00:04:41.042,000] [0m<inf> imu: ICM-42688-P  a   4.104   5.312   7.276  g   0.000  -0.004   0.000[0m
[1;32muart:~$ [m[8D[J[1;32muart:~$ [m[8D[J[00:04:41.143,000] [0m<inf> imu: LSM6DS3TR-C  a   3.842   5.365   7.624  g   0.025  -0.062   0.013[0m
[1;32muart:~$ [m[8D[J[00:04:41.144,000] [0m<inf> imu: LSM6DSV16X   a   4.116   5.442   7.860  g  -0.011   0.002  -0.002[0m
[1;32muart:~$ [m[8D[J[1;32muart:~$ [m[8D[J[00:04:41.144,000] [0m<inf> imu: ICM-42688-P  a   4.099   5.304   7.251  g   0.001  -0.005   0.001[0m
[1;32muart:~$ [m[8D[J[00:04:41.245,000] [0m<inf> imu: LSM6DS3TR-C  a   3.857   5.363   7.609  g   0.026  -0.062   0.016[0m
[1;32muart:~$ [m[8D[J[00:04:41.246,000] [0m<inf> imu: LSM6DSV16X   a   4.118   5.437   7.863  g  -0.011   0.002  -0.002[0m
[1;32muart:~$ [m[8D[J[1;32muart:~$ [m[8D[J[00:04:41.247,000] [0m<inf> imu: ICM-42688-P  a   4.100   5.306   7.265  g   0.000  -0.005   0.000[0m
[1;32muart:~$ [m[8D[J[00:04:41.348,000] [0m<inf> imu: LSM6DS3TR-C  a   3.887   5.347   7.601  g   0.024  -0.062   0.014[0m
[1;32muart:~$ [m[8D[J[1;32muart:~$ [m[8D[J[00:04:41.349,000] [0m<inf> imu: LSM6DSV16X   a   4.123   5.427   7.856  g  -0.012   0.002  -0.003[0m
[1;32muart:~$ [m[8D[J[00:04:41.350,000] [0m<inf> imu: ICM-42688-P  a   4.112   5.292   7.242  g   0.000  -0.004   0.000[0m
[1;32muart:~$ [m[8D[J[00:04:41.451,000] [0m<inf> imu: LSM6DS3TR-C  a   3.814   5.289   7.558  g   0.023  -0.063   0.013[0m
[1;32muart:~$ [m[8D[J[1;32muart:~$ [m[8D[J[00:04:41.452,000] [0m<inf> imu: LSM6DSV16X   a   4.125   5.436   7.871  g  -0.011   0.002  -0.002[0m
[1;32muart:~$ [m[8D[J[00:04:41.452,000] [0m<inf> imu: ICM-42688-P  a   4.107   5.295   7.250  g   0.000  -0.004   0.001[0m
[1;32muart:~$ [m[8D[J[00:04:41.553,000] [0m<inf> imu: LSM6DS3TR-C  a   3.846   5.380   7.599  g   0.024  -0.062   0.015[0m
[1;32muart:~$ [m[8D[J[00:04:41.554,000] [0m<inf> imu: LSM6DSV16X   a   4.123   5.432   7.868  g  -0.012   0.002  -0.002[0m
[1;32muart:~$ [m[8D[J[1;32muart:~$ [m[8D[J[00:04:41.555,000] [0m<inf> imu: ICM-42688-P  a   4.104   5.301   7.266  g  -0.001  -0.006  -0.000[0m
[1;32muart:~$ [m[8D[J[1;32muart:~$ [m[8D[J[00:04:41.656,000] [0m<inf> imu: LSM6DS3TR-C  a   3.883   5.341   7.604  g   0.024  -0.061   0.015[0m
[1;32muart:~$ [m[8D[J[00:04:41.656,000] [0m<inf> imu: LSM6DSV16X   a   4.125   5.431   7.868  g  -0.011   0.002  -0.002[0m
[1;32muart:~$ [m[8D[J[1;32muart:~$ [m[8D[J[00:04:41.657,000] [0m<inf> imu: ICM-42688-P  a   4.102   5.292   7.257  g   0.000  -0.005   0.001[0m
[1;32muart:~$ [m[8D[J[00:04:41.758,000] [0m<inf> imu: LSM6DS3TR-C  a   3.835   5.426   7.609  g   0.024  -0.062   0.015[0m
[1;32muart:~$ [m[8D[J[1;32muart:~$ [m[8D[J[00:04:41.759,000] [0m<inf> imu: LSM6DSV16X   a   4.132   5.437   7.871  g  -0.011   0.002  -0.002[0m
[1;32muart:~$ [m[8D[J[00:04:41.759,000] [0m<inf> imu: ICM-42688-P  a   4.100   5.300   7.266  g  -0.000  -0.005   0.000[0m
[1;32muart:~$ [m[8D[J[1;32muart:~$ [m[8D[J[00:04:41.860,000] [0m<inf> imu: LSM6DS3TR-C  a   3.827   5.307   7.585  g   0.024  -0.063   0.013[0m
[1;32muart:~$ [m[8D[J[00:04:41.861,000] [0m<inf> imu: LSM6DSV16X   a   4.125   5.439   7.870  g  -0.011   0.003  -0.002[0m
[1;32muart:~$ [m[8D[J[1;32muart:~$ [m[8D[J[00:04:41.862,000] [0m<inf> imu: ICM-42688-P  a   4.102   5.295   7.257  g  -0.000  -0.005   0.001[0m
[1;32muart:~$ [m[8D[J[00:04:41.963,000] [0m<inf> imu: LSM6DS3TR-C  a   3.870   5.401   7.592  g   0.026  -0.062   0.013[0m
[1;32muart:~$ [m[8D[J[00:04:41.963,000] [0m<inf> imu: LSM6DSV16X   a   4.122   5.439   7.872  g  -0.011   0.002  -0.002[0m
[1;32muart:~$ [m[8D[J[1;32muart:~$ [m[8D[J[00:04:41.964,000] [0m<inf> imu: ICM-42688-P  a   4.100   5.302   7.263  g  -0.000  -0.004  -0.001[0m
[1;32muart:~$ [m[8D[J[00:04:42.066,000] [0m<inf> imu: LSM6DS3TR-C  a   3.916   5.327   7.573  g   0.024  -0.062   0.014[0m
[1;32muart:~$ [m[8D[J[1;32muart:~$ [m[8D[J[00:04:42.066,000] [0m<inf> imu: LSM6DSV16X   a   4.116   5.436   7.868  g  -0.012   0.002  -0.002[0m
[1;32muart:~$ [m[8D[J[00:04:42.067,000] [0m<inf> imu: ICM-42688-P  a   4.102   5.284   7.268  g  -0.000  -0.005  -0.001[0m
[1;32muart:~$ [m[8D[J[00:04:42.168,000] [0m<inf> imu: LSM6DS3TR-C  a   3.889   5.353   7.614  g   0.024  -0.062   0.013[0m
[1;32muart:~$ [m[8D[J[1;32muart:~$ [m[8D[J[00:04:42.169,000] [0m<inf> imu: LSM6DSV16X   a   4.131   5.432   7.872  g  -0.012   0.001  -0.002[0m
[1;32muart:~$ [m[8D[J[00:04:42.170,000] [0m<inf> imu: ICM-42688-P  a   4.116   5.302   7.271  g   0.000  -0.004   0.000[0m
[1;32muart:~$ [m[8D[J[00:04:42.271,000] [0m<inf> imu: LSM6DS3TR-C  a   3.853   5.348   7.583  g   0.024  -0.063   0.012[0m
[1;32muart:~$ [m[8D[J[00:04:42.271,000] [0m<inf> imu: LSM6DSV16X   a   4.122   5.436   7.870  g  -0.012   0.002  -0.002[0m
[1;32muart:~$ [m[8D[J[1;32muart:~$ [m[8D[J[00:04:42.272,000] [0m<inf> imu: ICM-42688-P  a   4.119   5.290   7.276  g  -0.001  -0.005   0.000[0m
[1;32muart:~$ [m[8D[J[1;32muart:~$ [m[8D[J[00:04:42.373,000] [0m<inf> imu: LSM6DS3TR-C  a   3.852   5.346   7.585  g   0.024  -0.062   0.014[0m
[1;32muart:~$ [m[8D[J[00:04:42.374,000] [0m<inf> imu: LSM6DSV16X   a   4.129   5.437   7.877  g  -0.010   0.002  -0.002[0m
[1;32muart:~$ [m[8D[J[1;32muart:~$ [m[8D[J[00:04:42.374,000] [0m<inf> imu: ICM-42688-P  a   4.110   5.283   7.262  g  -0.000  -0.006   0.000[0m
[1;32muart:~$ [m[8D[J[00:04:42.476,000] [0m<inf> imu: LSM6DS3TR-C  a   3.852   5.350   7.554  g   0.027  -0.063   0.015[0m
[1;32muart:~$ [m[8D[J[1;32muart:~$ [m[8D[J[00:04:42.476,000] [0m<inf> imu: LSM6DSV16X   a   4.113   5.451   7.872  g  -0.011   0.002  -0.002[0m
[1;32muart:~$ [m[8D[J[00:04:42.477,000] [0m<inf> imu: ICM-42688-P  a   4.095   5.308   7.264  g  -0.000  -0.005   0.000[0m
[1;32muart:~$ [m[8D[J[1;32muart:~$ [m[8D[J[00:04:42.578,000] [0m<inf> imu: LSM6DS3TR-C  a   3.816   5.344   7.580  g   0.026  -0.062   0.015[0m
[1;32muart:~$ [m[8D[J[00:04:42.579,000] [0m<inf> imu: LSM6DSV16X   a   4.125   5.432   7.875  g  -0.010   0.002  -0.002[0m
[1;32muart:~$ [m[8D[J[1;32muart:~$ [m[8D[J[00:04:42.579,000] [0m<inf> imu: ICM-42688-P  a   4.100   5.297   7.257  g  -0.001  -0.005   0.001[0m
[1;32muart:~$ [m[8D[J[00:04:42.680,000] [0m<inf> imu: LSM6DS3TR-C  a   3.832   5.420   7.589  g   0.023  -0.063   0.013[0m
[1;32muart:~$ [m[8D[J[00:04:42.681,000] [0m<inf> imu: LSM6DSV16X   a   4.123   5.436   7.866  g  -0.011   0.002  -0.002[0m
[1;32muart:~$ [m[8D[J[1;32muart:~$ [m[8D[J[00:04:42.682,000] [0m<inf> imu: ICM-42688-P  a   4.104   5.303   7.256  g  -0.001  -0.004   0.001[0m
[1;32muart:~$ [m[8D[J[00:04:42.783,000] [0m<inf> imu: LSM6DS3TR-C  a   3.876   5.381   7.566  g   0.023  -0.062   0.015[0m
[1;32muart:~$ [m[8D[J[1;32muart:~$ [m[8D[J[00:04:42.784,000] [0m<inf> imu: LSM6DSV16X   a   4.116   5.448   7.875  g  -0.011   0.003  -0.002[0m
[1;32muart:~$ [m[8D[J[00:04:42.785,000] [0m<inf> imu: ICM-42688-P  a   4.102   5.318   7.276  g  -0.001  -0.005   0.000[0m
[1;32muart:~$ [m[8D[J[00:04:42.886,000] [0m<inf> imu: LSM6DS3TR-C  a   3.849   5.348   7.594  g   0.024  -0.063   0.016[0m
[1;32muart:~$ [m[8D[J[1;32muart:~$ [m[8D[J[00:04:42.886,000] [0m<inf> imu: LSM6DSV16X   a   4.117   5.439   7.875  g  -0.012   0.002  -0.002[0m
[1;32muart:~$ [m[8D[J[00:04:42.887,000] [0m<inf> imu: ICM-42688-P  a   4.100   5.298   7.264  g  -0.001  -0.005   0.000[0m
[1;32muart:~$ [m[8D[J[00:04:42.988,000] [0m<inf> imu: LSM6DS3TR-C  a   3.879   5.392   7.572  g   0.024  -0.063   0.015[0m
[1;32muart:~$ [m[8D[J[00:04:42.989,000] [0m<inf> imu: LSM6DSV16X   a   4.120   5.436   7.874  g  -0.012   0.002  -0.002[0m
[1;32muart:~$ [m[8D[J[1;32muart:~$ [m[8D[J[00:04:42.989,000] [0m<inf> imu: ICM-42688-P  a   4.095   5.296   7.264  g   0.000  -0.005   0.000[0m
[1;32muart:~$ [m[8D[J[1;32muart:~$ [m[8D[J[00:04:43.090,000] [0m<inf> imu: LSM6DS3TR-C  a   3.866   5.359   7.637  g   0.025  -0.063   0.014[0m
[1;32muart:~$ [m[8D[J[00:04:43.091,000] [0m<inf> imu: LSM6DSV16X   a   4.120   5.434   7.877  g  -0.011   0.002  -0.002[0m
[1;32muart:~$ [m[8D[J[1;32muart:~$ [m[8D[J[00:04:43.092,000] [0m<inf> imu: ICM-42688-P  a   4.104   5.303   7.262  g  -0.001  -0.005   0.000[0m
[1;32muart:~$ [m[8D[J[00:04:43.193,000] [0m<inf> imu: LSM6DS3TR-C  a   3.884   5.389   7.591  g   0.024  -0.062   0.015[0m
[1;32muart:~$ [m[8D[J[1;32muart:~$ [m[8D[J[00:04:43.193,000] [0m<inf> imu: LSM6DSV16X   a   4.128   5.439   7.879  g  -0.012   0.002  -0.002[0m
[1;32muart:~$ [m[8D[J[00:04:43.194,000] [0m<inf> imu: ICM-42688-P  a   4.122   5.303   7.259  g   0.000  -0.005   0.000[0m
[1;32muart:~$ [m[8D[J[1;32muart:~$ [m[8D[J[00:04:43.295,000] [0m<inf> imu: LSM6DS3TR-C  a   3.855   5.334   7.564  g   0.025  -0.061   0.015[0m
[1;32muart:~$ [m[8D[J[00:04:43.295,000] [0m<inf> imu: LSM6DSV16X   a   4.129   5.439   7.870  g  -0.011   0.002  -0.002[0m
[1;32muart:~$ [m[8D[J[1;32muart:~$ [m[8D[J[00:04:43.296,000] [0m<inf> imu: ICM-42688-P  a   4.107   5.291   7.284  g   0.000  -0.005  -0.001[0m
[1;32muart:~$ [m[8D[J[00:04:43.397,000] [0m<inf> imu: LSM6DS3TR-C  a   3.841   5.402   7.613  g   0.026  -0.064   0.014[0m
[1;32muart:~$ [m[8D[J[00:04:43.398,000] [0m<inf> imu: LSM6DSV16X   a   4.120   5.436   7.875  g  -0.011   0.001  -0.002[0m
[1;32muart:~$ [m[8D[J[1;32muart:~$ [m[8D[J[00:04:43.398,000] [0m<inf> imu: ICM-42688-P  a   4.090   5.294   7.263  g   0.000  -0.005   0.001[0m
[1;32muart:~$ [m[8D[J[00:04:43.500,000] [0m<inf> imu: LSM6DS3TR-C  a   3.864   5.389   7.588  g   0.022  -0.063   0.013[0m
[1;32muart:~$ [m[8D[J[1;32muart:~$ [m[8D[J[00:04:43.500,000] [0m<inf> imu: LSM6DSV16X   a   4.121   5.432   7.873  g  -0.011   0.002  -0.002[0m
[1;32muart:~$ [m[8D[J[00:04:43.501,000] [0m<inf> imu: ICM-42688-P  a   4.102   5.298   7.266  g  -0.001  -0.005   0.001[0m
[1;32muart:~$ [m[8D[J[00:04:43.603,000] [0m<inf> imu: LSM6DS3TR-C  a   3.845   5.343   7.613  g   0.026  -0.062   0.012[0m
[1;32muart:~$ [m[8D[J[1;32muart:~$ [m[8D[J[00:04:43.603,000] [0m<inf> imu: LSM6DSV16X   a   4.125   5.434   7.874  g  -0.011   0.001  -0.002[0m
[1;32muart:~$ [m[8D[J[00:04:43.604,000] [0m<inf> imu: ICM-42688-P  a   4.111   5.284   7.263  g  -0.002  -0.005   0.000[0m
[1;32muart:~$ [m[8D[J[00:04:43.705,000] [0m<inf> imu: LSM6DS3TR-C  a   3.859   5.359   7.591  g   0.026  -0.065   0.014[0m
[1;32muart:~$ [m[8D[J[00:04:43.706,000] [0m<inf> imu: LSM6DSV16X   a   4.114   5.441   7.880  g  -0.012   0.002  -0.002[0m
[1;32muart:~$ [m[8D[J[1;32muart:~$ [m[8D[J[00:04:43.706,000] [0m<inf> imu: ICM-42688-P  a   4.095   5.300   7.251  g   0.000  -0.006   0.001[0m
[1;32muart:~$ [m[8D[J[1;32muart:~$ [m[8D[J[00:04:43.807,000] [0m<inf> imu: LSM6DS3TR-C  a   3.855   5.367   7.587  g   0.025  -0.064   0.012[0m
[1;32muart:~$ [m[8D[J[00:04:43.808,000] [0m<inf> imu: LSM6DSV16X   a   4.126   5.444   7.874  g  -0.011   0.002  -0.002[0m
[1;32muart:~$ [m[8D[J[1;32muart:~$ [m[8D[J[00:04:43.808,000] [0m<inf> imu: ICM-42688-P  a   4.108   5.291   7.263  g   0.000  -0.005  -0.001[0m
[1;32muart:~$ [m[8D[J[00:04:43.909,000] [0m<inf> imu: LSM6DS3TR-C  a   3.867   5.322   7.589  g   0.024  -0.063   0.015[0m
[1;32muart:~$ [m[8D[J[1;32muart:~$ [m[8D[J[00:04:43.910,000] [0m<inf> imu: LSM6DSV16X   a   4.125   5.434   7.877  g  -0.010   0.002  -0.002[0m
[1;32muart:~$ [m[8D[J[00:04:43.911,000] [0m<inf> imu: ICM-42688-P  a   4.108   5.288   7.258  g   0.000  -0.004   0.000[0m
[1;32muart:~$ [m[8D[J[1;32muart:~$ [m[8D[J[00:04:44.012,000] [0m<inf> imu: LSM6DS3TR-C  a   3.875   5.379   7.580  g   0.025  -0.062   0.015[0m
[1;32muart:~$ [m[8D[J[00:04:44.012,000] [0m<inf> imu: LSM6DSV16X   a   4.123   5.439   7.879  g  -0.011   0.003  -0.002[0m
[1;32muart:~$ [m[8D[J[1;32muart:~$ [m[8D[J[00:04:44.013,000] [0m<inf> imu: ICM-42688-P  a   4.094   5.295   7.257  g   0.001  -0.005   0.000[0m
[1;32muart:~$ [m[8D[J[00:04:44.114,000] [0m<inf> imu: LSM6DS3TR-C  a   3.869   5.384   7.600  g   0.023  -0.065   0.011[0m
[1;32muart:~$ [m[8D[J[00:04:44.115,000] [0m<inf> imu: LSM6DSV16X   a   4.129   5.434   7.878  g  -0.012   0.002  -0.002[0m
[1;32muart:~$ [m[8D[J[1;32muart:~$ [m[8D[J[00:04:44.115,000] [0m<inf> imu: ICM-42688-P  a   4.087   5.292   7.256  g  -0.000  -0.005   0.000[0m
[1;32muart:~$ [m[8D[J[00:04:44.217,000] [0m<inf> imu: LSM6DS3TR-C  a   3.829   5.392   7.576  g   0.024  -0.063   0.013[0m
[1;32muart:~$ [m[8D[J[00:04:44.218,000] [0m<inf> imu: LSM6DSV16X   a   4.118   5.434   7.872  g  -0.012   0.002  -0.002[0m
[1;32muart:~$ [m[8D[J[1;32muart:~$ [m[8D[J[00:04:44.219,000] [0m<inf> imu: ICM-42688-P  a   4.116   5.286   7.269  g   0.001  -0.005   0.001[0m
[1;32muart:~$ [m[8D[J[00:04:44.320,000] [0m<inf> imu: LSM6DS3TR-C  a   3.863   5.362   7.594  g   0.025  -0.063   0.012[0m
[1;32muart:~$ [m[8D[J[1;32muart:~$ [m[8D[J[00:04:44.321,000] [0m<inf> imu: LSM6DSV16X   a   4.131   5.441   7.887  g  -0.012   0.002  -0.003[0m
[1;32muart:~$ [m[8D[J[00:04:44.321,000] [0m<inf> imu: ICM-42688-P  a   4.107   5.292   7.251  g  -0.001  -0.006   0.000[0m
[1;32muart:~$ [m[8D[J[1;32muart:~$ [m[8D[J[00:04:44.423,000] [0m<inf> imu: LSM6DS3TR-C  a   3.853   5.375   7.609  g   0.025  -0.061   0.014[0m
[1;32muart:~$ [m[8D[J[00:04:44.424,000] [0m<inf> imu: LSM6DSV16X   a   4.128   5.439   7.880  g  -0.011   0.002  -0.003[0m
[1;32muart:~$ [m[8D[J[1;32muart:~$ [m[8D[J[00:04:44.425,000] [0m<inf> imu: ICM-42688-P  a   4.095   5.292   7.268  g  -0.001  -0.005   0.000[0m
[1;32muart:~$ [m[8D[J[00:04:44.526,000] [0m<inf> imu: LSM6DS3TR-C  a   3.858   5.322   7.607  g   0.023  -0.062   0.012[0m
[1;32muart:~$ [m[8D[J[1;32muart:~$ [m[8D[J[00:04:44.527,000] [0m<inf> imu: LSM6DSV16X   a   4.125   5.442   7.872  g  -0.013   0.002  -0.002[0m
[1;32muart:~$ [m[8D[J[00:04:44.527,000] [0m<inf> imu: ICM-42688-P  a   4.108   5.297   7.272  g  -0.001  -0.005   0.000[0m
[1;32muart:~$ [m[8D[J[1;32muart:~$ [m[8D[J[00:04:44.628,000] [0m<inf> imu: LSM6DS3TR-C  a   3.875   5.377   7.579  g   0.024  -0.064   0.012[0m
[1;32muart:~$ [m[8D[J[00:04:44.629,000] [0m<inf> imu: LSM6DSV16X   a   4.128   5.439   7.877  g  -0.011   0.002  -0.002[0m
[1;32muart:~$ [m[8D[J[1;32muart:~$ [m[8D[J[00:04:44.630,000] [0m<inf> imu: ICM-42688-P  a   4.095   5.288   7.264  g   0.000  -0.005   0.000[0m
[1;32muart:~$ [m[8D[J[00:04:44.731,000] [0m<inf> imu: LSM6DS3TR-C  a   3.872   5.325   7.585  g   0.024  -0.063   0.016[0m
[1;32muart:~$ [m[8D[J[00:04:44.731,000] [0m<inf> imu: LSM6DSV16X   a   4.128   5.427   7.880  g  -0.012   0.002  -0.002[0m
[1;32muart:~$ [m[8D[J[1;32muart:~$ [m[8D[J[00:04:44.732,000] [0m<inf> imu: ICM-42688-P  a   4.095   5.302   7.266  g  -0.001  -0.005   0.001[0m
[1;32muart:~$ [m[8D[J[00:04:44.834,000] [0m<inf> imu: LSM6DS3TR-C  a   3.845   5.380   7.628  g   0.023  -0.060   0.013[0m
[1;32muart:~$ [m[8D[J[00:04:44.834,000] [0m<inf> imu: LSM6DSV16X   a   4.120   5.441   7.877  g  -0.011   0.002  -0.002[0m
[1;32muart:~$ [m[8D[J[1;32muart:~$ [m[8D[J[00:04:44.835,000] [0m<inf> imu: ICM-42688-P  a   4.114   5.298   7.257  g  -0.001  -0.005   0.001[0m
[1;32muart:~$ [m[8D[J[00:04:44.937,000] [0m<inf> imu: LSM6DS3TR-C  a   3.863   5.338   7.608  g   0.025  -0.063   0.014[0m
[1;32muart:~$ [m[8D[J[1;32muart:~$ [m[8D[J[00:04:44.937,000] [0m<inf> imu: LSM6DSV16X   a   4.125   5.434   7.873  g  -0.011   0.002  -0.003[0m
[1;32muart:~$ [m[8D[J[00:04:44.938,000] [0m<inf> imu: ICM-42688-P  a   4.101   5.296   7.271  g  -0.001  -0.005   0.000[0m
[1;32muart:~$ [m[8D[J[00:04:45.039,000] [0m<inf> imu: LSM6DS3TR-C  a   3.866   5.329   7.607  g   0.026  -0.063   0.015[0m
[1;32muart:~$ [m[8D[J[00:04:45.040,000] [0m<inf> imu: LSM6DSV16X   a   4.128   5.439   7.865  g  -0.012   0.002  -0.002[0m
[1;32muart:~$ [m[8D[J[1;32muart:~$ [m[8D[J[00:04:45.040,000] [0m<inf> imu: ICM-42688-P  a   4.101   5.306   7.269  g   0.001  -0.004   0.001[0m
[1;32muart:~$ [m[8D[J[1;32muart:~$ [m[8D[J[00:04:45.141,000] [0m<inf> imu: LSM6DS3TR-C  a   3.843   5.398   7.566  g   0.025  -0.063   0.013[0m
[1;32muart:~$ [m[8D[J[00:04:45.142,000] [0m<inf> imu: LSM6DSV16X   a   4.120   5.441   7.874  g  -0.011   0.001  -0.002[0m
[1;32muart:~$ [m[8D[J[1;32muart:~$ [m[8D[J[00:04:45.142,000] [0m<inf> imu: ICM-42688-P  a   4.106   5.294   7.283  g   0.000  -0.005   0.001[0m
[1;32muart:~$ [m[8D[J[00:04:45.243,000] [0m<inf> imu: LSM6DS3TR-C  a   3.875   5.381   7.606  g   0.024  -0.063   0.014[0m
[1;32muart:~$ [m[8D[J[1;32muart:~$ [m[8D[J[00:04:45.244,000] [0m<inf> imu: LSM6DSV16X   a   4.123   5.438   7.874  g  -0.011   0.002  -0.002[0m
[1;32muart:~$ [m[8D[J[00:04:45.245,000] [0m<inf> imu: ICM-42688-P  a   4.104   5.279   7.264  g  -0.000  -0.005   0.000[0m
[1;32muart:~$ [m[8D[J[1;32muart:~$ [m[8D[J[00:04:45.346,000] [0m<inf> imu: LSM6DS3TR-C  a   3.854   5.363   7.583  g   0.025  -0.065   0.014[0m
[1;32muart:~$ [m[8D[J[00:04:45.346,000] [0m<inf> imu: LSM6DSV16X   a   4.126   5.436   7.878  g  -0.012   0.002  -0.002[0m
[1;32muart:~$ [m[8D[J[1;32muart:~$ [m[8D[J[00:04:45.347,000] [0m<inf> imu: ICM-42688-P  a   4.089   5.294   7.259  g   0.000  -0.005   0.001[0m
[1;32muart:~$ [m[8D[J[00:04:45.448,000] [0m<inf> imu: LSM6DS3TR-C  a   3.837   5.369   7.616  g   0.023  -0.063   0.016[0m
[1;32muart:~$ [m[8D[J[00:04:45.449,000] [0m<inf> imu: LSM6DSV16X   a   4.118   5.436   7.874  g  -0.011   0.002  -0.001[0m
[1;32muart:~$ [m[8D[J[1;32muart:~$ [m[8D[J[00:04:45.449,000] [0m<inf> imu: ICM-42688-P  a   4.102   5.292   7.259  g   0.000  -0.005   0.001[0m
[1;32muart:~$ [m[8D[J[00:04:45.551,000] [0m<inf> imu: LSM6DS3TR-C  a   3.917   5.402   7.631  g   0.027  -0.064   0.014[0m
[1;32muart:~$ [m[8D[J[1;32muart:~$ [m[8D[J[00:04:45.552,000] [0m<inf> imu: LSM6DSV16X   a   4.123   5.435   7.879  g  -0.012   0.002  -0.002[0m
[1;32muart:~$ [m[8D[J[00:04:45.552,000] [0m<inf> imu: ICM-42688-P  a   4.108   5.297   7.260  g   0.001  -0.005  -0.001[0m
[1;32muart:~$ [m[8D[J[1;32muart:~$ [m[8D[J[00:04:45.654,000] [0m<inf> imu: LSM6DS3TR-C  a   3.860   5.346   7.570  g   0.027  -0.062   0.013[0m
[1;32muart:~$ [m[8D[J[00:04:45.654,000] [0m<inf> imu: LSM6DSV16X   a   4.125   5.436   7.866  g  -0.010   0.003  -0.002[0m
[1;32muart:~$ [m[8D[J[00:04:45.655,000] [0m<inf> imu: ICM-42688-P  a   4.101   5.300   7.276  g   0.000  -0.005   0.000[0m
[1;32muart:~$ [m[8D[J[1;32muart:~$ [m[8D[J[00:04:45.756,000] [0m<inf> imu: LSM6DS3TR-C  a   3.861   5.319   7.614  g   0.026  -0.064   0.013[0m
[1;32muart:~$ [m[8D[J[00:04:45.757,000] [0m<inf> imu: LSM6DSV16X   a   4.130   5.439   7.880  g  -0.011   0.002  -0.002[0m
[1;32muart:~$ [m[8D[J[1;32muart:~$ [m[8D[J[00:04:45.758,000] [0m<inf> imu: ICM-42688-P  a   4.093   5.298   7.256  g  -0.000  -0.005   0.000[0m
[1;32muart:~$ [m[8D[J[00:04:45.859,000] [0m<inf> imu: LSM6DS3TR-C  a   3.845   5.348   7.596  g   0.024  -0.062   0.014[0m
[1;32muart:~$ [m[8D[J[1;32muart:~$ [m[8D[J[00:04:45.860,000] [0m<inf> imu: LSM6DSV16X   a   4.130   5.430   7.872  g  -0.012   0.002  -0.002[0m
[1;32muart:~$ [m[8D[J[00:04:45.860,000] [0m<inf> imu: ICM-42688-P  a   4.100   5.289   7.276  g   0.000  -0.005   0.000[0m
[1;32muart:~$ [m[8D[J[1;32muart:~$ [m[8D[J[00:04:45.961,000] [0m<inf> imu: LSM6DS3TR-C  a   3.852   5.381   7.619  g   0.025  -0.062   0.013[0m
[1;32muart:~$ [m[8D[J[00:04:45.962,000] [0m<inf> imu: LSM6DSV16X   a   4.125   5.439   7.884  g  -0.011   0.002  -0.002[0m
[1;32muart:~$ [m[8D[J[1;32muart:~$ [m[8D[J[00:04:45.963,000] [0m<inf> imu: ICM-42688-P  a   4.095   5.300   7.271  g  -0.001  -0.005  -0.000[0m
[1;32muart:~$ [m[8D[J[00:04:46.064,000] [0m<inf> imu: LSM6DS3TR-C  a   3.871   5.354   7.576  g   0.024  -0.062   0.014[0m
[1;32muart:~$ [m[8D[J[00:04:46.064,000] [0m<inf> imu: LSM6DSV16X   a   4.129   5.441   7.872  g  -0.011   0.002  -0.002[0m
[1;32muart:~$ [m[8D[J[1;32muart:~$ [m[8D[J[00:04:46.065,000] [0m<inf> imu: ICM-42688-P  a   4.107   5.297   7.268  g   0.000  -0.005   0.000[0m
[1;32muart:~$ [m[8D[J[00:04:46.166,000] [0m<inf> imu: LSM6DS3TR-C  a   3.861   5.408   7.630  g   0.025  -0.061   0.015[0m
[1;32muart:~$ [m[8D[J[1;32muart:~$ [m[8D[J[00:04:46.167,000] [0m<inf> imu: LSM6DSV16X   a   4.123   5.438   7.877  g  -0.012   0.002  -0.002[0m
[1;32muart:~$ [m[8D[J[00:04:46.168,000] [0m<inf> imu: ICM-42688-P  a   4.104   5.284   7.271  g  -0.000  -0.005   0.001[0m
[1;32muart:~$ [m[8D[J[00:04:46.269,000] [0m<inf> imu: LSM6DS3TR-C  a   3.860   5.373   7.589  g   0.025  -0.063   0.012[0m
[1;32muart:~$ [m[8D[J[1;32muart:~$ [m[8D[J[00:04:46.270,000] [0m<inf> imu: LSM6DSV16X   a   4.127   5.441   7.862  g  -0.011   0.001  -0.002[0m
[1;32muart:~$ [m[8D[J[00:04:46.270,000] [0m<inf> imu: ICM-42688-P  a   4.107   5.304   7.271  g   0.000  -0.005  -0.000[0m
[1;32muart:~$ [m[8D[J[00:04:46.371,000] [0m<inf> imu: LSM6DS3TR-C  a   3.888   5.355   7.634  g   0.024  -0.062   0.014[0m
[1;32muart:~$ [m[8D[J[00:04:46.372,000] [0m<inf> imu: LSM6DSV16X   a   4.123   5.439   7.877  g  -0.011   0.002  -0.002[0m
[1;32muart:~$ [m[8D[J[1;32muart:~$ [m[8D[J[00:04:46.373,000] [0m<inf> imu: ICM-42688-P  a   4.110   5.292   7.274  g   0.000  -0.005   0.001[0m
[1;32muart:~$ [m[8D[J[1;32muart:~$ [m[8D[J[00:04:46.474,000] [0m<inf> imu: LSM6DS3TR-C  a   3.869   5.368   7.647  g   0.025  -0.064   0.014[0m
[1;32muart:~$ [m[8D[J[00:04:46.474,000] [0m<inf> imu: LSM6DSV16X   a   4.132   5.436   7.872  g  -0.012   0.002  -0.002[0m
[1;32muart:~$ [m[8D[J[1;32muart:~$ [m[8D[J[00:04:46.475,000] [0m<inf> imu: ICM-42688-P  a   4.117   5.288   7.266  g   0.000  -0.005   0.000[0m
[1;32muart:~$ [m[8D[J[00:04:46.576,000] [0m<inf> imu: LSM6DS3TR-C  a   3.863   5.383   7.616  g   0.024  -0.062   0.013[0m
[1;32muart:~$ [m[8D[J[1;32muart:~$ [m[8D[J[00:04:46.577,000] [0m<inf> imu: LSM6DSV16X   a   4.128   5.429   7.882  g  -0.011   0.002  -0.002[0m
[1;32muart:~$ [m[8D[J[00:04:46.577,000] [0m<inf> imu: ICM-42688-P  a   4.105   5.292   7.284  g  -0.001  -0.004   0.000[0m
[1;32muart:~$ [m[8D[J[1;32muart:~$ [m[8D[J[00:04:46.678,000] [0m<inf> imu: LSM6DS3TR-C  a   3.861   5.372   7.601  g   0.024  -0.061   0.013[0m
[1;32muart:~$ [m[8D[J[00:04:46.679,000] [0m<inf> imu: LSM6DSV16X   a   4.123   5.429   7.872  g  -0.011   0.002  -0.002[0m
[1;32muart:~$ [m[8D[J[1;32muart:~$ [m[8D[J[00:04:46.680,000] [0m<inf> imu: ICM-42688-P  a   4.095   5.285   7.263  g  -0.001  -0.005   0.001[0m
[1;32muart:~$ [m[8D[J[00:04:46.781,000] [0m<inf> imu: LSM6DS3TR-C  a   3.854   5.355   7.579  g   0.024  -0.062   0.013[0m
[1;32muart:~$ [m[8D[J[00:04:46.781,000] [0m<inf> imu: LSM6DSV16X   a   4.123   5.436   7.877  g  -0.011   0.002  -0.002[0m
[1;32muart:~$ [m[8D[J[1;32muart:~$ [m[8D[J[00:04:46.782,000] [0m<inf> imu: ICM-42688-P  a   4.107   5.292   7.260  g   0.000  -0.006   0.001[0m
[1;32muart:~$ [m[8D[J[00:04:46.884,000] [0m<inf> imu: LSM6DS3TR-C  a   3.847   5.352   7.600  g   0.024  -0.062   0.015[0m
[1;32muart:~$ [m[8D[J[1;32muart:~$ [m[8D[J[00:04:46.884,000] [0m<inf> imu: LSM6DSV16X   a   4.130   5.429   7.875  g  -0.012   0.002  -0.003[0m
[1;32muart:~$ [m[8D[J[00:04:46.885,000] [0m<inf> imu: ICM-42688-P  a   4.108   5.292   7.272  g  -0.000  -0.005   0.001[0m
[1;32muart:~$ [m[8D[J[00:04:46.986,000] [0m<inf> imu: LSM6DS3TR-C  a   3.868   5.380   7.628  g   0.027  -0.063   0.016[0m
[1;32muart:~$ [m[8D[J[1;32muart:~$ [m[8D[J[00:04:46.987,000] [0m<inf> imu: LSM6DSV16X   a   4.130   5.439   7.879  g  -0.011   0.002  -0.002[0m
[1;32muart:~$ [m[8D[J[00:04:46.988,000] [0m<inf> imu: ICM-42688-P  a   4.108   5.297   7.260  g  -0.001  -0.005   0.000[0m
[1;32muart:~$ [m[8D[J[00:04:47.089,000] [0m<inf> imu: LSM6DS3TR-C  a   3.858   5.373   7.644  g   0.024  -0.062   0.014[0m
[1;32muart:~$ [m[8D[J[00:04:47.089,000] [0m<inf> imu: LSM6DSV16X   a   4.128   5.429   7.865  g  -0.011   0.002  -0.002[0m
[1;32muart:~$ [m[8D[J[1;32muart:~$ [m[8D[J[00:04:47.090,000] [0m<inf> imu: ICM-42688-P  a   4.095   5.298   7.270  g   0.000  -0.005  -0.000[0m
[1;32muart:~$ [m[8D[J[1;32muart:~$ [m[8D[J[00:04:47.191,000] [0m<inf> imu: LSM6DS3TR-C  a   3.876   5.359   7.586  g   0.023  -0.062   0.016[0m
[1;32muart:~$ [m[8D[J[00:04:47.192,000] [0m<inf> imu: LSM6DSV16X   a   4.123   5.447   7.886  g  -0.012   0.001  -0.003[0m
[1;32muart:~$ [m[8D[J[1;32muart:~$ [m[8D[J[00:04:47.192,000] [0m<inf> imu: ICM-42688-P  a   4.140   5.295   7.277  g  -0.002  -0.005   0.000[0m
[1;32muart:~$ [m[8D[J[00:04:47.293,000] [0m<inf> imu: LSM6DS3TR-C  a   3.930   5.282   7.636  g   0.025  -0.063   0.014[0m
[1;32muart:~$ [m[8D[J[1;32muart:~$ [m[8D[J[00:04:47.294,000] [0m<inf> imu: LSM6DSV16X   a   4.131   5.430   7.882  g  -0.011   0.001  -0.002[0m
[1;32muart:~$ [m[8D[J[00:04:47.294,000] [0m<inf> imu: ICM-42688-P  a   4.098   5.295   7.277  g   0.001  -0.005   0.000[0m
[1;32muart:~$ [m[8D[J[1;32muart:~$ [m[8D[J[00:04:47.395,000] [0m<inf> imu: LSM6DS3TR-C  a   3.812   5.393   7.643  g   0.024  -0.061   0.015[0m
[1;32muart:~$ [m[8D[J[00:04:47.396,000] [0m<inf> imu: LSM6DSV16X   a   4.116   5.448   7.893  g  -0.010   0.002  -0.002[0m
[1;32muart:~$ [m[8D[J[1;32muart:~$ [m[8D[J[00:04:47.397,000] [0m<inf> imu: ICM-42688-P  a   4.102   5.288   7.254  g   0.001  -0.005   0.001[0m
[1;32muart:~$ [m[8D[J[00:04:47.498,000] [0m<inf> imu: LSM6DS3TR-C  a   3.848   5.329   7.577  g   0.025  -0.062   0.011[0m
[1;32muart:~$ [m[8D[J[00:04:47.499,000] [0m<inf> imu: LSM6DSV16X   a   4.122   5.436   7.872  g  -0.011   0.002  -0.003[0m
[1;32muart:~$ [m[8D[J[1;32muart:~$ [m[8D[J[00:04:47.499,000] [0m<inf> imu: ICM-42688-P  a   4.094   5.284   7.256  g   0.000  -0.005   0.000[0m
[1;32muart:~$ [m[8D[J[00:04:47.601,000] [0m<inf> imu: LSM6DS3TR-C  a   3.841   5.362   7.610  g   0.026  -0.061   0.013[0m
[1;32muart:~$ [m[8D[J[1;32muart:~$ [m[8D[J[00:04:47.602,000] [0m<inf> imu: LSM6DSV16X   a   4.125   5.427   7.872  g  -0.011   0.002  -0.001[0m
[1;32muart:~$ [m[8D[J[00:04:47.603,000] [0m<inf> imu: ICM-42688-P  a   4.100   5.312   7.275  g  -0.000  -0.005   0.000[0m
[1;32muart:~$ [m[8D[J[00:04:47.704,000] [0m<inf> imu: LSM6DS3TR-C  a   3.841   5.359   7.592  g   0.025  -0.065   0.013[0m
[1;32muart:~$ [m[8D[J[1;32muart:~$ [m[8D[J[00:04:47.704,000] [0m<inf> imu: LSM6DSV16X   a   4.116   5.434   7.877  g  -0.012   0.002  -0.002[0m
[1;32muart:~$ [m[8D[J[00:04:47.705,000] [0m<inf> imu: ICM-42688-P  a   4.108   5.296   7.276  g   0.000  -0.005   0.000[0m
[1;32muart:~$ [m[8D[J[00:04:47.806,000] [0m<inf> imu: LSM6DS3TR-C  a   3.830   5.375   7.627  g   0.023  -0.061   0.013[0m
[1;32muart:~$ [m[8D[J[00:04:47.807,000] [0m<inf> imu: LSM6DSV16X   a   4.116   5.439   7.875  g  -0.012   0.002  -0.002[0m
[1;32muart:~$ [m[8D[J[1;32muart:~$ [m[8D[J[00:04:47.807,000] [0m<inf> imu: ICM-42688-P  a   4.110   5.288   7.270  g  -0.001  -0.005   0.000[0m
[1;32muart:~$ [m[8D[J[1;32muart:~$ [m[8D[J[00:04:47.908,000] [0m<inf> imu: LSM6DS3TR-C  a   3.853   5.290   7.562  g   0.024  -0.063   0.012[0m
[1;32muart:~$ [m[8D[J[00:04:47.909,000] [0m<inf> imu: LSM6DSV16X   a   4.118   5.435   7.879  g  -0.011   0.002  -0.002[0m
[1;32muart:~$ [m[8D[J[1;32muart:~$ [m[8D[J[00:04:47.909,000] [0m<inf> imu: ICM-42688-P  a   4.107   5.286   7.256  g  -0.001  -0.005  -0.000[0m
[1;32muart:~$ [m[8D[J[00:04:48.010,000] [0m<inf> imu: LSM6DS3TR-C  a   3.873   5.347   7.644  g   0.024  -0.062   0.016[0m
[1;32muart:~$ [m[8D[J[1;32muart:~$ [m[8D[J[00:04:48.011,000] [0m<inf> imu: LSM6DSV16X   a   4.120   5.439   7.880  g  -0.011   0.002  -0.003[0m
[1;32muart:~$ [m[8D[J[00:04:48.012,000] [0m<inf> imu: ICM-42688-P  a   4.100   5.296   7.272  g   0.000  -0.005  -0.000[0m
[1;32muart:~$ [m[8D[J[00:04:48.113,000] [0m<inf> imu: LSM6DS3TR-C  a   3.880   5.340   7.601  g   0.026  -0.062   0.014[0m
[1;32muart:~$ [m[8D[J[00:04:48.114,000] [0m<inf> imu: LSM6DSV16X   a   4.125   5.441   7.877  g  -0.012   0.003  -0.002[0m
[1;32muart:~$ [m[8D[J[00:04:48.114,000] [0m<inf> imu: ICM-42688-P  a   4.105   5.301   7.268  g  -0.001  -0.005   0.000[0m
[1;32muart:~$ [m[8D[J[1;32muart:~$ [m[8D[J[00:04:48.215,000] [0m<inf> imu: LSM6DS3TR-C  a   3.858   5.337   7.615  g   0.024  -0.062   0.015[0m
[1;32muart:~$ [m[8D[J[00:04:48.216,000] [0m<inf> imu: LSM6DSV16X   a   4.128   5.436   7.877  g  -0.012   0.002  -0.002[0m
[1;32muart:~$ [m[8D[J[1;32muart:~$ [m[8D[J[00:04:48.216,000] [0m<inf> imu: ICM-42688-P  a   4.101   5.298   7.272  g   0.000  -0.005   0.000[0m
[1;32muart:~$ [m[8D[J[00:04:48.317,000] [0m<inf> imu: LSM6DS3TR-C  a   3.861   5.353   7.617  g   0.025  -0.064   0.016[0m
[1;32muart:~$ [m[8D[J[00:04:48.318,000] [0m<inf> imu: LSM6DSV16X   a   4.123   5.427   7.868  g  -0.011   0.002  -0.002[0m
[1;32muart:~$ [m[8D[J[1;32muart:~$ [m[8D[J[00:04:48.319,000] [0m<inf> imu: ICM-42688-P  a   4.116   5.276   7.265  g   0.000  -0.005   0.000[0m
[1;32muart:~$ [m[8D[J[00:04:48.420,000] [0m<inf> imu: LSM6DS3TR-C  a   3.827   5.402   7.637  g   0.025  -0.062   0.014[0m
[1;32muart:~$ [m[8D[J[1;32muart:~$ [m[8D[J[00:04:48.420,000] [0m<inf> imu: LSM6DSV16X   a   4.125   5.435   7.872  g  -0.011   0.002  -0.002[0m
[1;32muart:~$ [m[8D[J[00:04:48.421,000] [0m<inf> imu: ICM-42688-P  a   4.102   5.307   7.265  g  -0.001  -0.005   0.000[0m
[1;32muart:~$ [m[8D[J[1;32muart:~$ [m[8D[J[00:04:48.522,000] [0m<inf> imu: LSM6DS3TR-C  a   3.843   5.322   7.650  g   0.024  -0.063   0.015[0m
[1;32muart:~$ [m[8D[J[00:04:48.524,000] [0m<inf> imu: LSM6DSV16X   a   4.123   5.444   7.880  g  -0.011   0.002  -0.002[0m
[1;32muart:~$ [m[8D[J[1;32muart:~$ [m[8D[J[00:04:48.524,000] [0m<inf> imu: ICM-42688-P  a   4.119   5.297   7.268  g  -0.000  -0.005   0.000[0m
[1;32muart:~$ [m[8D[J[00:04:48.625,000] [0m<inf> imu: LSM6DS3TR-C  a   3.820   5.270   7.608  g   0.022  -0.061   0.014[0m
[1;32muart:~$ [m[8D[J[1;32muart:~$ [m[8D[J[00:04:48.626,000] [0m<inf> imu: LSM6DSV16X   a   4.125   5.435   7.882  g  -0.011   0.002  -0.002[0m
[1;32muart:~$ [m[8D[J[00:04:48.627,000] [0m<inf> imu: ICM-42688-P  a   4.100   5.297   7.281  g  -0.001  -0.006   0.000[0m
[1;32muart:~$ [m[8D[J[1;32muart:~$ [m[8D[J[00:04:48.728,000] [0m<inf> imu: LSM6DS3TR-C  a   3.860   5.295   7.574  g   0.026  -0.063   0.014[0m
[1;32muart:~$ [m[8D[J[00:04:48.729,000] [0m<inf> imu: LSM6DSV16X   a   4.126   5.439   7.874  g  -0.011   0.002  -0.002[0m
[1;32muart:~$ [m[8D[J[1;32muart:~$ [m[8D[J[00:04:48.729,000] [0m<inf> imu: ICM-42688-P  a   4.108   5.297   7.276  g   0.000  -0.005   0.000[0m
[1;32muart:~$ [m[8D[J[00:04:48.830,000] [0m<inf> imu: LSM6DS3TR-C  a   3.861   5.344   7.611  g   0.025  -0.061   0.014[0m
[1;32muart:~$ [m[8D[J[00:04:48.831,000] [0m<inf> imu: LSM6DSV16X   a   4.125   5.429   7.884  g  -0.011   0.002  -0.002[0m
[1;32muart:~$ [m[8D[J[1;32muart:~$ [m[8D[J[00:04:48.831,000] [0m<inf> imu: ICM-42688-P  a   4.083   5.308   7.284  g  -0.001  -0.005   0.001[0m
[1;32muart:~$ [m[8D[J[00:04:48.933,000] [0m<inf> imu: LSM6DS3TR-C  a   3.866   5.347   7.627  g   0.026  -0.065   0.013[0m
[1;32muart:~$ [m[8D[J[1;32muart:~$ [m[8D[J[00:04:48.934,000] [0m<inf> imu: LSM6DSV16X   a   4.123   5.434   7.873  g  -0.011   0.002  -0.003[0m
[1;32muart:~$ [m[8D[J[00:04:48.935,000] [0m<inf> imu: ICM-42688-P  a   4.095   5.295   7.272  g   0.000  -0.006   0.000[0m
[1;32muart:~$ [m[8D[J[1;32muart:~$ [m[8D[J[00:04:49.036,000] [0m<inf> imu: LSM6DS3TR-C  a   3.860   5.372   7.622  g   0.024  -0.062   0.013[0m
[1;32muart:~$ [m[8D[J[00:04:49.037,000] [0m<inf> imu: LSM6DSV16X   a   4.123   5.434   7.875  g  -0.011   0.002  -0.002[0m
[1;32muart:~$ [m[8D[J[00:04:49.037,000] [0m<inf> imu: ICM-42688-P  a   4.102   5.288   7.264  g  -0.001  -0.005  -0.000[0m
[1;32muart:~$ [m[8D[J[1;32muart:~$ [m[8D[J[00:04:49.138,000] [0m<inf> imu: LSM6DS3TR-C  a   3.863   5.378   7.595  g   0.024  -0.061   0.013[0m
[1;32muart:~$ [m[8D[J[00:04:49.139,000] [0m<inf> imu: LSM6DSV16X   a   4.116   5.439   7.880  g  -0.011   0.002  -0.002[0m
[1;32muart:~$ [m[8D[J[1;32muart:~$ [m[8D[J[00:04:49.140,000] [0m<inf> imu: ICM-42688-P  a   4.102   5.301   7.266  g  -0.000  -0.004  -0.000[0m
[1;32muart:~$ [m[8D[J[00:04:49.241,000] [0m<inf> imu: LSM6DS3TR-C  a   3.866   5.362   7.601  g   0.023  -0.063   0.015[0m
[1;32muart:~$ [m[8D[J[1;32muart:~$ [m[8D[J[00:04:49.241,000] [0m<inf> imu: LSM6DSV16X   a   4.125   5.442   7.871  g  -0.011   0.002  -0.002[0m
[1;32muart:~$ [m[8D[J[00:04:49.242,000] [0m<inf> imu: ICM-42688-P  a   4.102   5.301   7.268  g  -0.001  -0.005   0.000[0m
[1;32muart:~$ [m[8D[J[1;32muart:~$ [m[8D[J[00:04:49.343,000] [0m<inf> imu: LSM6DS3TR-C  a   3.854   5.357   7.596  g   0.024  -0.063   0.014[0m
[1;32muart:~$ [m[8D[J[00:04:49.344,000] [0m<inf> imu: LSM6DSV16X   a   4.122   5.441   7.885  g  -0.011   0.002  -0.002[0m
[1;32muart:~$ [m[8D[J[1;32muart:~$ [m[8D[J[00:04:49.344,000] [0m<inf> imu: ICM-42688-P  a   4.095   5.291   7.277  g  -0.001  -0.005  -0.000[0m
[1;32muart:~$ [m[8D[J[00:04:49.445,000] [0m<inf> imu: LSM6DS3TR-C  a   3.882   5.351   7.592  g   0.024  -0.062   0.014[0m
[1;32muart:~$ [m[8D[J[00:04:49.446,000] [0m<inf> imu: LSM6DSV16X   a   4.119   5.439   7.871  g  -0.012   0.002  -0.002[0m
[1;32muart:~$ [m[8D[J[1;32muart:~$ [m[8D[J[00:04:49.447,000] [0m<inf> imu: ICM-42688-P  a   4.107   5.294   7.274  g   0.000  -0.005   0.000[0m
[1;32muart:~$ [m[8D[J[00:04:49.548,000] [0m<inf> imu: LSM6DS3TR-C  a   3.892   5.390   7.595  g   0.024  -0.062   0.016[0m
[1;32muart:~$ [m[8D[J[1;32muart:~$ [m[8D[J[00:04:49.549,000] [0m<inf> imu: LSM6DSV16X   a   4.123   5.435   7.882  g  -0.011   0.002  -0.002[0m
[1;32muart:~$ [m[8D[J[00:04:49.550,000] [0m<inf> imu: ICM-42688-P  a   4.107   5.301   7.269  g   0.000  -0.006   0.000[0m
[1;32muart:~$ [m[8D[J[00:04:49.651,000] [0m<inf> imu: LSM6DS3TR-C  a   3.869   5.340   7.563  g   0.025  -0.062   0.014[0m
[1;32muart:~$ [m[8D[J[1;32muart:~$ [m[8D[J[00:04:49.652,000] [0m<inf> imu: LSM6DSV16X   a   4.118   5.441   7.884  g  -0.012   0.002  -0.002[0m
[1;32muart:~$ [m[8D[J[00:04:49.652,000] [0m<inf> imu: ICM-42688-P  a   4.099   5.301   7.269  g  -0.001  -0.005   0.000[0m
[1;32muart:~$ [m[8D[J[00:04:49.753,000] [0m<inf> imu: LSM6DS3TR-C  a   3.860   5.343   7.586  g   0.023  -0.063   0.012[0m
[1;32muart:~$ [m[8D[J[00:04:49.754,000] [0m<inf> imu: LSM6DSV16X   a   4.125   5.432   7.860  g  -0.011   0.002  -0.002[0m
[1;32muart:~$ [m[8D[J[1;32muart:~$ [m[8D[J[00:04:49.754,000] [0m<inf> imu: ICM-42688-P  a   4.096   5.288   7.268  g  -0.001  -0.005   0.001[0m
[1;32muart:~$ [m[8D[J[1;32muart:~$ [m[8D[J[00:04:49.855,000] [0m<inf> imu: LSM6DS3TR-C  a   3.871   5.356   7.618  g   0.023  -0.061   0.014[0m
[1;32muart:~$ [m[8D[J[00:04:49.856,000] [0m<inf> imu: LSM6DSV16X   a   4.121   5.435   7.875  g  -0.011   0.002  -0.002[0m
[1;32muart:~$ [m[8D[J[1;32muart:~$ [m[8D[J[00:04:49.857,000] [0m<inf> imu: ICM-42688-P  a   4.110   5.294   7.269  g   0.001  -0.005   0.001[0m
[1;32muart:~$ [m[8D[J[00:04:49.958,000] [0m<inf> imu: LSM6DS3TR-C  a   3.860   5.367   7.604  g   0.025  -0.061   0.015[0m
[1;32muart:~$ [m[8D[J[00:04:49.958,000] [0m<inf> imu: LSM6DSV16X   a   4.129   5.436   7.881  g  -0.011   0.002  -0.002[0m
[1;32muart:~$ [m[8D[J[1;32muart:~$ [m[8D[J[00:04:49.959,000] [0m<inf> imu: ICM-42688-P  a   4.106   5.294   7.270  g  -0.001  -0.006   0.000[0m
[1;32muart:~$ [m[8D[J[00:04:50.060,000] [0m<inf> imu: LSM6DS3TR-C  a   3.901   5.343   7.595  g   0.024  -0.062   0.015[0m
[1;32muart:~$ [m[8D[J[00:04:50.061,000] [0m<inf> imu: LSM6DSV16X   a   4.116   5.444   7.880  g  -0.011   0.002  -0.002[0m
[1;32muart:~$ [m[8D[J[1;32muart:~$ [m[8D[J[00:04:50.061,000] [0m<inf> imu: ICM-42688-P  a   4.102   5.304   7.272  g   0.001  -0.005   0.001[0m
[1;32muart:~$ [m[8D[J[00:04:50.162,000] [0m<inf> imu: LSM6DS3TR-C  a   3.871   5.390   7.599  g   0.024  -0.064   0.012[0m
[1;32muart:~$ [m[8D[J[1;32muart:~$ [m[8D[J[00:04:50.163,000] [0m<inf> imu: LSM6DSV16X   a   4.128   5.436   7.868  g  -0.011   0.002  -0.003[0m
[1;32muart:~$ [m[8D[J[00:04:50.164,000] [0m<inf> imu: ICM-42688-P  a   4.105   5.277   7.262  g  -0.001  -0.005  -0.001[0m
[1;32muart:~$ [m[8D[J[00:04:50.265,000] [0m<inf> imu: LSM6DS3TR-C  a   3.862   5.350   7.607  g   0.023  -0.062   0.014[0m
[1;32muart:~$ [m[8D[J[00:04:50.265,000] [0m<inf> imu: LSM6DSV16X   a   4.128   5.436   7.872  g  -0.011   0.002  -0.002[0m
[1;32muart:~$ [m[8D[J[1;32muart:~$ [m[8D[J[00:04:50.266,000] [0m<inf> imu: ICM-42688-P  a   4.098   5.292   7.262  g   0.000  -0.004   0.000[0m
[1;32muart:~$ [m[8D[J[00:04:50.367,000] [0m<inf> imu: LSM6DS3TR-C  a   3.867   5.325   7.622  g   0.025  -0.064   0.014[0m
[1;32muart:~$ [m[8D[J[00:04:50.368,000] [0m<inf> imu: LSM6DSV16X   a   4.120   5.436   7.875  g  -0.011   0.002  -0.003[0m
[1;32muart:~$ [m[8D[J[1;32muart:~$ [m[8D[J[00:04:50.368,000] [0m<inf> imu: ICM-42688-P  a   4.108   5.279   7.263  g   0.000  -0.006  -0.000[0m
[1;32muart:~$ [m[8D[J[00:04:50.469,000] [0m<inf> imu: LSM6DS3TR-C  a   3.862   5.337   7.560  g   0.023  -0.063   0.011[0m
[1;32muart:~$ [m[8D[J[1;32muart:~$ [m[8D[J[00:04:50.470,000] [0m<inf> imu: LSM6DSV16X   a   4.129   5.432   7.868  g  -0.012   0.001  -0.002[0m
[1;32muart:~$ [m[8D[J[00:04:50.470,000] [0m<inf> imu: ICM-42688-P  a   4.104   5.301   7.268  g  -0.000  -0.004   0.000[0m
[1;32muart:~$ [m[8D[J[1;32muart:~$ [m[8D[J[00:04:50.572,000] [0m<inf> imu: LSM6DS3TR-C  a   3.833   5.348   7.593  g   0.024  -0.063   0.013[0m
[1;32muart:~$ [m[8D[J[00:04:50.572,000] [0m<inf> imu: LSM6DSV16X   a   4.118   5.436   7.865  g  -0.011   0.001  -0.003[0m
[1;32muart:~$ [m[8D[J[1;32muart:~$ [m[8D[J[00:04:50.573,000] [0m<inf> imu: ICM-42688-P  a   4.114   5.300   7.282  g  -0.001  -0.005  -0.001[0m
[1;32muart:~$ [m[8D[J[00:04:50.674,000] [0m<inf> imu: LSM6DS3TR-C  a   3.849   5.356   7.598  g   0.024  -0.062   0.015[0m
[1;32muart:~$ [m[8D[J[1;32muart:~$ [m[8D[J[00:04:50.675,000] [0m<inf> imu: LSM6DSV16X   a   4.130   5.443   7.877  g  -0.012   0.002  -0.002[0m
[1;32muart:~$ [m[8D[J[00:04:50.675,000] [0m<inf> imu: ICM-42688-P  a   4.098   5.284   7.263  g   0.000  -0.005  -0.000[0m
[1;32muart:~$ [m[8D[J[1;32muart:~$ [m[8D[J[00:04:50.776,000] [0m<inf> imu: LSM6DS3TR-C  a   3.857   5.367   7.605  g   0.024  -0.062   0.013[0m
[1;32muart:~$ [m[8D[J[00:04:50.777,000] [0m<inf> imu: LSM6DSV16X   a   4.123   5.439   7.875  g  -0.012   0.002  -0.002[0m
[1;32muart:~$ [m[8D[J[1;32muart:~$ [m[8D[J[00:04:50.778,000] [0m<inf> imu: ICM-42688-P  a   4.113   5.306   7.257  g  -0.001  -0.005  -0.000[0m
[1;32muart:~$ [m[8D[J[00:04:50.879,000] [0m<inf> imu: LSM6DS3TR-C  a   3.861   5.387   7.612  g   0.025  -0.063   0.015[0m
[1;32muart:~$ [m[8D[J[00:04:50.879,000] [0m<inf> imu: LSM6DSV16X   a   4.121   5.445   7.880  g  -0.012   0.002  -0.002[0m
[1;32muart:~$ [m[8D[J[1;32muart:~$ [m[8D[J[00:04:50.880,000] [0m<inf> imu: ICM-42688-P  a   4.100   5.288   7.280  g  -0.001  -0.005   0.001[0m
[1;32muart:~$ [m[8D[J[00:04:50.982,000] [0m<inf> imu: LSM6DS3TR-C  a   3.832   5.342   7.600  g   0.024  -0.062   0.013[0m
[1;32muart:~$ [m[8D[J[00:04:50.983,000] [0m<inf> imu: LSM6DSV16X   a   4.123   5.436   7.878  g  -0.013   0.002  -0.003[0m
[1;32muart:~$ [m[8D[J[1;32muart:~$ [m[8D[J[00:04:50.984,000] [0m<inf> imu: ICM-42688-P  a   4.090   5.284   7.265  g  -0.001  -0.005   0.000[0m
[1;32muart:~$ [m[8D[J[00:04:51.085,000] [0m<inf> imu: LSM6DS3TR-C  a   3.882   5.524   7.546  g   0.025  -0.061   0.012[0m
[1;32muart:~$ [m[8D[J[1;32muart:~$ [m[8D[J[00:04:51.085,000] [0m<inf> imu: LSM6DSV16X   a   4.120   5.435   7.880  g  -0.012   0.001  -0.002[0m
[1;32muart:~$ [m[8D[J[00:04:51.086,000] [0m<inf> imu: ICM-42688-P  a   4.111   5.295   7.260  g  -0.001  -0.005  -0.000[0m
[1;32muart:~$ [m[8D[J[1;32muart:~$ [m[8D[J[00:04:51.188,000] [0m<inf> imu: LSM6DS3TR-C  a   3.845   5.316   7.613  g   0.026  -0.063   0.012[0m
[1;32muart:~$ [m[8D[J[00:04:51.188,000] [0m<inf> imu: LSM6DSV16X   a   4.126   5.429   7.878  g  -0.011   0.002  -0.003[0m
[1;32muart:~$ [m[8D[J[1;32muart:~$ [m[8D[J[00:04:51.189,000] [0m<inf> imu: ICM-42688-P  a   4.106   5.291   7.268  g   0.000  -0.005   0.000[0m
[1;32muart:~$ [m[8D[J[00:04:51.290,000] [0m<inf> imu: LSM6DS3TR-C  a   3.849   5.277   7.589  g   0.024  -0.063   0.015[0m
[1;32muart:~$ [m[8D[J[1;32muart:~$ [m[8D[J[00:04:51.291,000] [0m<inf> imu: LSM6DSV16X   a   4.122   5.439   7.868  g  -0.011   0.002  -0.002[0m
[1;32muart:~$ [m[8D[J[00:04:51.291,000] [0m<inf> imu: ICM-42688-P  a   4.111   5.296   7.264  g  -0.000  -0.004  -0.000[0m
[1;32muart:~$ [m[8D[J[1;32muart:~$ [m[8D[J[00:04:51.393,000] [0m<inf> imu: LSM6DS3TR-C  a   3.830   5.338   7.633  g   0.024  -0.063   0.013[0m
[1;32muart:~$ [m[8D[J[00:04:51.393,000] [0m<inf> imu: LSM6DSV16X   a   4.126   5.429   7.860  g  -0.012   0.002  -0.002[0m
[1;32muart:~$ [m[8D[J[1;32muart:~$ [m[8D[J[00:04:51.394,000] [0m<inf> imu: ICM-42688-P  a   4.104   5.290   7.270  g   0.000  -0.005   0.001[0m
[1;32muart:~$ [m[8D[J[00:04:51.495,000] [0m<inf> imu: LSM6DS3TR-C  a   3.883   5.368   7.557  g   0.024  -0.063   0.013[0m
[1;32muart:~$ [m[8D[J[00:04:51.496,000] [0m<inf> imu: LSM6DSV16X   a   4.123   5.439   7.877  g  -0.012   0.002  -0.002[0m
[1;32muart:~$ [m[8D[J[1;32muart:~$ [m[8D[J[00:04:51.496,000] [0m<inf> imu: ICM-42688-P  a   4.101   5.296   7.260  g   0.000  -0.005   0.000[0m
[1;32muart:~$ [m[8D[J[00:04:51.598,000] [0m<inf> imu: LSM6DS3TR-C  a   3.842   5.365   7.579  g   0.023  -0.064   0.014[0m
[1;32muart:~$ [m[8D[J[1;32muart:~$ [m[8D[J[00:04:51.599,000] [0m<inf> imu: LSM6DSV16X   a   4.123   5.434   7.877  g  -0.011   0.002  -0.002[0m
[1;32muart:~$ [m[8D[J[00:04:51.599,000] [0m<inf> imu: ICM-42688-P  a   4.095   5.298   7.272  g   0.000  -0.005   0.001[0m
[1;32muart:~$ [m[8D[J[00:04:51.700,000] [0m<inf> imu: LSM6DS3TR-C  a   3.894   5.356   7.594  g   0.024  -0.063   0.014[0m
[1;32muart:~$ [m[8D[J[1;32muart:~$ [m[8D[J[00:04:51.701,000] [0m<inf> imu: LSM6DSV16X   a   4.131   5.434   7.868  g  -0.012   0.001  -0.002[0m
[1;32muart:~$ [m[8D[J[00:04:51.702,000] [0m<inf> imu: ICM-42688-P  a   4.108   5.292   7.253  g   0.001  -0.005   0.000[0m
[1;32muart:~$ [m[8D[J[1;32muart:~$ [m[8D[J[00:04:51.803,000] [0m<inf> imu: LSM6DS3TR-C  a   3.855   5.347   7.597  g   0.027  -0.064   0.014[0m
[1;32muart:~$ [m[8D[J[00:04:51.804,000] [0m<inf> imu: LSM6DSV16X   a   4.126   5.434   7.872  g  -0.012   0.002  -0.002[0m
[1;32muart:~$ [m[8D[J[1;32muart:~$ [m[8D[J[00:04:51.805,000] [0m<inf> imu: ICM-42688-P  a   4.104   5.292   7.266  g   0.000  -0.005   0.001[0m
[1;32muart:~$ [m[8D[J[00:04:51.906,000] [0m<inf> imu: LSM6DS3TR-C  a   3.878   5.405   7.601  g   0.024  -0.065   0.013[0m
[1;32muart:~$ [m[8D[J[1;32muart:~$ [m[8D[J[00:04:51.906,000] [0m<inf> imu: LSM6DSV16X   a   4.123   5.434   7.880  g  -0.011   0.002  -0.002[0m
[1;32muart:~$ [m[8D[J[00:04:51.907,000] [0m<inf> imu: ICM-42688-P  a   4.112   5.292   7.257  g   0.000  -0.005   0.000[0m
[1;32muart:~$ [m[8D[J[1;32muart:~$ [m[8D[J[00:04:52.008,000] [0m<inf> imu: LSM6DS3TR-C  a   3.827   5.451   7.627  g   0.023  -0.062   0.013[0m
[1;32muart:~$ [m[8D[J[00:04:52.009,000] [0m<inf> imu: LSM6DSV16X   a   4.118   5.442   7.872  g  -0.011   0.002  -0.002[0m
[1;32muart:~$ [m[8D[J[1;32muart:~$ [m[8D[J[00:04:52.009,000] [0m<inf> imu: ICM-42688-P  a   4.100   5.300   7.269  g   0.001  -0.005   0.000[0m
[1;32muart:~$ [m[8D[J[00:04:52.110,000] [0m<inf> imu: LSM6DS3TR-C  a   3.973   5.479   7.596  g   0.025  -0.063   0.014[0m
[1;32muart:~$ [m[8D[J[00:04:52.111,000] [0m<inf> imu: LSM6DSV16X   a   4.114   5.442   7.885  g  -0.013   0.002  -0.003[0m
[1;32muart:~$ [m[8D[J[1;32muart:~$ [m[8D[J[00:04:52.112,000] [0m<inf> imu: ICM-42688-P  a   4.106   5.302   7.264  g  -0.000  -0.004  -0.001[0m
[1;32muart:~$ [m[8D[J[00:04:52.213,000] [0m<inf> imu: LSM6DS3TR-C  a   3.837   5.346   7.605  g   0.023  -0.062   0.015[0m
[1;32muart:~$ [m[8D[J[00:04:52.214,000] [0m<inf> imu: LSM6DSV16X   a   4.125   5.424   7.865  g  -0.011   0.003  -0.002[0m
[1;32muart:~$ [m[8D[J[1;32muart:~$ [m[8D[J[00:04:52.215,000] [0m<inf> imu: ICM-42688-P  a   4.102   5.290   7.269  g  -0.001  -0.005   0.000[0m
[1;32muart:~$ [m[8D[J[00:04:52.316,000] [0m<inf> imu: LSM6DS3TR-C  a   3.887   5.388   7.620  g   0.025  -0.061   0.015[0m
[1;32muart:~$ [m[8D[J[1;32muart:~$ [m[8D[J[00:04:52.317,000] [0m<inf> imu: LSM6DSV16X   a   4.128   5.431   7.880  g  -0.012   0.002  -0.002[0m
[1;32muart:~$ [m[8D[J[00:04:52.317,000] [0m<inf> imu: ICM-42688-P  a   4.112   5.298   7.272  g  -0.000  -0.005   0.001[0m
[1;32muart:~$ [m[8D[J[1;32muart:~$ [m[8D[J[00:04:52.419,000] [0m<inf> imu: LSM6DS3TR-C  a   3.891   5.354   7.561  g   0.025  -0.062   0.012[0m
[1;32muart:~$ [m[8D[J[00:04:52.420,000] [0m<inf> imu: LSM6DSV16X   a   4.120   5.431   7.881  g  -0.012   0.002  -0.002[0m
[1;32muart:~$ [m[8D[J[1;32muart:~$ [m[8D[J[00:04:52.421,000] [0m<inf> imu: ICM-42688-P  a   4.106   5.284   7.263  g   0.000  -0.005   0.001[0m
[1;32muart:~$ [m[8D[J[00:04:52.522,000] [0m<inf> imu: LSM6DS3TR-C  a   3.842   5.388   7.583  g   0.024  -0.062   0.014[0m
[1;32muart:~$ [m[8D[J[1;32muart:~$ [m[8D[J[00:04:52.523,000] [0m<inf> imu: LSM6DSV16X   a   4.113   5.441   7.875  g  -0.012   0.002  -0.002[0m
[1;32muart:~$ [m[8D[J[00:04:52.523,000] [0m<inf> imu: ICM-42688-P  a   4.102   5.290   7.269  g  -0.001  -0.005   0.001[0m
[1;32muart:~$ [m[8D[J[1;32muart:~$ [m[8D[J[00:04:52.624,000] [0m<inf> imu: LSM6DS3TR-C  a   3.874   5.384   7.583  g   0.027  -0.064   0.014[0m
[1;32muart:~$ [m[8D[J[00:04:52.625,000] [0m<inf> imu: LSM6DSV16X   a   4.120   5.438   7.879  g  -0.011   0.002  -0.002[0m
[1;32muart:~$ [m[8D[J[1;32muart:~$ [m[8D[J[00:04:52.625,000] [0m<inf> imu: ICM-42688-P  a   4.117   5.284   7.263  g  -0.001  -0.004   0.000[0m
[1;32muart:~$ [m[8D[J[00:04:52.727,000] [0m<inf> imu: LSM6DS3TR-C  a   3.905   5.377   7.565  g   0.025  -0.062   0.016[0m
[1;32muart:~$ [m[8D[J[00:04:52.727,000] [0m<inf> imu: LSM6DSV16X   a   4.118   5.434   7.875  g  -0.011   0.002  -0.002[0m
[1;32muart:~$ [m[8D[J[1;32muart:~$ [m[8D[J[00:04:52.728,000] [0m<inf> imu: ICM-42688-P  a   4.101   5.298   7.268  g   0.000  -0.005   0.001[0m
[1;32muart:~$ [m[8D[J[00:04:52.829,000] [0m<inf> imu: LSM6DS3TR-C  a   3.877   5.363   7.604  g   0.027  -0.062   0.015[0m
[1;32muart:~$ [m[8D[J[1;32muart:~$ [m[8D[J[00:04:52.831,000] [0m<inf> imu: LSM6DSV16X   a   4.125   5.436   7.872  g  -0.012   0.002  -0.003[0m
[1;32muart:~$ [m[8D[J[00:04:52.831,000] [0m<inf> imu: ICM-42688-P  a   4.100   5.284   7.246  g   0.000  -0.005   0.000[0m
[1;32muart:~$ [m[8D[J[00:04:52.932,000] [0m<inf> imu: LSM6DS3TR-C  a   3.852   5.338   7.595  g   0.023  -0.063   0.014[0m
[1;32muart:~$ [m[8D[J[1;32muart:~$ [m[8D[J[00:04:52.933,000] [0m<inf> imu: LSM6DSV16X   a   4.125   5.434   7.877  g  -0.011   0.002  -0.002[0m
[1;32muart:~$ [m[8D[J[00:04:52.934,000] [0m<inf> imu: ICM-42688-P  a   4.113   5.301   7.268  g   0.000  -0.005   0.000[0m
[1;32muart:~$ [m[8D[J[1;32muart:~$ [m[8D[J[00:04:53.035,000] [0m<inf> imu: LSM6DS3TR-C  a   3.885   5.353   7.597  g   0.023  -0.062   0.015[0m
[1;32muart:~$ [m[8D[J[00:04:53.036,000] [0m<inf> imu: LSM6DSV16X   a   4.125   5.436   7.868  g  -0.012   0.002  -0.003[0m
[1;32muart:~$ [m[8D[J[1;32muart:~$ [m[8D[J[00:04:53.036,000] [0m<inf> imu: ICM-42688-P  a   4.105   5.297   7.259  g   0.001  -0.005  -0.001[0m
[1;32muart:~$ [m[8D[J[00:04:53.138,000] [0m<inf> imu: LSM6DS3TR-C  a   3.851   5.346   7.589  g   0.025  -0.062   0.015[0m
[1;32muart:~$ [m[8D[J[1;32muart:~$ [m[8D[J[00:04:53.138,000] [0m<inf> imu: LSM6DSV16X   a   4.129   5.439   7.880  g  -0.011   0.003  -0.002[0m
[1;32muart:~$ [m[8D[J[00:04:53.139,000] [0m<inf> imu: ICM-42688-P  a   4.107   5.296   7.263  g   0.000  -0.005  -0.001[0m
[1;32muart:~$ [m[8D[J[1;32muart:~$ [m[8D[J[00:04:53.240,000] [0m<inf> imu: LSM6DS3TR-C  a   3.857   5.361   7.606  g   0.023  -0.063   0.015[0m
[1;32muart:~$ [m[8D[J[00:04:53.241,000] [0m<inf> imu: LSM6DSV16X   a   4.123   5.439   7.872  g  -0.012   0.002  -0.002[0m
[1;32muart:~$ [m[8D[J[1;32muart:~$ [m[8D[J[00:04:53.241,000] [0m<inf> imu: ICM-42688-P  a   4.095   5.301   7.252  g  -0.000  -0.006   0.000[0m
[1;32muart:~$ [m[8D[J[00:04:53.342,000] [0m<inf> imu: LSM6DS3TR-C  a   3.859   5.361   7.596  g   0.024  -0.064   0.013[0m
[1;32muart:~$ [m[8D[J[00:04:53.343,000] [0m<inf> imu: LSM6DSV16X   a   4.127   5.438   7.868  g  -0.012   0.003  -0.002[0m
[1;32muart:~$ [m[8D[J[1;32muart:~$ [m[8D[J[00:04:53.343,000] [0m<inf> imu: ICM-42688-P  a   4.094   5.297   7.251  g   0.001  -0.005   0.000[0m
[1;32muart:~$ [m[8D[J[00:04:53.446,000] [0m<inf> imu: LSM6DS3TR-C  a   3.840   5.370   7.624  g   0.025  -0.061   0.013[0m
[1;32muart:~$ [m[8D[J[00:04:53.447,000] [0m<inf> imu: LSM6DSV16X   a   4.122   5.436   7.870  g  -0.011   0.002  -0.002[0m
[1;32muart:~$ [m[8D[J[1;32muart:~$ [m[8D[J[00:04:53.447,000] [0m<inf> imu: ICM-42688-P  a   4.108   5.302   7.259  g   0.001  -0.005   0.000[0m
[1;32muart:~$ [m[8D[J[00:04:53.549,000] [0m<inf> imu: LSM6DS3TR-C  a   3.869   5.359   7.591  g   0.023  -0.064   0.012[0m
[1;32muart:~$ [m[8D[J[1;32muart:~$ [m[8D[J[00:04:53.549,000] [0m<inf> imu: LSM6DSV16X   a   4.127   5.431   7.869  g  -0.011   0.002  -0.003[0m
[1;32muart:~$ [m[8D[J[00:04:53.550,000] [0m<inf> imu: ICM-42688-P  a   4.112   5.303   7.264  g   0.001  -0.005  -0.001[0m
[1;32muart:~$ [m[8D[J[1;32muart:~$ [m[8D[J[00:04:53.651,000] [0m<inf> imu: LSM6DS3TR-C  a   3.846   5.322   7.616  g   0.023  -0.061   0.016[0m
[1;32muart:~$ [m[8D[J[00:04:53.652,000] [0m<inf> imu: LSM6DSV16X   a   4.123   5.429   7.868  g  -0.011   0.003  -0.002[0m
[1;32muart:~$ [m[8D[J[1;32muart:~$ [m[8D[J[00:04:53.653,000] [0m<inf> imu: ICM-42688-P  a   4.102   5.298   7.251  g   0.000  -0.004   0.000[0m
[1;32muart:~$ [m[8D[J[00:04:53.754,000] [0m<inf> imu: LSM6DS3TR-C  a   3.958   5.453   7.470  g   0.026  -0.063   0.011[0m
[1;32muart:~$ [m[8D[J[1;32muart:~$ [m[8D[J[00:04:53.755,000] [0m<inf> imu: LSM6DSV16X   a   4.132   5.437   7.879  g  -0.012   0.002  -0.002[0m
[1;32muart:~$ [m[8D[J[00:04:53.756,000] [0m<inf> imu: ICM-42688-P  a   4.095   5.294   7.254  g  -0.001  -0.005   0.001[0m
[1;32muart:~$ [m[8D[J[1;32muart:~$ [m[8D[J[00:04:53.857,000] [0m<inf> imu: LSM6DS3TR-C  a   3.850   5.237   7.610  g   0.024  -0.062   0.015[0m
[1;32muart:~$ [m[8D[J[00:04:53.857,000] [0m<inf> imu: LSM6DSV16X   a   4.125   5.438   7.877  g  -0.012   0.002  -0.003[0m
[1;32muart:~$ [m[8D[J[1;32muart:~$ [m[8D[J[00:04:53.858,000] [0m<inf> imu: ICM-42688-P  a   4.100   5.296   7.252  g  -0.001  -0.005   0.000[0m
[1;32muart:~$ [m[8D[J[00:04:53.959,000] [0m<inf> imu: LSM6DS3TR-C  a   3.885   5.423   7.643  g   0.025  -0.064   0.016[0m
[1;32muart:~$ [m[8D[J[00:04:53.960,000] [0m<inf> imu: LSM6DSV16X   a   4.127   5.442   7.877  g  -0.011   0.001  -0.002[0m
[1;32muart:~$ [m[8D[J[1;32muart:~$ [m[8D[J[00:04:53.960,000] [0m<inf> imu: ICM-42688-P  a   4.095   5.304   7.269  g  -0.000  -0.005   0.000[0m
[1;32muart:~$ [m[8D[J[00:04:54.062,000] [0m<inf> imu: LSM6DS3TR-C  a   3.843   5.364   7.604  g   0.025  -0.061   0.014[0m
[1;32muart:~$ [m[8D[J[1;32muart:~$ [m[8D[J[00:04:54.063,000] [0m<inf> imu: LSM6DSV16X   a   4.128   5.432   7.879  g  -0.011   0.002  -0.002[0m
[1;32muart:~$ [m[8D[J[00:04:54.064,000] [0m<inf> imu: ICM-42688-P  a   4.093   5.289   7.269  g   0.000  -0.005   0.000[0m
[1;32muart:~$ [m[8D[J[00:04:54.165,000] [0m<inf> imu: LSM6DS3TR-C  a   3.848   5.316   7.612  g   0.025  -0.062   0.012[0m
[1;32muart:~$ [m[8D[J[1;32muart:~$ [m[8D[J[00:04:54.166,000] [0m<inf> imu: LSM6DSV16X   a   4.117   5.444   7.878  g  -0.012   0.002  -0.002[0m
[1;32muart:~$ [m[8D[J[00:04:54.166,000] [0m<inf> imu: ICM-42688-P  a   4.100   5.297   7.271  g  -0.001  -0.005  -0.000[0m
[1;32muart:~$ [m[8D[J[00:04:54.267,000] [0m<inf> imu: LSM6DS3TR-C  a   3.903   5.376   7.608  g   0.026  -0.062   0.014[0m
[1;32muart:~$ [m[8D[J[00:04:54.268,000] [0m<inf> imu: LSM6DSV16X   a   4.122   5.436   7.877  g  -0.011   0.002  -0.003[0m
[1;32muart:~$ [m[8D[J[1;32muart:~$ [m[8D[J[00:04:54.268,000] [0m<inf> imu: ICM-42688-P  a   4.095   5.297   7.259  g  -0.001  -0.006  -0.002[0m
[1;32muart:~$ [m[8D[J[1;32muart:~$ [m[8D[J[00:04:54.369,000] [0m<inf> imu: LSM6DS3TR-C  a   3.865   5.388   7.532  g   0.024  -0.062   0.013[0m
[1;32muart:~$ [m[8D[J[00:04:54.370,000] [0m<inf> imu: LSM6DSV16X   a   4.128   5.438   7.868  g  -0.011   0.002  -0.002[0m
[1;32muart:~$ [m[8D[J[1;32muart:~$ [m[8D[J[00:04:54.371,000] [0m<inf> imu: ICM-42688-P  a   4.104   5.302   7.260  g   0.001  -0.005   0.000[0m
[1;32muart:~$ [m[8D[J[00:04:54.472,000] [0m<inf> imu: LSM6DS3TR-C  a   3.846   5.466   7.619  g   0.023  -0.062   0.014[0m
[1;32muart:~$ [m[8D[J[1;32muart:~$ [m[8D[J[00:04:54.473,000] [0m<inf> imu: LSM6DSV16X   a   4.134   5.436   7.882  g  -0.011   0.001  -0.002[0m
[1;32muart:~$ [m[8D[J[00:04:54.473,000] [0m<inf> imu: ICM-42688-P  a   4.112   5.300   7.263  g  -0.000  -0.005   0.001[0m
[1;32muart:~$ [m[8D[J[1;32muart:~$ [m[8D[J[00:04:54.574,000] [0m<inf> imu: LSM6DS3TR-C  a   3.862   5.316   7.623  g   0.025  -0.063   0.015[0m
[1;32muart:~$ [m[8D[J[00:04:54.575,000] [0m<inf> imu: LSM6DSV16X   a   4.129   5.436   7.877  g  -0.012   0.002  -0.002[0m
[1;32muart:~$ [m[8D[J[1;32muart:~$ [m[8D[J[00:04:54.575,000] [0m<inf> imu: ICM-42688-P  a   4.110   5.296   7.266  g   0.000  -0.005   0.000[0m
[1;32muart:~$ [m[8D[J[00:04:54.677,000] [0m<inf> imu: LSM6DS3TR-C  a   3.844   5.327   7.571  g   0.025  -0.063   0.014[0m
[1;32muart:~$ [m[8D[J[00:04:54.677,000] [0m<inf> imu: LSM6DSV16X   a   4.128   5.441   7.885  g  -0.011   0.002  -0.002[0m
[1;32muart:~$ [m[8D[J[1;32muart:~$ [m[8D[J[00:04:54.678,000] [0m<inf> imu: ICM-42688-P  a   4.125   5.294   7.266  g  -0.001  -0.005   0.001[0m
[1;32muart:~$ [m[8D[J[00:04:54.780,000] [0m<inf> imu: LSM6DS3TR-C  a   3.871   5.402   7.633  g   0.024  -0.064   0.013[0m
[1;32muart:~$ [m[8D[J[1;32muart:~$ [m[8D[J[00:04:54.781,000] [0m<inf> imu: LSM6DSV16X   a   4.125   5.439   7.872  g  -0.011   0.002  -0.002[0m
[1;32muart:~$ [m[8D[J[00:04:54.781,000] [0m<inf> imu: ICM-42688-P  a   4.105   5.286   7.265  g   0.001  -0.006   0.000[0m
[1;32muart:~$ [m[8D[J[00:04:54.883,000] [0m<inf> imu: LSM6DS3TR-C  a   3.876   5.338   7.573  g   0.026  -0.064   0.015[0m
[1;32muart:~$ [m[8D[J[1;32muart:~$ [m[8D[J[00:04:54.883,000] [0m<inf> imu: LSM6DSV16X   a   4.135   5.439   7.877  g  -0.011   0.001  -0.002[0m
[1;32muart:~$ [m[8D[J[00:04:54.884,000] [0m<inf> imu: ICM-42688-P  a   4.095   5.292   7.258  g   0.001  -0.005   0.001[0m
[1;32muart:~$ [m[8D[J[00:04:54.985,000] [0m<inf> imu: LSM6DS3TR-C  a   3.892   5.322   7.627  g   0.023  -0.063   0.015[0m
[1;32muart:~$ [m[8D[J[00:04:54.986,000] [0m<inf> imu: LSM6DSV16X   a   4.126   5.429   7.883  g  -0.011   0.002  -0.002[0m
[1;32muart:~$ [m[8D[J[1;32muart:~$ [m[8D[J[00:04:54.986,000] [0m<inf> imu: ICM-42688-P  a   4.112   5.292   7.263  g   0.001  -0.005   0.000[0m
[1;32muart:~$ [m[8D[J[1;32muart:~$ [m[8D[J[00:04:55.087,000] [0m<inf> imu: LSM6DS3TR-C  a   3.870   5.444   7.625  g   0.023  -0.062   0.014[0m
[1;32muart:~$ [m[8D[J[00:04:55.088,000] [0m<inf> imu: LSM6DSV16X   a   4.125   5.436   7.881  g  -0.012   0.002  -0.002[0m
[1;32muart:~$ [m[8D[J[1;32muart:~$ [m[8D[J[00:04:55.088,000] [0m<inf> imu: ICM-42688-P  a   4.111   5.288   7.263  g   0.000  -0.005   0.000[0m
[1;32muart:~$ [m[8D[J[00:04:55.189,000] [0m<inf> imu: LSM6DS3TR-C  a   3.851   5.358   7.592  g   0.025  -0.062   0.016[0m
[1;32muart:~$ [m[8D[J[1;32muart:~$ [m[8D[J[00:04:55.190,000] [0m<inf> imu: LSM6DSV16X   a   4.117   5.437   7.874  g  -0.011   0.003  -0.002[0m
[1;32muart:~$ [m[8D[J[00:04:55.191,000] [0m<inf> imu: ICM-42688-P  a   4.092   5.292   7.252  g   0.000  -0.006   0.001[0m
[1;32muart:~$ [m[8D[J[1;32muart:~$ [m[8D[J[00:04:55.292,000] [0m<inf> imu: LSM6DS3TR-C  a   3.887   5.358   7.615  g   0.024  -0.062   0.015[0m
[1;32muart:~$ [m[8D[J[00:04:55.292,000] [0m<inf> imu: LSM6DSV16X   a   4.116   5.439   7.875  g  -0.011   0.002  -0.002[0m
[1;32muart:~$ [m[8D[J[1;32muart:~$ [m[8D[J[00:04:55.293,000] [0m<inf> imu: ICM-42688-P  a   4.099   5.315   7.270  g  -0.001  -0.005   0.000[0m
[1;32muart:~$ [m[8D[J[00:04:55.394,000] [0m<inf> imu: LSM6DS3TR-C  a   3.872   5.331   7.621  g   0.024  -0.061   0.016[0m
[1;32muart:~$ [m[8D[J[00:04:55.395,000] [0m<inf> imu: LSM6DSV16X   a   4.125   5.434   7.881  g  -0.011   0.002  -0.002[0m
[1;32muart:~$ [m[8D[J[1;32muart:~$ [m[8D[J[00:04:55.395,000] [0m<inf> imu: ICM-42688-P  a   4.108   5.288   7.265  g  -0.001  -0.005   0.000[0m
[1;32muart:~$ [m[8D[J[00:04:55.497,000] [0m<inf> imu: LSM6DS3TR-C  a   3.900   5.326   7.643  g   0.024  -0.064   0.014[0m
[1;32muart:~$ [m[8D[J[1;32muart:~$ [m[8D[J[00:04:55.498,000] [0m<inf> imu: LSM6DSV16X   a   4.125   5.434   7.880  g  -0.011   0.002  -0.002[0m
[1;32muart:~$ [m[8D[J[00:04:55.499,000] [0m<inf> imu: ICM-42688-P  a   4.104   5.294   7.264  g   0.000  -0.005   0.000[0m
[1;32muart:~$ [m[8D[J[00:04:55.600,000] [0m<inf> imu: LSM6DS3TR-C  a   3.855   5.373   7.587  g   0.025  -0.063   0.015[0m
[1;32muart:~$ [m[8D[J[1;32muart:~$ [m[8D[J[00:04:55.601,000] [0m<inf> imu: LSM6DSV16X   a   4.125   5.439   7.875  g  -0.012   0.002  -0.002[0m
[1;32muart:~$ [m[8D[J[00:04:55.601,000] [0m<inf> imu: ICM-42688-P  a   4.100   5.297   7.272  g  -0.001  -0.005   0.000[0m
[1;32muart:~$ [m[8D[J[00:04:55.702,000] [0m<inf> imu: LSM6DS3TR-C  a   3.873   5.350   7.573  g   0.024  -0.061   0.013[0m
[1;32muart:~$ [m[8D[J[00:04:55.703,000] [0m<inf> imu: LSM6DSV16X   a   4.120   5.435   7.880  g  -0.012   0.002  -0.002[0m
[1;32muart:~$ [m[8D[J[1;32muart:~$ [m[8D[J[00:04:55.703,000] [0m<inf> imu: ICM-42688-P  a   4.107   5.297   7.269  g   0.000  -0.005  -0.001[0m
[1;32muart:~$ [m[8D[J[1;32muart:~$ [m[8D[J[00:04:55.804,000] [0m<inf> imu: LSM6DS3TR-C  a   3.872   5.328   7.561  g   0.024  -0.064   0.014[0m
[1;32muart:~$ [m[8D[J[00:04:55.805,000] [0m<inf> imu: LSM6DSV16X   a   4.122   5.434   7.875  g  -0.013   0.002  -0.003[0m
[1;32muart:~$ [m[8D[J[1;32muart:~$ [m[8D[J[00:04:55.806,000] [0m<inf> imu: ICM-42688-P  a   4.106   5.290   7.263  g  -0.000  -0.004   0.000[0m
[1;32muart:~$ [m[8D[J[00:04:55.907,000] [0m<inf> imu: LSM6DS3TR-C  a   3.837   5.358   7.588  g   0.023  -0.062   0.014[0m
[1;32muart:~$ [m[8D[J[1;32muart:~$ [m[8D[J[00:04:55.907,000] [0m<inf> imu: LSM6DSV16X   a   4.121   5.436   7.875  g  -0.011   0.002  -0.003[0m
[1;32muart:~$ [m[8D[J[00:04:55.908,000] [0m<inf> imu: ICM-42688-P  a   4.104   5.300   7.259  g  -0.001  -0.005   0.000[0m
[1;32muart:~$ [m[8D[J[1;32muart:~$ [m[8D[J[00:04:56.009,000] [0m<inf> imu: LSM6DS3TR-C  a   3.855   5.404   7.570  g   0.023  -0.064   0.013[0m
[1;32muart:~$ [m[8D[J[00:04:56.010,000] [0m<inf> imu: LSM6DSV16X   a   4.123   5.441   7.874  g  -0.011   0.002  -0.002[0m
[1;32muart:~$ [m[8D[J[1;32muart:~$ [m[8D[J[00:04:56.010,000] [0m<inf> imu: ICM-42688-P  a   4.107   5.300   7.268  g  -0.000  -0.005   0.000[0m
[1;32muart:~$ [m[8D[J[00:04:56.111,000] [0m<inf> imu: LSM6DS3TR-C  a   3.852   5.350   7.574  g   0.023  -0.063   0.013[0m
[1;32muart:~$ [m[8D[J[00:04:56.112,000] [0m<inf> imu: LSM6DSV16X   a   4.116   5.439   7.885  g  -0.012   0.003  -0.002[0m
[1;32muart:~$ [m[8D[J[1;32muart:~$ [m[8D[J[00:04:56.113,000] [0m<inf> imu: ICM-42688-P  a   4.094   5.304   7.284  g   0.000  -0.005  -0.001[0m
[1;32muart:~$ [m[8D[J[00:04:56.214,000] [0m<inf> imu: LSM6DS3TR-C  a   3.870   5.383   7.630  g   0.025  -0.063   0.013[0m
[1;32muart:~$ [m[8D[J[1;32muart:~$ [m[8D[J[00:04:56.215,000] [0m<inf> imu: LSM6DSV16X   a   4.120   5.431   7.871  g  -0.013   0.001  -0.002[0m
[1;32muart:~$ [m[8D[J[00:04:56.216,000] [0m<inf> imu: ICM-42688-P  a   4.102   5.312   7.271  g   0.000  -0.005   0.000[0m
[1;32muart:~$ [m[8D[J[00:04:56.317,000] [0m<inf> imu: LSM6DS3TR-C  a   3.857   5.368   7.614  g   0.025  -0.062   0.014[0m
[1;32muart:~$ [m[8D[J[1;32muart:~$ [m[8D[J[00:04:56.317,000] [0m<inf> imu: LSM6DSV16X   a   4.125   5.432   7.863  g  -0.012   0.002  -0.002[0m
[1;32muart:~$ [m[8D[J[00:04:56.318,000] [0m<inf> imu: ICM-42688-P  a   4.116   5.288   7.259  g   0.001  -0.005   0.001[0m
[1;32muart:~$ [m[8D[J[00:04:56.419,000] [0m<inf> imu: LSM6DS3TR-C  a   3.851   5.331   7.551  g   0.025  -0.064   0.014[0m
[1;32muart:~$ [m[8D[J[00:04:56.420,000] [0m<inf> imu: LSM6DSV16X   a   4.125   5.441   7.877  g  -0.012   0.002  -0.002[0m
[1;32muart:~$ [m[8D[J[1;32muart:~$ [m[8D[J[00:04:56.420,000] [0m<inf> imu: ICM-42688-P  a   4.110   5.294   7.271  g   0.000  -0.006   0.000[0m
[1;32muart:~$ [m[8D[J[1;32muart:~$ [m[8D[J[00:04:56.521,000] [0m<inf> imu: LSM6DS3TR-C  a   3.861   5.375   7.602  g   0.023  -0.063   0.013[0m
[1;32muart:~$ [m[8D[J[00:04:56.522,000] [0m<inf> imu: LSM6DSV16X   a   4.125   5.438   7.877  g  -0.012   0.002  -0.003[0m
[1;32muart:~$ [m[8D[J[1;32muart:~$ [m[8D[J[00:04:56.522,000] [0m<inf> imu: ICM-42688-P  a   4.111   5.297   7.268  g  -0.000  -0.005   0.000[0m
[1;32muart:~$ [m[8D[J[00:04:56.624,000] [0m<inf> imu: LSM6DS3TR-C  a   3.839   5.349   7.595  g   0.024  -0.064   0.013[0m
[1;32muart:~$ [m[8D[J[1;32muart:~$ [m[8D[J[00:04:56.624,000] [0m<inf> imu: LSM6DSV16X   a   4.125   5.441   7.872  g  -0.011   0.002  -0.002[0m
[1;32muart:~$ [m[8D[J[00:04:56.625,000] [0m<inf> imu: ICM-42688-P  a   4.102   5.301   7.263  g   0.000  -0.006   0.000[0m
[1;32muart:~$ [m[8D[J[1;32muart:~$ [m[8D[J[00:04:56.726,000] [0m<inf> imu: LSM6DS3TR-C  a   3.852   5.396   7.584  g   0.024  -0.062   0.013[0m
[1;32muart:~$ [m[8D[J[00:04:56.727,000] [0m<inf> imu: LSM6DSV16X   a   4.121   5.429   7.872  g  -0.012   0.002  -0.002[0m
[1;32muart:~$ [m[8D[J[1;32muart:~$ [m[8D[J[00:04:56.727,000] [0m<inf> imu: ICM-42688-P  a   4.102   5.292   7.272  g  -0.000  -0.005  -0.000[0m
[1;32muart:~$ [m[8D[J[00:04:56.828,000] [0m<inf> imu: LSM6DS3TR-C  a   3.863   5.367   7.580  g   0.024  -0.064   0.012[0m
[1;32muart:~$ [m[8D[J[00:04:56.829,000] [0m<inf> imu: LSM6DSV16X   a   4.132   5.435   7.873  g  -0.012   0.002  -0.002[0m
[1;32muart:~$ [m[8D[J[1;32muart:~$ [m[8D[J[00:04:56.829,000] [0m<inf> imu: ICM-42688-P  a   4.114   5.297   7.259  g   0.000  -0.006   0.001[0m
[1;32muart:~$ [m[8D[J[00:04:56.931,000] [0m<inf> imu: LSM6DS3TR-C  a   3.883   5.337   7.609  g   0.025  -0.063   0.012[0m
[1;32muart:~$ [m[8D[J[00:04:56.932,000] [0m<inf> imu: LSM6DSV16X   a   4.127   5.439   7.872  g  -0.012   0.003  -0.003[0m
[1;32muart:~$ [m[8D[J[1;32muart:~$ [m[8D[J[00:04:56.933,000] [0m<inf> imu: ICM-42688-P  a   4.117   5.294   7.251  g   0.000  -0.005   0.001[0m
[1;32muart:~$ [m[8D[J[00:04:57.034,000] [0m<inf> imu: LSM6DS3TR-C  a   3.884   5.344   7.607  g   0.025  -0.063   0.014[0m
[1;32muart:~$ [m[8D[J[1;32muart:~$ [m[8D[J[00:04:57.035,000] [0m<inf> imu: LSM6DSV16X   a   4.125   5.432   7.879  g  -0.012   0.002  -0.002[0m
[1;32muart:~$ [m[8D[J[00:04:57.035,000] [0m<inf> imu: ICM-42688-P  a   4.104   5.297   7.269  g  -0.000  -0.005   0.001[0m
[1;32muart:~$ [m[8D[J[1;32muart:~$ [m[8D[J[00:04:57.137,000] [0m<inf> imu: LSM6DS3TR-C  a   4.028   5.501   7.504  g   0.025  -0.061   0.015[0m
[1;32muart:~$ [m[8D[J[00:04:57.138,000] [0m<inf> imu: LSM6DSV16X   a   4.123   5.439   7.875  g  -0.010   0.002  -0.002[0m
[1;32muart:~$ [m[8D[J[1;32muart:~$ [m[8D[J[00:04:57.139,000] [0m<inf> imu: ICM-42688-P  a   4.114   5.292   7.263  g  -0.001  -0.005  -0.001[0m
[1;32muart:~$ [m[8D[J[00:04:57.240,000] [0m<inf> imu: LSM6DS3TR-C  a   3.819   5.426   7.619  g   0.025  -0.061   0.014[0m
[1;32muart:~$ [m[8D[J[1;32muart:~$ [m[8D[J[00:04:57.240,000] [0m<inf> imu: LSM6DSV16X   a   4.123   5.439   7.870  g  -0.011   0.002  -0.002[0m
[1;32muart:~$ [m[8D[J[00:04:57.241,000] [0m<inf> imu: ICM-42688-P  a   4.105   5.298   7.281  g   0.000  -0.005   0.001[0m
[1;32muart:~$ [m[8D[J[1;32muart:~$ [m[8D[J[00:04:57.342,000] [0m<inf> imu: LSM6DS3TR-C  a   3.877   5.417   7.587  g   0.025  -0.062   0.014[0m
[1;32muart:~$ [m[8D[J[00:04:57.343,000] [0m<inf> imu: LSM6DSV16X   a   4.128   5.434   7.873  g  -0.011   0.002  -0.002[0m
[1;32muart:~$ [m[8D[J[1;32muart:~$ [m[8D[J[00:04:57.343,000] [0m<inf> imu: ICM-42688-P  a   4.101   5.284   7.254  g  -0.001  -0.005   0.000[0m
[1;32muart:~$ [m[8D[J[00:04:57.444,000] [0m<inf> imu: LSM6DS3TR-C  a   3.815   5.391   7.574  g   0.024  -0.063   0.012[0m
[1;32muart:~$ [m[8D[J[00:04:57.445,000] [0m<inf> imu: LSM6DSV16X   a   4.125   5.439   7.875  g  -0.012   0.002  -0.002[0m
[1;32muart:~$ [m[8D[J[1;32muart:~$ [m[8D[J[00:04:57.446,000] [0m<inf> imu: ICM-42688-P  a   4.104   5.301   7.277  g  -0.000  -0.005   0.000[0m
[1;32muart:~$ [m[8D[J[00:04:57.548,000] [0m<inf> imu: LSM6DS3TR-C  a   3.847   5.310   7.611  g   0.025  -0.064   0.013[0m
[1;32muart:~$ [m[8D[J[1;32muart:~$ [m[8D[J[00:04:57.549,000] [0m<inf> imu: LSM6DSV16X   a   4.118   5.439   7.870  g  -0.011   0.002  -0.002[0m
[1;32muart:~$ [m[8D[J[00:04:57.549,000] [0m<inf> imu: ICM-42688-P  a   4.101   5.289   7.247  g   0.000  -0.005   0.000[0m
[1;32muart:~$ [m[8D[J[00:04:57.650,000] [0m<inf> imu: LSM6DS3TR-C  a   3.843   5.355   7.593  g   0.024  -0.061   0.013[0m
[1;32muart:~$ [m[8D[J[1;32muart:~$ [m[8D[J[00:04:57.651,000] [0m<inf> imu: LSM6DSV16X   a   4.125   5.436   7.877  g  -0.012   0.002  -0.002[0m
[1;32muart:~$ [m[8D[J[00:04:57.651,000] [0m<inf> imu: ICM-42688-P  a   4.096   5.292   7.258  g  -0.001  -0.005   0.000[0m
[1;32muart:~$ [m[8D[J[00:04:57.752,000] [0m<inf> imu: LSM6DS3TR-C  a   3.849   5.387   7.580  g   0.025  -0.064   0.014[0m
[1;32muart:~$ [m[8D[J[00:04:57.753,000] [0m<inf> imu: LSM6DSV16X   a   4.126   5.432   7.865  g  -0.011   0.002  -0.002[0m
[1;32muart:~$ [m[8D[J[1;32muart:~$ [m[8D[J[00:04:57.754,000] [0m<inf> imu: ICM-42688-P  a   4.108   5.289   7.254  g  -0.001  -0.006   0.000[0m
[1;32muart:~$ [m[8D[J[1;32muart:~$ [m[8D[J[00:04:57.855,000] [0m<inf> imu: LSM6DS3TR-C  a   3.873   5.480   7.617  g   0.025  -0.061   0.016[0m
[1;32muart:~$ [m[8D[J[00:04:57.855,000] [0m<inf> imu: LSM6DSV16X   a   4.131   5.429   7.868  g  -0.012   0.003  -0.002[0m
[1;32muart:~$ [m[8D[J[1;32muart:~$ [m[8D[J[00:04:57.856,000] [0m<inf> imu: ICM-42688-P  a   4.099   5.297   7.260  g   0.000  -0.005   0.000[0m
[1;32muart:~$ [m[8D[J[00:04:57.957,000] [0m<inf> imu: LSM6DS3TR-C  a   3.910   5.349   7.597  g   0.024  -0.061   0.014[0m
[1;32muart:~$ [m[8D[J[1;32muart:~$ [m[8D[J[00:04:57.958,000] [0m<inf> imu: LSM6DSV16X   a   4.125   5.431   7.875  g  -0.012   0.002  -0.002[0m
[1;32muart:~$ [m[8D[J[00:04:57.958,000] [0m<inf> imu: ICM-42688-P  a   4.113   5.291   7.262  g   0.000  -0.005   0.000[0m
[1;32muart:~$ [m[8D[J[1;32muart:~$ [m[8D[J[00:04:58.059,000] [0m<inf> imu: LSM6DS3TR-C  a   3.891   5.368   7.573  g   0.024  -0.064   0.014[0m
[1;32muart:~$ [m[8D[J[00:04:58.060,000] [0m<inf> imu: LSM6DSV16X   a   4.128   5.441   7.872  g  -0.011   0.002  -0.002[0m
[1;32muart:~$ [m[8D[J[1;32muart:~$ [m[8D[J[00:04:58.061,000] [0m<inf> imu: ICM-42688-P  a   4.099   5.304   7.272  g   0.000  -0.005   0.000[0m
[1;32muart:~$ [m[8D[J[00:04:58.162,000] [0m<inf> imu: LSM6DS3TR-C  a   3.866   5.361   7.543  g   0.024  -0.063   0.013[0m
[1;32muart:~$ [m[8D[J[00:04:58.162,000] [0m<inf> imu: LSM6DSV16X   a   4.116   5.441   7.875  g  -0.011   0.002  -0.002[0m
[1;32muart:~$ [m[8D[J[1;32muart:~$ [m[8D[J[00:04:58.163,000] [0m<inf> imu: ICM-42688-P  a   4.098   5.307   7.276  g  -0.000  -0.005   0.000[0m
[1;32muart:~$ [m[8D[J[00:04:58.264,000] [0m<inf> imu: LSM6DS3TR-C  a   3.864   5.350   7.604  g   0.026  -0.063   0.016[0m
[1;32muart:~$ [m[8D[J[1;32muart:~$ [m[8D[J[00:04:58.265,000] [0m<inf> imu: LSM6DSV16X   a   4.122   5.445   7.875  g  -0.011   0.002  -0.002[0m
[1;32muart:~$ [m[8D[J[00:04:58.266,000] [0m<inf> imu: ICM-42688-P  a   4.100   5.292   7.259  g   0.000  -0.005  -0.001[0m
[1;32muart:~$ [m[8D[J[00:04:58.367,000] [0m<inf> imu: LSM6DS3TR-C  a   3.858   5.333   7.606  g   0.023  -0.061   0.012[0m
[1;32muart:~$ [m[8D[J[1;32muart:~$ [m[8D[J[00:04:58.368,000] [0m<inf> imu: LSM6DSV16X   a   4.128   5.437   7.883  g  -0.011   0.002  -0.002[0m
[1;32muart:~$ [m[8D[J[00:04:58.368,000] [0m<inf> imu: ICM-42688-P  a   4.095   5.306   7.276  g   0.000  -0.005   0.000[0m
[1;32muart:~$ [m[8D[J[00:04:58.469,000] [0m<inf> imu: LSM6DS3TR-C  a   3.867   5.407   7.627  g   0.024  -0.063   0.013[0m
[1;32muart:~$ [m[8D[J[00:04:58.470,000] [0m<inf> imu: LSM6DSV16X   a   4.125   5.441   7.875  g  -0.012   0.003  -0.002[0m
[1;32muart:~$ [m[8D[J[1;32muart:~$ [m[8D[J[00:04:58.471,000] [0m<inf> imu: ICM-42688-P  a   4.111   5.292   7.244  g  -0.001  -0.006   0.000[0m
[1;32muart:~$ [m[8D[J[1;32muart:~$ [m[8D[J[00:04:58.572,000] [0m<inf> imu: LSM6DS3TR-C  a   3.858   5.361   7.613  g   0.024  -0.064   0.016[0m
[1;32muart:~$ [m[8D[J[00:04:58.572,000] [0m<inf> imu: LSM6DSV16X   a   4.130   5.434   7.875  g  -0.011   0.002  -0.002[0m
[1;32muart:~$ [m[8D[J[1;32muart:~$ [m[8D[J[00:04:58.573,000] [0m<inf> imu: ICM-42688-P  a   4.099   5.316   7.263  g   0.000  -0.005   0.001[0m
[1;32muart:~$ [m[8D[J[00:04:58.674,000] [0m<inf> imu: LSM6DS3TR-C  a   3.842   5.333   7.596  g   0.024  -0.063   0.014[0m
[1;32muart:~$ [m[8D[J[1;32muart:~$ [m[8D[J[00:04:58.675,000] [0m<inf> imu: LSM6DSV16X   a   4.120   5.441   7.872  g  -0.012   0.002  -0.002[0m
[1;32muart:~$ [m[8D[J[00:04:58.676,000] [0m<inf> imu: ICM-42688-P  a   4.108   5.291   7.278  g   0.000  -0.006   0.000[0m
[1;32muart:~$ [m[8D[J[1;32muart:~$ [m[8D[J[00:04:58.777,000] [0m<inf> imu: LSM6DS3TR-C  a   3.879   5.364   7.608  g   0.024  -0.062   0.013[0m
[1;32muart:~$ [m[8D[J[00:04:58.777,000] [0m<inf> imu: LSM6DSV16X   a   4.123   5.441   7.866  g  -0.011   0.002  -0.002[0m
[1;32muart:~$ [m[8D[J[1;32muart:~$ [m[8D[J[00:04:58.778,000] [0m<inf> imu: ICM-42688-P  a   4.110   5.294   7.266  g  -0.001  -0.005   0.000[0m
[1;32muart:~$ [m[8D[J[00:04:58.879,000] [0m<inf> imu: LSM6DS3TR-C  a   3.839   5.377   7.629  g   0.024  -0.062   0.016[0m
[1;32muart:~$ [m[8D[J[00:04:58.880,000] [0m<inf> imu: LSM6DSV16X   a   4.123   5.435   7.880  g  -0.012   0.002  -0.002[0m
[1;32muart:~$ [m[8D[J[1;32muart:~$ [m[8D[J[00:04:58.880,000] [0m<inf> imu: ICM-42688-P  a   4.095   5.307   7.275  g  -0.001  -0.004  -0.001[0m
[1;32muart:~$ [m[8D[J[00:04:58.982,000] [0m<inf> imu: LSM6DS3TR-C  a   3.896   5.378   7.613  g   0.024  -0.061   0.016[0m
[1;32muart:~$ [m[8D[J[1;32muart:~$ [m[8D[J[00:04:58.983,000] [0m<inf> imu: LSM6DSV16X   a   4.125   5.436   7.878  g  -0.011   0.002  -0.002[0m
[1;32muart:~$ [m[8D[J[00:04:58.983,000] [0m<inf> imu: ICM-42688-P  a   4.100   5.301   7.271  g  -0.001  -0.005  -0.000[0m
[1;32muart:~$ [m[8D[J[00:04:59.084,000] [0m<inf> imu: LSM6DS3TR-C  a   3.851   5.352   7.610  g   0.025  -0.064   0.013[0m
[1;32muart:~$ [m[8D[J[1;32muart:~$ [m[8D[J[00:04:59.085,000] [0m<inf> imu: LSM6DSV16X   a   4.132   5.436   7.868  g  -0.011   0.002  -0.002[0m
[1;32muart:~$ [m[8D[J[00:04:59.086,000] [0m<inf> imu: ICM-42688-P  a   4.100   5.288   7.275  g  -0.001  -0.005   0.001[0m
[1;32muart:~$ [m[8D[J[00:04:59.187,000] [0m<inf> imu: LSM6DS3TR-C  a   3.855   5.317   7.586  g   0.025  -0.064   0.014[0m
[1;32muart:~$ [m[8D[J[00:04:59.187,000] [0m<inf> imu: LSM6DSV16X   a   4.123   5.426   7.871  g  -0.011   0.002  -0.002[0m
[1;32muart:~$ [m[8D[J[1;32muart:~$ [m[8D[J[00:04:59.188,000] [0m<inf> imu: ICM-42688-P  a   4.108   5.301   7.268  g  -0.001  -0.005   0.000[0m
[1;32muart:~$ [m[8D[J[1;32muart:~$ [m[8D[J[00:04:59.289,000] [0m<inf> imu: LSM6DS3TR-C  a   3.826   5.364   7.622  g   0.025  -0.062   0.016[0m
[1;32muart:~$ [m[8D[J[00:04:59.290,000] [0m<inf> imu: LSM6DSV16X   a   4.129   5.436   7.869  g  -0.012   0.002  -0.002[0m
[1;32muart:~$ [m[8D[J[1;32muart:~$ [m[8D[J[00:04:59.290,000] [0m<inf> imu: ICM-42688-P  a   4.111   5.290   7.265  g   0.000  -0.005   0.000[0m
[1;32muart:~$ [m[8D[J[00:04:59.391,000] [0m<inf> imu: LSM6DS3TR-C  a   3.861   5.326   7.608  g   0.026  -0.060   0.014[0m
[1;32muart:~$ [m[8D[J[1;32muart:~$ [m[8D[J[00:04:59.392,000] [0m<inf> imu: LSM6DSV16X   a   4.125   5.439   7.871  g  -0.012   0.001  -0.002[0m
[1;32muart:~$ [m[8D[J[00:04:59.393,000] [0m<inf> imu: ICM-42688-P  a   4.087   5.306   7.276  g   0.000  -0.005   0.001[0m
[1;32muart:~$ [m[8D[J[1;32muart:~$ [m[8D[J[00:04:59.494,000] [0m<inf> imu: LSM6DS3TR-C  a   3.854   5.372   7.637  g   0.024  -0.063   0.014[0m
[1;32muart:~$ [m[8D[J[00:04:59.494,000] [0m<inf> imu: LSM6DSV16X   a   4.128   5.439   7.875  g  -0.011   0.002  -0.002[0m
[1;32muart:~$ [m[8D[J[1;32muart:~$ [m[8D[J[00:04:59.495,000] [0m<inf> imu: ICM-42688-P  a   4.108   5.298   7.265  g   0.000  -0.005   0.000[0m
[1;32muart:~$ [m[8D[J[00:04:59.596,000] [0m<inf> imu: LSM6DS3TR-C  a   3.854   5.356   7.588  g   0.025  -0.063   0.015[0m
[1;32muart:~$ [m[8D[J[00:04:59.597,000] [0m<inf> imu: LSM6DSV16X   a   4.128   5.436   7.865  g  -0.012   0.002  -0.002[0m
[1;32muart:~$ [m[8D[J[1;32muart:~$ [m[8D[J[00:04:59.597,000] [0m<inf> imu: ICM-42688-P  a   4.099   5.290   7.276  g  -0.001  -0.005  -0.000[0m
[1;32muart:~$ [m[8D[J[00:04:59.698,000] [0m<inf> imu: LSM6DS3TR-C  a   3.875   5.376   7.595  g   0.023  -0.062   0.011[0m
[1;32muart:~$ [m[8D[J[1;32muart:~$ [m[8D[J[00:04:59.699,000] [0m<inf> imu: LSM6DSV16X   a   4.116   5.441   7.869  g  -0.012   0.002  -0.002[0m
[1;32muart:~$ [m[8D[J[00:04:59.700,000] [0m<inf> imu: ICM-42688-P  a   4.096   5.296   7.256  g  -0.001  -0.005   0.000[0m
[1;32muart:~$ [m[8D[J[1;32muart:~$ [m[8D[J[00:04:59.801,000] [0m<inf> imu: LSM6DS3TR-C  a   3.857   5.351   7.625  g   0.024  -0.064   0.013[0m
[1;32muart:~$ [m[8D[J[00:04:59.802,000] [0m<inf> imu: LSM6DSV16X   a   4.120   5.430   7.879  g  -0.011   0.002  -0.002[0m
[1;32muart:~$ [m[8D[J[00:04:59.802,000] [0m<inf> imu: ICM-42688-P  a   4.107   5.302   7.278  g  -0.001  -0.005   0.001[0m
[1;32muart:~$ [m[8D[J[1;32muart:~$ [m[8D[J[00:04:59.904,000] [0m<inf> imu: LSM6DS3TR-C  a   3.887   5.366   7.598  g   0.025  -0.062   0.014[0m
[1;32muart:~$ [m[8D[J[00:04:59.905,000] [0m<inf> imu: LSM6DSV16X   a   4.120   5.436   7.869  g  -0.011   0.001  -0.002[0m
[1;32muart:~$ [m[8D[J[1;32muart:~$ [m[8D[J[00:04:59.906,000] [0m<inf> imu: ICM-42688-P  a   4.119   5.290   7.265  g   0.000  -0.004   0.000[0m
[1;32muart:~$ [m[8D[J[00:05:00.007,000] [0m<inf> imu: LSM6DS3TR-C  a   3.845   5.326   7.592  g   0.023  -0.062   0.015[0m
[1;32muart:~$ [m[8D[J[1;32muart:~$ [m[8D[J[00:05:00.008,000] [0m<inf> imu: LSM6DSV16X   a   4.116   5.434   7.877  g  -0.012   0.002  -0.003[0m
[1;32muart:~$ [m[8D[J[00:05:00.008,000] [0m<inf> imu: ICM-42688-P  a   4.099   5.301   7.274  g   0.000  -0.005   0.000[0m
[1;32muart:~$ [m[8D[J[1;32muart:~$ [m[8D[J[00:05:00.109,000] [0m<inf> imu: LSM6DS3TR-C  a   3.888   5.362   7.567  g   0.023  -0.063   0.013[0m
[1;32muart:~$ [m[8D[J[00:05:00.110,000] [0m<inf> imu: LSM6DSV16X   a   4.127   5.430   7.868  g  -0.011   0.002  -0.002[0m
[1;32muart:~$ [m[8D[J[1;32muart:~$ [m[8D[J[00:05:00.111,000] [0m<inf> imu: ICM-42688-P  a   4.104   5.290   7.263  g  -0.000  -0.005   0.000[0m
[1;32muart:~$ [m[8D[J[00:05:00.212,000] [0m<inf> imu: LSM6DS3TR-C  a   3.828   5.349   7.565  g   0.024  -0.064   0.012[0m
[1;32muart:~$ [m[8D[J[00:05:00.212,000] [0m<inf> imu: LSM6DSV16X   a   4.129   5.441   7.872  g  -0.011   0.001  -0.002[0m
[1;32muart:~$ [m[8D[J[1;32muart:~$ [m[8D[J[00:05:00.213,000] [0m<inf> imu: ICM-42688-P  a   4.095   5.288   7.266  g   0.001  -0.004   0.000[0m
[1;32muart:~$ [m[8D[J[00:05:00.314,000] [0m<inf> imu: LSM6DS3TR-C  a   3.858   5.394   7.630  g   0.024  -0.062   0.013[0m
[1;32muart:~$ [m[8D[J[1;32muart:~$ [m[8D[J[00:05:00.315,000] [0m<inf> imu: LSM6DSV16X   a   4.126   5.439   7.872  g  -0.011   0.002  -0.002[0m
[1;32muart:~$ [m[8D[J[00:05:00.316,000] [0m<inf> imu: ICM-42688-P  a   4.104   5.301   7.263  g   0.000  -0.005   0.000[0m
[1;32muart:~$ [m[8D[J[00:05:00.417,000] [0m<inf> imu: LSM6DS3TR-C  a   3.873   5.294   7.624  g   0.024  -0.062   0.013[0m
[1;32muart:~$ [m[8D[J[1;32muart:~$ [m[8D[J[00:05:00.417,000] [0m<inf> imu: LSM6DSV16X   a   4.126   5.441   7.871  g  -0.011   0.001  -0.002[0m
[1;32muart:~$ [m[8D[J[00:05:00.418,000] [0m<inf> imu: ICM-42688-P  a   4.107   5.309   7.263  g   0.000  -0.005   0.000[0m
[1;32muart:~$ [m[8D[J[00:05:00.519,000] [0m<inf> imu: LSM6DS3TR-C  a   3.864   5.352   7.545  g   0.024  -0.062   0.014[0m
[1;32muart:~$ [m[8D[J[00:05:00.520,000] [0m<inf> imu: LSM6DSV16X   a   4.120   5.439   7.875  g  -0.012   0.002  -0.003[0m
[1;32muart:~$ [m[8D[J[1;32muart:~$ [m[8D[J[00:05:00.520,000] [0m<inf> imu: ICM-42688-P  a   4.108   5.306   7.272  g   0.000  -0.005   0.001[0m
[1;32muart:~$ [m[8D[J[1;32muart:~$ [m[8D[J[00:05:00.622,000] [0m<inf> imu: LSM6DS3TR-C  a   3.832   5.404   7.617  g   0.025  -0.063   0.014[0m
[1;32muart:~$ [m[8D[J[00:05:00.622,000] [0m<inf> imu: LSM6DSV16X   a   4.123   5.442   7.877  g  -0.012   0.002  -0.002[0m
[1;32muart:~$ [m[8D[J[1;32muart:~$ [m[8D[J[00:05:00.623,000] [0m<inf> imu: ICM-42688-P  a   4.117   5.297   7.263  g  -0.000  -0.006  -0.001[0m
[1;32muart:~$ [m[8D[J[00:05:00.724,000] [0m<inf> imu: LSM6DS3TR-C  a   3.872   5.392   7.585  g   0.023  -0.063   0.016[0m
[1;32muart:~$ [m[8D[J[1;32muart:~$ [m[8D[J[00:05:00.725,000] [0m<inf> imu: LSM6DSV16X   a   4.130   5.443   7.875  g  -0.011   0.002  -0.002[0m
[1;32muart:~$ [m[8D[J[00:05:00.725,000] [0m<inf> imu: ICM-42688-P  a   4.101   5.289   7.269  g   0.000  -0.005   0.000[0m
[1;32muart:~$ [m[8D[J[1;32muart:~$ [m[8D[J[00:05:00.826,000] [0m<inf> imu: LSM6DS3TR-C  a   3.850   5.365   7.597  g   0.024  -0.063   0.014[0m
[1;32muart:~$ [m[8D[J[00:05:00.827,000] [0m<inf> imu: LSM6DSV16X   a   4.123   5.437   7.872  g  -0.012   0.002  -0.002[0m
[1;32muart:~$ [m[8D[J[1;32muart:~$ [m[8D[J[00:05:00.828,000] [0m<inf> imu: ICM-42688-P  a   4.102   5.300   7.275  g  -0.001  -0.005   0.000[0m
[1;32muart:~$ [m[8D[J[00:05:00.929,000] [0m<inf> imu: LSM6DS3TR-C  a   3.836   5.325   7.615  g   0.024  -0.061   0.015[0m
[1;32muart:~$ [m[8D[J[00:05:00.929,000] [0m<inf> imu: LSM6DSV16X   a   4.123   5.439   7.885  g  -0.012   0.001  -0.003[0m
[1;32muart:~$ [m[8D[J[1;32muart:~$ [m[8D[J[00:05:00.930,000] [0m<inf> imu: ICM-42688-P  a   4.117   5.278   7.271  g   0.000  -0.005   0.000[0m
[1;32muart:~$ [m[8D[J[00:05:01.032,000] [0m<inf> imu: LSM6DS3TR-C  a   3.872   5.377   7.604  g   0.027  -0.064   0.013[0m
[1;32muart:~$ [m[8D[J[1;32muart:~$ [m[8D[J[00:05:01.032,000] [0m<inf> imu: LSM6DSV16X   a   4.118   5.436   7.873  g  -0.011   0.002  -0.003[0m
[1;32muart:~$ [m[8D[J[00:05:01.033,000] [0m<inf> imu: ICM-42688-P  a   4.088   5.301   7.270  g  -0.001  -0.005   0.000[0m
[1;32muart:~$ [m[8D[J[00:05:01.135,000] [0m<inf> imu: LSM6DS3TR-C  a   3.854   5.360   7.616  g   0.026  -0.063   0.014[0m
[1;32muart:~$ [m[8D[J[1;32muart:~$ [m[8D[J[00:05:01.135,000] [0m<inf> imu: LSM6DSV16X   a   4.123   5.442   7.882  g  -0.012   0.002  -0.003[0m
[1;32muart:~$ [m[8D[J[00:05:01.136,000] [0m<inf> imu: ICM-42688-P  a   4.107   5.294   7.264  g   0.000  -0.005   0.001[0m
[1;32muart:~$ [m[8D[J[1;32muart:~$ [m[8D[J[00:05:01.237,000] [0m<inf> imu: LSM6DS3TR-C  a   3.845   5.380   7.615  g   0.024  -0.063   0.014[0m
[1;32muart:~$ [m[8D[J[00:05:01.238,000] [0m<inf> imu: LSM6DSV16X   a   4.133   5.434   7.874  g  -0.011   0.002  -0.002[0m
[1;32muart:~$ [m[8D[J[1;32muart:~$ [m[8D[J[00:05:01.239,000] [0m<inf> imu: ICM-42688-P  a   4.106   5.303   7.259  g   0.000  -0.004  -0.000[0m
[1;32muart:~$ [m[8D[J[00:05:01.340,000] [0m<inf> imu: LSM6DS3TR-C  a   3.840   5.357   7.612  g   0.023  -0.063   0.014[0m
[1;32muart:~$ [m[8D[J[1;32muart:~$ [m[8D[J[00:05:01.341,000] [0m<inf> imu: LSM6DSV16X   a   4.129   5.435   7.872  g  -0.011   0.003  -0.002[0m
[1;32muart:~$ [m[8D[J[00:05:01.341,000] [0m<inf> imu: ICM-42688-P  a   4.100   5.302   7.272  g  -0.000  -0.005   0.000[0m
[1;32muart:~$ [m[8D[J[1;32muart:~$ [m[8D[J[00:05:01.442,000] [0m<inf> imu: LSM6DS3TR-C  a   3.825   5.362   7.612  g   0.027  -0.060   0.015[0m
[1;32muart:~$ [m[8D[J[00:05:01.443,000] [0m<inf> imu: LSM6DSV16X   a   4.123   5.435   7.868  g  -0.011   0.002  -0.002[0m
[1;32muart:~$ [m[8D[J[1;32muart:~$ [m[8D[J[00:05:01.444,000] [0m<inf> imu: ICM-42688-P  a   4.101   5.302   7.274  g  -0.000  -0.005   0.000[0m
[1;32muart:~$ [m[8D[J[00:05:01.545,000] [0m<inf> imu: LSM6DS3TR-C  a   3.851   5.352   7.583  g   0.025  -0.062   0.014[0m
[1;32muart:~$ [m[8D[J[00:05:01.545,000] [0m<inf> imu: LSM6DSV16X   a   4.116   5.432   7.865  g  -0.011   0.002  -0.001[0m
[1;32muart:~$ [m[8D[J[1;32muart:~$ [m[8D[J[00:05:01.546,000] [0m<inf> imu: ICM-42688-P  a   4.104   5.308   7.272  g   0.000  -0.005   0.001[0m
[1;32muart:~$ [m[8D[J[00:05:01.648,000] [0m<inf> imu: LSM6DS3TR-C  a   3.882   5.367   7.648  g   0.024  -0.061   0.014[0m
[1;32muart:~$ [m[8D[J[00:05:01.649,000] [0m<inf> imu: LSM6DSV16X   a   4.128   5.432   7.868  g  -0.011   0.003  -0.002[0m
[1;32muart:~$ [m[8D[J[1;32muart:~$ [m[8D[J[00:05:01.650,000] [0m<inf> imu: ICM-42688-P  a   4.100   5.310   7.276  g  -0.001  -0.004   0.000[0m
[1;32muart:~$ [m[8D[J[00:05:01.751,000] [0m<inf> imu: LSM6DS3TR-C  a   3.881   5.308   7.607  g   0.026  -0.062   0.015[0m
[1;32muart:~$ [m[8D[J[1;32muart:~$ [m[8D[J[00:05:01.752,000] [0m<inf> imu: LSM6DSV16X   a   4.125   5.437   7.881  g  -0.012   0.002  -0.002[0m
[1;32muart:~$ [m[8D[J[00:05:01.752,000] [0m<inf> imu: ICM-42688-P  a   4.088   5.297   7.287  g  -0.001  -0.005   0.000[0m
[1;32muart:~$ [m[8D[J[1;32muart:~$ [m[8D[J[00:05:01.854,000] [0m<inf> imu: LSM6DS3TR-C  a   3.851   5.372   7.619  g   0.023  -0.063   0.014[0m
[1;32muart:~$ [m[8D[J[00:05:01.855,000] [0m<inf> imu: LSM6DSV16X   a   4.123   5.443   7.880  g  -0.012   0.002  -0.003[0m
[1;32muart:~$ [m[8D[J[1;32muart:~$ [m[8D[J[00:05:01.856,000] [0m<inf> imu: ICM-42688-P  a   4.107   5.289   7.275  g   0.000  -0.005  -0.001[0m
[1;32muart:~$ [m[8D[J[00:05:01.957,000] [0m<inf> imu: LSM6DS3TR-C  a   3.825   5.384   7.605  g   0.023  -0.063   0.012[0m
[1;32muart:~$ [m[8D[J[1;32muart:~$ [m[8D[J[00:05:01.958,000] [0m<inf> imu: LSM6DSV16X   a   4.125   5.439   7.880  g  -0.012   0.002  -0.002[0m
[1;32muart:~$ [m[8D[J[00:05:01.958,000] [0m<inf> imu: ICM-42688-P  a   4.116   5.291   7.263  g   0.000  -0.005  -0.001[0m
[1;32muart:~$ [m[8D[J[1;32muart:~$ [m[8D[J[00:05:02.059,000] [0m<inf> imu: LSM6DS3TR-C  a   3.862   5.382   7.588  g   0.026  -0.063   0.013[0m
[1;32muart:~$ [m[8D[J[00:05:02.060,000] [0m<inf> imu: LSM6DSV16X   a   4.131   5.430   7.877  g  -0.011   0.001  -0.002[0m
[1;32muart:~$ [m[8D[J[1;32muart:~$ [m[8D[J[00:05:02.061,000] [0m<inf> imu: ICM-42688-P  a   4.100   5.306   7.266  g   0.001  -0.005   0.000[0m
[1;32muart:~$ [m[8D[J[00:05:02.162,000] [0m<inf> imu: LSM6DS3TR-C  a   3.850   5.387   7.644  g   0.026  -0.064   0.015[0m
[1;32muart:~$ [m[8D[J[00:05:02.162,000] [0m<inf> imu: LSM6DSV16X   a   4.120   5.444   7.882  g  -0.012   0.002  -0.002[0m
[1;32muart:~$ [m[8D[J[1;32muart:~$ [m[8D[J[00:05:02.163,000] [0m<inf> imu: ICM-42688-P  a   4.095   5.302   7.281  g  -0.001  -0.005   0.000[0m
[1;32muart:~$ [m[8D[J[00:05:02.265,000] [0m<inf> imu: LSM6DS3TR-C  a   3.846   5.344   7.656  g   0.025  -0.061   0.013[0m
[1;32muart:~$ [m[8D[J[00:05:02.266,000] [0m<inf> imu: LSM6DSV16X   a   4.125   5.439   7.879  g  -0.010   0.002  -0.002[0m
[1;32muart:~$ [m[8D[J[1;32muart:~$ [m[8D[J[00:05:02.267,000] [0m<inf> imu: ICM-42688-P  a   4.090   5.297   7.268  g   0.000  -0.005   0.000[0m
[1;32muart:~$ [m[8D[J[00:05:02.368,000] [0m<inf> imu: LSM6DS3TR-C  a   3.872   5.366   7.603  g   0.025  -0.064   0.013[0m
[1;32muart:~$ [m[8D[J[1;32muart:~$ [m[8D[J[00:05:02.368,000] [0m<inf> imu: LSM6DSV16X   a   4.123   5.441   7.868  g  -0.012   0.002  -0.002[0m
[1;32muart:~$ [m[8D[J[00:05:02.369,000] [0m<inf> imu: ICM-42688-P  a   4.100   5.289   7.268  g   0.000  -0.005   0.000[0m
[1;32muart:~$ [m[8D[J[00:05:02.470,000] [0m<inf> imu: LSM6DS3TR-C  a   3.842   5.380   7.630  g   0.025  -0.062   0.015[0m
[1;32muart:~$ [m[8D[J[00:05:02.471,000] [0m<inf> imu: LSM6DSV16X   a   4.125   5.434   7.869  g  -0.012   0.002  -0.002[0m
[1;32muart:~$ [m[8D[J[1;32muart:~$ [m[8D[J[00:05:02.471,000] [0m<inf> imu: ICM-42688-P  a   4.111   5.286   7.265  g   0.000  -0.005  -0.001[0m
[1;32muart:~$ [m[8D[J[1;32muart:~$ [m[8D[J[00:05:02.572,000] [0m<inf> imu: LSM6DS3TR-C  a   3.888   5.350   7.595  g   0.024  -0.063   0.016[0m
[1;32muart:~$ [m[8D[J[00:05:02.573,000] [0m<inf> imu: LSM6DSV16X   a   4.121   5.437   7.873  g  -0.012   0.001  -0.003[0m
[1;32muart:~$ [m[8D[J[1;32muart:~$ [m[8D[J[00:05:02.573,000] [0m<inf> imu: ICM-42688-P  a   4.100   5.309   7.271  g  -0.001  -0.005  -0.001[0m
[1;32muart:~$ [m[8D[J[00:05:02.675,000] [0m<inf> imu: LSM6DS3TR-C  a   3.852   5.353   7.597  g   0.024  -0.064   0.016[0m
[1;32muart:~$ [m[8D[J[1;32muart:~$ [m[8D[J[00:05:02.676,000] [0m<inf> imu: LSM6DSV16X   a   4.118   5.434   7.884  g  -0.013   0.002  -0.002[0m
[1;32muart:~$ [m[8D[J[00:05:02.676,000] [0m<inf> imu: ICM-42688-P  a   4.099   5.291   7.286  g   0.000  -0.005   0.000[0m
[1;32muart:~$ [m[8D[J[1;32muart:~$ [m[8D[J[00:05:02.777,000] [0m<inf> imu: LSM6DS3TR-C  a   3.848   5.359   7.603  g   0.024  -0.061   0.015[0m
[1;32muart:~$ [m[8D[J[00:05:02.778,000] [0m<inf> imu: LSM6DSV16X   a   4.118   5.436   7.872  g  -0.011   0.002  -0.002[0m
[1;32muart:~$ [m[8D[J[1;32muart:~$ [m[8D[J[00:05:02.779,000] [0m<inf> imu: ICM-42688-P  a   4.102   5.282   7.274  g   0.000  -0.005   0.000[0m
[1;32muart:~$ [m[8D[J[00:05:02.880,000] [0m<inf> imu: LSM6DS3TR-C  a   3.866   5.404   7.579  g   0.025  -0.064   0.013[0m
[1;32muart:~$ [m[8D[J[00:05:02.880,000] [0m<inf> imu: LSM6DSV16X   a   4.125   5.432   7.877  g  -0.011   0.002  -0.002[0m
[1;32muart:~$ [m[8D[J[1;32muart:~$ [m[8D[J[00:05:02.881,000] [0m<inf> imu: ICM-42688-P  a   4.099   5.297   7.275  g   0.000  -0.005   0.001[0m
[1;32muart:~$ [m[8D[J[00:05:02.983,000] [0m<inf> imu: LSM6DS3TR-C  a   3.866   5.322   7.639  g   0.025  -0.064   0.013[0m
[1;32muart:~$ [m[8D[J[1;32muart:~$ [m[8D[J[00:05:02.984,000] [0m<inf> imu: LSM6DSV16X   a   4.120   5.436   7.872  g  -0.011   0.001  -0.002[0m
[1;32muart:~$ [m[8D[J[00:05:02.984,000] [0m<inf> imu: ICM-42688-P  a   4.095   5.304   7.268  g   0.000  -0.005   0.001[0m
[1;32muart:~$ [m[8D[J[00:05:03.086,000] [0m<inf> imu: LSM6DS3TR-C  a   3.849   5.261   7.642  g   0.024  -0.063   0.017[0m
[1;32muart:~$ [m[8D[J[1;32muart:~$ [m[8D[J[00:05:03.086,000] [0m<inf> imu: LSM6DSV16X   a   4.123   5.434   7.872  g  -0.012   0.002  -0.002[0m
[1;32muart:~$ [m[8D[J[00:05:03.087,000] [0m<inf> imu: ICM-42688-P  a   4.096   5.295   7.276  g   0.000  -0.004   0.000[0m
[1;32muart:~$ [m[8D[J[00:05:03.188,000] [0m<inf> imu: LSM6DS3TR-C  a   3.848   5.324   7.604  g   0.025  -0.062   0.013[0m
[1;32muart:~$ [m[8D[J[00:05:03.189,000] [0m<inf> imu: LSM6DSV16X   a   4.116   5.441   7.872  g  -0.012   0.002  -0.002[0m
[1;32muart:~$ [m[8D[J[1;32muart:~$ [m[8D[J[00:05:03.189,000] [0m<inf> imu: ICM-42688-P  a   4.106   5.284   7.256  g   0.000  -0.005  -0.000[0m
[1;32muart:~$ [m[8D[J[1;32muart:~$ [m[8D[J[00:05:03.290,000] [0m<inf> imu: LSM6DS3TR-C  a   3.878   5.238   7.600  g   0.026  -0.064   0.014[0m
[1;32muart:~$ [m[8D[J[00:05:03.291,000] [0m<inf> imu: LSM6DSV16X   a   4.128   5.429   7.878  g  -0.011   0.002  -0.002[0m
[1;32muart:~$ [m[8D[J[1;32muart:~$ [m[8D[J[00:05:03.291,000] [0m<inf> imu: ICM-42688-P  a   4.106   5.291   7.264  g   0.001  -0.005   0.001[0m
[1;32muart:~$ [m[8D[J[00:05:03.393,000] [0m<inf> imu: LSM6DS3TR-C  a   3.854   5.398   7.597  g   0.024  -0.063   0.013[0m
[1;32muart:~$ [m[8D[J[1;32muart:~$ [m[8D[J[00:05:03.393,000] [0m<inf> imu: LSM6DSV16X   a   4.129   5.434   7.882  g  -0.012   0.002  -0.002[0m
[1;32muart:~$ [m[8D[J[00:05:03.394,000] [0m<inf> imu: ICM-42688-P  a   4.106   5.298   7.264  g  -0.001  -0.005   0.000[0m
[1;32muart:~$ [m[8D[J[1;32muart:~$ [m[8D[J[00:05:03.495,000] [0m<inf> imu: LSM6DS3TR-C  a   3.865   5.358   7.591  g   0.026  -0.062   0.013[0m
[1;32muart:~$ [m[8D[J[00:05:03.496,000] [0m<inf> imu: LSM6DSV16X   a   4.125   5.434   7.865  g  -0.012   0.002  -0.002[0m
[1;32muart:~$ [m[8D[J[1;32muart:~$ [m[8D[J[00:05:03.496,000] [0m<inf> imu: ICM-42688-P  a   4.111   5.288   7.275  g   0.001  -0.005   0.000[0m
[1;32muart:~$ [m[8D[J[00:05:03.597,000] [0m<inf> imu: LSM6DS3TR-C  a   3.839   5.354   7.605  g   0.025  -0.064   0.013[0m
[1;32muart:~$ [m[8D[J[00:05:03.598,000] [0m<inf> imu: LSM6DSV16X   a   4.117   5.436   7.875  g  -0.012   0.002  -0.003[0m
[1;32muart:~$ [m[8D[J[1;32muart:~$ [m[8D[J[00:05:03.598,000] [0m<inf> imu: ICM-42688-P  a   4.110   5.290   7.276  g   0.001  -0.005   0.000[0m
[1;32muart:~$ [m[8D[J[00:05:03.699,000] [0m<inf> imu: LSM6DS3TR-C  a   3.872   5.308   7.595  g   0.025  -0.062   0.015[0m
[1;32muart:~$ [m[8D[J[00:05:03.700,000] [0m<inf> imu: LSM6DSV16X   a   4.125   5.432   7.872  g  -0.012   0.002  -0.003[0m
[1;32muart:~$ [m[8D[J[1;32muart:~$ [m[8D[J[00:05:03.701,000] [0m<inf> imu: ICM-42688-P  a   4.104   5.294   7.253  g  -0.001  -0.005  -0.001[0m
[1;32muart:~$ [m[8D[J[00:05:03.802,000] [0m<inf> imu: LSM6DS3TR-C  a   3.890   5.317   7.563  g   0.024  -0.065   0.014[0m
[1;32muart:~$ [m[8D[J[1;32muart:~$ [m[8D[J[00:05:03.803,000] [0m<inf> imu: LSM6DSV16X   a   4.121   5.434   7.871  g  -0.011   0.002  -0.002[0m
[1;32muart:~$ [m[8D[J[00:05:03.804,000] [0m<inf> imu: ICM-42688-P  a   4.106   5.304   7.274  g   0.000  -0.005   0.001[0m
[1;32muart:~$ [m[8D[J[00:05:03.905,000] [0m<inf> imu: LSM6DS3TR-C  a   3.876   5.397   7.598  g   0.023  -0.063   0.012[0m
[1;32muart:~$ [m[8D[J[00:05:03.906,000] [0m<inf> imu: LSM6DSV16X   a   4.131   5.434   7.870  g  -0.011   0.002  -0.002[0m
[1;32muart:~$ [m[8D[J[1;32muart:~$ [m[8D[J[00:05:03.906,000] [0m<inf> imu: ICM-42688-P  a   4.108   5.297   7.269  g   0.000  -0.005   0.000[0m
[1;32muart:~$ [m[8D[J[1;32muart:~$ [m[8D[J[00:05:04.007,000] [0m<inf> imu: LSM6DS3TR-C  a   3.875   5.374   7.626  g   0.024  -0.062   0.015[0m
[1;32muart:~$ [m[8D[J[00:05:04.008,000] [0m<inf> imu: LSM6DSV16X   a   4.125   5.441   7.875  g  -0.010   0.002  -0.002[0m
[1;32muart:~$ [m[8D[J[1;32muart:~$ [m[8D[J[00:05:04.008,000] [0m<inf> imu: ICM-42688-P  a   4.105   5.301   7.263  g   0.000  -0.005   0.000[0m
[1;32muart:~$ [m[8D[J[00:05:04.109,000] [0m<inf> imu: LSM6DS3TR-C  a   3.852   5.393   7.596  g   0.023  -0.062   0.013[0m
[1;32muart:~$ [m[8D[J[1;32muart:~$ [m[8D[J[00:05:04.110,000] [0m<inf> imu: LSM6DSV16X   a   4.128   5.439   7.868  g  -0.011   0.001  -0.002[0m
[1;32muart:~$ [m[8D[J[00:05:04.111,000] [0m<inf> imu: ICM-42688-P  a   4.112   5.282   7.264  g   0.000  -0.005   0.000[0m
[1;32muart:~$ [m[8D[J[1;32muart:~$ [m[8D[J[00:05:04.212,000] [0m<inf> imu: LSM6DS3TR-C  a   3.860   5.368   7.608  g   0.024  -0.064   0.013[0m
[1;32muart:~$ [m[8D[J[00:05:04.212,000] [0m<inf> imu: LSM6DSV16X   a   4.129   5.436   7.863  g  -0.011   0.002  -0.002[0m
[1;32muart:~$ [m[8D[J[1;32muart:~$ [m[8D[J[00:05:04.213,000] [0m<inf> imu: ICM-42688-P  a   4.095   5.296   7.268  g  -0.001  -0.005  -0.001[0m
[1;32muart:~$ [m[8D[J[00:05:04.314,000] [0m<inf> imu: LSM6DS3TR-C  a   3.842   5.389   7.619  g   0.024  -0.062   0.015[0m
[1;32muart:~$ [m[8D[J[00:05:04.315,000] [0m<inf> imu: LSM6DSV16X   a   4.122   5.439   7.875  g  -0.011   0.002  -0.002[0m
[1;32muart:~$ [m[8D[J[1;32muart:~$ [m[8D[J[00:05:04.315,000] [0m<inf> imu: ICM-42688-P  a   4.099   5.291   7.269  g  -0.001  -0.006   0.000[0m
[1;32muart:~$ [m[8D[J[00:05:04.416,000] [0m<inf> imu: LSM6DS3TR-C  a   3.823   5.417   7.622  g   0.023  -0.061   0.015[0m
[1;32muart:~$ [m[8D[J[1;32muart:~$ [m[8D[J[00:05:04.417,000] [0m<inf> imu: LSM6DSV16X   a   4.123   5.441   7.875  g  -0.012   0.002  -0.002[0m
[1;32muart:~$ [m[8D[J[00:05:04.418,000] [0m<inf> imu: ICM-42688-P  a   4.095   5.308   7.263  g  -0.001  -0.005   0.000[0m
[1;32muart:~$ [m[8D[J[00:05:04.519,000] [0m<inf> imu: LSM6DS3TR-C  a   3.812   5.374   7.572  g   0.022  -0.062   0.011[0m
[1;32muart:~$ [m[8D[J[1;32muart:~$ [m[8D[J[00:05:04.520,000] [0m<inf> imu: LSM6DSV16X   a   4.125   5.436   7.868  g  -0.011   0.002  -0.002[0m
[1;32muart:~$ [m[8D[J[00:05:04.520,000] [0m<inf> imu: ICM-42688-P  a   4.110   5.297   7.276  g  -0.001  -0.005   0.001[0m
[1;32muart:~$ [m[8D[J[00:05:04.622,000] [0m<inf> imu: LSM6DS3TR-C  a   3.850   5.322   7.597  g   0.025  -0.062   0.016[0m
[1;32muart:~$ [m[8D[J[00:05:04.622,000] [0m<inf> imu: LSM6DSV16X   a   4.125   5.434   7.872  g  -0.012   0.002  -0.002[0m
[1;32muart:~$ [m[8D[J[1;32muart:~$ [m[8D[J[00:05:04.623,000] [0m<inf> imu: ICM-42688-P  a   4.104   5.291   7.272  g  -0.001  -0.005  -0.000[0m
[1;32muart:~$ [m[8D[J[1;32muart:~$ [m[8D[J[00:05:04.724,000] [0m<inf> imu: LSM6DS3TR-C  a   3.862   5.361   7.621  g   0.023  -0.062   0.013[0m
[1;32muart:~$ [m[8D[J[00:05:04.725,000] [0m<inf> imu: LSM6DSV16X   a   4.118   5.439   7.871  g  -0.011   0.002  -0.002[0m
[1;32muart:~$ [m[8D[J[1;32muart:~$ [m[8D[J[00:05:04.725,000] [0m<inf> imu: ICM-42688-P  a   4.107   5.291   7.259  g   0.001  -0.005   0.000[0m
[1;32muart:~$ [m[8D[J[00:05:04.826,000] [0m<inf> imu: LSM6DS3TR-C  a   4.006   5.458   7.591  g   0.025  -0.062   0.016[0m
[1;32muart:~$ [m[8D[J[1;32muart:~$ [m[8D[J[00:05:04.827,000] [0m<inf> imu: LSM6DSV16X   a   4.123   5.435   7.875  g  -0.011   0.002  -0.001[0m
[1;32muart:~$ [m[8D[J[00:05:04.828,000] [0m<inf> imu: ICM-42688-P  a   4.116   5.289   7.265  g   0.001  -0.005   0.001[0m
[1;32muart:~$ [m[8D[J[1;32muart:~$ [m[8D[J[00:05:04.929,000] [0m<inf> imu: LSM6DS3TR-C  a   3.855   5.297   7.536  g   0.024  -0.063   0.015[0m
[1;32muart:~$ [m[8D[J[00:05:04.929,000] [0m<inf> imu: LSM6DSV16X   a   4.113   5.441   7.881  g  -0.011   0.002  -0.002[0m
[1;32muart:~$ [m[8D[J[1;32muart:~$ [m[8D[J[00:05:04.930,000] [0m<inf> imu: ICM-42688-P  a   4.106   5.286   7.265  g  -0.000  -0.005  -0.001[0m
[1;32muart:~$ [m[8D[J[00:05:05.031,000] [0m<inf> imu: LSM6DS3TR-C  a   3.860   5.392   7.629  g   0.023  -0.064   0.015[0m
[1;32muart:~$ [m[8D[J[00:05:05.032,000] [0m<inf> imu: LSM6DSV16X   a   4.128   5.430   7.870  g  -0.011   0.003  -0.002[0m
[1;32muart:~$ [m[8D[J[1;32muart:~$ [m[8D[J[00:05:05.032,000] [0m<inf> imu: ICM-42688-P  a   4.110   5.285   7.269  g  -0.001  -0.005   0.000[0m
[1;32muart:~$ [m[8D[J[00:05:05.134,000] [0m<inf> imu: LSM6DS3TR-C  a   3.860   5.354   7.574  g   0.024  -0.062   0.013[0m
[1;32muart:~$ [m[8D[J[00:05:05.135,000] [0m<inf> imu: LSM6DSV16X   a   4.116   5.435   7.872  g  -0.012   0.003  -0.002[0m
[1;32muart:~$ [m[8D[J[1;32muart:~$ [m[8D[J[00:05:05.136,000] [0m<inf> imu: ICM-42688-P  a   4.105   5.303   7.272  g   0.000  -0.005   0.000[0m
[1;32muart:~$ [m[8D[J[00:05:05.237,000] [0m<inf> imu: LSM6DS3TR-C  a   3.904   5.334   7.564  g   0.025  -0.063   0.013[0m
[1;32muart:~$ [m[8D[J[1;32muart:~$ [m[8D[J[00:05:05.238,000] [0m<inf> imu: LSM6DSV16X   a   4.123   5.432   7.871  g  -0.012   0.002  -0.002[0m
[1;32muart:~$ [m[8D[J[00:05:05.238,000] [0m<inf> imu: ICM-42688-P  a   4.104   5.283   7.264  g  -0.001  -0.005  -0.000[0m
[1;32muart:~$ [m[8D[J[1;32muart:~$ [m[8D[J[00:05:05.340,000] [0m<inf> imu: LSM6DS3TR-C  a   3.866   5.354   7.536  g   0.025  -0.063   0.015[0m
[1;32muart:~$ [m[8D[J[00:05:05.341,000] [0m<inf> imu: LSM6DSV16X   a   4.125   5.437   7.868  g  -0.012   0.002  -0.002[0m
[1;32muart:~$ [m[8D[J[1;32muart:~$ [m[8D[J[00:05:05.342,000] [0m<inf> imu: ICM-42688-P  a   4.111   5.285   7.281  g   0.000  -0.006   0.000[0m
[1;32muart:~$ [m[8D[J[00:05:05.443,000] [0m<inf> imu: LSM6DS3TR-C  a   3.879   5.393   7.605  g   0.024  -0.062   0.014[0m
[1;32muart:~$ [m[8D[J[1;32muart:~$ [m[8D[J[00:05:05.443,000] [0m<inf> imu: LSM6DSV16X   a   4.129   5.439   7.878  g  -0.011   0.002  -0.002[0m
[1;32muart:~$ [m[8D[J[00:05:05.444,000] [0m<inf> imu: ICM-42688-P  a   4.110   5.292   7.272  g   0.000  -0.005   0.001[0m
[1;32muart:~$ [m[8D[J[1;32muart:~$ [m[8D[J[00:05:05.545,000] [0m<inf> imu: LSM6DS3TR-C  a   3.866   5.426   7.628  g   0.025  -0.063   0.015[0m
[1;32muart:~$ [m[8D[J[00:05:05.546,000] [0m<inf> imu: LSM6DSV16X   a   4.128   5.431   7.875  g  -0.011   0.003  -0.002[0m
[1;32muart:~$ [m[8D[J[1;32muart:~$ [m[8D[J[00:05:05.546,000] [0m<inf> imu: ICM-42688-P  a   4.099   5.291   7.259  g   0.001  -0.005   0.001[0m
[1;32muart:~$ [m[8D[J[00:05:05.647,000] [0m<inf> imu: LSM6DS3TR-C  a   3.866   5.344   7.627  g   0.024  -0.061   0.013[0m
[1;32muart:~$ [m[8D[J[00:05:05.648,000] [0m<inf> imu: LSM6DSV16X   a   4.121   5.441   7.872  g  -0.011   0.002  -0.002[0m
[1;32muart:~$ [m[8D[J[1;32muart:~$ [m[8D[J[00:05:05.648,000] [0m<inf> imu: ICM-42688-P  a   4.083   5.290   7.270  g  -0.001  -0.005   0.001[0m
[1;32muart:~$ [m[8D[J[00:05:05.750,000] [0m<inf> imu: LSM6DS3TR-C  a   3.842   5.385   7.620  g   0.023  -0.062   0.014[0m
[1;32muart:~$ [m[8D[J[00:05:05.751,000] [0m<inf> imu: LSM6DSV16X   a   4.128   5.436   7.872  g  -0.010   0.001  -0.002[0m
[1;32muart:~$ [m[8D[J[1;32muart:~$ [m[8D[J[00:05:05.752,000] [0m<inf> imu: ICM-42688-P  a   4.108   5.295   7.282  g  -0.001  -0.005   0.000[0m
[1;32muart:~$ [m[8D[J[00:05:05.853,000] [0m<inf> imu: LSM6DS3TR-C  a   3.869   5.359   7.600  g   0.024  -0.062   0.014[0m
[1;32muart:~$ [m[8D[J[1;32muart:~$ [m[8D[J[00:05:05.854,000] [0m<inf> imu: LSM6DSV16X   a   4.117   5.434   7.878  g  -0.012   0.002  -0.002[0m
[1;32muart:~$ [m[8D[J[00:05:05.854,000] [0m<inf> imu: ICM-42688-P  a   4.108   5.297   7.277  g  -0.001  -0.005   0.000[0m
[1;32muart:~$ [m[8D[J[00:05:05.955,000] [0m<inf> imu: LSM6DS3TR-C  a   3.837   5.374   7.591  g   0.023  -0.064   0.013[0m
[1;32muart:~$ [m[8D[J[00:05:05.956,000] [0m<inf> imu: LSM6DSV16X   a   4.123   5.448   7.872  g  -0.011   0.002  -0.002[0m
[1;32muart:~$ [m[8D[J[1;32muart:~$ [m[8D[J[00:05:05.957,000] [0m<inf> imu: ICM-42688-P  a   4.101   5.301   7.270  g  -0.001  -0.004   0.000[0m
[1;32muart:~$ [m[8D[J[1;32muart:~$ [m[8D[J[00:05:06.058,000] [0m<inf> imu: LSM6DS3TR-C  a   3.867   5.373   7.589  g   0.025  -0.064   0.014[0m
[1;32muart:~$ [m[8D[J[00:05:06.058,000] [0m<inf> imu: LSM6DSV16X   a   4.125   5.439   7.872  g  -0.012   0.002  -0.002[0m
[1;32muart:~$ [m[8D[J[1;32muart:~$ [m[8D[J[00:05:06.059,000] [0m<inf> imu: ICM-42688-P  a   4.104   5.294   7.259  g   0.000  -0.005   0.000[0m
[1;32muart:~$ [m[8D[J[00:05:06.160,000] [0m<inf> imu: LSM6DS3TR-C  a   3.849   5.341   7.613  g   0.024  -0.063   0.015[0m
[1;32muart:~$ [m[8D[J[1;32muart:~$ [m[8D[J[00:05:06.161,000] [0m<inf> imu: LSM6DSV16X   a   4.128   5.444   7.868  g  -0.012   0.002  -0.002[0m
[1;32muart:~$ [m[8D[J[00:05:06.161,000] [0m<inf> imu: ICM-42688-P  a   4.106   5.303   7.284  g   0.000  -0.005   0.001[0m
[1;32muart:~$ [m[8D[J[1;32muart:~$ [m[8D[J[00:05:06.262,000] [0m<inf> imu: LSM6DS3TR-C  a   3.823   5.386   7.624  g   0.024  -0.063   0.015[0m
[1;32muart:~$ [m[8D[J[00:05:06.263,000] [0m<inf> imu: LSM6DSV16X   a   4.125   5.435   7.858  g  -0.012   0.001  -0.002[0m
[1;32muart:~$ [m[8D[J[1;32muart:~$ [m[8D[J[00:05:06.263,000] [0m<inf> imu: ICM-42688-P  a   4.106   5.298   7.265  g  -0.001  -0.005   0.000[0m
[1;32muart:~$ [m[8D[J[00:05:06.364,000] [0m<inf> imu: LSM6DS3TR-C  a   3.863   5.371   7.602  g   0.025  -0.063   0.017[0m
[1;32muart:~$ [m[8D[J[00:05:06.365,000] [0m<inf> imu: LSM6DSV16X   a   4.128   5.439   7.875  g  -0.011   0.002  -0.002[0m
[1;32muart:~$ [m[8D[J[1;32muart:~$ [m[8D[J[00:05:06.366,000] [0m<inf> imu: ICM-42688-P  a   4.108   5.302   7.270  g  -0.001  -0.005   0.000[0m
[1;32muart:~$ [m[8D[J[00:05:06.467,000] [0m<inf> imu: LSM6DS3TR-C  a   3.872   5.362   7.552  g   0.026  -0.063   0.013[0m
[1;32muart:~$ [m[8D[J[1;32muart:~$ [m[8D[J[00:05:06.468,000] [0m<inf> imu: LSM6DSV16X   a   4.125   5.436   7.877  g  -0.011   0.002  -0.002[0m
[1;32muart:~$ [m[8D[J[00:05:06.469,000] [0m<inf> imu: ICM-42688-P  a   4.110   5.297   7.276  g   0.000  -0.004   0.000[0m
[1;32muart:~$ [m[8D[J[00:05:06.570,000] [0m<inf> imu: LSM6DS3TR-C  a   3.837   5.364   7.590  g   0.023  -0.062   0.013[0m
[1;32muart:~$ [m[8D[J[1;32muart:~$ [m[8D[J[00:05:06.571,000] [0m<inf> imu: LSM6DSV16X   a   4.122   5.444   7.869  g  -0.012   0.002  -0.002[0m
[1;32muart:~$ [m[8D[J[00:05:06.571,000] [0m<inf> imu: ICM-42688-P  a   4.095   5.307   7.263  g   0.000  -0.006  -0.000[0m
[1;32muart:~$ [m[8D[J[00:05:06.672,000] [0m<inf> imu: LSM6DS3TR-C  a   3.851   5.382   7.565  g   0.022  -0.064   0.015[0m
[1;32muart:~$ [m[8D[J[00:05:06.673,000] [0m<inf> imu: LSM6DSV16X   a   4.127   5.432   7.869  g  -0.012   0.002  -0.002[0m
[1;32muart:~$ [m[8D[J[1;32muart:~$ [m[8D[J[00:05:06.674,000] [0m<inf> imu: ICM-42688-P  a   4.101   5.288   7.284  g   0.000  -0.005   0.000[0m
[1;32muart:~$ [m[8D[J[1;32muart:~$ [m[8D[J[00:05:06.775,000] [0m<inf> imu: LSM6DS3TR-C  a   3.863   5.324   7.590  g   0.025  -0.063   0.014[0m
[1;32muart:~$ [m[8D[J[00:05:06.775,000] [0m<inf> imu: LSM6DSV16X   a   4.121   5.438   7.880  g  -0.012   0.002  -0.002[0m
[1;32muart:~$ [m[8D[J[1;32muart:~$ [m[8D[J[00:05:06.776,000] [0m<inf> imu: ICM-42688-P  a   4.102   5.297   7.284  g  -0.001  -0.005   0.000[0m
[1;32muart:~$ [m[8D[J[00:05:06.877,000] [0m<inf> imu: LSM6DS3TR-C  a   3.836   5.390   7.580  g   0.023  -0.064   0.013[0m
[1;32muart:~$ [m[8D[J[1;32muart:~$ [m[8D[J[00:05:06.878,000] [0m<inf> imu: LSM6DSV16X   a   4.128   5.435   7.872  g  -0.011   0.002  -0.002[0m
[1;32muart:~$ [m[8D[J[00:05:06.878,000] [0m<inf> imu: ICM-42688-P  a   4.107   5.284   7.263  g   0.000  -0.005   0.000[0m
[1;32muart:~$ [m[8D[J[1;32muart:~$ [m[8D[J[00:05:06.979,000] [0m<inf> imu: LSM6DS3TR-C  a   3.866   5.334   7.552  g   0.025  -0.063   0.015[0m
[1;32muart:~$ [m[8D[J[00:05:06.980,000] [0m<inf> imu: LSM6DSV16X   a   4.123   5.434   7.870  g  -0.012   0.003  -0.002[0m
[1;32muart:~$ [m[8D[J[1;32muart:~$ [m[8D[J[00:05:06.980,000] [0m<inf> imu: ICM-42688-P  a   4.092   5.289   7.272  g   0.000  -0.005   0.000[0m
[1;32muart:~$ [m[8D[J[00:05:07.082,000] [0m<inf> imu: LSM6DS3TR-C  a   3.872   5.315   7.579  g   0.024  -0.062   0.015[0m
[1;32muart:~$ [m[8D[J[00:05:07.082,000] [0m<inf> imu: LSM6DSV16X   a   4.120   5.430   7.875  g  -0.011   0.002  -0.002[0m
[1;32muart:~$ [m[8D[J[1;32muart:~$ [m[8D[J[00:05:07.083,000] [0m<inf> imu: ICM-42688-P  a   4.105   5.291   7.263  g  -0.000  -0.005   0.000[0m
[1;32muart:~$ [m[8D[J[00:05:07.184,000] [0m<inf> imu: LSM6DS3TR-C  a   3.867   5.388   7.618  g   0.023  -0.062   0.013[0m
[1;32muart:~$ [m[8D[J[00:05:07.185,000] [0m<inf> imu: LSM6DSV16X   a   4.121   5.441   7.870  g  -0.011   0.002  -0.002[0m
[1;32muart:~$ [m[8D[J[1;32muart:~$ [m[8D[J[00:05:07.185,000] [0m<inf> imu: ICM-42688-P  a   4.102   5.301   7.268  g  -0.000  -0.004   0.000[0m
[1;32muart:~$ [m[8D[J[00:05:07.287,000] [0m<inf> imu: LSM6DS3TR-C  a   3.820   5.375   7.597  g   0.025  -0.063   0.013[0m
[1;32muart:~$ [m[8D[J[1;32muart:~$ [m[8D[J[00:05:07.287,000] [0m<inf> imu: LSM6DSV16X   a   4.132   5.428   7.873  g  -0.011   0.002  -0.002[0m
[1;32muart:~$ [m[8D[J[00:05:07.288,000] [0m<inf> imu: ICM-42688-P  a   4.106   5.284   7.254  g   0.001  -0.005   0.000[0m
[1;32muart:~$ [m[8D[J[1;32muart:~$ [m[8D[J[00:05:07.390,000] [0m<inf> imu: LSM6DS3TR-C  a   3.786   5.282   7.633  g   0.024  -0.063   0.015[0m
[1;32muart:~$ [m[8D[J[00:05:07.390,000] [0m<inf> imu: LSM6DSV16X   a   4.123   5.439   7.868  g  -0.011   0.003  -0.002[0m
[1;32muart:~$ [m[8D[J[1;32muart:~$ [m[8D[J[00:05:07.391,000] [0m<inf> imu: ICM-42688-P  a   4.096   5.304   7.272  g  -0.001  -0.006  -0.000[0m
[1;32muart:~$ [m[8D[J[00:05:07.492,000] [0m<inf> imu: LSM6DS3TR-C  a   3.899   5.331   7.599  g   0.022  -0.062   0.015[0m
[1;32muart:~$ [m[8D[J[1;32muart:~$ [m[8D[J[00:05:07.493,000] [0m<inf> imu: LSM6DSV16X   a   4.127   5.441   7.882  g  -0.012   0.003  -0.002[0m
[1;32muart:~$ [m[8D[J[00:05:07.493,000] [0m<inf> imu: ICM-42688-P  a   4.120   5.301   7.271  g   0.000  -0.004   0.001[0m
[1;32muart:~$ [m[8D[J[1;32muart:~$ [m[8D[J[00:05:07.595,000] [0m<inf> imu: LSM6DS3TR-C  a   3.847   5.337   7.638  g   0.023  -0.062   0.015[0m
[1;32muart:~$ [m[8D[J[00:05:07.595,000] [0m<inf> imu: LSM6DSV16X   a   4.126   5.437   7.868  g  -0.012   0.002  -0.002[0m
[1;32muart:~$ [m[8D[J[1;32muart:~$ [m[8D[J[00:05:07.596,000] [0m<inf> imu: ICM-42688-P  a   4.096   5.291   7.268  g  -0.001  -0.005   0.001[0m
[1;32muart:~$ [m[8D[J[00:05:07.697,000] [0m<inf> imu: LSM6DS3TR-C  a   3.847   5.353   7.638  g   0.025  -0.062   0.015[0m
[1;32muart:~$ [m[8D[J[00:05:07.698,000] [0m<inf> imu: LSM6DSV16X   a   4.123   5.444   7.877  g  -0.012   0.003  -0.002[0m
[1;32muart:~$ [m[8D[J[1;32muart:~$ [m[8D[J[00:05:07.698,000] [0m<inf> imu: ICM-42688-P  a   4.101   5.304   7.268  g  -0.000  -0.005   0.000[0m
[1;32muart:~$ [m[8D[J[00:05:07.800,000] [0m<inf> imu: LSM6DS3TR-C  a   3.869   5.350   7.571  g   0.026  -0.062   0.013[0m
[1;32muart:~$ [m[8D[J[1;32muart:~$ [m[8D[J[00:05:07.801,000] [0m<inf> imu: LSM6DSV16X   a   4.123   5.434   7.877  g  -0.012   0.002  -0.003[0m
[1;32muart:~$ [m[8D[J[00:05:07.801,000] [0m<inf> imu: ICM-42688-P  a   4.112   5.284   7.256  g  -0.000  -0.004   0.000[0m
[1;32muart:~$ [m[8D[J[00:05:07.902,000] [0m<inf> imu: LSM6DS3TR-C  a   3.868   5.353   7.560  g   0.025  -0.062   0.014[0m
[1;32muart:~$ [m[8D[J[1;32muart:~$ [m[8D[J[00:05:07.903,000] [0m<inf> imu: LSM6DSV16X   a   4.122   5.432   7.866  g  -0.011   0.002  -0.001[0m
[1;32muart:~$ [m[8D[J[00:05:07.904,000] [0m<inf> imu: ICM-42688-P  a   4.090   5.291   7.272  g  -0.001  -0.005   0.000[0m
[1;32muart:~$ [m[8D[J[00:05:08.005,000] [0m<inf> imu: LSM6DS3TR-C  a   3.831   5.329   7.595  g   0.025  -0.064   0.013[0m
[1;32muart:~$ [m[8D[J[00:05:08.005,000] [0m<inf> imu: LSM6DSV16X   a   4.119   5.434   7.877  g  -0.012   0.002  -0.003[0m
[1;32muart:~$ [m[8D[J[1;32muart:~$ [m[8D[J[00:05:08.006,000] [0m<inf> imu: ICM-42688-P  a   4.111   5.302   7.263  g  -0.000  -0.005   0.000[0m
[1;32muart:~$ [m[8D[J[1;32muart:~$ [m[8D[J[00:05:08.107,000] [0m<inf> imu: LSM6DS3TR-C  a   3.857   5.434   7.592  g   0.026  -0.062   0.016[0m
[1;32muart:~$ [m[8D[J[00:05:08.108,000] [0m<inf> imu: LSM6DSV16X   a   4.116   5.434   7.879  g  -0.012   0.002  -0.002[0m
[1;32muart:~$ [m[8D[J[1;32muart:~$ [m[8D[J[00:05:08.108,000] [0m<inf> imu: ICM-42688-P  a   4.101   5.288   7.269  g  -0.001  -0.005  -0.000[0m
[1;32muart:~$ [m[8D[J[00:05:08.209,000] [0m<inf> imu: LSM6DS3TR-C  a   3.891   5.259   7.555  g   0.024  -0.064   0.014[0m
[1;32muart:~$ [m[8D[J[1;32muart:~$ [m[8D[J[00:05:08.210,000] [0m<inf> imu: LSM6DSV16X   a   4.120   5.439   7.862  g  -0.012   0.001  -0.002[0m
[1;32muart:~$ [m[8D[J[00:05:08.210,000] [0m<inf> imu: ICM-42688-P  a   4.101   5.304   7.263  g  -0.000  -0.004  -0.001[0m
[1;32muart:~$ [m[8D[J[1;32muart:~$ [m[8D[J[00:05:08.312,000] [0m<inf> imu: LSM6DS3TR-C  a   3.855   5.334   7.594  g   0.024  -0.063   0.014[0m
[1;32muart:~$ [m[8D[J[00:05:08.312,000] [0m<inf> imu: LSM6DSV16X   a   4.120   5.435   7.874  g  -0.011   0.002  -0.002[0m
[1;32muart:~$ [m[8D[J[1;32muart:~$ [m[8D[J[00:05:08.313,000] [0m<inf> imu: ICM-42688-P  a   4.112   5.273   7.268  g  -0.001  -0.005   0.001[0m
[1;32muart:~$ [m[8D[J[00:05:08.414,000] [0m<inf> imu: LSM6DS3TR-C  a   3.852   5.436   7.612  g   0.025  -0.061   0.014[0m
[1;32muart:~$ [m[8D[J[00:05:08.415,000] [0m<inf> imu: LSM6DSV16X   a   4.121   5.434   7.870  g  -0.012   0.004  -0.002[0m
[1;32muart:~$ [m[8D[J[1;32muart:~$ [m[8D[J[00:05:08.415,000] [0m<inf> imu: ICM-42688-P  a   4.108   5.290   7.263  g  -0.001  -0.005   0.000[0m
[1;32muart:~$ [m[8D[J[00:05:08.517,000] [0m<inf> imu: LSM6DS3TR-C  a   3.838   5.352   7.617  g   0.026  -0.062   0.014[0m
[1;32muart:~$ [m[8D[J[1;32muart:~$ [m[8D[J[00:05:08.518,000] [0m<inf> imu: LSM6DSV16X   a   4.130   5.434   7.877  g  -0.011   0.002  -0.002[0m
[1;32muart:~$ [m[8D[J[00:05:08.519,000] [0m<inf> imu: ICM-42688-P  a   4.096   5.288   7.253  g  -0.001  -0.005   0.001[0m
[1;32muart:~$ [m[8D[J[00:05:08.620,000] [0m<inf> imu: LSM6DS3TR-C  a   3.873   5.365   7.608  g   0.024  -0.062   0.014[0m
[1;32muart:~$ [m[8D[J[1;32muart:~$ [m[8D[J[00:05:08.620,000] [0m<inf> imu: LSM6DSV16X   a   4.132   5.427   7.868  g  -0.011   0.002  -0.002[0m
[1;32muart:~$ [m[8D[J[00:05:08.621,000] [0m<inf> imu: ICM-42688-P  a   4.108   5.295   7.258  g   0.000  -0.005   0.000[0m
[1;32muart:~$ [m[8D[J[00:05:08.722,000] [0m<inf> imu: LSM6DS3TR-C  a   3.827   5.387   7.603  g   0.023  -0.060   0.012[0m
[1;32muart:~$ [m[8D[J[00:05:08.723,000] [0m<inf> imu: LSM6DSV16X   a   4.123   5.431   7.872  g  -0.012   0.002  -0.002[0m
[1;32muart:~$ [m[8D[J[1;32muart:~$ [m[8D[J[00:05:08.723,000] [0m<inf> imu: ICM-42688-P  a   4.099   5.297   7.272  g  -0.000  -0.005  -0.001[0m
[1;32muart:~$ [m[8D[J[1;32muart:~$ [m[8D[J[00:05:08.824,000] [0m<inf> imu: LSM6DS3TR-C  a   3.822   5.312   7.568  g   0.025  -0.064   0.013[0m
[1;32muart:~$ [m[8D[J[00:05:08.825,000] [0m<inf> imu: LSM6DSV16X   a   4.125   5.436   7.877  g  -0.011   0.003  -0.002[0m
[1;32muart:~$ [m[8D[J[1;32muart:~$ [m[8D[J[00:05:08.825,000] [0m<inf> imu: ICM-42688-P  a   4.110   5.292   7.274  g   0.000  -0.005   0.000[0m
[1;32muart:~$ [m[8D[J[00:05:08.927,000] [0m<inf> imu: LSM6DS3TR-C  a   3.864   5.357   7.589  g   0.024  -0.063   0.015[0m
[1;32muart:~$ [m[8D[J[1;32muart:~$ [m[8D[J[00:05:08.927,000] [0m<inf> imu: LSM6DSV16X   a   4.125   5.439   7.872  g  -0.012   0.002  -0.002[0m
[1;32muart:~$ [m[8D[J[00:05:08.928,000] [0m<inf> imu: ICM-42688-P  a   4.099   5.302   7.259  g   0.000  -0.005  -0.000[0m
[1;32muart:~$ [m[8D[J[1;32muart:~$ [m[8D[J[00:05:09.029,000] [0m<inf> imu: LSM6DS3TR-C  a   3.879   5.347   7.565  g   0.025  -0.063   0.014[0m
[1;32muart:~$ [m[8D[J[00:05:09.030,000] [0m<inf> imu: LSM6DSV16X   a   4.140   5.442   7.859  g  -0.011   0.003  -0.002[0m
[1;32muart:~$ [m[8D[J[1;32muart:~$ [m[8D[J[00:05:09.030,000] [0m<inf> imu: ICM-42688-P  a   4.114   5.280   7.248  g   0.000  -0.004  -0.000[0m
[1;32muart:~$ [m[8D[J[00:05:09.131,000] [0m<inf> imu: LSM6DS3TR-C  a   3.826   5.362   7.609  g   0.025  -0.062   0.016[0m
[1;32muart:~$ [m[8D[J[00:05:09.132,000] [0m<inf> imu: LSM6DSV16X   a   4.123   5.432   7.889  g  -0.010   0.002  -0.004[0m
[1;32muart:~$ [m[8D[J[1;32muart:~$ [m[8D[J[00:05:09.132,000] [0m<inf> imu: ICM-42688-P  a   4.104   5.279   7.271  g   0.001  -0.005  -0.001[0m
[1;32muart:~$ [m[8D[J[00:05:09.234,000] [0m<inf> imu: LSM6DS3TR-C  a   3.824   5.416   7.625  g   0.024  -0.061   0.014[0m
[1;32muart:~$ [m[8D[J[00:05:09.235,000] [0m<inf> imu: LSM6DSV16X   a   4.114   5.448   7.871  g  -0.010   0.002  -0.002[0m
[1;32muart:~$ [m[8D[J[1;32muart:~$ [m[8D[J[00:05:09.236,000] [0m<inf> imu: ICM-42688-P  a   4.096   5.306   7.263  g   0.001  -0.005   0.000[0m
[1;32muart:~$ [m[8D[J[00:05:09.337,000] [0m<inf> imu: LSM6DS3TR-C  a   3.875   5.344   7.617  g   0.024  -0.061   0.014[0m
[1;32muart:~$ [m[8D[J[1;32muart:~$ [m[8D[J[00:05:09.338,000] [0m<inf> imu: LSM6DSV16X   a   4.103   5.416   7.877  g  -0.011   0.003  -0.003[0m
[1;32muart:~$ [m[8D[J[00:05:09.338,000] [0m<inf> imu: ICM-42688-P  a   4.079   5.271   7.278  g   0.000  -0.005   0.000[0m
[1;32muart:~$ [m[8D[J[00:05:09.439,000] [0m<inf> imu: LSM6DS3TR-C  a   3.860   5.361   7.594  g   0.025  -0.061   0.014[0m
[1;32muart:~$ [m[8D[J[00:05:09.440,000] [0m<inf> imu: LSM6DSV16X   a   4.117   5.460   7.887  g  -0.011   0.002  -0.002[0m
[1;32muart:~$ [m[8D[J[1;32muart:~$ [m[8D[J[00:05:09.440,000] [0m<inf> imu: ICM-42688-P  a   4.116   5.309   7.251  g   0.000  -0.004  -0.000[0m
[1;32muart:~$ [m[8D[J[1;32muart:~$ [m[8D[J[00:05:09.541,000] [0m<inf> imu: LSM6DS3TR-C  a   3.855   5.369   7.602  g   0.024  -0.065   0.014[0m
[1;32muart:~$ [m[8D[J[00:05:09.542,000] [0m<inf> imu: LSM6DSV16X   a   4.129   5.432   7.870  g  -0.012   0.002  -0.003[0m
[1;32muart:~$ [m[8D[J[1;32muart:~$ [m[8D[J[00:05:09.543,000] [0m<inf> imu: ICM-42688-P  a   4.117   5.290   7.266  g   0.000  -0.006   0.000[0m
[1;32muart:~$ [m[8D[J[00:05:09.644,000] [0m<inf> imu: LSM6DS3TR-C  a   3.823   5.364   7.591  g   0.025  -0.062   0.014[0m
[1;32muart:~$ [m[8D[J[1;32muart:~$ [m[8D[J[00:05:09.645,000] [0m<inf> imu: LSM6DSV16X   a   4.123   5.430   7.856  g  -0.011   0.003  -0.002[0m
[1;32muart:~$ [m[8D[J[00:05:09.645,000] [0m<inf> imu: ICM-42688-P  a   4.099   5.294   7.253  g  -0.001  -0.005   0.000[0m
[1;32muart:~$ [m[8D[J[1;32muart:~$ [m[8D[J[00:05:09.746,000] [0m<inf> imu: LSM6DS3TR-C  a   3.847   5.362   7.616  g   0.024  -0.064   0.014[0m
[1;32muart:~$ [m[8D[J[00:05:09.747,000] [0m<inf> imu: LSM6DSV16X   a   4.125   5.450   7.881  g  -0.011   0.002  -0.002[0m
[1;32muart:~$ [m[8D[J[1;32muart:~$ [m[8D[J[00:05:09.748,000] [0m<inf> imu: ICM-42688-P  a   4.112   5.304   7.272  g   0.000  -0.005   0.000[0m
[1;32muart:~$ [m[8D[J[00:05:09.849,000] [0m<inf> imu: LSM6DS3TR-C  a   3.904   5.294   7.602  g   0.024  -0.063   0.012[0m
[1;32muart:~$ [m[8D[J[00:05:09.849,000] [0m<inf> imu: LSM6DSV16X   a   4.132   5.434   7.870  g  -0.011   0.002  -0.002[0m
[1;32muart:~$ [m[8D[J[1;32muart:~$ [m[8D[J[00:05:09.850,000] [0m<inf> imu: ICM-42688-P  a   4.112   5.292   7.252  g   0.000  -0.005   0.001[0m
[1;32muart:~$ [m[8D[J[00:05:09.952,000] [0m<inf> imu: LSM6DS3TR-C  a   3.876   5.396   7.600  g   0.025  -0.064   0.013[0m
[1;32muart:~$ [m[8D[J[1;32muart:~$ [m[8D[J[00:05:09.953,000] [0m<inf> imu: LSM6DSV16X   a   4.129   5.441   7.879  g  -0.012   0.003  -0.003[0m
[1;32muart:~$ [m[8D[J[00:05:09.954,000] [0m<inf> imu: ICM-42688-P  a   4.110   5.304   7.260  g   0.000  -0.005   0.000[0m
[1;32muart:~$ [m[8D[J[00:05:10.055,000] [0m<inf> imu: LSM6DS3TR-C  a   3.823   5.387   7.580  g   0.026  -0.063   0.016[0m
[1;32muart:~$ [m[8D[J[1;32muart:~$ [m[8D[J[00:05:10.055,000] [0m<inf> imu: LSM6DSV16X   a   4.109   5.436   7.889  g  -0.012   0.002  -0.002[0m
[1;32muart:~$ [m[8D[J[00:05:10.056,000] [0m<inf> imu: ICM-42688-P  a   4.094   5.292   7.288  g  -0.001  -0.005   0.000[0m
[1;32muart:~$ [m[8D[J[00:05:10.157,000] [0m<inf> imu: LSM6DS3TR-C  a   3.876   5.361   7.572  g   0.024  -0.064   0.014[0m
[1;32muart:~$ [m[8D[J[00:05:10.157,000] [0m<inf> imu: LSM6DSV16X   a   4.137   5.448   7.860  g  -0.012   0.002  -0.003[0m
[1;32muart:~$ [m[8D[J[00:05:10.158,000] [0m<inf> imu: ICM-42688-P  a   4.114   5.307   7.229  g  -0.001  -0.005  -0.001[0m
[1;32muart:~$ [m[8D[J[1;32muart:~$ [m[8D[J[00:05:10.259,000] [0m<inf> imu: LSM6DS3TR-C  a   3.879   5.384   7.619  g   0.025  -0.064   0.013[0m
[1;32muart:~$ [m[8D[J[00:05:10.260,000] [0m<inf> imu: LSM6DSV16X   a   4.129   5.427   7.878  g  -0.012   0.002  -0.002[0m
[1;32muart:~$ [m[8D[J[1;32muart:~$ [m[8D[J[00:05:10.260,000] [0m<inf> imu: ICM-42688-P  a   4.108   5.276   7.277  g   0.000  -0.005   0.000[0m
[1;32muart:~$ [m[8D[J[00:05:10.362,000] [0m<inf> imu: LSM6DS3TR-C  a   3.899   5.404   7.610  g   0.024  -0.063   0.014[0m
[1;32muart:~$ [m[8D[J[1;32muart:~$ [m[8D[J[00:05:10.362,000] [0m<inf> imu: LSM6DSV16X   a   4.132   5.448   7.853  g  -0.012   0.001  -0.002[0m
[1;32muart:~$ [m[8D[J[00:05:10.363,000] [0m<inf> imu: ICM-42688-P  a   4.114   5.302   7.260  g  -0.002  -0.005   0.000[0m
[1;32muart:~$ [m[8D[J[1;32muart:~$ [m[8D[J[00:05:10.464,000] [0m<inf> imu: LSM6DS3TR-C  a   3.858   5.476   7.611  g   0.025  -0.062   0.014[0m
[1;32muart:~$ [m[8D[J[00:05:10.465,000] [0m<inf> imu: LSM6DSV16X   a   4.104   5.439   7.882  g  -0.011   0.001  -0.002[0m
[1;32muart:~$ [m[8D[J[1;32muart:~$ [m[8D[J[00:05:10.465,000] [0m<inf> imu: ICM-42688-P  a   4.093   5.301   7.278  g   0.000  -0.006  -0.000[0m
[1;32muart:~$ [m[8D[J[00:05:10.566,000] [0m<inf> imu: LSM6DS3TR-C  a   3.857   5.398   7.610  g   0.023  -0.061   0.012[0m
[1;32muart:~$ [m[8D[J[00:05:10.567,000] [0m<inf> imu: LSM6DSV16X   a   4.119   5.442   7.867  g  -0.011   0.002  -0.003[0m
[1;32muart:~$ [m[8D[J[1;32muart:~$ [m[8D[J[00:05:10.567,000] [0m<inf> imu: ICM-42688-P  a   4.104   5.303   7.252  g   0.001  -0.006  -0.000[0m
[1;32muart:~$ [m[8D[J[00:05:10.669,000] [0m<inf> imu: LSM6DS3TR-C  a   3.854   5.333   7.603  g   0.024  -0.061   0.015[0m
[1;32muart:~$ [m[8D[J[00:05:10.670,000] [0m<inf> imu: LSM6DSV16X   a   4.128   5.441   7.875  g  -0.011   0.002  -0.002[0m
[1;32muart:~$ [m[8D[J[1;32muart:~$ [m[8D[J[00:05:10.671,000] [0m<inf> imu: ICM-42688-P  a   4.116   5.289   7.265  g   0.000  -0.006   0.001[0m
[1;32muart:~$ [m[8D[J[00:05:10.772,000] [0m<inf> imu: LSM6DS3TR-C  a   3.838   5.276   7.579  g   0.023  -0.062   0.013[0m
[1;32muart:~$ [m[8D[J[1;32muart:~$ [m[8D[J[00:05:10.773,000] [0m<inf> imu: LSM6DSV16X   a   4.128   5.428   7.871  g  -0.011   0.002  -0.002[0m
[1;32muart:~$ [m[8D[J[00:05:10.773,000] [0m<inf> imu: ICM-42688-P  a   4.108   5.295   7.248  g   0.001  -0.005   0.001[0m
[1;32muart:~$ [m[8D[J[1;32muart:~$ [m[8D[J[00:05:10.875,000] [0m<inf> imu: LSM6DS3TR-C  a   3.831   5.426   7.618  g   0.024  -0.063   0.013[0m
[1;32muart:~$ [m[8D[J[00:05:10.876,000] [0m<inf> imu: LSM6DSV16X   a   4.122   5.453   7.877  g  -0.011   0.002  -0.002[0m
[1;32muart:~$ [m[8D[J[1;32muart:~$ [m[8D[J[00:05:10.876,000] [0m<inf> imu: ICM-42688-P  a   4.104   5.312   7.262  g  -0.001  -0.004   0.000[0m
[1;32muart:~$ [m[8D[J[00:05:10.978,000] [0m<inf> imu: LSM6DS3TR-C  a   3.848   5.320   7.615  g   0.024  -0.062   0.014[0m
[1;32muart:~$ [m[8D[J[00:05:10.978,000] [0m<inf> imu: LSM6DSV16X   a   4.111   5.427   7.881  g  -0.012   0.002  -0.002[0m
[1;32muart:~$ [m[8D[J[1;32muart:~$ [m[8D[J[00:05:10.979,000] [0m<inf> imu: ICM-42688-P  a   4.105   5.267   7.270  g  -0.001  -0.005   0.001[0m
[1;32muart:~$ [m[8D[J[00:05:11.080,000] [0m<inf> imu: LSM6DS3TR-C  a   3.870   5.359   7.615  g   0.024  -0.061   0.014[0m
[1;32muart:~$ [m[8D[J[00:05:11.081,000] [0m<inf> imu: LSM6DSV16X   a   4.135   5.455   7.869  g  -0.011   0.002  -0.003[0m
[1;32muart:~$ [m[8D[J[1;32muart:~$ [m[8D[J[00:05:11.081,000] [0m<inf> imu: ICM-42688-P  a   4.120   5.307   7.268  g  -0.001  -0.005   0.000[0m
[1;32muart:~$ [m[8D[J[00:05:11.182,000] [0m<inf> imu: LSM6DS3TR-C  a   3.810   5.375   7.595  g   0.025  -0.063   0.013[0m
[1;32muart:~$ [m[8D[J[00:05:11.183,000] [0m<inf> imu: LSM6DSV16X   a   4.108   5.422   7.868  g  -0.012   0.002  -0.002[0m
[1;32muart:~$ [m[8D[J[1;32muart:~$ [m[8D[J[00:05:11.183,000] [0m<inf> imu: ICM-42688-P  a   4.087   5.285   7.262  g   0.000  -0.005   0.001[0m
[1;32muart:~$ [m[8D[J[00:05:11.284,000] [0m<inf> imu: LSM6DS3TR-C  a   3.878   5.337   7.587  g   0.024  -0.064   0.013[0m
[1;32muart:~$ [m[8D[J[00:05:11.285,000] [0m<inf> imu: LSM6DSV16X   a   4.111   5.442   7.877  g  -0.011   0.002  -0.002[0m
[1;32muart:~$ [m[8D[J[1;32muart:~$ [m[8D[J[00:05:11.286,000] [0m<inf> imu: ICM-42688-P  a   4.095   5.308   7.268  g  -0.001  -0.004  -0.001[0m
[1;32muart:~$ [m[8D[J[00:05:11.387,000] [0m<inf> imu: LSM6DS3TR-C  a   3.866   5.410   7.560  g   0.024  -0.063   0.013[0m
[1;32muart:~$ [m[8D[J[1;32muart:~$ [m[8D[J[00:05:11.387,000] [0m<inf> imu: LSM6DSV16X   a   4.125   5.446   7.868  g  -0.011   0.003  -0.002[0m
[1;32muart:~$ [m[8D[J[00:05:11.388,000] [0m<inf> imu: ICM-42688-P  a   4.104   5.302   7.253  g  -0.001  -0.004  -0.001[0m
[1;32muart:~$ [m[8D[J[1;32muart:~$ [m[8D[J[00:05:11.490,000] [0m<inf> imu: LSM6DS3TR-C  a   3.837   5.366   7.605  g   0.024  -0.064   0.013[0m
[1;32muart:~$ [m[8D[J[00:05:11.491,000] [0m<inf> imu: LSM6DSV16X   a   4.123   5.429   7.869  g  -0.011   0.003  -0.002[0m
[1;32muart:~$ [m[8D[J[1;32muart:~$ [m[8D[J[00:05:11.491,000] [0m<inf> imu: ICM-42688-P  a   4.108   5.284   7.264  g   0.000  -0.004   0.001[0m
[1;32muart:~$ [m[8D[J[00:05:11.593,000] [0m<inf> imu: LSM6DS3TR-C  a   3.842   5.352   7.594  g   0.024  -0.063   0.014[0m
[1;32muart:~$ [m[8D[J[1;32muart:~$ [m[8D[J[00:05:11.593,000] [0m<inf> imu: LSM6DSV16X   a   4.116   5.457   7.882  g  -0.012   0.001  -0.002[0m
[1;32muart:~$ [m[8D[J[00:05:11.594,000] [0m<inf> imu: ICM-42688-P  a   4.093   5.309   7.264  g  -0.001  -0.006   0.001[0m
[1;32muart:~$ [m[8D[J[1;32muart:~$ [m[8D[J[00:05:11.695,000] [0m<inf> imu: LSM6DS3TR-C  a   3.818   5.386   7.615  g   0.026  -0.063   0.016[0m
[1;32muart:~$ [m[8D[J[00:05:11.696,000] [0m<inf> imu: LSM6DSV16X   a   4.113   5.437   7.868  g  -0.011   0.002  -0.003[0m
[1;32muart:~$ [m[8D[J[1;32muart:~$ [m[8D[J[00:05:11.696,000] [0m<inf> imu: ICM-42688-P  a   4.104   5.291   7.264  g  -0.000  -0.005  -0.001[0m
[1;32muart:~$ [m[8D[J[00:05:11.797,000] [0m<inf> imu: LSM6DS3TR-C  a   3.868   5.377   7.597  g   0.024  -0.062   0.014[0m
[1;32muart:~$ [m[8D[J[00:05:11.798,000] [0m<inf> imu: LSM6DSV16X   a   4.132   5.432   7.865  g  -0.012   0.002  -0.002[0m
[1;32muart:~$ [m[8D[J[1;32muart:~$ [m[8D[J[00:05:11.798,000] [0m<inf> imu: ICM-42688-P  a   4.104   5.290   7.257  g  -0.001  -0.005   0.000[0m
[1;32muart:~$ [m[8D[J[00:05:11.900,000] [0m<inf> imu: LSM6DS3TR-C  a   3.861   5.331   7.594  g   0.024  -0.062   0.014[0m
[1;32muart:~$ [m[8D[J[00:05:11.901,000] [0m<inf> imu: LSM6DSV16X   a   4.113   5.432   7.867  g  -0.011   0.002  -0.003[0m
[1;32muart:~$ [m[8D[J[1;32muart:~$ [m[8D[J[00:05:11.902,000] [0m<inf> imu: ICM-42688-P  a   4.102   5.304   7.251  g   0.000  -0.005   0.000[0m
[1;32muart:~$ [m[8D[J[00:05:12.003,000] [0m<inf> imu: LSM6DS3TR-C  a   3.888   5.349   7.635  g   0.024  -0.063   0.014[0m
[1;32muart:~$ [m[8D[J[1;32muart:~$ [m[8D[J[00:05:12.004,000] [0m<inf> imu: LSM6DSV16X   a   4.116   5.445   7.885  g  -0.012   0.002  -0.002[0m
[1;32muart:~$ [m[8D[J[00:05:12.004,000] [0m<inf> imu: ICM-42688-P  a   4.085   5.308   7.281  g   0.001  -0.004   0.000[0m
[1;32muart:~$ [m[8D[J[1;32muart:~$ [m[8D[J[00:05:12.105,000] [0m<inf> imu: LSM6DS3TR-C  a   3.860   5.365   7.634  g   0.025  -0.061   0.014[0m
[1;32muart:~$ [m[8D[J[00:05:12.106,000] [0m<inf> imu: LSM6DSV16X   a   4.116   5.446   7.866  g  -0.011   0.002  -0.002[0m
[1;32muart:~$ [m[8D[J[1;32muart:~$ [m[8D[J[00:05:12.107,000] [0m<inf> imu: ICM-42688-P  a   4.094   5.309   7.254  g   0.000  -0.004   0.001[0m
[1;32muart:~$ [m[8D[J[00:05:12.208,000] [0m<inf> imu: LSM6DS3TR-C  a   3.841   5.343   7.613  g   0.025  -0.064   0.013[0m
[1;32muart:~$ [m[8D[J[1;32muart:~$ [m[8D[J[00:05:12.209,000] [0m<inf> imu: LSM6DSV16X   a   4.116   5.439   7.880  g  -0.011   0.002  -0.002[0m
[1;32muart:~$ [m[8D[J[00:05:12.209,000] [0m<inf> imu: ICM-42688-P  a   4.092   5.303   7.283  g   0.000  -0.005   0.001[0m
[1;32muart:~$ [m[8D[J[1;32muart:~$ [m[8D[J[00:05:12.310,000] [0m<inf> imu: LSM6DS3TR-C  a   3.837   5.375   7.604  g   0.023  -0.063   0.013[0m
[1;32muart:~$ [m[8D[J[00:05:12.311,000] [0m<inf> imu: LSM6DSV16X   a   4.132   5.448   7.860  g  -0.011   0.002  -0.002[0m
[1;32muart:~$ [m[8D[J[1;32muart:~$ [m[8D[J[00:05:12.312,000] [0m<inf> imu: ICM-42688-P  a   4.106   5.292   7.259  g   0.000  -0.005  -0.001[0m
[1;32muart:~$ [m[8D[J[00:05:12.413,000] [0m<inf> imu: LSM6DS3TR-C  a   3.885   5.390   7.628  g   0.026  -0.063   0.014[0m
[1;32muart:~$ [m[8D[J[00:05:12.413,000] [0m<inf> imu: LSM6DSV16X   a   4.123   5.441   7.887  g  -0.011   0.002  -0.002[0m
[1;32muart:~$ [m[8D[J[1;32muart:~$ [m[8D[J[00:05:12.414,000] [0m<inf> imu: ICM-42688-P  a   4.101   5.309   7.281  g   0.001  -0.005  -0.001[0m
[1;32muart:~$ [m[8D[J[00:05:12.516,000] [0m<inf> imu: LSM6DS3TR-C  a   3.869   5.374   7.620  g   0.024  -0.063   0.013[0m
[1;32muart:~$ [m[8D[J[00:05:12.517,000] [0m<inf> imu: LSM6DSV16X   a   4.132   5.434   7.854  g  -0.012   0.003  -0.003[0m
[1;32muart:~$ [m[8D[J[1;32muart:~$ [m[8D[J[00:05:12.517,000] [0m<inf> imu: ICM-42688-P  a   4.108   5.295   7.248  g   0.000  -0.005  -0.001[0m
[1;32muart:~$ [m[8D[J[00:05:12.618,000] [0m<inf> imu: LSM6DS3TR-C  a   3.866   5.376   7.606  g   0.024  -0.063   0.013[0m
[1;32muart:~$ [m[8D[J[1;32muart:~$ [m[8D[J[00:05:12.619,000] [0m<inf> imu: LSM6DSV16X   a   4.143   5.448   7.861  g  -0.011   0.002  -0.002[0m
[1;32muart:~$ [m[8D[J[00:05:12.620,000] [0m<inf> imu: ICM-42688-P  a   4.116   5.303   7.254  g   0.000  -0.004   0.000[0m
[1;32muart:~$ [m[8D[J[00:05:12.721,000] [0m<inf> imu: LSM6DS3TR-C  a   3.869   5.368   7.613  g   0.024  -0.062   0.015[0m
[1;32muart:~$ [m[8D[J[00:05:12.721,000] [0m<inf> imu: LSM6DSV16X   a   4.116   5.436   7.878  g  -0.011   0.003  -0.002[0m
[1;32muart:~$ [m[8D[J[1;32muart:~$ [m[8D[J[00:05:12.722,000] [0m<inf> imu: ICM-42688-P  a   4.107   5.288   7.262  g  -0.001  -0.005   0.001[0m
[1;32muart:~$ [m[8D[J[1;32muart:~$ [m[8D[J[00:05:12.823,000] [0m<inf> imu: LSM6DS3TR-C  a   3.862   5.387   7.595  g   0.023  -0.062   0.013[0m
[1;32muart:~$ [m[8D[J[00:05:12.824,000] [0m<inf> imu: LSM6DSV16X   a   4.118   5.460   7.872  g  -0.012   0.003  -0.002[0m
[1;32muart:~$ [m[8D[J[1;32muart:~$ [m[8D[J[00:05:12.824,000] [0m<inf> imu: ICM-42688-P  a   4.093   5.316   7.277  g  -0.001  -0.005  -0.000[0m
[1;32muart:~$ [m[8D[J[00:05:12.925,000] [0m<inf> imu: LSM6DS3TR-C  a   3.837   5.382   7.633  g   0.024  -0.062   0.012[0m
[1;32muart:~$ [m[8D[J[1;32muart:~$ [m[8D[J[00:05:12.926,000] [0m<inf> imu: LSM6DSV16X   a   4.120   5.428   7.881  g  -0.011   0.002  -0.002[0m
[1;32muart:~$ [m[8D[J[00:05:12.927,000] [0m<inf> imu: ICM-42688-P  a   4.098   5.279   7.265  g  -0.000  -0.005   0.000[0m
[1;32muart:~$ [m[8D[J[1;32muart:~$ [m[8D[J[00:05:13.028,000] [0m<inf> imu: LSM6DS3TR-C  a   3.826   5.365   7.595  g   0.025  -0.064   0.011[0m
[1;32muart:~$ [m[8D[J[00:05:13.028,000] [0m<inf> imu: LSM6DSV16X   a   4.123   5.441   7.867  g  -0.012   0.002  -0.002[0m
[1;32muart:~$ [m[8D[J[1;32muart:~$ [m[8D[J[00:05:13.029,000] [0m<inf> imu: ICM-42688-P  a   4.118   5.316   7.262  g   0.000  -0.006   0.000[0m
[1;32muart:~$ [m[8D[J[00:05:13.130,000] [0m<inf> imu: LSM6DS3TR-C  a   3.848   5.350   7.652  g   0.023  -0.062   0.013[0m
[1;32muart:~$ [m[8D[J[00:05:13.131,000] [0m<inf> imu: LSM6DSV16X   a   4.116   5.436   7.860  g  -0.010   0.003  -0.002[0m
[1;32muart:~$ [m[8D[J[1;32muart:~$ [m[8D[J[00:05:13.131,000] [0m<inf> imu: ICM-42688-P  a   4.104   5.300   7.268  g  -0.000  -0.005  -0.000[0m
[1;32muart:~$ [m[8D[J[00:05:13.233,000] [0m<inf> imu: LSM6DS3TR-C  a   3.851   5.358   7.614  g   0.025  -0.061   0.016[0m
[1;32muart:~$ [m[8D[J[1;32muart:~$ [m[8D[J[00:05:13.234,000] [0m<inf> imu: LSM6DSV16X   a   4.116   5.438   7.877  g  -0.013   0.002  -0.002[0m
[1;32muart:~$ [m[8D[J[00:05:13.235,000] [0m<inf> imu: ICM-42688-P  a   4.101   5.306   7.272  g  -0.000  -0.005   0.000[0m
[1;32muart:~$ [m[8D[J[00:05:13.336,000] [0m<inf> imu: LSM6DS3TR-C  a   3.860   5.385   7.603  g   0.025  -0.062   0.014[0m
[1;32muart:~$ [m[8D[J[1;32muart:~$ [m[8D[J[00:05:13.336,000] [0m<inf> imu: LSM6DSV16X   a   4.125   5.446   7.865  g  -0.012   0.002  -0.003[0m
[1;32muart:~$ [m[8D[J[00:05:13.337,000] [0m<inf> imu: ICM-42688-P  a   4.112   5.295   7.257  g   0.000  -0.004   0.000[0m
[1;32muart:~$ [m[8D[J[00:05:13.438,000] [0m<inf> imu: LSM6DS3TR-C  a   3.863   5.338   7.603  g   0.026  -0.062   0.013[0m
[1;32muart:~$ [m[8D[J[00:05:13.439,000] [0m<inf> imu: LSM6DSV16X   a   4.111   5.435   7.875  g  -0.012   0.002  -0.002[0m
[1;32muart:~$ [m[8D[J[1;32muart:~$ [m[8D[J[00:05:13.439,000] [0m<inf> imu: ICM-42688-P  a   4.105   5.296   7.284  g  -0.001  -0.005   0.001[0m
[1;32muart:~$ [m[8D[J[1;32muart:~$ [m[8D[J[00:05:13.540,000] [0m<inf> imu: LSM6DS3TR-C  a   3.841   5.374   7.574  g   0.025  -0.063   0.015[0m
[1;32muart:~$ [m[8D[J[00:05:13.541,000] [0m<inf> imu: LSM6DSV16X   a   4.116   5.448   7.868  g  -0.011   0.002  -0.002[0m
[1;32muart:~$ [m[8D[J[1;32muart:~$ [m[8D[J[00:05:13.541,000] [0m<inf> imu: ICM-42688-P  a   4.107   5.307   7.270  g   0.000  -0.006   0.001[0m
[1;32muart:~$ [m[8D[J[00:05:13.643,000] [0m<inf> imu: LSM6DS3TR-C  a   3.856   5.336   7.601  g   0.026  -0.062   0.014[0m
[1;32muart:~$ [m[8D[J[1;32muart:~$ [m[8D[J[00:05:13.643,000] [0m<inf> imu: LSM6DSV16X   a   4.126   5.434   7.874  g  -0.010   0.002  -0.003[0m
[1;32muart:~$ [m[8D[J[00:05:13.644,000] [0m<inf> imu: ICM-42688-P  a   4.100   5.297   7.274  g   0.000  -0.005   0.000[0m
[1;32muart:~$ [m[8D[J[1;32muart:~$ [m[8D[J[00:05:13.745,000] [0m<inf> imu: LSM6DS3TR-C  a   3.857   5.359   7.603  g   0.024  -0.063   0.013[0m
[1;32muart:~$ [m[8D[J[00:05:13.746,000] [0m<inf> imu: LSM6DSV16X   a   4.117   5.441   7.879  g  -0.011   0.001  -0.002[0m
[1;32muart:~$ [m[8D[J[1;32muart:~$ [m[8D[J[00:05:13.746,000] [0m<inf> imu: ICM-42688-P  a   4.095   5.298   7.274  g   0.000  -0.004   0.001[0m
[1;32muart:~$ [m[8D[J[00:05:13.847,000] [0m<inf> imu: LSM6DS3TR-C  a   3.860   5.415   7.569  g   0.026  -0.063   0.013[0m
[1;32muart:~$ [m[8D[J[00:05:13.848,000] [0m<inf> imu: LSM6DSV16X   a   4.126   5.436   7.862  g  -0.011   0.002  -0.002[0m
[1;32muart:~$ [m[8D[J[1;32muart:~$ [m[8D[J[00:05:13.848,000] [0m<inf> imu: ICM-42688-P  a   4.104   5.296   7.260  g   0.001  -0.005   0.000[0m
[1;32muart:~$ [m[8D[J[00:05:13.949,000] [0m<inf> imu: LSM6DS3TR-C  a   3.815   5.401   7.588  g   0.025  -0.063   0.015[0m
[1;32muart:~$ [m[8D[J[00:05:13.950,000] [0m<inf> imu: LSM6DSV16X   a   4.098   5.431   7.873  g  -0.011   0.002  -0.002[0m
[1;32muart:~$ [m[8D[J[1;32muart:~$ [m[8D[J[00:05:13.951,000] [0m<inf> imu: ICM-42688-P  a   4.075   5.298   7.272  g  -0.000  -0.006   0.000[0m
[1;32muart:~$ [m[8D[J[00:05:14.052,000] [0m<inf> imu: LSM6DS3TR-C  a   3.849   5.395   7.585  g   0.023  -0.061   0.016[0m
[1;32muart:~$ [m[8D[J[1;32muart:~$ [m[8D[J[00:05:14.053,000] [0m<inf> imu: LSM6DSV16X   a   4.132   5.457   7.858  g  -0.011   0.003  -0.003[0m
[1;32muart:~$ [m[8D[J[00:05:14.053,000] [0m<inf> imu: ICM-42688-P  a   4.116   5.314   7.256  g  -0.000  -0.005  -0.000[0m
[1;32muart:~$ [m[8D[J[00:05:14.154,000] [0m<inf> imu: LSM6DS3TR-C  a   3.901   5.354   7.544  g   0.026  -0.064   0.014[0m
[1;32muart:~$ [m[8D[J[00:05:14.155,000] [0m<inf> imu: LSM6DSV16X   a   4.139   5.441   7.870  g  -0.012   0.002  -0.002[0m
[1;32muart:~$ [m[8D[J[1;32muart:~$ [m[8D[J[00:05:14.156,000] [0m<inf> imu: ICM-42688-P  a   4.125   5.279   7.260  g   0.000  -0.005   0.000[0m
[1;32muart:~$ [m[8D[J[1;32muart:~$ [m[8D[J[00:05:14.257,000] [0m<inf> imu: LSM6DS3TR-C  a   3.853   5.337   7.592  g   0.025  -0.062   0.012[0m
[1;32muart:~$ [m[8D[J[00:05:14.257,000] [0m<inf> imu: LSM6DSV16X   a   4.120   5.426   7.858  g  -0.012   0.002  -0.002[0m
[1;32muart:~$ [m[8D[J[1;32muart:~$ [m[8D[J[00:05:14.258,000] [0m<inf> imu: ICM-42688-P  a   4.094   5.285   7.254  g  -0.001  -0.005   0.001[0m
[1;32muart:~$ [m[8D[J[00:05:14.359,000] [0m<inf> imu: LSM6DS3TR-C  a   3.840   5.367   7.572  g   0.026  -0.061   0.015[0m
[1;32muart:~$ [m[8D[J[1;32muart:~$ [m[8D[J[00:05:14.360,000] [0m<inf> imu: LSM6DSV16X   a   4.118   5.461   7.878  g  -0.010   0.002  -0.002[0m
[1;32muart:~$ [m[8D[J[00:05:14.360,000] [0m<inf> imu: ICM-42688-P  a   4.099   5.308   7.275  g   0.000  -0.005  -0.001[0m
[1;32muart:~$ [m[8D[J[1;32muart:~$ [m[8D[J[00:05:14.461,000] [0m<inf> imu: LSM6DS3TR-C  a   3.864   5.352   7.586  g   0.024  -0.062   0.015[0m
[1;32muart:~$ [m[8D[J[00:05:14.462,000] [0m<inf> imu: LSM6DSV16X   a   4.106   5.425   7.870  g  -0.012   0.002  -0.002[0m
[1;32muart:~$ [m[8D[J[1;32muart:~$ [m[8D[J[00:05:14.462,000] [0m<inf> imu: ICM-42688-P  a   4.092   5.286   7.254  g  -0.001  -0.005   0.000[0m
[1;32muart:~$ [m[8D[J[00:05:14.563,000] [0m<inf> imu: LSM6DS3TR-C  a   3.850   5.379   7.561  g   0.025  -0.062   0.014[0m
[1;32muart:~$ [m[8D[J[00:05:14.564,000] [0m<inf> imu: LSM6DSV16X   a   4.130   5.446   7.872  g  -0.011   0.002  -0.003[0m
[1;32muart:~$ [m[8D[J[1;32muart:~$ [m[8D[J[00:05:14.565,000] [0m<inf> imu: ICM-42688-P  a   4.134   5.301   7.263  g   0.000  -0.005   0.000[0m
[1;32muart:~$ [m[8D[J[00:05:14.666,000] [0m<inf> imu: LSM6DS3TR-C  a   3.848   5.349   7.548  g   0.024  -0.062   0.015[0m
[1;32muart:~$ [m[8D[J[1;32muart:~$ [m[8D[J[00:05:14.667,000] [0m<inf> imu: LSM6DSV16X   a   4.119   5.441   7.872  g  -0.012   0.002  -0.002[0m
[1;32muart:~$ [m[8D[J[00:05:14.668,000] [0m<inf> imu: ICM-42688-P  a   4.098   5.294   7.259  g  -0.001  -0.005  -0.000[0m
[1;32muart:~$ [m[8D[J[00:05:14.769,000] [0m<inf> imu: LSM6DS3TR-C  a   3.830   5.376   7.614  g   0.024  -0.060   0.012[0m
[1;32muart:~$ [m[8D[J[1;32muart:~$ [m[8D[J[00:05:14.770,000] [0m<inf> imu: LSM6DSV16X   a   4.110   5.444   7.880  g  -0.011   0.002  -0.002[0m
[1;32muart:~$ [m[8D[J[00:05:14.770,000] [0m<inf> imu: ICM-42688-P  a   4.100   5.306   7.271  g  -0.001  -0.006  -0.001[0m
[1;32muart:~$ [m[8D[J[00:05:14.871,000] [0m<inf> imu: LSM6DS3TR-C  a   3.852   5.337   7.597  g   0.026  -0.064   0.012[0m
[1;32muart:~$ [m[8D[J[00:05:14.872,000] [0m<inf> imu: LSM6DSV16X   a   4.116   5.427   7.865  g  -0.010   0.002  -0.002[0m
[1;32muart:~$ [m[8D[J[1;32muart:~$ [m[8D[J[00:05:14.873,000] [0m<inf> imu: ICM-42688-P  a   4.100   5.284   7.248  g   0.000  -0.005   0.000[0m
[1;32muart:~$ [m[8D[J[1;32muart:~$ [m[8D[J[00:05:14.974,000] [0m<inf> imu: LSM6DS3TR-C  a   3.834   5.369   7.601  g   0.024  -0.061   0.013[0m
[1;32muart:~$ [m[8D[J[00:05:14.974,000] [0m<inf> imu: LSM6DSV16X   a   4.118   5.436   7.868  g  -0.011   0.002  -0.002[0m
[1;32muart:~$ [m[8D[J[1;32muart:~$ [m[8D[J[00:05:14.975,000] [0m<inf> imu: ICM-42688-P  a   4.089   5.291   7.259  g   0.000  -0.004  -0.001[0m
[1;32muart:~$ [m[8D[J[00:05:15.076,000] [0m<inf> imu: LSM6DS3TR-C  a   3.897   5.329   7.566  g   0.022  -0.061   0.012[0m
[1;32muart:~$ [m[8D[J[1;32muart:~$ [m[8D[J[00:05:15.077,000] [0m<inf> imu: LSM6DSV16X   a   4.123   5.430   7.863  g  -0.011   0.002  -0.002[0m
[1;32muart:~$ [m[8D[J[00:05:15.077,000] [0m<inf> imu: ICM-42688-P  a   4.093   5.303   7.280  g  -0.001  -0.005   0.000[0m
[1;32muart:~$ [m[8D[J[1;32muart:~$ [m[8D[J[00:05:15.178,000] [0m<inf> imu: LSM6DS3TR-C  a   3.854   5.370   7.570  g   0.025  -0.062   0.014[0m
[1;32muart:~$ [m[8D[J[00:05:15.179,000] [0m<inf> imu: LSM6DSV16X   a   4.122   5.451   7.875  g  -0.011   0.003  -0.002[0m
[1;32muart:~$ [m[8D[J[1;32muart:~$ [m[8D[J[00:05:15.179,000] [0m<inf> imu: ICM-42688-P  a   4.098   5.297   7.254  g   0.001  -0.005   0.000[0m
[1;32muart:~$ [m[8D[J[00:05:15.281,000] [0m<inf> imu: LSM6DS3TR-C  a   3.833   5.380   7.603  g   0.022  -0.064   0.011[0m
[1;32muart:~$ [m[8D[J[00:05:15.281,000] [0m<inf> imu: LSM6DSV16X   a   4.123   5.441   7.879  g  -0.012   0.002  -0.002[0m
[1;32muart:~$ [m[8D[J[1;32muart:~$ [m[8D[J[00:05:15.282,000] [0m<inf> imu: ICM-42688-P  a   4.104   5.295   7.266  g  -0.000  -0.005  -0.001[0m
[1;32muart:~$ [m[8D[J[00:05:15.384,000] [0m<inf> imu: LSM6DS3TR-C  a   3.843   5.337   7.537  g   0.026  -0.062   0.014[0m
[1;32muart:~$ [m[8D[J[00:05:15.385,000] [0m<inf> imu: LSM6DSV16X   a   4.127   5.444   7.875  g  -0.010   0.001  -0.002[0m
[1;32muart:~$ [m[8D[J[1;32muart:~$ [m[8D[J[00:05:15.385,000] [0m<inf> imu: ICM-42688-P  a   4.101   5.302   7.266  g  -0.001  -0.005  -0.000[0m
[1;32muart:~$ [m[8D[J[00:05:15.487,000] [0m<inf> imu: LSM6DS3TR-C  a   3.829   5.393   7.594  g   0.024  -0.062   0.016[0m
[1;32muart:~$ [m[8D[J[1;32muart:~$ [m[8D[J[00:05:15.487,000] [0m<inf> imu: LSM6DSV16X   a   4.127   5.436   7.868  g  -0.012   0.001  -0.002[0m
[1;32muart:~$ [m[8D[J[00:05:15.488,000] [0m<inf> imu: ICM-42688-P  a   4.106   5.296   7.251  g   0.000  -0.005   0.000[0m
[1;32muart:~$ [m[8D[J[1;32muart:~$ [m[8D[J[00:05:15.589,000] [0m<inf> imu: LSM6DS3TR-C  a   3.841   5.358   7.627  g   0.024  -0.062   0.014[0m
[1;32muart:~$ [m[8D[J[00:05:15.591,000] [0m<inf> imu: LSM6DSV16X   a   4.122   5.432   7.872  g  -0.012   0.002  -0.002[0m
[1;32muart:~$ [m[8D[J[1;32muart:~$ [m[8D[J[00:05:15.591,000] [0m<inf> imu: ICM-42688-P  a   4.100   5.282   7.260  g  -0.001  -0.005   0.000[0m
[1;32muart:~$ [m[8D[J[00:05:15.692,000] [0m<inf> imu: LSM6DS3TR-C  a   3.852   5.411   7.587  g   0.024  -0.062   0.014[0m
[1;32muart:~$ [m[8D[J[1;32muart:~$ [m[8D[J[00:05:15.693,000] [0m<inf> imu: LSM6DSV16X   a   4.117   5.441   7.870  g  -0.011   0.002  -0.002[0m
[1;32muart:~$ [m[8D[J[00:05:15.694,000] [0m<inf> imu: ICM-42688-P  a   4.106   5.294   7.260  g   0.000  -0.005  -0.001[0m
[1;32muart:~$ [m[8D[J[1;32muart:~$ [m[8D[J[00:05:15.795,000] [0m<inf> imu: LSM6DS3TR-C  a   3.863   5.356   7.563  g   0.024  -0.063   0.013[0m
[1;32muart:~$ [m[8D[J[00:05:15.795,000] [0m<inf> imu: LSM6DSV16X   a   4.120   5.446   7.884  g  -0.011   0.002  -0.002[0m
[1;32muart:~$ [m[8D[J[1;32muart:~$ [m[8D[J[00:05:15.796,000] [0m<inf> imu: ICM-42688-P  a   4.094   5.312   7.264  g  -0.000  -0.004  -0.000[0m
[1;32muart:~$ [m[8D[J[00:05:15.897,000] [0m<inf> imu: LSM6DS3TR-C  a   3.843   5.340   7.576  g   0.023  -0.062   0.014[0m
[1;32muart:~$ [m[8D[J[00:05:15.898,000] [0m<inf> imu: LSM6DSV16X   a   4.115   5.447   7.880  g  -0.011   0.002  -0.002[0m
[1;32muart:~$ [m[8D[J[1;32muart:~$ [m[8D[J[00:05:15.898,000] [0m<inf> imu: ICM-42688-P  a   4.108   5.301   7.254  g   0.000  -0.004  -0.000[0m
[1;32muart:~$ [m[8D[J[00:05:16.000,000] [0m<inf> imu: LSM6DS3TR-C  a   3.840   5.344   7.579  g   0.024  -0.062   0.015[0m
[1;32muart:~$ [m[8D[J[1;32muart:~$ [m[8D[J[00:05:16.001,000] [0m<inf> imu: LSM6DSV16X   a   4.119   5.434   7.871  g  -0.012   0.002  -0.002[0m
[1;32muart:~$ [m[8D[J[00:05:16.002,000] [0m<inf> imu: ICM-42688-P  a   4.106   5.298   7.278  g  -0.001  -0.005  -0.001[0m
[1;32muart:~$ [m[8D[J[00:05:16.103,000] [0m<inf> imu: LSM6DS3TR-C  a   3.833   5.375   7.564  g   0.023  -0.063   0.013[0m
[1;32muart:~$ [m[8D[J[1;32muart:~$ [m[8D[J[00:05:16.104,000] [0m<inf> imu: LSM6DSV16X   a   4.128   5.434   7.865  g  -0.011   0.004  -0.002[0m
[1;32muart:~$ [m[8D[J[00:05:16.104,000] [0m<inf> imu: ICM-42688-P  a   4.116   5.292   7.272  g   0.000  -0.005  -0.001[0m
[1;32muart:~$ [m[8D[J[00:05:16.205,000] [0m<inf> imu: LSM6DS3TR-C  a   3.824   5.362   7.577  g   0.024  -0.063   0.013[0m
[1;32muart:~$ [m[8D[J[00:05:16.206,000] [0m<inf> imu: LSM6DSV16X   a   4.110   5.429   7.877  g  -0.012   0.002  -0.002[0m
[1;32muart:~$ [m[8D[J[1;32muart:~$ [m[8D[J[00:05:16.207,000] [0m<inf> imu: ICM-42688-P  a   4.080   5.297   7.266  g  -0.001  -0.005   0.000[0m
[1;32muart:~$ [m[8D[J[1;32muart:~$ [m[8D[J[00:05:16.308,000] [0m<inf> imu: LSM6DS3TR-C  a   3.862   5.377   7.568  g   0.025  -0.064   0.013[0m
[1;32muart:~$ [m[8D[J[00:05:16.308,000] [0m<inf> imu: LSM6DSV16X   a   4.113   5.445   7.875  g  -0.011   0.002  -0.002[0m
[1;32muart:~$ [m[8D[J[1;32muart:~$ [m[8D[J[00:05:16.309,000] [0m<inf> imu: ICM-42688-P  a   4.093   5.298   7.259  g  -0.001  -0.004   0.000[0m
[1;32muart:~$ [m[8D[J[00:05:16.410,000] [0m<inf> imu: LSM6DS3TR-C  a   3.851   5.362   7.553  g   0.024  -0.062   0.015[0m
[1;32muart:~$ [m[8D[J[1;32muart:~$ [m[8D[J[00:05:16.411,000] [0m<inf> imu: LSM6DSV16X   a   4.123   5.441   7.870  g  -0.012   0.003  -0.002[0m
[1;32muart:~$ [m[8D[J[00:05:16.411,000] [0m<inf> imu: ICM-42688-P  a   4.106   5.300   7.269  g  -0.001  -0.006   0.000[0m
[1;32muart:~$ [m[8D[J[1;32muart:~$ [m[8D[J[00:05:16.512,000] [0m<inf> imu: LSM6DS3TR-C  a   3.863   5.396   7.592  g   0.026  -0.062   0.013[0m
[1;32muart:~$ [m[8D[J[00:05:16.513,000] [0m<inf> imu: LSM6DSV16X   a   4.120   5.446   7.871  g  -0.011   0.003  -0.003[0m
[1;32muart:~$ [m[8D[J[1;32muart:~$ [m[8D[J[00:05:16.513,000] [0m<inf> imu: ICM-42688-P  a   4.100   5.292   7.254  g  -0.001  -0.005  -0.001[0m
[1;32muart:~$ [m[8D[J[00:05:16.614,000] [0m<inf> imu: LSM6DS3TR-C  a   3.862   5.386   7.576  g   0.025  -0.062   0.013[0m
[1;32muart:~$ [m[8D[J[00:05:16.615,000] [0m<inf> imu: LSM6DSV16X   a   4.130   5.441   7.877  g  -0.012   0.002  -0.002[0m
[1;32muart:~$ [m[8D[J[1;32muart:~$ [m[8D[J[00:05:16.616,000] [0m<inf> imu: ICM-42688-P  a   4.107   5.292   7.281  g  -0.000  -0.005  -0.001[0m
[1;32muart:~$ [m[8D[J[00:05:16.718,000] [0m<inf> imu: LSM6DS3TR-C  a   3.875   5.368   7.566  g   0.025  -0.063   0.013[0m
[1;32muart:~$ [m[8D[J[1;32muart:~$ [m[8D[J[00:05:16.718,000] [0m<inf> imu: LSM6DSV16X   a   4.130   5.443   7.853  g  -0.011   0.001  -0.002[0m
[1;32muart:~$ [m[8D[J[00:05:16.719,000] [0m<inf> imu: ICM-42688-P  a   4.104   5.309   7.266  g   0.000  -0.005   0.001[0m
[1;32muart:~$ [m[8D[J[1;32muart:~$ [m[8D[J[00:05:16.820,000] [0m<inf> imu: LSM6DS3TR-C  a   3.882   5.365   7.518  g   0.025  -0.062   0.014[0m
[1;32muart:~$ [m[8D[J[00:05:16.821,000] [0m<inf> imu: LSM6DSV16X   a   4.140   5.425   7.863  g  -0.012   0.002  -0.002[0m
[1;32muart:~$ [m[8D[J[00:05:16.821,000] [0m<inf> imu: ICM-42688-P  a   4.117   5.270   7.263  g  -0.000  -0.005   0.000[0m
[1;32muart:~$ [m[8D[J[1;32muart:~$ [m[8D[J[00:05:16.923,000] [0m<inf> imu: LSM6DS3TR-C  a   3.840   5.390   7.595  g   0.024  -0.062   0.013[0m
[1;32muart:~$ [m[8D[J[00:05:16.924,000] [0m<inf> imu: LSM6DSV16X   a   4.117   5.456   7.870  g  -0.011   0.002  -0.002[0m
[1;32muart:~$ [m[8D[J[1;32muart:~$ [m[8D[J[00:05:16.925,000] [0m<inf> imu: ICM-42688-P  a   4.096   5.308   7.280  g  -0.001  -0.005   0.001[0m
[1;32muart:~$ [m[8D[J[00:05:17.026,000] [0m<inf> imu: LSM6DS3TR-C  a   3.825   5.341   7.591  g   0.024  -0.064   0.012[0m
[1;32muart:~$ [m[8D[J[1;32muart:~$ [m[8D[J[00:05:17.026,000] [0m<inf> imu: LSM6DSV16X   a   4.104   5.439   7.884  g  -0.011   0.002  -0.003[0m
[1;32muart:~$ [m[8D[J[00:05:17.027,000] [0m<inf> imu: ICM-42688-P  a   4.081   5.300   7.281  g   0.001  -0.005   0.001[0m
[1;32muart:~$ [m[8D[J[00:05:17.128,000] [0m<inf> imu: LSM6DS3TR-C  a   3.840   5.410   7.575  g   0.023  -0.062   0.013[0m
[1;32muart:~$ [m[8D[J[00:05:17.129,000] [0m<inf> imu: LSM6DSV16X   a   4.123   5.449   7.868  g  -0.012   0.002  -0.002[0m
[1;32muart:~$ [m[8D[J[00:05:17.129,000] [0m<inf> imu: ICM-42688-P  a   4.108   5.296   7.254  g   0.000  -0.005   0.000[0m
[1;32muart:~$ [m[8D[J[1;32muart:~$ [m[8D[J[00:05:17.230,000] [0m<inf> imu: LSM6DS3TR-C  a   3.876   5.362   7.594  g   0.025  -0.063   0.016[0m
[1;32muart:~$ [m[8D[J[00:05:17.231,000] [0m<inf> imu: LSM6DSV16X   a   4.130   5.434   7.865  g  -0.012   0.002  -0.002[0m
[1;32muart:~$ [m[8D[J[1;32muart:~$ [m[8D[J[00:05:17.231,000] [0m<inf> imu: ICM-42688-P  a   4.098   5.301   7.275  g  -0.000  -0.005   0.000[0m
[1;32muart:~$ [m[8D[J[00:05:17.333,000] [0m<inf> imu: LSM6DS3TR-C  a   3.882   5.361   7.575  g   0.024  -0.063   0.016[0m
[1;32muart:~$ [m[8D[J[00:05:17.333,000] [0m<inf> imu: LSM6DSV16X   a   4.123   5.444   7.870  g  -0.012   0.002  -0.002[0m
[1;32muart:~$ [m[8D[J[1;32muart:~$ [m[8D[J[00:05:17.334,000] [0m<inf> imu: ICM-42688-P  a   4.093   5.307   7.272  g  -0.001  -0.005  -0.000[0m
[1;32muart:~$ [m[8D[J[00:05:17.435,000] [0m<inf> imu: LSM6DS3TR-C  a   3.812   5.335   7.612  g   0.025  -0.062   0.012[0m
[1;32muart:~$ [m[8D[J[1;32muart:~$ [m[8D[J[00:05:17.436,000] [0m<inf> imu: LSM6DSV16X   a   4.107   5.445   7.884  g  -0.012   0.003  -0.002[0m
[1;32muart:~$ [m[8D[J[00:05:17.437,000] [0m<inf> imu: ICM-42688-P  a   4.093   5.288   7.263  g   0.000  -0.005  -0.000[0m
[1;32muart:~$ [m[8D[J[00:05:17.538,000] [0m<inf> imu: LSM6DS3TR-C  a   3.873   5.343   7.582  g   0.023  -0.063   0.016[0m
[1;32muart:~$ [m[8D[J[00:05:17.538,000] [0m<inf> imu: LSM6DSV16X   a   4.126   5.446   7.871  g  -0.011   0.002  -0.003[0m
[1;32muart:~$ [m[8D[J[1;32muart:~$ [m[8D[J[00:05:17.539,000] [0m<inf> imu: ICM-42688-P  a   4.107   5.297   7.272  g   0.000  -0.005  -0.001[0m
[1;32muart:~$ [m[8D[J[1;32muart:~$ [m[8D[J[00:05:17.640,000] [0m<inf> imu: LSM6DS3TR-C  a   3.844   5.356   7.604  g   0.024  -0.062   0.015[0m
[1;32muart:~$ [m[8D[J[00:05:17.641,000] [0m<inf> imu: LSM6DSV16X   a   4.128   5.427   7.865  g  -0.012   0.001  -0.002[0m
[1;32muart:~$ [m[8D[J[1;32muart:~$ [m[8D[J[00:05:17.641,000] [0m<inf> imu: ICM-42688-P  a   4.108   5.288   7.259  g  -0.001  -0.005   0.000[0m
[1;32muart:~$ [m[8D[J[00:05:17.742,000] [0m<inf> imu: LSM6DS3TR-C  a   3.880   5.372   7.624  g   0.024  -0.062   0.015[0m
[1;32muart:~$ [m[8D[J[1;32muart:~$ [m[8D[J[00:05:17.743,000] [0m<inf> imu: LSM6DSV16X   a   4.125   5.432   7.868  g  -0.011   0.002  -0.002[0m
[1;32muart:~$ [m[8D[J[00:05:17.744,000] [0m<inf> imu: ICM-42688-P  a   4.101   5.297   7.251  g  -0.001  -0.006   0.001[0m
[1;32muart:~$ [m[8D[J[1;32muart:~$ [m[8D[J[00:05:17.845,000] [0m<inf> imu: LSM6DS3TR-C  a   3.824   5.378   7.608  g   0.024  -0.063   0.011[0m
[1;32muart:~$ [m[8D[J[00:05:17.845,000] [0m<inf> imu: LSM6DSV16X   a   4.109   5.446   7.870  g  -0.011   0.002  -0.002[0m
[1;32muart:~$ [m[8D[J[1;32muart:~$ [m[8D[J[00:05:17.846,000] [0m<inf> imu: ICM-42688-P  a   4.086   5.312   7.272  g  -0.000  -0.005  -0.000[0m
[1;32muart:~$ [m[8D[J[00:05:17.947,000] [0m<inf> imu: LSM6DS3TR-C  a   3.860   5.363   7.603  g   0.025  -0.061   0.015[0m
[1;32muart:~$ [m[8D[J[00:05:17.948,000] [0m<inf> imu: LSM6DSV16X   a   4.126   5.444   7.865  g  -0.011   0.001  -0.003[0m
[1;32muart:~$ [m[8D[J[1;32muart:~$ [m[8D[J[00:05:17.948,000] [0m<inf> imu: ICM-42688-P  a   4.108   5.307   7.271  g  -0.000  -0.006  -0.000[0m
[1;32muart:~$ [m[8D[J[00:05:18.050,000] [0m<inf> imu: LSM6DS3TR-C  a   3.892   5.369   7.649  g   0.025  -0.064   0.013[0m
[1;32muart:~$ [m[8D[J[1;32muart:~$ [m[8D[J[00:05:18.051,000] [0m<inf> imu: LSM6DSV16X   a   4.132   5.432   7.869  g  -0.012   0.001  -0.002[0m
[1;32muart:~$ [m[8D[J[00:05:18.051,000] [0m<inf> imu: ICM-42688-P  a   4.116   5.286   7.262  g   0.000  -0.005   0.001[0m
[1;32muart:~$ [m[8D[J[1;32muart:~$ [m[8D[J[00:05:18.152,000] [0m<inf> imu: LSM6DS3TR-C  a   3.827   5.384   7.606  g   0.024  -0.063   0.012[0m
[1;32muart:~$ [m[8D[J[00:05:18.153,000] [0m<inf> imu: LSM6DSV16X   a   4.115   5.445   7.879  g  -0.011   0.002  -0.002[0m
[1;32muart:~$ [m[8D[J[00:05:18.154,000] [0m<inf> imu: ICM-42688-P  a   4.087   5.316   7.259  g  -0.001  -0.005   0.000[0m
[1;32muart:~$ [m[8D[J[1;32muart:~$ [m[8D[J[00:05:18.255,000] [0m<inf> imu: LSM6DS3TR-C  a   3.826   5.367   7.621  g   0.022  -0.064   0.012[0m
[1;32muart:~$ [m[8D[J[00:05:18.257,000] [0m<inf> imu: LSM6DSV16X   a   4.101   5.446   7.893  g  -0.011   0.002  -0.002[0m
[1;32muart:~$ [m[8D[J[1;32muart:~$ [m[8D[J[00:05:18.257,000] [0m<inf> imu: ICM-42688-P  a   4.100   5.302   7.281  g  -0.001  -0.005   0.001[0m
[1;32muart:~$ [m[8D[J[00:05:18.358,000] [0m<inf> imu: LSM6DS3TR-C  a   3.866   5.377   7.613  g   0.026  -0.062   0.014[0m
[1;32muart:~$ [m[8D[J[1;32muart:~$ [m[8D[J[00:05:18.359,000] [0m<inf> imu: LSM6DSV16X   a   4.128   5.448   7.877  g  -0.011   0.002  -0.002[0m
[1;32muart:~$ [m[8D[J[00:05:18.360,000] [0m<inf> imu: ICM-42688-P  a   4.095   5.310   7.269  g   0.000  -0.004  -0.000[0m
[1;32muart:~$ [m[8D[J[1;32muart:~$ [m[8D[J[00:05:18.461,000] [0m<inf> imu: LSM6DS3TR-C  a   3.871   5.328   7.607  g   0.025  -0.062   0.015[0m
[1;32muart:~$ [m[8D[J[00:05:18.461,000] [0m<inf> imu: LSM6DSV16X   a   4.131   5.432   7.853  g  -0.012   0.002  -0.002[0m
[1;32muart:~$ [m[8D[J[1;32muart:~$ [m[8D[J[00:05:18.462,000] [0m<inf> imu: ICM-42688-P  a   4.113   5.288   7.259  g   0.001  -0.006   0.001[0m
[1;32muart:~$ [m[8D[J[00:05:18.563,000] [0m<inf> imu: LSM6DS3TR-C  a   3.879   5.371   7.601  g   0.024  -0.064   0.014[0m
[1;32muart:~$ [m[8D[J[00:05:18.564,000] [0m<inf> imu: LSM6DSV16X   a   4.129   5.437   7.884  g  -0.012   0.002  -0.002[0m
[1;32muart:~$ [m[8D[J[1;32muart:~$ [m[8D[J[00:05:18.564,000] [0m<inf> imu: ICM-42688-P  a   4.098   5.319   7.274  g   0.000  -0.004   0.000[0m
[1;32muart:~$ [m[8D[J[00:05:18.666,000] [0m<inf> imu: LSM6DS3TR-C  a   3.834   5.337   7.636  g   0.023  -0.063   0.013[0m
[1;32muart:~$ [m[8D[J[1;32muart:~$ [m[8D[J[00:05:18.667,000] [0m<inf> imu: LSM6DSV16X   a   4.125   5.429   7.859  g  -0.012   0.002  -0.002[0m
[1;32muart:~$ [m[8D[J[00:05:18.667,000] [0m<inf> imu: ICM-42688-P  a   4.108   5.283   7.263  g   0.002  -0.004  -0.001[0m
[1;32muart:~$ [m[8D[J[1;32muart:~$ [m[8D[J[00:05:18.769,000] [0m<inf> imu: LSM6DS3TR-C  a   3.830   5.387   7.597  g   0.023  -0.062   0.013[0m
[1;32muart:~$ [m[8D[J[00:05:18.769,000] [0m<inf> imu: LSM6DSV16X   a   4.125   5.446   7.883  g  -0.012   0.002  -0.002[0m
[1;32muart:~$ [m[8D[J[00:05:18.770,000] [0m<inf> imu: ICM-42688-P  a   4.096   5.306   7.271  g   0.001  -0.005   0.001[0m
[1;32muart:~$ [m[8D[J[1;32muart:~$ [m[8D[J[00:05:18.871,000] [0m<inf> imu: LSM6DS3TR-C  a   3.858   5.375   7.605  g   0.025  -0.063   0.014[0m
[1;32muart:~$ [m[8D[J[00:05:18.872,000] [0m<inf> imu: LSM6DSV16X   a   4.127   5.446   7.877  g  -0.011   0.002  -0.002[0m
[1;32muart:~$ [m[8D[J[1;32muart:~$ [m[8D[J[00:05:18.873,000] [0m<inf> imu: ICM-42688-P  a   4.117   5.301   7.262  g   0.001  -0.005  -0.001[0m
[1;32muart:~$ [m[8D[J[00:05:18.974,000] [0m<inf> imu: LSM6DS3TR-C  a   3.848   5.356   7.623  g   0.023  -0.063   0.015[0m
[1;32muart:~$ [m[8D[J[00:05:18.975,000] [0m<inf> imu: LSM6DSV16X   a   4.129   5.422   7.856  g  -0.011   0.002  -0.002[0m
[1;32muart:~$ [m[8D[J[00:05:18.975,000] [0m<inf> imu: ICM-42688-P  a   4.093   5.289   7.266  g   0.001  -0.004   0.001[0m
[1;32muart:~$ [m[8D[J[1;32muart:~$ [m[8D[J[00:05:19.076,000] [0m<inf> imu: LSM6DS3TR-C  a   3.849   5.341   7.616  g   0.024  -0.064   0.014[0m
[1;32muart:~$ [m[8D[J[00:05:19.077,000] [0m<inf> imu: LSM6DSV16X   a   4.111   5.446   7.892  g  -0.011   0.002  -0.001[0m
[1;32muart:~$ [m[8D[J[1;32muart:~$ [m[8D[J[00:05:19.078,000] [0m<inf> imu: ICM-42688-P  a   4.089   5.304   7.286  g   0.000  -0.005   0.001[0m
[1;32muart:~$ [m[8D[J[00:05:19.179,000] [0m<inf> imu: LSM6DS3TR-C  a   3.828   5.387   7.559  g   0.024  -0.062   0.014[0m
[1;32muart:~$ [m[8D[J[1;32muart:~$ [m[8D[J[00:05:19.179,000] [0m<inf> imu: LSM6DSV16X   a   4.103   5.436   7.877  g  -0.011   0.003  -0.003[0m
[1;32muart:~$ [m[8D[J[00:05:19.180,000] [0m<inf> imu: ICM-42688-P  a   4.082   5.295   7.272  g  -0.001  -0.005  -0.001[0m
[1;32muart:~$ [m[8D[J[1;32muart:~$ [m[8D[J[00:05:19.282,000] [0m<inf> imu: LSM6DS3TR-C  a   3.889   5.349   7.571  g   0.025  -0.063   0.015[0m
[1;32muart:~$ [m[8D[J[00:05:19.283,000] [0m<inf> imu: LSM6DSV16X   a   4.139   5.443   7.868  g  -0.012   0.002  -0.002[0m
[1;32muart:~$ [m[8D[J[1;32muart:~$ [m[8D[J[00:05:19.284,000] [0m<inf> imu: ICM-42688-P  a   4.113   5.301   7.293  g  -0.001  -0.005   0.000[0m
[1;32muart:~$ [m[8D[J[00:05:19.385,000] [0m<inf> imu: LSM6DS3TR-C  a   3.837   5.352   7.578  g   0.024  -0.063   0.013[0m
[1;32muart:~$ [m[8D[J[00:05:19.387,000] [0m<inf> imu: LSM6DSV16X   a   4.113   5.442   7.870  g  -0.011   0.002  -0.002[0m
[1;32muart:~$ [m[8D[J[1;32muart:~$ [m[8D[J[00:05:19.387,000] [0m<inf> imu: ICM-42688-P  a   4.093   5.303   7.275  g   0.001  -0.005   0.001[0m
[1;32muart:~$ [m[8D[J[00:05:19.488,000] [0m<inf> imu: LSM6DS3TR-C  a   3.872   5.368   7.582  g   0.024  -0.064   0.013[0m
[1;32muart:~$ [m[8D[J[1;32muart:~$ [m[8D[J[00:05:19.489,000] [0m<inf> imu: LSM6DSV16X   a   4.130   5.443   7.866  g  -0.011   0.002  -0.002[0m
[1;32muart:~$ [m[8D[J[00:05:19.489,000] [0m<inf> imu: ICM-42688-P  a   4.095   5.302   7.263  g  -0.000  -0.005  -0.000[0m
[1;32muart:~$ [m[8D[J[1;32muart:~$ [m[8D[J[00:05:19.591,000] [0m<inf> imu: LSM6DS3TR-C  a   3.888   5.346   7.598  g   0.024  -0.063   0.013[0m
[1;32muart:~$ [m[8D[J[00:05:19.591,000] [0m<inf> imu: LSM6DSV16X   a   4.137   5.429   7.851  g  -0.011   0.002  -0.002[0m
[1;32muart:~$ [m[8D[J[1;32muart:~$ [m[8D[J[00:05:19.592,000] [0m<inf> imu: ICM-42688-P  a   4.095   5.300   7.252  g   0.000  -0.005   0.001[0m
[1;32muart:~$ [m[8D[J[00:05:19.693,000] [0m<inf> imu: LSM6DS3TR-C  a   3.851   5.401   7.556  g   0.024  -0.062   0.014[0m
[1;32muart:~$ [m[8D[J[1;32muart:~$ [m[8D[J[00:05:19.694,000] [0m<inf> imu: LSM6DSV16X   a   4.132   5.439   7.863  g  -0.011   0.003  -0.002[0m
[1;32muart:~$ [m[8D[J[00:05:19.694,000] [0m<inf> imu: ICM-42688-P  a   4.108   5.297   7.246  g   0.000  -0.006   0.000[0m
[1;32muart:~$ [m[8D[J[1;32muart:~$ [m[8D[J[00:05:19.795,000] [0m<inf> imu: LSM6DS3TR-C  a   3.864   5.368   7.568  g   0.023  -0.060   0.014[0m
[1;32muart:~$ [m[8D[J[00:05:19.796,000] [0m<inf> imu: LSM6DSV16X   a   4.131   5.424   7.872  g  -0.011   0.003  -0.002[0m
[1;32muart:~$ [m[8D[J[1;32muart:~$ [m[8D[J[00:05:19.796,000] [0m<inf> imu: ICM-42688-P  a   4.099   5.282   7.275  g  -0.000  -0.005   0.001[0m
[1;32muart:~$ [m[8D[J[00:05:19.897,000] [0m<inf> imu: LSM6DS3TR-C  a   3.822   5.378   7.570  g   0.024  -0.062   0.015[0m
[1;32muart:~$ [m[8D[J[00:05:19.898,000] [0m<inf> imu: LSM6DSV16X   a   4.103   5.460   7.891  g  -0.012   0.002  -0.002[0m
[1;32muart:~$ [m[8D[J[1;32muart:~$ [m[8D[J[00:05:19.899,000] [0m<inf> imu: ICM-42688-P  a   4.087   5.313   7.265  g   0.000  -0.005   0.001[0m
[1;32muart:~$ [m[8D[J[00:05:20.000,000] [0m<inf> imu: LSM6DS3TR-C  a   3.861   5.367   7.579  g   0.024  -0.062   0.013[0m
[1;32muart:~$ [m[8D[J[00:05:20.002,000] [0m<inf> imu: LSM6DSV16X   a   4.118   5.439   7.878  g  -0.011   0.002  -0.003[0m
[1;32muart:~$ [m[8D[J[1;32muart:~$ [m[8D[J[00:05:20.003,000] [0m<inf> imu: ICM-42688-P  a   4.112   5.288   7.263  g  -0.000  -0.004  -0.001[0m
[1;32muart:~$ [m[8D[J[00:05:20.104,000] [0m<inf> imu: LSM6DS3TR-C  a   3.907   5.338   7.571  g   0.024  -0.063   0.014[0m
[1;32muart:~$ [m[8D[J[00:05:20.104,000] [0m<inf> imu: LSM6DSV16X   a   4.141   5.425   7.863  g  -0.012   0.002  -0.002[0m
[1;32muart:~$ [m[8D[J[00:05:20.105,000] [0m<inf> imu: ICM-42688-P  a   4.124   5.284   7.233  g  -0.000  -0.005   0.001[0m
[1;32muart:~$ [m[8D[J[1;32muart:~$ [m[8D[J[00:05:20.207,000] [0m<inf> imu: LSM6DS3TR-C  a   3.852   5.352   7.580  g   0.024  -0.062   0.014[0m
[1;32muart:~$ [m[8D[J[00:05:20.208,000] [0m<inf> imu: LSM6DSV16X   a   4.125   5.434   7.866  g  -0.011   0.002  -0.002[0m
[1;32muart:~$ [m[8D[J[1;32muart:~$ [m[8D[J[00:05:20.208,000] [0m<inf> imu: ICM-42688-P  a   4.088   5.301   7.256  g   0.000  -0.005   0.001[0m
[1;32muart:~$ [m[8D[J[00:05:20.309,000] [0m<inf> imu: LSM6DS3TR-C  a   3.849   5.381   7.601  g   0.024  -0.063   0.012[0m
[1;32muart:~$ [m[8D[J[1;32muart:~$ [m[8D[J[00:05:20.310,000] [0m<inf> imu: LSM6DSV16X   a   4.101   5.444   7.889  g  -0.011   0.002  -0.002[0m
[1;32muart:~$ [m[8D[J[00:05:20.311,000] [0m<inf> imu: ICM-42688-P  a   4.086   5.292   7.272  g   0.000  -0.005  -0.000[0m
[1;32muart:~$ [m[8D[J[1;32muart:~$ [m[8D[J[00:05:20.412,000] [0m<inf> imu: LSM6DS3TR-C  a   3.855   5.369   7.618  g   0.025  -0.060   0.013[0m
[1;32muart:~$ [m[8D[J[00:05:20.412,000] [0m<inf> imu: LSM6DSV16X   a   4.135   5.445   7.872  g  -0.012   0.002  -0.002[0m
[1;32muart:~$ [m[8D[J[1;32muart:~$ [m[8D[J[00:05:20.413,000] [0m<inf> imu: ICM-42688-P  a   4.119   5.302   7.271  g   0.001  -0.005  -0.000[0m
[1;32muart:~$ [m[8D[J[00:05:20.514,000] [0m<inf> imu: LSM6DS3TR-C  a   3.846   5.357   7.530  g   0.025  -0.064   0.015[0m
[1;32muart:~$ [m[8D[J[00:05:20.515,000] [0m<inf> imu: LSM6DSV16X   a   4.125   5.432   7.868  g  -0.012   0.002  -0.001[0m
[1;32muart:~$ [m[8D[J[1;32muart:~$ [m[8D[J[00:05:20.515,000] [0m<inf> imu: ICM-42688-P  a   4.093   5.292   7.254  g  -0.001  -0.006   0.001[0m
[1;32muart:~$ [m[8D[J[00:05:20.616,000] [0m<inf> imu: LSM6DS3TR-C  a   3.842   5.379   7.570  g   0.025  -0.062   0.013[0m
[1;32muart:~$ [m[8D[J[1;32muart:~$ [m[8D[J[00:05:20.617,000] [0m<inf> imu: LSM6DSV16X   a   4.120   5.449   7.877  g  -0.012   0.002  -0.002[0m
[1;32muart:~$ [m[8D[J[00:05:20.618,000] [0m<inf> imu: ICM-42688-P  a   4.094   5.318   7.274  g   0.000  -0.005   0.000[0m
[1;32muart:~$ [m[8D[J[00:05:20.719,000] [0m<inf> imu: LSM6DS3TR-C  a   3.842   5.394   7.536  g   0.025  -0.064   0.012[0m
[1;32muart:~$ [m[8D[J[1;32muart:~$ [m[8D[J[00:05:20.720,000] [0m<inf> imu: LSM6DSV16X   a   4.134   5.448   7.867  g  -0.009   0.003  -0.004[0m
[1;32muart:~$ [m[8D[J[00:05:20.720,000] [0m<inf> imu: ICM-42688-P  a   4.108   5.320   7.247  g   0.001  -0.004  -0.000[0m
[1;32muart:~$ [m[8D[J[00:05:20.822,000] [0m<inf> imu: LSM6DS3TR-C  a   3.891   5.384   7.574  g   0.024  -0.063   0.015[0m
[1;32muart:~$ [m[8D[J[00:05:20.822,000] [0m<inf> imu: LSM6DSV16X   a   4.187   5.437   7.846  g  -0.013   0.002  -0.002[0m
[1;32muart:~$ [m[8D[J[1;32muart:~$ [m[8D[J[00:05:20.823,000] [0m<inf> imu: ICM-42688-P  a   4.160   5.309   7.227  g  -0.002  -0.006   0.000[0m
[1;32muart:~$ [m[8D[J[1;32muart:~$ [m[8D[J[00:05:20.924,000] [0m<inf> imu: LSM6DS3TR-C  a   3.844   5.334   7.615  g   0.026  -0.062   0.015[0m
[1;32muart:~$ [m[8D[J[00:05:20.925,000] [0m<inf> imu: LSM6DSV16X   a   4.104   5.448   7.892  g  -0.010   0.003  -0.001[0m
[1;32muart:~$ [m[8D[J[1;32muart:~$ [m[8D[J[00:05:20.925,000] [0m<inf> imu: ICM-42688-P  a   4.064   5.328   7.290  g   0.001  -0.005   0.002[0m
[1;32muart:~$ [m[8D[J[00:05:21.026,000] [0m<inf> imu: LSM6DS3TR-C  a   3.795   5.404   7.578  g   0.022  -0.063   0.013[0m
[1;32muart:~$ [m[8D[J[1;32muart:~$ [m[8D[J[00:05:21.027,000] [0m<inf> imu: LSM6DSV16X   a   4.101   5.463   7.887  g  -0.012   0.001  -0.002[0m
[1;32muart:~$ [m[8D[J[00:05:21.027,000] [0m<inf> imu: ICM-42688-P  a   4.099   5.327   7.272  g  -0.000  -0.006   0.000[0m
[1;32muart:~$ [m[8D[J[00:05:21.128,000] [0m<inf> imu: LSM6DS3TR-C  a   3.811   5.407   7.603  g   0.023  -0.061   0.011[0m
[1;32muart:~$ [m[8D[J[00:05:21.129,000] [0m<inf> imu: LSM6DSV16X   a   4.127   5.444   7.877  g  -0.011   0.002  -0.004[0m
[1;32muart:~$ [m[8D[J[00:05:21.130,000] [0m<inf> imu: ICM-42688-P  a   4.101   5.290   7.242  g   0.001  -0.006  -0.002[0m
[1;32muart:~$ [m[8D[J[1;32muart:~$ [m[8D[J[00:05:21.231,000] [0m<inf> imu: LSM6DS3TR-C  a   3.882   5.359   7.563  g   0.024  -0.064   0.015[0m
[1;32muart:~$ [m[8D[J[00:05:21.231,000] [0m<inf> imu: LSM6DSV16X   a   4.159   5.439   7.847  g  -0.011   0.001  -0.001[0m
[1;32muart:~$ [m[8D[J[1;32muart:~$ [m[8D[J[00:05:21.232,000] [0m<inf> imu: ICM-42688-P  a   4.135   5.292   7.240  g  -0.001  -0.005   0.000[0m
[1;32muart:~$ [m[8D[J[00:05:21.333,000] [0m<inf> imu: LSM6DS3TR-C  a   3.832   5.370   7.569  g   0.024  -0.062   0.013[0m
[1;32muart:~$ [m[8D[J[00:05:21.334,000] [0m<inf> imu: LSM6DSV16X   a   4.100   5.430   7.853  g  -0.010   0.002  -0.002[0m
[1;32muart:~$ [m[8D[J[1;32muart:~$ [m[8D[J[00:05:21.334,000] [0m<inf> imu: ICM-42688-P  a   4.062   5.279   7.259  g  -0.000  -0.006   0.001[0m
[1;32muart:~$ [m[8D[J[00:05:21.435,000] [0m<inf> imu: LSM6DS3TR-C  a   3.855   5.386   7.608  g   0.022  -0.062   0.012[0m
[1;32muart:~$ [m[8D[J[1;32muart:~$ [m[8D[J[00:05:21.436,000] [0m<inf> imu: LSM6DSV16X   a   4.111   5.468   7.899  g  -0.011   0.002  -0.003[0m
[1;32muart:~$ [m[8D[J[00:05:21.437,000] [0m<inf> imu: ICM-42688-P  a   4.092   5.322   7.298  g  -0.000  -0.005  -0.000[0m
[1;32muart:~$ [m[8D[J[1;32muart:~$ [m[8D[J[00:05:21.538,000] [0m<inf> imu: LSM6DS3TR-C  a   3.854   5.347   7.592  g   0.021  -0.063   0.014[0m
[1;32muart:~$ [m[8D[J[00:05:21.539,000] [0m<inf> imu: LSM6DSV16X   a   4.137   5.427   7.853  g  -0.012   0.002  -0.003[0m
[1;32muart:~$ [m[8D[J[1;32muart:~$ [m[8D[J[00:05:21.540,000] [0m<inf> imu: ICM-42688-P  a   4.117   5.283   7.238  g  -0.001  -0.005  -0.001[0m
[1;32muart:~$ [m[8D[J[00:05:21.641,000] [0m<inf> imu: LSM6DS3TR-C  a   3.860   5.366   7.591  g   0.023  -0.063   0.014[0m
[1;32muart:~$ [m[8D[J[1;32muart:~$ [m[8D[J[00:05:21.642,000] [0m<inf> imu: LSM6DSV16X   a   4.135   5.425   7.870  g  -0.013   0.002  -0.002[0m
[1;32muart:~$ [m[8D[J[00:05:21.642,000] [0m<inf> imu: ICM-42688-P  a   4.122   5.292   7.248  g   0.000  -0.006   0.001[0m
[1;32muart:~$ [m[8D[J[1;32muart:~$ [m[8D[J[00:05:21.743,000] [0m<inf> imu: LSM6DS3TR-C  a   3.817   5.377   7.610  g   0.024  -0.064   0.013[0m
[1;32muart:~$ [m[8D[J[00:05:21.744,000] [0m<inf> imu: LSM6DSV16X   a   4.110   5.442   7.862  g  -0.012   0.002  -0.002[0m
[1;32muart:~$ [m[8D[J[1;32muart:~$ [m[8D[J[00:05:21.744,000] [0m<inf> imu: ICM-42688-P  a   4.089   5.308   7.283  g  -0.001  -0.006   0.001[0m
[1;32muart:~$ [m[8D[J[00:05:21.845,000] [0m<inf> imu: LSM6DS3TR-C  a   3.855   5.362   7.587  g   0.024  -0.063   0.014[0m
[1;32muart:~$ [m[8D[J[00:05:21.846,000] [0m<inf> imu: LSM6DSV16X   a   4.118   5.441   7.872  g  -0.012   0.002  -0.002[0m
[1;32muart:~$ [m[8D[J[1;32muart:~$ [m[8D[J[00:05:21.847,000] [0m<inf> imu: ICM-42688-P  a   4.100   5.302   7.259  g   0.000  -0.005   0.001[0m
[1;32muart:~$ [m[8D[J[00:05:21.948,000] [0m<inf> imu: LSM6DS3TR-C  a   3.854   5.416   7.625  g   0.024  -0.063   0.016[0m
[1;32muart:~$ [m[8D[J[1;32muart:~$ [m[8D[J[00:05:21.950,000] [0m<inf> imu: LSM6DSV16X   a   4.125   5.434   7.865  g  -0.012   0.002  -0.002[0m
[1;32muart:~$ [m[8D[J[00:05:21.950,000] [0m<inf> imu: ICM-42688-P  a   4.117   5.297   7.254  g  -0.001  -0.005   0.000[0m
[1;32muart:~$ [m[8D[J[00:05:22.051,000] [0m<inf> imu: LSM6DS3TR-C  a   3.887   5.341   7.612  g   0.025  -0.064   0.014[0m
[1;32muart:~$ [m[8D[J[1;32muart:~$ [m[8D[J[00:05:22.052,000] [0m<inf> imu: LSM6DSV16X   a   4.125   5.429   7.863  g  -0.011   0.003  -0.003[0m
[1;32muart:~$ [m[8D[J[00:05:22.052,000] [0m<inf> imu: ICM-42688-P  a   4.114   5.291   7.263  g   0.000  -0.004  -0.000[0m
[1;32muart:~$ [m[8D[J[00:05:22.154,000] [0m<inf> imu: LSM6DS3TR-C  a   3.839   5.346   7.593  g   0.024  -0.063   0.015[0m
[1;32muart:~$ [m[8D[J[1;32muart:~$ [m[8D[J[00:05:22.154,000] [0m<inf> imu: LSM6DSV16X   a   4.113   5.451   7.880  g  -0.012   0.002  -0.002[0m
[1;32muart:~$ [m[8D[J[00:05:22.155,000] [0m<inf> imu: ICM-42688-P  a   4.094   5.312   7.268  g   0.001  -0.005   0.001[0m
[1;32muart:~$ [m[8D[J[1;32muart:~$ [m[8D[J[00:05:22.256,000] [0m<inf> imu: LSM6DS3TR-C  a   3.866   5.375   7.603  g   0.023  -0.062   0.013[0m
[1;32muart:~$ [m[8D[J[00:05:22.257,000] [0m<inf> imu: LSM6DSV16X   a   4.118   5.434   7.874  g  -0.012   0.002  -0.003[0m
[1;32muart:~$ [m[8D[J[1;32muart:~$ [m[8D[J[00:05:22.257,000] [0m<inf> imu: ICM-42688-P  a   4.107   5.295   7.254  g  -0.001  -0.005  -0.000[0m
[1;32muart:~$ [m[8D[J[00:05:22.358,000] [0m<inf> imu: LSM6DS3TR-C  a   3.853   5.359   7.617  g   0.024  -0.064   0.014[0m
[1;32muart:~$ [m[8D[J[1;32muart:~$ [m[8D[J[00:05:22.359,000] [0m<inf> imu: LSM6DSV16X   a   4.135   5.428   7.860  g  -0.012   0.002  -0.002[0m
[1;32muart:~$ [m[8D[J[00:05:22.359,000] [0m<inf> imu: ICM-42688-P  a   4.112   5.283   7.257  g  -0.000  -0.005   0.000[0m
[1;32muart:~$ [m[8D[J[1;32muart:~$ [m[8D[J[00:05:22.460,000] [0m<inf> imu: LSM6DS3TR-C  a   3.860   5.372   7.616  g   0.024  -0.064   0.012[0m
[1;32muart:~$ [m[8D[J[00:05:22.461,000] [0m<inf> imu: LSM6DSV16X   a   4.121   5.441   7.873  g  -0.012   0.002  -0.002[0m
[1;32muart:~$ [m[8D[J[1;32muart:~$ [m[8D[J[00:05:22.462,000] [0m<inf> imu: ICM-42688-P  a   4.096   5.301   7.254  g   0.000  -0.006   0.001[0m
[1;32muart:~$ [m[8D[J[00:05:22.563,000] [0m<inf> imu: LSM6DS3TR-C  a   3.836   5.372   7.603  g   0.025  -0.062   0.013[0m
[1;32muart:~$ [m[8D[J[00:05:22.563,000] [0m<inf> imu: LSM6DSV16X   a   4.108   5.422   7.872  g  -0.012   0.002  -0.002[0m
[1;32muart:~$ [m[8D[J[1;32muart:~$ [m[8D[J[00:05:22.564,000] [0m<inf> imu: ICM-42688-P  a   4.090   5.301   7.271  g   0.000  -0.006   0.000[0m
[1;32muart:~$ [m[8D[J[00:05:22.665,000] [0m<inf> imu: LSM6DS3TR-C  a   3.817   5.403   7.612  g   0.025  -0.064   0.011[0m
[1;32muart:~$ [m[8D[J[1;32muart:~$ [m[8D[J[00:05:22.666,000] [0m<inf> imu: LSM6DSV16X   a   4.123   5.444   7.870  g  -0.011   0.002  -0.003[0m
[1;32muart:~$ [m[8D[J[00:05:22.667,000] [0m<inf> imu: ICM-42688-P  a   4.105   5.309   7.254  g   0.000  -0.005   0.000[0m
[1;32muart:~$ [m[8D[J[00:05:22.768,000] [0m<inf> imu: LSM6DS3TR-C  a   3.881   5.372   7.607  g   0.025  -0.061   0.013[0m
[1;32muart:~$ [m[8D[J[1;32muart:~$ [m[8D[J[00:05:22.769,000] [0m<inf> imu: LSM6DSV16X   a   4.137   5.439   7.874  g  -0.011   0.002  -0.003[0m
[1;32muart:~$ [m[8D[J[00:05:22.769,000] [0m<inf> imu: ICM-42688-P  a   4.104   5.300   7.257  g   0.000  -0.005   0.000[0m
[1;32muart:~$ [m[8D[J[00:05:22.870,000] [0m<inf> imu: LSM6DS3TR-C  a   3.832   5.365   7.580  g   0.024  -0.063   0.013[0m
[1;32muart:~$ [m[8D[J[00:05:22.871,000] [0m<inf> imu: LSM6DSV16X   a   4.113   5.425   7.865  g  -0.012   0.002  -0.002[0m
[1;32muart:~$ [m[8D[J[1;32muart:~$ [m[8D[J[00:05:22.871,000] [0m<inf> imu: ICM-42688-P  a   4.088   5.286   7.239  g   0.000  -0.005   0.000[0m
[1;32muart:~$ [m[8D[J[1;32muart:~$ [m[8D[J[00:05:22.972,000] [0m<inf> imu: LSM6DS3TR-C  a   3.853   5.355   7.619  g   0.024  -0.064   0.014[0m
[1;32muart:~$ [m[8D[J[00:05:22.973,000] [0m<inf> imu: LSM6DSV16X   a   4.120   5.442   7.889  g  -0.012   0.002  -0.002[0m
[1;32muart:~$ [m[8D[J[1;32muart:~$ [m[8D[J[00:05:22.974,000] [0m<inf> imu: ICM-42688-P  a   4.112   5.302   7.281  g   0.000  -0.005  -0.000[0m
[1;32muart:~$ [m[8D[J[00:05:23.075,000] [0m<inf> imu: LSM6DS3TR-C  a   3.872   5.349   7.561  g   0.025  -0.062   0.013[0m
[1;32muart:~$ [m[8D[J[1;32muart:~$ [m[8D[J[00:05:23.075,000] [0m<inf> imu: LSM6DSV16X   a   4.133   5.438   7.860  g  -0.011   0.002  -0.003[0m
[1;32muart:~$ [m[8D[J[00:05:23.076,000] [0m<inf> imu: ICM-42688-P  a   4.116   5.302   7.254  g  -0.001  -0.005   0.001[0m
[1;32muart:~$ [m[8D[J[1;32muart:~$ [m[8D[J[00:05:23.177,000] [0m<inf> imu: LSM6DS3TR-C  a   3.889   5.346   7.631  g   0.024  -0.064   0.015[0m
[1;32muart:~$ [m[8D[J[00:05:23.178,000] [0m<inf> imu: LSM6DSV16X   a   4.125   5.420   7.887  g  -0.012   0.001  -0.002[0m
[1;32muart:~$ [m[8D[J[1;32muart:~$ [m[8D[J[00:05:23.178,000] [0m<inf> imu: ICM-42688-P  a   4.098   5.278   7.282  g   0.000  -0.005   0.000[0m
[1;32muart:~$ [m[8D[J[00:05:23.279,000] [0m<inf> imu: LSM6DS3TR-C  a   3.818   5.376   7.573  g   0.025  -0.063   0.012[0m
[1;32muart:~$ [m[8D[J[00:05:23.280,000] [0m<inf> imu: LSM6DSV16X   a   4.109   5.463   7.872  g  -0.013   0.003  -0.002[0m
[1;32muart:~$ [m[8D[J[1;32muart:~$ [m[8D[J[00:05:23.281,000] [0m<inf> imu: ICM-42688-P  a   4.095   5.318   7.263  g   0.000  -0.005   0.000[0m
[1;32muart:~$ [m[8D[J[00:05:23.382,000] [0m<inf> imu: LSM6DS3TR-C  a   3.843   5.377   7.635  g   0.024  -0.062   0.013[0m
[1;32muart:~$ [m[8D[J[1;32muart:~$ [m[8D[J[00:05:23.383,000] [0m<inf> imu: LSM6DSV16X   a   4.111   5.443   7.892  g  -0.012   0.002  -0.003[0m
[1;32muart:~$ [m[8D[J[00:05:23.384,000] [0m<inf> imu: ICM-42688-P  a   4.100   5.292   7.281  g  -0.001  -0.004  -0.001[0m
[1;32muart:~$ [m[8D[J[00:05:23.485,000] [0m<inf> imu: LSM6DS3TR-C  a   3.866   5.385   7.592  g   0.025  -0.063   0.012[0m
[1;32muart:~$ [m[8D[J[1;32muart:~$ [m[8D[J[00:05:23.486,000] [0m<inf> imu: LSM6DSV16X   a   4.137   5.429   7.854  g  -0.012   0.002  -0.002[0m
[1;32muart:~$ [m[8D[J[00:05:23.486,000] [0m<inf> imu: ICM-42688-P  a   4.135   5.289   7.257  g   0.000  -0.005   0.001[0m
[1;32muart:~$ [m[8D[J[00:05:23.587,000] [0m<inf> imu: LSM6DS3TR-C  a   3.826   5.403   7.600  g   0.024  -0.063   0.015[0m
[1;32muart:~$ [m[8D[J[00:05:23.588,000] [0m<inf> imu: LSM6DSV16X   a   4.129   5.439   7.872  g  -0.011   0.002  -0.002[0m
[1;32muart:~$ [m[8D[J[1;32muart:~$ [m[8D[J[00:05:23.589,000] [0m<inf> imu: ICM-42688-P  a   4.100   5.289   7.272  g   0.000  -0.006   0.000[0m
[1;32muart:~$ [m[8D[J[1;32muart:~$ [m[8D[J[00:05:23.690,000] [0m<inf> imu: LSM6DS3TR-C  a   3.826   5.362   7.606  g   0.026  -0.064   0.014[0m
[1;32muart:~$ [m[8D[J[00:05:23.690,000] [0m<inf> imu: LSM6DSV16X   a   4.103   5.453   7.885  g  -0.012   0.001  -0.002[0m
[1;32muart:~$ [m[8D[J[1;32muart:~$ [m[8D[J[00:05:23.691,000] [0m<inf> imu: ICM-42688-P  a   4.081   5.309   7.276  g   0.001  -0.005   0.000[0m
[1;32muart:~$ [m[8D[J[00:05:23.792,000] [0m<inf> imu: LSM6DS3TR-C  a   3.850   5.346   7.581  g   0.024  -0.063   0.012[0m
[1;32muart:~$ [m[8D[J[1;32muart:~$ [m[8D[J[00:05:23.793,000] [0m<inf> imu: LSM6DSV16X   a   4.117   5.454   7.877  g  -0.012   0.002  -0.003[0m
[1;32muart:~$ [m[8D[J[00:05:23.793,000] [0m<inf> imu: ICM-42688-P  a   4.095   5.318   7.264  g  -0.001  -0.006  -0.001[0m
[1;32muart:~$ [m[8D[J[1;32muart:~$ [m[8D[J[00:05:23.895,000] [0m<inf> imu: LSM6DS3TR-C  a   3.847   5.380   7.594  g   0.024  -0.064   0.012[0m
[1;32muart:~$ [m[8D[J[00:05:23.895,000] [0m<inf> imu: LSM6DSV16X   a   4.129   5.434   7.874  g  -0.011   0.002  -0.002[0m
[1;32muart:~$ [m[8D[J[1;32muart:~$ [m[8D[J[00:05:23.896,000] [0m<inf> imu: ICM-42688-P  a   4.101   5.286   7.265  g   0.001  -0.005   0.000[0m
[1;32muart:~$ [m[8D[J[00:05:23.997,000] [0m<inf> imu: LSM6DS3TR-C  a   3.855   5.371   7.589  g   0.024  -0.062   0.014[0m
[1;32muart:~$ [m[8D[J[00:05:23.998,000] [0m<inf> imu: LSM6DSV16X   a   4.115   5.445   7.879  g  -0.011   0.002  -0.002[0m
[1;32muart:~$ [m[8D[J[1;32muart:~$ [m[8D[J[00:05:23.998,000] [0m<inf> imu: ICM-42688-P  a   4.104   5.306   7.262  g  -0.001  -0.005   0.000[0m
[1;32muart:~$ [m[8D[J[00:05:24.100,000] [0m<inf> imu: LSM6DS3TR-C  a   3.878   5.353   7.614  g   0.024  -0.063   0.016[0m
[1;32muart:~$ [m[8D[J[1;32muart:~$ [m[8D[J[00:05:24.101,000] [0m<inf> imu: LSM6DSV16X   a   4.132   5.453   7.872  g  -0.012   0.002  -0.002[0m
[1;32muart:~$ [m[8D[J[00:05:24.101,000] [0m<inf> imu: ICM-42688-P  a   4.117   5.314   7.277  g  -0.001  -0.005   0.001[0m
[1;32muart:~$ [m[8D[J[00:05:24.202,000] [0m<inf> imu: LSM6DS3TR-C  a   3.807   5.398   7.633  g   0.021  -0.062   0.015[0m
[1;32muart:~$ [m[8D[J[1;32muart:~$ [m[8D[J[00:05:24.203,000] [0m<inf> imu: LSM6DSV16X   a   4.104   5.434   7.875  g  -0.012   0.002  -0.002[0m
[1;32muart:~$ [m[8D[J[00:05:24.204,000] [0m<inf> imu: ICM-42688-P  a   4.096   5.283   7.270  g   0.000  -0.006   0.000[0m
[1;32muart:~$ [m[8D[J[00:05:24.305,000] [0m<inf> imu: LSM6DS3TR-C  a   3.850   5.410   7.577  g   0.025  -0.062   0.013[0m
[1;32muart:~$ [m[8D[J[00:05:24.305,000] [0m<inf> imu: LSM6DSV16X   a   4.120   5.445   7.877  g  -0.012   0.002  -0.002[0m
[1;32muart:~$ [m[8D[J[00:05:24.306,000] [0m<inf> imu: ICM-42688-P  a   4.101   5.309   7.263  g  -0.001  -0.005   0.000[0m
[1;32muart:~$ [m[8D[J[1;32muart:~$ [m[8D[J[00:05:24.407,000] [0m<inf> imu: LSM6DS3TR-C  a   3.814   5.393   7.638  g   0.024  -0.064   0.015[0m
[1;32muart:~$ [m[8D[J[00:05:24.408,000] [0m<inf> imu: LSM6DSV16X   a   4.120   5.442   7.877  g  -0.012   0.002  -0.002[0m
[1;32muart:~$ [m[8D[J[1;32muart:~$ [m[8D[J[00:05:24.408,000] [0m<inf> imu: ICM-42688-P  a   4.093   5.297   7.277  g  -0.000  -0.005   0.000[0m
[1;32muart:~$ [m[8D[J[00:05:24.510,000] [0m<inf> imu: LSM6DS3TR-C  a   3.871   5.396   7.585  g   0.024  -0.063   0.013[0m
[1;32muart:~$ [m[8D[J[1;32muart:~$ [m[8D[J[00:05:24.510,000] [0m<inf> imu: LSM6DSV16X   a   4.128   5.436   7.860  g  -0.011   0.002  -0.002[0m
[1;32muart:~$ [m[8D[J[00:05:24.511,000] [0m<inf> imu: ICM-42688-P  a   4.112   5.307   7.274  g  -0.001  -0.005  -0.000[0m
[1;32muart:~$ [m[8D[J[1;32muart:~$ [m[8D[J[00:05:24.612,000] [0m<inf> imu: LSM6DS3TR-C  a   3.853   5.364   7.587  g   0.024  -0.064   0.013[0m
[1;32muart:~$ [m[8D[J[00:05:24.613,000] [0m<inf> imu: LSM6DSV16X   a   4.123   5.441   7.880  g  -0.013   0.002  -0.002[0m
[1;32muart:~$ [m[8D[J[1;32muart:~$ [m[8D[J[00:05:24.613,000] [0m<inf> imu: ICM-42688-P  a   4.102   5.298   7.272  g   0.001  -0.005   0.001[0m
[1;32muart:~$ [m[8D[J[00:05:24.714,000] [0m<inf> imu: LSM6DS3TR-C  a   3.832   5.350   7.589  g   0.024  -0.063   0.014[0m
[1;32muart:~$ [m[8D[J[00:05:24.715,000] [0m<inf> imu: LSM6DSV16X   a   4.108   5.446   7.882  g  -0.012   0.002  -0.002[0m
[1;32muart:~$ [m[8D[J[1;32muart:~$ [m[8D[J[00:05:24.715,000] [0m<inf> imu: ICM-42688-P  a   4.085   5.303   7.274  g  -0.001  -0.006   0.000[0m
[1;32muart:~$ [m[8D[J[00:05:24.817,000] [0m<inf> imu: LSM6DS3TR-C  a   3.837   5.398   7.619  g   0.024  -0.063   0.013[0m
[1;32muart:~$ [m[8D[J[1;32muart:~$ [m[8D[J[00:05:24.819,000] [0m<inf> imu: LSM6DSV16X   a   4.129   5.445   7.877  g  -0.010   0.002  -0.003[0m
[1;32muart:~$ [m[8D[J[00:05:24.819,000] [0m<inf> imu: ICM-42688-P  a   4.112   5.295   7.268  g   0.000  -0.005  -0.000[0m
[1;32muart:~$ [m[8D[J[00:05:24.920,000] [0m<inf> imu: LSM6DS3TR-C  a   3.860   5.349   7.592  g   0.023  -0.064   0.015[0m
[1;32muart:~$ [m[8D[J[1;32muart:~$ [m[8D[J[00:05:24.921,000] [0m<inf> imu: LSM6DSV16X   a   4.125   5.428   7.861  g  -0.012   0.002  -0.002[0m
[1;32muart:~$ [m[8D[J[00:05:24.921,000] [0m<inf> imu: ICM-42688-P  a   4.112   5.272   7.257  g  -0.001  -0.005   0.000[0m
[1;32muart:~$ [m[8D[J[00:05:25.022,000] [0m<inf> imu: LSM6DS3TR-C  a   3.898   5.332   7.598  g   0.026  -0.063   0.013[0m
[1;32muart:~$ [m[8D[J[00:05:25.023,000] [0m<inf> imu: LSM6DSV16X   a   4.128   5.444   7.868  g  -0.011   0.002  -0.003[0m
[1;32muart:~$ [m[8D[J[1;32muart:~$ [m[8D[J[00:05:25.024,000] [0m<inf> imu: ICM-42688-P  a   4.104   5.312   7.262  g   0.001  -0.005   0.000[0m
[1;32muart:~$ [m[8D[J[1;32muart:~$ [m[8D[J[00:05:25.125,000] [0m<inf> imu: LSM6DS3TR-C  a   3.846   5.328   7.611  g   0.025  -0.061   0.015[0m
[1;32muart:~$ [m[8D[J[00:05:25.125,000] [0m<inf> imu: LSM6DSV16X   a   4.111   5.432   7.875  g  -0.010   0.002  -0.002[0m
[1;32muart:~$ [m[8D[J[1;32muart:~$ [m[8D[J[00:05:25.126,000] [0m<inf> imu: ICM-42688-P  a   4.089   5.291   7.271  g  -0.001  -0.006   0.000[0m
[1;32muart:~$ [m[8D[J[00:05:25.227,000] [0m<inf> imu: LSM6DS3TR-C  a   3.834   5.347   7.640  g   0.024  -0.062   0.014[0m
[1;32muart:~$ [m[8D[J[1;32muart:~$ [m[8D[J[00:05:25.228,000] [0m<inf> imu: LSM6DSV16X   a   4.099   5.449   7.870  g  -0.011   0.002  -0.002[0m
[1;32muart:~$ [m[8D[J[00:05:25.228,000] [0m<inf> imu: ICM-42688-P  a   4.094   5.302   7.272  g  -0.001  -0.006  -0.000[0m
[1;32muart:~$ [m[8D[J[1;32muart:~$ [m[8D[J[00:05:25.329,000] [0m<inf> imu: LSM6DS3TR-C  a   3.873   5.372   7.607  g   0.026  -0.064   0.013[0m
[1;32muart:~$ [m[8D[J[00:05:25.330,000] [0m<inf> imu: LSM6DSV16X   a   4.137   5.443   7.879  g  -0.010   0.002  -0.003[0m
[1;32muart:~$ [m[8D[J[1;32muart:~$ [m[8D[J[00:05:25.331,000] [0m<inf> imu: ICM-42688-P  a   4.108   5.274   7.242  g   0.000  -0.006   0.000[0m
[1;32muart:~$ [m[8D[J[00:05:25.432,000] [0m<inf> imu: LSM6DS3TR-C  a   3.846   5.343   7.537  g   0.024  -0.062   0.014[0m
[1;32muart:~$ [m[8D[J[00:05:25.432,000] [0m<inf> imu: LSM6DSV16X   a   4.120   5.437   7.860  g  -0.012   0.002  -0.002[0m
[1;32muart:~$ [m[8D[J[1;32muart:~$ [m[8D[J[00:05:25.433,000] [0m<inf> imu: ICM-42688-P  a   4.095   5.314   7.266  g  -0.001  -0.006   0.001[0m
[1;32muart:~$ [m[8D[J[00:05:25.535,000] [0m<inf> imu: LSM6DS3TR-C  a   3.858   5.367   7.609  g   0.025  -0.063   0.013[0m
[1;32muart:~$ [m[8D[J[1;32muart:~$ [m[8D[J[00:05:25.535,000] [0m<inf> imu: LSM6DSV16X   a   4.104   5.448   7.875  g  -0.012   0.002  -0.002[0m
[1;32muart:~$ [m[8D[J[00:05:25.536,000] [0m<inf> imu: ICM-42688-P  a   4.095   5.306   7.259  g  -0.001  -0.005  -0.002[0m
[1;32muart:~$ [m[8D[J[1;32muart:~$ [m[8D[J[00:05:25.637,000] [0m<inf> imu: LSM6DS3TR-C  a   3.843   5.344   7.633  g   0.024  -0.065   0.013[0m
[1;32muart:~$ [m[8D[J[00:05:25.638,000] [0m<inf> imu: LSM6DSV16X   a   4.119   5.429   7.865  g  -0.012   0.002  -0.002[0m
[1;32muart:~$ [m[8D[J[00:05:25.639,000] [0m<inf> imu: ICM-42688-P  a   4.090   5.290   7.258  g  -0.001  -0.005   0.000[0m
[1;32muart:~$ [m[8D[J[1;32muart:~$ [m[8D[J[00:05:25.740,000] [0m<inf> imu: LSM6DS3TR-C  a   3.854   5.377   7.595  g   0.024  -0.060   0.011[0m
[1;32muart:~$ [m[8D[J[00:05:25.741,000] [0m<inf> imu: LSM6DSV16X   a   4.133   5.448   7.880  g  -0.013   0.002  -0.003[0m
[1;32muart:~$ [m[8D[J[1;32muart:~$ [m[8D[J[00:05:25.742,000] [0m<inf> imu: ICM-42688-P  a   4.117   5.319   7.283  g  -0.001  -0.005  -0.001[0m
[1;32muart:~$ [m[8D[J[00:05:25.843,000] [0m<inf> imu: LSM6DS3TR-C  a   3.793   5.368   7.585  g   0.023  -0.062   0.016[0m
[1;32muart:~$ [m[8D[J[1;32muart:~$ [m[8D[J[00:05:25.844,000] [0m<inf> imu: LSM6DSV16X   a   4.115   5.426   7.865  g  -0.012   0.002  -0.002[0m
[1;32muart:~$ [m[8D[J[00:05:25.844,000] [0m<inf> imu: ICM-42688-P  a   4.088   5.292   7.253  g   0.000  -0.005   0.001[0m
[1;32muart:~$ [m[8D[J[1;32muart:~$ [m[8D[J[00:05:25.945,000] [0m<inf> imu: LSM6DS3TR-C  a   3.856   5.384   7.608  g   0.026  -0.063   0.014[0m
[1;32muart:~$ [m[8D[J[00:05:25.946,000] [0m<inf> imu: LSM6DSV16X   a   4.116   5.446   7.884  g  -0.011   0.002  -0.002[0m
[1;32muart:~$ [m[8D[J[1;32muart:~$ [m[8D[J[00:05:25.947,000] [0m<inf> imu: ICM-42688-P  a   4.093   5.304   7.276  g   0.001  -0.005  -0.000[0m
[1;32muart:~$ [m[8D[J[00:05:26.048,000] [0m<inf> imu: LSM6DS3TR-C  a   3.833   5.336   7.600  g   0.026  -0.062   0.013[0m
[1;32muart:~$ [m[8D[J[00:05:26.048,000] [0m<inf> imu: LSM6DSV16X   a   4.108   5.444   7.869  g  -0.012   0.002  -0.003[0m
[1;32muart:~$ [m[8D[J[1;32muart:~$ [m[8D[J[00:05:26.049,000] [0m<inf> imu: ICM-42688-P  a   4.093   5.302   7.272  g  -0.001  -0.005  -0.001[0m
[1;32muart:~$ [m[8D[J[00:05:26.150,000] [0m<inf> imu: LSM6DS3TR-C  a   3.891   5.379   7.585  g   0.024  -0.062   0.012[0m
[1;32muart:~$ [m[8D[J[1;32muart:~$ [m[8D[J[00:05:26.151,000] [0m<inf> imu: LSM6DSV16X   a   4.135   5.430   7.862  g  -0.012   0.002  -0.002[0m
[1;32muart:~$ [m[8D[J[00:05:26.152,000] [0m<inf> imu: ICM-42688-P  a   4.114   5.294   7.263  g  -0.000  -0.006  -0.000[0m
[1;32muart:~$ [m[8D[J[00:05:26.253,000] [0m<inf> imu: LSM6DS3TR-C  a   3.869   5.393   7.558  g   0.024  -0.060   0.015[0m
[1;32muart:~$ [m[8D[J[1;32muart:~$ [m[8D[J[00:05:26.254,000] [0m<inf> imu: LSM6DSV16X   a   4.138   5.430   7.865  g  -0.012   0.002  -0.001[0m
[1;32muart:~$ [m[8D[J[00:05:26.254,000] [0m<inf> imu: ICM-42688-P  a   4.112   5.291   7.262  g   0.001  -0.005   0.001[0m
[1;32muart:~$ [m[8D[J[00:05:26.355,000] [0m<inf> imu: LSM6DS3TR-C  a   3.826   5.389   7.567  g   0.026  -0.061   0.014[0m
[1;32muart:~$ [m[8D[J[00:05:26.356,000] [0m<inf> imu: LSM6DSV16X   a   4.104   5.454   7.865  g  -0.011   0.002  -0.002[0m
[1;32muart:~$ [m[8D[J[1;32muart:~$ [m[8D[J[00:05:26.356,000] [0m<inf> imu: ICM-42688-P  a   4.082   5.309   7.270  g  -0.001  -0.006   0.000[0m
[1;32muart:~$ [m[8D[J[1;32muart:~$ [m[8D[J[00:05:26.458,000] [0m<inf> imu: LSM6DS3TR-C  a   3.852   5.365   7.559  g   0.024  -0.062   0.015[0m
[1;32muart:~$ [m[8D[J[00:05:26.458,000] [0m<inf> imu: LSM6DSV16X   a   4.111   5.442   7.896  g  -0.011   0.002  -0.002[0m
[1;32muart:~$ [m[8D[J[1;32muart:~$ [m[8D[J[00:05:26.459,000] [0m<inf> imu: ICM-42688-P  a   4.092   5.310   7.276  g   0.001  -0.005  -0.000[0m
[1;32muart:~$ [m[8D[J[00:05:26.560,000] [0m<inf> imu: LSM6DS3TR-C  a   3.879   5.362   7.551  g   0.025  -0.063   0.012[0m
[1;32muart:~$ [m[8D[J[1;32muart:~$ [m[8D[J[00:05:26.561,000] [0m<inf> imu: LSM6DSV16X   a   4.132   5.434   7.856  g  -0.010   0.003  -0.002[0m
[1;32muart:~$ [m[8D[J[00:05:26.561,000] [0m<inf> imu: ICM-42688-P  a   4.100   5.294   7.253  g  -0.001  -0.005  -0.001[0m
[1;32muart:~$ [m[8D[J[1;32muart:~$ [m[8D[J[00:05:26.662,000] [0m<inf> imu: LSM6DS3TR-C  a   3.871   5.369   7.612  g   0.024  -0.061   0.015[0m
[1;32muart:~$ [m[8D[J[00:05:26.663,000] [0m<inf> imu: LSM6DSV16X   a   4.120   5.439   7.875  g  -0.011   0.002  -0.002[0m
[1;32muart:~$ [m[8D[J[1;32muart:~$ [m[8D[J[00:05:26.664,000] [0m<inf> imu: ICM-42688-P  a   4.112   5.297   7.263  g   0.000  -0.005   0.000[0m
[1;32muart:~$ [m[8D[J[00:05:26.765,000] [0m<inf> imu: LSM6DS3TR-C  a   3.882   5.379   7.623  g   0.026  -0.063   0.014[0m
[1;32muart:~$ [m[8D[J[00:05:26.765,000] [0m<inf> imu: LSM6DSV16X   a   4.122   5.456   7.889  g  -0.012   0.002  -0.002[0m
[1;32muart:~$ [m[8D[J[1;32muart:~$ [m[8D[J[00:05:26.766,000] [0m<inf> imu: ICM-42688-P  a   4.104   5.308   7.276  g  -0.001  -0.005  -0.000[0m
[1;32muart:~$ [m[8D[J[00:05:26.867,000] [0m<inf> imu: LSM6DS3TR-C  a   3.882   5.336   7.619  g   0.024  -0.061   0.013[0m
[1;32muart:~$ [m[8D[J[1;32muart:~$ [m[8D[J[00:05:26.868,000] [0m<inf> imu: LSM6DSV16X   a   4.125   5.432   7.865  g  -0.012   0.002  -0.002[0m
[1;32muart:~$ [m[8D[J[00:05:26.869,000] [0m<inf> imu: ICM-42688-P  a   4.077   5.300   7.263  g  -0.001  -0.005   0.001[0m
[1;32muart:~$ [m[8D[J[00:05:26.970,000] [0m<inf> imu: LSM6DS3TR-C  a   3.864   5.400   7.617  g   0.024  -0.063   0.013[0m
[1;32muart:~$ [m[8D[J[1;32muart:~$ [m[8D[J[00:05:26.971,000] [0m<inf> imu: LSM6DSV16X   a   4.127   5.445   7.871  g  -0.012   0.002  -0.002[0m
[1;32muart:~$ [m[8D[J[00:05:26.971,000] [0m<inf> imu: ICM-42688-P  a   4.111   5.310   7.246  g  -0.000  -0.005   0.000[0m
[1;32muart:~$ [m[8D[J[1;32muart:~$ [m[8D[J[00:05:27.072,000] [0m<inf> imu: LSM6DS3TR-C  a   3.879   5.365   7.600  g   0.024  -0.062   0.013[0m
[1;32muart:~$ [m[8D[J[00:05:27.073,000] [0m<inf> imu: LSM6DSV16X   a   4.118   5.438   7.875  g  -0.012   0.002  -0.002[0m
[1;32muart:~$ [m[8D[J[1;32muart:~$ [m[8D[J[00:05:27.074,000] [0m<inf> imu: ICM-42688-P  a   4.098   5.297   7.270  g   0.000  -0.005   0.000[0m
[1;32muart:~$ [m[8D[J[00:05:27.176,000] [0m<inf> imu: LSM6DS3TR-C  a   3.793   5.387   7.563  g   0.024  -0.062   0.014[0m
[1;32muart:~$ [m[8D[J[1;32muart:~$ [m[8D[J[00:05:27.176,000] [0m<inf> imu: LSM6DSV16X   a   4.106   5.449   7.875  g  -0.011   0.002  -0.002[0m
[1;32muart:~$ [m[8D[J[00:05:27.177,000] [0m<inf> imu: ICM-42688-P  a   4.086   5.309   7.276  g  -0.001  -0.005   0.001[0m
[1;32muart:~$ [m[8D[J[1;32muart:~$ [m[8D[J[00:05:27.278,000] [0m<inf> imu: LSM6DS3TR-C  a   3.860   5.399   7.612  g   0.024  -0.063   0.013[0m
[1;32muart:~$ [m[8D[J[00:05:27.279,000] [0m<inf> imu: LSM6DSV16X   a   4.125   5.441   7.875  g  -0.012   0.002  -0.002[0m
[1;32muart:~$ [m[8D[J[1;32muart:~$ [m[8D[J[00:05:27.279,000] [0m<inf> imu: ICM-42688-P  a   4.112   5.286   7.242  g   0.001  -0.005   0.001[0m
[1;32muart:~$ [m[8D[J[00:05:27.380,000] [0m<inf> imu: LSM6DS3TR-C  a   3.848   5.377   7.583  g   0.022  -0.062   0.016[0m
[1;32muart:~$ [m[8D[J[00:05:27.381,000] [0m<inf> imu: LSM6DSV16X   a   4.137   5.434   7.868  g  -0.011   0.002  -0.002[0m
[1;32muart:~$ [m[8D[J[1;32muart:~$ [m[8D[J[00:05:27.381,000] [0m<inf> imu: ICM-42688-P  a   4.106   5.292   7.242  g   0.000  -0.004   0.000[0m
[1;32muart:~$ [m[8D[J[00:05:27.483,000] [0m<inf> imu: LSM6DS3TR-C  a   3.877   5.369   7.583  g   0.025  -0.064   0.013[0m
[1;32muart:~$ [m[8D[J[1;32muart:~$ [m[8D[J[00:05:27.484,000] [0m<inf> imu: LSM6DSV16X   a   4.113   5.438   7.875  g  -0.011   0.002  -0.002[0m
[1;32muart:~$ [m[8D[J[00:05:27.484,000] [0m<inf> imu: ICM-42688-P  a   4.085   5.307   7.276  g  -0.000  -0.005   0.000[0m
[1;32muart:~$ [m[8D[J[00:05:27.586,000] [0m<inf> imu: LSM6DS3TR-C  a   3.808   5.375   7.612  g   0.024  -0.064   0.013[0m
[1;32muart:~$ [m[8D[J[1;32muart:~$ [m[8D[J[00:05:27.586,000] [0m<inf> imu: LSM6DSV16X   a   4.116   5.441   7.879  g  -0.012   0.002  -0.002[0m
[1;32muart:~$ [m[8D[J[00:05:27.587,000] [0m<inf> imu: ICM-42688-P  a   4.099   5.288   7.266  g   0.000  -0.005   0.001[0m
[1;32muart:~$ [m[8D[J[00:05:27.688,000] [0m<inf> imu: LSM6DS3TR-C  a   3.842   5.347   7.605  g   0.026  -0.061   0.014[0m
[1;32muart:~$ [m[8D[J[00:05:27.689,000] [0m<inf> imu: LSM6DSV16X   a   4.107   5.425   7.866  g  -0.011   0.002  -0.002[0m
[1;32muart:~$ [m[8D[J[1;32muart:~$ [m[8D[J[00:05:27.689,000] [0m<inf> imu: ICM-42688-P  a   4.092   5.298   7.259  g  -0.001  -0.005   0.001[0m
[1;32muart:~$ [m[8D[J[1;32muart:~$ [m[8D[J[00:05:27.790,000] [0m<inf> imu: LSM6DS3TR-C  a   3.872   5.381   7.569  g   0.024  -0.063   0.013[0m
[1;32muart:~$ [m[8D[J[00:05:27.791,000] [0m<inf> imu: LSM6DSV16X   a   4.135   5.451   7.870  g  -0.012   0.001  -0.002[0m
[1;32muart:~$ [m[8D[J[1;32muart:~$ [m[8D[J[00:05:27.791,000] [0m<inf> imu: ICM-42688-P  a   4.112   5.306   7.258  g  -0.001  -0.005  -0.001[0m
[1;32muart:~$ [m[8D[J[00:05:27.893,000] [0m<inf> imu: LSM6DS3TR-C  a   3.855   5.352   7.580  g   0.024  -0.061   0.013[0m
[1;32muart:~$ [m[8D[J[1;32muart:~$ [m[8D[J[00:05:27.894,000] [0m<inf> imu: LSM6DSV16X   a   4.119   5.423   7.880  g  -0.011   0.002  -0.002[0m
[1;32muart:~$ [m[8D[J[00:05:27.894,000] [0m<inf> imu: ICM-42688-P  a   4.077   5.278   7.272  g  -0.001  -0.005  -0.001[0m
[1;32muart:~$ [m[8D[J[1;32muart:~$ [m[8D[J[00:05:27.995,000] [0m<inf> imu: LSM6DS3TR-C  a   3.855   5.396   7.578  g   0.024  -0.064   0.013[0m
[1;32muart:~$ [m[8D[J[00:05:27.996,000] [0m<inf> imu: LSM6DSV16X   a   4.127   5.453   7.863  g  -0.012   0.003  -0.002[0m
[1;32muart:~$ [m[8D[J[1;32muart:~$ [m[8D[J[00:05:27.996,000] [0m<inf> imu: ICM-42688-P  a   4.112   5.303   7.277  g   0.000  -0.005   0.000[0m
[1;32muart:~$ [m[8D[J[00:05:28.097,000] [0m<inf> imu: LSM6DS3TR-C  a   3.864   5.331   7.549  g   0.023  -0.062   0.013[0m
[1;32muart:~$ [m[8D[J[00:05:28.098,000] [0m<inf> imu: LSM6DSV16X   a   4.120   5.425   7.870  g  -0.011   0.001  -0.002[0m
[1;32muart:~$ [m[8D[J[1;32muart:~$ [m[8D[J[00:05:28.099,000] [0m<inf> imu: ICM-42688-P  a   4.096   5.284   7.262  g  -0.000  -0.005  -0.001[0m
[1;32muart:~$ [m[8D[J[00:05:28.200,000] [0m<inf> imu: LSM6DS3TR-C  a   3.862   5.369   7.627  g   0.024  -0.062   0.013[0m
[1;32muart:~$ [m[8D[J[00:05:28.201,000] [0m<inf> imu: LSM6DSV16X   a   4.125   5.450   7.860  g  -0.011   0.002  -0.002[0m
[1;32muart:~$ [m[8D[J[00:05:28.202,000] [0m<inf> imu: ICM-42688-P  a   4.093   5.320   7.268  g  -0.001  -0.005   0.000[0m
[1;32muart:~$ [m[8D[J[1;32muart:~$ [m[8D[J[00:05:28.303,000] [0m<inf> imu: LSM6DS3TR-C  a   3.854   5.367   7.586  g   0.024  -0.063   0.016[0m
[1;32muart:~$ [m[8D[J[00:05:28.303,000] [0m<inf> imu: LSM6DSV16X   a   4.111   5.434   7.875  g  -0.011   0.001  -0.002[0m
[1;32muart:~$ [m[8D[J[1;32muart:~$ [m[8D[J[00:05:28.304,000] [0m<inf> imu: ICM-42688-P  a   4.094   5.306   7.262  g   0.000  -0.005   0.000[0m
[1;32muart:~$ [m[8D[J[00:05:28.406,000] [0m<inf> imu: LSM6DS3TR-C  a   3.901   5.353   7.585  g   0.025  -0.062   0.015[0m
[1;32muart:~$ [m[8D[J[00:05:28.406,000] [0m<inf> imu: LSM6DSV16X   a   4.127   5.441   7.860  g  -0.011   0.002  -0.002[0m
[1;32muart:~$ [m[8D[J[1;32muart:~$ [m[8D[J[00:05:28.407,000] [0m<inf> imu: ICM-42688-P  a   4.119   5.301   7.260  g  -0.001  -0.005   0.000[0m
[1;32muart:~$ [m[8D[J[1;32muart:~$ [m[8D[J[00:05:28.509,000] [0m<inf> imu: LSM6DS3TR-C  a   3.844   5.342   7.624  g   0.024  -0.063   0.012[0m
[1;32muart:~$ [m[8D[J[00:05:28.509,000] [0m<inf> imu: LSM6DSV16X   a   4.123   5.435   7.863  g  -0.011   0.002  -0.002[0m
[1;32muart:~$ [m[8D[J[1;32muart:~$ [m[8D[J[00:05:28.510,000] [0m<inf> imu: ICM-42688-P  a   4.106   5.286   7.258  g   0.001  -0.005   0.000[0m
[1;32muart:~$ [m[8D[J[00:05:28.611,000] [0m<inf> imu: LSM6DS3TR-C  a   3.851   5.408   7.600  g   0.024  -0.063   0.014[0m
[1;32muart:~$ [m[8D[J[1;32muart:~$ [m[8D[J[00:05:28.612,000] [0m<inf> imu: LSM6DSV16X   a   4.125   5.441   7.872  g  -0.011   0.002  -0.002[0m
[1;32muart:~$ [m[8D[J[00:05:28.612,000] [0m<inf> imu: ICM-42688-P  a   4.094   5.313   7.282  g  -0.000  -0.005  -0.001[0m
[1;32muart:~$ [m[8D[J[1;32muart:~$ [m[8D[J[00:05:28.713,000] [0m<inf> imu: LSM6DS3TR-C  a   3.840   5.369   7.587  g   0.024  -0.062   0.015[0m
[1;32muart:~$ [m[8D[J[00:05:28.714,000] [0m<inf> imu: LSM6DSV16X   a   4.123   5.436   7.867  g  -0.011   0.002  -0.002[0m
[1;32muart:~$ [m[8D[J[1;32muart:~$ [m[8D[J[00:05:28.714,000] [0m<inf> imu: ICM-42688-P  a   4.090   5.308   7.262  g  -0.001  -0.005  -0.000[0m
[1;32muart:~$ [m[8D[J[00:05:28.815,000] [0m<inf> imu: LSM6DS3TR-C  a   3.872   5.364   7.610  g   0.024  -0.062   0.013[0m
[1;32muart:~$ [m[8D[J[00:05:28.816,000] [0m<inf> imu: LSM6DSV16X   a   4.125   5.448   7.865  g  -0.012   0.002  -0.003[0m
[1;32muart:~$ [m[8D[J[1;32muart:~$ [m[8D[J[00:05:28.817,000] [0m<inf> imu: ICM-42688-P  a   4.098   5.306   7.256  g   0.000  -0.004  -0.001[0m
[1;32muart:~$ [m[8D[J[00:05:28.918,000] [0m<inf> imu: LSM6DS3TR-C  a   3.876   5.335   7.610  g   0.024  -0.063   0.011[0m
[1;32muart:~$ [m[8D[J[00:05:28.920,000] [0m<inf> imu: LSM6DSV16X   a   4.123   5.436   7.863  g  -0.012   0.002  -0.002[0m
[1;32muart:~$ [m[8D[J[1;32muart:~$ [m[8D[J[00:05:28.920,000] [0m<inf> imu: ICM-42688-P  a   4.104   5.294   7.257  g   0.000  -0.005   0.001[0m
[1;32muart:~$ [m[8D[J[00:05:29.021,000] [0m<inf> imu: LSM6DS3TR-C  a   3.844   5.388   7.579  g   0.023  -0.063   0.014[0m
[1;32muart:~$ [m[8D[J[1;32muart:~$ [m[8D[J[00:05:29.022,000] [0m<inf> imu: LSM6DSV16X   a   4.120   5.434   7.872  g  -0.010   0.002  -0.002[0m
[1;32muart:~$ [m[8D[J[00:05:29.023,000] [0m<inf> imu: ICM-42688-P  a   4.100   5.297   7.275  g  -0.001  -0.005   0.000[0m
[1;32muart:~$ [m[8D[J[1;32muart:~$ [m[8D[J[00:05:29.125,000] [0m<inf> imu: LSM6DS3TR-C  a   3.836   5.352   7.571  g   0.024  -0.063   0.015[0m
[1;32muart:~$ [m[8D[J[00:05:29.126,000] [0m<inf> imu: LSM6DSV16X   a   4.123   5.439   7.869  g  -0.011   0.002  -0.002[0m
[1;32muart:~$ [m[8D[J[1;32muart:~$ [m[8D[J[00:05:29.126,000] [0m<inf> imu: ICM-42688-P  a   4.093   5.304   7.256  g   0.000  -0.005   0.000[0m
[1;32muart:~$ [m[8D[J[00:05:29.228,000] [0m<inf> imu: LSM6DS3TR-C  a   3.821   5.381   7.569  g   0.025  -0.061   0.011[0m
[1;32muart:~$ [m[8D[J[1;32muart:~$ [m[8D[J[00:05:29.228,000] [0m<inf> imu: LSM6DSV16X   a   4.128   5.437   7.863  g  -0.012   0.002  -0.002[0m
[1;32muart:~$ [m[8D[J[00:05:29.229,000] [0m<inf> imu: ICM-42688-P  a   4.105   5.307   7.257  g  -0.001  -0.004   0.000[0m
[1;32muart:~$ [m[8D[J[1;32muart:~$ [m[8D[J[00:05:29.330,000] [0m<inf> imu: LSM6DS3TR-C  a   3.852   5.370   7.588  g   0.023  -0.063   0.015[0m
[1;32muart:~$ [m[8D[J[00:05:29.331,000] [0m<inf> imu: LSM6DSV16X   a   4.126   5.439   7.877  g  -0.012   0.002  -0.002[0m
[1;32muart:~$ [m[8D[J[1;32muart:~$ [m[8D[J[00:05:29.331,000] [0m<inf> imu: ICM-42688-P  a   4.105   5.285   7.268  g  -0.001  -0.005   0.000[0m
[1;32muart:~$ [m[8D[J[00:05:29.432,000] [0m<inf> imu: LSM6DS3TR-C  a   3.878   5.343   7.522  g   0.025  -0.063   0.014[0m
[1;32muart:~$ [m[8D[J[00:05:29.433,000] [0m<inf> imu: LSM6DSV16X   a   4.120   5.434   7.866  g  -0.012   0.001  -0.002[0m
[1;32muart:~$ [m[8D[J[1;32muart:~$ [m[8D[J[00:05:29.433,000] [0m<inf> imu: ICM-42688-P  a   4.090   5.295   7.254  g  -0.001  -0.005   0.000[0m
[1;32muart:~$ [m[8D[J[00:05:29.535,000] [0m<inf> imu: LSM6DS3TR-C  a   3.868   5.380   7.555  g   0.025  -0.063   0.014[0m
[1;32muart:~$ [m[8D[J[1;32muart:~$ [m[8D[J[00:05:29.536,000] [0m<inf> imu: LSM6DSV16X   a   4.116   5.439   7.878  g  -0.013   0.002  -0.002[0m
[1;32muart:~$ [m[8D[J[00:05:29.537,000] [0m<inf> imu: ICM-42688-P  a   4.095   5.314   7.280  g   0.000  -0.006   0.001[0m
[1;32muart:~$ [m[8D[J[00:05:29.638,000] [0m<inf> imu: LSM6DS3TR-C  a   3.852   5.365   7.583  g   0.025  -0.063   0.014[0m
[1;32muart:~$ [m[8D[J[1;32muart:~$ [m[8D[J[00:05:29.638,000] [0m<inf> imu: LSM6DSV16X   a   4.123   5.444   7.860  g  -0.012   0.002  -0.002[0m
[1;32muart:~$ [m[8D[J[00:05:29.639,000] [0m<inf> imu: ICM-42688-P  a   4.100   5.298   7.262  g   0.000  -0.005  -0.001[0m
[1;32muart:~$ [m[8D[J[00:05:29.740,000] [0m<inf> imu: LSM6DS3TR-C  a   3.885   5.364   7.582  g   0.022  -0.064   0.015[0m
[1;32muart:~$ [m[8D[J[00:05:29.741,000] [0m<inf> imu: LSM6DSV16X   a   4.132   5.441   7.866  g  -0.012   0.002  -0.002[0m
[1;32muart:~$ [m[8D[J[1;32muart:~$ [m[8D[J[00:05:29.741,000] [0m<inf> imu: ICM-42688-P  a   4.120   5.298   7.272  g   0.000  -0.005   0.000[0m
[1;32muart:~$ [m[8D[J[1;32muart:~$ [m[8D[J[00:05:29.842,000] [0m<inf> imu: LSM6DS3TR-C  a   3.855   5.371   7.588  g   0.022  -0.062   0.014[0m
[1;32muart:~$ [m[8D[J[00:05:29.843,000] [0m<inf> imu: LSM6DSV16X   a   4.118   5.424   7.856  g  -0.011   0.002  -0.002[0m
[1;32muart:~$ [m[8D[J[00:05:29.843,000] [0m<inf> imu: ICM-42688-P  a   4.092   5.297   7.269  g   0.000  -0.005   0.001[0m
[1;32muart:~$ [m[8D[J[00:05:29.945,000] [0m<inf> imu: LSM6DS3TR-C  a   3.840   5.383   7.578  g   0.024  -0.061   0.015[0m
[1;32muart:~$ [m[8D[J[1;32muart:~$ [m[8D[J[00:05:29.945,000] [0m<inf> imu: LSM6DSV16X   a   4.108   5.447   7.880  g  -0.011   0.002  -0.002[0m
[1;32muart:~$ [m[8D[J[00:05:29.946,000] [0m<inf> imu: ICM-42688-P  a   4.102   5.304   7.270  g   0.000  -0.006   0.000[0m
[1;32muart:~$ [m[8D[J[1;32muart:~$ [m[8D[J[00:05:30.047,000] [0m<inf> imu: LSM6DS3TR-C  a   3.863   5.359   7.604  g   0.023  -0.063   0.015[0m
[1;32muart:~$ [m[8D[J[00:05:30.048,000] [0m<inf> imu: LSM6DSV16X   a   4.117   5.444   7.877  g  -0.012   0.001  -0.002[0m
[1;32muart:~$ [m[8D[J[1;32muart:~$ [m[8D[J[00:05:30.048,000] [0m<inf> imu: ICM-42688-P  a   4.096   5.302   7.275  g  -0.000  -0.005   0.000[0m
[1;32muart:~$ [m[8D[J[00:05:30.149,000] [0m<inf> imu: LSM6DS3TR-C  a   3.826   5.384   7.621  g   0.024  -0.061   0.013[0m
[1;32muart:~$ [m[8D[J[00:05:30.150,000] [0m<inf> imu: LSM6DSV16X   a   4.123   5.441   7.863  g  -0.012   0.002  -0.003[0m
[1;32muart:~$ [m[8D[J[00:05:30.150,000] [0m<inf> imu: ICM-42688-P  a   4.100   5.303   7.277  g  -0.001  -0.005  -0.001[0m
[1;32muart:~$ [m[8D[J[1;32muart:~$ [m[8D[J[00:05:30.252,000] [0m<inf> imu: LSM6DS3TR-C  a   3.836   5.374   7.600  g   0.025  -0.063   0.013[0m
[1;32muart:~$ [m[8D[J[00:05:30.253,000] [0m<inf> imu: LSM6DSV16X   a   4.118   5.431   7.866  g  -0.012   0.002  -0.002[0m
[1;32muart:~$ [m[8D[J[00:05:30.254,000] [0m<inf> imu: ICM-42688-P  a   4.105   5.302   7.264  g  -0.001  -0.005   0.000[0m
[1;32muart:~$ [m[8D[J[1;32muart:~$ [m[8D[J[00:05:30.355,000] [0m<inf> imu: LSM6DS3TR-C  a   3.805   5.373   7.558  g   0.026  -0.064   0.013[0m
[1;32muart:~$ [m[8D[J[00:05:30.357,000] [0m<inf> imu: LSM6DSV16X   a   4.111   5.444   7.875  g  -0.011   0.002  -0.002[0m
[1;32muart:~$ [m[8D[J[1;32muart:~$ [m[8D[J[00:05:30.358,000] [0m<inf> imu: ICM-42688-P  a   4.105   5.295   7.274  g  -0.001  -0.005   0.000[0m
[1;32muart:~$ [m[8D[J[00:05:30.459,000] [0m<inf> imu: LSM6DS3TR-C  a   3.842   5.341   7.582  g   0.025  -0.062   0.016[0m
[1;32muart:~$ [m[8D[J[1;32muart:~$ [m[8D[J[00:05:30.459,000] [0m<inf> imu: LSM6DSV16X   a   4.120   5.441   7.868  g  -0.011   0.002  -0.002[0m
[1;32muart:~$ [m[8D[J[00:05:30.460,000] [0m<inf> imu: ICM-42688-P  a   4.102   5.298   7.268  g  -0.002  -0.005  -0.001[0m
[1;32muart:~$ [m[8D[J[1;32muart:~$ [m[8D[J[00:05:30.561,000] [0m<inf> imu: LSM6DS3TR-C  a   3.860   5.367   7.598  g   0.024  -0.061   0.013[0m
[1;32muart:~$ [m[8D[J[00:05:30.562,000] [0m<inf> imu: LSM6DSV16X   a   4.125   5.453   7.872  g  -0.012   0.002  -0.002[0m
[1;32muart:~$ [m[8D[J[1;32muart:~$ [m[8D[J[00:05:30.562,000] [0m<inf> imu: ICM-42688-P  a   4.114   5.298   7.245  g  -0.000  -0.005   0.000[0m
[1;32muart:~$ [m[8D[J[00:05:30.664,000] [0m<inf> imu: LSM6DS3TR-C  a   3.848   5.382   7.591  g   0.024  -0.064   0.015[0m
[1;32muart:~$ [m[8D[J[1;32muart:~$ [m[8D[J[00:05:30.664,000] [0m<inf> imu: LSM6DSV16X   a   4.119   5.435   7.865  g  -0.012   0.002  -0.002[0m
[1;32muart:~$ [m[8D[J[00:05:30.665,000] [0m<inf> imu: ICM-42688-P  a   4.108   5.296   7.252  g   0.000  -0.005  -0.001[0m
[1;32muart:~$ [m[8D[J[1;32muart:~$ [m[8D[J[00:05:30.766,000] [0m<inf> imu: LSM6DS3TR-C  a   3.857   5.417   7.588  g   0.024  -0.063   0.015[0m
[1;32muart:~$ [m[8D[J[00:05:30.767,000] [0m<inf> imu: LSM6DSV16X   a   4.128   5.441   7.881  g  -0.011   0.002  -0.002[0m
[1;32muart:~$ [m[8D[J[1;32muart:~$ [m[8D[J[00:05:30.767,000] [0m<inf> imu: ICM-42688-P  a   4.125   5.301   7.262  g   0.001  -0.004  -0.001[0m
[1;32muart:~$ [m[8D[J[00:05:30.868,000] [0m<inf> imu: LSM6DS3TR-C  a   3.874   5.334   7.585  g   0.026  -0.063   0.014[0m
[1;32muart:~$ [m[8D[J[00:05:30.869,000] [0m<inf> imu: LSM6DSV16X   a   4.110   5.441   7.872  g  -0.011   0.002  -0.002[0m
[1;32muart:~$ [m[8D[J[1;32muart:~$ [m[8D[J[00:05:30.869,000] [0m<inf> imu: ICM-42688-P  a   4.099   5.304   7.272  g   0.001  -0.005   0.000[0m
[1;32muart:~$ [m[8D[J[00:05:30.971,000] [0m<inf> imu: LSM6DS3TR-C  a   3.839   5.406   7.580  g   0.025  -0.063   0.014[0m
[1;32muart:~$ [m[8D[J[1;32muart:~$ [m[8D[J[00:05:30.971,000] [0m<inf> imu: LSM6DSV16X   a   4.125   5.456   7.879  g  -0.011   0.001  -0.002[0m
[1;32muart:~$ [m[8D[J[00:05:30.972,000] [0m<inf> imu: ICM-42688-P  a   4.102   5.321   7.281  g   0.000  -0.005  -0.001[0m
[1;32muart:~$ [m[8D[J[00:05:31.073,000] [0m<inf> imu: LSM6DS3TR-C  a   3.827   5.323   7.609  g   0.024  -0.061   0.015[0m
[1;32muart:~$ [m[8D[J[1;32muart:~$ [m[8D[J[00:05:31.074,000] [0m<inf> imu: LSM6DSV16X   a   4.120   5.429   7.861  g  -0.012   0.001  -0.002[0m
[1;32muart:~$ [m[8D[J[00:05:31.074,000] [0m<inf> imu: ICM-42688-P  a   4.108   5.309   7.272  g   0.000  -0.005   0.001[0m
[1;32muart:~$ [m[8D[J[00:05:31.176,000] [0m<inf> imu: LSM6DS3TR-C  a   3.857   5.380   7.607  g   0.024  -0.063   0.012[0m
[1;32muart:~$ [m[8D[J[1;32muart:~$ [m[8D[J[00:05:31.177,000] [0m<inf> imu: LSM6DSV16X   a   4.132   5.446   7.866  g  -0.011   0.002  -0.002[0m
[1;32muart:~$ [m[8D[J[00:05:31.177,000] [0m<inf> imu: ICM-42688-P  a   4.116   5.316   7.256  g  -0.000  -0.005   0.000[0m
[1;32muart:~$ [m[8D[J[1;32muart:~$ [m[8D[J[00:05:31.278,000] [0m<inf> imu: LSM6DS3TR-C  a   3.908   5.338   7.582  g   0.024  -0.064   0.013[0m
[1;32muart:~$ [m[8D[J[00:05:31.279,000] [0m<inf> imu: LSM6DSV16X   a   4.122   5.434   7.872  g  -0.012   0.002  -0.002[0m
[1;32muart:~$ [m[8D[J[1;32muart:~$ [m[8D[J[00:05:31.279,000] [0m<inf> imu: ICM-42688-P  a   4.111   5.300   7.259  g  -0.000  -0.005   0.001[0m
[1;32muart:~$ [m[8D[J[00:05:31.380,000] [0m<inf> imu: LSM6DS3TR-C  a   3.869   5.383   7.583  g   0.024  -0.063   0.013[0m
[1;32muart:~$ [m[8D[J[1;32muart:~$ [m[8D[J[00:05:31.381,000] [0m<inf> imu: LSM6DSV16X   a   4.135   5.444   7.863  g  -0.011   0.002  -0.002[0m
[1;32muart:~$ [m[8D[J[00:05:31.382,000] [0m<inf> imu: ICM-42688-P  a   4.118   5.300   7.268  g   0.000  -0.005   0.000[0m
[1;32muart:~$ [m[8D[J[1;32muart:~$ [m[8D[J[00:05:31.483,000] [0m<inf> imu: LSM6DS3TR-C  a   3.848   5.395   7.594  g   0.025  -0.061   0.013[0m
[1;32muart:~$ [m[8D[J[00:05:31.483,000] [0m<inf> imu: LSM6DSV16X   a   4.118   5.430   7.869  g  -0.011   0.003  -0.002[0m
[1;32muart:~$ [m[8D[J[1;32muart:~$ [m[8D[J[00:05:31.484,000] [0m<inf> imu: ICM-42688-P  a   4.093   5.306   7.262  g   0.000  -0.005   0.001[0m
[1;32muart:~$ [m[8D[J[00:05:31.585,000] [0m<inf> imu: LSM6DS3TR-C  a   3.835   5.359   7.612  g   0.024  -0.060   0.013[0m
[1;32muart:~$ [m[8D[J[00:05:31.586,000] [0m<inf> imu: LSM6DSV16X   a   4.123   5.450   7.868  g  -0.012   0.002  -0.002[0m
[1;32muart:~$ [m[8D[J[1;32muart:~$ [m[8D[J[00:05:31.586,000] [0m<inf> imu: ICM-42688-P  a   4.093   5.318   7.276  g  -0.001  -0.005  -0.000[0m
[1;32muart:~$ [m[8D[J[00:05:31.688,000] [0m<inf> imu: LSM6DS3TR-C  a   3.877   5.361   7.574  g   0.024  -0.063   0.013[0m
[1;32muart:~$ [m[8D[J[1;32muart:~$ [m[8D[J[00:05:31.689,000] [0m<inf> imu: LSM6DSV16X   a   4.135   5.423   7.862  g  -0.011   0.002  -0.002[0m
[1;32muart:~$ [m[8D[J[00:05:31.690,000] [0m<inf> imu: ICM-42688-P  a   4.112   5.292   7.270  g   0.001  -0.005  -0.000[0m
[1;32muart:~$ [m[8D[J[00:05:31.791,000] [0m<inf> imu: LSM6DS3TR-C  a   3.871   5.365   7.567  g   0.021  -0.061   0.015[0m
[1;32muart:~$ [m[8D[J[1;32muart:~$ [m[8D[J[00:05:31.792,000] [0m<inf> imu: LSM6DSV16X   a   4.122   5.425   7.865  g  -0.011   0.002  -0.002[0m
[1;32muart:~$ [m[8D[J[00:05:31.792,000] [0m<inf> imu: ICM-42688-P  a   4.082   5.306   7.268  g  -0.001  -0.005   0.000[0m
[1;32muart:~$ [m[8D[J[00:05:31.893,000] [0m<inf> imu: LSM6DS3TR-C  a   3.857   5.388   7.540  g   0.025  -0.062   0.014[0m
[1;32muart:~$ [m[8D[J[00:05:31.894,000] [0m<inf> imu: LSM6DSV16X   a   4.126   5.439   7.875  g  -0.012   0.002  -0.002[0m
[1;32muart:~$ [m[8D[J[1;32muart:~$ [m[8D[J[00:05:31.895,000] [0m<inf> imu: ICM-42688-P  a   4.098   5.297   7.259  g  -0.000  -0.005   0.000[0m
[1;32muart:~$ [m[8D[J[1;32muart:~$ [m[8D[J[00:05:31.996,000] [0m<inf> imu: LSM6DS3TR-C  a   3.857   5.330   7.548  g   0.025  -0.063   0.014[0m
[1;32muart:~$ [m[8D[J[00:05:31.996,000] [0m<inf> imu: LSM6DSV16X   a   4.120   5.429   7.865  g  -0.011   0.002  -0.002[0m
[1;32muart:~$ [m[8D[J[00:05:31.997,000] [0m<inf> imu: ICM-42688-P  a   4.101   5.283   7.253  g   0.000  -0.005   0.001[0m
[1;32muart:~$ [m[8D[J[00:05:32.098,000] [0m<inf> imu: LSM6DS3TR-C  a   3.861   5.388   7.605  g   0.024  -0.062   0.013[0m
[1;32muart:~$ [m[8D[J[1;32muart:~$ [m[8D[J[00:05:32.099,000] [0m<inf> imu: LSM6DSV16X   a   4.113   5.444   7.870  g  -0.011   0.002  -0.002[0m
[1;32muart:~$ [m[8D[J[00:05:32.099,000] [0m<inf> imu: ICM-42688-P  a   4.093   5.312   7.266  g   0.000  -0.006  -0.001[0m
[1;32muart:~$ [m[8D[J[1;32muart:~$ [m[8D[J[00:05:32.200,000] [0m<inf> imu: LSM6DS3TR-C  a   3.843   5.339   7.610  g   0.024  -0.062   0.014[0m
[1;32muart:~$ [m[8D[J[00:05:32.201,000] [0m<inf> imu: LSM6DSV16X   a   4.118   5.443   7.870  g  -0.012   0.001  -0.002[0m
[1;32muart:~$ [m[8D[J[1;32muart:~$ [m[8D[J[00:05:32.201,000] [0m<inf> imu: ICM-42688-P  a   4.100   5.296   7.268  g  -0.001  -0.005   0.000[0m
[1;32muart:~$ [m[8D[J[00:05:32.302,000] [0m<inf> imu: LSM6DS3TR-C  a   3.852   5.356   7.582  g   0.024  -0.063   0.016[0m
[1;32muart:~$ [m[8D[J[1;32muart:~$ [m[8D[J[00:05:32.303,000] [0m<inf> imu: LSM6DSV16X   a   4.128   5.436   7.863  g  -0.012   0.001  -0.002[0m
[1;32muart:~$ [m[8D[J[00:05:32.304,000] [0m<inf> imu: ICM-42688-P  a   4.117   5.297   7.240  g   0.000  -0.005   0.000[0m
[1;32muart:~$ [m[8D[J[00:05:32.405,000] [0m<inf> imu: LSM6DS3TR-C  a   3.850   5.389   7.573  g   0.025  -0.064   0.013[0m
[1;32muart:~$ [m[8D[J[00:05:32.407,000] [0m<inf> imu: LSM6DSV16X   a   4.132   5.436   7.867  g  -0.011   0.003  -0.002[0m
[1;32muart:~$ [m[8D[J[00:05:32.407,000] [0m<inf> imu: ICM-42688-P  a   4.119   5.291   7.256  g   0.000  -0.005   0.001[0m
[1;32muart:~$ [m[8D[J[1;32muart:~$ [m[8D[J[00:05:32.509,000] [0m<inf> imu: LSM6DS3TR-C  a   3.814   5.374   7.576  g   0.025  -0.062   0.014[0m
[1;32muart:~$ [m[8D[J[00:05:32.509,000] [0m<inf> imu: LSM6DSV16X   a   4.116   5.434   7.872  g  -0.011   0.003  -0.002[0m
[1;32muart:~$ [m[8D[J[1;32muart:~$ [m[8D[J[00:05:32.510,000] [0m<inf> imu: ICM-42688-P  a   4.082   5.295   7.276  g   0.001  -0.005   0.000[0m
[1;32muart:~$ [m[8D[J[00:05:32.611,000] [0m<inf> imu: LSM6DS3TR-C  a   3.860   5.387   7.606  g   0.026  -0.064   0.013[0m
[1;32muart:~$ [m[8D[J[1;32muart:~$ [m[8D[J[00:05:32.612,000] [0m<inf> imu: LSM6DSV16X   a   4.121   5.444   7.868  g  -0.011   0.001  -0.002[0m
[1;32muart:~$ [m[8D[J[00:05:32.613,000] [0m<inf> imu: ICM-42688-P  a   4.088   5.302   7.260  g  -0.000  -0.004  -0.000[0m
[1;32muart:~$ [m[8D[J[1;32muart:~$ [m[8D[J[00:05:32.714,000] [0m<inf> imu: LSM6DS3TR-C  a   3.871   5.369   7.580  g   0.023  -0.062   0.015[0m
[1;32muart:~$ [m[8D[J[00:05:32.715,000] [0m<inf> imu: LSM6DSV16X   a   4.117   5.420   7.862  g  -0.011   0.002  -0.002[0m
[1;32muart:~$ [m[8D[J[1;32muart:~$ [m[8D[J[00:05:32.715,000] [0m<inf> imu: ICM-42688-P  a   4.112   5.285   7.251  g   0.001  -0.005   0.000[0m
[1;32muart:~$ [m[8D[J[00:05:32.816,000] [0m<inf> imu: LSM6DS3TR-C  a   3.854   5.377   7.600  g   0.024  -0.063   0.014[0m
[1;32muart:~$ [m[8D[J[1;32muart:~$ [m[8D[J[00:05:32.817,000] [0m<inf> imu: LSM6DSV16X   a   4.137   5.429   7.863  g  -0.011   0.003  -0.002[0m
[1;32muart:~$ [m[8D[J[00:05:32.818,000] [0m<inf> imu: ICM-42688-P  a   4.117   5.291   7.256  g   0.000  -0.005   0.001[0m
[1;32muart:~$ [m[8D[J[1;32muart:~$ [m[8D[J[00:05:32.919,000] [0m<inf> imu: LSM6DS3TR-C  a   3.894   5.316   7.569  g   0.025  -0.062   0.013[0m
[1;32muart:~$ [m[8D[J[00:05:32.919,000] [0m<inf> imu: LSM6DSV16X   a   4.125   5.446   7.863  g  -0.011   0.002  -0.002[0m
[1;32muart:~$ [m[8D[J[1;32muart:~$ [m[8D[J[00:05:32.920,000] [0m<inf> imu: ICM-42688-P  a   4.108   5.296   7.247  g  -0.000  -0.005   0.000[0m
[1;32muart:~$ [m[8D[J[00:05:33.021,000] [0m<inf> imu: LSM6DS3TR-C  a   3.857   5.349   7.576  g   0.024  -0.062   0.014[0m
[1;32muart:~$ [m[8D[J[00:05:33.022,000] [0m<inf> imu: LSM6DSV16X   a   4.108   5.441   7.871  g  -0.012   0.002  -0.002[0m
[1;32muart:~$ [m[8D[J[1;32muart:~$ [m[8D[J[00:05:33.022,000] [0m<inf> imu: ICM-42688-P  a   4.100   5.313   7.260  g  -0.001  -0.005   0.000[0m
[1;32muart:~$ [m[8D[J[00:05:33.124,000] [0m<inf> imu: LSM6DS3TR-C  a   3.862   5.341   7.597  g   0.024  -0.063   0.013[0m
[1;32muart:~$ [m[8D[J[00:05:33.125,000] [0m<inf> imu: LSM6DSV16X   a   4.118   5.425   7.859  g  -0.012   0.002  -0.003[0m
[1;32muart:~$ [m[8D[J[1;32muart:~$ [m[8D[J[00:05:33.125,000] [0m<inf> imu: ICM-42688-P  a   4.112   5.285   7.248  g   0.000  -0.005  -0.001[0m
[1;32muart:~$ [m[8D[J[00:05:33.226,000] [0m<inf> imu: LSM6DS3TR-C  a   3.873   5.362   7.606  g   0.025  -0.061   0.013[0m
[1;32muart:~$ [m[8D[J[1;32muart:~$ [m[8D[J[00:05:33.227,000] [0m<inf> imu: LSM6DSV16X   a   4.128   5.437   7.862  g  -0.012   0.002  -0.002[0m
[1;32muart:~$ [m[8D[J[00:05:33.227,000] [0m<inf> imu: ICM-42688-P  a   4.108   5.294   7.259  g   0.000  -0.005   0.001[0m
[1;32muart:~$ [m[8D[J[00:05:33.329,000] [0m<inf> imu: LSM6DS3TR-C  a   3.844   5.339   7.591  g   0.024  -0.062   0.015[0m
[1;32muart:~$ [m[8D[J[00:05:33.329,000] [0m<inf> imu: LSM6DSV16X   a   4.102   5.431   7.858  g  -0.011   0.002  -0.002[0m
[1;32muart:~$ [m[8D[J[1;32muart:~$ [m[8D[J[00:05:33.330,000] [0m<inf> imu: ICM-42688-P  a   4.085   5.282   7.260  g   0.000  -0.005  -0.000[0m
[1;32muart:~$ [m[8D[J[1;32muart:~$ [m[8D[J[00:05:33.431,000] [0m<inf> imu: LSM6DS3TR-C  a   3.873   5.405   7.628  g   0.025  -0.064   0.012[0m
[1;32muart:~$ [m[8D[J[00:05:33.432,000] [0m<inf> imu: LSM6DSV16X   a   4.120   5.459   7.903  g  -0.011   0.002  -0.002[0m
[1;32muart:~$ [m[8D[J[1;32muart:~$ [m[8D[J[00:05:33.432,000] [0m<inf> imu: ICM-42688-P  a   4.088   5.335   7.299  g  -0.001  -0.005   0.001[0m
[1;32muart:~$ [m[8D[J[00:05:33.533,000] [0m<inf> imu: LSM6DS3TR-C  a   3.853   5.329   7.600  g   0.024  -0.062   0.013[0m
[1;32muart:~$ [m[8D[J[1;32muart:~$ [m[8D[J[00:05:33.534,000] [0m<inf> imu: LSM6DSV16X   a   4.120   5.423   7.856  g  -0.011   0.003  -0.003[0m
[1;32muart:~$ [m[8D[J[00:05:33.535,000] [0m<inf> imu: ICM-42688-P  a   4.104   5.280   7.233  g  -0.001  -0.005  -0.001[0m
[1;32muart:~$ [m[8D[J[1;32muart:~$ [m[8D[J[00:05:33.636,000] [0m<inf> imu: LSM6DS3TR-C  a   3.882   5.343   7.578  g   0.024  -0.063   0.014[0m
[1;32muart:~$ [m[8D[J[00:05:33.636,000] [0m<inf> imu: LSM6DSV16X   a   4.132   5.446   7.880  g  -0.011   0.002  -0.002[0m
[1;32muart:~$ [m[8D[J[1;32muart:~$ [m[8D[J[00:05:33.637,000] [0m<inf> imu: ICM-42688-P  a   4.122   5.309   7.263  g   0.000  -0.006   0.001[0m
[1;32muart:~$ [m[8D[J[00:05:33.738,000] [0m<inf> imu: LSM6DS3TR-C  a   3.865   5.358   7.581  g   0.024  -0.063   0.013[0m
[1;32muart:~$ [m[8D[J[00:05:33.739,000] [0m<inf> imu: LSM6DSV16X   a   4.108   5.444   7.863  g  -0.012   0.002  -0.002[0m
[1;32muart:~$ [m[8D[J[1;32muart:~$ [m[8D[J[00:05:33.739,000] [0m<inf> imu: ICM-42688-P  a   4.107   5.298   7.252  g   0.000  -0.005   0.000[0m
[1;32muart:~$ [m[8D[J[00:05:33.841,000] [0m<inf> imu: LSM6DS3TR-C  a   3.873   5.389   7.582  g   0.025  -0.062   0.012[0m
[1;32muart:~$ [m[8D[J[00:05:33.842,000] [0m<inf> imu: LSM6DSV16X   a   4.113   5.450   7.884  g  -0.011   0.001  -0.002[0m
[1;32muart:~$ [m[8D[J[1;32muart:~$ [m[8D[J[00:05:33.843,000] [0m<inf> imu: ICM-42688-P  a   4.085   5.300   7.266  g   0.001  -0.005  -0.001[0m
[1;32muart:~$ [m[8D[J[00:05:33.944,000] [0m<inf> imu: LSM6DS3TR-C  a   3.862   5.381   7.616  g   0.026  -0.064   0.013[0m
[1;32muart:~$ [m[8D[J[1;32muart:~$ [m[8D[J[00:05:33.945,000] [0m<inf> imu: LSM6DSV16X   a   4.119   5.444   7.863  g  -0.011   0.002  -0.002[0m
[1;32muart:~$ [m[8D[J[00:05:33.945,000] [0m<inf> imu: ICM-42688-P  a   4.104   5.297   7.251  g  -0.001  -0.005  -0.001[0m
[1;32muart:~$ [m[8D[J[00:05:34.046,000] [0m<inf> imu: LSM6DS3TR-C  a   3.821   5.386   7.595  g   0.025  -0.062   0.013[0m
[1;32muart:~$ [m[8D[J[00:05:34.047,000] [0m<inf> imu: LSM6DSV16X   a   4.125   5.444   7.872  g  -0.012   0.002  -0.003[0m
[1;32muart:~$ [m[8D[J[1;32muart:~$ [m[8D[J[00:05:34.047,000] [0m<inf> imu: ICM-42688-P  a   4.100   5.303   7.254  g  -0.001  -0.005  -0.001[0m
[1;32muart:~$ [m[8D[J[1;32muart:~$ [m[8D[J[00:05:34.148,000] [0m<inf> imu: LSM6DS3TR-C  a   3.854   5.366   7.616  g   0.024  -0.062   0.014[0m
[1;32muart:~$ [m[8D[J[00:05:34.149,000] [0m<inf> imu: LSM6DSV16X   a   4.127   5.428   7.872  g  -0.011   0.003  -0.002[0m
[1;32muart:~$ [m[8D[J[1;32muart:~$ [m[8D[J[00:05:34.150,000] [0m<inf> imu: ICM-42688-P  a   4.104   5.297   7.252  g  -0.001  -0.005   0.000[0m
[1;32muart:~$ [m[8D[J[00:05:34.251,000] [0m<inf> imu: LSM6DS3TR-C  a   3.863   5.326   7.593  g   0.025  -0.061   0.014[0m
[1;32muart:~$ [m[8D[J[1;32muart:~$ [m[8D[J[00:05:34.251,000] [0m<inf> imu: LSM6DSV16X   a   4.116   5.443   7.868  g  -0.012   0.002  -0.002[0m
[1;32muart:~$ [m[8D[J[00:05:34.252,000] [0m<inf> imu: ICM-42688-P  a   4.104   5.295   7.257  g  -0.001  -0.005  -0.001[0m
[1;32muart:~$ [m[8D[J[1;32muart:~$ [m[8D[J[00:05:34.353,000] [0m<inf> imu: LSM6DS3TR-C  a   3.842   5.390   7.570  g   0.026  -0.063   0.014[0m
[1;32muart:~$ [m[8D[J[00:05:34.354,000] [0m<inf> imu: LSM6DSV16X   a   4.120   5.439   7.872  g  -0.012   0.002  -0.002[0m
[1;32muart:~$ [m[8D[J[1;32muart:~$ [m[8D[J[00:05:34.354,000] [0m<inf> imu: ICM-42688-P  a   4.116   5.290   7.263  g  -0.001  -0.005  -0.001[0m
[1;32muart:~$ [m[8D[J[00:05:34.455,000] [0m<inf> imu: LSM6DS3TR-C  a   3.855   5.387   7.610  g   0.024  -0.064   0.013[0m
[1;32muart:~$ [m[8D[J[00:05:34.456,000] [0m<inf> imu: LSM6DSV16X   a   4.128   5.445   7.861  g  -0.012   0.002  -0.002[0m
[1;32muart:~$ [m[8D[J[1;32muart:~$ [m[8D[J[00:05:34.457,000] [0m<inf> imu: ICM-42688-P  a   4.104   5.304   7.248  g   0.000  -0.006   0.000[0m
[1;32muart:~$ [m[8D[J[00:05:34.559,000] [0m<inf> imu: LSM6DS3TR-C  a   3.846   5.401   7.579  g   0.024  -0.063   0.015[0m
[1;32muart:~$ [m[8D[J[1;32muart:~$ [m[8D[J[00:05:34.559,000] [0m<inf> imu: LSM6DSV16X   a   4.110   5.425   7.869  g  -0.011   0.002  -0.002[0m
[1;32muart:~$ [m[8D[J[00:05:34.560,000] [0m<inf> imu: ICM-42688-P  a   4.087   5.288   7.276  g  -0.001  -0.005   0.000[0m
[1;32muart:~$ [m[8D[J[1;32muart:~$ [m[8D[J[00:05:34.661,000] [0m<inf> imu: LSM6DS3TR-C  a   3.859   5.363   7.585  g   0.025  -0.062   0.014[0m
[1;32muart:~$ [m[8D[J[00:05:34.662,000] [0m<inf> imu: LSM6DSV16X   a   4.116   5.444   7.880  g  -0.011   0.002  -0.002[0m
[1;32muart:~$ [m[8D[J[00:05:34.662,000] [0m<inf> imu: ICM-42688-P  a   4.089   5.298   7.263  g   0.000  -0.005   0.000[0m
[1;32muart:~$ [m[8D[J[1;32muart:~$ [m[8D[J[00:05:34.764,000] [0m<inf> imu: LSM6DS3TR-C  a   3.854   5.377   7.607  g   0.022  -0.063   0.013[0m
[1;32muart:~$ [m[8D[J[00:05:34.766,000] [0m<inf> imu: LSM6DSV16X   a   4.113   5.436   7.878  g  -0.012   0.002  -0.001[0m
[1;32muart:~$ [m[8D[J[1;32muart:~$ [m[8D[J[00:05:34.766,000] [0m<inf> imu: ICM-42688-P  a   4.105   5.302   7.272  g  -0.001  -0.005   0.000[0m
[1;32muart:~$ [m[8D[J[00:05:34.867,000] [0m<inf> imu: LSM6DS3TR-C  a   3.872   5.365   7.597  g   0.024  -0.061   0.013[0m
[1;32muart:~$ [m[8D[J[1;32muart:~$ [m[8D[J[00:05:34.868,000] [0m<inf> imu: LSM6DSV16X   a   4.129   5.446   7.884  g  -0.011   0.002  -0.002[0m
[1;32muart:~$ [m[8D[J[00:05:34.869,000] [0m<inf> imu: ICM-42688-P  a   4.110   5.308   7.275  g  -0.001  -0.005   0.001[0m
[1;32muart:~$ [m[8D[J[1;32muart:~$ [m[8D[J[00:05:34.970,000] [0m<inf> imu: LSM6DS3TR-C  a   3.855   5.395   7.591  g   0.024  -0.063   0.014[0m
[1;32muart:~$ [m[8D[J[00:05:34.970,000] [0m<inf> imu: LSM6DSV16X   a   4.121   5.431   7.875  g  -0.012   0.002  -0.002[0m
[1;32muart:~$ [m[8D[J[1;32muart:~$ [m[8D[J[00:05:34.971,000] [0m<inf> imu: ICM-42688-P  a   4.098   5.291   7.260  g  -0.001  -0.005  -0.001[0m
[1;32muart:~$ [m[8D[J[00:05:35.072,000] [0m<inf> imu: LSM6DS3TR-C  a   3.864   5.378   7.597  g   0.025  -0.062   0.013[0m
[1;32muart:~$ [m[8D[J[00:05:35.073,000] [0m<inf> imu: LSM6DSV16X   a   4.123   5.442   7.872  g  -0.011   0.002  -0.003[0m
[1;32muart:~$ [m[8D[J[1;32muart:~$ [m[8D[J[00:05:35.073,000] [0m<inf> imu: ICM-42688-P  a   4.100   5.303   7.260  g   0.000  -0.005   0.000[0m
[1;32muart:~$ [m[8D[J[00:05:35.175,000] [0m<inf> imu: LSM6DS3TR-C  a   3.846   5.376   7.600  g   0.023  -0.060   0.012[0m
[1;32muart:~$ [m[8D[J[00:05:35.175,000] [0m<inf> imu: LSM6DSV16X   a   4.131   5.439   7.870  g  -0.011   0.002  -0.002[0m
[1;32muart:~$ [m[8D[J[1;32muart:~$ [m[8D[J[00:05:35.176,000] [0m<inf> imu: ICM-42688-P  a   4.101   5.296   7.269  g   0.001  -0.006  -0.001[0m
[1;32muart:~$ [m[8D[J[00:05:35.278,000] [0m<inf> imu: LSM6DS3TR-C  a   3.829   5.385   7.592  g   0.024  -0.063   0.014[0m
[1;32muart:~$ [m[8D[J[1;32muart:~$ [m[8D[J[00:05:35.279,000] [0m<inf> imu: LSM6DSV16X   a   4.113   5.434   7.870  g  -0.011   0.002  -0.002[0m
[1;32muart:~$ [m[8D[J[00:05:35.280,000] [0m<inf> imu: ICM-42688-P  a   4.079   5.289   7.280  g  -0.000  -0.005  -0.001[0m
[1;32muart:~$ [m[8D[J[1;32muart:~$ [m[8D[J[00:05:35.381,000] [0m<inf> imu: LSM6DS3TR-C  a   3.827   5.367   7.620  g   0.025  -0.063   0.013[0m
[1;32muart:~$ [m[8D[J[00:05:35.382,000] [0m<inf> imu: LSM6DSV16X   a   4.125   5.444   7.868  g  -0.012   0.002  -0.002[0m
[1;32muart:~$ [m[8D[J[1;32muart:~$ [m[8D[J[00:05:35.383,000] [0m<inf> imu: ICM-42688-P  a   4.117   5.309   7.269  g   0.001  -0.005   0.000[0m
[1;32muart:~$ [m[8D[J[00:05:35.484,000] [0m<inf> imu: LSM6DS3TR-C  a   3.857   5.365   7.592  g   0.023  -0.063   0.013[0m
[1;32muart:~$ [m[8D[J[1;32muart:~$ [m[8D[J[00:05:35.485,000] [0m<inf> imu: LSM6DSV16X   a   4.117   5.441   7.889  g  -0.013   0.001  -0.002[0m
[1;32muart:~$ [m[8D[J[00:05:35.485,000] [0m<inf> imu: ICM-42688-P  a   4.106   5.309   7.281  g  -0.001  -0.005   0.001[0m
[1;32muart:~$ [m[8D[J[1;32muart:~$ [m[8D[J[00:05:35.586,000] [0m<inf> imu: LSM6DS3TR-C  a   3.848   5.373   7.582  g   0.024  -0.062   0.014[0m
[1;32muart:~$ [m[8D[J[00:05:35.587,000] [0m<inf> imu: LSM6DSV16X   a   4.120   5.432   7.851  g  -0.011   0.002  -0.002[0m
[1;32muart:~$ [m[8D[J[1;32muart:~$ [m[8D[J[00:05:35.587,000] [0m<inf> imu: ICM-42688-P  a   4.106   5.300   7.245  g   0.000  -0.005  -0.000[0m
[1;32muart:~$ [m[8D[J[00:05:35.688,000] [0m<inf> imu: LSM6DS3TR-C  a   3.847   5.361   7.633  g   0.024  -0.062   0.017[0m
[1;32muart:~$ [m[8D[J[00:05:35.689,000] [0m<inf> imu: LSM6DSV16X   a   4.116   5.446   7.898  g  -0.013   0.001  -0.002[0m
[1;32muart:~$ [m[8D[J[1;32muart:~$ [m[8D[J[00:05:35.690,000] [0m<inf> imu: ICM-42688-P  a   4.095   5.301   7.293  g  -0.001  -0.005   0.001[0m
[1;32muart:~$ [m[8D[J[00:05:35.791,000] [0m<inf> imu: LSM6DS3TR-C  a   3.869   5.379   7.604  g   0.025  -0.062   0.013[0m
[1;32muart:~$ [m[8D[J[1;32muart:~$ [m[8D[J[00:05:35.792,000] [0m<inf> imu: LSM6DSV16X   a   4.115   5.441   7.868  g  -0.012   0.002  -0.003[0m
[1;32muart:~$ [m[8D[J[00:05:35.793,000] [0m<inf> imu: ICM-42688-P  a   4.079   5.301   7.247  g  -0.001  -0.005  -0.000[0m
[1;32muart:~$ [m[8D[J[1;32muart:~$ [m[8D[J[00:05:35.894,000] [0m<inf> imu: LSM6DS3TR-C  a   3.896   5.372   7.607  g   0.023  -0.061   0.013[0m
[1;32muart:~$ [m[8D[J[00:05:35.895,000] [0m<inf> imu: LSM6DSV16X   a   4.133   5.444   7.880  g  -0.011   0.002  -0.002[0m
[1;32muart:~$ [m[8D[J[00:05:35.895,000] [0m<inf> imu: ICM-42688-P  a   4.116   5.302   7.283  g   0.001  -0.005   0.000[0m
[1;32muart:~$ [m[8D[J[1;32muart:~$ [m[8D[J[00:05:35.997,000] [0m<inf> imu: LSM6DS3TR-C  a   3.870   5.336   7.585  g   0.025  -0.064   0.014[0m
[1;32muart:~$ [m[8D[J[00:05:35.998,000] [0m<inf> imu: LSM6DSV16X   a   4.132   5.425   7.860  g  -0.011   0.001  -0.002[0m
[1;32muart:~$ [m[8D[J[00:05:35.998,000] [0m<inf> imu: ICM-42688-P  a   4.108   5.288   7.250  g  -0.001  -0.005  -0.001[0m
[1;32muart:~$ [m[8D[J[00:05:36.099,000] [0m<inf> imu: LSM6DS3TR-C  a   3.907   5.381   7.601  g   0.024  -0.064   0.013[0m
[1;32muart:~$ [m[8D[J[1;32muart:~$ [m[8D[J[00:05:36.100,000] [0m<inf> imu: LSM6DSV16X   a   4.110   5.439   7.873  g  -0.010   0.002  -0.002[0m
[1;32muart:~$ [m[8D[J[00:05:36.100,000] [0m<inf> imu: ICM-42688-P  a   4.100   5.308   7.259  g  -0.001  -0.005   0.001[0m
[1;32muart:~$ [m[8D[J[1;32muart:~$ [m[8D[J[00:05:36.201,000] [0m<inf> imu: LSM6DS3TR-C  a   3.852   5.368   7.628  g   0.024  -0.064   0.014[0m
[1;32muart:~$ [m[8D[J[00:05:36.202,000] [0m<inf> imu: LSM6DSV16X   a   4.113   5.439   7.872  g  -0.011   0.002  -0.002[0m
[1;32muart:~$ [m[8D[J[1;32muart:~$ [m[8D[J[00:05:36.203,000] [0m<inf> imu: ICM-42688-P  a   4.093   5.291   7.277  g   0.000  -0.005   0.000[0m
[1;32muart:~$ [m[8D[J[00:05:36.304,000] [0m<inf> imu: LSM6DS3TR-C  a   3.882   5.378   7.591  g   0.024  -0.062   0.013[0m
[1;32muart:~$ [m[8D[J[1;32muart:~$ [m[8D[J[00:05:36.304,000] [0m<inf> imu: LSM6DSV16X   a   4.132   5.437   7.866  g  -0.012   0.002  -0.002[0m
[1;32muart:~$ [m[8D[J[00:05:36.305,000] [0m<inf> imu: ICM-42688-P  a   4.119   5.303   7.270  g  -0.001  -0.005   0.000[0m
[1;32muart:~$ [m[8D[J[00:05:36.406,000] [0m<inf> imu: LSM6DS3TR-C  a   3.855   5.347   7.588  g   0.024  -0.063   0.012[0m
[1;32muart:~$ [m[8D[J[00:05:36.408,000] [0m<inf> imu: LSM6DSV16X   a   4.119   5.432   7.868  g  -0.012   0.001  -0.002[0m
[1;32muart:~$ [m[8D[J[1;32muart:~$ [m[8D[J[00:05:36.408,000] [0m<inf> imu: ICM-42688-P  a   4.107   5.300   7.265  g   0.000  -0.005   0.000[0m
[1;32muart:~$ [m[8D[J[00:05:36.510,000] [0m<inf> imu: LSM6DS3TR-C  a   3.841   5.414   7.603  g   0.026  -0.063   0.014[0m
[1;32muart:~$ [m[8D[J[00:05:36.510,000] [0m<inf> imu: LSM6DSV16X   a   4.116   5.439   7.865  g  -0.012   0.002  -0.002[0m
[1;32muart:~$ [m[8D[J[1;32muart:~$ [m[8D[J[00:05:36.511,000] [0m<inf> imu: ICM-42688-P  a   4.105   5.306   7.268  g  -0.001  -0.005  -0.000[0m
[1;32muart:~$ [m[8D[J[00:05:36.612,000] [0m<inf> imu: LSM6DS3TR-C  a   3.879   5.356   7.615  g   0.024  -0.064   0.012[0m
[1;32muart:~$ [m[8D[J[1;32muart:~$ [m[8D[J[00:05:36.613,000] [0m<inf> imu: LSM6DSV16X   a   4.113   5.437   7.872  g  -0.011   0.002  -0.002[0m
[1;32muart:~$ [m[8D[J[00:05:36.613,000] [0m<inf> imu: ICM-42688-P  a   4.095   5.284   7.271  g   0.001  -0.005   0.000[0m
[1;32muart:~$ [m[8D[J[1;32muart:~$ [m[8D[J[00:05:36.714,000] [0m<inf> imu: LSM6DS3TR-C  a   3.844   5.344   7.554  g   0.025  -0.063   0.015[0m
[1;32muart:~$ [m[8D[J[00:05:36.715,000] [0m<inf> imu: LSM6DSV16X   a   4.123   5.436   7.868  g  -0.012   0.003  -0.002[0m
[1;32muart:~$ [m[8D[J[1;32muart:~$ [m[8D[J[00:05:36.716,000] [0m<inf> imu: ICM-42688-P  a   4.095   5.303   7.262  g  -0.001  -0.005   0.000[0m
[1;32muart:~$ [m[8D[J[00:05:36.817,000] [0m<inf> imu: LSM6DS3TR-C  a   3.865   5.362   7.563  g   0.025  -0.062   0.014[0m
[1;32muart:~$ [m[8D[J[1;32muart:~$ [m[8D[J[00:05:36.817,000] [0m<inf> imu: LSM6DSV16X   a   4.130   5.432   7.858  g  -0.012   0.002  -0.002[0m
[1;32muart:~$ [m[8D[J[00:05:36.818,000] [0m<inf> imu: ICM-42688-P  a   4.108   5.304   7.264  g   0.000  -0.006   0.001[0m
[1;32muart:~$ [m[8D[J[1;32muart:~$ [m[8D[J[00:05:36.919,000] [0m<inf> imu: LSM6DS3TR-C  a   3.902   5.384   7.578  g   0.024  -0.063   0.014[0m
[1;32muart:~$ [m[8D[J[00:05:36.920,000] [0m<inf> imu: LSM6DSV16X   a   4.128   5.438   7.870  g  -0.012   0.002  -0.002[0m
[1;32muart:~$ [m[8D[J[1;32muart:~$ [m[8D[J[00:05:36.920,000] [0m<inf> imu: ICM-42688-P  a   4.123   5.301   7.260  g   0.001  -0.005   0.000[0m
[1;32muart:~$ [m[8D[J[00:05:37.021,000] [0m<inf> imu: LSM6DS3TR-C  a   3.840   5.356   7.594  g   0.025  -0.064   0.014[0m
[1;32muart:~$ [m[8D[J[00:05:37.022,000] [0m<inf> imu: LSM6DSV16X   a   4.118   5.439   7.874  g  -0.012   0.002  -0.002[0m
[1;32muart:~$ [m[8D[J[1;32muart:~$ [m[8D[J[00:05:37.022,000] [0m<inf> imu: ICM-42688-P  a   4.090   5.309   7.264  g   0.000  -0.004   0.000[0m
[1;32muart:~$ [m[8D[J[00:05:37.124,000] [0m<inf> imu: LSM6DS3TR-C  a   3.854   5.382   7.607  g   0.025  -0.061   0.014[0m
[1;32muart:~$ [m[8D[J[00:05:37.125,000] [0m<inf> imu: LSM6DSV16X   a   4.120   5.448   7.863  g  -0.011   0.002  -0.002[0m
[1;32muart:~$ [m[8D[J[1;32muart:~$ [m[8D[J[00:05:37.125,000] [0m<inf> imu: ICM-42688-P  a   4.093   5.296   7.254  g   0.001  -0.005   0.000[0m
[1;32muart:~$ [m[8D[J[00:05:37.227,000] [0m<inf> imu: LSM6DS3TR-C  a   3.878   5.369   7.581  g   0.026  -0.062   0.015[0m
[1;32muart:~$ [m[8D[J[1;32muart:~$ [m[8D[J[00:05:37.227,000] [0m<inf> imu: LSM6DSV16X   a   4.122   5.439   7.870  g  -0.012   0.002  -0.002[0m
[1;32muart:~$ [m[8D[J[00:05:37.228,000] [0m<inf> imu: ICM-42688-P  a   4.105   5.290   7.250  g  -0.001  -0.005   0.001[0m
[1;32muart:~$ [m[8D[J[1;32muart:~$ [m[8D[J[00:05:37.329,000] [0m<inf> imu: LSM6DS3TR-C  a   3.880   5.345   7.609  g   0.023  -0.062   0.014[0m
[1;32muart:~$ [m[8D[J[00:05:37.330,000] [0m<inf> imu: LSM6DSV16X   a   4.121   5.432   7.865  g  -0.012   0.002  -0.002[0m
[1;32muart:~$ [m[8D[J[1;32muart:~$ [m[8D[J[00:05:37.331,000] [0m<inf> imu: ICM-42688-P  a   4.108   5.303   7.252  g  -0.001  -0.005   0.000[0m
[1;32muart:~$ [m[8D[J[00:05:37.432,000] [0m<inf> imu: LSM6DS3TR-C  a   3.839   5.367   7.590  g   0.023  -0.061   0.014[0m
[1;32muart:~$ [m[8D[J[1;32muart:~$ [m[8D[J[00:05:37.433,000] [0m<inf> imu: LSM6DSV16X   a   4.115   5.429   7.868  g  -0.013   0.002  -0.002[0m
[1;32muart:~$ [m[8D[J[00:05:37.433,000] [0m<inf> imu: ICM-42688-P  a   4.104   5.292   7.268  g  -0.001  -0.004   0.001[0m
[1;32muart:~$ [m[8D[J[1;32muart:~$ [m[8D[J[00:05:37.534,000] [0m<inf> imu: LSM6DS3TR-C  a   3.867   5.377   7.592  g   0.025  -0.063   0.015[0m
[1;32muart:~$ [m[8D[J[00:05:37.535,000] [0m<inf> imu: LSM6DSV16X   a   4.119   5.446   7.874  g  -0.012   0.002  -0.002[0m
[1;32muart:~$ [m[8D[J[1;32muart:~$ [m[8D[J[00:05:37.536,000] [0m<inf> imu: ICM-42688-P  a   4.105   5.306   7.254  g  -0.000  -0.004   0.001[0m
[1;32muart:~$ [m[8D[J[00:05:37.637,000] [0m<inf> imu: LSM6DS3TR-C  a   3.879   5.345   7.585  g   0.022  -0.063   0.013[0m
[1;32muart:~$ [m[8D[J[00:05:37.638,000] [0m<inf> imu: LSM6DSV16X   a   4.121   5.429   7.875  g  -0.011   0.002  -0.002[0m
[1;32muart:~$ [m[8D[J[1;32muart:~$ [m[8D[J[00:05:37.638,000] [0m<inf> imu: ICM-42688-P  a   4.099   5.288   7.257  g   0.001  -0.005   0.000[0m
[1;32muart:~$ [m[8D[J[00:05:37.739,000] [0m<inf> imu: LSM6DS3TR-C  a   3.835   5.377   7.590  g   0.024  -0.062   0.014[0m
[1;32muart:~$ [m[8D[J[1;32muart:~$ [m[8D[J[00:05:37.740,000] [0m<inf> imu: LSM6DSV16X   a   4.116   5.436   7.868  g  -0.011   0.002  -0.003[0m
[1;32muart:~$ [m[8D[J[00:05:37.741,000] [0m<inf> imu: ICM-42688-P  a   4.104   5.290   7.268  g  -0.001  -0.004  -0.001[0m
[1;32muart:~$ [m[8D[J[00:05:37.842,000] [0m<inf> imu: LSM6DS3TR-C  a   3.854   5.374   7.618  g   0.024  -0.061   0.012[0m
[1;32muart:~$ [m[8D[J[1;32muart:~$ [m[8D[J[00:05:37.843,000] [0m<inf> imu: LSM6DSV16X   a   4.120   5.439   7.868  g  -0.011   0.002  -0.003[0m
[1;32muart:~$ [m[8D[J[00:05:37.843,000] [0m<inf> imu: ICM-42688-P  a   4.105   5.297   7.262  g  -0.001  -0.005  -0.000[0m
[1;32muart:~$ [m[8D[J[00:05:37.945,000] [0m<inf> imu: LSM6DS3TR-C  a   3.860   5.353   7.604  g   0.024  -0.064   0.015[0m
[1;32muart:~$ [m[8D[J[00:05:37.945,000] [0m<inf> imu: LSM6DSV16X   a   4.118   5.438   7.869  g  -0.012   0.002  -0.003[0m
[1;32muart:~$ [m[8D[J[1;32muart:~$ [m[8D[J[00:05:37.946,000] [0m<inf> imu: ICM-42688-P  a   4.107   5.297   7.256  g   0.000  -0.005   0.000[0m
[1;32muart:~$ [m[8D[J[1;32muart:~$ [m[8D[J[00:05:38.047,000] [0m<inf> imu: LSM6DS3TR-C  a   3.885   5.340   7.600  g   0.023  -0.062   0.015[0m
[1;32muart:~$ [m[8D[J[00:05:38.048,000] [0m<inf> imu: LSM6DSV16X   a   4.125   5.446   7.869  g  -0.012   0.003  -0.002[0m
[1;32muart:~$ [m[8D[J[1;32muart:~$ [m[8D[J[00:05:38.048,000] [0m<inf> imu: ICM-42688-P  a   4.100   5.303   7.252  g   0.000  -0.005   0.001[0m
[1;32muart:~$ [m[8D[J[00:05:38.149,000] [0m<inf> imu: LSM6DS3TR-C  a   3.836   5.377   7.567  g   0.024  -0.062   0.014[0m
[1;32muart:~$ [m[8D[J[1;32muart:~$ [m[8D[J[00:05:38.150,000] [0m<inf> imu: LSM6DSV16X   a   4.120   5.436   7.858  g  -0.012   0.002  -0.002[0m
[1;32muart:~$ [m[8D[J[00:05:38.150,000] [0m<inf> imu: ICM-42688-P  a   4.101   5.280   7.256  g   0.000  -0.005   0.001[0m
[1;32muart:~$ [m[8D[J[1;32muart:~$ [m[8D[J[00:05:38.251,000] [0m<inf> imu: LSM6DS3TR-C  a   3.838   5.329   7.638  g   0.024  -0.063   0.012[0m
[1;32muart:~$ [m[8D[J[00:05:38.252,000] [0m<inf> imu: LSM6DSV16X   a   4.123   5.455   7.884  g  -0.012   0.002  -0.002[0m
[1;32muart:~$ [m[8D[J[1;32muart:~$ [m[8D[J[00:05:38.253,000] [0m<inf> imu: ICM-42688-P  a   4.102   5.301   7.268  g  -0.001  -0.005  -0.002[0m
[1;32muart:~$ [m[8D[J[00:05:38.354,000] [0m<inf> imu: LSM6DS3TR-C  a   3.863   5.362   7.588  g   0.023  -0.064   0.014[0m
[1;32muart:~$ [m[8D[J[00:05:38.354,000] [0m<inf> imu: LSM6DSV16X   a   4.130   5.430   7.871  g  -0.011   0.002  -0.002[0m
[1;32muart:~$ [m[8D[J[1;32muart:~$ [m[8D[J[00:05:38.355,000] [0m<inf> imu: ICM-42688-P  a   4.101   5.298   7.253  g  -0.000  -0.005   0.001[0m
[1;32muart:~$ [m[8D[J[00:05:38.457,000] [0m<inf> imu: LSM6DS3TR-C  a   3.851   5.364   7.606  g   0.025  -0.062   0.015[0m
[1;32muart:~$ [m[8D[J[1;32muart:~$ [m[8D[J[00:05:38.458,000] [0m<inf> imu: LSM6DSV16X   a   4.116   5.441   7.873  g  -0.010   0.002  -0.002[0m
[1;32muart:~$ [m[8D[J[00:05:38.458,000] [0m<inf> imu: ICM-42688-P  a   4.094   5.291   7.281  g  -0.001  -0.005   0.000[0m
[1;32muart:~$ [m[8D[J[00:05:38.560,000] [0m<inf> imu: LSM6DS3TR-C  a   3.828   5.348   7.621  g   0.024  -0.063   0.013[0m
[1;32muart:~$ [m[8D[J[1;32muart:~$ [m[8D[J[00:05:38.561,000] [0m<inf> imu: LSM6DSV16X   a   4.116   5.439   7.871  g  -0.012   0.003  -0.002[0m
[1;32muart:~$ [m[8D[J[00:05:38.561,000] [0m<inf> imu: ICM-42688-P  a   4.087   5.308   7.254  g   0.000  -0.005   0.000[0m
[1;32muart:~$ [m[8D[J[00:05:38.662,000] [0m<inf> imu: LSM6DS3TR-C  a   3.890   5.355   7.603  g   0.025  -0.061   0.013[0m
[1;32muart:~$ [m[8D[J[00:05:38.663,000] [0m<inf> imu: LSM6DSV16X   a   4.127   5.432   7.872  g  -0.012   0.002  -0.002[0m
[1;32muart:~$ [m[8D[J[1;32muart:~$ [m[8D[J[00:05:38.663,000] [0m<inf> imu: ICM-42688-P  a   4.093   5.292   7.257  g  -0.001  -0.005   0.000[0m
[1;32muart:~$ [m[8D[J[1;32muart:~$ [m[8D[J[00:05:38.764,000] [0m<inf> imu: LSM6DS3TR-C  a   3.924   5.356   7.621  g   0.024  -0.063   0.014[0m
[1;32muart:~$ [m[8D[J[00:05:38.765,000] [0m<inf> imu: LSM6DSV16X   a   4.139   5.434   7.870  g  -0.012   0.002  -0.002[0m
[1;32muart:~$ [m[8D[J[1;32muart:~$ [m[8D[J[00:05:38.766,000] [0m<inf> imu: ICM-42688-P  a   4.124   5.289   7.268  g  -0.001  -0.005   0.000[0m
[1;32muart:~$ [m[8D[J[00:05:38.867,000] [0m<inf> imu: LSM6DS3TR-C  a   3.873   5.355   7.601  g   0.025  -0.062   0.015[0m
[1;32muart:~$ [m[8D[J[1;32muart:~$ [m[8D[J[00:05:38.867,000] [0m<inf> imu: LSM6DSV16X   a   4.120   5.441   7.874  g  -0.011   0.002  -0.002[0m
[1;32muart:~$ [m[8D[J[00:05:38.868,000] [0m<inf> imu: ICM-42688-P  a   4.111   5.306   7.246  g  -0.001  -0.005   0.000[0m
[1;32muart:~$ [m[8D[J[1;32muart:~$ [m[8D[J[00:05:38.969,000] [0m<inf> imu: LSM6DS3TR-C  a   3.886   5.362   7.607  g   0.024  -0.062   0.013[0m
[1;32muart:~$ [m[8D[J[00:05:38.970,000] [0m<inf> imu: LSM6DSV16X   a   4.120   5.444   7.871  g  -0.012   0.002  -0.003[0m
[1;32muart:~$ [m[8D[J[1;32muart:~$ [m[8D[J[00:05:38.970,000] [0m<inf> imu: ICM-42688-P  a   4.113   5.303   7.263  g   0.000  -0.005  -0.001[0m
[1;32muart:~$ [m[8D[J[00:05:39.071,000] [0m<inf> imu: LSM6DS3TR-C  a   3.826   5.339   7.631  g   0.023  -0.063   0.013[0m
[1;32muart:~$ [m[8D[J[00:05:39.072,000] [0m<inf> imu: LSM6DSV16X   a   4.123   5.434   7.872  g  -0.012   0.002  -0.002[0m
[1;32muart:~$ [m[8D[J[1;32muart:~$ [m[8D[J[00:05:39.072,000] [0m<inf> imu: ICM-42688-P  a   4.101   5.289   7.264  g   0.000  -0.005  -0.001[0m
[1;32muart:~$ [m[8D[J[00:05:39.174,000] [0m<inf> imu: LSM6DS3TR-C  a   3.863   5.383   7.615  g   0.024  -0.064   0.013[0m
[1;32muart:~$ [m[8D[J[00:05:39.175,000] [0m<inf> imu: LSM6DSV16X   a   4.123   5.437   7.875  g  -0.012   0.002  -0.002[0m
[1;32muart:~$ [m[8D[J[1;32muart:~$ [m[8D[J[00:05:39.176,000] [0m<inf> imu: ICM-42688-P  a   4.102   5.301   7.280  g  -0.001  -0.006  -0.000[0m
[1;32muart:~$ [m[8D[J[00:05:39.277,000] [0m<inf> imu: LSM6DS3TR-C  a   3.870   5.359   7.616  g   0.025  -0.064   0.013[0m
[1;32muart:~$ [m[8D[J[1;32muart:~$ [m[8D[J[00:05:39.279,000] [0m<inf> imu: LSM6DSV16X   a   4.118   5.442   7.882  g  -0.012   0.002  -0.002[0m
[1;32muart:~$ [m[8D[J[00:05:39.279,000] [0m<inf> imu: ICM-42688-P  a   4.100   5.303   7.260  g  -0.000  -0.005   0.000[0m
[1;32muart:~$ [m[8D[J[1;32muart:~$ [m[8D[J[00:05:39.381,000] [0m<inf> imu: LSM6DS3TR-C  a   3.856   5.355   7.576  g   0.024  -0.063   0.013[0m
[1;32muart:~$ [m[8D[J[00:05:39.382,000] [0m<inf> imu: LSM6DSV16X   a   4.116   5.431   7.869  g  -0.013   0.002  -0.002[0m
[1;32muart:~$ [m[8D[J[1;32muart:~$ [m[8D[J[00:05:39.383,000] [0m<inf> imu: ICM-42688-P  a   4.100   5.297   7.259  g  -0.001  -0.005  -0.001[0m
[1;32muart:~$ [m[8D[J[00:05:39.484,000] [0m<inf> imu: LSM6DS3TR-C  a   3.846   5.342   7.611  g   0.024  -0.064   0.013[0m
[1;32muart:~$ [m[8D[J[1;32muart:~$ [m[8D[J[00:05:39.484,000] [0m<inf> imu: LSM6DSV16X   a   4.138   5.448   7.877  g  -0.011   0.002  -0.002[0m
[1;32muart:~$ [m[8D[J[00:05:39.485,000] [0m<inf> imu: ICM-42688-P  a   4.119   5.314   7.264  g   0.000  -0.005   0.001[0m
[1;32muart:~$ [m[8D[J[1;32muart:~$ [m[8D[J[00:05:39.586,000] [0m<inf> imu: LSM6DS3TR-C  a   3.916   5.372   7.606  g   0.024  -0.062   0.016[0m
[1;32muart:~$ [m[8D[J[00:05:39.587,000] [0m<inf> imu: LSM6DSV16X   a   4.125   5.436   7.869  g  -0.011   0.002  -0.002[0m
[1;32muart:~$ [m[8D[J[1;32muart:~$ [m[8D[J[00:05:39.587,000] [0m<inf> imu: ICM-42688-P  a   4.099   5.300   7.253  g  -0.001  -0.005   0.000[0m
[1;32muart:~$ [m[8D[J[00:05:39.688,000] [0m<inf> imu: LSM6DS3TR-C  a   3.823   5.396   7.635  g   0.023  -0.063   0.013[0m
[1;32muart:~$ [m[8D[J[00:05:39.689,000] [0m<inf> imu: LSM6DSV16X   a   4.118   5.443   7.890  g  -0.011   0.001  -0.002[0m
[1;32muart:~$ [m[8D[J[1;32muart:~$ [m[8D[J[00:05:39.689,000] [0m<inf> imu: ICM-42688-P  a   4.100   5.300   7.283  g   0.000  -0.004   0.001[0m
[1;32muart:~$ [m[8D[J[00:05:39.791,000] [0m<inf> imu: LSM6DS3TR-C  a   3.832   5.365   7.590  g   0.023  -0.061   0.012[0m
[1;32muart:~$ [m[8D[J[1;32muart:~$ [m[8D[J[00:05:39.792,000] [0m<inf> imu: LSM6DSV16X   a   4.104   5.441   7.869  g  -0.012   0.002  -0.002[0m
[1;32muart:~$ [m[8D[J[00:05:39.793,000] [0m<inf> imu: ICM-42688-P  a   4.101   5.288   7.254  g  -0.001  -0.005   0.000[0m
[1;32muart:~$ [m[8D[J[00:05:39.894,000] [0m<inf> imu: LSM6DS3TR-C  a   3.864   5.366   7.627  g   0.024  -0.061   0.014[0m
[1;32muart:~$ [m[8D[J[1;32muart:~$ [m[8D[J[00:05:39.895,000] [0m<inf> imu: LSM6DSV16X   a   4.128   5.437   7.880  g  -0.012   0.002  -0.002[0m
[1;32muart:~$ [m[8D[J[00:05:39.895,000] [0m<inf> imu: ICM-42688-P  a   4.110   5.290   7.263  g  -0.001  -0.006   0.001[0m
[1;32muart:~$ [m[8D[J[00:05:39.996,000] [0m<inf> imu: LSM6DS3TR-C  a   3.864   5.374   7.640  g   0.025  -0.062   0.015[0m
[1;32muart:~$ [m[8D[J[00:05:39.997,000] [0m<inf> imu: LSM6DSV16X   a   4.128   5.436   7.873  g  -0.010   0.003  -0.002[0m
[1;32muart:~$ [m[8D[J[1;32muart:~$ [m[8D[J[00:05:39.998,000] [0m<inf> imu: ICM-42688-P  a   4.105   5.301   7.242  g  -0.001  -0.005  -0.001[0m
[1;32muart:~$ [m[8D[J[1;32muart:~$ [m[8D[J[00:05:40.099,000] [0m<inf> imu: LSM6DS3TR-C  a   3.834   5.378   7.607  g   0.024  -0.062   0.014[0m
[1;32muart:~$ [m[8D[J[00:05:40.099,000] [0m<inf> imu: LSM6DSV16X   a   4.129   5.437   7.889  g  -0.010   0.002  -0.002[0m
[1;32muart:~$ [m[8D[J[1;32muart:~$ [m[8D[J[00:05:40.100,000] [0m<inf> imu: ICM-42688-P  a   4.114   5.297   7.282  g  -0.001  -0.005  -0.001[0m
[1;32muart:~$ [m[8D[J[00:05:40.201,000] [0m<inf> imu: LSM6DS3TR-C  a   3.851   5.387   7.640  g   0.024  -0.061   0.014[0m
[1;32muart:~$ [m[8D[J[1;32muart:~$ [m[8D[J[00:05:40.202,000] [0m<inf> imu: LSM6DSV16X   a   4.120   5.443   7.882  g  -0.012   0.001  -0.002[0m
[1;32muart:~$ [m[8D[J[00:05:40.202,000] [0m<inf> imu: ICM-42688-P  a   4.108   5.297   7.289  g   0.001  -0.005   0.001[0m
[1;32muart:~$ [m[8D[J[1;32muart:~$ [m[8D[J[00:05:40.303,000] [0m<inf> imu: LSM6DS3TR-C  a   3.887   5.351   7.583  g   0.025  -0.064   0.013[0m
[1;32muart:~$ [m[8D[J[00:05:40.304,000] [0m<inf> imu: LSM6DSV16X   a   4.123   5.451   7.868  g  -0.011   0.002  -0.002[0m
[1;32muart:~$ [m[8D[J[1;32muart:~$ [m[8D[J[00:05:40.304,000] [0m<inf> imu: ICM-42688-P  a   4.087   5.309   7.259  g   0.001  -0.005   0.000[0m
[1;32muart:~$ [m[8D[J[00:05:40.406,000] [0m<inf> imu: LSM6DS3TR-C  a   3.820   5.326   7.601  g   0.024  -0.061   0.015[0m
[1;32muart:~$ [m[8D[J[00:05:40.406,000] [0m<inf> imu: LSM6DSV16X   a   4.120   5.428   7.883  g  -0.012   0.003  -0.003[0m
[1;32muart:~$ [m[8D[J[1;32muart:~$ [m[8D[J[00:05:40.407,000] [0m<inf> imu: ICM-42688-P  a   4.104   5.278   7.282  g   0.001  -0.005  -0.000[0m
[1;32muart:~$ [m[8D[J[00:05:40.508,000] [0m<inf> imu: LSM6DS3TR-C  a   3.860   5.371   7.590  g   0.025  -0.062   0.014[0m
[1;32muart:~$ [m[8D[J[00:05:40.509,000] [0m<inf> imu: LSM6DSV16X   a   4.132   5.456   7.871  g  -0.013   0.001  -0.002[0m
[1;32muart:~$ [m[8D[J[1;32muart:~$ [m[8D[J[00:05:40.510,000] [0m<inf> imu: ICM-42688-P  a   4.108   5.319   7.268  g   0.000  -0.005   0.001[0m
[1;32muart:~$ [m[8D[J[00:05:40.611,000] [0m<inf> imu: LSM6DS3TR-C  a   3.858   5.343   7.603  g   0.024  -0.062   0.013[0m
[1;32muart:~$ [m[8D[J[1;32muart:~$ [m[8D[J[00:05:40.611,000] [0m<inf> imu: LSM6DSV16X   a   4.111   5.439   7.889  g  -0.013   0.002  -0.002[0m
[1;32muart:~$ [m[8D[J[00:05:40.612,000] [0m<inf> imu: ICM-42688-P  a   4.101   5.295   7.272  g  -0.001  -0.006   0.001[0m
[1;32muart:~$ [m[8D[J[00:05:40.713,000] [0m<inf> imu: LSM6DS3TR-C  a   3.837   5.383   7.566  g   0.025  -0.063   0.014[0m
[1;32muart:~$ [m[8D[J[00:05:40.714,000] [0m<inf> imu: LSM6DSV16X   a   4.116   5.434   7.887  g  -0.012   0.001  -0.002[0m
[1;32muart:~$ [m[8D[J[1;32muart:~$ [m[8D[J[00:05:40.714,000] [0m<inf> imu: ICM-42688-P  a   4.101   5.284   7.284  g  -0.001  -0.006   0.000[0m
[1;32muart:~$ [m[8D[J[1;32muart:~$ [m[8D[J[00:05:40.815,000] [0m<inf> imu: LSM6DS3TR-C  a   3.885   5.393   7.567  g   0.026  -0.063   0.013[0m
[1;32muart:~$ [m[8D[J[00:05:40.816,000] [0m<inf> imu: LSM6DSV16X   a   4.118   5.427   7.847  g  -0.011   0.002  -0.002[0m
[1;32muart:~$ [m[8D[J[1;32muart:~$ [m[8D[J[00:05:40.816,000] [0m<inf> imu: ICM-42688-P  a   4.093   5.297   7.229  g   0.001  -0.005   0.000[0m
[1;32muart:~$ [m[8D[J[00:05:40.917,000] [0m<inf> imu: LSM6DS3TR-C  a   3.894   5.383   7.593  g   0.024  -0.061   0.015[0m
[1;32muart:~$ [m[8D[J[1;32muart:~$ [m[8D[J[00:05:40.918,000] [0m<inf> imu: LSM6DSV16X   a   4.130   5.448   7.906  g  -0.010   0.003  -0.003[0m
[1;32muart:~$ [m[8D[J[00:05:40.919,000] [0m<inf> imu: ICM-42688-P  a   4.112   5.306   7.293  g   0.002  -0.004  -0.000[0m
[1;32muart:~$ [m[8D[J[1;32muart:~$ [m[8D[J[00:05:41.020,000] [0m<inf> imu: LSM6DS3TR-C  a   3.879   5.362   7.515  g   0.024  -0.062   0.013[0m
[1;32muart:~$ [m[8D[J[00:05:41.020,000] [0m<inf> imu: LSM6DSV16X   a   4.135   5.434   7.861  g  -0.012   0.001  -0.001[0m
[1;32muart:~$ [m[8D[J[1;32muart:~$ [m[8D[J[00:05:41.021,000] [0m<inf> imu: ICM-42688-P  a   4.122   5.307   7.259  g  -0.001  -0.005   0.001[0m
[1;32muart:~$ [m[8D[J[00:05:41.122,000] [0m<inf> imu: LSM6DS3TR-C  a   3.852   5.384   7.604  g   0.026  -0.061   0.014[0m
[1;32muart:~$ [m[8D[J[00:05:41.123,000] [0m<inf> imu: LSM6DSV16X   a   4.111   5.445   7.892  g  -0.010   0.002  -0.003[0m
[1;32muart:~$ [m[8D[J[1;32muart:~$ [m[8D[J[00:05:41.123,000] [0m<inf> imu: ICM-42688-P  a   4.095   5.308   7.282  g   0.001  -0.005  -0.000[0m
[1;32muart:~$ [m[8D[J[00:05:41.225,000] [0m<inf> imu: LSM6DS3TR-C  a   3.829   5.322   7.591  g   0.024  -0.063   0.015[0m
[1;32muart:~$ [m[8D[J[00:05:41.226,000] [0m<inf> imu: LSM6DSV16X   a   4.104   5.441   7.880  g  -0.012   0.001  -0.002[0m
[1;32muart:~$ [m[8D[J[1;32muart:~$ [m[8D[J[00:05:41.227,000] [0m<inf> imu: ICM-42688-P  a   4.095   5.306   7.276  g  -0.001  -0.005   0.000[0m
[1;32muart:~$ [m[8D[J[00:05:41.328,000] [0m<inf> imu: LSM6DS3TR-C  a   3.863   5.416   7.541  g   0.024  -0.063   0.012[0m
[1;32muart:~$ [m[8D[J[1;32muart:~$ [m[8D[J[00:05:41.329,000] [0m<inf> imu: LSM6DSV16X   a   4.139   5.441   7.868  g  -0.011   0.002  -0.004[0m
[1;32muart:~$ [m[8D[J[00:05:41.329,000] [0m<inf> imu: ICM-42688-P  a   4.124   5.294   7.244  g   0.000  -0.005  -0.001[0m
[1;32muart:~$ [m[8D[J[1;32muart:~$ [m[8D[J[00:05:41.431,000] [0m<inf> imu: LSM6DS3TR-C  a   3.846   5.351   7.549  g   0.024  -0.064   0.015[0m
[1;32muart:~$ [m[8D[J[00:05:41.432,000] [0m<inf> imu: LSM6DSV16X   a   4.125   5.424   7.868  g  -0.011   0.001  -0.002[0m
[1;32muart:~$ [m[8D[J[1;32muart:~$ [m[8D[J[00:05:41.432,000] [0m<inf> imu: ICM-42688-P  a   4.102   5.279   7.268  g  -0.000  -0.005   0.000[0m
[1;32muart:~$ [m[8D[J[00:05:41.533,000] [0m<inf> imu: LSM6DS3TR-C  a   3.801   5.371   7.613  g   0.025  -0.062   0.012[0m
[1;32muart:~$ [m[8D[J[1;32muart:~$ [m[8D[J[00:05:41.534,000] [0m<inf> imu: LSM6DSV16X   a   4.101   5.441   7.871  g  -0.011   0.002  -0.003[0m
[1;32muart:~$ [m[8D[J[00:05:41.535,000] [0m<inf> imu: ICM-42688-P  a   4.077   5.278   7.256  g  -0.001  -0.005  -0.001[0m
[1;32muart:~$ [m[8D[J[1;32muart:~$ [m[8D[J[00:05:41.636,000] [0m<inf> imu: LSM6DS3TR-C  a   3.837   5.359   7.619  g   0.025  -0.064   0.013[0m
[1;32muart:~$ [m[8D[J[00:05:41.636,000] [0m<inf> imu: LSM6DSV16X   a   4.113   5.444   7.889  g  -0.012   0.002  -0.002[0m
[1;32muart:~$ [m[8D[J[1;32muart:~$ [m[8D[J[00:05:41.637,000] [0m<inf> imu: ICM-42688-P  a   4.090   5.309   7.280  g   0.000  -0.004   0.000[0m
[1;32muart:~$ [m[8D[J[00:05:41.738,000] [0m<inf> imu: LSM6DS3TR-C  a   3.867   5.361   7.552  g   0.025  -0.063   0.015[0m
[1;32muart:~$ [m[8D[J[00:05:41.739,000] [0m<inf> imu: LSM6DSV16X   a   4.123   5.439   7.853  g  -0.011   0.002  -0.002[0m
[1;32muart:~$ [m[8D[J[1;32muart:~$ [m[8D[J[00:05:41.739,000] [0m<inf> imu: ICM-42688-P  a   4.104   5.289   7.242  g   0.000  -0.005   0.000[0m
[1;32muart:~$ [m[8D[J[00:05:41.841,000] [0m<inf> imu: LSM6DS3TR-C  a   3.858   5.383   7.607  g   0.024  -0.062   0.013[0m
[1;32muart:~$ [m[8D[J[00:05:41.842,000] [0m<inf> imu: LSM6DSV16X   a   4.123   5.432   7.890  g  -0.012   0.003  -0.002[0m
[1;32muart:~$ [m[8D[J[1;32muart:~$ [m[8D[J[00:05:41.843,000] [0m<inf> imu: ICM-42688-P  a   4.108   5.283   7.281  g   0.000  -0.005   0.000[0m
[1;32muart:~$ [m[8D[J[00:05:41.944,000] [0m<inf> imu: LSM6DS3TR-C  a   3.785   5.362   7.583  g   0.023  -0.064   0.012[0m
[1;32muart:~$ [m[8D[J[1;32muart:~$ [m[8D[J[00:05:41.945,000] [0m<inf> imu: LSM6DSV16X   a   4.105   5.441   7.868  g  -0.012   0.002  -0.002[0m
[1;32muart:~$ [m[8D[J[00:05:41.945,000] [0m<inf> imu: ICM-42688-P  a   4.108   5.290   7.260  g   0.000  -0.004   0.000[0m
[1;32muart:~$ [m[8D[J[1;32muart:~$ [m[8D[J[00:05:42.047,000] [0m<inf> imu: LSM6DS3TR-C  a   3.843   5.367   7.655  g   0.023  -0.062   0.015[0m
[1;32muart:~$ [m[8D[J[00:05:42.048,000] [0m<inf> imu: LSM6DSV16X   a   4.122   5.446   7.886  g  -0.011   0.002  -0.003[0m
[1;32muart:~$ [m[8D[J[1;32muart:~$ [m[8D[J[00:05:42.049,000] [0m<inf> imu: ICM-42688-P  a   4.100   5.301   7.275  g   0.000  -0.005   0.000[0m
[1;32muart:~$ [m[8D[J[00:05:42.150,000] [0m<inf> imu: LSM6DS3TR-C  a   3.838   5.322   7.614  g   0.025  -0.064   0.013[0m
[1;32muart:~$ [m[8D[J[1;32muart:~$ [m[8D[J[00:05:42.151,000] [0m<inf> imu: LSM6DSV16X   a   4.118   5.425   7.865  g  -0.012   0.002  -0.002[0m
[1;32muart:~$ [m[8D[J[00:05:42.151,000] [0m<inf> imu: ICM-42688-P  a   4.100   5.279   7.252  g   0.001  -0.005   0.000[0m
[1;32muart:~$ [m[8D[J[1;32muart:~$ [m[8D[J[00:05:42.252,000] [0m<inf> imu: LSM6DS3TR-C  a   3.838   5.362   7.595  g   0.024  -0.065   0.013[0m
[1;32muart:~$ [m[8D[J[00:05:42.253,000] [0m<inf> imu: LSM6DSV16X   a   4.130   5.434   7.870  g  -0.012   0.002  -0.002[0m
[1;32muart:~$ [m[8D[J[1;32muart:~$ [m[8D[J[00:05:42.254,000] [0m<inf> imu: ICM-42688-P  a   4.107   5.306   7.259  g   0.000  -0.005   0.001[0m
[1;32muart:~$ [m[8D[J[00:05:42.355,000] [0m<inf> imu: LSM6DS3TR-C  a   3.851   5.358   7.610  g   0.025  -0.062   0.013[0m
[1;32muart:~$ [m[8D[J[00:05:42.355,000] [0m<inf> imu: LSM6DSV16X   a   4.116   5.432   7.877  g  -0.012   0.002  -0.002[0m
[1;32muart:~$ [m[8D[J[1;32muart:~$ [m[8D[J[00:05:42.356,000] [0m<inf> imu: ICM-42688-P  a   4.095   5.296   7.251  g  -0.001  -0.005  -0.001[0m
[1;32muart:~$ [m[8D[J[00:05:42.458,000] [0m<inf> imu: LSM6DS3TR-C  a   3.840   5.382   7.640  g   0.024  -0.062   0.014[0m
[1;32muart:~$ [m[8D[J[1;32muart:~$ [m[8D[J[00:05:42.459,000] [0m<inf> imu: LSM6DSV16X   a   4.118   5.436   7.868  g  -0.012   0.002  -0.002[0m
[1;32muart:~$ [m[8D[J[00:05:42.459,000] [0m<inf> imu: ICM-42688-P  a   4.105   5.312   7.247  g   0.000  -0.005   0.001[0m
[1;32muart:~$ [m[8D[J[1;32muart:~$ [m[8D[J[00:05:42.561,000] [0m<inf> imu: LSM6DS3TR-C  a   3.827   5.380   7.602  g   0.024  -0.062   0.015[0m
[1;32muart:~$ [m[8D[J[00:05:42.561,000] [0m<inf> imu: LSM6DSV16X   a   4.122   5.436   7.873  g  -0.012   0.002  -0.002[0m
[1;32muart:~$ [m[8D[J[00:05:42.562,000] [0m<inf> imu: ICM-42688-P  a   4.092   5.289   7.260  g  -0.000  -0.006  -0.001[0m
[1;32muart:~$ [m[8D[J[1;32muart:~$ [m[8D[J[00:05:42.664,000] [0m<inf> imu: LSM6DS3TR-C  a   3.855   5.359   7.621  g   0.025  -0.063   0.013[0m
[1;32muart:~$ [m[8D[J[00:05:42.665,000] [0m<inf> imu: LSM6DSV16X   a   4.129   5.441   7.875  g  -0.011   0.002  -0.003[0m
[1;32muart:~$ [m[8D[J[1;32muart:~$ [m[8D[J[00:05:42.665,000] [0m<inf> imu: ICM-42688-P  a   4.112   5.298   7.258  g   0.000  -0.005   0.000[0m
[1;32muart:~$ [m[8D[J[00:05:42.766,000] [0m<inf> imu: LSM6DS3TR-C  a   3.863   5.352   7.606  g   0.024  -0.062   0.015[0m
[1;32muart:~$ [m[8D[J[1;32muart:~$ [m[8D[J[00:05:42.767,000] [0m<inf> imu: LSM6DSV16X   a   4.114   5.446   7.870  g  -0.012   0.002  -0.002[0m
[1;32muart:~$ [m[8D[J[00:05:42.768,000] [0m<inf> imu: ICM-42688-P  a   4.085   5.301   7.268  g   0.000  -0.005   0.001[0m
[1;32muart:~$ [m[8D[J[1;32muart:~$ [m[8D[J[00:05:42.869,000] [0m<inf> imu: LSM6DS3TR-C  a   3.847   5.373   7.592  g   0.026  -0.063   0.013[0m
[1;32muart:~$ [m[8D[J[00:05:42.869,000] [0m<inf> imu: LSM6DSV16X   a   4.125   5.444   7.879  g  -0.011   0.002  -0.002[0m
[1;32muart:~$ [m[8D[J[1;32muart:~$ [m[8D[J[00:05:42.870,000] [0m<inf> imu: ICM-42688-P  a   4.108   5.301   7.287  g   0.000  -0.005   0.000[0m
[1;32muart:~$ [m[8D[J[00:05:42.971,000] [0m<inf> imu: LSM6DS3TR-C  a   3.849   5.333   7.625  g   0.024  -0.063   0.015[0m
[1;32muart:~$ [m[8D[J[00:05:42.972,000] [0m<inf> imu: LSM6DSV16X   a   4.104   5.432   7.868  g  -0.013   0.001  -0.001[0m
[1;32muart:~$ [m[8D[J[1;32muart:~$ [m[8D[J[00:05:42.972,000] [0m<inf> imu: ICM-42688-P  a   4.104   5.267   7.247  g  -0.001  -0.006   0.002[0m
[1;32muart:~$ [m[8D[J[00:05:43.073,000] [0m<inf> imu: LSM6DS3TR-C  a   3.839   5.410   7.602  g   0.023  -0.062   0.014[0m
[1;32muart:~$ [m[8D[J[1;32muart:~$ [m[8D[J[00:05:43.074,000] [0m<inf> imu: LSM6DSV16X   a   4.120   5.448   7.875  g  -0.012   0.002  -0.002[0m
[1;32muart:~$ [m[8D[J[00:05:43.075,000] [0m<inf> imu: ICM-42688-P  a   4.089   5.337   7.280  g  -0.001  -0.005   0.000[0m
[1;32muart:~$ [m[8D[J[00:05:43.176,000] [0m<inf> imu: LSM6DS3TR-C  a   3.832   5.349   7.571  g   0.024  -0.064   0.012[0m
[1;32muart:~$ [m[8D[J[00:05:43.177,000] [0m<inf> imu: LSM6DSV16X   a   4.141   5.394   7.831  g  -0.012   0.002  -0.003[0m
[1;32muart:~$ [m[8D[J[00:05:43.177,000] [0m<inf> imu: ICM-42688-P  a   4.120   5.244   7.214  g  -0.001  -0.006   0.001[0m
[1;32muart:~$ [m[8D[J[1;32muart:~$ [m[8D[J[00:05:43.279,000] [0m<inf> imu: LSM6DS3TR-C  a   3.870   5.392   7.632  g   0.025  -0.063   0.013[0m
[1;32muart:~$ [m[8D[J[00:05:43.280,000] [0m<inf> imu: LSM6DSV16X   a   4.139   5.436   7.882  g  -0.012   0.002  -0.003[0m
[1;32muart:~$ [m[8D[J[1;32muart:~$ [m[8D[J[00:05:43.281,000] [0m<inf> imu: ICM-42688-P  a   4.119   5.316   7.294  g  -0.001  -0.005   0.000[0m
[1;32muart:~$ [m[8D[J[00:05:43.382,000] [0m<inf> imu: LSM6DS3TR-C  a   3.840   5.307   7.582  g   0.025  -0.062   0.014[0m
[1;32muart:~$ [m[8D[J[1;32muart:~$ [m[8D[J[00:05:43.383,000] [0m<inf> imu: LSM6DSV16X   a   4.113   5.432   7.874  g  -0.012   0.002  -0.002[0m
[1;32muart:~$ [m[8D[J[00:05:43.383,000] [0m<inf> imu: ICM-42688-P  a   4.095   5.296   7.252  g  -0.001  -0.005   0.001[0m
[1;32muart:~$ [m[8D[J[1;32muart:~$ [m[8D[J[00:05:43.484,000] [0m<inf> imu: LSM6DS3TR-C  a   3.843   5.369   7.611  g   0.023  -0.061   0.014[0m
[1;32muart:~$ [m[8D[J[00:05:43.485,000] [0m<inf> imu: LSM6DSV16X   a   4.121   5.439   7.889  g  -0.012   0.003  -0.002[0m
[1;32muart:~$ [m[8D[J[1;32muart:~$ [m[8D[J[00:05:43.485,000] [0m<inf> imu: ICM-42688-P  a   4.095   5.297   7.288  g   0.000  -0.005   0.000[0m
[1;32muart:~$ [m[8D[J[00:05:43.586,000] [0m<inf> imu: LSM6DS3TR-C  a   3.858   5.358   7.579  g   0.024  -0.062   0.013[0m
[1;32muart:~$ [m[8D[J[00:05:43.587,000] [0m<inf> imu: LSM6DSV16X   a   4.125   5.429   7.860  g  -0.011   0.002  -0.002[0m
[1;32muart:~$ [m[8D[J[1;32muart:~$ [m[8D[J[00:05:43.588,000] [0m<inf> imu: ICM-42688-P  a   4.102   5.289   7.269  g  -0.001  -0.005   0.000[0m
[1;32muart:~$ [m[8D[J[00:05:43.689,000] [0m<inf> imu: LSM6DS3TR-C  a   3.835   5.393   7.610  g   0.023  -0.061   0.013[0m
[1;32muart:~$ [m[8D[J[1;32muart:~$ [m[8D[J[00:05:43.690,000] [0m<inf> imu: LSM6DSV16X   a   4.132   5.432   7.870  g  -0.011   0.002  -0.003[0m
[1;32muart:~$ [m[8D[J[00:05:43.691,000] [0m<inf> imu: ICM-42688-P  a   4.120   5.296   7.246  g   0.000  -0.005   0.000[0m
[1;32muart:~$ [m[8D[J[00:05:43.792,000] [0m<inf> imu: LSM6DS3TR-C  a   3.887   5.351   7.591  g   0.024  -0.062   0.014[0m
[1;32muart:~$ [m[8D[J[1;32muart:~$ [m[8D[J[00:05:43.792,000] [0m<inf> imu: LSM6DSV16X   a   4.114   5.432   7.863  g  -0.012   0.002  -0.002[0m
[1;32muart:~$ [m[8D[J[00:05:43.793,000] [0m<inf> imu: ICM-42688-P  a   4.090   5.300   7.257  g  -0.001  -0.005   0.001[0m
[1;32muart:~$ [m[8D[J[00:05:43.894,000] [0m<inf> imu: LSM6DS3TR-C  a   3.866   5.381   7.575  g   0.026  -0.063   0.014[0m
[1;32muart:~$ [m[8D[J[00:05:43.895,000] [0m<inf> imu: LSM6DSV16X   a   4.119   5.442   7.877  g  -0.011   0.002  -0.003[0m
[1;32muart:~$ [m[8D[J[1;32muart:~$ [m[8D[J[00:05:43.895,000] [0m<inf> imu: ICM-42688-P  a   4.117   5.306   7.266  g  -0.001  -0.004  -0.001[0m
[1;32muart:~$ [m[8D[J[1;32muart:~$ [m[8D[J[00:05:43.996,000] [0m<inf> imu: LSM6DS3TR-C  a   3.849   5.384   7.582  g   0.024  -0.064   0.013[0m
[1;32muart:~$ [m[8D[J[00:05:43.997,000] [0m<inf> imu: LSM6DSV16X   a   4.132   5.425   7.863  g  -0.011   0.002  -0.002[0m
[1;32muart:~$ [m[8D[J[00:05:43.998,000] [0m<inf> imu: ICM-42688-P  a   4.104   5.296   7.254  g   0.000  -0.005   0.001[0m
[1;32muart:~$ [m[8D[J[00:05:44.099,000] [0m<inf> imu: LSM6DS3TR-C  a   3.897   5.400   7.633  g   0.025  -0.062   0.013[0m
[1;32muart:~$ [m[8D[J[1;32muart:~$ [m[8D[J[00:05:44.099,000] [0m<inf> imu: LSM6DSV16X   a   4.137   5.436   7.873  g  -0.011   0.002  -0.002[0m
[1;32muart:~$ [m[8D[J[00:05:44.100,000] [0m<inf> imu: ICM-42688-P  a   4.108   5.302   7.265  g   0.000  -0.005   0.000[0m
[1;32muart:~$ [m[8D[J[1;32muart:~$ [m[8D[J[00:05:44.201,000] [0m<inf> imu: LSM6DS3TR-C  a   3.889   5.363   7.609  g   0.024  -0.063   0.014[0m
[1;32muart:~$ [m[8D[J[00:05:44.202,000] [0m<inf> imu: LSM6DSV16X   a   4.117   5.427   7.868  g  -0.012   0.002  -0.002[0m
[1;32muart:~$ [m[8D[J[1;32muart:~$ [m[8D[J[00:05:44.202,000] [0m<inf> imu: ICM-42688-P  a   4.087   5.297   7.268  g   0.000  -0.005   0.000[0m
[1;32muart:~$ [m[8D[J[00:05:44.303,000] [0m<inf> imu: LSM6DS3TR-C  a   3.857   5.366   7.583  g   0.024  -0.063   0.014[0m
[1;32muart:~$ [m[8D[J[00:05:44.304,000] [0m<inf> imu: LSM6DSV16X   a   4.120   5.441   7.865  g  -0.011   0.002  -0.002[0m
[1;32muart:~$ [m[8D[J[1;32muart:~$ [m[8D[J[00:05:44.304,000] [0m<inf> imu: ICM-42688-P  a   4.100   5.302   7.282  g   0.001  -0.005   0.000[0m
[1;32muart:~$ [m[8D[J[00:05:44.406,000] [0m<inf> imu: LSM6DS3TR-C  a   3.836   5.355   7.604  g   0.025  -0.063   0.015[0m
[1;32muart:~$ [m[8D[J[00:05:44.407,000] [0m<inf> imu: LSM6DSV16X   a   4.126   5.428   7.868  g  -0.012   0.001  -0.002[0m
[1;32muart:~$ [m[8D[J[1;32muart:~$ [m[8D[J[00:05:44.408,000] [0m<inf> imu: ICM-42688-P  a   4.114   5.278   7.259  g  -0.001  -0.005   0.000[0m
[1;32muart:~$ [m[8D[J[00:05:44.509,000] [0m<inf> imu: LSM6DS3TR-C  a   3.856   5.389   7.595  g   0.024  -0.062   0.015[0m
[1;32muart:~$ [m[8D[J[1;32muart:~$ [m[8D[J[00:05:44.510,000] [0m<inf> imu: LSM6DSV16X   a   4.132   5.439   7.872  g  -0.011   0.002  -0.003[0m
[1;32muart:~$ [m[8D[J[00:05:44.510,000] [0m<inf> imu: ICM-42688-P  a   4.100   5.306   7.259  g   0.000  -0.005   0.000[0m
[1;32muart:~$ [m[8D[J[00:05:44.611,000] [0m<inf> imu: LSM6DS3TR-C  a   3.864   5.356   7.585  g   0.027  -0.064   0.015[0m
[1;32muart:~$ [m[8D[J[00:05:44.612,000] [0m<inf> imu: LSM6DSV16X   a   4.128   5.431   7.873  g  -0.012   0.003  -0.002[0m
[1;32muart:~$ [m[8D[J[1;32muart:~$ [m[8D[J[00:05:44.612,000] [0m<inf> imu: ICM-42688-P  a   4.111   5.298   7.254  g   0.001  -0.005   0.001[0m
[1;32muart:~$ [m[8D[J[1;32muart:~$ [m[8D[J[00:05:44.713,000] [0m<inf> imu: LSM6DS3TR-C  a   3.869   5.359   7.607  g   0.024  -0.064   0.013[0m
[1;32muart:~$ [m[8D[J[00:05:44.714,000] [0m<inf> imu: LSM6DSV16X   a   4.127   5.436   7.875  g  -0.012   0.002  -0.002[0m
[1;32muart:~$ [m[8D[J[1;32muart:~$ [m[8D[J[00:05:44.715,000] [0m<inf> imu: ICM-42688-P  a   4.092   5.303   7.277  g  -0.001  -0.006   0.001[0m
[1;32muart:~$ [m[8D[J[00:05:44.816,000] [0m<inf> imu: LSM6DS3TR-C  a   3.830   5.357   7.593  g   0.026  -0.061   0.014[0m
[1;32muart:~$ [m[8D[J[1;32muart:~$ [m[8D[J[00:05:44.817,000] [0m<inf> imu: LSM6DSV16X   a   4.120   5.434   7.870  g  -0.011   0.001  -0.002[0m
[1;32muart:~$ [m[8D[J[00:05:44.817,000] [0m<inf> imu: ICM-42688-P  a   4.112   5.298   7.266  g   0.001  -0.005   0.000[0m
[1;32muart:~$ [m[8D[J[1;32muart:~$ [m[8D[J[00:05:44.918,000] [0m<inf> imu: LSM6DS3TR-C  a   3.859   5.356   7.575  g   0.025  -0.062   0.015[0m
[1;32muart:~$ [m[8D[J[00:05:44.919,000] [0m<inf> imu: LSM6DSV16X   a   4.122   5.434   7.880  g  -0.012   0.002  -0.002[0m
[1;32muart:~$ [m[8D[J[1;32muart:~$ [m[8D[J[00:05:44.919,000] [0m<inf> imu: ICM-42688-P  a   4.087   5.298   7.268  g  -0.000  -0.005   0.000[0m
[1;32muart:~$ [m[8D[J[00:05:45.020,000] [0m<inf> imu: LSM6DS3TR-C  a   3.836   5.369   7.598  g   0.024  -0.062   0.013[0m
[1;32muart:~$ [m[8D[J[00:05:45.021,000] [0m<inf> imu: LSM6DSV16X   a   4.129   5.434   7.866  g  -0.012   0.003  -0.002[0m
[1;32muart:~$ [m[8D[J[1;32muart:~$ [m[8D[J[00:05:45.022,000] [0m<inf> imu: ICM-42688-P  a   4.112   5.291   7.268  g   0.001  -0.005   0.000[0m
[1;32muart:~$ [m[8D[J[00:05:45.123,000] [0m<inf> imu: LSM6DS3TR-C  a   3.864   5.361   7.597  g   0.026  -0.063   0.014[0m
[1;32muart:~$ [m[8D[J[00:05:45.124,000] [0m<inf> imu: LSM6DSV16X   a   4.122   5.436   7.871  g  -0.011   0.003  -0.002[0m
[1;32muart:~$ [m[8D[J[1;32muart:~$ [m[8D[J[00:05:45.125,000] [0m<inf> imu: ICM-42688-P  a   4.106   5.292   7.248  g   0.000  -0.004   0.000[0m
[1;32muart:~$ [m[8D[J[00:05:45.226,000] [0m<inf> imu: LSM6DS3TR-C  a   3.845   5.362   7.566  g   0.026  -0.062   0.013[0m
[1;32muart:~$ [m[8D[J[1;32muart:~$ [m[8D[J[00:05:45.226,000] [0m<inf> imu: LSM6DSV16X   a   4.126   5.442   7.867  g  -0.011   0.002  -0.002[0m
[1;32muart:~$ [m[8D[J[00:05:45.227,000] [0m<inf> imu: ICM-42688-P  a   4.107   5.291   7.272  g  -0.001  -0.005  -0.000[0m
[1;32muart:~$ [m[8D[J[00:05:45.328,000] [0m<inf> imu: LSM6DS3TR-C  a   3.851   5.341   7.610  g   0.024  -0.064   0.013[0m
[1;32muart:~$ [m[8D[J[00:05:45.329,000] [0m<inf> imu: LSM6DSV16X   a   4.114   5.418   7.858  g  -0.010   0.003  -0.002[0m
[1;32muart:~$ [m[8D[J[1;32muart:~$ [m[8D[J[00:05:45.329,000] [0m<inf> imu: ICM-42688-P  a   4.105   5.277   7.248  g   0.000  -0.004   0.000[0m
[1;32muart:~$ [m[8D[J[1;32muart:~$ [m[8D[J[00:05:45.430,000] [0m<inf> imu: LSM6DS3TR-C  a   3.863   5.371   7.543  g   0.023  -0.063   0.013[0m
[1;32muart:~$ [m[8D[J[00:05:45.431,000] [0m<inf> imu: LSM6DSV16X   a   4.131   5.441   7.858  g  -0.010   0.002  -0.002[0m
[1;32muart:~$ [m[8D[J[1;32muart:~$ [m[8D[J[00:05:45.432,000] [0m<inf> imu: ICM-42688-P  a   4.108   5.292   7.254  g   0.001  -0.006   0.001[0m
[1;32muart:~$ [m[8D[J[00:05:45.533,000] [0m<inf> imu: LSM6DS3TR-C  a   3.902   5.432   7.603  g   0.024  -0.063   0.013[0m
[1;32muart:~$ [m[8D[J[1;32muart:~$ [m[8D[J[00:05:45.534,000] [0m<inf> imu: LSM6DSV16X   a   4.123   5.436   7.870  g  -0.011   0.002  -0.002[0m
[1;32muart:~$ [m[8D[J[00:05:45.534,000] [0m<inf> imu: ICM-42688-P  a   4.092   5.301   7.278  g   0.000  -0.005   0.001[0m
[1;32muart:~$ [m[8D[J[1;32muart:~$ [m[8D[J[00:05:45.635,000] [0m<inf> imu: LSM6DS3TR-C  a   3.824   5.390   7.586  g   0.022  -0.060   0.014[0m
[1;32muart:~$ [m[8D[J[00:05:45.636,000] [0m<inf> imu: LSM6DSV16X   a   4.125   5.441   7.860  g  -0.011   0.002  -0.003[0m
[1;32muart:~$ [m[8D[J[1;32muart:~$ [m[8D[J[00:05:45.636,000] [0m<inf> imu: ICM-42688-P  a   4.088   5.308   7.268  g   0.000  -0.004   0.000[0m
[1;32muart:~$ [m[8D[J[00:05:45.738,000] [0m<inf> imu: LSM6DS3TR-C  a   3.862   5.371   7.607  g   0.023  -0.062   0.013[0m
[1;32muart:~$ [m[8D[J[00:05:45.738,000] [0m<inf> imu: LSM6DSV16X   a   4.135   5.425   7.856  g  -0.011   0.002  -0.002[0m
[1;32muart:~$ [m[8D[J[1;32muart:~$ [m[8D[J[00:05:45.739,000] [0m<inf> imu: ICM-42688-P  a   4.108   5.286   7.263  g  -0.001  -0.005   0.000[0m
[1;32muart:~$ [m[8D[J[00:05:45.840,000] [0m<inf> imu: LSM6DS3TR-C  a   3.864   5.408   7.642  g   0.024  -0.063   0.015[0m
[1;32muart:~$ [m[8D[J[1;32muart:~$ [m[8D[J[00:05:45.841,000] [0m<inf> imu: LSM6DSV16X   a   4.130   5.465   7.906  g  -0.011   0.002  -0.002[0m
[1;32muart:~$ [m[8D[J[00:05:45.842,000] [0m<inf> imu: ICM-42688-P  a   4.119   5.320   7.299  g  -0.000  -0.005   0.000[0m
[1;32muart:~$ [m[8D[J[00:05:45.943,000] [0m<inf> imu: LSM6DS3TR-C  a   3.850   5.321   7.547  g   0.024  -0.063   0.014[0m
[1;32muart:~$ [m[8D[J[1;32muart:~$ [m[8D[J[00:05:45.944,000] [0m<inf> imu: LSM6DSV16X   a   4.144   5.415   7.818  g  -0.011   0.001  -0.002[0m
[1;32muart:~$ [m[8D[J[00:05:45.944,000] [0m<inf> imu: ICM-42688-P  a   4.117   5.284   7.209  g  -0.001  -0.005  -0.001[0m
[1;32muart:~$ [m[8D[J[1;32muart:~$ [m[8D[J[00:05:46.045,000] [0m<inf> imu: LSM6DS3TR-C  a   3.874   5.343   7.585  g   0.024  -0.063   0.013[0m
[1;32muart:~$ [m[8D[J[00:05:46.046,000] [0m<inf> imu: LSM6DSV16X   a   4.165   5.429   7.863  g  -0.011   0.002  -0.002[0m
[1;32muart:~$ [m[8D[J[1;32muart:~$ [m[8D[J[00:05:46.047,000] [0m<inf> imu: ICM-42688-P  a   4.124   5.292   7.265  g   0.001  -0.005   0.000[0m
[1;32muart:~$ [m[8D[J[00:05:46.148,000] [0m<inf> imu: LSM6DS3TR-C  a   3.866   5.309   7.618  g   0.024  -0.063   0.013[0m
[1;32muart:~$ [m[8D[J[1;32muart:~$ [m[8D[J[00:05:46.149,000] [0m<inf> imu: LSM6DSV16X   a   4.126   5.417   7.841  g  -0.011   0.002  -0.002[0m
[1;32muart:~$ [m[8D[J[00:05:46.149,000] [0m<inf> imu: ICM-42688-P  a   4.108   5.276   7.245  g   0.000  -0.005   0.002[0m
[1;32muart:~$ [m[8D[J[1;32muart:~$ [m[8D[J[00:05:46.250,000] [0m<inf> imu: LSM6DS3TR-C  a   3.888   5.392   7.575  g   0.025  -0.060   0.014[0m
[1;32muart:~$ [m[8D[J[00:05:46.251,000] [0m<inf> imu: LSM6DSV16X   a   4.137   5.453   7.869  g  -0.010   0.002  -0.002[0m
[1;32muart:~$ [m[8D[J[1;32muart:~$ [m[8D[J[00:05:46.252,000] [0m<inf> imu: ICM-42688-P  a   4.124   5.302   7.272  g   0.001  -0.006   0.001[0m
[1;32muart:~$ [m[8D[J[00:05:46.353,000] [0m<inf> imu: LSM6DS3TR-C  a   3.809   5.322   7.610  g   0.024  -0.062   