=~=~=~=~=~=~=~=~=~=~=~= PuTTY log 2026.09.29 10:17:27 =~=~=~=~=~=~=~=~=~=~=~=
[m
[1;32muart:~$ [m[8D[J*** Booting Zephyr OS build v4.4.0-2160-gf39ad09bd21c ***
[1;32muart:~$ [m[8D[J[00:00:00.157,000] [0m<inf> sharc: micromouse starting[0m
[1;32muart:~$ [m[8D[J[00:00:00.157,000] [0m<inf> power: power board link up on USART3, bridge off[0m
[1;32muart:~$ [m[8D[J[1;32muart:~$ [m[8D[J[00:00:00.157,000] [0m<inf> gps: GPS ready on UART4, powered off[0m
[1;32muart:~$ [m[8D[J[00:00:00.157,000] [0m<inf> iridium: Iridium ready on USART2, powered off[0m
[1;32muart:~$ [m[8D[J[00:00:00.157,000] [0m<inf> lora: SX1278 found, RegVersion 0x12[0m
[1;32muart:~$ [m[8D[J[1;32muart:~$ [m[8D[J[00:00:00.159,000] [0m<inf> lora: LoRa ready: 433000000 Hz SF9 BW125 CR4/5 17 dBm[0m
[1;32muart:~$ [m[8D[J[00:00:00.166,000] [0m<inf> imu: 3 of 3 IMUs present, all at +/-2 g and +/-500 dps[0m
[1;32muart:~$ [m[8D[J[00:00:00.167,000] [1;33m<wrn> imu: LSM6DSV16X reads all zero, so it is powered down rather than sampling[0m
[1;32muart:~$ [m[8D[J[00:00:00.167,000] [0m<inf> sd: SD disk "SD", mount point /SD:[0m
[1;32muart:~$ [m[8D[J[1;31m[1;31m--- 7 messages dropped ---
[0m[m[00:00:00.222,000] [1;31m<err> stm32_sdmmc: failed to init stm32_sdmmc (ErrorCode 0x4)[0m
[1;32muart:~$ [m[8D[J[00:00:00.222,000] [1;33m<wrn> stm32_sdmmc: Failed to configure pins for sleep (-2)[0m
[1;32muart:~$ [m[8D[J[00:00:00.223,000] [1;31m<err> sd: disk init failed (-5). Card not inserted, or the SDMMC1 lines are not wired.[0m
[1;32muart:~$ [m[8D[J[00:00:00.223,000] [1;33m<wrn> sd: not mounted at boot, use 'sd mount' once a card is in[0m
[1;32muart:~$ [m[8D[J[00:00:00.223,000] [0m<inf> heartbeat: heartbeat on gpio@48000800 pin 13, active high[0m
[1;32muart:~$ [m[8D[J[00:00:00.223,000] [0m<inf> heartbeat: power management enabled[0m
[1;32muart:~$ [m[8D[J[00:00:00.223,000] [0m<inf> app_mode: boot: VBUS present, starting in debug mode[0m
[1;32muart:~$ [m[8D[J[00:00:00.223,000] [0m<inf> heartbeat: PM suspend-to-idle lock taken (still active: yes)[0m
[1;32muart:~$ [m[8D[J[00:00:00.233,000] [0m<inf> app_usb: USB up: port 0 = shell, port 1 = power board bridge[0m
[1;32muart:~$ [m[8D[J[00:00:00.239,000] [0m<inf> app_usb: USBD: Device suspended[0m
[1;32muart:~$ [m[8D[J[00:00:00.384,000] [0m<inf> app_usb: USBD: Bus reset[0m
[1;32muart:~$ [m[8D[J[00:00:00.470,000] [0m<inf> app_usb: USBD: Bus reset[0m
[1;32muart:~$ [m[8D[J[00:00:00.638,000] [0m<inf> app_usb: USBD: New device configuration[0m
[1;32muart:~$ [m[8D[J[00:00:00.669,000] [0m<inf> app_usb: USBD: CDC ACM control line state[0m
[1;32muart:~$ [m[8D[J[1;32muart:~$ [m[8D[J[1;32muart:~$ [m[8D[J[00:02:09.706,000] [1;31m<err> udc_stm32: ep 0x00 queue is empty[0m
[1;32muart:~$ [m[8D[J[00:02:09.707,000] [0m<inf> app_usb: USBD: CDC ACM line coding[0m
[1;32muart:~$ [m[8D[J[00:02:09.711,000] [0m<inf> app_usb: USBD: CDC ACM control line state[0m
[1;32muart:~$ [m[8D[J[1;32muart:~$ [m[8D[J[00:02:09.711,000] [0m<inf> app_usb: Host terminal opened[0m
[1;32muart:~$ [m[8D[J[00:02:09.713,000] [1;31m<err> udc_stm32: ep 0x00 queue is empty[0m
[1;32muart:~$ [m[8D[J[00:02:09.714,000] [0m<inf> app_usb: USBD: CDC ACM line coding[0m
[1;32muart:~$ [m[8D[J[1;32muart:~$ [mimu stream on 20
imu stream on 20
streaming. Three lines per tick, so keep the rate low or the shell cannot keep up.
[1;32muart:~$ [m[8D[J[00:02:50.002,000] [0m<inf> imu: LSM6DS3TR-C  a   0.086   0.020  10.205  g   0.023  -0.062   0.015[0m
[1;32muart:~$ [m[8D[J[00:02:50.003,000] [0m<inf> imu: LSM6DSV16X   a   0.379   0.105  10.531  g  -0.011   0.001  -0.002[0m
[1;32muart:~$ [m[8D[J[1;32muart:~$ [m[8D[J[00:02:50.004,000] [0m<inf> imu: ICM-42688-P  a   0.362  -0.078   9.920  g   0.001  -0.005   0.001[0m
[1;32muart:~$ [m[8D[J[00:02:50.055,000] [0m<inf> imu: LSM6DS3TR-C  a   0.200  -0.031  10.296  g   0.022  -0.060   0.014[0m
[1;32muart:~$ [m[8D[J[00:02:50.056,000] [0m<inf> imu: LSM6DSV16X   a   0.378   0.127  10.473  g  -0.013   0.003  -0.003[0m
[1;32muart:~$ [m[8D[J[00:02:50.057,000] [0m<inf> imu: ICM-42688-P  a   0.360  -0.056   9.912  g  -0.000  -0.004   0.000[0m
[1;32muart:~$ [m[8D[J[1;32muart:~$ [m[8D[J[00:02:50.108,000] [0m<inf> imu: LSM6DS3TR-C  a   0.005  -0.036  10.213  g   0.023  -0.060   0.015[0m
[1;32muart:~$ [m[8D[J[00:02:50.108,000] [0m<inf> imu: LSM6DSV16X   a   0.383   0.103  10.569  g  -0.011   0.003  -0.003[0m
[1;32muart:~$ [m[8D[J[1;32muart:~$ [m[8D[J[00:02:50.109,000] [0m<inf> imu: ICM-42688-P  a   0.353  -0.062   9.926  g  -0.000  -0.003  -0.001[0m
[1;32muart:~$ [m[8D[J[00:02:50.160,000] [0m<inf> imu: LSM6DS3TR-C  a   0.106   0.022  10.210  g   0.023  -0.063   0.013[0m
[1;32muart:~$ [m[8D[J[00:02:50.160,000] [0m<inf> imu: LSM6DSV16X   a   0.388   0.130  10.540  g  -0.011   0.002  -0.002[0m
[1;32muart:~$ [m[8D[J[1;32muart:~$ [m[8D[J[00:02:50.161,000] [0m<inf> imu: ICM-42688-P  a   0.360  -0.047   9.947  g  -0.001  -0.006   0.001[0m
[1;32muart:~$ [m[8D[J[00:02:50.212,000] [0m<inf> imu: LSM6DS3TR-C  a   0.093   0.007  10.165  g   0.023  -0.062   0.017[0m
[1;32muart:~$ [m[8D[J[00:02:50.213,000] [0m<inf> imu: LSM6DSV16X   a   0.368   0.120  10.516  g  -0.011   0.002  -0.003[0m
[1;32muart:~$ [m[8D[J[1;32muart:~$ [m[8D[J[00:02:50.213,000] [0m<inf> imu: ICM-42688-P  a   0.356  -0.060   9.941  g  -0.001  -0.004   0.001[0m
[1;32muart:~$ [m[8D[J[00:02:50.265,000] [0m<inf> imu: LSM6DS3TR-C  a   0.125   0.010  10.182  g   0.024  -0.060   0.013[0m
[1;32muart:~$ [m[8D[J[00:02:50.267,000] [0m<inf> imu: LSM6DSV16X   a   0.376   0.114  10.524  g  -0.011   0.002  -0.002[0m
[1;32muart:~$ [m[8D[J[1;32muart:~$ [m[8D[J[00:02:50.267,000] [0m<inf> imu: ICM-42688-P  a   0.352  -0.059   9.918  g   0.000  -0.006   0.000[0m
[1;32muart:~$ [m[8D[J[00:02:50.318,000] [0m<inf> imu: LSM6DS3TR-C  a   0.092   0.007  10.195  g   0.022  -0.062   0.015[0m
[1;32muart:~$ [m[8D[J[00:02:50.319,000] [0m<inf> imu: LSM6DSV16X   a   0.385   0.123  10.516  g  -0.011   0.003  -0.003[0m
[1;32muart:~$ [m[8D[J[1;32muart:~$ [m[8D[J[00:02:50.320,000] [0m<inf> imu: ICM-42688-P  a   0.346  -0.062   9.908  g  -0.001  -0.003   0.000[0m
[1;32muart:~$ [m[8D[J[00:02:50.371,000] [0m<inf> imu: LSM6DS3TR-C  a   0.103   0.014  10.221  g   0.024  -0.062   0.013[0m
[1;32muart:~$ [m[8D[J[00:02:50.371,000] [0m<inf> imu: LSM6DSV16X   a   0.373   0.115  10.533  g  -0.011   0.002  -0.003[0m
[1;32muart:~$ [m[8D[J[1;32muart:~$ [m[8D[J[00:02:50.372,000] [0m<inf> imu: ICM-42688-P  a   0.350  -0.066   9.940  g   0.000  -0.006   0.001[0m
[1;32muart:~$ [m[8D[J[00:02:50.423,000] [0m<inf> imu: LSM6DS3TR-C  a   0.116   0.018  10.176  g   0.022  -0.061   0.014[0m
[1;32muart:~$ [m[8D[J[00:02:50.424,000] [0m<inf> imu: LSM6DSV16X   a   0.381   0.120  10.533  g  -0.012   0.002  -0.002[0m
[1;32muart:~$ [m[8D[J[1;32muart:~$ [m[8D[J[00:02:50.424,000] [0m<inf> imu: ICM-42688-P  a   0.373  -0.059   9.931  g   0.000  -0.005   0.001[0m
[1;32muart:~$ [m[8D[J[00:02:50.475,000] [0m<inf> imu: LSM6DS3TR-C  a   0.100   0.031  10.172  g   0.023  -0.060   0.014[0m
[1;32muart:~$ [m[8D[J[00:02:50.476,000] [0m<inf> imu: LSM6DSV16X   a   0.369   0.120  10.514  g  -0.012   0.002  -0.002[0m
[1;32muart:~$ [m[8D[J[1;32muart:~$ [m[8D[J[00:02:50.476,000] [0m<inf> imu: ICM-42688-P  a   0.364  -0.044   9.917  g   0.000  -0.004   0.000[0m
[1;32muart:~$ [m[8D[J[00:02:50.527,000] [0m<inf> imu: LSM6DS3TR-C  a   0.093   0.023  10.171  g   0.023  -0.057   0.016[0m
[1;32muart:~$ [m[8D[J[1;32muart:~$ [m[8D[J[00:02:50.528,000] [0m<inf> imu: LSM6DSV16X   a   0.378   0.120  10.524  g  -0.012   0.002  -0.002[0m
[1;32muart:~$ [m[8D[J[00:02:50.529,000] [0m<inf> imu: ICM-42688-P  a   0.357  -0.063   9.922  g  -0.000  -0.004   0.000[0m
[1;32muart:~$ [m[8D[J[00:02:50.580,000] [0m<inf> imu: LSM6DS3TR-C  a   0.092   0.001  10.163  g   0.024  -0.063   0.014[0m
[1;32muart:~$ [m[8D[J[00:02:50.580,000] [0m<inf> imu: LSM6DSV16X   a   0.383   0.115  10.527  g  -0.010   0.003  -0.002[0m
[1;32muart:~$ [m[8D[J[1;32muart:~$ [m[8D[J[00:02:50.581,000] [0m<inf> imu: ICM-42688-P  a   0.358  -0.065   9.938  g  -0.001  -0.005   0.000[0m
[1;32muart:~$ [m[8D[J[00:02:50.632,000] [0m<inf> imu: LSM6DS3TR-C  a   0.103   0.013  10.177  g   0.024  -0.064   0.014[0m
[1;32muart:~$ [m[8D[J[1;32muart:~$ [m[8D[J[00:02:50.633,000] [0m<inf> imu: LSM6DSV16X   a   0.380   0.110  10.529  g  -0.011   0.001  -0.002[0m
[1;32muart:~$ [m[8D[J[00:02:50.633,000] [0m<inf> imu: ICM-42688-P  a   0.358  -0.073   9.926  g  -0.001  -0.006   0.000[0m
[1;32muart:~$ [m[8D[J[00:02:50.684,000] [0m<inf> imu: LSM6DS3TR-C  a   0.098   0.017  10.175  g   0.025  -0.061   0.016[0m
[1;32muart:~$ [m[8D[J[00:02:50.685,000] [0m<inf> imu: LSM6DSV16X   a   0.373   0.119  10.507  g  -0.011   0.001  -0.002[0m
[1;32muart:~$ [m[8D[J[1;32muart:~$ [m[8D[J[00:02:50.685,000] [0m<inf> imu: ICM-42688-P  a   0.356  -0.054   9.911  g  -0.000  -0.005  -0.000[0m
[1;32muart:~$ [m[8D[J[00:02:50.736,000] [0m<inf> imu: LSM6DS3TR-C  a   0.104   0.041  10.222  g   0.024  -0.061   0.013[0m
[1;32muart:~$ [m[8D[J[1;32muart:~$ [m[8D[J[00:02:50.737,000] [0m<inf> imu: LSM6DSV16X   a   0.383   0.122  10.507  g  -0.010   0.003  -0.003[0m
[1;32muart:~$ [m[8D[J[00:02:50.738,000] [0m<inf> imu: ICM-42688-P  a   0.346  -0.060   9.912  g   0.000  -0.004   0.000[0m
[1;32muart:~$ [m[8D[J[00:02:50.790,000] [0m<inf> imu: LSM6DS3TR-C  a   0.086  -0.005  10.183  g   0.023  -0.060   0.013[0m
[1;32muart:~$ [m[8D[J[00:02:50.791,000] [0m<inf> imu: LSM6DSV16X   a   0.378   0.113  10.531  g  -0.011   0.002  -0.003[0m
[1;32muart:~$ [m[8D[J[1;32muart:~$ [m[8D[J[00:02:50.791,000] [0m<inf> imu: ICM-42688-P  a   0.352  -0.065   9.930  g  -0.000  -0.004   0.000[0m
[1;32muart:~$ [m[8D[J[00:02:50.842,000] [0m<inf> imu: LSM6DS3TR-C  a   0.110  -0.014  10.186  g   0.023  -0.061   0.014[0m
[1;32muart:~$ [m[8D[J[1;32muart:~$ [m[8D[J[00:02:50.843,000] [0m<inf> imu: LSM6DSV16X   a   0.380   0.117  10.528  g  -0.012   0.002  -0.002[0m
[1;32muart:~$ [m[8D[J[00:02:50.843,000] [0m<inf> imu: ICM-42688-P  a   0.350  -0.063   9.929  g   0.001  -0.005   0.001[0m
[1;32muart:~$ [m[8D[J[00:02:50.895,000] [0m<inf> imu: LSM6DS3TR-C  a   0.077  -0.010  10.184  g   0.024  -0.063   0.016[0m
[1;32muart:~$ [m[8D[J[1;32muart:~$ [m[8D[J[00:02:50.896,000] [0m<inf> imu: LSM6DSV16X   a   0.380   0.113  10.517  g  -0.012   0.003  -0.003[0m
[1;32muart:~$ [m[8D[J[00:02:50.897,000] [0m<inf> imu: ICM-42688-P  a   0.352  -0.063   9.918  g  -0.001  -0.006   0.000[0m
[1;32muart:~$ [m[8D[J[00:02:50.948,000] [0m<inf> imu: LSM6DS3TR-C  a   0.103   0.035  10.203  g   0.024  -0.061   0.013[0m
[1;32muart:~$ [m[8D[J[1;32muart:~$ [m[8D[J[00:02:50.949,000] [0m<inf> imu: LSM6DSV16X   a   0.378   0.114  10.511  g  -0.012   0.002  -0.003[0m
[1;32muart:~$ [m[8D[J[00:02:50.949,000] [0m<inf> imu: ICM-42688-P  a   0.344  -0.069   9.913  g   0.000  -0.005   0.001[0m
[1;32muart:~$ [m[8D[J[00:02:51.001,000] [0m<inf> imu: LSM6DS3TR-C  a   0.094   0.005  10.205  g   0.022  -0.058   0.014[0m
[1;32muart:~$ [m[8D[J[1;32muart:~$ [m[8D[J[00:02:51.002,000] [0m<inf> imu: LSM6DSV16X   a   0.379   0.117  10.518  g  -0.011   0.002  -0.003[0m
[1;32muart:~$ [m[8D[J[00:02:51.003,000] [0m<inf> imu: ICM-42688-P  a   0.368  -0.067   9.934  g   0.000  -0.005   0.000[0m
[1;32muart:~$ [m[8D[J[00:02:51.054,000] [0m<inf> imu: LSM6DS3TR-C  a   0.132   0.021  10.193  g   0.023  -0.060   0.013[0m
[1;32muart:~$ [m[8D[J[1;32muart:~$ [m[8D[J[00:02:51.055,000] [0m<inf> imu: LSM6DSV16X   a   0.378   0.118  10.527  g  -0.012   0.002  -0.003[0m
[1;32muart:~$ [m[8D[J[00:02:51.055,000] [0m<inf> imu: ICM-42688-P  a   0.364  -0.061   9.930  g   0.000  -0.005   0.000[0m
[1;32muart:~$ [m[8D[J[00:02:51.106,000] [0m<inf> imu: LSM6DS3TR-C  a   0.120   0.035  10.216  g   0.023  -0.062   0.014[0m
[1;32muart:~$ [m[8D[J[00:02:51.107,000] [0m<inf> imu: LSM6DSV16X   a   0.377   0.114  10.519  g  -0.011   0.002  -0.003[0m
[1;32muart:~$ [m[8D[J[1;32muart:~$ [m[8D[J[00:02:51.108,000] [0m<inf> imu: ICM-42688-P  a   0.354  -0.066   9.926  g  -0.001  -0.005   0.001[0m
[1;32muart:~$ [m[8D[J[00:02:51.159,000] [0m<inf> imu: LSM6DS3TR-C  a   0.117   0.020  10.188  g   0.025  -0.062   0.016[0m
[1;32muart:~$ [m[8D[J[1;32muart:~$ [m[8D[J[00:02:51.159,000] [0m<inf> imu: LSM6DSV16X   a   0.376   0.122  10.519  g  -0.011   0.002  -0.003[0m
[1;32muart:~$ [m[8D[J[00:02:51.160,000] [0m<inf> imu: ICM-42688-P  a   0.350  -0.065   9.928  g   0.000  -0.005  -0.001[0m
[1;32muart:~$ [m[8D[J[00:02:51.211,000] [0m<inf> imu: LSM6DS3TR-C  a   0.134   0.007  10.178  g   0.024  -0.059   0.014[0m
[1;32muart:~$ [m[8D[J[1;32muart:~$ [m[8D[J[00:02:51.211,000] [0m<inf> imu: LSM6DSV16X   a   0.376   0.125  10.523  g  -0.012   0.002  -0.003[0m
[1;32muart:~$ [m[8D[J[00:02:51.212,000] [0m<inf> imu: ICM-42688-P  a   0.359  -0.060   9.914  g   0.000  -0.005   0.001[0m
[1;32muart:~$ [m[8D[J[00:02:51.263,000] [0m<inf> imu: LSM6DS3TR-C  a   0.119   0.018  10.177  g   0.026  -0.060   0.014[0m
[1;32muart:~$ [m[8D[J[1;32muart:~$ [m[8D[J[00:02:51.264,000] [0m<inf> imu: LSM6DSV16X   a   0.383   0.117  10.534  g  -0.012   0.002  -0.003[0m
[1;32muart:~$ [m[8D[J[00:02:51.264,000] [0m<inf> imu: ICM-42688-P  a   0.359  -0.061   9.929  g   0.000  -0.005  -0.001[0m
[1;32muart:~$ [m[8D[J[1;32muart:~$ [m[8D[J[00:02:51.316,000] [0m<inf> imu: LSM6DS3TR-C  a   0.119   0.034  10.198  g   0.022  -0.060   0.015[0m
[1;32muart:~$ [m[8D[J[00:02:51.317,000] [0m<inf> imu: LSM6DSV16X   a   0.376   0.118  10.526  g  -0.011   0.002  -0.002[0m
[1;32muart:~$ [m[8D[J[00:02:51.317,000] [0m<inf> imu: ICM-42688-P  a   0.359  -0.063   9.926  g   0.000  -0.005  -0.001[0m
[1;32muart:~$ [m[8D[J[00:02:51.369,000] [0m<inf> imu: LSM6DS3TR-C  a   0.108   0.033  10.206  g   0.022  -0.060   0.015[0m
[1;32muart:~$ [m[8D[J[1;32muart:~$ [m[8D[J[00:02:51.369,000] [0m<inf> imu: LSM6DSV16X   a   0.380   0.115  10.516  g  -0.011   0.002  -0.003[0m
[1;32muart:~$ [m[8D[J[00:02:51.370,000] [0m<inf> imu: ICM-42688-P  a   0.353  -0.060   9.926  g   0.000  -0.004  -0.000[0m
[1;32muart:~$ [m[8D[J[1;32muart:~$ [m[8D[J[00:02:51.421,000] [0m<inf> imu: LSM6DS3TR-C  a   0.104   0.036  10.186  g   0.022  -0.060   0.016[0m
[1;32muart:~$ [m[8D[J[00:02:51.422,000] [0m<inf> imu: LSM6DSV16X   a   0.378   0.114  10.512  g  -0.012   0.002  -0.002[0m
[1;32muart:~$ [m[8D[J[00:02:51.422,000] [0m<inf> imu: ICM-42688-P  a   0.352  -0.059   9.944  g   0.000  -0.005   0.000[0m
[1;32muart:~$ [m[8D[J[00:02:51.473,000] [0m<inf> imu: LSM6DS3TR-C  a   0.095   0.010  10.190  g   0.024  -0.061   0.015[0m
[1;32muart:~$ [m[8D[J[1;32muart:~$ [m[8D[J[00:02:51.474,000] [0m<inf> imu: LSM6DSV16X   a   0.380   0.115  10.521  g  -0.012   0.002  -0.003[0m
[1;32muart:~$ [m[8D[J[00:02:51.474,000] [0m<inf> imu: ICM-42688-P  a   0.353  -0.066   9.931  g   0.000  -0.005   0.001[0m
[1;32muart:~$ [m[8D[J[1;32muart:~$ [m[8D[J[00:02:51.525,000] [0m<inf> imu: LSM6DS3TR-C  a   0.099   0.032  10.174  g   0.022  -0.060   0.016[0m
[1;32muart:~$ [m[8D[J[00:02:51.526,000] [0m<inf> imu: LSM6DSV16X   a   0.376   0.117  10.524  g  -0.011   0.002  -0.002[0m
[1;32muart:~$ [m[8D[J[00:02:51.527,000] [0m<inf> imu: ICM-42688-P  a   0.357  -0.054   9.923  g   0.001  -0.005   0.000[0m
[1;32muart:~$ [m[8D[J[00:02:51.578,000] [0m<inf> imu: LSM6DS3TR-C  a   0.106   0.029  10.184  g   0.023  -0.059   0.013[0m
[1;32muart:~$ [m[8D[J[1;32muart:~$ [m[8D[J[00:02:51.580,000] [0m<inf> imu: LSM6DSV16X   a   0.375   0.122  10.516  g  -0.011   0.003  -0.002[0m
[1;32muart:~$ [m[8D[J[00:02:51.580,000] [0m<inf> imu: ICM-42688-P  a   0.354  -0.060   9.931  g  -0.001  -0.005  -0.001[0m
[1;32muart:~$ [m[8D[J[1;32muart:~$ [m[8D[J[00:02:51.631,000] [0m<inf> imu: LSM6DS3TR-C  a   0.114   0.008  10.193  g   0.023  -0.060   0.014[0m
[1;32muart:~$ [m[8D[J[00:02:51.632,000] [0m<inf> imu: LSM6DSV16X   a   0.377   0.118  10.512  g  -0.012   0.003  -0.002[0m
[1;32muart:~$ [m[8D[J[00:02:51.633,000] [0m<inf> imu: ICM-42688-P  a   0.352  -0.051   9.920  g   0.000  -0.004   0.000[0m
[1;32muart:~$ [m[8D[J[00:02:51.684,000] [0m<inf> imu: LSM6DS3TR-C  a   0.092   0.011  10.190  g   0.024  -0.061   0.014[0m
[1;32muart:~$ [m[8D[J[1;32muart:~$ [m[8D[J[00:02:51.685,000] [0m<inf> imu: LSM6DSV16X   a   0.385   0.115  10.516  g  -0.012   0.003  -0.003[0m
[1;32muart:~$ [m[8D[J[00:02:51.686,000] [0m<inf> imu: ICM-42688-P  a   0.358  -0.061   9.929  g   0.000  -0.005   0.000[0m
[1;32muart:~$ [m[8D[J[1;32muart:~$ [m[8D[J[00:02:51.737,000] [0m<inf> imu: LSM6DS3TR-C  a   0.111   0.023  10.199  g   0.023  -0.061   0.014[0m
[1;32muart:~$ [m[8D[J[00:02:51.738,000] [0m<inf> imu: LSM6DSV16X   a   0.380   0.119  10.537  g  -0.012   0.002  -0.003[0m
[1;32muart:~$ [m[8D[J[00:02:51.739,000] [0m<inf> imu: ICM-42688-P  a   0.354  -0.056   9.948  g   0.001  -0.005   0.000[0m
[1;32muart:~$ [m[8D[J[1;32muart:~$ [m[8D[J[00:02:51.790,000] [0m<inf> imu: LSM6DS3TR-C  a   0.071   0.016  10.184  g   0.022  -0.060   0.015[0m
[1;32muart:~$ [m[8D[J[00:02:51.791,000] [0m<inf> imu: LSM6DSV16X   a   0.382   0.121  10.538  g  -0.012   0.002  -0.002[0m
[1;32muart:~$ [m[8D[J[00:02:51.792,000] [0m<inf> imu: ICM-42688-P  a   0.356  -0.069   9.940  g  -0.001  -0.004   0.000[0m
[1;32muart:~$ [m[8D[J[1;32muart:~$ [m[8D[J[00:02:51.843,000] [0m<inf> imu: LSM6DS3TR-C  a   0.095   0.011  10.170  g   0.023  -0.063   0.014[0m
[1;32muart:~$ [m[8D[J[00:02:51.844,000] [0m<inf> imu: LSM6DSV16X   a   0.371   0.112  10.524  g  -0.011   0.001  -0.002[0m
[1;32muart:~$ [m[8D[J[00:02:51.844,000] [0m<inf> imu: ICM-42688-P  a   0.356  -0.079   9.923  g  -0.000  -0.005   0.001[0m
[1;32muart:~$ [m[8D[J[1;32muart:~$ [m[8D[J[00:02:51.896,000] [0m<inf> imu: LSM6DS3TR-C  a   0.086   0.047  10.165  g   0.023  -0.060   0.016[0m
[1;32muart:~$ [m[8D[J[00:02:51.897,000] [0m<inf> imu: LSM6DSV16X   a   0.379   0.117  10.511  g  -0.011   0.002  -0.003[0m
[1;32muart:~$ [m[8D[J[00:02:51.898,000] [0m<inf> imu: ICM-42688-P  a   0.346  -0.068   9.929  g   0.000  -0.004   0.000[0m
[1;32muart:~$ [m[8D[J[1;32muart:~$ [m[8D[J[00:02:51.949,000] [0m<inf> imu: LSM6DS3TR-C  a   0.090   0.036  10.206  g   0.021  -0.060   0.015[0m
[1;32muart:~$ [m[8D[J[00:02:51.950,000] [0m<inf> imu: LSM6DSV16X   a   0.376   0.118  10.525  g  -0.012   0.002  -0.002[0m
[1;32muart:~$ [m[8D[J[00:02:51.950,000] [0m<inf> imu: ICM-42688-P  a   0.353  -0.063   9.934  g   0.000  -0.005   0.000[0m
[1;32muart:~$ [m[8D[J[1;32muart:~$ [m[8D[J[00:02:52.001,000] [0m<inf> imu: LSM6DS3TR-C  a   0.077   0.019  10.171  g   0.024  -0.063   0.016[0m
[1;32muart:~$ [m[8D[J[00:02:52.002,000] [0m<inf> imu: LSM6DSV16X   a   0.378   0.108  10.526  g  -0.011   0.002  -0.002[0m
[1;32muart:~$ [m[8D[J[00:02:52.003,000] [0m<inf> imu: ICM-42688-P  a   0.354  -0.075   9.936  g   0.000  -0.005  -0.000[0m
[1;32muart:~$ [m[8D[J[1;32muart:~$ [m[8D[J[00:02:52.054,000] [0m<inf> imu: LSM6DS3TR-C  a   0.097   0.021  10.195  g   0.023  -0.061   0.015[0m
[1;32muart:~$ [m[8D[J[00:02:52.054,000] [0m<inf> imu: LSM6DSV16X   a   0.390   0.132  10.522  g  -0.011   0.002  -0.003[0m
[1;32muart:~$ [m[8D[J[00:02:52.055,000] [0m<inf> imu: ICM-42688-P  a   0.354  -0.060   9.926  g  -0.000  -0.005   0.000[0m
[1;32muart:~$ [m[8D[J[00:02:52.106,000] [0m<inf> imu: LSM6DS3TR-C  a   0.092   0.029  10.235  g   0.023  -0.060   0.014[0m
[1;32muart:~$ [m[8D[J[1;32muart:~$ [m[8D[J[00:02:52.107,000] [0m<inf> imu: LSM6DSV16X   a   0.367   0.129  10.512  g  -0.011   0.002  -0.003[0m
[1;32muart:~$ [m[8D[J[00:02:52.107,000] [0m<inf> imu: ICM-42688-P  a   0.347  -0.060   9.910  g   0.000  -0.005   0.000[0m
[1;32muart:~$ [m[8D[J[1;32muart:~$ [m[8D[J[00:02:52.158,000] [0m<inf> imu: LSM6DS3TR-C  a   0.103   0.029  10.158  g   0.022  -0.060   0.014[0m
[1;32muart:~$ [m[8D[J[00:02:52.159,000] [0m<inf> imu: LSM6DSV16X   a   0.373   0.115  10.526  g  -0.012   0.002  -0.003[0m
[1;32muart:~$ [m[8D[J[00:02:52.159,000] [0m<inf> imu: ICM-42688-P  a   0.354  -0.053   9.935  g   0.001  -0.005  -0.001[0m
[1;32muart:~$ [m[8D[J[1;32muart:~$ [m[8D[J[00:02:52.210,000] [0m<inf> imu: LSM6DS3TR-C  a   0.096   0.022  10.190  g   0.024  -0.059   0.013[0m
[1;32muart:~$ [m[8D[J[00:02:52.211,000] [0m<inf> imu: LSM6DSV16X   a   0.380   0.106  10.521  g  -0.012   0.003  -0.002[0m
[1;32muart:~$ [m[8D[J[00:02:52.212,000] [0m<inf> imu: ICM-42688-P  a   0.371  -0.065   9.923  g  -0.001  -0.005  -0.000[0m
[1;32muart:~$ [m[8D[J[1;32muart:~$ [m[8D[J[00:02:52.263,000] [0m<inf> imu: LSM6DS3TR-C  a   0.117   0.051  10.156  g   0.023  -0.063   0.016[0m
[1;32muart:~$ [m[8D[J[00:02:52.263,000] [0m<inf> imu: LSM6DSV16X   a   0.377   0.129  10.521  g  -0.011   0.002  -0.003[0m
[1;32muart:~$ [m[8D[J[00:02:52.264,000] [0m<inf> imu: ICM-42688-P  a   0.344  -0.061   9.932  g  -0.000  -0.005  -0.000[0m
[1;32muart:~$ [m[8D[J[1;32muart:~$ [m[8D[J[00:02:52.315,000] [0m<inf> imu: LSM6DS3TR-C  a   0.088   0.019  10.190  g   0.024  -0.063   0.015[0m
[1;32muart:~$ [m[8D[J[00:02:52.317,000] [0m<inf> imu: LSM6DSV16X   a   0.385   0.127  10.518  g  -0.012   0.002  -0.002[0m
[1;32muart:~$ [m[8D[J[1;32muart:~$ [m[8D[J[00:02:52.317,000] [0m<inf> imu: ICM-42688-P  a   0.358  -0.044   9.918  g  -0.000  -0.004   0.001[0m
[1;32muart:~$ [m[8D[J[00:02:52.368,000] [0m<inf> imu: LSM6DS3TR-C  a   0.083   0.001  10.195  g   0.024  -0.062   0.013[0m
[1;32muart:~$ [m[8D[J[00:02:52.369,000] [0m<inf> imu: LSM6DSV16X   a   0.366   0.091  10.521  g  -0.012   0.002  -0.003[0m
[1;32muart:~$ [m[8D[J[00:02:52.370,000] [0m<inf> imu: ICM-42688-P  a   0.347  -0.089   9.931  g  -0.001  -0.005   0.000[0m
[1;32muart:~$ [m[8D[J[1;32muart:~$ [m[8D[J[00:02:52.421,000] [0m<inf> imu: LSM6DS3TR-C  a   0.120   0.049  10.142  g   0.023  -0.060   0.013[0m
[1;32muart:~$ [m[8D[J[00:02:52.421,000] [0m<inf> imu: LSM6DSV16X   a   0.395   0.134  10.526  g  -0.012   0.002  -0.002[0m
[1;32muart:~$ [m[8D[J[1;32muart:~$ [m[8D[J[00:02:52.422,000] [0m<inf> imu: ICM-42688-P  a   0.363  -0.044   9.934  g   0.000  -0.005   0.000[0m
[1;32muart:~$ [m[8D[J[00:02:52.473,000] [0m<inf> imu: LSM6DS3TR-C  a   0.100   0.059  10.202  g   0.024  -0.060   0.014[0m
[1;32muart:~$ [m[8D[J[00:02:52.474,000] [0m<inf> imu: LSM6DSV16X   a   0.369   0.127  10.518  g  -0.012   0.002  -0.003[0m
[1;32muart:~$ [m[8D[J[00:02:52.474,000] [0m<inf> imu: ICM-42688-P  a   0.348  -0.056   9.926  g  -0.001  -0.004   0.001[0m
[1;32muart:~$ [m[8D[J[1;32muart:~$ [m[8D[J[00:02:52.525,000] [0m<inf> imu: LSM6DS3TR-C  a   0.075   0.004  10.167  g   0.023  -0.060   0.013[0m
[1;32muart:~$ [m[8D[J[00:02:52.526,000] [0m<inf> imu: LSM6DSV16X   a   0.379   0.113  10.516  g  -0.012   0.002  -0.003[0m
[1;32muart:~$ [m[8D[J[1;32muart:~$ [m[8D[J[00:02:52.526,000] [0m<inf> imu: ICM-42688-P  a   0.354  -0.069   9.924  g   0.000  -0.005  -0.001[0m
[1;32muart:~$ [m[8D[J[00:02:52.577,000] [0m<inf> imu: LSM6DS3TR-C  a   0.128   0.037  10.208  g   0.025  -0.062   0.015[0m
[1;32muart:~$ [m[8D[J[00:02:52.578,000] [0m<inf> imu: LSM6DSV16X   a   0.381   0.120  10.531  g  -0.012   0.002  -0.002[0m
[1;32muart:~$ [m[8D[J[00:02:52.579,000] [0m<inf> imu: ICM-42688-P  a   0.360  -0.062   9.929  g   0.001  -0.004   0.001[0m
[1;32muart:~$ [m[8D[J[1;32muart:~$ [m[8D[J[00:02:52.630,000] [0m<inf> imu: LSM6DS3TR-C  a   0.084   0.022  10.224  g   0.021  -0.061   0.013[0m
[1;32muart:~$ [m[8D[J[00:02:52.631,000] [0m<inf> imu: LSM6DSV16X   a   0.371   0.121  10.519  g  -0.012   0.002  -0.002[0m
[1;32muart:~$ [m[8D[J[1;32muart:~$ [m[8D[J[00:02:52.632,000] [0m<inf> imu: ICM-42688-P  a   0.339  -0.060   9.918  g   0.000  -0.005  -0.000[0m
[1;32muart:~$ [m[8D[J[00:02:52.683,000] [0m<inf> imu: LSM6DS3TR-C  a   0.111   0.023  10.204  g   0.023  -0.060   0.014[0m
[1;32muart:~$ [m[8D[J[00:02:52.684,000] [0m<inf> imu: LSM6DSV16X   a   0.388   0.126  10.516  g  -0.011   0.002  -0.002[0m
[1;32muart:~$ [m[8D[J[00:02:52.684,000] [0m<inf> imu: ICM-42688-P  a   0.357  -0.061   9.922  g   0.000  -0.005  -0.000[0m
[1;32muart:~$ [m[8D[J[1;32muart:~$ [m[8D[J[00:02:52.736,000] [0m<inf> imu: LSM6DS3TR-C  a   0.099   0.025  10.211  g   0.024  -0.062   0.014[0m
[1;32muart:~$ [m[8D[J[00:02:52.737,000] [0m<inf> imu: LSM6DSV16X   a   0.385   0.101  10.529  g  -0.012   0.002  -0.003[0m
[1;32muart:~$ [m[8D[J[1;32muart:~$ [m[8D[J[00:02:52.738,000] [0m<inf> imu: ICM-42688-P  a   0.363  -0.072   9.923  g  -0.000  -0.005   0.001[0m
[1;32muart:~$ [m[8D[J[00:02:52.789,000] [0m<inf> imu: LSM6DS3TR-C  a   0.112   0.032  10.216  g   0.024  -0.062   0.016[0m
[1;32muart:~$ [m[8D[J[00:02:52.790,000] [0m<inf> imu: LSM6DSV16X   a   0.381   0.125  10.521  g  -0.011   0.002  -0.002[0m
[1;32muart:~$ [m[8D[J[00:02:52.790,000] [0m<inf> imu: ICM-42688-P  a   0.357  -0.050   9.929  g  -0.001  -0.005   0.001[0m
[1;32muart:~$ [m[8D[J[1;32muart:~$ [m[8D[J[00:02:52.842,000] [0m<inf> imu: LSM6DS3TR-C  a   0.074   0.013  10.189  g   0.024  -0.061   0.013[0m
[1;32muart:~$ [m[8D[J[00:02:52.843,000] [0m<inf> imu: LSM6DSV16X   a   0.380   0.129  10.523  g  -0.013   0.002  -0.003[0m
[1;32muart:~$ [m[8D[J[1;32muart:~$ [m[8D[J[00:02:52.844,000] [0m<inf> imu: ICM-42688-P  a   0.351  -0.048   9.918  g  -0.000  -0.005   0.000[0m
[1;32muart:~$ [m[8D[J[00:02:52.895,000] [0m<inf> imu: LSM6DS3TR-C  a   0.110   0.039  10.195  g   0.023  -0.062   0.015[0m
[1;32muart:~$ [m[8D[J[00:02:52.896,000] [0m<inf> imu: LSM6DSV16X   a   0.376   0.105  10.521  g  -0.011   0.002  -0.003[0m
[1;32muart:~$ [m[8D[J[1;32muart:~$ [m[8D[J[00:02:52.896,000] [0m<inf> imu: ICM-42688-P  a   0.360  -0.069   9.910  g   0.000  -0.005   0.001[0m
[1;32muart:~$ [m[8D[J[00:02:52.948,000] [0m<inf> imu: LSM6DS3TR-C  a   0.073   0.026  10.187  g   0.024  -0.060   0.013[0m
[1;32muart:~$ [m[8D[J[00:02:52.949,000] [0m<inf> imu: LSM6DSV16X   a   0.378   0.118  10.521  g  -0.012   0.002  -0.003[0m
[1;32muart:~$ [m[8D[J[1;32muart:~$ [m[8D[J[00:02:52.950,000] [0m<inf> imu: ICM-42688-P  a   0.368  -0.051   9.924  g   0.000  -0.005   0.000[0m
[1;32muart:~$ [m[8D[J[00:02:53.001,000] [0m<inf> imu: LSM6DS3TR-C  a   0.089   0.029  10.159  g   0.024  -0.062   0.015[0m
[1;32muart:~$ [m[8D[J[00:02:53.002,000] [0m<inf> imu: LSM6DSV16X   a   0.374   0.122  10.525  g  -0.012   0.002  -0.003[0m
[1;32muart:~$ [m[8D[J[1;32muart:~$ [m[8D[J[00:02:53.002,000] [0m<inf> imu: ICM-42688-P  a   0.353  -0.055   9.925  g   0.000  -0.003   0.001[0m
[1;32muart:~$ [m[8D[J[00:02:53.054,000] [0m<inf> imu: LSM6DS3TR-C  a   0.086   0.017  10.174  g   0.024  -0.060   0.016[0m
[1;32muart:~$ [m[8D[J[00:02:53.055,000] [0m<inf> imu: LSM6DSV16X   a   0.383   0.119  10.517  g  -0.011   0.002  -0.002[0m
[1;32muart:~$ [m[8D[J[00:02:53.056,000] [0m<inf> imu: ICM-42688-P  a   0.346  -0.065   9.914  g  -0.001  -0.005  -0.001[0m
[1;32muart:~$ [m[8D[J[1;32muart:~$ [m[8D[J[00:02:53.107,000] [0m<inf> imu: LSM6DS3TR-C  a   0.099   0.044  10.188  g   0.023  -0.060   0.015[0m
[1;32muart:~$ [m[8D[J[00:02:53.107,000] [0m<inf> imu: LSM6DSV16X   a   0.380   0.113  10.521  g  -0.012   0.002  -0.002[0m
[1;32muart:~$ [m[8D[J[00:02:53.108,000] [0m<inf> imu: ICM-42688-P  a   0.357  -0.062   9.924  g   0.000  -0.005   0.001[0m
[1;32muart:~$ [m[8D[J[1;32muart:~$ [m[8D[J[00:02:53.159,000] [0m<inf> imu: LSM6DS3TR-C  a   0.102   0.034  10.161  g   0.023  -0.060   0.014[0m
[1;32muart:~$ [m[8D[J[00:02:53.160,000] [0m<inf> imu: LSM6DSV16X   a   0.370   0.122  10.517  g  -0.011   0.002  -0.003[0m
[1;32muart:~$ [m[8D[J[1;32muart:~$ [m[8D[J[00:02:53.160,000] [0m<inf> imu: ICM-42688-P  a   0.350  -0.056   9.924  g   0.000  -0.005  -0.001[0m
[1;32muart:~$ [m[8D[J[00:02:53.211,000] [0m<inf> imu: LSM6DS3TR-C  a   0.108   0.026  10.190  g   0.022  -0.060   0.015[0m
[1;32muart:~$ [m[8D[J[00:02:53.212,000] [0m<inf> imu: LSM6DSV16X   a   0.380   0.117  10.519  g  -0.012   0.002  -0.003[0m
[1;32muart:~$ [m[8D[J[1;32muart:~$ [m[8D[J[00:02:53.212,000] [0m<inf> imu: ICM-42688-P  a   0.347  -0.061   9.925  g   0.000  -0.005  -0.000[0m
[1;32muart:~$ [m[8D[J[00:02:53.263,000] [0m<inf> imu: LSM6DS3TR-C  a   0.075   0.014  10.171  g   0.023  -0.063   0.015[0m
[1;32muart:~$ [m[8D[J[00:02:53.264,000] [0m<inf> imu: LSM6DSV16X   a   0.378   0.112  10.530  g  -0.012   0.002  -0.002[0m
[1;32muart:~$ [m[8D[J[1;32muart:~$ [m[8D[J[00:02:53.264,000] [0m<inf> imu: ICM-42688-P  a   0.359  -0.069   9.923  g  -0.000  -0.005   0.001[0m
[1;32muart:~$ [m[8D[J[00:02:53.316,000] [0m<inf> imu: LSM6DS3TR-C  a   0.067   0.018  10.178  g   0.025  -0.062   0.015[0m
[1;32muart:~$ [m[8D[J[1;32muart:~$ [m[8D[J[00:02:53.317,000] [0m<inf> imu: LSM6DSV16X   a   0.381   0.115  10.528  g  -0.011   0.002  -0.002[0m
[1;32muart:~$ [m[8D[J[00:02:53.318,000] [0m<inf> imu: ICM-42688-P  a   0.354  -0.062   9.919  g   0.000  -0.005  -0.000[0m
[1;32muart:~$ [m[8D[J[00:02:53.369,000] [0m<inf> imu: LSM6DS3TR-C  a   0.115   0.048  10.191  g   0.022  -0.062   0.014[0m
[1;32muart:~$ [m[8D[J[00:02:53.370,000] [0m<inf> imu: LSM6DSV16X   a   0.377   0.120  10.524  g  -0.012   0.002  -0.002[0m
[1;32muart:~$ [m[8D[J[1;32muart:~$ [m[8D[J[00:02:53.371,000] [0m<inf> imu: ICM-42688-P  a   0.351  -0.054   9.916  g   0.001  -0.005   0.000[0m
[1;32muart:~$ [m[8D[J[00:02:53.422,000] [0m<inf> imu: LSM6DS3TR-C  a   0.072   0.027  10.189  g   0.023  -0.060   0.014[0m
[1;32muart:~$ [m[8D[J[1;32muart:~$ [m[8D[J[00:02:53.423,000] [0m<inf> imu: LSM6DSV16X   a   0.371   0.103  10.517  g  -0.012   0.002  -0.003[0m
[1;32muart:~$ [m[8D[J[00:02:53.423,000] [0m<inf> imu: ICM-42688-P  a   0.358  -0.069   9.931  g  -0.001  -0.005  -0.000[0m
[1;32muart:~$ [m[8D[J[00:02:53.474,000] [0m<inf> imu: LSM6DS3TR-C  a   0.092   0.017  10.160  g   0.024  -0.060   0.013[0m
[1;32muart:~$ [m[8D[J[00:02:53.475,000] [0m<inf> imu: LSM6DSV16X   a   0.383   0.115  10.519  g  -0.011   0.002  -0.002[0m
[1;32muart:~$ [m[8D[J[1;32muart:~$ [m[8D[J[00:02:53.476,000] [0m<inf> imu: ICM-42688-P  a   0.365  -0.059   9.925  g  -0.000  -0.005   0.000[0m
[1;32muart:~$ [m[8D[J[00:02:53.527,000] [0m<inf> imu: LSM6DS3TR-C  a   0.087   0.053  10.161  g   0.023  -0.060   0.016[0m
[1;32muart:~$ [m[8D[J[1;32muart:~$ [m[8D[J[00:02:53.527,000] [0m<inf> imu: LSM6DSV16X   a   0.377   0.124  10.528  g  -0.011   0.003  -0.003[0m
[1;32muart:~$ [m[8D[J[00:02:53.528,000] [0m<inf> imu: ICM-42688-P  a   0.350  -0.049   9.919  g   0.000  -0.004   0.000[0m
[1;32muart:~$ [m[8D[J[00:02:53.579,000] [0m<inf> imu: LSM6DS3TR-C  a   0.117   0.019  10.202  g   0.024  -0.061   0.015[0m
[1;32muart:~$ [m[8D[J[00:02:53.580,000] [0m<inf> imu: LSM6DSV16X   a   0.377   0.110  10.528  g  -0.012   0.002  -0.003[0m
[1;32muart:~$ [m[8D[J[1;32muart:~$ [m[8D[J[00:02:53.580,000] [0m<inf> imu: ICM-42688-P  a   0.353  -0.069   9.920  g   0.000  -0.004   0.000[0m
[1;32muart:~$ [m[8D[J[00:02:53.631,000] [0m<inf> imu: LSM6DS3TR-C  a   0.103   0.017  10.169  g   0.023  -0.061   0.015[0m
[1;32muart:~$ [m[8D[J[1;32muart:~$ [m[8D[J[00:02:53.633,000] [0m<inf> imu: LSM6DSV16X   a   0.378   0.113  10.527  g  -0.012   0.002  -0.003[0m
[1;32muart:~$ [m[8D[J[00:02:53.634,000] [0m<inf> imu: ICM-42688-P  a   0.363  -0.048   9.912  g   0.000  -0.005   0.000[0m
[1;32muart:~$ [m[8D[J[00:02:53.685,000] [0m<inf> imu: LSM6DS3TR-C  a   0.112   0.013  10.213  g   0.024  -0.060   0.015[0m
[1;32muart:~$ [m[8D[J[00:02:53.685,000] [0m<inf> imu: LSM6DSV16X   a   0.383   0.117  10.516  g  -0.013   0.002  -0.002[0m
[1;32muart:~$ [m[8D[J[1;32muart:~$ [m[8D[J[00:02:53.686,000] [0m<inf> imu: ICM-42688-P  a   0.363  -0.073   9.930  g   0.000  -0.005   0.000[0m
[1;32muart:~$ [m[8D[J[00:02:53.737,000] [0m<inf> imu: LSM6DS3TR-C  a   0.109   0.019  10.229  g   0.023  -0.061   0.013[0m
[1;32muart:~$ [m[8D[J[1;32muart:~$ [m[8D[J[00:02:53.739,000] [0m<inf> imu: LSM6DSV16X   a   0.374   0.115  10.521  g  -0.012   0.002  -0.003[0m
[1;32muart:~$ [m[8D[J[00:02:53.739,000] [0m<inf> imu: ICM-42688-P  a   0.353  -0.063   9.922  g   0.000  -0.005   0.001[0m
[1;32muart:~$ [m[8D[J[00:02:53.790,000] [0m<inf> imu: LSM6DS3TR-C  a   0.112   0.051  10.190  g   0.023  -0.061   0.015[0m
[1;32muart:~$ [m[8D[J[1;32muart:~$ [m[8D[J[00:02:53.791,000] [0m<inf> imu: LSM6DSV16X   a   0.379   0.112  10.523  g  -0.012   0.001  -0.003[0m
[1;32muart:~$ [m[8D[J[00:02:53.791,000] [0m<inf> imu: ICM-42688-P  a   0.359  -0.057   9.924  g   0.001  -0.005   0.001[0m
[1;32muart:~$ [m[8D[J[00:02:53.843,000] [0m<inf> imu: LSM6DS3TR-C  a   0.087   0.038  10.208  g   0.024  -0.062   0.015[0m
[1;32muart:~$ [m[8D[J[1;32muart:~$ [m[8D[J[00:02:53.844,000] [0m<inf> imu: LSM6DSV16X   a   0.380   0.120  10.521  g  -0.012   0.002  -0.003[0m
[1;32muart:~$ [m[8D[J[00:02:53.845,000] [0m<inf> imu: ICM-42688-P  a   0.356  -0.066   9.930  g   0.000  -0.005   0.000[0m
[1;32muart:~$ [m[8D[J[00:02:53.896,000] [0m<inf> imu: LSM6DS3TR-C  a   0.082   0.023  10.169  g   0.024  -0.060   0.013[0m
[1;32muart:~$ [m[8D[J[1;32muart:~$ [m[8D[J[00:02:53.897,000] [0m<inf> imu: LSM6DSV16X   a   0.380   0.122  10.524  g  -0.011   0.002  -0.002[0m
[1;32muart:~$ [m[8D[J[00:02:53.897,000] [0m<inf> imu: ICM-42688-P  a   0.346  -0.067   9.922  g   0.001  -0.005   0.001[0m
[1;32muart:~$ [m[8D[J[00:02:53.949,000] [0m<inf> imu: LSM6DS3TR-C  a   0.098   0.019  10.201  g   0.023  -0.060   0.016[0m
[1;32muart:~$ [m[8D[J[1;32muart:~$ [m[8D[J[00:02:53.950,000] [0m<inf> imu: LSM6DSV16X   a   0.381   0.112  10.525  g  -0.012   0.002  -0.002[0m
[1;32muart:~$ [m[8D[J[00:02:53.951,000] [0m<inf> imu: ICM-42688-P  a   0.351  -0.069   9.918  g  -0.000  -0.005   0.001[0m
[1;32muart:~$ [m[8D[J[00:02:54.002,000] [0m<inf> imu: LSM6DS3TR-C  a   0.092   0.011  10.195  g   0.024  -0.061   0.014[0m
[1;32muart:~$ [m[8D[J[1;32muart:~$ [m[8D[J[00:02:54.003,000] [0m<inf> imu: LSM6DSV16X   a   0.380   0.117  10.516  g  -0.011   0.002  -0.003[0m
[1;32muart:~$ [m[8D[J[00:02:54.003,000] [0m<inf> imu: ICM-42688-P  a   0.357  -0.073   9.925  g   0.000  -0.005   0.000[0m
[1;32muart:~$ [m[8D[J[00:02:54.054,000] [0m<inf> imu: LSM6DS3TR-C  a   0.085   0.016  10.208  g   0.024  -0.061   0.013[0m
[1;32muart:~$ [m[8D[J[00:02:54.055,000] [0m<inf> imu: LSM6DSV16X   a   0.379   0.120  10.524  g  -0.011   0.003  -0.002[0m
[1;32muart:~$ [m[8D[J[1;32muart:~$ [m[8D[J[00:02:54.056,000] [0m<inf> imu: ICM-42688-P  a   0.363  -0.056   9.928  g  -0.000  -0.004   0.001[0m
[1;32muart:~$ [m[8D[J[00:02:54.107,000] [0m<inf> imu: LSM6DS3TR-C  a   0.082   0.031  10.174  g   0.022  -0.060   0.016[0m
[1;32muart:~$ [m[8D[J[1;32muart:~$ [m[8D[J[00:02:54.107,000] [0m<inf> imu: LSM6DSV16X   a   0.373   0.117  10.522  g  -0.012   0.002  -0.003[0m
[1;32muart:~$ [m[8D[J[00:02:54.108,000] [0m<inf> imu: ICM-42688-P  a   0.350  -0.063   9.918  g   0.000  -0.004   0.000[0m
[1;32muart:~$ [m[8D[J[1;32muart:~$ [m[8D[J[00:02:54.159,000] [0m<inf> imu: LSM6DS3TR-C  a   0.084   0.017  10.173  g   0.023  -0.060   0.014[0m
[1;32muart:~$ [m[8D[J[00:02:54.160,000] [0m<inf> imu: LSM6DSV16X   a   0.383   0.113  10.526  g  -0.012   0.001  -0.003[0m
[1;32muart:~$ [m[8D[J[00:02:54.160,000] [0m<inf> imu: ICM-42688-P  a   0.372  -0.061   9.914  g   0.000  -0.005   0.000[0m
[1;32muart:~$ [m[8D[J[00:02:54.211,000] [0m<inf> imu: LSM6DS3TR-C  a   0.092  -0.025  10.191  g   0.024  -0.062   0.016[0m
[1;32muart:~$ [m[8D[J[1;32muart:~$ [m[8D[J[00:02:54.212,000] [0m<inf> imu: LSM6DSV16X   a   0.382   0.112  10.524  g  -0.012   0.002  -0.002[0m
[1;32muart:~$ [m[8D[J[00:02:54.212,000] [0m<inf> imu: ICM-42688-P  a   0.360  -0.067   9.914  g   0.000  -0.005  -0.000[0m
[1;32muart:~$ [m[8D[J[1;32muart:~$ [m[8D[J[00:02:54.263,000] [0m<inf> imu: LSM6DS3TR-C  a   0.074  -0.003  10.177  g   0.024  -0.061   0.015[0m
[1;32muart:~$ [m[8D[J[00:02:54.264,000] [0m<inf> imu: LSM6DSV16X   a   0.377   0.120  10.521  g  -0.012   0.002  -0.002[0m
[1;32muart:~$ [m[8D[J[00:02:54.264,000] [0m<inf> imu: ICM-42688-P  a   0.350  -0.056   9.923  g   0.000  -0.005   0.000[0m
[1;32muart:~$ [m[8D[J[00:02:54.316,000] [0m<inf> imu: LSM6DS3TR-C  a   0.107   0.008  10.169  g   0.023  -0.063   0.016[0m
[1;32muart:~$ [m[8D[J[1;32muart:~$ [m[8D[J[00:02:54.317,000] [0m<inf> imu: LSM6DSV16X   a   0.383   0.112  10.513  g  -0.012   0.002  -0.002[0m
[1;32muart:~$ [m[8D[J[00:02:54.318,000] [0m<inf> imu: ICM-42688-P  a   0.339  -0.062   9.929  g  -0.001  -0.004   0.000[0m
[1;32muart:~$ [m[8D[J[1;32muart:~$ [m[8D[J[00:02:54.369,000] [0m<inf> imu: LSM6DS3TR-C  a   0.096   0.027  10.176  g   0.023  -0.060   0.015[0m
[1;32muart:~$ [m[8D[J[00:02:54.370,000] [0m<inf> imu: LSM6DSV16X   a   0.380   0.114  10.514  g  -0.012   0.002  -0.003[0m
[1;32muart:~$ [m[8D[J[00:02:54.370,000] [0m<inf> imu: ICM-42688-P  a   0.354  -0.069   9.928  g   0.000  -0.005   0.000[0m
[1;32muart:~$ [m[8D[J[00:02:54.421,000] [0m<inf> imu: LSM6DS3TR-C  a   0.109   0.013  10.200  g   0.024  -0.061   0.014[0m
[1;32muart:~$ [m[8D[J[1;32muart:~$ [m[8D[J[00:02:54.422,000] [0m<inf> imu: LSM6DSV16X   a   0.374   0.118  10.521  g  -0.011   0.002  -0.002[0m
[1;32muart:~$ [m[8D[J[00:02:54.423,000] [0m<inf> imu: ICM-42688-P  a   0.350  -0.069   9.926  g   0.000  -0.005   0.001[0m
[1;32muart:~$ [m[8D[J[1;32muart:~$ [m[8D[J[00:02:54.474,000] [0m<inf> imu: LSM6DS3TR-C  a   0.070   0.019  10.152  g   0.022  -0.063   0.014[0m
[1;32muart:~$ [m[8D[J[00:02:54.475,000] [0m<inf> imu: LSM6DSV16X   a   0.378   0.115  10.514  g  -0.012   0.002  -0.003[0m
[1;32muart:~$ [m[8D[J[00:02:54.476,000] [0m<inf> imu: ICM-42688-P  a   0.359  -0.060   9.922  g  -0.000  -0.005  -0.000[0m
[1;32muart:~$ [m[8D[J[1;32muart:~$ [m[8D[J[00:02:54.527,000] [0m<inf> imu: LSM6DS3TR-C  a   0.103   0.070  10.158  g   0.024  -0.063   0.013[0m
[1;32muart:~$ [m[8D[J[00:02:54.528,000] [0m<inf> imu: LSM6DSV16X   a   0.374   0.120  10.516  g  -0.012   0.003  -0.002[0m
[1;32muart:~$ [m[8D[J[00:02:54.528,000] [0m<inf> imu: ICM-42688-P  a   0.346  -0.056   9.923  g   0.000  -0.005   0.000[0m
[1;32muart:~$ [m[8D[J[1;32muart:~$ [m[8D[J[00:02:54.580,000] [0m<inf> imu: LSM6DS3TR-C  a   0.072   0.025  10.204  g   0.024  -0.058   0.015[0m
[1;32muart:~$ [m[8D[J[00:02:54.581,000] [0m<inf> imu: LSM6DSV16X   a   0.369   0.112  10.517  g  -0.011   0.002  -0.002[0m
[1;32muart:~$ [m[8D[J[00:02:54.582,000] [0m<inf> imu: ICM-42688-P  a   0.356  -0.059   9.918  g   0.000  -0.005   0.000[0m
[1;32muart:~$ [m[8D[J[1;32muart:~$ [m[8D[J[00:02:54.633,000] [0m<inf> imu: LSM6DS3TR-C  a   0.089   0.027  10.169  g   0.024  -0.061   0.014[0m
[1;32muart:~$ [m[8D[J[00:02:54.634,000] [0m<inf> imu: LSM6DSV16X   a   0.378   0.123  10.521  g  -0.011   0.002  -0.002[0m
[1;32muart:~$ [m[8D[J[00:02:54.634,000] [0m<inf> imu: ICM-42688-P  a   0.350  -0.069   9.922  g  -0.001  -0.005   0.000[0m
[1;32muart:~$ [m[8D[J[1;32muart:~$ [m[8D[J[00:02:54.686,000] [0m<inf> imu: LSM6DS3TR-C  a   0.083   0.019  10.179  g   0.022  -0.060   0.016[0m
[1;32muart:~$ [m[8D[J[00:02:54.687,000] [0m<inf> imu: LSM6DSV16X   a   0.377   0.121  10.524  g  -0.011   0.002  -0.003[0m
[1;32muart:~$ [m[8D[J[00:02:54.688,000] [0m<inf> imu: ICM-42688-P  a   0.351  -0.065   9.920  g   0.001  -0.005   0.001[0m
[1;32muart:~$ [m[8D[J[1;32muart:~$ [m[8D[J[00:02:54.739,000] [0m<inf> imu: LSM6DS3TR-C  a   0.076   0.038  10.183  g   0.022  -0.061   0.014[0m
[1;32muart:~$ [m[8D[J[00:02:54.739,000] [0m<inf> imu: LSM6DSV16X   a   0.379   0.122  10.516  g  -0.012   0.002  -0.003[0m
[1;32muart:~$ [m[8D[J[00:02:54.740,000] [0m<inf> imu: ICM-42688-P  a   0.353  -0.066   9.918  g  -0.001  -0.005   0.000[0m
[1;32muart:~$ [m[8D[J[1;32muart:~$ [m[8D[J[00:02:54.791,000] [0m<inf> imu: LSM6DS3TR-C  a   0.089   0.023  10.171  g   0.022  -0.061   0.015[0m
[1;32muart:~$ [m[8D[J[00:02:54.792,000] [0m<inf> imu: LSM6DSV16X   a   0.376   0.118  10.511  g  -0.012   0.002  -0.002[0m
[1;32muart:~$ [m[8D[J[00:02:54.792,000] [0m<inf> imu: ICM-42688-P  a   0.360  -0.055   9.917  g  -0.001  -0.005   0.000[0m
[1;32muart:~$ [m[8D[J[1;32muart:~$ [m[8D[J[00:02:54.843,000] [0m<inf> imu: LSM6DS3TR-C  a   0.083   0.052  10.168  g   0.024  -0.060   0.014[0m
[1;32muart:~$ [m[8D[J[00:02:54.844,000] [0m<inf> imu: LSM6DSV16X   a   0.376   0.114  10.518  g  -0.011   0.002  -0.002[0m
[1;32muart:~$ [m[8D[J[1;32muart:~$ [m[8D[J[00:02:54.844,000] [0m<inf> imu: ICM-42688-P  a   0.350  -0.060   9.926  g  -0.000  -0.005   0.000[0m
[1;32muart:~$ [m[8D[J[00:02:54.895,000] [0m<inf> imu: LSM6DS3TR-C  a   0.078   0.011  10.178  g   0.022  -0.062   0.013[0m
[1;32muart:~$ [m[8D[J[00:02:54.896,000] [0m<inf> imu: LSM6DSV16X   a   0.379   0.112  10.516  g  -0.011   0.003  -0.003[0m
[1;32muart:~$ [m[8D[J[00:02:54.897,000] [0m<inf> imu: ICM-42688-P  a   0.356  -0.055   9.923  g   0.000  -0.005   0.000[0m
[1;32muart:~$ [m[8D[J[1;32muart:~$ [m[8D[J[00:02:54.948,000] [0m<inf> imu: LSM6DS3TR-C  a   0.103   0.009  10.196  g   0.022  -0.060   0.014[0m
[1;32muart:~$ [m[8D[J[00:02:54.948,000] [0m<inf> imu: LSM6DSV16X   a   0.373   0.122  10.516  g  -0.012   0.002  -0.003[0m
[1;32muart:~$ [m[8D[J[1;32muart:~$ [m[8D[J[00:02:54.949,000] [0m<inf> imu: ICM-42688-P  a   0.354  -0.066   9.919  g   0.000  -0.004   0.000[0m
[1;32muart:~$ [m[8D[J[00:02:55.000,000] [0m<inf> imu: LSM6DS3TR-C  a   0.100   0.005  10.187  g   0.023  -0.060   0.016[0m
[1;32muart:~$ [m[8D[J[00:02:55.001,000] [0m<inf> imu: LSM6DSV16X   a   0.378   0.117  10.516  g  -0.011   0.003  -0.003[0m
[1;32muart:~$ [m[8D[J[00:02:55.001,000] [0m<inf> imu: ICM-42688-P  a   0.354  -0.066   9.914  g   0.000  -0.006  -0.001[0m
[1;32muart:~$ [m[8D[J[00:02:55.052,000] [0m<inf> imu: LSM6DS3TR-C  a   0.102   0.020  10.166  g   0.023  -0.060   0.015[0m
[1;32muart:~$ [m[8D[J[1;32muart:~$ [m[8D[J[00:02:55.053,000] [0m<inf> imu: LSM6DSV16X   a   0.377   0.118  10.521  g  -0.011   0.002  -0.003[0m
[1;32muart:~$ [m[8D[J[00:02:55.053,000] [0m<inf> imu: ICM-42688-P  a   0.348  -0.063   9.935  g  -0.000  -0.005   0.000[0m
[1;32muart:~$ [m[8D[J[00:02:55.104,000] [0m<inf> imu: LSM6DS3TR-C  a   0.114   0.036  10.187  g   0.021  -0.061   0.013[0m
[1;32muart:~$ [m[8D[J[1;32muart:~$ [m[8D[J[00:02:55.105,000] [0m<inf> imu: LSM6DSV16X   a   0.385   0.117  10.509  g  -0.011   0.002  -0.003[0m
[1;32muart:~$ [m[8D[J[00:02:55.106,000] [0m<inf> imu: ICM-42688-P  a   0.352  -0.057   9.931  g   0.000  -0.005   0.000[0m
[1;32muart:~$ [m[8D[J[1;32muart:~$ [m[8D[J[00:02:55.157,000] [0m<inf> imu: LSM6DS3TR-C  a   0.119   0.005  10.219  g   0.022  -0.060   0.015[0m
[1;32muart:~$ [m[8D[J[00:02:55.157,000] [0m<inf> imu: LSM6DSV16X   a   0.390   0.120  10.524  g  -0.012   0.002  -0.002[0m
[1;32muart:~$ [m[8D[J[1;32muart:~$ [m[8D[J[00:02:55.158,000] [0m<inf> imu: ICM-42688-P  a   0.350  -0.061   9.918  g   0.000  -0.005   0.000[0m
[1;32muart:~$ [m[8D[J[00:02:55.210,000] [0m<inf> imu: LSM6DS3TR-C  a   0.117   0.014  10.196  g   0.024  -0.062   0.013[0m
[1;32muart:~$ [m[8D[J[00:02:55.211,000] [0m<inf> imu: LSM6DSV16X   a   0.378   0.118  10.524  g  -0.012   0.002  -0.003[0m
[1;32muart:~$ [m[8D[J[1;32muart:~$ [m[8D[J[00:02:55.211,000] [0m<inf> imu: ICM-42688-P  a   0.335  -0.059   9.932  g  -0.000  -0.005   0.000[0m
[1;32muart:~$ [m[8D[J[00:02:55.263,000] [0m<inf> imu: LSM6DS3TR-C  a   0.103   0.010  10.154  g   0.024  -0.061   0.014[0m
[1;32muart:~$ [m[8D[J[00:02:55.263,000] [0m<inf> imu: LSM6DSV16X   a   0.380   0.119  10.519  g  -0.012   0.002  -0.003[0m
[1;32muart:~$ [m[8D[J[1;32muart:~$ [m[8D[J[00:02:55.264,000] [0m<inf> imu: ICM-42688-P  a   0.362  -0.062   9.929  g   0.000  -0.004   0.001[0m
[1;32muart:~$ [m[8D[J[00:02:55.315,000] [0m<inf> imu: LSM6DS3TR-C  a   0.098   0.036  10.196  g   0.023  -0.061   0.012[0m
[1;32muart:~$ [m[8D[J[00:02:55.317,000] [0m<inf> imu: LSM6DSV16X   a   0.376   0.122  10.524  g  -0.011   0.002  -0.003[0m
[1;32muart:~$ [m[8D[J[1;32muart:~$ [m[8D[J[00:02:55.317,000] [0m<inf> imu: ICM-42688-P  a   0.358  -0.054   9.920  g   0.000  -0.005   0.000[0m
[1;32muart:~$ [m[8D[J[00:02:55.368,000] [0m<inf> imu: LSM6DS3TR-C  a   0.078   0.032  10.207  g   0.024  -0.059   0.013[0m
[1;32muart:~$ [m[8D[J[00:02:55.370,000] [0m<inf> imu: LSM6DSV16X   a   0.382   0.108  10.529  g  -0.010   0.002  -0.002[0m
[1;32muart:~$ [m[8D[J[1;32muart:~$ [m[8D[J[00:02:55.371,000] [0m<inf> imu: ICM-42688-P  a   0.344  -0.065   9.930  g  -0.001  -0.005  -0.000[0m
[1;32muart:~$ [m[8D[J[00:02:55.422,000] [0m<inf> imu: LSM6DS3TR-C  a   0.094  -0.017  10.175  g   0.023  -0.061   0.015[0m
[1;32muart:~$ [m[8D[J[00:02:55.423,000] [0m<inf> imu: LSM6DSV16X   a   0.383   0.117  10.516  g  -0.011   0.002  -0.003[0m
[1;32muart:~$ [m[8D[J[1;32muart:~$ [m[8D[J[00:02:55.424,000] [0m<inf> imu: ICM-42688-P  a   0.359  -0.069   9.914  g   0.001  -0.005   0.001[0m
[1;32muart:~$ [m[8D[J[00:02:55.475,000] [0m<inf> imu: LSM6DS3TR-C  a   0.107   0.030  10.152  g   0.023  -0.059   0.014[0m
[1;32muart:~$ [m[8D[J[00:02:55.476,000] [0m<inf> imu: LSM6DSV16X   a   0.376   0.120  10.519  g  -0.011   0.003  -0.002[0m
[1;32muart:~$ [m[8D[J[1;32muart:~$ [m[8D[J[00:02:55.476,000] [0m<inf> imu: ICM-42688-P  a   0.346  -0.060   9.924  g   0.000  -0.004  -0.000[0m
[1;32muart:~$ [m[8D[J[00:02:55.527,000] [0m<inf> imu: LSM6DS3TR-C  a   0.080   0.011  10.198  g   0.023  -0.062   0.016[0m
[1;32muart:~$ [m[8D[J[00:02:55.528,000] [0m<inf> imu: LSM6DSV16X   a   0.375   0.115  10.524  g  -0.012   0.002  -0.003[0m
[1;32muart:~$ [m[8D[J[1;32muart:~$ [m[8D[J[00:02:55.529,000] [0m<inf> imu: ICM-42688-P  a   0.345  -0.067   9.926  g   0.000  -0.005   0.000[0m
[1;32muart:~$ [m[8D[J[00:02:55.580,000] [0m<inf> imu: LSM6DS3TR-C  a   0.105   0.004  10.210  g   0.023  -0.060   0.015[0m
[1;32muart:~$ [m[8D[J[1;32muart:~$ [m[8D[J[00:02:55.580,000] [0m<inf> imu: LSM6DSV16X   a   0.375   0.115  10.518  g  -0.012   0.001  -0.002[0m
[1;32muart:~$ [m[8D[J[00:02:55.581,000] [0m<inf> imu: ICM-42688-P  a   0.354  -0.059   9.930  g   0.000  -0.005   0.000[0m
[1;32muart:~$ [m[8D[J[00:02:55.632,000] [0m<inf> imu: LSM6DS3TR-C  a   0.085   0.041  10.166  g   0.023  -0.060   0.015[0m
[1;32muart:~$ [m[8D[J[00:02:55.633,000] [0m<inf> imu: LSM6DSV16X   a   0.379   0.118  10.521  g  -0.012   0.001  -0.003[0m
[1;32muart:~$ [m[8D[J[1;32muart:~$ [m[8D[J[00:02:55.633,000] [0m<inf> imu: ICM-42688-P  a   0.354  -0.054   9.924  g  -0.000  -0.005  -0.000[0m
[1;32muart:~$ [m[8D[J[00:02:55.684,000] [0m<inf> imu: LSM6DS3TR-C  a   0.081   0.037  10.167  g   0.024  -0.060   0.016[0m
[1;32muart:~$ [m[8D[J[1;32muart:~$ [m[8D[J[00:02:55.685,000] [0m<inf> imu: LSM6DSV16X   a   0.377   0.123  10.524  g  -0.011   0.002  -0.003[0m
[1;32muart:~$ [m[8D[J[00:02:55.686,000] [0m<inf> imu: ICM-42688-P  a   0.356  -0.056   9.924  g   0.001  -0.005   0.001[0m
[1;32muart:~$ [m[8D[J[00:02:55.737,000] [0m<inf> imu: LSM6DS3TR-C  a   0.123   0.028  10.179  g   0.023  -0.060   0.013[0m
[1;32muart:~$ [m[8D[J[00:02:55.737,000] [0m<inf> imu: LSM6DSV16X   a   0.374   0.110  10.529  g  -0.011   0.002  -0.002[0m
[1;32muart:~$ [m[8D[J[1;32muart:~$ [m[8D[J[00:02:55.738,000] [0m<inf> imu: ICM-42688-P  a   0.359  -0.065   9.929  g  -0.000  -0.005  -0.001[0m
[1;32muart:~$ [m[8D[J[00:02:55.789,000] [0m<inf> imu: LSM6DS3TR-C  a   0.085   0.051  10.181  g   0.023  -0.060   0.016[0m
[1;32muart:~$ [m[8D[J[1;32muart:~$ [m[8D[J[00:02:55.790,000] [0m<inf> imu: LSM6DSV16X   a   0.373   0.113  10.524  g  -0.011   0.002  -0.003[0m
[1;32muart:~$ [m[8D[J[00:02:55.790,000] [0m<inf> imu: ICM-42688-P  a   0.353  -0.069   9.926  g   0.000  -0.004   0.001[0m
[1;32muart:~$ [m[8D[J[00:02:55.841,000] [0m<inf> imu: LSM6DS3TR-C  a   0.090  -0.004  10.137  g   0.023  -0.059   0.015[0m
[1;32muart:~$ [m[8D[J[00:02:55.842,000] [0m<inf> imu: LSM6DSV16X   a   0.380   0.121  10.528  g  -0.011   0.003  -0.003[0m
[1;32muart:~$ [m[8D[J[1;32muart:~$ [m[8D[J[00:02:55.842,000] [0m<inf> imu: ICM-42688-P  a   0.351  -0.060   9.922  g  -0.000  -0.005   0.000[0m
[1;32muart:~$ [m[8D[J[00:02:55.893,000] [0m<inf> imu: LSM6DS3TR-C  a   0.078   0.029  10.192  g   0.024  -0.061   0.017[0m
[1;32muart:~$ [m[8D[J[1;32muart:~$ [m[8D[J[00:02:55.894,000] [0m<inf> imu: LSM6DSV16X   a   0.377   0.115  10.519  g  -0.011   0.002  -0.003[0m
[1;32muart:~$ [m[8D[J[00:02:55.895,000] [0m<inf> imu: ICM-42688-P  a   0.344  -0.065   9.918  g   0.000  -0.005   0.000[0m
[1;32muart:~$ [m[8D[J[00:02:55.946,000] [0m<inf> imu: LSM6DS3TR-C  a   0.084   0.044  10.172  g   0.024  -0.061   0.015[0m
[1;32muart:~$ [m[8D[J[1;32muart:~$ [m[8D[J[00:02:55.947,000] [0m<inf> imu: LSM6DSV16X   a   0.385   0.117  10.513  g  -0.011   0.002  -0.002[0m
[1;32muart:~$ [m[8D[J[00:02:55.948,000] [0m<inf> imu: ICM-42688-P  a   0.351  -0.065   9.931  g   0.000  -0.005  -0.001[0m
[1;32muart:~$ [m[8D[J[00:02:55.999,000] [0m<inf> imu: LSM6DS3TR-C  a   0.053   0.028  10.159  g   0.023  -0.061   0.014[0m
[1;32muart:~$ [m[8D[J[00:02:56.000,000] [0m<inf> imu: LSM6DSV16X   a   0.382   0.120  10.521  g  -0.011   0.002  -0.003[0m
[1;32muart:~$ [m[8D[J[00:02:56.000,000] [0m<inf> imu: ICM-42688-P  a   0.360  -0.060   9.917  g   0.001  -0.005   0.001[0m
[1;32muart:~$ [m[8D[J[1;32muart:~$ [m[8D[J[00:02:56.052,000] [0m<inf> imu: LSM6DS3TR-C  a   0.072   0.042  10.185  g   0.023  -0.058   0.015[0m
[1;32muart:~$ [m[8D[J[00:02:56.053,000] [0m<inf> imu: LSM6DSV16X   a   0.380   0.122  10.519  g  -0.012   0.002  -0.003[0m
[1;32muart:~$ [m[8D[J[1;32muart:~$ [m[8D[J[00:02:56.053,000] [0m<inf> imu: ICM-42688-P  a   0.357  -0.057   9.918  g   0.001  -0.004   0.000[0m
[1;32muart:~$ [m[8D[J[00:02:56.105,000] [0m<inf> imu: LSM6DS3TR-C  a   0.092   0.012  10.186  g   0.022  -0.060   0.014[0m
[1;32muart:~$ [m[8D[J[1;32muart:~$ [m[8D[J[00:02:56.105,000] [0m<inf> imu: LSM6DSV16X   a   0.380   0.117  10.524  g  -0.012   0.001  -0.003[0m
[1;32muart:~$ [m[8D[J[00:02:56.106,000] [0m<inf> imu: ICM-42688-P  a   0.368  -0.069   9.918  g  -0.000  -0.005   0.001[0m
[1;32muart:~$ [m[8D[J[00:02:56.157,000] [0m<inf> imu: LSM6DS3TR-C  a   0.075  -0.004  10.188  g   0.021  -0.060   0.013[0m
[1;32muart:~$ [m[8D[J[1;32muart:~$ [m[8D[J[00:02:56.159,000] [0m<inf> imu: LSM6DSV16X   a   0.380   0.117  10.519  g  -0.012   0.002  -0.002[0m
[1;32muart:~$ [m[8D[J[00:02:56.160,000] [0m<inf> imu: ICM-42688-P  a   0.362  -0.062   9.918  g  -0.001  -0.005   0.000[0m
[1;32muart:~$ [m[8D[J[00:02:56.211,000] [0m<inf> imu: LSM6DS3TR-C  a   0.123   0.020  10.180  g   0.023  -0.061   0.014[0m
[1;32muart:~$ [m[8D[J[1;32muart:~$ [m[8D[J[00:02:56.211,000] [0m<inf> imu: LSM6DSV16X   a   0.380   0.120  10.521  g  -0.011   0.001  -0.002[0m
[1;32muart:~$ [m[8D[J[00:02:56.212,000] [0m<inf> imu: ICM-42688-P  a   0.359  -0.061   9.931  g  -0.000  -0.004   0.000[0m
[1;32muart:~$ [m[8D[J[00:02:56.263,000] [0m<inf> imu: LSM6DS3TR-C  a   0.092   0.061  10.196  g   0.024  -0.060   0.013[0m
[1;32muart:~$ [m[8D[J[1;32muart:~$ [m[8D[J[00:02:56.263,000] [0m<inf> imu: LSM6DSV16X   a   0.378   0.119  10.530  g  -0.012   0.002  -0.003[0m
[1;32muart:~$ [m[8D[J[00:02:56.264,000] [0m<inf> imu: ICM-42688-P  a   0.347  -0.053   9.931  g  -0.001  -0.004   0.000[0m
[1;32muart:~$ [m[8D[J[00:02:56.316,000] [0m<inf> imu: LSM6DS3TR-C  a   0.106   0.049  10.159  g   0.023  -0.060   0.015[0m
[1;32muart:~$ [m[8D[J[1;32muart:~$ [m[8D[J[00:02:56.316,000] [0m<inf> imu: LSM6DSV16X   a   0.380   0.117  10.516  g  -0.011   0.002  -0.003[0m
[1;32muart:~$ [m[8D[J[00:02:56.317,000] [0m<inf> imu: ICM-42688-P  a   0.347  -0.061   9.925  g   0.000  -0.004   0.001[0m
[1;32muart:~$ [m[8D[J[1;32muart:~$ [m[8D[J[00:02:56.369,000] [0m<inf> imu: LSM6DS3TR-C  a   0.069   0.008  10.187  g   0.024  -0.061   0.014[0m
[1;32muart:~$ [m[8D[J[00:02:56.370,000] [0m<inf> imu: LSM6DSV16X   a   0.378   0.118  10.521  g  -0.013   0.002  -0.003[0m
[1;32muart:~$ [m[8D[J[00:02:56.371,000] [0m<inf> imu: ICM-42688-P  a   0.341  -0.061   9.920  g  -0.000  -0.005  -0.000[0m
[1;32muart:~$ [m[8D[J[00:02:56.422,000] [0m<inf> imu: LSM6DS3TR-C  a   0.135   0.007  10.181  g   0.025  -0.062   0.016[0m
[1;32muart:~$ [m[8D[J[1;32muart:~$ [m[8D[J[00:02:56.423,000] [0m<inf> imu: LSM6DSV16X   a   0.380   0.117  10.524  g  -0.012   0.002  -0.003[0m
[1;32muart:~$ [m[8D[J[00:02:56.423,000] [0m<inf> imu: ICM-42688-P  a   0.357  -0.066   9.926  g  -0.000  -0.006   0.001[0m
[1;32muart:~$ [m[8D[J[1;32muart:~$ [m[8D[J[00:02:56.474,000] [0m<inf> imu: LSM6DS3TR-C  a   0.095   0.011  10.181  g   0.022  -0.060   0.016[0m
[1;32muart:~$ [m[8D[J[00:02:56.475,000] [0m<inf> imu: LSM6DSV16X   a   0.382   0.114  10.522  g  -0.011   0.002  -0.002[0m
[1;32muart:~$ [m[8D[J[00:02:56.475,000] [0m<inf> imu: ICM-42688-P  a   0.346  -0.069   9.923  g  -0.001  -0.005   0.000[0m
[1;32muart:~$ [m[8D[J[00:02:56.526,000] [0m<inf> imu: LSM6DS3TR-C  a   0.114   0.000  10.152  g   0.024  -0.060   0.014[0m
[1;32muart:~$ [m[8D[J[1;32muart:~$ [m[8D[J[00:02:56.527,000] [0m<inf> imu: LSM6DSV16X   a   0.378   0.117  10.514  g  -0.012   0.002  -0.003[0m
[1;32muart:~$ [m[8D[J[00:02:56.528,000] [0m<inf> imu: ICM-42688-P  a   0.359  -0.072   9.918  g   0.000  -0.005   0.000[0m
[1;32muart:~$ [m[8D[J[1;32muart:~$ [m[8D[J[00:02:56.579,000] [0m<inf> imu: LSM6DS3TR-C  a   0.121   0.014  10.195  g   0.024  -0.063   0.014[0m
[1;32muart:~$ [m[8D[J[00:02:56.579,000] [0m<inf> imu: LSM6DSV16X   a   0.376   0.117  10.519  g  -0.012   0.002  -0.003[0m
[1;32muart:~$ [m[8D[J[00:02:56.580,000] [0m<inf> imu: ICM-42688-P  a   0.345  -0.067   9.926  g  -0.000  -0.004  -0.001[0m
[1;32muart:~$ [m[8D[J[00:02:56.631,000] [0m<inf> imu: LSM6DS3TR-C  a   0.078   0.029  10.167  g   0.023  -0.060   0.013[0m
[1;32muart:~$ [m[8D[J[1;32muart:~$ [m[8D[J[00:02:56.632,000] [0m<inf> imu: LSM6DSV16X   a   0.378   0.113  10.515  g  -0.011   0.003  -0.003[0m
[1;32muart:~$ [m[8D[J[00:02:56.632,000] [0m<inf> imu: ICM-42688-P  a   0.356  -0.056   9.923  g  -0.001  -0.005   0.000[0m
[1;32muart:~$ [m[8D[J[1;32muart:~$ [m[8D[J[00:02:56.683,000] [0m<inf> imu: LSM6DS3TR-C  a   0.103   0.024  10.193  g   0.022  -0.061   0.015[0m
[1;32muart:~$ [m[8D[J[00:02:56.684,000] [0m<inf> imu: LSM6DSV16X   a   0.382   0.114  10.512  g  -0.012   0.003  -0.003[0m
[1;32muart:~$ [m[8D[J[00:02:56.684,000] [0m<inf> imu: ICM-42688-P  a   0.346  -0.073   9.935  g   0.000  -0.004   0.000[0m
[1;32muart:~$ [m[8D[J[00:02:56.736,000] [0m<inf> imu: LSM6DS3TR-C  a   0.079   0.009  10.169  g   0.023  -0.060   0.016[0m
[1;32muart:~$ [m[8D[J[1;32muart:~$ [m[8D[J[00:02:56.737,000] [0m<inf> imu: LSM6DSV16X   a   0.382   0.118  10.523  g  -0.012   0.003  -0.002[0m
[1;32muart:~$ [m[8D[J[00:02:56.738,000] [0m<inf> imu: ICM-42688-P  a   0.357  -0.065   9.918  g   0.000  -0.005   0.000[0m
[1;32muart:~$ [m[8D[J[1;32muart:~$ [m[8D[J[00:02:56.789,000] [0m<inf> imu: LSM6DS3TR-C  a   0.102   0.026  10.201  g   0.023  -0.060   0.013[0m
[1;32muart:~$ [m[8D[J[00:02:56.789,000] [0m<inf> imu: LSM6DSV16X   a   0.376   0.117  10.531  g  -0.012   0.003  -0.003[0m
[1;32muart:~$ [m[8D[J[00:02:56.790,000] [0m<inf> imu: ICM-42688-P  a   0.352  -0.060   9.923  g   0.000  -0.005   0.000[0m
[1;32muart:~$ [m[8D[J[00:02:56.841,000] [0m<inf> imu: LSM6DS3TR-C  a   0.069   0.019  10.164  g   0.023  -0.060   0.015[0m
[1;32muart:~$ [m[8D[J[1;32muart:~$ [m[8D[J[00:02:56.843,000] [0m<inf> imu: LSM6DSV16X   a   0.380   0.120  10.516  g  -0.011   0.002  -0.003[0m
[1;32muart:~$ [m[8D[J[00:02:56.843,000] [0m<inf> imu: ICM-42688-P  a   0.339  -0.060   9.910  g  -0.000  -0.005   0.000[0m
[1;32muart:~$ [m[8D[J[1;32muart:~$ [m[8D[J[00:02:56.894,000] [0m<inf> imu: LSM6DS3TR-C  a   0.087   0.039  10.152  g   0.023  -0.061   0.015[0m
[1;32muart:~$ [m[8D[J[00:02:56.895,000] [0m<inf> imu: LSM6DSV16X   a   0.377   0.112  10.528  g  -0.013   0.002  -0.002[0m
[1;32muart:~$ [m[8D[J[00:02:56.895,000] [0m<inf> imu: ICM-42688-P  a   0.348  -0.073   9.917  g  -0.000  -0.005  -0.001[0m
[1;32muart:~$ [m[8D[J[1;32muart:~$ [m[8D[J[00:02:56.947,000] [0m<inf> imu: LSM6DS3TR-C  a   0.125   0.010  10.183  g   0.023  -0.059   0.015[0m
[1;32muart:~$ [m[8D[J[00:02:56.948,000] [0m<inf> imu: LSM6DSV16X   a   0.378   0.122  10.531  g  -0.011   0.002  -0.003[0m
[1;32muart:~$ [m[8D[J[00:02:56.949,000] [0m<inf> imu: ICM-42688-P  a   0.350  -0.060   9.926  g  -0.001  -0.005   0.000[0m
[1;32muart:~$ [m[8D[J[00:02:57.000,000] [0m<inf> imu: LSM6DS3TR-C  a   0.098  -0.003  10.137  g   0.024  -0.061   0.014[0m
[1;32muart:~$ [m[8D[J[00:02:57.001,000] [0m<inf> imu: LSM6DSV16X   a   0.380   0.117  10.514  g  -0.012   0.002  -0.003[0m
[1;32muart:~$ [m[8D[J[1;32muart:~$ [m[8D[J[00:02:57.001,000] [0m<inf> imu: ICM-42688-P  a   0.358  -0.066   9.932  g   0.000  -0.004  -0.000[0m
[1;32muart:~$ [m[8D[J[00:02:57.053,000] [0m<inf> imu: LSM6DS3TR-C  a   0.102   0.018  10.164  g   0.024  -0.060   0.014[0m
[1;32muart:~$ [m[8D[J[1;32muart:~$ [m[8D[J[00:02:57.054,000] [0m<inf> imu: LSM6DSV16X   a   0.377   0.115  10.514  g  -0.011   0.002  -0.003[0m
[1;32muart:~$ [m[8D[J[00:02:57.055,000] [0m<inf> imu: ICM-42688-P  a   0.353  -0.051   9.926  g  -0.000  -0.005  -0.001[0m
[1;32muart:~$ [m[8D[J[1;32muart:~$ [m[8D[J[00:02:57.106,000] [0m<inf> imu: LSM6DS3TR-C  a   0.093   0.013  10.169  g   0.022  -0.061   0.014[0m
[1;32muart:~$ [m[8D[J[00:02:57.106,000] [0m<inf> imu: LSM6DSV16X   a   0.379   0.117  10.526  g  -0.012   0.001  -0.002[0m
[1;32muart:~$ [m[8D[J[00:02:57.107,000] [0m<inf> imu: ICM-42688-P  a   0.352  -0.062   9.931  g   0.000  -0.005   0.000[0m
[1;32muart:~$ [m[8D[J[1;32muart:~$ [m[8D[J[00:02:57.159,000] [0m<inf> imu: LSM6DS3TR-C  a   0.127   0.031  10.199  g   0.023  -0.063   0.014[0m
[1;32muart:~$ [m[8D[J[00:02:57.160,000] [0m<inf> imu: LSM6DSV16X   a   0.378   0.115  10.516  g  -0.012   0.003  -0.002[0m
[1;32muart:~$ [m[8D[J[00:02:57.160,000] [0m<inf> imu: ICM-42688-P  a   0.357  -0.060   9.938  g  -0.001  -0.005   0.000[0m
[1;32muart:~$ [m[8D[J[1;32muart:~$ [m[8D[J[00:02:57.212,000] [0m<inf> imu: LSM6DS3TR-C  a   0.113   0.002  10.180  g   0.024  -0.061   0.014[0m
[1;32muart:~$ [m[8D[J[00:02:57.212,000] [0m<inf> imu: LSM6DSV16X   a   0.376   0.112  10.517  g  -0.011   0.002  -0.003[0m
[1;32muart:~$ [m[8D[J[00:02:57.213,000] [0m<inf> imu: ICM-42688-P  a   0.341  -0.068   9.926  g   0.000  -0.004  -0.000[0m
[1;32muart:~$ [m[8D[J[1;32muart:~$ [m[8D[J[00:02:57.264,000] [0m<inf> imu: LSM6DS3TR-C  a   0.091   0.035  10.149  g   0.023  -0.063   0.013[0m
[1;32muart:~$ [m[8D[J[00:02:57.264,000] [0m<inf> imu: LSM6DSV16X   a   0.383   0.115  10.519  g  -0.012   0.002  -0.002[0m
[1;32muart:~$ [m[8D[J[00:02:57.265,000] [0m<inf> imu: ICM-42688-P  a   0.350  -0.073   9.934  g   0.001  -0.005  -0.001[0m
[1;32muart:~$ [m[8D[J[1;32muart:~$ [m[8D[J[00:02:57.317,000] [0m<inf> imu: LSM6DS3TR-C  a   0.103   0.023  10.153  g   0.023  -0.059   0.014[0m
[1;32muart:~$ [m[8D[J[00:02:57.318,000] [0m<inf> imu: LSM6DSV16X   a   0.383   0.115  10.521  g  -0.012   0.001  -0.003[0m
[1;32muart:~$ [m[8D[J[1;32muart:~$ [m[8D[J[00:02:57.318,000] [0m<inf> imu: ICM-42688-P  a   0.350  -0.067   9.930  g   0.000  -0.005   0.000[0m
[1;32muart:~$ [m[8D[J[00:02:57.370,000] [0m<inf> imu: LSM6DS3TR-C  a   0.092   0.063  10.173  g   0.027  -0.061   0.015[0m
[1;32muart:~$ [m[8D[J[00:02:57.371,000] [0m<inf> imu: LSM6DSV16X   a   0.378   0.117  10.524  g  -0.011   0.002  -0.003[0m
[1;32muart:~$ [m[8D[J[00:02:57.372,000] [0m<inf> imu: ICM-42688-P  a   0.347  -0.059   9.923  g  -0.000  -0.004   0.000[0m
[1;32muart:~$ [m[8D[J[1;32muart:~$ [m[8D[J[00:02:57.423,000] [0m<inf> imu: LSM6DS3TR-C  a   0.121   0.021  10.171  g   0.024  -0.060   0.014[0m
[1;32muart:~$ [m[8D[J[00:02:57.424,000] [0m<inf> imu: LSM6DSV16X   a   0.376   0.115  10.523  g  -0.011   0.002  -0.003[0m
[1;32muart:~$ [m[8D[J[1;32muart:~$ [m[8D[J[00:02:57.424,000] [0m<inf> imu: ICM-42688-P  a   0.358  -0.051   9.934  g   0.001  -0.005  -0.001[0m
[1;32muart:~$ [m[8D[J[00:02:57.475,000] [0m<inf> imu: LSM6DS3TR-C  a   0.107   0.021  10.156  g   0.023  -0.060   0.014[0m
[1;32muart:~$ [m[8D[J[00:02:57.476,000] [0m<inf> imu: LSM6DSV16X   a   0.381   0.120  10.519  g  -0.011   0.002  -0.003[0m
[1;32muart:~$ [m[8D[J[00:02:57.476,000] [0m<inf> imu: ICM-42688-P  a   0.350  -0.056   9.934  g  -0.000  -0.005  -0.000[0m
[1;32muart:~$ [m[8D[J[1;32muart:~$ [m[8D[J[00:02:57.527,000] [0m<inf> imu: LSM6DS3TR-C  a   0.087   0.005  10.177  g   0.025  -0.061   0.015[0m
[1;32muart:~$ [m[8D[J[00:02:57.528,000] [0m<inf> imu: LSM6DSV16X   a   0.378   0.119  10.522  g  -0.012   0.002  -0.002[0m
[1;32muart:~$ [m[8D[J[1;32muart:~$ [m[8D[J[00:02:57.529,000] [0m<inf> imu: ICM-42688-P  a   0.346  -0.065   9.930  g  -0.001  -0.004   0.000[0m
[1;32muart:~$ [m[8D[J[00:02:57.580,000] [0m<inf> imu: LSM6DS3TR-C  a   0.132   0.012  10.168  g   0.024  -0.059   0.015[0m
[1;32muart:~$ [m[8D[J[00:02:57.580,000] [0m<inf> imu: LSM6DSV16X   a   0.380   0.121  10.512  g  -0.013   0.002  -0.003[0m
[1;32muart:~$ [m[8D[J[00:02:57.581,000] [0m<inf> imu: ICM-42688-P  a   0.360  -0.060   9.914  g   0.001  -0.005   0.000[0m
[1;32muart:~$ [m[8D[J[1;32muart:~$ [m[8D[J[00:02:57.632,000] [0m<inf> imu: LSM6DS3TR-C  a   0.099   0.035  10.159  g   0.025  -0.061   0.014[0m
[1;32muart:~$ [m[8D[J[00:02:57.633,000] [0m<inf> imu: LSM6DSV16X   a   0.385   0.112  10.521  g  -0.012   0.002  -0.002[0m
[1;32muart:~$ [m[8D[J[1;32muart:~$ [m[8D[J[00:02:57.633,000] [0m<inf> imu: ICM-42688-P  a   0.356  -0.050   9.920  g   0.000  -0.004   0.001[0m
[1;32muart:~$ [m[8D[J[00:02:57.684,000] [0m<inf> imu: LSM6DS3TR-C  a   0.104   0.027  10.159  g   0.022  -0.063   0.015[0m
[1;32muart:~$ [m[8D[J[00:02:57.685,000] [0m<inf> imu: LSM6DSV16X   a   0.378   0.120  10.519  g  -0.011   0.002  -0.003[0m
[1;32muart:~$ [m[8D[J[1;32muart:~$ [m[8D[J[00:02:57.685,000] [0m<inf> imu: ICM-42688-P  a   0.345  -0.061   9.928  g  -0.001  -0.004   0.001[0m
[1;32muart:~$ [m[8D[J[00:02:57.737,000] [0m<inf> imu: LSM6DS3TR-C  a   0.082   0.025  10.147  g   0.023  -0.060   0.014[0m
[1;32muart:~$ [m[8D[J[00:02:57.739,000] [0m<inf> imu: LSM6DSV16X   a   0.376   0.120  10.523  g  -0.012   0.003  -0.002[0m
[1;32muart:~$ [m[8D[J[1;32muart:~$ [m[8D[J[00:02:57.739,000] [0m<inf> imu: ICM-42688-P  a   0.352  -0.059   9.918  g  -0.000  -0.005   0.000[0m
[1;32muart:~$ [m[8D[J[00:02:57.790,000] [0m<inf> imu: LSM6DS3TR-C  a   0.108   0.006  10.193  g   0.021  -0.060   0.013[0m
[1;32muart:~$ [m[8D[J[00:02:57.791,000] [0m<inf> imu: LSM6DSV16X   a   0.380   0.118  10.524  g  -0.011   0.002  -0.002[0m
[1;32muart:~$ [m[8D[J[1;32muart:~$ [m[8D[J[00:02:57.791,000] [0m<inf> imu: ICM-42688-P  a   0.350  -0.067   9.940  g  -0.001  -0.005   0.001[0m
[1;32muart:~$ [m[8D[J[00:02:57.843,000] [0m<inf> imu: LSM6DS3TR-C  a   0.051  -0.005  10.178  g   0.024  -0.060   0.016[0m
[1;32muart:~$ [m[8D[J[00:02:57.844,000] [0m<inf> imu: LSM6DSV16X   a   0.378   0.112  10.524  g  -0.011   0.002  -0.002[0m
[1;32muart:~$ [m[8D[J[1;32muart:~$ [m[8D[J[00:02:57.845,000] [0m<inf> imu: ICM-42688-P  a   0.359  -0.054   9.920  g  -0.001  -0.005   0.000[0m
[1;32muart:~$ [m[8D[J[00:02:57.896,000] [0m<inf> imu: LSM6DS3TR-C  a   0.056   0.023  10.205  g   0.024  -0.061   0.014[0m
[1;32muart:~$ [m[8D[J[00:02:57.896,000] [0m<inf> imu: LSM6DSV16X   a   0.375   0.115  10.521  g  -0.011   0.003  -0.003[0m
[1;32muart:~$ [m[8D[J[1;32muart:~$ [m[8D[J[00:02:57.897,000] [0m<inf> imu: ICM-42688-P  a   0.357  -0.060   9.928  g  -0.000  -0.005  -0.001[0m
[1;32muart:~$ [m[8D[J[00:02:57.949,000] [0m<inf> imu: LSM6DS3TR-C  a   0.084   0.039  10.176  g   0.024  -0.061   0.015[0m
[1;32muart:~$ [m[8D[J[00:02:57.950,000] [0m<inf> imu: LSM6DSV16X   a   0.380   0.117  10.525  g  -0.012   0.002  -0.003[0m
[1;32muart:~$ [m[8D[J[00:02:57.951,000] [0m<inf> imu: ICM-42688-P  a   0.357  -0.069   9.930  g  -0.000  -0.005   0.001[0m
[1;32muart:~$ [m[8D[J[1;32muart:~$ [m[8D[J[00:02:58.002,000] [0m<inf> imu: LSM6DS3TR-C  a   0.100   0.022  10.166  g   0.024  -0.060   0.016[0m
[1;32muart:~$ [m[8D[J[00:02:58.003,000] [0m<inf> imu: LSM6DSV16X   a   0.378   0.117  10.519  g  -0.012   0.002  -0.003[0m
[1;32muart:~$ [m[8D[J[1;32muart:~$ [m[8D[J[00:02:58.003,000] [0m<inf> imu: ICM-42688-P  a   0.350  -0.060   9.918  g   0.000  -0.005   0.000[0m
[1;32muart:~$ [m[8D[J[00:02:58.054,000] [0m<inf> imu: LSM6DS3TR-C  a   0.078   0.006  10.197  g   0.023  -0.061   0.014[0m
[1;32muart:~$ [m[8D[J[1;32muart:~$ [m[8D[J[00:02:58.055,000] [0m<inf> imu: LSM6DSV16X   a   0.380   0.121  10.526  g  -0.011   0.002  -0.003[0m
[1;32muart:~$ [m[8D[J[00:02:58.055,000] [0m<inf> imu: ICM-42688-P  a   0.354  -0.062   9.917  g   0.000  -0.005   0.000[0m
[1;32muart:~$ [m[8D[J[00:02:58.106,000] [0m<inf> imu: LSM6DS3TR-C  a   0.099   0.001  10.152  g   0.023  -0.061   0.013[0m
[1;32muart:~$ [m[8D[J[00:02:58.107,000] [0m<inf> imu: LSM6DSV16X   a   0.383   0.112  10.521  g  -0.012   0.002  -0.002[0m
[1;32muart:~$ [m[8D[J[1;32muart:~$ [m[8D[J[00:02:58.108,000] [0m<inf> imu: ICM-42688-P  a   0.341  -0.074   9.918  g   0.000  -0.005  -0.001[0m
[1;32muart:~$ [m[8D[J[00:02:58.159,000] [0m<inf> imu: LSM6DS3TR-C  a   0.103   0.035  10.192  g   0.023  -0.060   0.013[0m
[1;32muart:~$ [m[8D[J[1;32muart:~$ [m[8D[J[00:02:58.159,000] [0m<inf> imu: LSM6DSV16X   a   0.376   0.122  10.527  g  -0.011   0.002  -0.002[0m
[1;32muart:~$ [m[8D[J[00:02:58.160,000] [0m<inf> imu: ICM-42688-P  a   0.348  -0.056   9.929  g  -0.000  -0.005  -0.001[0m
[1;32muart:~$ [m[8D[J[00:02:58.211,000] [0m<inf> imu: LSM6DS3TR-C  a   0.130   0.004  10.171  g   0.024  -0.061   0.016[0m
[1;32muart:~$ [m[8D[J[00:02:58.212,000] [0m<inf> imu: LSM6DSV16X   a   0.380   0.115  10.519  g  -0.012   0.003  -0.003[0m
[1;32muart:~$ [m[8D[J[1;32muart:~$ [m[8D[J[00:02:58.212,000] [0m<inf> imu: ICM-42688-P  a   0.341  -0.063   9.918  g   0.000  -0.005   0.001[0m
[1;32muart:~$ [m[8D[J[00:02:58.263,000] [0m<inf> imu: LSM6DS3TR-C  a   0.087   0.033  10.172  g   0.023  -0.061   0.015[0m
[1;32muart:~$ [m[8D[J[1;32muart:~$ [m[8D[J[00:02:58.264,000] [0m<inf> imu: LSM6DSV16X   a   0.378   0.115  10.524  g  -0.012   0.002  -0.003[0m
[1;32muart:~$ [m[8D[J[00:02:58.264,000] [0m<inf> imu: ICM-42688-P  a   0.353  -0.066   9.926  g  -0.000  -0.005   0.000[0m
[1;32muart:~$ [m[8D[J[00:02:58.315,000] [0m<inf> imu: LSM6DS3TR-C  a   0.097   0.023  10.186  g   0.023  -0.059   0.015[0m
[1;32muart:~$ [m[8D[J[00:02:58.316,000] [0m<inf> imu: LSM6DSV16X   a   0.378   0.124  10.516  g  -0.011   0.002  -0.002[0m
[1;32muart:~$ [m[8D[J[1;32muart:~$ [m[8D[J[00:02:58.317,000] [0m<inf> imu: ICM-42688-P  a   0.350  -0.065   9.931  g   0.000  -0.005  -0.000[0m
[1;32muart:~$ [m[8D[J[00:02:58.368,000] [0m<inf> imu: LSM6DS3TR-C  a   0.111   0.020  10.188  g   0.024  -0.063   0.015[0m
[1;32muart:~$ [m[8D[J[1;32muart:~$ [m[8D[J[00:02:58.369,000] [0m<inf> imu: LSM6DSV16X   a   0.380   0.115  10.517  g  -0.012   0.002  -0.003[0m
[1;32muart:~$ [m[8D[J[00:02:58.370,000] [0m<inf> imu: ICM-42688-P  a   0.354  -0.053   9.914  g  -0.001  -0.006   0.000[0m
[1;32muart:~$ [m[8D[J[00:02:58.421,000] [0m<inf> imu: LSM6DS3TR-C  a   0.103   0.031  10.173  g   0.024  -0.060   0.013[0m
[1;32muart:~$ [m[8D[J[1;32muart:~$ [m[8D[J[00:02:58.422,000] [0m<inf> imu: LSM6DSV16X   a   0.377   0.118  10.524  g  -0.011   0.001  -0.003[0m
[1;32muart:~$ [m[8D[J[00:02:58.422,000] [0m<inf> imu: ICM-42688-P  a   0.351  -0.056   9.910  g   0.000  -0.004  -0.001[0m
[1;32muart:~$ [m[8D[J[00:02:58.474,000] [0m<inf> imu: LSM6DS3TR-C  a   0.096   0.017  10.184  g   0.024  -0.061   0.015[0m
[1;32muart:~$ [m[8D[J[1;32muart:~$ [m[8D[J[00:02:58.475,000] [0m<inf> imu: LSM6DSV16X   a   0.380   0.117  10.533  g  -0.011   0.002  -0.003[0m
[1;32muart:~$ [m[8D[J[00:02:58.476,000] [0m<inf> imu: ICM-42688-P  a   0.342  -0.065   9.936  g   0.000  -0.005  -0.000[0m
[1;32muart:~$ [m[8D[J[00:02:58.527,000] [0m<inf> imu: LSM6DS3TR-C  a   0.117   0.027  10.167  g   0.022  -0.061   0.015[0m
[1;32muart:~$ [m[8D[J[1;32muart:~$ [m[8D[J[00:02:58.528,000] [0m<inf> imu: LSM6DSV16X   a   0.380   0.124  10.516  g  -0.011   0.001  -0.002[0m
[1;32muart:~$ [m[8D[J[00:02:58.528,000] [0m<inf> imu: ICM-42688-P  a   0.366  -0.071   9.916  g   0.000  -0.005   0.000[0m
[1;32muart:~$ [m[8D[J[00:02:58.580,000] [0m<inf> imu: LSM6DS3TR-C  a   0.077   0.044  10.211  g   0.023  -0.060   0.015[0m
[1;32muart:~$ [m[8D[J[1;32muart:~$ [m[8D[J[00:02:58.581,000] [0m<inf> imu: LSM6DSV16X   a   0.383   0.115  10.521  g  -0.013   0.002  -0.002[0m
[1;32muart:~$ [m[8D[J[00:02:58.582,000] [0m<inf> imu: ICM-42688-P  a   0.354  -0.057   9.932  g   0.000  -0.004   0.000[0m
[1;32muart:~$ [m[8D[J[00:02:58.633,000] [0m<inf> imu: LSM6DS3TR-C  a   0.095   0.041  10.232  g   0.024  -0.061   0.016[0m
[1;32muart:~$ [m[8D[J[1;32muart:~$ [m[8D[J[00:02:58.633,000] [0m<inf> imu: LSM6DSV16X   a   0.378   0.117  10.517  g  -0.012   0.002  -0.002[0m
[1;32muart:~$ [m[8D[J[00:02:58.634,000] [0m<inf> imu: ICM-42688-P  a   0.359  -0.065   9.929  g  -0.000  -0.005   0.000[0m
[1;32muart:~$ [m[8D[J[00:02:58.685,000] [0m<inf> imu: LSM6DS3TR-C  a   0.087   0.016  10.178  g   0.024  -0.061   0.013[0m
[1;32muart:~$ [m[8D[J[1;32muart:~$ [m[8D[J[00:02:58.687,000] [0m<inf> imu: LSM6DSV16X   a   0.373   0.115  10.525  g  -0.011   0.001  -0.002[0m
[1;32muart:~$ [m[8D[J[00:02:58.687,000] [0m<inf> imu: ICM-42688-P  a   0.340  -0.065   9.919  g  -0.000  -0.004   0.000[0m
[1;32muart:~$ [m[8D[J[00:02:58.738,000] [0m<inf> imu: LSM6DS3TR-C  a   0.134   0.004  10.172  g   0.023  -0.060   0.014[0m
[1;32muart:~$ [m[8D[J[1;32muart:~$ [m[8D[J[00:02:58.739,000] [0m<inf> imu: LSM6DSV16X   a   0.380   0.117  10.512  g  -0.012   0.002  -0.003[0m
[1;32muart:~$ [m[8D[J[00:02:58.739,000] [0m<inf> imu: ICM-42688-P  a   0.341  -0.071   9.934  g   0.000  -0.003   0.001[0m
[1;32muart:~$ [m[8D[J[1;32muart:~$ [m[8D[J[00:02:58.791,000] [0m<inf> imu: LSM6DS3TR-C  a   0.099   0.045  10.199  g   0.024  -0.060   0.015[0m
[1;32muart:~$ [m[8D[J[00:02:58.791,000] [0m<inf> imu: LSM6DSV16X   a   0.376   0.115  10.514  g  -0.012   0.003  -0.002[0m
[1;32muart:~$ [m[8D[J[00:02:58.792,000] [0m<inf> imu: ICM-42688-P  a   0.364  -0.065   9.914  g   0.000  -0.004  -0.000[0m
[1;32muart:~$ [m[8D[J[00:02:58.843,000] [0m<inf> imu: LSM6DS3TR-C  a   0.094   0.019  10.181  g   0.024  -0.061   0.016[0m
[1;32muart:~$ [m[8D[J[1;32muart:~$ [m[8D[J[00:02:58.843,000] [0m<inf> imu: LSM6DSV16X   a   0.376   0.120  10.517  g  -0.011   0.002  -0.003[0m
[1;32muart:~$ [m[8D[J[00:02:58.844,000] [0m<inf> imu: ICM-42688-P  a   0.353  -0.060   9.935  g   0.000  -0.005   0.001[0m
[1;32muart:~$ [m[8D[J[1;32muart:~$ [m[8D[J[00:02:58.895,000] [0m<inf> imu: LSM6DS3TR-C  a   0.120   0.026  10.183  g   0.023  -0.061   0.013[0m
[1;32muart:~$ [m[8D[J[00:02:58.896,000] [0m<inf> imu: LSM6DSV16X   a   0.376   0.115  10.525  g  -0.013   0.002  -0.003[0m
[1;32muart:~$ [m[8D[J[00:02:58.896,000] [0m<inf> imu: ICM-42688-P  a   0.356  -0.055   9.935  g  -0.001  -0.005   0.001[0m
[1;32muart:~$ [m[8D[J[00:02:58.947,000] [0m<inf> imu: LSM6DS3TR-C  a   0.114   0.014  10.198  g   0.023  -0.058   0.015[0m
[1;32muart:~$ [m[8D[J[00:02:58.948,000] [0m<inf> imu: LSM6DSV16X   a   0.381   0.115  10.524  g  -0.011   0.002  -0.003[0m
[1;32muart:~$ [m[8D[J[1;32muart:~$ [m[8D[J[00:02:58.948,000] [0m<inf> imu: ICM-42688-P  a   0.345  -0.074   9.931  g  -0.001  -0.004  -0.000[0m
[1;32muart:~$ [m[8D[J[00:02:59.000,000] [0m<inf> imu: LSM6DS3TR-C  a   0.099   0.014  10.224  g   0.023  -0.061   0.015[0m
[1;32muart:~$ [m[8D[J[00:02:59.000,000] [0m<inf> imu: LSM6DSV16X   a   0.383   0.125  10.519  g  -0.011   0.003  -0.003[0m
[1;32muart:~$ [m[8D[J[1;32muart:~$ [m[8D[J[00:02:59.001,000] [0m<inf> imu: ICM-42688-P  a   0.357  -0.062   9.923  g   0.000  -0.005   0.000[0m
[1;32muart:~$ [m[8D[J[00:02:59.052,000] [0m<inf> imu: LSM6DS3TR-C  a   0.091   0.012  10.172  g   0.023  -0.060   0.015[0m
[1;32muart:~$ [m[8D[J[1;32muart:~$ [m[8D[J[00:02:59.052,000] [0m<inf> imu: LSM6DSV16X   a   0.374   0.115  10.515  g  -0.012   0.002  -0.002[0m
[1;32muart:~$ [m[8D[J[00:02:59.053,000] [0m<inf> imu: ICM-42688-P  a   0.360  -0.060   9.926  g   0.000  -0.005  -0.001[0m
[1;32muart:~$ [m[8D[J[1;32muart:~$ [m[8D[J[00:02:59.104,000] [0m<inf> imu: LSM6DS3TR-C  a   0.093  -0.022  10.190  g   0.024  -0.062   0.013[0m
[1;32muart:~$ [m[8D[J[00:02:59.105,000] [0m<inf> imu: LSM6DSV16X   a   0.376   0.119  10.523  g  -0.011   0.002  -0.003[0m
[1;32muart:~$ [m[8D[J[00:02:59.105,000] [0m<inf> imu: ICM-42688-P  a   0.342  -0.065   9.914  g   0.000  -0.005  -0.000[0m
[1;32muart:~$ [m[8D[J[00:02:59.156,000] [0m<inf> imu: LSM6DS3TR-C  a   0.125   0.019  10.196  g   0.024  -0.062   0.014[0m
[1;32muart:~$ [m[8D[J[1;32muart:~$ [m[8D[J[00:02:59.157,000] [0m<inf> imu: LSM6DSV16X   a   0.374   0.117  10.514  g  -0.011   0.002  -0.003[0m
[1;32muart:~$ [m[8D[J[00:02:59.157,000] [0m<inf> imu: ICM-42688-P  a   0.362  -0.062   9.918  g   0.000  -0.005   0.000[0m
[1;32muart:~$ [m[8D[J[1;32muart:~$ [m[8D[J[00:02:59.209,000] [0m<inf> imu: LSM6DS3TR-C  a   0.117   0.020  10.192  g   0.024  -0.060   0.014[0m
[1;32muart:~$ [m[8D[J[00:02:59.211,000] [0m<inf> imu: LSM6DSV16X   a   0.377   0.118  10.514  g  -0.011   0.002  -0.003[0m
[1;32muart:~$ [m[8D[J[00:02:59.211,000] [0m<inf> imu: ICM-42688-P  a   0.352  -0.072   9.922  g   0.000  -0.005  -0.000[0m
[1;32muart:~$ [m[8D[J[1;32muart:~$ [m[8D[J[00:02:59.262,000] [0m<inf> imu: LSM6DS3TR-C  a   0.125   0.028  10.194  g   0.023  -0.062   0.013[0m
[1;32muart:~$ [m[8D[J[00:02:59.263,000] [0m<inf> imu: LSM6DSV16X   a   0.376   0.122  10.521  g  -0.012   0.002  -0.003[0m
[1;32muart:~$ [m[8D[J[00:02:59.263,000] [0m<inf> imu: ICM-42688-P  a   0.356  -0.057   9.923  g  -0.001  -0.005   0.000[0m
[1;32muart:~$ [m[8D[J[1;32muart:~$ [m[8D[J[00:02:59.315,000] [0m<inf> imu: LSM6DS3TR-C  a   0.104   0.044  10.190  g   0.023  -0.061   0.015[0m
[1;32muart:~$ [m[8D[J[00:02:59.316,000] [0m<inf> imu: LSM6DSV16X   a   0.378   0.115  10.521  g  -0.011   0.002  -0.002[0m
[1;32muart:~$ [m[8D[J[00:02:59.317,000] [0m<inf> imu: ICM-42688-P  a   0.352  -0.059   9.920  g  -0.001  -0.005   0.000[0m
[1;32muart:~$ [m[8D[J[1;32muart:~$ [m[8D[J[00:02:59.369,000] [0m<inf> imu: LSM6DS3TR-C  a   0.060  -0.014  10.185  g   0.025  -0.062   0.014[0m
[1;32muart:~$ [m[8D[J[00:02:59.370,000] [0m<inf> imu: LSM6DSV16X   a   0.378   0.112  10.515  g  -0.011   0.002  -0.003[0m
[1;32muart:~$ [m[8D[J[00:02:59.371,000] [0m<inf> imu: ICM-42688-P  a   0.354  -0.056   9.922  g  -0.001  -0.005   0.000[0m
[1;32muart:~$ [m[8D[J[1;32muart:~$ [m[8D[J[00:02:59.422,000] [0m<inf> imu: LSM6DS3TR-C  a   0.085   0.020  10.128  g   0.023  -0.062   0.016[0m
[1;32muart:~$ [m[8D[J[00:02:59.423,000] [0m<inf> imu: LSM6DSV16X   a   0.380   0.114  10.526  g  -0.011   0.002  -0.003[0m
[1;32muart:~$ [m[8D[J[00:02:59.424,000] [0m<inf> imu: ICM-42688-P  a   0.350  -0.061   9.926  g  -0.000  -0.004   0.000[0m
[1;32muart:~$ [m[8D[J[1;32muart:~$ [m[8D[J[00:02:59.475,000] [0m<inf> imu: LSM6DS3TR-C  a   0.109   0.018  10.161  g   0.023  -0.061   0.013[0m
[1;32muart:~$ [m[8D[J[00:02:59.476,000] [0m<inf> imu: LSM6DSV16X   a   0.385   0.121  10.512  g  -0.011   0.001  -0.002[0m
[1;32muart:~$ [m[8D[J[1;32muart:~$ [m[8D[J[00:02:59.476,000] [0m<inf> imu: ICM-42688-P  a   0.360  -0.063   9.925  g  -0.000  -0.005   0.000[0m
[1;32muart:~$ [m[8D[J[00:02:59.528,000] [0m<inf> imu: LSM6DS3TR-C  a   0.071   0.027  10.152  g   0.024  -0.060   0.015[0m
[1;32muart:~$ [m[8D[J[00:02:59.529,000] [0m<inf> imu: LSM6DSV16X   a   0.377   0.117  10.521  g  -0.011   0.002  -0.002[0m
[1;32muart:~$ [m[8D[J[00:02:59.530,000] [0m<inf> imu: ICM-42688-P  a   0.358  -0.063   9.916  g   0.000  -0.005  -0.001[0m
[1;32muart:~$ [m[8D[J[1;32muart:~$ [m[8D[J[00:02:59.581,000] [0m<inf> imu: LSM6DS3TR-C  a   0.086   0.014  10.179  g   0.023  -0.060   0.016[0m
[1;32muart:~$ [m[8D[J[00:02:59.582,000] [0m<inf> imu: LSM6DSV16X   a   0.380   0.115  10.521  g  -0.011   0.002  -0.003[0m
[1;32muart:~$ [m[8D[J[1;32muart:~$ [m[8D[J[00:02:59.582,000] [0m<inf> imu: ICM-42688-P  a   0.362  -0.048   9.926  g  -0.000  -0.004   0.000[0m
[1;32muart:~$ [m[8D[J[00:02:59.633,000] [0m<inf> imu: LSM6DS3TR-C  a   0.088   0.048  10.156  g   0.022  -0.060   0.013[0m
[1;32muart:~$ [m[8D[J[00:02:59.634,000] [0m<inf> imu: LSM6DSV16X   a   0.383   0.114  10.519  g  -0.012   0.002  -0.003[0m
[1;32muart:~$ [m[8D[J[00:02:59.635,000] [0m<inf> imu: ICM-42688-P  a   0.359  -0.059   9.924  g  -0.001  -0.005   0.001[0m
[1;32muart:~$ [m[8D[J[1;32muart:~$ [m[8D[J[00:02:59.686,000] [0m<inf> imu: LSM6DS3TR-C  a   0.112   0.014  10.152  g   0.024  -0.062   0.013[0m
[1;32muart:~$ [m[8D[J[00:02:59.686,000] [0m<inf> imu: LSM6DSV16X   a   0.376   0.108  10.516  g  -0.012   0.002  -0.003[0m
[1;32muart:~$ [m[8D[J[1;32muart:~$ [m[8D[J[00:02:59.687,000] [0m<inf> imu: ICM-42688-P  a   0.358  -0.057   9.914  g  -0.000  -0.005   0.000[0m
[1;32muart:~$ [m[8D[J[00:02:59.738,000] [0m<inf> imu: LSM6DS3TR-C  a   0.096   0.023  10.169  g   0.022  -0.060   0.015[0m
[1;32muart:~$ [m[8D[J[00:02:59.739,000] [0m<inf> imu: LSM6DSV16X   a   0.376   0.117  10.526  g  -0.011   0.002  -0.003[0m
[1;32muart:~$ [m[8D[J[00:02:59.739,000] [0m<inf> imu: ICM-42688-P  a   0.353  -0.062   9.925  g  -0.001  -0.005   0.001[0m
[1;32muart:~$ [m[8D[J[1;32muart:~$ [m[8D[J[00:02:59.790,000] [0m<inf> imu: LSM6DS3TR-C  a   0.095   0.023  10.216  g   0.024  -0.061   0.015[0m
[1;32muart:~$ [m[8D[J[00:02:59.791,000] [0m<inf> imu: LSM6DSV16X   a   0.378   0.118  10.530  g  -0.013   0.002  -0.003[0m
[1;32muart:~$ [m[8D[J[1;32muart:~$ [m[8D[J[00:02:59.791,000] [0m<inf> imu: ICM-42688-P  a   0.350  -0.061   9.925  g   0.000  -0.005  -0.000[0m
[1;32muart:~$ [m[8D[J[00:02:59.842,000] [0m<inf> imu: LSM6DS3TR-C  a   0.103   0.023  10.183  g   0.024  -0.061   0.016[0m
[1;32muart:~$ [m[8D[J[00:02:59.843,000] [0m<inf> imu: LSM6DSV16X   a   0.376   0.115  10.511  g  -0.011   0.002  -0.002[0m
[1;32muart:~$ [m[8D[J[1;32muart:~$ [m[8D[J[00:02:59.843,000] [0m<inf> imu: ICM-42688-P  a   0.368  -0.056   9.925  g   0.000  -0.005   0.000[0m
[1;32muart:~$ [m[8D[J[00:02:59.895,000] [0m<inf> imu: LSM6DS3TR-C  a   0.081   0.053  10.221  g   0.023  -0.061   0.015[0m
[1;32muart:~$ [m[8D[J[00:02:59.895,000] [0m<inf> imu: LSM6DSV16X   a   0.376   0.111  10.517  g  -0.012   0.002  -0.003[0m
[1;32muart:~$ [m[8D[J[00:02:59.896,000] [0m<inf> imu: ICM-42688-P  a   0.353  -0.049   9.911  g   0.001  -0.005   0.001[0m
[1;32muart:~$ [m[8D[J[00:02:59.947,000] [0m<inf> imu: LSM6DS3TR-C  a   0.084   0.023  10.184  g   0.024  -0.060   0.013[0m
[1;32muart:~$ [m[8D[J[1;32muart:~$ [m[8D[J[00:02:59.948,000] [0m<inf> imu: LSM6DSV16X   a   0.378   0.121  10.523  g  -0.012   0.002  -0.003[0m
[1;32muart:~$ [m[8D[J[00:02:59.949,000] [0m<inf> imu: ICM-42688-P  a   0.362  -0.072   9.926  g   0.000  -0.005   0.000[0m
[1;32muart:~$ [m[8D[J[1;32muart:~$ [m[8D[J[00:03:00.000,000] [0m<inf> imu: LSM6DS3TR-C  a   0.081   0.013  10.176  g   0.023  -0.061   0.014[0m
[1;32muart:~$ [m[8D[J[00:03:00.001,000] [0m<inf> imu: LSM6DSV16X   a   0.376   0.120  10.517  g  -0.012   0.002  -0.003[0m
[1;32muart:~$ [m[8D[J[1;32muart:~$ [m[8D[J[00:03:00.001,000] [0m<inf> imu: ICM-42688-P  a   0.363  -0.059   9.916  g   0.001  -0.005   0.000[0m
[1;32muart:~$ [m[8D[J[00:03:00.053,000] [0m<inf> imu: LSM6DS3TR-C  a   0.084   0.007  10.163  g   0.023  -0.062   0.013[0m
[1;32muart:~$ [m[8D[J[00:03:00.054,000] [0m<inf> imu: LSM6DSV16X   a   0.375   0.120  10.519  g  -0.011   0.002  -0.003[0m
[1;32muart:~$ [m[8D[J[1;32muart:~$ [m[8D[J[00:03:00.055,000] [0m<inf> imu: ICM-42688-P  a   0.347  -0.065   9.922  g   0.000  -0.005   0.000[0m
[1;32muart:~$ [m[8D[J[00:03:00.106,000] [0m<inf> imu: LSM6DS3TR-C  a   0.074   0.001  10.200  g   0.024  -0.062   0.015[0m
[1;32muart:~$ [m[8D[J[00:03:00.106,000] [0m<inf> imu: LSM6DSV16X   a   0.380   0.117  10.521  g  -0.011   0.003  -0.003[0m
[1;32muart:~$ [m[8D[J[1;32muart:~$ [m[8D[J[00:03:00.107,000] [0m<inf> imu: ICM-42688-P  a   0.363  -0.065   9.925  g   0.000  -0.005   0.000[0m
[1;32muart:~$ [m[8D[J[00:03:00.159,000] [0m<inf> imu: LSM6DS3TR-C  a   0.086  -0.021  10.201  g   0.023  -0.060   0.015[0m
[1;32muart:~$ [m[8D[J[00:03:00.160,000] [0m<inf> imu: LSM6DSV16X   a   0.381   0.111  10.507  g  -0.012   0.001  -0.003[0m
[1;32muart:~$ [m[8D[J[1;32muart:~$ [m[8D[J[00:03:00.161,000] [0m<inf> imu: ICM-42688-P  a   0.358  -0.065   9.918  g  -0.001  -0.005   0.000[0m
[1;32muart:~$ [m[8D[J[00:03:00.212,000] [0m<inf> imu: LSM6DS3TR-C  a   0.098   0.020  10.179  g   0.023  -0.060   0.014[0m
[1;32muart:~$ [m[8D[J[00:03:00.213,000] [0m<inf> imu: LSM6DSV16X   a   0.376   0.115  10.521  g  -0.012   0.002  -0.003[0m
[1;32muart:~$ [m[8D[J[1;32muart:~$ [m[8D[J[00:03:00.213,000] [0m<inf> imu: ICM-42688-P  a   0.357  -0.062   9.931  g  -0.001  -0.004  -0.001[0m
[1;32muart:~$ [m[8D[J[00:03:00.264,000] [0m<inf> imu: LSM6DS3TR-C  a   0.065   0.030  10.195  g   0.023  -0.061   0.014[0m
[1;32muart:~$ [m[8D[J[1;32muart:~$ [m[8D[J[00:03:00.265,000] [0m<inf> imu: LSM6DSV16X   a   0.382   0.109  10.519  g  -0.012   0.002  -0.002[0m
[1;32muart:~$ [m[8D[J[00:03:00.265,000] [0m<inf> imu: ICM-42688-P  a   0.362  -0.059   9.923  g  -0.000  -0.005   0.000[0m
[1;32muart:~$ [m[8D[J[00:03:00.317,000] [0m<inf> imu: LSM6DS3TR-C  a   0.108   0.011  10.185  g   0.023  -0.059   0.013[0m
[1;32muart:~$ [m[8D[J[00:03:00.318,000] [0m<inf> imu: LSM6DSV16X   a   0.377   0.117  10.516  g  -0.012   0.001  -0.003[0m
[1;32muart:~$ [m[8D[J[1;32muart:~$ [m[8D[J[00:03:00.319,000] [0m<inf> imu: ICM-42688-P  a   0.354  -0.072   9.931  g  -0.001  -0.004   0.000[0m
[1;32muart:~$ [m[8D[J[00:03:00.370,000] [0m<inf> imu: LSM6DS3TR-C  a   0.106   0.029  10.187  g   0.024  -0.060   0.015[0m
[1;32muart:~$ [m[8D[J[1;32muart:~$ [m[8D[J[00:03:00.371,000] [0m<inf> imu: LSM6DSV16X   a   0.378   0.115  10.521  g  -0.012   0.002  -0.003[0m
[1;32muart:~$ [m[8D[J[00:03:00.371,000] [0m<inf> imu: ICM-42688-P  a   0.356  -0.062   9.920  g   0.000  -0.005  -0.001[0m
[1;32muart:~$ [m[8D[J[00:03:00.422,000] [0m<inf> imu: LSM6DS3TR-C  a   0.057   0.031  10.202  g   0.024  -0.060   0.016[0m
[1;32muart:~$ [m[8D[J[00:03:00.423,000] [0m<inf> imu: LSM6DSV16X   a   0.380   0.113  10.522  g  -0.011   0.002  -0.003[0m
[1;32muart:~$ [m[8D[J[1;32muart:~$ [m[8D[J[00:03:00.424,000] [0m<inf> imu: ICM-42688-P  a   0.356  -0.068   9.926  g   0.000  -0.005  -0.001[0m
[1;32muart:~$ [m[8D[J[00:03:00.475,000] [0m<inf> imu: LSM6DS3TR-C  a   0.112   0.001  10.199  g   0.024  -0.060   0.015[0m
[1;32muart:~$ [m[8D[J[1;32muart:~$ [m[8D[J[00:03:00.475,000] [0m<inf> imu: LSM6DSV16X   a   0.383   0.115  10.509  g  -0.012   0.003  -0.002[0m
[1;32muart:~$ [m[8D[J[00:03:00.476,000] [0m<inf> imu: ICM-42688-P  a   0.354  -0.053   9.917  g  -0.001  -0.005   0.000[0m
[1;32muart:~$ [m[8D[J[00:03:00.527,000] [0m<inf> imu: LSM6DS3TR-C  a   0.106   0.021  10.184  g   0.024  -0.061   0.015[0m
[1;32muart:~$ [m[8D[J[00:03:00.528,000] [0m<inf> imu: LSM6DSV16X   a   0.380   0.113  10.512  g  -0.012   0.002  -0.002[0m
[1;32muart:~$ [m[8D[J[1;32muart:~$ [m[8D[J[00:03:00.528,000] [0m<inf> imu: ICM-42688-P  a   0.345  -0.063   9.919  g  -0.001  -0.005   0.000[0m
[1;32muart:~$ [m[8D[J[00:03:00.579,000] [0m<inf> imu: LSM6DS3TR-C  a   0.089   0.026  10.208  g   0.025  -0.060   0.016[0m
[1;32muart:~$ [m[8D[J[1;32muart:~$ [m[8D[J[00:03:00.580,000] [0m<inf> imu: LSM6DSV16X   a   0.376   0.117  10.511  g  -0.012   0.003  -0.002[0m
[1;32muart:~$ [m[8D[J[00:03:00.580,000] [0m<inf> imu: ICM-42688-P  a   0.360  -0.061   9.901  g  -0.001  -0.005  -0.000[0m
[1;32muart:~$ [m[8D[J[00:03:00.631,000] [0m<inf> imu: LSM6DS3TR-C  a   0.074   0.028  10.191  g   0.024  -0.060   0.014[0m
[1;32muart:~$ [m[8D[J[00:03:00.632,000] [0m<inf> imu: LSM6DSV16X   a   0.380   0.118  10.515  g  -0.011   0.002  -0.003[0m
[1;32muart:~$ [m[8D[J[1;32muart:~$ [m[8D[J[00:03:00.633,000] [0m<inf> imu: ICM-42688-P  a   0.348  -0.060   9.928  g  -0.001  -0.005  -0.000[0m
[1;32muart:~$ [m[8D[J[00:03:00.684,000] [0m<inf> imu: LSM6DS3TR-C  a   0.118   0.036  10.146  g   0.023  -0.061   0.016[0m
[1;32muart:~$ [m[8D[J[1;32muart:~$ [m[8D[J[00:03:00.684,000] [0m<inf> imu: LSM6DSV16X   a   0.376   0.121  10.522  g  -0.011   0.001  -0.003[0m
[1;32muart:~$ [m[8D[J[00:03:00.685,000] [0m<inf> imu: ICM-42688-P  a   0.360  -0.071   9.919  g  -0.001  -0.005  -0.000[0m
[1;32muart:~$ [m[8D[J[00:03:00.736,000] [0m<inf> imu: LSM6DS3TR-C  a   0.124   0.031  10.199  g   0.024  -0.060   0.013[0m
[1;32muart:~$ [m[8D[J[1;32muart:~$ [m[8D[J[00:03:00.738,000] [0m<inf> imu: LSM6DSV16X   a   0.376   0.117  10.524  g  -0.012   0.002  -0.003[0m
[1;32muart:~$ [m[8D[J[00:03:00.738,000] [0m<inf> imu: ICM-42688-P  a   0.368  -0.056   9.930  g  -0.001  -0.005   0.000[0m
[1;32muart:~$ [m[8D[J[00:03:00.789,000] [0m<inf> imu: LSM6DS3TR-C  a   0.103   0.033  10.174  g   0.023  -0.060   0.016[0m
[1;32muart:~$ [m[8D[J[1;32muart:~$ [m[8D[J[00:03:00.790,000] [0m<inf> imu: LSM6DSV16X   a   0.376   0.112  10.516  g  -0.012   0.002  -0.003[0m
[1;32muart:~$ [m[8D[J[00:03:00.791,000] [0m<inf> imu: ICM-42688-P  a   0.360  -0.066   9.918  g   0.000  -0.005   0.000[0m
[1;32muart:~$ [m[8D[J[00:03:00.842,000] [0m<inf> imu: LSM6DS3TR-C  a   0.094  -0.003  10.207  g   0.024  -0.060   0.014[0m
[1;32muart:~$ [m[8D[J[1;32muart:~$ [m[8D[J[00:03:00.843,000] [0m<inf> imu: LSM6DSV16X   a   0.376   0.122  10.515  g  -0.012   0.002  -0.003[0m
[1;32muart:~$ [m[8D[J[00:03:00.844,000] [0m<inf> imu: ICM-42688-P  a   0.356  -0.065   9.923  g   0.000  -0.006   0.000[0m
[1;32muart:~$ [m[8D[J[00:03:00.895,000] [0m<inf> imu: LSM6DS3TR-C  a   0.097   0.031  10.213  g   0.024  -0.061   0.015[0m
[1;32muart:~$ [m[8D[J[00:03:00.895,000] [0m<inf> imu: LSM6DSV16X   a   0.381   0.117  10.517  g  -0.011   0.002  -0.003[0m
[1;32muart:~$ [m[8D[J[1;32muart:~$ [m[8D[J[00:03:00.896,000] [0m<inf> imu: ICM-42688-P  a   0.354  -0.065   9.926  g   0.000  -0.005   0.000[0m
[1;32muart:~$ [m[8D[J[00:03:00.947,000] [0m<inf> imu: LSM6DS3TR-C  a   0.106   0.050  10.208  g   0.024  -0.061   0.015[0m
[1;32muart:~$ [m[8D[J[00:03:00.949,000] [0m<inf> imu: LSM6DSV16X   a   0.388   0.117  10.511  g  -0.011   0.002  -0.002[0m
[1;32muart:~$ [m[8D[J[1;32muart:~$ [m[8D[J[00:03:00.949,000] [0m<inf> imu: ICM-42688-P  a   0.354  -0.059   9.926  g   0.000  -0.005   0.000[0m
[1;32muart:~$ [m[8D[J[00:03:01.001,000] [0m<inf> imu: LSM6DS3TR-C  a   0.118   0.022  10.198  g   0.022  -0.061   0.015[0m
[1;32muart:~$ [m[8D[J[1;32muart:~$ [m[8D[J[00:03:01.001,000] [0m<inf> imu: LSM6DSV16X   a   0.375   0.124  10.519  g  -0.012   0.002  -0.003[0m
[1;32muart:~$ [m[8D[J[00:03:01.002,000] [0m<inf> imu: ICM-42688-P  a   0.350  -0.069   9.920  g  -0.000  -0.005  -0.001[0m
[1;32muart:~$ [m[8D[J[00:03:01.054,000] [0m<inf> imu: LSM6DS3TR-C  a   0.105   0.025  10.166  g   0.025  -0.060   0.014[0m
[1;32muart:~$ [m[8D[J[1;32muart:~$ [m[8D[J[00:03:01.055,000] [0m<inf> imu: LSM6DSV16X   a   0.382   0.117  10.521  g  -0.012   0.002  -0.003[0m
[1;32muart:~$ [m[8D[J[00:03:01.056,000] [0m<inf> imu: ICM-42688-P  a   0.356  -0.061   9.930  g   0.000  -0.005   0.000[0m
[1;32muart:~$ [m[8D[J[00:03:01.107,000] [0m<inf> imu: LSM6DS3TR-C  a   0.077   0.047  10.162  g   0.023  -0.061   0.016[0m
[1;32muart:~$ [m[8D[J[1;32muart:~$ [m[8D[J[00:03:01.107,000] [0m<inf> imu: LSM6DSV16X   a   0.380   0.111  10.516  g  -0.012   0.002  -0.003[0m
[1;32muart:~$ [m[8D[J[00:03:01.108,000] [0m<inf> imu: ICM-42688-P  a   0.357  -0.065   9.912  g   0.000  -0.006   0.000[0m
[1;32muart:~$ [m[8D[J[00:03:01.159,000] [0m<inf> imu: LSM6DS3TR-C  a   0.100   0.002  10.185  g   0.023  -0.061   0.015[0m
[1;32muart:~$ [m[8D[J[1;32muart:~$ [m[8D[J[00:03:01.160,000] [0m<inf> imu: LSM6DSV16X   a   0.376   0.117  10.519  g  -0.012   0.002  -0.003[0m
[1;32muart:~$ [m[8D[J[00:03:01.160,000] [0m<inf> imu: ICM-42688-P  a   0.363  -0.062   9.924  g   0.000  -0.005   0.000[0m
[1;32muart:~$ [m[8D[J[1;32muart:~$ [m[8D[J[00:03:01.211,000] [0m<inf> imu: LSM6DS3TR-C  a   0.090   0.010  10.216  g   0.024  -0.060   0.014[0m
[1;32muart:~$ [m[8D[J[00:03:01.212,000] [0m<inf> imu: LSM6DSV16X   a   0.376   0.115  10.521  g  -0.012   0.002  -0.002[0m
[1;32muart:~$ [m[8D[J[00:03:01.212,000] [0m<inf> imu: ICM-42688-P  a   0.335  -0.059   9.930  g  -0.001  -0.005   0.001[0m
[1;32muart:~$ [m[8D[J[00:03:01.263,000] [0m<inf> imu: LSM6DS3TR-C  a   0.069   0.037  10.230  g   0.022  -0.059   0.015[0m
[1;32muart:~$ [m[8D[J[1;32muart:~$ [m[8D[J[00:03:01.264,000] [0m<inf> imu: LSM6DSV16X   a   0.378   0.117  10.524  g  -0.011   0.002  -0.003[0m
[1;32muart:~$ [m[8D[J[00:03:01.264,000] [0m<inf> imu: ICM-42688-P  a   0.363  -0.065   9.932  g   0.001  -0.005   0.000[0m
[1;32muart:~$ [m[8D[J[1;32muart:~$ [m[8D[J[00:03:01.316,000] [0m<inf> imu: LSM6DS3TR-C  a   0.130   0.019  10.196  g   0.023  -0.059   0.014[0m
[1;32muart:~$ [m[8D[J[00:03:01.317,000] [0m<inf> imu: LSM6DSV16X   a   0.380   0.119  10.524  g  -0.011   0.002  -0.003[0m
[1;32muart:~$ [m[8D[J[00:03:01.318,000] [0m<inf> imu: ICM-42688-P  a   0.354  -0.055   9.919  g   0.001  -0.004  -0.001[0m
[1;32muart:~$ [m[8D[J[00:03:01.369,000] [0m<inf> imu: LSM6DS3TR-C  a   0.081   0.025  10.178  g   0.025  -0.062   0.016[0m
[1;32muart:~$ [m[8D[J[1;32muart:~$ [m[8D[J[00:03:01.371,000] [0m<inf> imu: LSM6DSV16X   a   0.382   0.120  10.524  g  -0.011   0.002  -0.002[0m
[1;32muart:~$ [m[8D[J[00:03:01.372,000] [0m<inf> imu: ICM-42688-P  a   0.353  -0.066   9.936  g  -0.001  -0.004   0.001[0m
[1;32muart:~$ [m[8D[J[1;32muart:~$ [m[8D[J[00:03:01.423,000] [0m<inf> imu: LSM6DS3TR-C  a   0.098   0.019  10.210  g   0.023  -0.063   0.013[0m
[1;32muart:~$ [m[8D[J[00:03:01.423,000] [0m<inf> imu: LSM6DSV16X   a   0.375   0.112  10.521  g  -0.012   0.002  -0.003[0m
[1;32muart:~$ [m[8D[J[00:03:01.424,000] [0m<inf> imu: ICM-42688-P  a   0.354  -0.056   9.931  g  -0.000  -0.005   0.001[0m
[1;32muart:~$ [m[8D[J[00:03:01.475,000] [0m<inf> imu: LSM6DS3TR-C  a   0.073   0.009  10.204  g   0.024  -0.062   0.015[0m
[1;32muart:~$ [m[8D[J[1;32muart:~$ [m[8D[J[00:03:01.476,000] [0m<inf> imu: LSM6DSV16X   a   0.373   0.121  10.521  g  -0.011   0.002  -0.003[0m
[1;32muart:~$ [m[8D[J[00:03:01.476,000] [0m<inf> imu: ICM-42688-P  a   0.354  -0.059   9.926  g  -0.001  -0.004   0.000[0m
[1;32muart:~$ [m[8D[J[1;32muart:~$ [m[8D[J[00:03:01.527,000] [0m<inf> imu: LSM6DS3TR-C  a   0.079   0.034  10.169  g   0.023  -0.061   0.014[0m
[1;32muart:~$ [m[8D[J[00:03:01.528,000] [0m<inf> imu: LSM6DSV16X   a   0.380   0.119  10.516  g  -0.011   0.002  -0.003[0m
[1;32muart:~$ [m[8D[J[00:03:01.528,000] [0m<inf> imu: ICM-42688-P  a   0.359  -0.066   9.928  g  -0.000  -0.005   0.000[0m
[1;32muart:~$ [m[8D[J[00:03:01.579,000] [0m<inf> imu: LSM6DS3TR-C  a   0.122   0.009  10.207  g   0.024  -0.061   0.015[0m
[1;32muart:~$ [m[8D[J[1;32muart:~$ [m[8D[J[00:03:01.580,000] [0m<inf> imu: LSM6DSV16X   a   0.382   0.117  10.521  g  -0.011   0.002  -0.003[0m
[1;32muart:~$ [m[8D[J[00:03:01.581,000] [0m<inf> imu: ICM-42688-P  a   0.347  -0.061   9.926  g   0.000  -0.005   0.000[0m
[1;32muart:~$ [m[8D[J[1;32muart:~$ [m[8D[J[00:03:01.632,000] [0m<inf> imu: LSM6DS3TR-C  a   0.108   0.002  10.178  g   0.023  -0.062   0.014[0m
[1;32muart:~$ [m[8D[J[00:03:01.632,000] [0m<inf> imu: LSM6DSV16X   a   0.383   0.118  10.521  g  -0.011   0.002  -0.003[0m
[1;32muart:~$ [m[8D[J[00:03:01.633,000] [0m<inf> imu: ICM-42688-P  a   0.356  -0.063   9.923  g  -0.000  -0.005   0.000[0m
[1;32muart:~$ [m[8D[J[00:03:01.685,000] [0m<inf> imu: LSM6DS3TR-C  a   0.105   0.035  10.194  g   0.024  -0.062   0.014[0m
[1;32muart:~$ [m[8D[J[1;32muart:~$ [m[8D[J[00:03:01.686,000] [0m<inf> imu: LSM6DSV16X   a   0.381   0.115  10.512  g  -0.012   0.002  -0.003[0m
[1;32muart:~$ [m[8D[J[00:03:01.687,000] [0m<inf> imu: ICM-42688-P  a   0.351  -0.067   9.916  g  -0.001  -0.005   0.001[0m
[1;32muart:~$ [m[8D[J[1;32muart:~$ [m[8D[J[00:03:01.738,000] [0m<inf> imu: LSM6DS3TR-C  a   0.105   0.003  10.180  g   0.024  -0.061   0.015[0m
[1;32muart:~$ [m[8D[J[00:03:01.739,000] [0m<inf> imu: LSM6DSV16X   a   0.378   0.112  10.518  g  -0.011   0.002  -0.002[0m
[1;32muart:~$ [m[8D[J[00:03:01.739,000] [0m<inf> imu: ICM-42688-P  a   0.347  -0.062   9.922  g   0.000  -0.005   0.000[0m
[1;32muart:~$ [m[8D[J[1;32muart:~$ [m[8D[J[00:03:01.791,000] [0m<inf> imu: LSM6DS3TR-C  a   0.110   0.000  10.222  g   0.024  -0.063   0.014[0m
[1;32muart:~$ [m[8D[J[00:03:01.792,000] [0m<inf> imu: LSM6DSV16X   a   0.383   0.114  10.516  g  -0.012   0.001  -0.002[0m
[1;32muart:~$ [m[8D[J[00:03:01.793,000] [0m<inf> imu: ICM-42688-P  a   0.351  -0.065   9.936  g   0.000  -0.005   0.000[0m
[1;32muart:~$ [m[8D[J[1;32muart:~$ [m[8D[J[00:03:01.844,000] [0m<inf> imu: LSM6DS3TR-C  a   0.087   0.036  10.197  g   0.022  -0.062   0.015[0m
[1;32muart:~$ [m[8D[J[00:03:01.844,000] [0m<inf> imu: LSM6DSV16X   a   0.380   0.115  10.524  g  -0.012   0.002  -0.002[0m
[1;32muart:~$ [m[8D[J[00:03:01.845,000] [0m<inf> imu: ICM-42688-P  a   0.348  -0.067   9.935  g  -0.000  -0.005   0.000[0m
[1;32muart:~$ [m[8D[J[00:03:01.896,000] [0m<inf> imu: LSM6DS3TR-C  a   0.087   0.007  10.194  g   0.022  -0.061   0.014[0m
[1;32muart:~$ [m[8D[J[1;32muart:~$ [m[8D[J[00:03:01.898,000] [0m<inf> imu: LSM6DSV16X   a   0.373   0.118  10.514  g  -0.012   0.002  -0.003[0m
[1;32muart:~$ [m[8D[J[00:03:01.898,000] [0m<inf> imu: ICM-42688-P  a   0.350  -0.065   9.916  g   0.000  -0.005   0.001[0m
[1;32muart:~$ [m[8D[J[00:03:01.950,000] [0m<inf> imu: LSM6DS3TR-C  a   0.096   0.021  10.204  g   0.025  -0.061   0.014[0m
[1;32muart:~$ [m[8D[J[1;32muart:~$ [m[8D[J[00:03:01.950,000] [0m<inf> imu: LSM6DSV16X   a   0.381   0.117  10.514  g  -0.012   0.002  -0.003[0m
[1;32muart:~$ [m[8D[J[00:03:01.951,000] [0m<inf> imu: ICM-42688-P  a   0.342  -0.061   9.922  g  -0.001  -0.005   0.000[0m
[1;32muart:~$ [m[8D[J[1;32muart:~$ [m[8D[J[00:03:02.003,000] [0m<inf> imu: LSM6DS3TR-C  a   0.098   0.031  10.215  g   0.024  -0.062   0.014[0m
[1;32muart:~$ [m[8D[J[00:03:02.004,000] [0m<inf> imu: LSM6DSV16X   a   0.374   0.120  10.524  g  -0.011   0.002  -0.003[0m
[1;32muart:~$ [m[8D[J[00:03:02.005,000] [0m<inf> imu: ICM-42688-P  a   0.346  -0.059   9.917  g   0.000  -0.005   0.001[0m
[1;32muart:~$ [m[8D[J[1;32muart:~$ [m[8D[J[00:03:02.056,000] [0m<inf> imu: LSM6DS3TR-C  a   0.103   0.049  10.186  g   0.023  -0.060   0.015[0m
[1;32muart:~$ [m[8D[J[00:03:02.056,000] [0m<inf> imu: LSM6DSV16X   a   0.380   0.115  10.522  g  -0.012   0.003  -0.003[0m
[1;32muart:~$ [m[8D[J[00:03:02.057,000] [0m<inf> imu: ICM-42688-P  a   0.359  -0.051   9.936  g  -0.000  -0.005  -0.000[0m
[1;32muart:~$ [m[8D[J[1;32muart:~$ [m[8D[J[00:03:02.109,000] [0m<inf> imu: LSM6DS3TR-C  a   0.085   0.033  10.173  g   0.023  -0.060   0.014[0m
[1;32muart:~$ [m[8D[J[00:03:02.110,000] [0m<inf> imu: LSM6DSV16X   a   0.378   0.115  10.517  g  -0.012   0.002  -0.002[0m
[1;32muart:~$ [m[8D[J[00:03:02.111,000] [0m<inf> imu: ICM-42688-P  a   0.362  -0.065   9.923  g   0.001  -0.005   0.001[0m
[1;32muart:~$ [m[8D[J[1;32muart:~$ [m[8D[J[00:03:02.162,000] [0m<inf> imu: LSM6DS3TR-C  a   0.079   0.022  10.187  g   0.024  -0.062   0.014[0m
[1;32muart:~$ [m[8D[J[00:03:02.162,000] [0m<inf> imu: LSM6DSV16X   a   0.378   0.120  10.524  g  -0.013   0.002  -0.003[0m
[1;32muart:~$ [m[8D[J[00:03:02.163,000] [0m<inf> imu: ICM-42688-P  a   0.351  -0.056   9.922  g   0.001  -0.005  -0.001[0m
[1;32muart:~$ [m[8D[J[1;32muart:~$ [m[8D[J[00:03:02.214,000] [0m<inf> imu: LSM6DS3TR-C  a   0.093   0.021  10.169  g   0.022  -0.060   0.013[0m
[1;32muart:~$ [m[8D[J[00:03:02.215,000] [0m<inf> imu: LSM6DSV16X   a   0.380   0.115  10.524  g  -0.012   0.002  -0.003[0m
[1;32muart:~$ [m[8D[J[1;32muart:~$ [m[8D[J[00:03:02.215,000] [0m<inf> imu: ICM-42688-P  a   0.363  -0.063   9.924  g   0.000  -0.005   0.000[0m
[1;32muart:~$ [m[8D[J[00:03:02.266,000] [0m<inf> imu: LSM6DS3TR-C  a   0.097   0.033  10.171  g   0.023  -0.060   0.016[0m
[1;32muart:~$ [m[8D[J[00:03:02.267,000] [0m<inf> imu: LSM6DSV16X   a   0.377   0.119  10.521  g  -0.011   0.003  -0.002[0m
[1;32muart:~$ [m[8D[J[00:03:02.267,000] [0m<inf> imu: ICM-42688-P  a   0.350  -0.065   9.914  g   0.001  -0.005   0.000[0m
[1;32muart:~$ [m[8D[J[1;32muart:~$ [m[8D[J[00:03:02.319,000] [0m<inf> imu: LSM6DS3TR-C  a   0.102   0.020  10.174  g   0.024  -0.062   0.012[0m
[1;32muart:~$ [m[8D[J[00:03:02.320,000] [0m<inf> imu: LSM6DSV16X   a   0.380   0.113  10.512  g  -0.012   0.002  -0.003[0m
[1;32muart:~$ [m[8D[J[1;32muart:~$ [m[8D[J[00:03:02.321,000] [0m<inf> imu: ICM-42688-P  a   0.350  -0.067   9.924  g  -0.001  -0.005   0.000[0m
[1;32muart:~$ [m[8D[J[00:03:02.372,000] [0m<inf> imu: LSM6DS3TR-C  a   0.098   0.006  10.204  g   0.022  -0.062   0.013[0m
[1;32muart:~$ [m[8D[J[00:03:02.373,000] [0m<inf> imu: LSM6DSV16X   a   0.381   0.117  10.519  g  -0.012   0.002  -0.002[0m
[1;32muart:~$ [m[8D[J[00:03:02.374,000] [0m<inf> imu: ICM-42688-P  a   0.350  -0.062   9.919  g  -0.000  -0.005   0.001[0m
[1;32muart:~$ [m[8D[J[1;32muart:~$ [m[8D[J[00:03:02.425,000] [0m<inf> imu: LSM6DS3TR-C  a   0.117   0.049  10.208  g   0.025  -0.063   0.012[0m
[1;32muart:~$ [m[8D[J[00:03:02.426,000] [0m<inf> imu: LSM6DSV16X   a   0.378   0.114  10.524  g  -0.011   0.003  -0.003[0m
[1;32muart:~$ [m[8D[J[1;32muart:~$ [m[8D[J[00:03:02.427,000] [0m<inf> imu: ICM-42688-P  a   0.363  -0.056   9.918  g   0.000  -0.005   0.000[0m
[1;32muart:~$ [m[8D[J[00:03:02.478,000] [0m<inf> imu: LSM6DS3TR-C  a   0.089   0.036  10.172  g   0.024  -0.060   0.013[0m
[1;32muart:~$ [m[8D[J[00:03:02.478,000] [0m<inf> imu: LSM6DSV16X   a   0.379   0.120  10.517  g  -0.012   0.002  -0.003[0m
[1;32muart:~$ [m[8D[J[00:03:02.479,000] [0m<inf> imu: ICM-42688-P  a   0.356  -0.053   9.923  g  -0.001  -0.005   0.000[0m
[1;32muart:~$ [m[8D[J[1;32muart:~$ [m[8D[J[00:03:02.530,000] [0m<inf> imu: LSM6DS3TR-C  a   0.123   0.034  10.194  g   0.024  -0.061   0.017[0m
[1;32muart:~$ [m[8D[J[00:03:02.531,000] [0m<inf> imu: LSM6DSV16X   a   0.368   0.118  10.519  g  -0.011   0.002  -0.002[0m
[1;32muart:~$ [m[8D[J[1;32muart:~$ [m[8D[J[00:03:02.531,000] [0m<inf> imu: ICM-42688-P  a   0.350  -0.063   9.930  g   0.000  -0.005  -0.001[0m
[1;32muart:~$ [m[8D[J[00:03:02.582,000] [0m<inf> imu: LSM6DS3TR-C  a   0.106   0.032  10.209  g   0.023  -0.060   0.015[0m
[1;32muart:~$ [m[8D[J[00:03:02.583,000] [0m<inf> imu: LSM6DSV16X   a   0.380   0.121  10.521  g  -0.011   0.002  -0.002[0m
[1;32muart:~$ [m[8D[J[00:03:02.583,000] [0m<inf> imu: ICM-42688-P  a   0.357  -0.060   9.914  g   0.000  -0.004  -0.000[0m
[1;32muart:~$ [m[8D[J[1;32muart:~$ [m[8D[J[00:03:02.634,000] [0m<inf> imu: LSM6DS3TR-C  a   0.117  -0.014  10.162  g   0.022  -0.060   0.014[0m
[1;32muart:~$ [m[8D[J[00:03:02.635,000] [0m<inf> imu: LSM6DSV16X   a   0.381   0.117  10.516  g  -0.012   0.002  -0.002[0m
[1;32muart:~$ [m[8D[J[1;32muart:~$ [m[8D[J[00:03:02.635,000] [0m<inf> imu: ICM-42688-P  a   0.356  -0.063   9.926  g   0.000  -0.005   0.000[0m
[1;32muart:~$ [m[8D[J[00:03:02.687,000] [0m<inf> imu: LSM6DS3TR-C  a   0.077  -0.016  10.173  g   0.024  -0.062   0.014[0m
[1;32muart:~$ [m[8D[J[00:03:02.687,000] [0m<inf> imu: LSM6DSV16X   a   0.383   0.115  10.514  g  -0.011   0.002  -0.002[0m
[1;32muart:~$ [m[8D[J[1;32muart:~$ [m[8D[J[00:03:02.688,000] [0m<inf> imu: ICM-42688-P  a   0.358  -0.055   9.926  g  -0.000  -0.004   0.000[0m
[1;32muart:~$ [m[8D[J[00:03:02.739,000] [0m<inf> imu: LSM6DS3TR-C  a   0.123   0.010  10.214  g   0.023  -0.063   0.013[0m
[1;32muart:~$ [m[8D[J[00:03:02.740,000] [0m<inf> imu: LSM6DSV16X   a   0.373   0.115  10.514  g  -0.012   0.002  -0.003[0m
[1;32muart:~$ [m[8D[J[1;32muart:~$ [m[8D[J[00:03:02.741,000] [0m<inf> imu: ICM-42688-P  a   0.346  -0.061   9.932  g  -0.000  -0.005   0.000[0m
[1;32muart:~$ [m[8D[J[00:03:02.792,000] [0m<inf> imu: LSM6DS3TR-C  a   0.106   0.033  10.169  g   0.020  -0.061   0.015[0m
[1;32muart:~$ [m[8D[J[00:03:02.793,000] [0m<inf> imu: LSM6DSV16X   a   0.380   0.115  10.519  g  -0.010   0.002  -0.002[0m
[1;32muart:~$ [m[8D[J[1;32muart:~$ [m[8D[J[00:03:02.793,000] [0m<inf> imu: ICM-42688-P  a   0.360  -0.065   9.929  g   0.000  -0.005  -0.000[0m
[1;32muart:~$ [m[8D[J[00:03:02.845,000] [0m<inf> imu: LSM6DS3TR-C  a   0.089   0.050  10.172  g   0.024  -0.061   0.014[0m
[1;32muart:~$ [m[8D[J[00:03:02.846,000] [0m<inf> imu: LSM6DSV16X   a   0.378   0.115  10.522  g  -0.012   0.003  -0.003[0m
[1;32muart:~$ [m[8D[J[00:03:02.847,000] [0m<inf> imu: ICM-42688-P  a   0.348  -0.059   9.928  g   0.000  -0.005  -0.001[0m
[1;32muart:~$ [m[8D[J[1;32muart:~$ [m[8D[J[00:03:02.898,000] [0m<inf> imu: LSM6DS3TR-C  a   0.058   0.029  10.168  g   0.024  -0.061   0.016[0m
[1;32muart:~$ [m[8D[J[00:03:02.899,000] [0m<inf> imu: LSM6DSV16X   a   0.383   0.117  10.519  g  -0.011   0.002  -0.003[0m
[1;32muart:~$ [m[8D[J[1;32muart:~$ [m[8D[J[00:03:02.899,000] [0m<inf> imu: ICM-42688-P  a   0.348  -0.071   9.925  g   0.000  -0.005  -0.001[0m
[1;32muart:~$ [m[8D[J[00:03:02.951,000] [0m<inf> imu: LSM6DS3TR-C  a   0.109   0.019  10.184  g   0.022  -0.061   0.014[0m
[1;32muart:~$ [m[8D[J[00:03:02.952,000] [0m<inf> imu: LSM6DSV16X   a   0.377   0.108  10.519  g  -0.011   0.002  -0.003[0m
[1;32muart:~$ [m[8D[J[1;32muart:~$ [m[8D[J[00:03:02.953,000] [0m<inf> imu: ICM-42688-P  a   0.356  -0.061   9.912  g   0.000  -0.004   0.000[0m
[1;32muart:~$ [m[8D[J[00:03:03.004,000] [0m<inf> imu: LSM6DS3TR-C  a   0.100   0.021  10.237  g   0.025  -0.061   0.015[0m
[1;32muart:~$ [m[8D[J[00:03:03.004,000] [0m<inf> imu: LSM6DSV16X   a   0.385   0.112  10.523  g  -0.011   0.002  -0.002[0m
[1;32muart:~$ [m[8D[J[1;32muart:~$ [m[8D[J[00:03:03.005,000] [0m<inf> imu: ICM-42688-P  a   0.353  -0.059   9.918  g  -0.000  -0.004  -0.001[0m
[1;32muart:~$ [m[8D[J[00:03:03.056,000] [0m<inf> imu: LSM6DS3TR-C  a   0.098   0.028  10.161  g   0.024  -0.063   0.013[0m
[1;32muart:~$ [m[8D[J[1;32muart:~$ [m[8D[J[00:03:03.058,000] [0m<inf> imu: LSM6DSV16X   a   0.380   0.115  10.512  g  -0.012   0.002  -0.003[0m
[1;32muart:~$ [m[8D[J[00:03:03.058,000] [0m<inf> imu: ICM-42688-P  a   0.354  -0.065   9.925  g   0.000  -0.005  -0.001[0m
[1;32muart:~$ [m[8D[J[00:03:03.109,000] [0m<inf> imu: LSM6DS3TR-C  a   0.112   0.007  10.190  g   0.024  -0.061   0.013[0m
[1;32muart:~$ [m[8D[J[00:03:03.110,000] [0m<inf> imu: LSM6DSV16X   a   0.379   0.120  10.512  g  -0.010   0.002  -0.002[0m
[1;32muart:~$ [m[8D[J[1;32muart:~$ [m[8D[J[00:03:03.111,000] [0m<inf> imu: ICM-42688-P  a   0.354  -0.060   9.926  g  -0.001  -0.005   0.001[0m
[1;32muart:~$ [m[8D[J[00:03:03.162,000] [0m<inf> imu: LSM6DS3TR-C  a   0.080   0.054  10.199  g   0.024  -0.061   0.016[0m
[1;32muart:~$ [m[8D[J[1;32muart:~$ [m[8D[J[00:03:03.162,000] [0m<inf> imu: LSM6DSV16X   a   0.380   0.120  10.521  g  -0.011   0.002  -0.003[0m
[1;32muart:~$ [m[8D[J[00:03:03.163,000] [0m<inf> imu: ICM-42688-P  a   0.354  -0.060   9.918  g  -0.000  -0.005   0.001[0m
[1;32muart:~$ [m[8D[J[00:03:03.214,000] [0m<inf> imu: LSM6DS3TR-C  a   0.092   0.022  10.164  g   0.024  -0.062   0.015[0m
[1;32muart:~$ [m[8D[J[00:03:03.215,000] [0m<inf> imu: LSM6DSV16X   a   0.385   0.115  10.524  g  -0.012   0.002  -0.002[0m
[1;32muart:~$ [m[8D[J[1;32muart:~$ [m[8D[J[00:03:03.215,000] [0m<inf> imu: ICM-42688-P  a   0.353  -0.062   9.935  g  -0.001  -0.005   0.000[0m
[1;32muart:~$ [m[8D[J[00:03:03.266,000] [0m<inf> imu: LSM6DS3TR-C  a   0.092   0.005  10.203  g   0.024  -0.060   0.013[0m
[1;32muart:~$ [m[8D[J[1;32muart:~$ [m[8D[J[00:03:03.267,000] [0m<inf> imu: LSM6DSV16X   a   0.379   0.112  10.524  g  -0.011   0.001  -0.003[0m
[1;32muart:~$ [m[8D[J[00:03:03.267,000] [0m<inf> imu: ICM-42688-P  a   0.347  -0.068   9.918  g  -0.001  -0.005   0.000[0m
[1;32muart:~$ [m[8D[J[00:03:03.319,000] [0m<inf> imu: LSM6DS3TR-C  a   0.066   0.030  10.197  g   0.022  -0.060   0.014[0m
[1;32muart:~$ [m[8D[J[00:03:03.320,000] [0m<inf> imu: LSM6DSV16X   a   0.373   0.112  10.517  g  -0.012   0.002  -0.002[0m
[1;32muart:~$ [m[8D[J[1;32muart:~$ [m[8D[J[00:03:03.321,000] [0m<inf> imu: ICM-42688-P  a   0.354  -0.065   9.940  g   0.000  -0.005   0.001[0m
[1;32muart:~$ [m[8D[J[00:03:03.372,000] [0m<inf> imu: LSM6DS3TR-C  a   0.114   0.012  10.180  g   0.022  -0.059   0.014[0m
[1;32muart:~$ [m[8D[J[1;32muart:~$ [m[8D[J[00:03:03.373,000] [0m<inf> imu: LSM6DSV16X   a   0.383   0.119  10.522  g  -0.011   0.002  -0.003[0m
[1;32muart:~$ [m[8D[J[00:03:03.373,000] [0m<inf> imu: ICM-42688-P  a   0.356  -0.063   9.917  g  -0.001  -0.005   0.001[0m
[1;32muart:~$ [m[8D[J[00:03:03.424,000] [0m<inf> imu: LSM6DS3TR-C  a   0.075  -0.017  10.174  g   0.022  -0.060   0.015[0m
[1;32muart:~$ [m[8D[J[00:03:03.425,000] [0m<inf> imu: LSM6DSV16X   a   0.376   0.112  10.516  g  -0.012   0.002  -0.002[0m
[1;32muart:~$ [m[8D[J[1;32muart:~$ [m[8D[J[00:03:03.426,000] [0m<inf> imu: ICM-42688-P  a   0.364  -0.061   9.917  g  -0.000  -0.004  -0.000[0m
[1;32muart:~$ [m[8D[J[00:03:03.477,000] [0m<inf> imu: LSM6DS3TR-C  a   0.099   0.038  10.177  g   0.023  -0.060   0.014[0m
[1;32muart:~$ [m[8D[J[1;32muart:~$ [m[8D[J[00:03:03.477,000] [0m<inf> imu: LSM6DSV16X   a   0.377   0.112  10.527  g  -0.012   0.002  -0.003[0m
[1;32muart:~$ [m[8D[J[00:03:03.478,000] [0m<inf> imu: ICM-42688-P  a   0.354  -0.051   9.934  g   0.000  -0.005   0.000[0m
[1;32muart:~$ [m[8D[J[00:03:03.529,000] [0m<inf> imu: LSM6DS3TR-C  a   0.106   0.018  10.161  g   0.023  -0.060   0.012[0m
[1;32muart:~$ [m[8D[J[00:03:03.530,000] [0m<inf> imu: LSM6DSV16X   a   0.377   0.114  10.526  g  -0.012   0.002  -0.002[0m
[1;32muart:~$ [m[8D[J[1;32muart:~$ [m[8D[J[00:03:03.530,000] [0m<inf> imu: ICM-42688-P  a   0.358  -0.059   9.928  g  -0.001  -0.005  -0.000[0m
[1;32muart:~$ [m[8D[J[00:03:03.582,000] [0m<inf> imu: LSM6DS3TR-C  a   0.127   0.000  10.192  g   0.023  -0.061   0.013[0m
[1;32muart:~$ [m[8D[J[1;32muart:~$ [m[8D[J[00:03:03.583,000] [0m<inf> imu: LSM6DSV16X   a   0.387   0.115  10.522  g  -0.011   0.001  -0.002[0m
[1;32muart:~$ [m[8D[J[00:03:03.584,000] [0m<inf> imu: ICM-42688-P  a   0.353  -0.067   9.929  g   0.000  -0.006   0.000[0m
[1;32muart:~$ [m[8D[J[00:03:03.635,000] [0m<inf> imu: LSM6DS3TR-C  a   0.102   0.039  10.182  g   0.024  -0.061   0.014[0m
[1;32muart:~$ [m[8D[J[1;32muart:~$ [m[8D[J[00:03:03.635,000] [0m<inf> imu: LSM6DSV16X   a   0.388   0.115  10.524  g  -0.012   0.002  -0.003[0m
[1;32muart:~$ [m[8D[J[00:03:03.636,000] [0m<inf> imu: ICM-42688-P  a   0.359  -0.066   9.911  g   0.001  -0.005   0.001[0m
[1;32muart:~$ [m[8D[J[00:03:03.688,000] [0m<inf> imu: LSM6DS3TR-C  a   0.092   0.038  10.181  g   0.023  -0.061   0.012[0m
[1;32muart:~$ [m[8D[J[1;32muart:~$ [m[8D[J[00:03:03.689,000] [0m<inf> imu: LSM6DSV16X   a   0.378   0.119  10.514  g  -0.012   0.002  -0.002[0m
[1;32muart:~$ [m[8D[J[00:03:03.690,000] [0m<inf> imu: ICM-42688-P  a   0.353  -0.053   9.919  g  -0.000  -0.005   0.000[0m
[1;32muart:~$ [m[8D[J[00:03:03.741,000] [0m<inf> imu: LSM6DS3TR-C  a   0.125   0.032  10.157  g   0.024  -0.060   0.015[0m
[1;32muart:~$ [m[8D[J[1;32muart:~$ [m[8D[J[00:03:03.742,000] [0m<inf> imu: LSM6DSV16X   a   0.381   0.122  10.514  g  -0.012   0.002  -0.003[0m
[1;32muart:~$ [m[8D[J[00:03:03.742,000] [0m<inf> imu: ICM-42688-P  a   0.338  -0.065   9.922  g  -0.000  -0.005  -0.001[0m
[1;32muart:~$ [m[8D[J[00:03:03.794,000] [0m<inf> imu: LSM6DS3TR-C  a   0.060   0.024  10.205  g   0.023  -0.060   0.014[0m
[1;32muart:~$ [m[8D[J[1;32muart:~$ [m[8D[J[00:03:03.795,000] [0m<inf> imu: LSM6DSV16X   a   0.377   0.109  10.517  g  -0.012   0.002  -0.002[0m
[1;32muart:~$ [m[8D[J[00:03:03.796,000] [0m<inf> imu: ICM-42688-P  a   0.352  -0.062   9.926  g  -0.001  -0.005   0.000[0m
[1;32muart:~$ [m[8D[J[00:03:03.847,000] [0m<inf> imu: LSM6DS3TR-C  a   0.100  -0.001  10.201  g   0.024  -0.062   0.015[0m
[1;32muart:~$ [m[8D[J[00:03:03.848,000] [0m<inf> imu: LSM6DSV16X   a   0.380   0.122  10.512  g  -0.012   0.002  -0.002[0m
[1;32muart:~$ [m[8D[J[1;32muart:~$ [m[8D[J[00:03:03.848,000] [0m<inf> imu: ICM-42688-P  a   0.362  -0.059   9.928  g  -0.000  -0.005   0.000[0m
[1;32muart:~$ [m[8D[J[00:03:03.900,000] [0m<inf> imu: LSM6DS3TR-C  a   0.090  -0.002  10.169  g   0.024  -0.062   0.013[0m
[1;32muart:~$ [m[8D[J[1;32muart:~$ [m[8D[J[00:03:03.901,000] [0m<inf> imu: LSM6DSV16X   a   0.374   0.118  10.528  g  -0.012   0.002  -0.003[0m
[1;32muart:~$ [m[8D[J[00:03:03.901,000] [0m<inf> imu: ICM-42688-P  a   0.353  -0.060   9.916  g   0.000  -0.005  -0.001[0m
[1;32muart:~$ [m[8D[J[00:03:03.952,000] [0m<inf> imu: LSM6DS3TR-C  a   0.118   0.018  10.184  g   0.023  -0.062   0.015[0m
[1;32muart:~$ [m[8D[J[1;32muart:~$ [m[8D[J[00:03:03.953,000] [0m<inf> imu: LSM6DSV16X   a   0.378   0.124  10.521  g  -0.012   0.002  -0.003[0m
[1;32muart:~$ [m[8D[J[00:03:03.954,000] [0m<inf> imu: ICM-42688-P  a   0.354  -0.061   9.928  g  -0.001  -0.004  -0.000[0m
[1;32muart:~$ [m[8D[J[00:03:04.005,000] [0m<inf> imu: LSM6DS3TR-C  a   0.099   0.054  10.180  g   0.024  -0.059   0.017[0m
[1;32muart:~$ [m[8D[J[1;32muart:~$ [m[8D[J[00:03:04.007,000] [0m<inf> imu: LSM6DSV16X   a   0.385   0.117  10.511  g  -0.012   0.002  -0.003[0m
[1;32muart:~$ [m[8D[J[00:03:04.007,000] [0m<inf> imu: ICM-42688-P  a   0.354  -0.069   9.937  g  -0.001  -0.004  -0.000[0m
[1;32muart:~$ [m[8D[J[00:03:04.058,000] [0m<inf> imu: LSM6DS3TR-C  a   0.098   0.018  10.164  g   0.022  -0.059   0.013[0m
[1;32muart:~$ [m[8D[J[1;32muart:~$ [m[8D[J[00:03:04.059,000] [0m<inf> imu: LSM6DSV16X   a   0.376   0.118  10.521  g  -0.011   0.002  -0.002[0m
[1;32muart:~$ [m[8D[J[00:03:04.060,000] [0m<inf> imu: ICM-42688-P  a   0.357  -0.066   9.930  g  -0.000  -0.005   0.000[0m
[1;32muart:~$ [m[8D[J[00:03:04.111,000] [0m<inf> imu: LSM6DS3TR-C  a   0.105   0.029  10.184  g   0.022  -0.061   0.013[0m
[1;32muart:~$ [m[8D[J[1;32muart:~$ [m[8D[J[00:03:04.111,000] [0m<inf> imu: LSM6DSV16X   a   0.373   0.111  10.518  g  -0.012   0.002  -0.002[0m
[1;32muart:~$ [m[8D[J[00:03:04.112,000] [0m<inf> imu: ICM-42688-P  a   0.358  -0.071   9.917  g   0.000  -0.005  -0.000[0m
[1;32muart:~$ [m[8D[J[1;32muart:~$ [m[8D[J[00:03:04.163,000] [0m<inf> imu: LSM6DS3TR-C  a   0.107   0.038  10.192  g   0.025  -0.060   0.015[0m
[1;32muart:~$ [m[8D[J[00:03:04.164,000] [0m<inf> imu: LSM6DSV16X   a   0.380   0.109  10.519  g  -0.012   0.003  -0.002[0m
[1;32muart:~$ [m[8D[J[00:03:04.164,000] [0m<inf> imu: ICM-42688-P  a   0.354  -0.057   9.926  g  -0.001  -0.005   0.001[0m
[1;32muart:~$ [m[8D[J[00:03:04.215,000] [0m<inf> imu: LSM6DS3TR-C  a   0.095   0.062  10.163  g   0.023  -0.060   0.012[0m
[1;32muart:~$ [m[8D[J[1;32muart:~$ [m[8D[J[00:03:04.216,000] [0m<inf> imu: LSM6DSV16X   a   0.380   0.123  10.510  g  -0.011   0.002  -0.003[0m
[1;32muart:~$ [m[8D[J[00:03:04.216,000] [0m<inf> imu: ICM-42688-P  a   0.354  -0.060   9.922  g   0.000  -0.005   0.000[0m
[1;32muart:~$ [m[8D[J[1;32muart:~$ [m[8D[J[00:03:04.268,000] [0m<inf> imu: LSM6DS3TR-C  a   0.071   0.011  10.184  g   0.022  -0.060   0.014[0m
[1;32muart:~$ [m[8D[J[00:03:04.268,000] [0m<inf> imu: LSM6DSV16X   a   0.374   0.115  10.519  g  -0.012   0.002  -0.003[0m
[1;32muart:~$ [m[8D[J[00:03:04.269,000] [0m<inf> imu: ICM-42688-P  a   0.353  -0.056   9.924  g   0.000  -0.005   0.000[0m
[1;32muart:~$ [m[8D[J[00:03:04.321,000] [0m<inf> imu: LSM6DS3TR-C  a   0.096  -0.016  10.204  g   0.021  -0.060   0.014[0m
[1;32muart:~$ [m[8D[J[1;32muart:~$ [m[8D[J[00:03:04.322,000] [0m<inf> imu: LSM6DSV16X   a   0.379   0.120  10.523  g  -0.011   0.002  -0.003[0m
[1;32muart:~$ [m[8D[J[00:03:04.322,000] [0m<inf> imu: ICM-42688-P  a   0.351  -0.069   9.922  g   0.001  -0.005   0.000[0m
[1;32muart:~$ [m[8D[J[1;32muart:~$ [m[8D[J[00:03:04.373,000] [0m<inf> imu: LSM6DS3TR-C  a   0.084   0.032  10.178  g   0.022  -0.060   0.015[0m
[1;32muart:~$ [m[8D[J[00:03:04.374,000] [0m<inf> imu: LSM6DSV16X   a   0.376   0.120  10.519  g  -0.011   0.002  -0.003[0m
[1;32muart:~$ [m[8D[J[00:03:04.375,000] [0m<inf> imu: ICM-42688-P  a   0.359  -0.045   9.911  g   0.000  -0.005   0.001[0m
[1;32muart:~$ [m[8D[J[00:03:04.426,000] [0m<inf> imu: LSM6DS3TR-C  a   0.123   0.055  10.186  g   0.024  -0.063   0.013[0m
[1;32muart:~$ [m[8D[J[1;32muart:~$ [m[8D[J[00:03:04.426,000] [0m<inf> imu: LSM6DSV16X   a   0.371   0.120  10.522  g  -0.012   0.002  -0.003[0m
[1;32muart:~$ [m[8D[J[00:03:04.427,000] [0m<inf> imu: ICM-42688-P  a   0.348  -0.057   9.914  g   0.000  -0.004  -0.001[0m
[1;32muart:~$ [m[8D[J[1;32muart:~$ [m[8D[J[00:03:04.478,000] [0m<inf> imu: LSM6DS3TR-C  a   0.102   0.019  10.169  g   0.022  -0.060   0.015[0m
[1;32muart:~$ [m[8D[J[00:03:04.479,000] [0m<inf> imu: LSM6DSV16X   a   0.376   0.118  10.518  g  -0.012   0.002  -0.003[0m
[1;32muart:~$ [m[8D[J[00:03:04.479,000] [0m<inf> imu: ICM-42688-P  a   0.350  -0.069   9.924  g   0.000  -0.005   0.000[0m
[1;32muart:~$ [m[8D[J[00:03:04.530,000] [0m<inf> imu: LSM6DS3TR-C  a   0.114  -0.003  10.159  g   0.024  -0.059   0.015[0m
[1;32muart:~$ [m[8D[J[1;32muart:~$ [m[8D[J[00:03:04.531,000] [0m<inf> imu: LSM6DSV16X   a   0.375   0.115  10.517  g  -0.012   0.002  -0.003[0m
[1;32muart:~$ [m[8D[J[00:03:04.531,000] [0m<inf> imu: ICM-42688-P  a   0.350  -0.063   9.931  g  -0.000  -0.005   0.000[0m
[1;32muart:~$ [m[8D[J[1;32muart:~$ [m[8D[J[00:03:04.582,000] [0m<inf> imu: LSM6DS3TR-C  a   0.112   0.026  10.177  g   0.023  -0.060   0.015[0m
[1;32muart:~$ [m[8D[J[00:03:04.583,000] [0m<inf> imu: LSM6DSV16X   a   0.382   0.119  10.521  g  -0.011   0.002  -0.002[0m
[1;32muart:~$ [m[8D[J[00:03:04.583,000] [0m<inf> imu: ICM-42688-P  a   0.348  -0.061   9.919  g  -0.001  -0.003   0.000[0m
[1;32muart:~$ [m[8D[J[1;32muart:~$ [m[8D[J[00:03:04.635,000] [0m<inf> imu: LSM6DS3TR-C  a   0.100  -0.014  10.220  g   0.024  -0.062   0.016[0m
[1;32muart:~$ [m[8D[J[00:03:04.635,000] [0m<inf> imu: LSM6DSV16X   a   0.378   0.121  10.521  g  -0.012   0.002  -0.002[0m
[1;32muart:~$ [m[8D[J[00:03:04.636,000] [0m<inf> imu: ICM-42688-P  a   0.346  -0.051   9.910  g   0.000  -0.005   0.000[0m
[1;32muart:~$ [m[8D[J[1;32muart:~$ [m[8D[J[00:03:04.687,000] [0m<inf> imu: LSM6DS3TR-C  a   0.095   0.016  10.183  g   0.023  -0.063   0.013[0m
[1;32muart:~$ [m[8D[J[00:03:04.689,000] [0m<inf> imu: LSM6DSV16X   a   0.385   0.112  10.527  g  -0.012   0.002  -0.002[0m
[1;32muart:~$ [m[8D[J[00:03:04.690,000] [0m<inf> imu: ICM-42688-P  a   0.360  -0.069   9.926  g   0.001  -0.005   0.000[0m
[1;32muart:~$ [m[8D[J[1;32muart:~$ [m[8D[J[00:03:04.741,000] [0m<inf> imu: LSM6DS3TR-C  a   0.110   0.003  10.181  g   0.022  -0.061   0.015[0m
[1;32muart:~$ [m[8D[J[00:03:04.741,000] [0m<inf> imu: LSM6DSV16X   a   0.376   0.119  10.519  g  -0.012   0.002  -0.003[0m
[1;32muart:~$ [m[8D[J[00:03:04.742,000] [0m<inf> imu: ICM-42688-P  a   0.348  -0.061   9.914  g   0.000  -0.006   0.000[0m
[1;32muart:~$ [m[8D[J[1;32muart:~$ [m[8D[J[00:03:04.793,000] [0m<inf> imu: LSM6DS3TR-C  a   0.086  -0.003  10.223  g   0.023  -0.060   0.014[0m
[1;32muart:~$ [m[8D[J[00:03:04.795,000] [0m<inf> imu: LSM6DSV16X   a   0.378   0.122  10.517  g  -0.011   0.002  -0.002[0m
[1;32muart:~$ [m[8D[J[00:03:04.796,000] [0m<inf> imu: ICM-42688-P  a   0.359  -0.067   9.924  g  -0.001  -0.005   0.000[0m
[1;32muart:~$ [m[8D[J[00:03:04.847,000] [0m<inf> imu: LSM6DS3TR-C  a   0.078   0.013  10.159  g   0.024  -0.061   0.016[0m
[1;32muart:~$ [m[8D[J[1;32muart:~$ [m[8D[J[00:03:04.847,000] [0m<inf> imu: LSM6DSV16X   a   0.376   0.120  10.516  g  -0.011   0.001  -0.002[0m
[1;32muart:~$ [m[8D[J[00:03:04.848,000] [0m<inf> imu: ICM-42688-P  a   0.348  -0.071   9.926  g  -0.000  -0.004   0.000[0m
[1;32muart:~$ [m[8D[J[1;32muart:~$ [m[8D[J[00:03:04.900,000] [0m<inf> imu: LSM6DS3TR-C  a   0.066   0.016  10.173  g   0.025  -0.060   0.014[0m
[1;32muart:~$ [m[8D[J[00:03:04.901,000] [0m<inf> imu: LSM6DSV16X   a   0.379   0.112  10.519  g  -0.012   0.002  -0.002[0m
[1;32muart:~$ [m[8D[J[00:03:04.902,000] [0m<inf> imu: ICM-42688-P  a   0.346  -0.057   9.926  g  -0.000  -0.005   0.001[0m
[1;32muart:~$ [m[8D[J[1;32muart:~$ [m[8D[J[00:03:04.953,000] [0m<inf> imu: LSM6DS3TR-C  a   0.117   0.033  10.206  g   0.025  -0.063   0.013[0m
[1;32muart:~$ [m[8D[J[00:03:04.954,000] [0m<inf> imu: LSM6DSV16X   a   0.382   0.112  10.511  g  -0.011   0.002  -0.003[0m
[1;32muart:~$ [m[8D[J[1;32muart:~$ [m[8D[J[00:03:04.954,000] [0m<inf> imu: ICM-42688-P  a   0.339  -0.059   9.918  g   0.001  -0.005   0.000[0m
[1;32muart:~$ [m[8D[J[00:03:05.006,000] [0m<inf> imu: LSM6DS3TR-C  a   0.112   0.040  10.190  g   0.023  -0.060   0.013[0m
[1;32muart:~$ [m[8D[J[00:03:05.007,000] [0m<inf> imu: LSM6DSV16X   a   0.380   0.115  10.521  g  -0.011   0.002  -0.003[0m
[1;32muart:~$ [m[8D[J[00:03:05.008,000] [0m<inf> imu: ICM-42688-P  a   0.363  -0.062   9.920  g  -0.000  -0.004  -0.000[0m
[1;32muart:~$ [m[8D[J[1;32muart:~$ [m[8D[J[00:03:05.059,000] [0m<inf> imu: LSM6DS3TR-C  a   0.106   0.042  10.220  g   0.022  -0.060   0.014[0m
[1;32muart:~$ [m[8D[J[00:03:05.059,000] [0m<inf> imu: LSM6DSV16X   a   0.385   0.118  10.515  g  -0.012   0.002  -0.002[0m
[1;32muart:~$ [m[8D[J[00:03:05.060,000] [0m<inf> imu: ICM-42688-P  a   0.354  -0.066   9.920  g  -0.000  -0.005   0.000[0m
[1;32muart:~$ [m[8D[J[1;32muart:~$ [m[8D[J[00:03:05.111,000] [0m<inf> imu: LSM6DS3TR-C  a   0.120   0.005  10.162  g   0.023  -0.061   0.014[0m
[1;32muart:~$ [m[8D[J[00:03:05.112,000] [0m<inf> imu: LSM6DSV16X   a   0.379   0.115  10.519  g  -0.011   0.003  -0.003[0m
[1;32muart:~$ [m[8D[J[1;32muart:~$ [m[8D[J[00:03:05.112,000] [0m<inf> imu: ICM-42688-P  a   0.357  -0.069   9.935  g   0.000  -0.005   0.001[0m
[1;32muart:~$ [m[8D[J[00:03:05.163,000] [0m<inf> imu: LSM6DS3TR-C  a   0.112   0.025  10.191  g   0.024  -0.061   0.015[0m
[1;32muart:~$ [m[8D[J[00:03:05.164,000] [0m<inf> imu: LSM6DSV16X   a   0.376   0.112  10.512  g  -0.012   0.003  -0.002[0m
[1;32muart:~$ [m[8D[J[00:03:05.165,000] [0m<inf> imu: ICM-42688-P  a   0.342  -0.059   9.924  g  -0.000  -0.004   0.001[0m
[1;32muart:~$ [m[8D[J[1;32muart:~$ [m[8D[J[00:03:05.216,000] [0m<inf> imu: LSM6DS3TR-C  a   0.081   0.025  10.161  g   0.024  -0.062   0.014[0m
[1;32muart:~$ [m[8D[J[00:03:05.216,000] [0m<inf> imu: LSM6DSV16X   a   0.378   0.117  10.512  g  -0.012   0.002  -0.003[0m
[1;32muart:~$ [m[8D[J[1;32muart:~$ [m[8D[J[00:03:05.217,000] [0m<inf> imu: ICM-42688-P  a   0.358  -0.069   9.914  g   0.000  -0.005   0.000[0m
[1;32muart:~$ [m[8D[J[00:03:05.268,000] [0m<inf> imu: LSM6DS3TR-C  a   0.120   0.007  10.226  g   0.024  -0.060   0.016[0m
[1;32muart:~$ [m[8D[J[00:03:05.268,000] [0m<inf> imu: LSM6DSV16X   a   0.379   0.120  10.526  g  -0.012   0.002  -0.002[0m
[1;32muart:~$ [m[8D[J[00:03:05.269,000] [0m<inf> imu: ICM-42688-P  a   0.362  -0.056   9.938  g  -0.000  -0.005   0.001[0m
[1;32muart:~$ [m[8D[J[1;32muart:~$ [m[8D[J[00:03:05.321,000] [0m<inf> imu: LSM6DS3TR-C  a   0.112   0.022  10.162  g   0.024  -0.061   0.014[0m
[1;32muart:~$ [m[8D[J[00:03:05.322,000] [0m<inf> imu: LSM6DSV16X   a   0.380   0.117  10.521  g  -0.012   0.002  -0.002[0m
[1;32muart:~$ [m[8D[J[1;32muart:~$ [m[8D[J[00:03:05.323,000] [0m<inf> imu: ICM-42688-P  a   0.354  -0.062   9.916  g  -0.001  -0.005   0.000[0m
[1;32muart:~$ [m[8D[J[00:03:05.374,000] [0m<inf> imu: LSM6DS3TR-C  a   0.105   0.030  10.190  g   0.023  -0.062   0.015[0m
[1;32muart:~$ [m[8D[J[00:03:05.375,000] [0m<inf> imu: LSM6DSV16X   a   0.380   0.115  10.509  g  -0.012   0.002  -0.002[0m
[1;32muart:~$ [m[8D[J[00:03:05.375,000] [0m<inf> imu: ICM-42688-P  a   0.351  -0.066   9.931  g   0.000  -0.004   0.000[0m
[1;32muart:~$ [m[8D[J[1;32muart:~$ [m[8D[J[00:03:05.426,000] [0m<inf> imu: LSM6DS3TR-C  a   0.078   0.011  10.219  g   0.023  -0.060   0.014[0m
[1;32muart:~$ [m[8D[J[00:03:05.427,000] [0m<inf> imu: LSM6DSV16X   a   0.381   0.113  10.512  g  -0.011   0.002  -0.003[0m
[1;32muart:~$ [m[8D[J[1;32muart:~$ [m[8D[J[00:03:05.427,000] [0m<inf> imu: ICM-42688-P  a   0.353  -0.057   9.923  g   0.000  -0.004  -0.000[0m
[1;32muart:~$ [m[8D[J[00:03:05.479,000] [0m<inf> imu: LSM6DS3TR-C  a   0.098   0.027  10.196  g   0.024  -0.060   0.015[0m
[1;32muart:~$ [m[8D[J[00:03:05.479,000] [0m<inf> imu: LSM6DSV16X   a   0.383   0.120  10.510  g  -0.013   0.002  -0.003[0m
[1;32muart:~$ [m[8D[J[1;32muart:~$ [m[8D[J[00:03:05.480,000] [0m<inf> imu: ICM-42688-P  a   0.347  -0.066   9.935  g  -0.000  -0.005  -0.000[0m
[1;32muart:~$ [m[8D[J[00:03:05.531,000] [0m<inf> imu: LSM6DS3TR-C  a   0.098   0.047  10.181  g   0.024  -0.060   0.014[0m
[1;32muart:~$ [m[8D[J[00:03:05.533,000] [0m<inf> imu: LSM6DSV16X   a   0.376   0.117  10.516  g  -0.012   0.001  -0.002[0m
[1;32muart:~$ [m[8D[J[1;32muart:~$ [m[8D[J[00:03:05.533,000] [0m<inf> imu: ICM-42688-P  a   0.350  -0.056   9.928  g   0.000  -0.005   0.000[0m
[1;32muart:~$ [m[8D[J[00:03:05.585,000] [0m<inf> imu: LSM6DS3TR-C  a   0.113  -0.008  10.187  g   0.024  -0.061   0.014[0m
[1;32muart:~$ [m[8D[J[00:03:05.585,000] [0m<inf> imu: LSM6DSV16X   a   0.373   0.115  10.519  g  -0.011   0.002  -0.003[0m
[1;32muart:~$ [m[8D[J[1;32muart:~$ [m[8D[J[00:03:05.586,000] [0m<inf> imu: ICM-42688-P  a   0.353  -0.056   9.925  g   0.001  -0.005  -0.000[0m
[1;32muart:~$ [m[8D[J[00:03:05.637,000] [0m<inf> imu: LSM6DS3TR-C  a   0.062   0.042  10.193  g   0.023  -0.061   0.013[0m
[1;32muart:~$ [m[8D[J[00:03:05.638,000] [0m<inf> imu: LSM6DSV16X   a   0.371   0.119  10.512  g  -0.011   0.002  -0.002[0m
[1;32muart:~$ [m[8D[J[1;32muart:~$ [m[8D[J[00:03:05.638,000] [0m<inf> imu: ICM-42688-P  a   0.342  -0.057   9.919  g   0.000  -0.005  -0.000[0m
[1;32muart:~$ [m[8D[J[00:03:05.690,000] [0m<inf> imu: LSM6DS3TR-C  a   0.083   0.005  10.210  g   0.023  -0.059   0.014[0m
[1;32muart:~$ [m[8D[J[00:03:05.691,000] [0m<inf> imu: LSM6DSV16X   a   0.376   0.115  10.517  g  -0.011   0.002  -0.003[0m
[1;32muart:~$ [m[8D[J[1;32muart:~$ [m[8D[J[00:03:05.692,000] [0m<inf> imu: ICM-42688-P  a   0.347  -0.069   9.922  g   0.000  -0.005  -0.000[0m
[1;32muart:~$ [m[8D[J[00:03:05.743,000] [0m<inf> imu: LSM6DS3TR-C  a   0.105   0.071  10.207  g   0.022  -0.061   0.012[0m
[1;32muart:~$ [m[8D[J[00:03:05.744,000] [0m<inf> imu: LSM6DSV16X   a   0.376   0.118  10.519  g  -0.011   0.002  -0.003[0m
[1;32muart:~$ [m[8D[J[1;32muart:~$ [m[8D[J[00:03:05.744,000] [0m<inf> imu: ICM-42688-P  a   0.360  -0.065   9.922  g  -0.000  -0.005  -0.000[0m
[1;32muart:~$ [m[8D[J[00:03:05.795,000] [0m<inf> imu: LSM6DS3TR-C  a   0.106   0.023  10.168  g   0.023  -0.062   0.013[0m
[1;32muart:~$ [m[8D[J[00:03:05.797,000] [0m<inf> imu: LSM6DSV16X   a   0.376   0.118  10.516  g  -0.012   0.002  -0.002[0m
[1;32muart:~$ [m[8D[J[00:03:05.797,000] [0m<inf> imu: ICM-42688-P  a   0.352  -0.067   9.934  g  -0.000  -0.006  -0.000[0m
[1;32muart:~$ [m[8D[J[1;32muart:~$ [m[8D[J[00:03:05.849,000] [0m<inf> imu: LSM6DS3TR-C  a   0.101   0.016  10.208  g   0.024  -0.061   0.015[0m
[1;32muart:~$ [m[8D[J[00:03:05.849,000] [0m<inf> imu: LSM6DSV16X   a   0.380   0.120  10.516  g  -0.012   0.003  -0.003[0m
[1;32muart:~$ [m[8D[J[1;32muart:~$ [m[8D[J[00:03:05.850,000] [0m<inf> imu: ICM-42688-P  a   0.352  -0.065   9.923  g   0.000  -0.005   0.000[0m
[1;32muart:~$ [m[8D[J[00:03:05.902,000] [0m<inf> imu: LSM6DS3TR-C  a   0.126   0.029  10.219  g   0.025  -0.060   0.015[0m
[1;32muart:~$ [m[8D[J[00:03:05.903,000] [0m<inf> imu: LSM6DSV16X   a   0.371   0.111  10.514  g  -0.012   0.001  -0.003[0m
[1;32muart:~$ [m[8D[J[1;32muart:~$ [m[8D[J[00:03:05.903,000] [0m<inf> imu: ICM-42688-P  a   0.358  -0.059   9.922  g   0.000  -0.004  -0.001[0m
[1;32muart:~$ [m[8D[J[00:03:05.954,000] [0m<inf> imu: LSM6DS3TR-C  a   0.069  -0.001  10.165  g   0.023  -0.061   0.015[0m
[1;32muart:~$ [m[8D[J[00:03:05.955,000] [0m<inf> imu: LSM6DSV16X   a   0.371   0.115  10.516  g  -0.011   0.002  -0.003[0m
[1;32muart:~$ [m[8D[J[1;32muart:~$ [m[8D[J[00:03:05.956,000] [0m<inf> imu: ICM-42688-P  a   0.360  -0.060   9.923  g   0.000  -0.004  -0.001[0m
[1;32muart:~$ [m[8D[J[00:03:06.007,000] [0m<inf> imu: LSM6DS3TR-C  a   0.121   0.016  10.187  g   0.024  -0.063   0.013[0m
[1;32muart:~$ [m[8D[J[1;32muart:~$ [m[8D[J[00:03:06.007,000] [0m<inf> imu: LSM6DSV16X   a   0.380   0.115  10.516  g  -0.012   0.002  -0.002[0m
[1;32muart:~$ [m[8D[J[00:03:06.008,000] [0m<inf> imu: ICM-42688-P  a   0.356  -0.060   9.918  g   0.000  -0.005   0.000[0m
[1;32muart:~$ [m[8D[J[00:03:06.059,000] [0m<inf> imu: LSM6DS3TR-C  a   0.099   0.011  10.195  g   0.024  -0.062   0.013[0m
[1;32muart:~$ [m[8D[J[00:03:06.060,000] [0m<inf> imu: LSM6DSV16X   a   0.376   0.115  10.521  g  -0.012   0.002  -0.002[0m
[1;32muart:~$ [m[8D[J[1;32muart:~$ [m[8D[J[00:03:06.060,000] [0m<inf> imu: ICM-42688-P  a   0.348  -0.066   9.923  g   0.000  -0.004   0.000[0m
[1;32muart:~$ [m[8D[J[00:03:06.111,000] [0m<inf> imu: LSM6DS3TR-C  a   0.114   0.045  10.253  g   0.024  -0.061   0.015[0m
[1;32muart:~$ [m[8D[J[1;32muart:~$ [m[8D[J[00:03:06.112,000] [0m<inf> imu: LSM6DSV16X   a   0.376   0.118  10.524  g  -0.012   0.002  -0.003[0m
[1;32muart:~$ [m[8D[J[00:03:06.112,000] [0m<inf> imu: ICM-42688-P  a   0.354  -0.065   9.920  g  -0.001  -0.005   0.000[0m
[1;32muart:~$ [m[8D[J[00:03:06.163,000] [0m<inf> imu: LSM6DS3TR-C  a   0.087   0.028  10.189  g   0.023  -0.061   0.015[0m
[1;32muart:~$ [m[8D[J[00:03:06.164,000] [0m<inf> imu: LSM6DSV16X   a   0.387   0.112  10.516  g  -0.012   0.002  -0.003[0m
[1;32muart:~$ [m[8D[J[1;32muart:~$ [m[8D[J[00:03:06.165,000] [0m<inf> imu: ICM-42688-P  a   0.351  -0.065   9.928  g   0.000  -0.006   0.000[0m
[1;32muart:~$ [m[8D[J[00:03:06.216,000] [0m<inf> imu: LSM6DS3TR-C  a   0.087   0.038  10.154  g   0.023  -0.061   0.015[0m
[1;32muart:~$ [m[8D[J[1;32muart:~$ [m[8D[J[00:03:06.216,000] [0m<inf> imu: LSM6DSV16X   a   0.376   0.117  10.512  g  -0.012   0.001  -0.002[0m
[1;32muart:~$ [m[8D[J[00:03:06.217,000] [0m<inf> imu: ICM-42688-P  a   0.351  -0.062   9.928  g   0.000  -0.005   0.000[0m
[1;32muart:~$ [m[8D[J[00:03:06.268,000] [0m<inf> imu: LSM6DS3TR-C  a   0.097   0.003  10.186  g   0.024  -0.062   0.012[0m
[1;32muart:~$ [m[8D[J[00:03:06.268,000] [0m<inf> imu: LSM6DSV16X   a   0.378   0.114  10.528  g  -0.011   0.003  -0.003[0m
[1;32muart:~$ [m[8D[J[1;32muart:~$ [m[8D[J[00:03:06.269,000] [0m<inf> imu: ICM-42688-P  a   0.353  -0.063   9.922  g   0.000  -0.005  -0.000[0m
[1;32muart:~$ [m[8D[J[00:03:06.320,000] [0m<inf> imu: LSM6DS3TR-C  a   0.124   0.012  10.198  g   0.024  -0.061   0.015[0m
[1;32muart:~$ [m[8D[J[1;32muart:~$ [m[8D[J[00:03:06.322,000] [0m<inf> imu: LSM6DSV16X   a   0.376   0.115  10.521  g  -0.012   0.002  -0.003[0m
[1;32muart:~$ [m[8D[J[00:03:06.322,000] [0m<inf> imu: ICM-42688-P  a   0.353  -0.065   9.930  g   0.000  -0.005   0.000[0m
[1;32muart:~$ [m[8D[J[00:03:06.373,000] [0m<inf> imu: LSM6DS3TR-C  a   0.089  -0.002  10.198  g   0.025  -0.061   0.014[0m
[1;32muart:~$ [m[8D[J[1;32muart:~$ [m[8D[J[00:03:06.374,000] [0m<inf> imu: LSM6DSV16X   a   0.376   0.115  10.511  g  -0.012   0.002  -0.002[0m
[1;32muart:~$ [m[8D[J[00:03:06.375,000] [0m<inf> imu: ICM-42688-P  a   0.342  -0.066   9.918  g  -0.001  -0.006  -0.000[0m
[1;32muart:~$ [m[8D[J[00:03:06.426,000] [0m<inf> imu: LSM6DS3TR-C  a   0.106  -0.006  10.198  g   0.024  -0.061   0.015[0m
[1;32muart:~$ [m[8D[J[1;32muart:~$ [m[8D[J[00:03:06.426,000] [0m<inf> imu: LSM6DSV16X   a   0.375   0.114  10.511  g  -0.011   0.002  -0.002[0m
[1;32muart:~$ [m[8D[J[00:03:06.427,000] [0m<inf> imu: ICM-42688-P  a   0.353  -0.062   9.926  g   0.000  -0.005   0.001[0m
[1;32muart:~$ [m[8D[J[00:03:06.478,000] [0m<inf> imu: LSM6DS3TR-C  a   0.068   0.045  10.186  g   0.022  -0.061   0.015[0m
[1;32muart:~$ [m[8D[J[1;32muart:~$ [m[8D[J[00:03:06.479,000] [0m<inf> imu: LSM6DSV16X   a   0.374   0.110  10.514  g  -0.011   0.002  -0.003[0m
[1;32muart:~$ [m[8D[J[00:03:06.479,000] [0m<inf> imu: ICM-42688-P  a   0.357  -0.067   9.918  g  -0.000  -0.005   0.001[0m
[1;32muart:~$ [m[8D[J[00:03:06.530,000] [0m<inf> imu: LSM6DS3TR-C  a   0.103   0.016  10.174  g   0.023  -0.061   0.014[0m
[1;32muart:~$ [m[8D[J[1;32muart:~$ [m[8D[J[00:03:06.531,000] [0m<inf> imu: LSM6DSV16X   a   0.378   0.112  10.523  g  -0.012   0.002  -0.002[0m
[1;32muart:~$ [m[8D[J[00:03:06.531,000] [0m<inf> imu: ICM-42688-P  a   0.350  -0.073   9.936  g   0.000  -0.005   0.000[0m
[1;32muart:~$ [m[8D[J[00:03:06.583,000] [0m<inf> imu: LSM6DS3TR-C  a   0.111   0.034  10.171  g   0.024  -0.060   0.014[0m
[1;32muart:~$ [m[8D[J[1;32muart:~$ [m[8D[J[00:03:06.584,000] [0m<inf> imu: LSM6DSV16X   a   0.385   0.115  10.517  g  -0.012   0.002  -0.003[0m
[1;32muart:~$ [m[8D[J[00:03:06.585,000] [0m<inf> imu: ICM-42688-P  a   0.354  -0.063   9.917  g  -0.001  -0.005   0.001[0m
[1;32muart:~$ [m[8D[J[00:03:06.636,000] [0m<inf> imu: LSM6DS3TR-C  a   0.066   0.003  10.167  g   0.023  -0.061   0.014[0m
[1;32muart:~$ [m[8D[J[1;32muart:~$ [m[8D[J[00:03:06.637,000] [0m<inf> imu: LSM6DSV16X   a   0.380   0.115  10.517  g  -0.013   0.002  -0.002[0m
[1;32muart:~$ [m[8D[J[00:03:06.637,000] [0m<inf> imu: ICM-42688-P  a   0.350  -0.062   9.918  g  -0.001  -0.006   0.000[0m
[1;32muart:~$ [m[8D[J[00:03:06.689,000] [0m<inf> imu: LSM6DS3TR-C  a   0.103   0.016  10.182  g   0.023  -0.062   0.011[0m
[1;32muart:~$ [m[8D[J[1;32muart:~$ [m[8D[J[00:03:06.690,000] [0m<inf> imu: LSM6DSV16X   a   0.383   0.114  10.514  g  -0.012   0.002  -0.003[0m
[1;32muart:~$ [m[8D[J[00:03:06.691,000] [0m<inf> imu: ICM-42688-P  a   0.360  -0.067   9.925  g  -0.001  -0.005   0.001[0m
[1;32muart:~$ [m[8D[J[00:03:06.742,000] [0m<inf> imu: LSM6DS3TR-C  a   0.088   0.008  10.184  g   0.023  -0.059   0.014[0m
[1;32muart:~$ [m[8D[J[1;32muart:~$ [m[8D[J[00:03:06.743,000] [0m<inf> imu: LSM6DSV16X   a   0.377   0.121  10.527  g  -0.012   0.002  -0.002[0m
[1;32muart:~$ [m[8D[J[00:03:06.743,000] [0m<inf> imu: ICM-42688-P  a   0.351  -0.067   9.912  g   0.000  -0.004   0.001[0m
[1;32muart:~$ [m[8D[J[00:03:06.794,000] [0m<inf> imu: LSM6DS3TR-C  a   0.100  -0.002  10.197  g   0.024  -0.060   0.015[0m
[1;32muart:~$ [m[8D[J[00:03:06.796,000] [0m<inf> imu: LSM6DSV16X   a   0.380   0.117  10.514  g  -0.012   0.002  -0.003[0m
[1;32muart:~$ [m[8D[J[1;32muart:~$ [m[8D[J[00:03:06.797,000] [0m<inf> imu: ICM-42688-P  a   0.353  -0.065   9.926  g   0.000  -0.005  -0.001[0m
[1;32muart:~$ [m[8D[J[00:03:06.848,000] [0m<inf> imu: LSM6DS3TR-C  a   0.094   0.047  10.177  g   0.023  -0.062   0.013[0m
[1;32muart:~$ [m[8D[J[1;32muart:~$ [m[8D[J[00:03:06.848,000] [0m<inf> imu: LSM6DSV16X   a   0.373   0.117  10.515  g  -0.011   0.002  -0.003[0m
[1;32muart:~$ [m[8D[J[00:03:06.849,000] [0m<inf> imu: ICM-42688-P  a   0.354  -0.061   9.923  g  -0.000  -0.004   0.000[0m
[1;32muart:~$ [m[8D[J[1;32muart:~$ [m[8D[J[00:03:06.900,000] [0m<inf> imu: LSM6DS3TR-C  a   0.109   0.016  10.202  g   0.024  -0.061   0.014[0m
[1;32muart:~$ [m[8D[J[00:03:06.901,000] [0m<inf> imu: LSM6DSV16X   a   0.376   0.105  10.519  g  -0.012   0.002  -0.002[0m
[1;32muart:~$ [m[8D[J[00:03:06.901,000] [0m<inf> imu: ICM-42688-P  a   0.353  -0.063   9.926  g   0.000  -0.005  -0.001[0m
[1;32muart:~$ [m[8D[J[00:03:06.952,000] [0m<inf> imu: LSM6DS3TR-C  a   0.084   0.032  10.212  g   0.022  -0.060   0.015[0m
[1;32muart:~$ [m[8D[J[1;32muart:~$ [m[8D[J[00:03:06.953,000] [0m<inf> imu: LSM6DSV16X   a   0.382   0.117  10.516  g  -0.011   0.002  -0.003[0m
[1;32muart:~$ [m[8D[J[00:03:06.953,000] [0m<inf> imu: ICM-42688-P  a   0.365  -0.069   9.930  g  -0.001  -0.005  -0.000[0m
[1;32muart:~$ [m[8D[J[1;32muart:~$ [m[8D[J[00:03:07.004,000] [0m<inf> imu: LSM6DS3TR-C  a   0.124  -0.007  10.213  g   0.024  -0.061   0.015[0m
[1;32muart:~$ [m[8D[J[00:03:07.005,000] [0m<inf> imu: LSM6DSV16X   a   0.385   0.120  10.514  g  -0.012   0.003  -0.003[0m
[1;32muart:~$ [m[8D[J[00:03:07.006,000] [0m<inf> imu: ICM-42688-P  a   0.364  -0.051   9.924  g  -0.001  -0.005   0.000[0m
[1;32muart:~$ [m[8D[J[00:03:07.057,000] [0m<inf> imu: LSM6DS3TR-C  a   0.109   0.031  10.196  g   0.025  -0.060   0.016[0m
[1;32muart:~$ [m[8D[J[1;32muart:~$ [m[8D[J[00:03:07.057,000] [0m<inf> imu: LSM6DSV16X   a   0.383   0.115  10.509  g  -0.012   0.002  -0.002[0m
[1;32muart:~$ [m[8D[J[00:03:07.058,000] [0m<inf> imu: ICM-42688-P  a   0.362  -0.067   9.919  g  -0.000  -0.005   0.001[0m
[1;32muart:~$ [m[8D[J[1;32muart:~$ [m[8D[J[00:03:07.109,000] [0m<inf> imu: LSM6DS3TR-C  a   0.100   0.024  10.138  g   0.023  -0.059   0.014[0m
[1;32muart:~$ [m[8D[J[00:03:07.110,000] [0m<inf> imu: LSM6DSV16X   a   0.377   0.120  10.509  g  -0.010   0.002  -0.003[0m
[1;32muart:~$ [m[8D[J[00:03:07.110,000] [0m<inf> imu: ICM-42688-P  a   0.342  -0.053   9.926  g  -0.001  -0.005   0.000[0m
[1;32muart:~$ [m[8D[J[00:03:07.161,000] [0m<inf> imu: LSM6DS3TR-C  a   0.098   0.026  10.182  g   0.024  -0.060   0.014[0m
[1;32muart:~$ [m[8D[J[1;32muart:~$ [m[8D[J[00:03:07.162,000] [0m<inf> imu: LSM6DSV16X   a   0.377   0.119  10.519  g  -0.012   0.002  -0.003[0m
[1;32muart:~$ [m[8D[J[00:03:07.162,000] [0m<inf> imu: ICM-42688-P  a   0.356  -0.060   9.931  g  -0.000  -0.005  -0.000[0m
[1;32muart:~$ [m[8D[J[1;32muart:~$ [m[8D[J[00:03:07.213,000] [0m<inf> imu: LSM6DS3TR-C  a   0.072   0.019  10.174  g   0.024  -0.061   0.014[0m
[1;32muart:~$ [m[8D[J[00:03:07.214,000] [0m<inf> imu: LSM6DSV16X   a   0.379   0.121  10.513  g  -0.012   0.002  -0.002[0m
[1;32muart:~$ [m[8D[J[00:03:07.215,000] [0m<inf> imu: ICM-42688-P  a   0.350  -0.060   9.918  g   0.001  -0.004   0.001[0m
[1;32muart:~$ [m[8D[J[1;32muart:~$ [m[8D[J[00:03:07.266,000] [0m<inf> imu: LSM6DS3TR-C  a   0.072   0.038  10.204  g   0.023  -0.061   0.016[0m
[1;32muart:~$ [m[8D[J[00:03:07.266,000] [0m<inf> imu: LSM6DSV16X   a   0.381   0.120  10.519  g  -0.012   0.002  -0.003[0m
[1;32muart:~$ [m[8D[J[00:03:07.267,000] [0m<inf> imu: ICM-42688-P  a   0.353  -0.061   9.925  g   0.000  -0.005   0.001[0m
[1;32muart:~$ [m[8D[J[1;32muart:~$ [m[8D[J[00:03:07.318,000] [0m<inf> imu: LSM6DS3TR-C  a   0.081  -0.018  10.208  g   0.024  -0.060   0.014[0m
[1;32muart:~$ [m[8D[J[00:03:07.319,000] [0m<inf> imu: LSM6DSV16X   a   0.378   0.111  10.512  g  -0.012   0.003  -0.003[0m
[1;32muart:~$ [m[8D[J[00:03:07.320,000] [0m<inf> imu: ICM-42688-P  a   0.360  -0.075   9.928  g  -0.001  -0.005   0.000[0m
[1;32muart:~$ [m[8D[J[1;32muart:~$ [m[8D[J[00:03:07.372,000] [0m<inf> imu: LSM6DS3TR-C  a   0.104   0.019  10.196  g   0.025  -0.059   0.016[0m
[1;32muart:~$ [m[8D[J[00:03:07.373,000] [0m<inf> imu: LSM6DSV16X   a   0.376   0.115  10.512  g  -0.013   0.002  -0.002[0m
[1;32muart:~$ [m[8D[J[00:03:07.374,000] [0m<inf> imu: ICM-42688-P  a   0.359  -0.055   9.925  g  -0.000  -0.004   0.001[0m
[1;32muart:~$ [m[8D[J[1;32muart:~$ [m[8D[J[00:03:07.425,000] [0m<inf> imu: LSM6DS3TR-C  a   0.072   0.033  10.184  g   0.024  -0.062   0.014[0m
[1;32muart:~$ [m[8D[J[00:03:07.425,000] [0m<inf> imu: LSM6DSV16X   a   0.387   0.112  10.514  g  -0.011   0.002  -0.002[0m
[1;32muart:~$ [m[8D[J[00:03:07.426,000] [0m<inf> imu: ICM-42688-P  a   0.342  -0.066   9.936  g  -0.001  -0.005  -0.000[0m
[1;32muart:~$ [m[8D[J[1;32muart:~$ [m[8D[J[00:03:07.478,000] [0m<inf> imu: LSM6DS3TR-C  a   0.100   0.031  10.199  g   0.023  -0.061   0.013[0m
[1;32muart:~$ [m[8D[J[00:03:07.479,000] [0m<inf> imu: LSM6DSV16X   a   0.380   0.119  10.515  g  -0.012   0.002  -0.003[0m
[1;32muart:~$ [m[8D[J[00:03:07.480,000] [0m<inf> imu: ICM-42688-P  a   0.358  -0.060   9.922  g   0.000  -0.005   0.001[0m
[1;32muart:~$ [m[8D[J[1;32muart:~$ [m[8D[J[00:03:07.531,000] [0m<inf> imu: LSM6DS3TR-C  a   0.083   0.029  10.175  g   0.024  -0.064   0.014[0m
[1;32muart:~$ [m[8D[J[00:03:07.531,000] [0m<inf> imu: LSM6DSV16X   a   0.378   0.122  10.507  g  -0.011   0.002  -0.002[0m
[1;32muart:~$ [m[8D[J[00:03:07.532,000] [0m<inf> imu: ICM-42688-P  a   0.359  -0.056   9.931  g  -0.000  -0.005   0.001[0m
[1;32muart:~$ [m[8D[J[1;32muart:~$ [m[8D[J[00:03:07.583,000] [0m<inf> imu: LSM6DS3TR-C  a   0.077   0.032  10.171  g   0.024  -0.062   0.015[0m
[1;32muart:~$ [m[8D[J[00:03:07.584,000] [0m<inf> imu: LSM6DSV16X   a   0.379   0.115  10.514  g  -0.012   0.001  -0.003[0m
[1;32muart:~$ [m[8D[J[00:03:07.585,000] [0m<inf> imu: ICM-42688-P  a   0.352  -0.059   9.918  g   0.000  -0.005  -0.000[0m
[1;32muart:~$ [m[8D[J[1;32muart:~$ [m[8D[J[00:03:07.636,000] [0m<inf> imu: LSM6DS3TR-C  a   0.114   0.020  10.210  g   0.021  -0.061   0.013[0m
[1;32muart:~$ [m[8D[J[00:03:07.637,000] [0m<inf> imu: LSM6DSV16X   a   0.381   0.115  10.515  g  -0.012   0.003  -0.002[0m
[1;32muart:~$ [m[8D[J[1;32muart:~$ [m[8D[J[00:03:07.637,000] [0m<inf> imu: ICM-42688-P  a   0.358  -0.071   9.919  g   0.001  -0.005   0.000[0m
[1;32muart:~$ [m[8D[J[00:03:07.689,000] [0m<inf> imu: LSM6DS3TR-C  a   0.106   0.050  10.201  g   0.026  -0.061   0.015[0m
[1;32muart:~$ [m[8D[J[00:03:07.690,000] [0m<inf> imu: LSM6DSV16X   a   0.379   0.117  10.519  g  -0.012   0.003  -0.003[0m
[1;32muart:~$ [m[8D[J[00:03:07.691,000] [0m<inf> imu: ICM-42688-P  a   0.346  -0.068   9.914  g   0.000  -0.005   0.000[0m
[1;32muart:~$ [m[8D[J[1;32muart:~$ [m[8D[J[00:03:07.742,000] [0m<inf> imu: LSM6DS3TR-C  a   0.106   0.016  10.185  g   0.024  -0.061   0.013[0m
[1;32muart:~$ [m[8D[J[00:03:07.743,000] [0m<inf> imu: LSM6DSV16X   a   0.376   0.122  10.521  g  -0.011   0.001  -0.002[0m
[1;32muart:~$ [m[8D[J[00:03:07.743,000] [0m<inf> imu: ICM-42688-P  a   0.354  -0.067   9.926  g   0.000  -0.005  -0.000[0m
[1;32muart:~$ [m[8D[J[00:03:07.794,000] [0m<inf> imu: LSM6DS3TR-C  a   0.096   0.002  10.203  g   0.024  -0.060   0.016[0m
[1;32muart:~$ [m[8D[J[1;32muart:~$ [m[8D[J[00:03:07.795,000] [0m<inf> imu: LSM6DSV16X   a   0.378   0.117  10.521  g  -0.011   0.003  -0.002[0m
[1;32muart:~$ [m[8D[J[00:03:07.795,000] [0m<inf> imu: ICM-42688-P  a   0.338  -0.068   9.936  g   0.000  -0.005   0.000[0m
[1;32muart:~$ [m[8D[J[1;32muart:~$ [m[8D[J[00:03:07.846,000] [0m<inf> imu: LSM6DS3TR-C  a   0.102   0.026  10.191  g   0.024  -0.062   0.012[0m
[1;32muart:~$ [m[8D[J[00:03:07.847,000] [0m<inf> imu: LSM6DSV16X   a   0.380   0.115  10.522  g  -0.012   0.002  -0.003[0m
[1;32muart:~$ [m[8D[J[1;32muart:~$ [m[8D[J[00:03:07.848,000] [0m<inf> imu: ICM-42688-P  a   0.353  -0.051   9.932  g   0.001  -0.005   0.000[0m
[1;32muart:~$ [m[8D[J[00:03:07.899,000] [0m<inf> imu: LSM6DS3TR-C  a   0.078   0.005  10.175  g   0.024  -0.061   0.014[0m
[1;32muart:~$ [m[8D[J[00:03:07.899,000] [0m<inf> imu: LSM6DSV16X   a   0.376   0.117  10.514  g  -0.012   0.003  -0.003[0m
[1;32muart:~$ [m[8D[J[00:03:07.900,000] [0m<inf> imu: ICM-42688-P  a   0.345  -0.060   9.929  g   0.000  -0.005   0.000[0m
[1;32muart:~$ [m[8D[J[1;32muart:~$ [m[8D[J[00:03:07.951,000] [0m<inf> imu: LSM6DS3TR-C  a   0.060   0.022  10.189  g   0.024  -0.060   0.014[0m
[1;32muart:~$ [m[8D[J[00:03:07.952,000] [0m<inf> imu: LSM6DSV16X   a   0.378   0.118  10.512  g  -0.012   0.002  -0.002[0m
[1;32muart:~$ [m[8D[J[1;32muart:~$ [m[8D[J[00:03:07.952,000] [0m<inf> imu: ICM-42688-P  a   0.350  -0.053   9.923  g   0.000  -0.004   0.000[0m
[1;32muart:~$ [m[8D[J[00:03:08.003,000] [0m<inf> imu: LSM6DS3TR-C  a   0.077   0.029  10.247  g   0.023  -0.061   0.013[0m
[1;32muart:~$ [m[8D[J[00:03:08.004,000] [0m<inf> imu: LSM6DSV16X   a   0.377   0.117  10.516  g  -0.012   0.002  -0.003[0m
[1;32muart:~$ [m[8D[J[00:03:08.004,000] [0m<inf> imu: ICM-42688-P  a   0.362  -0.061   9.924  g   0.001  -0.005   0.000[0m
[1;32muart:~$ [m[8D[J[1;32muart:~$ [m[8D[J[00:03:08.055,000] [0m<inf> imu: LSM6DS3TR-C  a   0.088  -0.005  10.159  g   0.022  -0.062   0.015[0m
[1;32muart:~$ [m[8D[J[00:03:08.056,000] [0m<inf> imu: LSM6DSV16X   a   0.376   0.114  10.515  g  -0.011   0.002  -0.002[0m
[1;32muart:~$ [m[8D[J[1;32muart:~$ [m[8D[J[00:03:08.057,000] [0m<inf> imu: ICM-42688-P  a   0.347  -0.059   9.931  g   0.001  -0.005   0.000[0m
[1;32muart:~$ [m[8D[J[00:03:08.108,000] [0m<inf> imu: LSM6DS3TR-C  a   0.109   0.026  10.188  g   0.023  -0.063   0.015[0m
[1;32muart:~$ [m[8D[J[00:03:08.108,000] [0m<inf> imu: LSM6DSV16X   a   0.378   0.122  10.516  g  -0.012   0.003  -0.002[0m
[1;32muart:~$ [m[8D[J[1;32muart:~$ [m[8D[J[00:03:08.109,000] [0m<inf> imu: ICM-42688-P  a   0.351  -0.062   9.917  g  -0.000  -0.004   0.000[0m
[1;32muart:~$ [m[8D[J[00:03:08.160,000] [0m<inf> imu: LSM6DS3TR-C  a   0.104   0.036  10.170  g   0.023  -0.060   0.015[0m
[1;32muart:~$ [m[8D[J[00:03:08.161,000] [0m<inf> imu: LSM6DSV16X   a   0.381   0.121  10.528  g  -0.012   0.002  -0.003[0m
[1;32muart:~$ [m[8D[J[1;32muart:~$ [m[8D[J[00:03:08.161,000] [0m<inf> imu: ICM-42688-P  a   0.351  -0.062   9.929  g  -0.000  -0.005   0.000[0m
[1;32muart:~$ [m[8D[J[00:03:08.212,000] [0m<inf> imu: LSM6DS3TR-C  a   0.097   0.004  10.152  g   0.024  -0.060   0.016[0m
[1;32muart:~$ [m[8D[J[00:03:08.213,000] [0m<inf> imu: LSM6DSV16X   a   0.373   0.117  10.514  g  -0.012   0.002  -0.002[0m
[1;32muart:~$ [m[8D[J[1;32muart:~$ [m[8D[J[00:03:08.213,000] [0m<inf> imu: ICM-42688-P  a   0.345  -0.061   9.918  g   0.000  -0.005   0.000[0m
[1;32muart:~$ [m[8D[J[00:03:08.266,000] [0m<inf> imu: LSM6DS3TR-C  a   0.077   0.010  10.205  g   0.023  -0.060   0.016[0m
[1;32muart:~$ [m[8D[J[00:03:08.267,000] [0m<inf> imu: LSM6DSV16X   a   0.380   0.121  10.521  g  -0.012   0.002  -0.002[0m
[1;32muart:~$ [m[8D[J[1;32muart:~$ [m[8D[J[00:03:08.268,000] [0m<inf> imu: ICM-42688-P  a   0.354  -0.061   9.929  g   0.000  -0.005   0.001[0m
[1;32muart:~$ [m[8D[J[00:03:08.319,000] [0m<inf> imu: LSM6DS3TR-C  a   0.082   0.008  10.152  g   0.023  -0.060   0.015[0m
[1;32muart:~$ [m[8D[J[00:03:08.320,000] [0m<inf> imu: LSM6DSV16X   a   0.376   0.115  10.516  g  -0.012   0.003  -0.002[0m
[1;32muart:~$ [m[8D[J[1;32muart:~$ [m[8D[J[00:03:08.320,000] [0m<inf> imu: ICM-42688-P  a   0.353  -0.073   9.916  g  -0.001  -0.005  -0.000[0m
[1;32muart:~$ [m[8D[J[00:03:08.372,000] [0m<inf> imu: LSM6DS3TR-C  a   0.097   0.039  10.177  g   0.023  -0.062   0.015[0m
[1;32muart:~$ [m[8D[J[00:03:08.372,000] [0m<inf> imu: LSM6DSV16X   a   0.379   0.117  10.521  g  -0.012   0.002  -0.002[0m
[1;32muart:~$ [m[8D[J[1;32muart:~$ [m[8D[J[00:03:08.373,000] [0m<inf> imu: ICM-42688-P  a   0.352  -0.065   9.913  g   0.000  -0.005   0.000[0m
[1;32muart:~$ [m[8D[J[00:03:08.424,000] [0m<inf> imu: LSM6DS3TR-C  a   0.095   0.014  10.152  g   0.025  -0.061   0.014[0m
[1;32muart:~$ [m[8D[J[00:03:08.425,000] [0m<inf> imu: LSM6DSV16X   a   0.376   0.113  10.516  g  -0.012   0.001  -0.002[0m
[1;32muart:~$ [m[8D[J[1;32muart:~$ [m[8D[J[00:03:08.425,000] [0m<inf> imu: ICM-42688-P  a   0.362  -0.065   9.926  g   0.000  -0.005   0.001[0m
[1;32muart:~$ [m[8D[J[00:03:08.476,000] [0m<inf> imu: LSM6DS3TR-C  a   0.103   0.026  10.191  g   0.024  -0.061   0.013[0m
[1;32muart:~$ [m[8D[J[00:03:08.478,000] [0m<inf> imu: LSM6DSV16X   a   0.380   0.115  10.513  g  -0.013   0.002  -0.003[0m
[1;32muart:~$ [m[8D[J[1;32muart:~$ [m[8D[J[00:03:08.478,000] [0m<inf> imu: ICM-42688-P  a   0.356  -0.065   9.918  g   0.000  -0.005  -0.001[0m
[1;32muart:~$ [m[8D[J[00:03:08.530,000] [0m<inf> imu: LSM6DS3TR-C  a   0.087   0.011  10.168  g   0.023  -0.059   0.013[0m
[1;32muart:~$ [m[8D[J[00:03:08.530,000] [0m<inf> imu: LSM6DSV16X   a   0.376   0.114  10.516  g  -0.011   0.002  -0.003[0m
[1;32muart:~$ [m[8D[J[1;32muart:~$ [m[8D[J[00:03:08.531,000] [0m<inf> imu: ICM-42688-P  a   0.359  -0.049   9.918  g   0.000  -0.005   0.000[0m
[1;32muart:~$ [m[8D[J[00:03:08.583,000] [0m<inf> imu: LSM6DS3TR-C  a   0.090   0.008  10.196  g   0.024  -0.060   0.015[0m
[1;32muart:~$ [m[8D[J[00:03:08.584,000] [0m<inf> imu: LSM6DSV16X   a   0.383   0.112  10.509  g  -0.012   0.001  -0.003[0m
[1;32muart:~$ [m[8D[J[1;32muart:~$ [m[8D[J[00:03:08.585,000] [0m<inf> imu: ICM-42688-P  a   0.358  -0.062   9.926  g   0.000  -0.005   0.000[0m
[1;32muart:~$ [m[8D[J[00:03:08.636,000] [0m<inf> imu: LSM6DS3TR-C  a   0.091   0.028  10.201  g   0.023  -0.062   0.014[0m
[1;32muart:~$ [m[8D[J[00:03:08.636,000] [0m<inf> imu: LSM6DSV16X   a   0.377   0.117  10.512  g  -0.012   0.002  -0.003[0m
[1;32muart:~$ [m[8D[J[1;32muart:~$ [m[8D[J[00:03:08.637,000] [0m<inf> imu: ICM-42688-P  a   0.356  -0.060   9.911  g   0.000  -0.004  -0.000[0m
[1;32muart:~$ [m[8D[J[00:03:08.688,000] [0m<inf> imu: LSM6DS3TR-C  a   0.077   0.018  10.177  g   0.023  -0.061   0.014[0m
[1;32muart:~$ [m[8D[J[00:03:08.689,000] [0m<inf> imu: LSM6DSV16X   a   0.373   0.117  10.521  g  -0.012   0.002  -0.003[0m
[1;32muart:~$ [m[8D[J[1;32muart:~$ [m[8D[J[00:03:08.689,000] [0m<inf> imu: ICM-42688-P  a   0.350  -0.060   9.924  g   0.000  -0.005   0.000[0m
[1;32muart:~$ [m[8D[J[00:03:08.740,000] [0m<inf> imu: LSM6DS3TR-C  a   0.111   0.012  10.186  g   0.023  -0.062   0.014[0m
[1;32muart:~$ [m[8D[J[00:03:08.741,000] [0m<inf> imu: LSM6DSV16X   a   0.376   0.113  10.525  g  -0.011   0.003  -0.002[0m
[1;32muart:~$ [m[8D[J[00:03:08.741,000] [0m<inf> imu: ICM-42688-P  a   0.359  -0.063   9.928  g  -0.000  -0.006  -0.001[0m
[1;32muart:~$ [m[8D[J[1;32muart:~$ [m[8D[J[00:03:08.792,000] [0m<inf> imu: LSM6DS3TR-C  a   0.114   0.024  10.187  g   0.024  -0.062   0.016[0m
[1;32muart:~$ [m[8D[J[00:03:08.793,000] [0m<inf> imu: LSM6DSV16X   a   0.380   0.115  10.515  g  -0.012   0.003  -0.003[0m
[1;32muart:~$ [m[8D[J[1;32muart:~$ [m[8D[J[00:03:08.794,000] [0m<inf> imu: ICM-42688-P  a   0.359  -0.056   9.928  g  -0.000  -0.005   0.000[0m
[1;32muart:~$ [m[8D[J[00:03:08.845,000] [0m<inf> imu: LSM6DS3TR-C  a   0.105   0.026  10.200  g   0.024  -0.060   0.013[0m
[1;32muart:~$ [m[8D[J[00:03:08.845,000] [0m<inf> imu: LSM6DSV16X   a   0.377   0.115  10.519  g  -0.011   0.002  -0.003[0m
[1;32muart:~$ [m[8D[J[1;32muart:~$ [m[8D[J[00:03:08.846,000] [0m<inf> imu: ICM-42688-P  a   0.348  -0.060   9.930  g   0.000  -0.004   0.000[0m
[1;32muart:~$ [m[8D[J[00:03:08.897,000] [0m<inf> imu: LSM6DS3TR-C  a   0.117   0.007  10.156  g   0.025  -0.060   0.016[0m
[1;32muart:~$ [m[8D[J[1;32muart:~$ [m[8D[J[00:03:08.898,000] [0m<inf> imu: LSM6DSV16X   a   0.380   0.114  10.510  g  -0.011   0.001  -0.003[0m
[1;32muart:~$ [m[8D[J[00:03:08.898,000] [0m<inf> imu: ICM-42688-P  a   0.350  -0.060   9.932  g  -0.000  -0.005   0.001[0m
[1;32muart:~$ [m[8D[J[00:03:08.949,000] [0m<inf> imu: LSM6DS3TR-C  a   0.107  -0.014  10.164  g   0.024  -0.060   0.016[0m
[1;32muart:~$ [m[8D[J[00:03:08.950,000] [0m<inf> imu: LSM6DSV16X   a   0.383   0.112  10.519  g  -0.012   0.003  -0.003[0m
[1;32muart:~$ [m[8D[J[1;32muart:~$ [m[8D[J[00:03:08.951,000] [0m<inf> imu: ICM-42688-P  a   0.351  -0.065   9.923  g   0.000  -0.005   0.000[0m
[1;32muart:~$ [m[8D[J[00:03:09.002,000] [0m<inf> imu: LSM6DS3TR-C  a   0.104   0.014  10.176  g   0.024  -0.061   0.016[0m
[1;32muart:~$ [m[8D[J[1;32muart:~$ [m[8D[J[00:03:09.002,000] [0m<inf> imu: LSM6DSV16X   a   0.378   0.111  10.521  g  -0.012   0.002  -0.003[0m
[1;32muart:~$ [m[8D[J[00:03:09.003,000] [0m<inf> imu: ICM-42688-P  a   0.363  -0.061   9.935  g   0.000  -0.005   0.000[0m
[1;32muart:~$ [m[8D[J[00:03:09.054,000] [0m<inf> imu: LSM6DS3TR-C  a   0.088   0.041  10.220  g   0.022  -0.060   0.015[0m
[1;32muart:~$ [m[8D[J[1;32muart:~$ [m[8D[J[00:03:09.055,000] [0m<inf> imu: LSM6DSV16X   a   0.378   0.115  10.521  g  -0.011   0.002  -0.002[0m
[1;32muart:~$ [m[8D[J[00:03:09.055,000] [0m<inf> imu: ICM-42688-P  a   0.359  -0.065   9.913  g   0.001  -0.005   0.000[0m
[1;32muart:~$ [m[8D[J[00:03:09.106,000] [0m<inf> imu: LSM6DS3TR-C  a   0.085   0.019  10.200  g   0.024  -0.061   0.015[0m
[1;32muart:~$ [m[8D[J[1;32muart:~$ [m[8D[J[00:03:09.107,000] [0m<inf> imu: LSM6DSV16X   a   0.375   0.113  10.519  g  -0.012   0.002  -0.003[0m
[1;32muart:~$ [m[8D[J[00:03:09.107,000] [0m<inf> imu: ICM-42688-P  a   0.356  -0.061   9.924  g   0.000  -0.005   0.000[0m
[1;32muart:~$ [m[8D[J[00:03:09.158,000] [0m<inf> imu: LSM6DS3TR-C  a   0.092   0.036  10.191  g   0.024  -0.060   0.016[0m
[1;32muart:~$ [m[8D[J[1;32muart:~$ [m[8D[J[00:03:09.159,000] [0m<inf> imu: LSM6DSV16X   a   0.378   0.121  10.507  g  -0.011   0.002  -0.003[0m
[1;32muart:~$ [m[8D[J[00:03:09.160,000] [0m<inf> imu: ICM-42688-P  a   0.354  -0.069   9.923  g   0.001  -0.005  -0.001[0m
[1;32muart:~$ [m[8D[J[00:03:09.211,000] [0m<inf> imu: LSM6DS3TR-C  a   0.078   0.014  10.188  g   0.023  -0.061   0.013[0m
[1;32muart:~$ [m[8D[J[1;32muart:~$ [m[8D[J[00:03:09.211,000] [0m<inf> imu: LSM6DSV16X   a   0.383   0.115  10.512  g  -0.012   0.003  -0.002[0m
[1;32muart:~$ [m[8D[J[00:03:09.212,000] [0m<inf> imu: ICM-42688-P  a   0.365  -0.061   9.914  g   0.000  -0.005   0.000[0m
[1;32muart:~$ [m[8D[J[00:03:09.263,000] [0m<inf> imu: LSM6DS3TR-C  a   0.126   0.026  10.183  g   0.024  -0.061   0.014[0m
[1;32muart:~$ [m[8D[J[1;32muart:~$ [m[8D[J[00:03:09.263,000] [0m<inf> imu: LSM6DSV16X   a   0.377   0.120  10.512  g  -0.011   0.002  -0.002[0m
[1;32muart:~$ [m[8D[J[00:03:09.264,000] [0m<inf> imu: ICM-42688-P  a   0.358  -0.065   9.935  g   0.000  -0.005   0.001[0m
[1;32muart:~$ [m[8D[J[00:03:09.316,000] [0m<inf> imu: LSM6DS3TR-C  a   0.117   0.025  10.223  g   0.023  -0.061   0.015[0m
[1;32muart:~$ [m[8D[J[1;32muart:~$ [m[8D[J[00:03:09.317,000] [0m<inf> imu: LSM6DSV16X   a   0.380   0.120  10.519  g  -0.012   0.002  -0.003[0m
[1;32muart:~$ [m[8D[J[00:03:09.317,000] [0m<inf> imu: ICM-42688-P  a   0.352  -0.055   9.920  g  -0.000  -0.004  -0.001[0m
[1;32muart:~$ [m[8D[J[00:03:09.369,000] [0m<inf> imu: LSM6DS3TR-C  a   0.118   0.036  10.155  g   0.022  -0.061   0.015[0m
[1;32muart:~$ [m[8D[J[1;32muart:~$ [m[8D[J[00:03:09.371,000] [0m<inf> imu: LSM6DSV16X   a   0.378   0.110  10.516  g  -0.011   0.002  -0.003[0m
[1;32muart:~$ [m[8D[J[00:03:09.372,000] [0m<inf> imu: ICM-42688-P  a   0.353  -0.069   9.918  g   0.000  -0.005   0.000[0m
[1;32muart:~$ [m[8D[J[1;32muart:~$ [m[8D[J[00:03:09.423,000] [0m<inf> imu: LSM6DS3TR-C  a   0.098   0.035  10.220  g   0.025  -0.061   0.015[0m
[1;32muart:~$ [m[8D[J[00:03:09.423,000] [0m<inf> imu: LSM6DSV16X   a   0.376   0.122  10.514  g  -0.011   0.001  -0.003[0m
[1;32muart:~$ [m[8D[J[00:03:09.424,000] [0m<inf> imu: ICM-42688-P  a   0.357  -0.073   9.920  g   0.000  -0.005   0.000[0m
[1;32muart:~$ [m[8D[J[00:03:09.475,000] [0m<inf> imu: LSM6DS3TR-C  a   0.115   0.030  10.190  g   0.024  -0.060   0.014[0m
[1;32muart:~$ [m[8D[J[1;32muart:~$ [m[8D[J[00:03:09.476,000] [0m<inf> imu: LSM6DSV16X   a   0.383   0.115  10.524  g  -0.011   0.002  -0.003[0m
[1;32muart:~$ [m[8D[J[00:03:09.476,000] [0m<inf> imu: ICM-42688-P  a   0.362  -0.069   9.914  g   0.001  -0.005  -0.000[0m
[1;32muart:~$ [m[8D[J[1;32muart:~$ [m[8D[J[00:03:09.528,000] [0m<inf> imu: LSM6DS3TR-C  a   0.102   0.031  10.164  g   0.023  -0.061   0.014[0m
[1;32muart:~$ [m[8D[J[00:03:09.529,000] [0m<inf> imu: LSM6DSV16X   a   0.375   0.115  10.516  g  -0.011   0.002  -0.003[0m
[1;32muart:~$ [m[8D[J[00:03:09.530,000] [0m<inf> imu: ICM-42688-P  a   0.364  -0.060   9.924  g   0.000  -0.004   0.001[0m
[1;32muart:~$ [m[8D[J[00:03:09.581,000] [0m<inf> imu: LSM6DS3TR-C  a   0.110   0.026  10.170  g   0.022  -0.062   0.014[0m
[1;32muart:~$ [m[8D[J[1;32muart:~$ [m[8D[J[00:03:09.581,000] [0m<inf> imu: LSM6DSV16X   a   0.380   0.117  10.517  g  -0.012   0.002  -0.003[0m
[1;32muart:~$ [m[8D[J[00:03:09.582,000] [0m<inf> imu: ICM-42688-P  a   0.363  -0.053   9.918  g   0.000  -0.004   0.000[0m
[1;32muart:~$ [m[8D[J[00:03:09.633,000] [0m<inf> imu: LSM6DS3TR-C  a   0.145   0.021  10.202  g   0.022  -0.062   0.014[0m
[1;32muart:~$ [m[8D[J[1;32muart:~$ [m[8D[J[00:03:09.634,000] [0m<inf> imu: LSM6DSV16X   a   0.380   0.117  10.519  g  -0.011   0.002  -0.003[0m
[1;32muart:~$ [m[8D[J[00:03:09.634,000] [0m<inf> imu: ICM-42688-P  a   0.360  -0.068   9.926  g   0.000  -0.005   0.000[0m
[1;32muart:~$ [m[8D[J[1;32muart:~$ [m[8D[J[00:03:09.685,000] [0m<inf> imu: LSM6DS3TR-C  a   0.123   0.023  10.224  g   0.023  -0.060   0.016[0m
[1;32muart:~$ [m[8D[J[00:03:09.686,000] [0m<inf> imu: LSM6DSV16X   a   0.378   0.115  10.519  g  -0.011   0.002  -0.003[0m
[1;32muart:~$ [m[8D[J[00:03:09.686,000] [0m<inf> imu: ICM-42688-P  a   0.347  -0.065   9.936  g   0.000  -0.005   0.000[0m
[1;32muart:~$ [m[8D[J[00:03:09.737,000] [0m<inf> imu: LSM6DS3TR-C  a   0.112   0.045  10.181  g   0.023  -0.061   0.014[0m
[1;32muart:~$ [m[8D[J[00:03:09.738,000] [0m<inf> imu: LSM6DSV16X   a   0.377   0.120  10.512  g  -0.011   0.002  -0.002[0m
[1;32muart:~$ [m[8D[J[00:03:09.739,000] [0m<inf> imu: ICM-42688-P  a   0.351  -0.065   9.930  g   0.000  -0.005   0.000[0m
[1;32muart:~$ [m[8D[J[1;32muart:~$ [m[8D[J[00:03:09.790,000] [0m<inf> imu: LSM6DS3TR-C  a   0.087   0.005  10.205  g   0.022  -0.060   0.015[0m
[1;32muart:~$ [m[8D[J[00:03:09.790,000] [0m<inf> imu: LSM6DSV16X   a   0.380   0.115  10.516  g  -0.013   0.002  -0.003[0m
[1;32muart:~$ [m[8D[J[00:03:09.791,000] [0m<inf> imu: ICM-42688-P  a   0.354  -0.065   9.922  g  -0.001  -0.004   0.000[0m
[1;32muart:~$ [m[8D[J[00:03:09.842,000] [0m<inf> imu: LSM6DS3TR-C  a   0.108   0.010  10.183  g   0.025  -0.063   0.015[0m
[1;32muart:~$ [m[8D[J[1;32muart:~$ [m[8D[J[00:03:09.843,000] [0m<inf> imu: LSM6DSV16X   a   0.377   0.117  10.521  g  -0.012   0.002  -0.002[0m
[1;32muart:~$ [m[8D[J[00:03:09.843,000] [0m<inf> imu: ICM-42688-P  a   0.357  -0.057   9.926  g   0.000  -0.005   0.000[0m
[1;32muart:~$ [m[8D[J[1;32muart:~$ [m[8D[J[00:03:09.894,000] [0m<inf> imu: LSM6DS3TR-C  a   0.118   0.030  10.184  g   0.023  -0.061   0.014[0m
[1;32muart:~$ [m[8D[J[00:03:09.895,000] [0m<inf> imu: LSM6DSV16X   a   0.374   0.121  10.519  g  -0.011   0.002  -0.002[0m
[1;32muart:~$ [m[8D[J[00:03:09.895,000] [0m<inf> imu: ICM-42688-P  a   0.359  -0.063   9.923  g   0.000  -0.005  -0.001[0m
[1;32muart:~$ [m[8D[J[00:03:09.946,000] [0m<inf> imu: LSM6DS3TR-C  a   0.077   0.048  10.204  g   0.024  -0.061   0.013[0m
[1;32muart:~$ [m[8D[J[1;32muart:~$ [m[8D[J[00:03:09.947,000] [0m<inf> imu: LSM6DSV16X   a   0.383   0.120  10.521  g  -0.011   0.002  -0.003[0m
[1;32muart:~$ [m[8D[J[00:03:09.947,000] [0m<inf> imu: ICM-42688-P  a   0.354  -0.065   9.914  g  -0.000  -0.005   0.001[0m
[1;32muart:~$ [m[8D[J[1;32muart:~$ [m[8D[J[00:03:09.999,000] [0m<inf> imu: LSM6DS3TR-C  a   0.087   0.031  10.180  g   0.023  -0.061   0.015[0m
[1;32muart:~$ [m[8D[J[00:03:09.999,000] [0m<inf> imu: LSM6DSV16X   a   0.379   0.118  10.521  g  -0.012   0.002  -0.003[0m
[1;32muart:~$ [m[8D[J[00:03:10.000,000] [0m<inf> imu: ICM-42688-P  a   0.350  -0.063   9.926  g   0.000  -0.004   0.000[0m
[1;32muart:~$ [m[8D[J[1;32muart:~$ [m[8D[J[00:03:10.052,000] [0m<inf> imu: LSM6DS3TR-C  a   0.106   0.010  10.168  g   0.024  -0.062   0.016[0m
[1;32muart:~$ [m[8D[J[00:03:10.053,000] [0m<inf> imu: LSM6DSV16X   a   0.378   0.119  10.524  g  -0.011   0.002  -0.003[0m
[1;32muart:~$ [m[8D[J[00:03:10.053,000] [0m<inf> imu: ICM-42688-P  a   0.354  -0.060   9.934  g   0.001  -0.005   0.000[0m
[1;32muart:~$ [m[8D[J[1;32muart:~$ [m[8D[J[00:03:10.104,000] [0m<inf> imu: LSM6DS3TR-C  a   0.118   0.033  10.178  g   0.024  -0.061   0.013[0m
[1;32muart:~$ [m[8D[J[00:03:10.105,000] [0m<inf> imu: LSM6DSV16X   a   0.378   0.120  10.525  g  -0.012   0.002  -0.003[0m
[1;32muart:~$ [m[8D[J[00:03:10.105,000] [0m<inf> imu: ICM-42688-P  a   0.350  -0.061   9.924  g  -0.001  -0.005   0.000[0m
[1;32muart:~$ [m[8D[J[1;32muart:~$ [m[8D[J[00:03:10.157,000] [0m<inf> imu: LSM6DS3TR-C  a   0.091   0.010  10.187  g   0.024  -0.061   0.014[0m
[1;32muart:~$ [m[8D[J[00:03:10.158,000] [0m<inf> imu: LSM6DSV16X   a   0.380   0.115  10.509  g  -0.011   0.002  -0.003[0m
[1;32muart:~$ [m[8D[J[00:03:10.159,000] [0m<inf> imu: ICM-42688-P  a   0.348  -0.065   9.919  g  -0.001  -0.005   0.000[0m
[1;32muart:~$ [m[8D[J[1;32muart:~$ [m[8D[J[00:03:10.210,000] [0m<inf> imu: LSM6DS3TR-C  a   0.074   0.038  10.191  g   0.024  -0.061   0.013[0m
[1;32muart:~$ [m[8D[J[00:03:10.211,000] [0m<inf> imu: LSM6DSV16X   a   0.376   0.112  10.517  g  -0.011   0.003  -0.002[0m
[1;32muart:~$ [m[8D[J[00:03:10.212,000] [0m<inf> imu: ICM-42688-P  a   0.368  -0.053   9.931  g   0.000  -0.004   0.001[0m
[1;32muart:~$ [m[8D[J[1;32muart:~$ [m[8D[J[00:03:10.263,000] [0m<inf> imu: LSM6DS3TR-C  a   0.062   0.012  10.211  g   0.024  -0.063   0.013[0m
[1;32muart:~$ [m[8D[J[00:03:10.263,000] [0m<inf> imu: LSM6DSV16X   a   0.383   0.115  10.521  g  -0.011   0.002  -0.002[0m
[1;32muart:~$ [m[8D[J[00:03:10.264,000] [0m<inf> imu: ICM-42688-P  a   0.345  -0.073   9.910  g   0.000  -0.005   0.000[0m
[1;32muart:~$ [m[8D[J[1;32muart:~$ [m[8D[J[00:03:10.316,000] [0m<inf> imu: LSM6DS3TR-C  a   0.115   0.025  10.247  g   0.022  -0.061   0.015[0m
[1;32muart:~$ [m[8D[J[00:03:10.317,000] [0m<inf> imu: LSM6DSV16X   a   0.380   0.117  10.521  g  -0.012   0.003  -0.002[0m
[1;32muart:~$ [m[8D[J[00:03:10.317,000] [0m<inf> imu: ICM-42688-P  a   0.359  -0.061   9.920  g  -0.000  -0.004  -0.001[0m
[1;32muart:~$ [m[8D[J[1;32muart:~$ [m[8D[J[00:03:10.369,000] [0m<inf> imu: LSM6DS3TR-C  a   0.111   0.037  10.178  g   0.023  -0.061   0.014[0m
[1;32muart:~$ [m[8D[J[00:03:10.369,000] [0m<inf> imu: LSM6DSV16X   a   0.383   0.118  10.525  g  -0.012   0.002  -0.002[0m
[1;32muart:~$ [m[8D[J[00:03:10.370,000] [0m<inf> imu: ICM-42688-P  a   0.353  -0.055   9.931  g  -0.000  -0.005   0.000[0m
[1;32muart:~$ [m[8D[J[1;32muart:~$ [m[8D[J[00:03:10.422,000] [0m<inf> imu: LSM6DS3TR-C  a   0.114   0.031  10.219  g   0.024  -0.060   0.012[0m
[1;32muart:~$ [m[8D[J[00:03:10.423,000] [0m<inf> imu: LSM6DSV16X   a   0.373   0.122  10.524  g  -0.012   0.002  -0.002[0m
[1;32muart:~$ [m[8D[J[00:03:10.424,000] [0m<inf> imu: ICM-42688-P  a   0.356  -0.060   9.913  g   0.000  -0.004   0.000[0m
[1;32muart:~$ [m[8D[J[1;32muart:~$ [m[8D[J[00:03:10.475,000] [0m<inf> imu: LSM6DS3TR-C  a   0.114   0.030  10.181  g   0.023  -0.061   0.015[0m
[1;32muart:~$ [m[8D[J[00:03:10.476,000] [0m<inf> imu: LSM6DSV16X   a   0.379   0.118  10.523  g  -0.011   0.002  -0.002[0m
[1;32muart:~$ [m[8D[J[1;32muart:~$ [m[8D[J[00:03:10.476,000] [0m<inf> imu: ICM-42688-P  a   0.370  -0.065   9.923  g   0.000  -0.005   0.001[0m
[1;32muart:~$ [m[8D[J[00:03:10.528,000] [0m<inf> imu: LSM6DS3TR-C  a   0.114   0.048  10.161  g   0.022  -0.060   0.013[0m
[1;32muart:~$ [m[8D[J[00:03:10.529,000] [0m<inf> imu: LSM6DSV16X   a   0.377   0.119  10.521  g  -0.011   0.002  -0.003[0m
[1;32muart:~$ [m[8D[J[00:03:10.530,000] [0m<inf> imu: ICM-42688-P  a   0.368  -0.061   9.912  g   0.000  -0.004   0.000[0m
[1;32muart:~$ [m[8D[J[1;32muart:~$ [m[8D[J[00:03:10.581,000] [0m<inf> imu: LSM6DS3TR-C  a   0.087   0.023  10.187  g   0.023  -0.061   0.014[0m
[1;32muart:~$ [m[8D[J[00:03:10.582,000] [0m<inf> imu: LSM6DSV16X   a   0.380   0.118  10.521  g  -0.011   0.002  -0.002[0m
[1;32muart:~$ [m[8D[J[1;32muart:~$ [m[8D[J[00:03:10.582,000] [0m<inf> imu: ICM-42688-P  a   0.354  -0.056   9.922  g   0.000  -0.006   0.001[0m
[1;32muart:~$ [m[8D[J[00:03:10.634,000] [0m<inf> imu: LSM6DS3TR-C  a   0.100   0.010  10.176  g   0.024  -0.060   0.015[0m
[1;32muart:~$ [m[8D[J[00:03:10.634,000] [0m<inf> imu: LSM6DSV16X   a   0.380   0.123  10.519  g  -0.012   0.002  -0.003[0m
[1;32muart:~$ [m[8D[J[00:03:10.635,000] [0m<inf> imu: ICM-42688-P  a   0.363  -0.056   9.923  g   0.001  -0.005   0.000[0m
[1;32muart:~$ [m[8D[J[1;32muart:~$ [m[8D[J[00:03:10.686,000] [0m<inf> imu: LSM6DS3TR-C  a   0.099   0.031  10.208  g   0.025  -0.060   0.015[0m
[1;32muart:~$ [m[8D[J[00:03:10.687,000] [0m<inf> imu: LSM6DSV16X   a   0.376   0.112  10.517  g  -0.012   0.002  -0.003[0m
[1;32muart:~$ [m[8D[J[00:03:10.687,000] [0m<inf> imu: ICM-42688-P  a   0.345  -0.072   9.924  g   0.000  -0.005   0.000[0m
[1;32muart:~$ [m[8D[J[00:03:10.738,000] [0m<inf> imu: LSM6DS3TR-C  a   0.112   0.025  10.202  g   0.023  -0.060   0.015[0m
[1;32muart:~$ [m[8D[J[1;32muart:~$ [m[8D[J[00:03:10.739,000] [0m<inf> imu: LSM6DSV16X   a   0.380   0.122  10.516  g  -0.011   0.002  -0.003[0m
[1;32muart:~$ [m[8D[J[00:03:10.739,000] [0m<inf> imu: ICM-42688-P  a   0.356  -0.071   9.925  g  -0.001  -0.005   0.000[0m
[1;32muart:~$ [m[8D[J[1;32muart:~$ [m[8D[J[00:03:10.790,000] [0m<inf> imu: LSM6DS3TR-C  a   0.100   0.042  10.202  g   0.023  -0.061   0.015[0m
[1;32muart:~$ [m[8D[J[00:03:10.791,000] [0m<inf> imu: LSM6DSV16X   a   0.378   0.120  10.516  g  -0.011   0.002  -0.003[0m
[1;32muart:~$ [m[8D[J[1;32muart:~$ [m[8D[J[00:03:10.791,000] [0m<inf> imu: ICM-42688-P  a   0.350  -0.051   9.934  g  -0.001  -0.005   0.000[0m
[1;32muart:~$ [m[8D[J[00:03:10.843,000] [0m<inf> imu: LSM6DS3TR-C  a   0.123   0.028  10.177  g   0.022  -0.061   0.015[0m
[1;32muart:~$ [m[8D[J[00:03:10.843,000] [0m<inf> imu: LSM6DSV16X   a   0.376   0.113  10.521  g  -0.012   0.002  -0.002[0m
[1;32muart:~$ [m[8D[J[00:03:10.844,000] [0m<inf> imu: ICM-42688-P  a   0.359  -0.056   9.926  g   0.000  -0.005  -0.000[0m
[1;32muart:~$ [m[8D[J[1;32muart:~$ [m[8D[J[00:03:10.895,000] [0m<inf> imu: LSM6DS3TR-C  a   0.120  -0.004  10.217  g   0.024  -0.060   0.014[0m
[1;32muart:~$ [m[8D[J[00:03:10.895,000] [0m<inf> imu: LSM6DSV16X   a   0.380   0.120  10.519  g  -0.012   0.003  -0.003[0m
[1;32muart:~$ [m[8D[J[1;32muart:~$ [m[8D[J[00:03:10.896,000] [0m<inf> imu: ICM-42688-P  a   0.348  -0.066   9.920  g   0.001  -0.005  -0.000[0m
[1;32muart:~$ [m[8D[J[00:03:10.947,000] [0m<inf> imu: LSM6DS3TR-C  a   0.102   0.016  10.180  g   0.022  -0.060   0.013[0m
[1;32muart:~$ [m[8D[J[00:03:10.948,000] [0m<inf> imu: LSM6DSV16X   a   0.385   0.119  10.513  g  -0.012   0.002  -0.003[0m
[1;32muart:~$ [m[8D[J[00:03:10.948,000] [0m<inf> imu: ICM-42688-P  a   0.364  -0.060   9.926  g  -0.000  -0.004   0.000[0m
[1;32muart:~$ [m[8D[J[1;32muart:~$ [m[8D[J[00:03:10.999,000] [0m<inf> imu: LSM6DS3TR-C  a   0.069   0.028  10.199  g   0.025  -0.062   0.015[0m
[1;32muart:~$ [m[8D[J[00:03:11.000,000] [0m<inf> imu: LSM6DSV16X   a   0.378   0.124  10.521  g  -0.011   0.002  -0.003[0m
[1;32muart:~$ [m[8D[J[1;32muart:~$ [m[8D[J[00:03:11.000,000] [0m<inf> imu: ICM-42688-P  a   0.362  -0.066   9.935  g   0.000  -0.005   0.000[0m
[1;32muart:~$ [m[8D[J[00:03:11.052,000] [0m<inf> imu: LSM6DS3TR-C  a   0.078   0.014  10.207  g   0.025  -0.061   0.016[0m
[1;32muart:~$ [m[8D[J[00:03:11.052,000] [0m<inf> imu: LSM6DSV16X   a   0.380   0.115  10.531  g  -0.012   0.002  -0.003[0m
[1;32muart:~$ [m[8D[J[1;32muart:~$ [m[8D[J[00:03:11.053,000] [0m<inf> imu: ICM-42688-P  a   0.357  -0.067   9.934  g   0.000  -0.004   0.000[0m
[1;32muart:~$ [m[8D[J[00:03:11.104,000] [0m<inf> imu: LSM6DS3TR-C  a   0.118   0.002  10.204  g   0.021  -0.061   0.016[0m
[1;32muart:~$ [m[8D[J[00:03:11.104,000] [0m<inf> imu: LSM6DSV16X   a   0.380   0.118  10.516  g  -0.012   0.001  -0.002[0m
[1;32muart:~$ [m[8D[J[1;32muart:~$ [m[8D[J[00:03:11.105,000] [0m<inf> imu: ICM-42688-P  a   0.364  -0.068   9.920  g  -0.001  -0.005  -0.001[0m
[1;32muart:~$ [m[8D[J[00:03:11.157,000] [0m<inf> imu: LSM6DS3TR-C  a   0.087   0.026  10.205  g   0.025  -0.062   0.015[0m
[1;32muart:~$ [m[8D[J[00:03:11.158,000] [0m<inf> imu: LSM6DSV16X   a   0.375   0.115  10.519  g  -0.011   0.002  -0.002[0m
[1;32muart:~$ [m[8D[J[1;32muart:~$ [m[8D[J[00:03:11.159,000] [0m<inf> imu: ICM-42688-P  a   0.354  -0.061   9.930  g  -0.001  -0.004  -0.001[0m
[1;32muart:~$ [m[8D[J[00:03:11.210,000] [0m<inf> imu: LSM6DS3TR-C  a   0.098  -0.006  10.187  g   0.024  -0.060   0.017[0m
[1;32muart:~$ [m[8D[J[00:03:11.210,000] [0m<inf> imu: LSM6DSV16X   a   0.375   0.115  10.526  g  -0.012   0.002  -0.002[0m
[1;32muart:~$ [m[8D[J[1;32muart:~$ [m[8D[J[00:03:11.211,000] [0m<inf> imu: ICM-42688-P  a   0.362  -0.071   9.919  g   0.000  -0.005   0.001[0m
[1;32muart:~$ [m[8D[J[00:03:11.262,000] [0m<inf> imu: LSM6DS3TR-C  a   0.088   0.028  10.174  g   0.024  -0.061   0.013[0m
[1;32muart:~$ [m[8D[J[00:03:11.264,000] [0m<inf> imu: LSM6DSV16X   a   0.376   0.115  10.514  g  -0.011   0.003  -0.003[0m
[1;32muart:~$ [m[8D[J[1;32muart:~$ [m[8D[J[00:03:11.265,000] [0m<inf> imu: ICM-42688-P  a   0.356  -0.065   9.925  g  -0.000  -0.004   0.000[0m
[1;32muart:~$ [m[8D[J[00:03:11.316,000] [0m<inf> imu: LSM6DS3TR-C  a   0.084   0.013  10.195  g   0.023  -0.060   0.014[0m
[1;32muart:~$ [m[8D[J[00:03:11.317,000] [0m<inf> imu: LSM6DSV16X   a   0.377   0.117  10.519  g  -0.011   0.002  -0.003[0m
[1;32muart:~$ [m[8D[J[1;32muart:~$ [m[8D[J[00:03:11.318,000] [0m<inf> imu: ICM-42688-P  a   0.360  -0.066   9.923  g   0.000  -0.005  -0.000[0m
[1;32muart:~$ [m[8D[J[00:03:11.369,000] [0m<inf> imu: LSM6DS3TR-C  a   0.089   0.022  10.176  g   0.024  -0.060   0.014[0m
[1;32muart:~$ [m[8D[J[1;32muart:~$ [m[8D[J[00:03:11.371,000] [0m<inf> imu: LSM6DSV16X   a   0.379   0.115  10.519  g  -0.012   0.002  -0.002[0m
[1;32muart:~$ [m[8D[J[00:03:11.371,000] [0m<inf> imu: ICM-42688-P  a   0.341  -0.078   9.931  g   0.000  -0.005   0.001[0m
[1;32muart:~$ [m[8D[J[00:03:11.422,000] [0m<inf> imu: LSM6DS3TR-C  a   0.071   0.005  10.186  g   0.024  -0.060   0.015[0m
[1;32muart:~$ [m[8D[J[00:03:11.423,000] [0m<inf> imu: LSM6DSV16X   a   0.373   0.118  10.519  g  -0.012   0.002  -0.003[0m
[1;32muart:~$ [m[8D[J[1;32muart:~$ [m[8D[J[00:03:11.424,000] [0m<inf> imu: ICM-42688-P  a   0.354  -0.055   9.922  g   0.000  -0.004   0.000[0m
[1;32muart:~$ [m[8D[J[00:03:11.475,000] [0m<inf> imu: LSM6DS3TR-C  a   0.083   0.008  10.196  g   0.023  -0.063   0.014[0m
[1;32muart:~$ [m[8D[J[1;32muart:~$ [m[8D[J[00:03:11.477,000] [0m<inf> imu: LSM6DSV16X   a   0.378   0.120  10.522  g  -0.012   0.002  -0.003[0m
[1;32muart:~$ [m[8D[J[00:03:11.477,000] [0m<inf> imu: ICM-42688-P  a   0.358  -0.066   9.931  g  -0.001  -0.005   0.000[0m
[1;32muart:~$ [m[8D[J[00:03:11.528,000] [0m<inf> imu: LSM6DS3TR-C  a   0.087   0.004  10.196  g   0.023  -0.063   0.015[0m
[1;32muart:~$ [m[8D[J[00:03:11.529,000] [0m<inf> imu: LSM6DSV16X   a   0.376   0.107  10.519  g  -0.011   0.002  -0.002[0m
[1;32muart:~$ [m[8D[J[1;32muart:~$ [m[8D[J[00:03:11.529,000] [0m<inf> imu: ICM-42688-P  a   0.350  -0.061   9.918  g   0.000  -0.004   0.000[0m
[1;32muart:~$ [m[8D[J[00:03:11.581,000] [0m<inf> imu: LSM6DS3TR-C  a   0.091   0.036  10.134  g   0.023  -0.059   0.016[0m
[1;32muart:~$ [m[8D[J[1;32muart:~$ [m[8D[J[00:03:11.582,000] [0m<inf> imu: LSM6DSV16X   a   0.380   0.119  10.524  g  -0.012   0.002  -0.003[0m
[1;32muart:~$ [m[8D[J[00:03:11.583,000] [0m<inf> imu: ICM-42688-P  a   0.356  -0.057   9.932  g   0.000  -0.005   0.000[0m
[1;32muart:~$ [m[8D[J[00:03:11.634,000] [0m<inf> imu: LSM6DS3TR-C  a   0.086   0.006  10.183  g   0.022  -0.061   0.014[0m
[1;32muart:~$ [m[8D[J[00:03:11.635,000] [0m<inf> imu: LSM6DSV16X   a   0.373   0.118  10.515  g  -0.011   0.002  -0.002[0m
[1;32muart:~$ [m[8D[J[1;32muart:~$ [m[8D[J[00:03:11.635,000] [0m<inf> imu: ICM-42688-P  a   0.354  -0.068   9.929  g   0.000  -0.005   0.001[0m
[1;32muart:~$ [m[8D[J[00:03:11.686,000] [0m<inf> imu: LSM6DS3TR-C  a   0.063   0.053  10.192  g   0.022  -0.061   0.016[0m
[1;32muart:~$ [m[8D[J[00:03:11.687,000] [0m<inf> imu: LSM6DSV16X   a   0.376   0.121  10.521  g  -0.012   0.003  -0.003[0m
[1;32muart:~$ [m[8D[J[00:03:11.687,000] [0m<inf> imu: ICM-42688-P  a   0.347  -0.053   9.919  g   0.000  -0.005  -0.000[0m
[1;32muart:~$ [m[8D[J[1;32muart:~$ [m[8D[J[00:03:11.739,000] [0m<inf> imu: LSM6DS3TR-C  a   0.078   0.013  10.230  g   0.024  -0.061   0.013[0m
[1;32muart:~$ [m[8D[J[00:03:11.739,000] [0m<inf> imu: LSM6DSV16X   a   0.381   0.120  10.534  g  -0.011   0.002  -0.002[0m
[1;32muart:~$ [m[8D[J[1;32muart:~$ [m[8D[J[00:03:11.740,000] [0m<inf> imu: ICM-42688-P  a   0.360  -0.059   9.916  g   0.001  -0.005   0.001[0m
[1;32muart:~$ [m[8D[J[00:03:11.791,000] [0m<inf> imu: LSM6DS3TR-C  a   0.125   0.019  10.213  g   0.023  -0.060   0.014[0m
[1;32muart:~$ [m[8D[J[1;32muart:~$ [m[8D[J[00:03:11.791,000] [0m<inf> imu: LSM6DSV16X   a   0.376   0.117  10.519  g  -0.011   0.002  -0.003[0m
[1;32muart:~$ [m[8D[J[00:03:11.792,000] [0m<inf> imu: ICM-42688-P  a   0.352  -0.054   9.930  g   0.000  -0.005  -0.000[0m
[1;32muart:~$ [m[8D[J[00:03:11.843,000] [0m<inf> imu: LSM6DS3TR-C  a   0.120   0.050  10.177  g   0.025  -0.062   0.016[0m
[1;32muart:~$ [m[8D[J[00:03:11.844,000] [0m<inf> imu: LSM6DSV16X   a   0.373   0.122  10.526  g  -0.012   0.002  -0.003[0m
[1;32muart:~$ [m[8D[J[1;32muart:~$ [m[8D[J[00:03:11.844,000] [0m<inf> imu: ICM-42688-P  a   0.351  -0.061   9.931  g  -0.001  -0.005   0.001[0m
[1;32muart:~$ [m[8D[J[00:03:11.895,000] [0m<inf> imu: LSM6DS3TR-C  a   0.124   0.040  10.185  g   0.023  -0.062   0.015[0m
[1;32muart:~$ [m[8D[J[1;32muart:~$ [m[8D[J[00:03:11.896,000] [0m<inf> imu: LSM6DSV16X   a   0.376   0.118  10.512  g  -0.012   0.003  -0.002[0m
[1;32muart:~$ [m[8D[J[00:03:11.896,000] [0m<inf> imu: ICM-42688-P  a   0.357  -0.061   9.926  g   0.000  -0.005   0.000[0m
[1;32muart:~$ [m[8D[J[00:03:11.947,000] [0m<inf> imu: LSM6DS3TR-C  a   0.093   0.024  10.204  g   0.022  -0.061   0.014[0m
[1;32muart:~$ [m[8D[J[00:03:11.948,000] [0m<inf> imu: LSM6DSV16X   a   0.378   0.120  10.526  g  -0.011   0.003  -0.002[0m
[1;32muart:~$ [m[8D[J[1;32muart:~$ [m[8D[J[00:03:11.949,000] [0m<inf> imu: ICM-42688-P  a   0.354  -0.057   9.931  g   0.000  -0.005   0.000[0m
[1;32muart:~$ [m[8D[J[00:03:12.000,000] [0m<inf> imu: LSM6DS3TR-C  a   0.093   0.023  10.175  g   0.024  -0.060   0.014[0m
[1;32muart:~$ [m[8D[J[1;32muart:~$ [m[8D[J[00:03:12.000,000] [0m<inf> imu: LSM6DSV16X   a   0.373   0.122  10.528  g  -0.011   0.002  -0.002[0m
[1;32muart:~$ [m[8D[J[00:03:12.001,000] [0m<inf> imu: ICM-42688-P  a   0.350  -0.061   9.906  g   0.000  -0.004   0.000[0m
[1;32muart:~$ [m[8D[J[00:03:12.052,000] [0m<inf> imu: LSM6DS3TR-C  a   0.142  -0.024  10.191  g   0.024  -0.060   0.015[0m
[1;32muart:~$ [m[8D[J[00:03:12.053,000] [0m<inf> imu: LSM6DSV16X   a   0.380   0.110  10.529  g  -0.012   0.003  -0.003[0m
[1;32muart:~$ [m[8D[J[1;32muart:~$ [m[8D[J[00:03:12.054,000] [0m<inf> imu: ICM-42688-P  a   0.362  -0.061   9.931  g   0.000  -0.005  -0.001[0m
[1;32muart:~$ [m[8D[J[00:03:12.105,000] [0m<inf> imu: LSM6DS3TR-C  a   0.087   0.036  10.161  g   0.023  -0.061   0.015[0m
[1;32muart:~$ [m[8D[J[1;32muart:~$ [m[8D[J[00:03:12.106,000] [0m<inf> imu: LSM6DSV16X   a   0.382   0.124  10.518  g  -0.012   0.002  -0.002[0m
[1;32muart:~$ [m[8D[J[00:03:12.106,000] [0m<inf> imu: ICM-42688-P  a   0.356  -0.066   9.936  g   0.000  -0.004   0.000[0m
[1;32muart:~$ [m[8D[J[00:03:12.158,000] [0m<inf> imu: LSM6DS3TR-C  a   0.111   0.018  10.172  g   0.024  -0.063   0.013[0m
[1;32muart:~$ [m[8D[J[1;32muart:~$ [m[8D[J[00:03:12.159,000] [0m<inf> imu: LSM6DSV16X   a   0.376   0.114  10.512  g  -0.012   0.002  -0.003[0m
[1;32muart:~$ [m[8D[J[00:03:12.160,000] [0m<inf> imu: ICM-42688-P  a   0.356  -0.061   9.922  g   0.000  -0.003  -0.000[0m
[1;32muart:~$ [m[8D[J[00:03:12.211,000] [0m<inf> imu: LSM6DS3TR-C  a   0.076  -0.016  10.150  g   0.022  -0.063   0.013[0m
[1;32muart:~$ [m[8D[J[1;32muart:~$ [m[8D[J[00:03:12.212,000] [0m<inf> imu: LSM6DSV16X   a   0.385   0.117  10.514  g  -0.012   0.002  -0.003[0m
[1;32muart:~$ [m[8D[J[00:03:12.212,000] [0m<inf> imu: ICM-42688-P  a   0.354  -0.062   9.936  g  -0.001  -0.005   0.000[0m
[1;32muart:~$ [m[8D[J[00:03:12.264,000] [0m<inf> imu: LSM6DS3TR-C  a   0.084  -0.005  10.204  g   0.023  -0.062   0.013[0m
[1;32muart:~$ [m[8D[J[1;32muart:~$ [m[8D[J[00:03:12.265,000] [0m<inf> imu: LSM6DSV16X   a   0.376   0.112  10.512  g  -0.011   0.002  -0.002[0m
[1;32muart:~$ [m[8D[J[00:03:12.265,000] [0m<inf> imu: ICM-42688-P  a   0.342  -0.062   9.924  g   0.000  -0.005   0.000[0m
[1;32muart:~$ [m[8D[J[00:03:12.316,000] [0m<inf> imu: LSM6DS3TR-C  a   0.135   0.041  10.179  g   0.023  -0.063   0.015[0m
[1;32muart:~$ [m[8D[J[1;32muart:~$ [m[8D[J[00:03:12.318,000] [0m<inf> imu: LSM6DSV16X   a   0.382   0.115  10.516  g  -0.012   0.002  -0.003[0m
[1;32muart:~$ [m[8D[J[00:03:12.318,000] [0m<inf> imu: ICM-42688-P  a   0.359  -0.066   9.936  g   0.000  -0.005   0.001[0m
[1;32muart:~$ [m[8D[J[00:03:12.370,000] [0m<inf> imu: LSM6DS3TR-C  a   0.114   0.012  10.164  g   0.023  -0.061   0.016[0m
[1;32muart:~$ [m[8D[J[1;32muart:~$ [m[8D[J[00:03:12.371,000] [0m<inf> imu: LSM6DSV16X   a   0.380   0.117  10.521  g  -0.011   0.002  -0.003[0m
[1;32muart:~$ [m[8D[J[00:03:12.372,000] [0m<inf> imu: ICM-42688-P  a   0.354  -0.062   9.928  g   0.000  -0.005   0.000[0m
[1;32muart:~$ [m[8D[J[00:03:12.423,000] [0m<inf> imu: LSM6DS3TR-C  a   0.111   0.026  10.147  g   0.024  -0.063   0.013[0m
[1;32muart:~$ [m[8D[J[1;32muart:~$ [m[8D[J[00:03:12.424,000] [0m<inf> imu: LSM6DSV16X   a   0.380   0.118  10.516  g  -0.012   0.002  -0.002[0m
[1;32muart:~$ [m[8D[J[00:03:12.424,000] [0m<inf> imu: ICM-42688-P  a   0.357  -0.065   9.908  g  -0.001  -0.005   0.000[0m
[1;32muart:~$ [m[8D[J[00:03:12.476,000] [0m<inf> imu: LSM6DS3TR-C  a   0.094   0.005  10.186  g   0.022  -0.060   0.013[0m
[1;32muart:~$ [m[8D[J[1;32muart:~$ [m[8D[J[00:03:12.477,000] [0m<inf> imu: LSM6DSV16X   a   0.379   0.117  10.519  g  -0.013   0.002  -0.003[0m
[1;32muart:~$ [m[8D[J[00:03:12.478,000] [0m<inf> imu: ICM-42688-P  a   0.346  -0.069   9.931  g   0.000  -0.005   0.000[0m
[1;32muart:~$ [m[8D[J[00:03:12.529,000] [0m<inf> imu: LSM6DS3TR-C  a   0.093   0.004  10.167  g   0.023  -0.060   0.014[0m
[1;32muart:~$ [m[8D[J[1;32muart:~$ [m[8D[J[00:03:12.530,000] [0m<inf> imu: LSM6DSV16X   a   0.385   0.122  10.522  g  -0.011   0.003  -0.003[0m
[1;32muart:~$ [m[8D[J[00:03:12.530,000] [0m<inf> imu: ICM-42688-P  a   0.354  -0.059   9.932  g   0.000  -0.005   0.000[0m
[1;32muart:~$ [m[8D[J[00:03:12.582,000] [0m<inf> imu: LSM6DS3TR-C  a   0.098   0.013  10.162  g   0.024  -0.060   0.014[0m
[1;32muart:~$ [m[8D[J[1;32muart:~$ [m[8D[J[00:03:12.583,000] [0m<inf> imu: LSM6DSV16X   a   0.378   0.120  10.529  g  -0.012   0.001  -0.003[0m
[1;32muart:~$ [m[8D[J[00:03:12.584,000] [0m<inf> imu: ICM-42688-P  a   0.363  -0.057   9.931  g  -0.000  -0.005   0.001[0m
[1;32muart:~$ [m[8D[J[00:03:12.635,000] [0m<inf> imu: LSM6DS3TR-C  a   0.095   0.008  10.168  g   0.024  -0.062   0.014[0m
[1;32muart:~$ [m[8D[J[1;32muart:~$ [m[8D[J[00:03:12.635,000] [0m<inf> imu: LSM6DSV16X   a   0.378   0.110  10.514  g  -0.011   0.003  -0.002[0m
[1;32muart:~$ [m[8D[J[00:03:12.636,000] [0m<inf> imu: ICM-42688-P  a   0.356  -0.065   9.916  g   0.000  -0.004  -0.000[0m
[1;32muart:~$ [m[8D[J[00:03:12.688,000] [0m<inf> imu: LSM6DS3TR-C  a   0.066   0.005  10.192  g   0.022  -0.061   0.014[0m
[1;32muart:~$ [m[8D[J[00:03:12.689,000] [0m<inf> imu: LSM6DSV16X   a   0.380   0.115  10.526  g  -0.011   0.002  -0.003[0m
[1;32muart:~$ [m[8D[J[1;32muart:~$ [m[8D[J[00:03:12.689,000] [0m<inf> imu: ICM-42688-P  a   0.347  -0.065   9.926  g   0.000  -0.005   0.001[0m
[1;32muart:~$ [m[8D[J[00:03:12.740,000] [0m<inf> imu: LSM6DS3TR-C  a   0.071   0.035  10.165  g   0.024  -0.061   0.013[0m
[1;32muart:~$ [m[8D[J[1;32muart:~$ [m[8D[J[00:03:12.741,000] [0m<inf> imu: LSM6DSV16X   a   0.377   0.120  10.514  g  -0.012   0.003  -0.003[0m
[1;32muart:~$ [m[8D[J[00:03:12.742,000] [0m<inf> imu: ICM-42688-P  a   0.352  -0.066   9.918  g  -0.001  -0.004   0.000[0m
[1;32muart:~$ [m[8D[J[00:03:12.793,000] [0m<inf> imu: LSM6DS3TR-C  a   0.074  -0.007  10.164  g   0.023  -0.060   0.016[0m
[1;32muart:~$ [m[8D[J[1;32muart:~$ [m[8D[J[00:03:12.793,000] [0m<inf> imu: LSM6DSV16X   a   0.381   0.117  10.516  g  -0.011   0.002  -0.003[0m
[1;32muart:~$ [m[8D[J[00:03:12.794,000] [0m<inf> imu: ICM-42688-P  a   0.341  -0.065   9.934  g  -0.002  -0.005   0.000[0m
[1;32muart:~$ [m[8D[J[1;32muart:~$ [m[8D[J[00:03:12.845,000] [0m<inf> imu: LSM6DS3TR-C  a   0.116   0.010  10.156  g   0.024  -0.060   0.014[0m
[1;32muart:~$ [m[8D[J[00:03:12.846,000] [0m<inf> imu: LSM6DSV16X   a   0.379   0.124  10.517  g  -0.011   0.002  -0.002[0m
[1;32muart:~$ [m[8D[J[00:03:12.846,000] [0m<inf> imu: ICM-42688-P  a   0.348  -0.061   9.931  g  -0.002  -0.005   0.001[0m
[1;32muart:~$ [m[8D[J[00:03:12.897,000] [0m<inf> imu: LSM6DS3TR-C  a   0.145   0.016  10.191  g   0.023  -0.060   0.012[0m
[1;32muart:~$ [m[8D[J[1;32muart:~$ [m[8D[J[00:03:12.898,000] [0m<inf> imu: LSM6DSV16X   a   0.378   0.122  10.521  g  -0.012   0.002  -0.002[0m
[1;32muart:~$ [m[8D[J[00:03:12.898,000] [0m<inf> imu: ICM-42688-P  a   0.359  -0.054   9.924  g   0.000  -0.004   0.000[0m
[1;32muart:~$ [m[8D[J[1;32muart:~$ [m[8D[J[00:03:12.950,000] [0m<inf> imu: LSM6DS3TR-C  a   0.128   0.022  10.190  g   0.022  -0.060   0.014[0m
[1;32muart:~$ [m[8D[J[00:03:12.950,000] [0m<inf> imu: LSM6DSV16X   a   0.378   0.120  10.524  g  -0.011   0.002  -0.002[0m
[1;32muart:~$ [m[8D[J[00:03:12.951,000] [0m<inf> imu: ICM-42688-P  a   0.357  -0.060   9.912  g   0.001  -0.005   0.001[0m
[1;32muart:~$ [m[8D[J[00:03:13.002,000] [0m<inf> imu: LSM6DS3TR-C  a   0.089   0.028  10.187  g   0.022  -0.060   0.017[0m
[1;32muart:~$ [m[8D[J[1;32muart:~$ [m[8D[J[00:03:13.003,000] [0m<inf> imu: LSM6DSV16X   a   0.376   0.117  10.528  g  -0.012   0.002  -0.003[0m
[1;32muart:~$ [m[8D[J[00:03:13.003,000] [0m<inf> imu: ICM-42688-P  a   0.363  -0.054   9.923  g   0.001  -0.005  -0.000[0m
[1;32muart:~$ [m[8D[J[1;32muart:~$ [m[8D[J[00:03:13.054,000] [0m<inf> imu: LSM6DS3TR-C  a   0.109   0.040  10.197  g   0.023  -0.062   0.014[0m
[1;32muart:~$ [m[8D[J[00:03:13.055,000] [0m<inf> imu: LSM6DSV16X   a   0.376   0.118  10.524  g  -0.011   0.002  -0.003[0m
[1;32muart:~$ [m[8D[J[00:03:13.055,000] [0m<inf> imu: ICM-42688-P  a   0.354  -0.065   9.936  g   0.000  -0.005  -0.001[0m
[1;32muart:~$ [m[8D[J[00:03:13.106,000] [0m<inf> imu: LSM6DS3TR-C  a   0.109   0.008  10.197  g   0.023  -0.063   0.015[0m
[1;32muart:~$ [m[8D[J[1;32muart:~$ [m[8D[J[00:03:13.107,000] [0m<inf> imu: LSM6DSV16X   a   0.382   0.120  10.524  g  -0.012   0.002  -0.003[0m
[1;32muart:~$ [m[8D[J[00:03:13.108,000] [0m<inf> imu: ICM-42688-P  a   0.357  -0.066   9.936  g  -0.001  -0.005  -0.000[0m
[1;32muart:~$ [m[8D[J[1;32muart:~$ [m[8D[J[00:03:13.159,000] [0m<inf> imu: LSM6DS3TR-C  a   0.099   0.029  10.142  g   0.024  -0.061   0.015[0m
[1;32muart:~$ [m[8D[J[00:03:13.159,000] [0m<inf> imu: LSM6DSV16X   a   0.377   0.117  10.517  g  -0.010   0.002  -0.002[0m
[1;32muart:~$ [m[8D[J[00:03:13.160,000] [0m<inf> imu: ICM-42688-P  a   0.359  -0.063   9.924  g  -0.001  -0.005   0.001[0m
[1;32muart:~$ [m[8D[J[00:03:13.211,000] [0m<inf> imu: LSM6DS3TR-C  a   0.106   0.056  10.180  g   0.024  -0.061   0.015[0m
[1;32muart:~$ [m[8D[J[1;32muart:~$ [m[8D[J[00:03:13.211,000] [0m<inf> imu: LSM6DSV16X   a   0.377   0.117  10.524  g  -0.011   0.002  -0.003[0m
[1;32muart:~$ [m[8D[J[00:03:13.212,000] [0m<inf> imu: ICM-42688-P  a   0.356  -0.073   9.934  g   0.001  -0.004  -0.000[0m
[1;32muart:~$ [m[8D[J[1;32muart:~$ [m[8D[J[00:03:13.263,000] [0m<inf> imu: LSM6DS3TR-C  a   0.098   0.023  10.147  g   0.022  -0.061   0.015[0m
[1;32muart:~$ [m[8D[J[00:03:13.264,000] [0m<inf> imu: LSM6DSV16X   a   0.377   0.122  10.517  g  -0.011   0.002  -0.002[0m
[1;32muart:~$ [m[8D[J[00:03:13.264,000] [0m<inf> imu: ICM-42688-P  a   0.354  -0.065   9.917  g   0.001  -0.005   0.001[0m
[1;32muart:~$ [m[8D[J[00:03:13.316,000] [0m<inf> imu: LSM6DS3TR-C  a   0.075   0.002  10.190  g   0.023  -0.062   0.013[0m
[1;32muart:~$ [m[8D[J[1;32muart:~$ [m[8D[J[00:03:13.317,000] [0m<inf> imu: LSM6DSV16X   a   0.380   0.111  10.516  g  -0.011   0.002  -0.003[0m
[1;32muart:~$ [m[8D[J[00:03:13.318,000] [0m<inf> imu: ICM-42688-P  a   0.351  -0.065   9.931  g  -0.000  -0.004  -0.000[0m
[1;32muart:~$ [m[8D[J[1;32muart:~$ [m[8D[J[00:03:13.369,000] [0m<inf> imu: LSM6DS3TR-C  a   0.093   0.039  10.189  g   0.024  -0.060   0.015[0m
[1;32muart:~$ [m[8D[J[00:03:13.371,000] [0m<inf> imu: LSM6DSV16X   a   0.385   0.115  10.521  g  -0.012   0.002  -0.003[0m
[1;32muart:~$ [m[8D[J[00:03:13.371,000] [0m<inf> imu: ICM-42688-P  a   0.354  -0.071   9.920  g   0.000  -0.004   0.000[0m
[1;32muart:~$ [m[8D[J[1;32muart:~$ [m[8D[J[00:03:13.422,000] [0m<inf> imu: LSM6DS3TR-C  a   0.108   0.039  10.197  g   0.022  -0.061   0.014[0m
[1;32muart:~$ [m[8D[J[00:03:13.423,000] [0m<inf> imu: LSM6DSV16X   a   0.376   0.117  10.519  g  -0.012   0.002  -0.002[0m
[1;32muart:~$ [m[8D[J[00:03:13.424,000] [0m<inf> imu: ICM-42688-P  a   0.353  -0.068   9.919  g  -0.001  -0.005  -0.000[0m
[1;32muart:~$ [m[8D[J[1;32muart:~$ [m[8D[J[00:03:13.475,000] [0m<inf> imu: LSM6DS3TR-C  a   0.048   0.009  10.155  g   0.022  -0.060   0.014[0m
[1;32muart:~$ [m[8D[J[00:03:13.475,000] [0m<inf> imu: LSM6DSV16X   a   0.383   0.112  10.524  g  -0.012   0.001  -0.002[0m
[1;32muart:~$ [m[8D[J[00:03:13.476,000] [0m<inf> imu: ICM-42688-P  a   0.354  -0.072   9.929  g  -0.000  -0.004   0.001[0m
[1;32muart:~$ [m[8D[J[1;32muart:~$ [m[8D[J[00:03:13.528,000] [0m<inf> imu: LSM6DS3TR-C  a   0.098   0.017  10.180  g   0.024  -0.062   0.013[0m
[1;32muart:~$ [m[8D[J[00:03:13.529,000] [0m<inf> imu: LSM6DSV16X   a   0.368   0.115  10.517  g  -0.011   0.002  -0.002[0m
[1;32muart:~$ [m[8D[J[00:03:13.530,000] [0m<inf> imu: ICM-42688-P  a   0.363  -0.056   9.918  g   0.000  -0.005  -0.001[0m
[1;32muart:~$ [m[8D[J[1;32muart:~$ [m[8D[J[00:03:13.581,000] [0m<inf> imu: LSM6DS3TR-C  a   0.081   0.017  10.157  g   0.023  -0.061   0.015[0m
[1;32muart:~$ [m[8D[J[00:03:13.581,000] [0m<inf> imu: LSM6DSV16X   a   0.380   0.120  10.519  g  -0.012   0.002  -0.003[0m
[1;32muart:~$ [m[8D[J[00:03:13.582,000] [0m<inf> imu: ICM-42688-P  a   0.363  -0.057   9.924  g   0.000  -0.005   0.000[0m
[1;32muart:~$ [m[8D[J[1;32muart:~$ [m[8D[J[00:03:13.634,000] [0m<inf> imu: LSM6DS3TR-C  a   0.103   0.008  10.152  g   0.024  -0.063   0.015[0m
[1;32muart:~$ [m[8D[J[00:03:13.635,000] [0m<inf> imu: LSM6DSV16X   a   0.380   0.114  10.519  g  -0.011   0.002  -0.003[0m
[1;32muart:~$ [m[8D[J[00:03:13.635,000] [0m<inf> imu: ICM-42688-P  a   0.354  -0.067   9.928  g  -0.001  -0.005  -0.001[0m
[1;32muart:~$ [m[8D[J[00:03:13.686,000] [0m<inf> imu: LSM6DS3TR-C  a   0.085   0.031  10.187  g   0.024  -0.059   0.014[0m
[1;32muart:~$ [m[8D[J[00:03:13.687,000] [0m<inf> imu: LSM6DSV16X   a   0.376   0.114  10.516  g  -0.011   0.002  -0.003[0m
[1;32muart:~$ [m[8D[J[1;32muart:~$ [m[8D[J[00:03:13.687,000] [0m<inf> imu: ICM-42688-P  a   0.362  -0.057   9.928  g   0.000  -0.005   0.000[0m
[1;32muart:~$ [m[8D[J[00:03:13.739,000] [0m<inf> imu: LSM6DS3TR-C  a   0.085   0.035  10.159  g   0.021  -0.059   0.013[0m
[1;32muart:~$ [m[8D[J[1;32muart:~$ [m[8D[J[00:03:13.740,000] [0m<inf> imu: LSM6DSV16X   a   0.385   0.122  10.513  g  -0.012   0.002  -0.002[0m
[1;32muart:~$ [m[8D[J[00:03:13.741,000] [0m<inf> imu: ICM-42688-P  a   0.344  -0.068   9.930  g  -0.001  -0.005   0.000[0m
[1;32muart:~$ [m[8D[J[1;32muart:~$ [m[8D[J[00:03:13.792,000] [0m<inf> imu: LSM6DS3TR-C  a   0.089   0.014  10.185  g   0.024  -0.062   0.013[0m
[1;32muart:~$ [m[8D[J[00:03:13.793,000] [0m<inf> imu: LSM6DSV16X   a   0.373   0.115  10.531  g  -0.011   0.002  -0.003[0m
[1;32muart:~$ [m[8D[J[1;32muart:~$ [m[8D[J[00:03:13.793,000] [0m<inf> imu: ICM-42688-P  a   0.354  -0.054   9.935  g  -0.001  -0.006   0.000[0m
[1;32muart:~$ [m[8D[J[00:03:13.845,000] [0m<inf> imu: LSM6DS3TR-C  a   0.095   0.041  10.201  g   0.023  -0.060   0.013[0m
[1;32muart:~$ [m[8D[J[00:03:13.846,000] [0m<inf> imu: LSM6DSV16X   a   0.377   0.110  10.514  g  -0.011   0.002  -0.003[0m
[1;32muart:~$ [m[8D[J[00:03:13.847,000] [0m<inf> imu: ICM-42688-P  a   0.362  -0.073   9.928  g   0.000  -0.004   0.000[0m
[1;32muart:~$ [m[8D[J[1;32muart:~$ [m[8D[J[00:03:13.898,000] [0m<inf> imu: LSM6DS3TR-C  a   0.093   0.026  10.181  g   0.023  -0.062   0.014[0m
[1;32muart:~$ [m[8D[J[00:03:13.899,000] [0m<inf> imu: LSM6DSV16X   a   0.383   0.121  10.507  g  -0.012   0.002  -0.003[0m
[1;32muart:~$ [m[8D[J[1;32muart:~$ [m[8D[J[00:03:13.899,000] [0m<inf> imu: ICM-42688-P  a   0.359  -0.059   9.918  g   0.000  -0.005   0.000[0m
[1;32muart:~$ [m[8D[J[00:03:13.951,000] [0m<inf> imu: LSM6DS3TR-C  a   0.111   0.043  10.172  g   0.024  -0.060   0.014[0m
[1;32muart:~$ [m[8D[J[00:03:13.952,000] [0m<inf> imu: LSM6DSV16X   a   0.380   0.113  10.519  g  -0.012   0.002  -0.003[0m
[1;32muart:~$ [m[8D[J[00:03:13.953,000] [0m<inf> imu: ICM-42688-P  a   0.350  -0.065   9.931  g   0.000  -0.005   0.000[0m
[1;32muart:~$ [m[8D[J[1;32muart:~$ [m[8D[J[00:03:14.004,000] [0m<inf> imu: LSM6DS3TR-C  a   0.079  -0.020  10.182  g   0.024  -0.061   0.014[0m
[1;32muart:~$ [m[8D[J[00:03:14.004,000] [0m<inf> imu: LSM6DSV16X   a   0.378   0.113  10.513  g  -0.012   0.002  -0.002[0m
[1;32muart:~$ [m[8D[J[1;32muart:~$ [m[8D[J[00:03:14.005,000] [0m<inf> imu: ICM-42688-P  a   0.351  -0.065   9.925  g   0.000  -0.005   0.000[0m
[1;32muart:~$ [m[8D[J[00:03:14.056,000] [0m<inf> imu: LSM6DS3TR-C  a   0.109   0.032  10.198  g   0.023  -0.061   0.016[0m
[1;32muart:~$ [m[8D[J[00:03:14.057,000] [0m<inf> imu: LSM6DSV16X   a   0.376   0.117  10.515  g  -0.012   0.002  -0.002[0m
[1;32muart:~$ [m[8D[J[00:03:14.057,000] [0m<inf> imu: ICM-42688-P  a   0.357  -0.054   9.925  g  -0.000  -0.005   0.000[0m
[1;32muart:~$ [m[8D[J[1;32muart:~$ [m[8D[J[00:03:14.108,000] [0m<inf> imu: LSM6DS3TR-C  a   0.068  -0.004  10.185  g   0.022  -0.060   0.015[0m
[1;32muart:~$ [m[8D[J[00:03:14.109,000] [0m<inf> imu: LSM6DSV16X   a   0.378   0.118  10.524  g  -0.011   0.002  -0.003[0m
[1;32muart:~$ [m[8D[J[1;32muart:~$ [m[8D[J[00:03:14.109,000] [0m<inf> imu: ICM-42688-P  a   0.365  -0.062   9.918  g  -0.000  -0.004   0.000[0m
[1;32muart:~$ [m[8D[J[00:03:14.160,000] [0m<inf> imu: LSM6DS3TR-C  a   0.103  -0.010  10.207  g   0.023  -0.060   0.016[0m
[1;32muart:~$ [m[8D[J[00:03:14.161,000] [0m<inf> imu: LSM6DSV16X   a   0.380   0.113  10.516  g  -0.012   0.002  -0.003[0m
[1;32muart:~$ [m[8D[J[1;32muart:~$ [m[8D[J[00:03:14.162,000] [0m<inf> imu: ICM-42688-P  a   0.359  -0.060   9.920  g   0.000  -0.004   0.000[0m
[1;32muart:~$ [m[8D[J[00:03:14.213,000] [0m<inf> imu: LSM6DS3TR-C  a   0.075   0.053  10.174  g   0.024  -0.061   0.014[0m
[1;32muart:~$ [m[8D[J[00:03:14.213,000] [0m<inf> imu: LSM6DSV16X   a   0.378   0.119  10.512  g  -0.012   0.002  -0.003[0m
[1;32muart:~$ [m[8D[J[1;32muart:~$ [m[8D[J[00:03:14.214,000] [0m<inf> imu: ICM-42688-P  a   0.354  -0.065   9.923  g  -0.000  -0.005   0.000[0m
[1;32muart:~$ [m[8D[J[00:03:14.265,000] [0m<inf> imu: LSM6DS3TR-C  a   0.103   0.018  10.201  g   0.024  -0.061   0.014[0m
[1;32muart:~$ [m[8D[J[00:03:14.265,000] [0m<inf> imu: LSM6DSV16X   a   0.380   0.115  10.516  g  -0.012   0.002  -0.002[0m
[1;32muart:~$ [m[8D[J[1;32muart:~$ [m[8D[J[00:03:14.266,000] [0m<inf> imu: ICM-42688-P  a   0.348  -0.057   9.931  g   0.000  -0.005   0.001[0m
[1;32muart:~$ [m[8D[J[00:03:14.318,000] [0m<inf> imu: LSM6DS3TR-C  a   0.086   0.022  10.187  g   0.025  -0.062   0.013[0m
[1;32muart:~$ [m[8D[J[00:03:14.319,000] [0m<inf> imu: LSM6DSV16X   a   0.374   0.115  10.510  g  -0.011   0.002  -0.002[0m
[1;32muart:~$ [m[8D[J[1;32muart:~$ [m[8D[J[00:03:14.320,000] [0m<inf> imu: ICM-42688-P  a   0.350  -0.062   9.929  g  -0.001  -0.005   0.000[0m
[1;32muart:~$ [m[8D[J[00:03:14.371,000] [0m<inf> imu: LSM6DS3TR-C  a   0.072   0.013  10.146  g   0.024  -0.062   0.014[0m
[1;32muart:~$ [m[8D[J[00:03:14.372,000] [0m<inf> imu: LSM6DSV16X   a   0.380   0.117  10.521  g  -0.011   0.002  -0.003[0m
[1;32muart:~$ [m[8D[J[1;32muart:~$ [m[8D[J[00:03:14.373,000] [0m<inf> imu: ICM-42688-P  a   0.363  -0.060   9.922  g  -0.000  -0.004   0.000[0m
[1;32muart:~$ [m[8D[J[00:03:14.424,000] [0m<inf> imu: LSM6DS3TR-C  a   0.105  -0.003  10.178  g   0.025  -0.062   0.014[0m
[1;32muart:~$ [m[8D[J[00:03:14.424,000] [0m<inf> imu: LSM6DSV16X   a   0.373   0.115  10.515  g  -0.012   0.003  -0.003[0m
[1;32muart:~$ [m[8D[J[1;32muart:~$ [m[8D[J[00:03:14.425,000] [0m<inf> imu: ICM-42688-P  a   0.357  -0.055   9.919  g   0.000  -0.005   0.000[0m
[1;32muart:~$ [m[8D[J[00:03:14.476,000] [0m<inf> imu: LSM6DS3TR-C  a   0.110   0.007  10.177  g   0.022  -0.060   0.015[0m
[1;32muart:~$ [m[8D[J[00:03:14.477,000] [0m<inf> imu: LSM6DSV16X   a   0.376   0.117  10.507  g  -0.012   0.002  -0.002[0m
[1;32muart:~$ [m[8D[J[1;32muart:~$ [m[8D[J[00:03:14.477,000] [0m<inf> imu: ICM-42688-P  a   0.346  -0.065   9.923  g  -0.001  -0.005   0.000[0m
[1;32muart:~$ [m[8D[J[00:03:14.529,000] [0m<inf> imu: LSM6DS3TR-C  a   0.073   0.019  10.155  g   0.024  -0.061   0.015[0m
[1;32muart:~$ [m[8D[J[00:03:14.530,000] [0m<inf> imu: LSM6DSV16X   a   0.377   0.115  10.512  g  -0.011   0.002  -0.002[0m
[1;32muart:~$ [m[8D[J[1;32muart:~$ [m[8D[J[00:03:14.531,000] [0m<inf> imu: ICM-42688-P  a   0.353  -0.062   9.925  g  -0.001  -0.004  -0.001[0m
[1;32muart:~$ [m[8D[J[00:03:14.582,000] [0m<inf> imu: LSM6DS3TR-C  a   0.102   0.027  10.159  g   0.023  -0.061   0.015[0m
[1;32muart:~$ [m[8D[J[00:03:14.583,000] [0m<inf> imu: LSM6DSV16X   a   0.380   0.114  10.507  g  -0.011   0.002  -0.002[0m
[1;32muart:~$ [m[8D[J[1;32muart:~$ [m[8D[J[00:03:14.583,000] [0m<inf> imu: ICM-42688-P  a   0.350  -0.063   9.928  g  -0.001  -0.005   0.001[0m
[1;32muart:~$ [m[8D[J[00:03:14.635,000] [0m<inf> imu: LSM6DS3TR-C  a   0.094   0.004  10.193  g   0.024  -0.062   0.016[0m
[1;32muart:~$ [m[8D[J[00:03:14.637,000] [0m<inf> imu: LSM6DSV16X   a   0.376   0.117  10.512  g  -0.012   0.002  -0.003[0m
[1;32muart:~$ [m[8D[J[00:03:14.637,000] [0m<inf> imu: ICM-42688-P  a   0.360  -0.053   9.929  g  -0.001  -0.006  -0.000[0m
[1;32muart:~$ [m[8D[J[1;32muart:~$ [m[8D[J[00:03:14.688,000] [0m<inf> imu: LSM6DS3TR-C  a   0.060   0.011  10.143  g   0.021  -0.061   0.018[0m
[1;32muart:~$ [m[8D[J[00:03:14.689,000] [0m<inf> imu: LSM6DSV16X   a   0.375   0.121  10.513  g  -0.011   0.002  -0.003[0m
[1;32muart:~$ [m[8D[J[1;32muart:~$ [m[8D[J[00:03:14.689,000] [0m<inf> imu: ICM-42688-P  a   0.354  -0.069   9.936  g  -0.001  -0.005   0.000[0m
[1;32muart:~$ [m[8D[J[00:03:14.741,000] [0m<inf> imu: LSM6DS3TR-C  a   0.089   0.022  10.162  g   0.024  -0.061   0.014[0m
[1;32muart:~$ [m[8D[J[1;32muart:~$ [m[8D[J[00:03:14.742,000] [0m<inf> imu: LSM6DSV16X   a   0.371   0.120  10.521  g  -0.011   0.002  -0.003[0m
[1;32muart:~$ [m[8D[J[00:03:14.743,000] [0m<inf> imu: ICM-42688-P  a   0.352  -0.062   9.922  g  -0.000  -0.004   0.000[0m
[1;32muart:~$ [m[8D[J[00:03:14.794,000] [0m<inf> imu: LSM6DS3TR-C  a   0.098   0.020  10.172  g   0.022  -0.063   0.014[0m
[1;32muart:~$ [m[8D[J[00:03:14.795,000] [0m<inf> imu: LSM6DSV16X   a   0.374   0.117  10.504  g  -0.011   0.002  -0.002[0m
[1;32muart:~$ [m[8D[J[1;32muart:~$ [m[8D[J[00:03:14.795,000] [0m<inf> imu: ICM-42688-P  a   0.350  -0.057   9.922  g  -0.001  -0.005   0.000[0m
[1;32muart:~$ [m[8D[J[00:03:14.846,000] [0m<inf> imu: LSM6DS3TR-C  a   0.128   0.022  10.157  g   0.023  -0.060   0.015[0m
[1;32muart:~$ [m[8D[J[1;32muart:~$ [m[8D[J[00:03:14.847,000] [0m<inf> imu: LSM6DSV16X   a   0.378   0.112  10.512  g  -0.012   0.002  -0.002[0m
[1;32muart:~$ [m[8D[J[00:03:14.848,000] [0m<inf> imu: ICM-42688-P  a   0.346  -0.063   9.924  g   0.001  -0.005   0.000[0m
[1;32muart:~$ [m[8D[J[00:03:14.899,000] [0m<inf> imu: LSM6DS3TR-C  a   0.104   0.024  10.141  g   0.024  -0.060   0.015[0m
[1;32muart:~$ [m[8D[J[00:03:14.899,000] [0m<inf> imu: LSM6DSV16X   a   0.376   0.115  10.519  g  -0.012   0.002  -0.003[0m
[1;32muart:~$ [m[8D[J[1;32muart:~$ [m[8D[J[00:03:14.900,000] [0m<inf> imu: ICM-42688-P  a   0.350  -0.059   9.942  g   0.001  -0.005   0.000[0m
[1;32muart:~$ [m[8D[J[00:03:14.951,000] [0m<inf> imu: LSM6DS3TR-C  a   0.110   0.013  10.187  g   0.025  -0.063   0.014[0m
[1;32muart:~$ [m[8D[J[1;32muart:~$ [m[8D[J[00:03:14.952,000] [0m<inf> imu: LSM6DSV16X   a   0.383   0.112  10.512  g  -0.011   0.002  -0.003[0m
[1;32muart:~$ [m[8D[J[00:03:14.952,000] [0m<inf> imu: ICM-42688-P  a   0.347  -0.054   9.930  g   0.000  -0.005   0.001[0m
[1;32muart:~$ [m[8D[J[00:03:15.003,000] [0m<inf> imu: LSM6DS3TR-C  a   0.097   0.024  10.183  g   0.025  -0.059   0.016[0m
[1;32muart:~$ [m[8D[J[1;32muart:~$ [m[8D[J[00:03:15.004,000] [0m<inf> imu: LSM6DSV16X   a   0.386   0.117  10.511  g  -0.011   0.002  -0.002[0m
[1;32muart:~$ [m[8D[J[00:03:15.004,000] [0m<inf> imu: ICM-42688-P  a   0.350  -0.060   9.929  g  -0.000  -0.005   0.000[0m
[1;32muart:~$ [m[8D[J[00:03:15.056,000] [0m<inf> imu: LSM6DS3TR-C  a   0.068  -0.005  10.193  g   0.023  -0.062   0.013[0m
[1;32muart:~$ [m[8D[J[1;32muart:~$ [m[8D[J[00:03:15.056,000] [0m<inf> imu: LSM6DSV16X   a   0.380   0.120  10.509  g  -0.011   0.002  -0.003[0m
[1;32muart:~$ [m[8D[J[00:03:15.057,000] [0m<inf> imu: ICM-42688-P  a   0.352  -0.067   9.910  g   0.001  -0.005  -0.001[0m
[1;32muart:~$ [m[8D[J[00:03:15.108,000] [0m<inf> imu: LSM6DS3TR-C  a   0.092   0.036  10.140  g   0.024  -0.061   0.016[0m
[1;32muart:~$ [m[8D[J[1;32muart:~$ [m[8D[J[00:03:15.109,000] [0m<inf> imu: LSM6DSV16X   a   0.380   0.113  10.523  g  -0.011   0.002  -0.003[0m
[1;32muart:~$ [m[8D[J[00:03:15.109,000] [0m<inf> imu: ICM-42688-P  a   0.353  -0.056   9.923  g  -0.000  -0.005   0.001[0m
[1;32muart:~$ [m[8D[J[00:03:15.160,000] [0m<inf> imu: LSM6DS3TR-C  a   0.074   0.015  10.199  g   0.024  -0.060   0.013[0m
[1;32muart:~$ [m[8D[J[1;32muart:~$ [m[8D[J[00:03:15.161,000] [0m<inf> imu: LSM6DSV16X   a   0.379   0.112  10.526  g  -0.012   0.001  -0.002[0m
[1;32muart:~$ [m[8D[J[00:03:15.161,000] [0m<inf> imu: ICM-42688-P  a   0.352  -0.061   9.938  g  -0.001  -0.004   0.000[0m
[1;32muart:~$ [m[8D[J[00:03:15.212,000] [0m<inf> imu: LSM6DS3TR-C  a   0.104   0.040  10.187  g   0.024  -0.060   0.013[0m
[1;32muart:~$ [m[8D[J[1;32muart:~$ [m[8D[J[00:03:15.213,000] [0m<inf> imu: LSM6DSV16X   a   0.378   0.115  10.524  g  -0.011   0.002  -0.003[0m
[1;32muart:~$ [m[8D[J[00:03:15.213,000] [0m<inf> imu: ICM-42688-P  a   0.351  -0.069   9.934  g   0.000  -0.005   0.000[0m
[1;32muart:~$ [m[8D[J[00:03:15.264,000] [0m<inf> imu: LSM6DS3TR-C  a   0.083   0.040  10.199  g   0.023  -0.061   0.013[0m
[1;32muart:~$ [m[8D[J[1;32muart:~$ [m[8D[J[00:03:15.265,000] [0m<inf> imu: LSM6DSV16X   a   0.383   0.117  10.527  g  -0.012   0.002  -0.002[0m
[1;32muart:~$ [m[8D[J[00:03:15.265,000] [0m<inf> imu: ICM-42688-P  a   0.353  -0.056   9.924  g   0.001  -0.004   0.000[0m
[1;32muart:~$ [m[8D[J[1;32muart:~$ [m[8D[J[00:03:15.317,000] [0m<inf> imu: LSM6DS3TR-C  a   0.080   0.025  10.178  g   0.023  -0.061   0.016[0m
[1;32muart:~$ [m[8D[J[00:03:15.318,000] [0m<inf> imu: LSM6DSV16X   a   0.380   0.112  10.509  g  -0.012   0.002  -0.003[0m
[1;32muart:~$ [m[8D[J[00:03:15.319,000] [0m<inf> imu: ICM-42688-P  a   0.339  -0.069   9.924  g   0.000  -0.004   0.001[0m
[1;32muart:~$ [m[8D[J[00:03:15.371,000] [0m<inf> imu: LSM6DS3TR-C  a   0.113   0.005  10.220  g   0.023  -0.062   0.014[0m
[1;32muart:~$ [m[8D[J[1;32muart:~$ [m[8D[J[00:03:15.372,000] [0m<inf> imu: LSM6DSV16X   a   0.376   0.126  10.512  g  -0.012   0.002  -0.003[0m
[1;32muart:~$ [m[8D[J[00:03:15.373,000] [0m<inf> imu: ICM-42688-P  a   0.347  -0.066   9.922  g   0.000  -0.005   0.000[0m
[1;32muart:~$ [m[8D[J[1;32muart:~$ [m[8D[J[00:03:15.424,000] [0m<inf> imu: LSM6DS3TR-C  a   0.095   0.024  10.183  g   0.023  -0.061   0.014[0m
[1;32muart:~$ [m[8D[J[00:03:15.425,000] [0m<inf> imu: LSM6DSV16X   a   0.379   0.115  10.524  g  -0.012   0.002  -0.003[0m
[1;32muart:~$ [m[8D[J[00:03:15.425,000] [0m<inf> imu: ICM-42688-P  a   0.351  -0.060   9.920  g   0.000  -0.005  -0.000[0m
[1;32muart:~$ [m[8D[J[00:03:15.477,000] [0m<inf> imu: LSM6DS3TR-C  a   0.098   0.022  10.188  g   0.024  -0.060   0.012[0m
[1;32muart:~$ [m[8D[J[1;32muart:~$ [m[8D[J[00:03:15.478,000] [0m<inf> imu: LSM6DSV16X   a   0.378   0.117  10.512  g  -0.012   0.002  -0.002[0m
[1;32muart:~$ [m[8D[J[00:03:15.479,000] [0m<inf> imu: ICM-42688-P  a   0.353  -0.062   9.922  g   0.000  -0.005   0.000[0m
[1;32muart:~$ [m[8D[J[1;32muart:~$ [m[8D[J[00:03:15.530,000] [0m<inf> imu: LSM6DS3TR-C  a   0.118   0.029  10.206  g   0.023  -0.063   0.014[0m
[1;32muart:~$ [m[8D[J[00:03:15.531,000] [0m<inf> imu: LSM6DSV16X   a   0.383   0.120  10.518  g  -0.012   0.002  -0.003[0m
[1;32muart:~$ [m[8D[J[00:03:15.531,000] [0m<inf> imu: ICM-42688-P  a   0.346  -0.055   9.930  g  -0.001  -0.004   0.000[0m
[1;32muart:~$ [m[8D[J[00:03:15.583,000] [0m<inf> imu: LSM6DS3TR-C  a   0.110   0.000  10.193  g   0.024  -0.062   0.017[0m
[1;32muart:~$ [m[8D[J[1;32muart:~$ [m[8D[J[00:03:15.584,000] [0m<inf> imu: LSM6DSV16X   a   0.383   0.113  10.519  g  -0.011   0.002  -0.002[0m
[1;32muart:~$ [m[8D[J[00:03:15.584,000] [0m<inf> imu: ICM-42688-P  a   0.342  -0.066   9.917  g  -0.001  -0.005   0.001[0m
[1;32muart:~$ [m[8D[J[00:03:15.635,000] [0m<inf> imu: LSM6DS3TR-C  a   0.123   0.025  10.200  g   0.024  -0.060   0.014[0m
[1;32muart:~$ [m[8D[J[00:03:15.636,000] [0m<inf> imu: LSM6DSV16X   a   0.377   0.115  10.521  g  -0.012   0.003  -0.002[0m
[1;32muart:~$ [m[8D[J[1;32muart:~$ [m[8D[J[00:03:15.637,000] [0m<inf> imu: ICM-42688-P  a   0.354  -0.051   9.930  g   0.000  -0.005   0.000[0m
[1;32muart:~$ [m[8D[J[00:03:15.688,000] [0m<inf> imu: LSM6DS3TR-C  a   0.114   0.031  10.208  g   0.025  -0.061   0.015[0m
[1;32muart:~$ [m[8D[J[1;32muart:~$ [m[8D[J[00:03:15.688,000] [0m<inf> imu: LSM6DSV16X   a   0.378   0.117  10.519  g  -0.012   0.002  -0.003[0m
[1;32muart:~$ [m[8D[J[00:03:15.689,000] [0m<inf> imu: ICM-42688-P  a   0.353  -0.059   9.931  g  -0.001  -0.005   0.000[0m
[1;32muart:~$ [m[8D[J[1;32muart:~$ [m[8D[J[00:03:15.740,000] [0m<inf> imu: LSM6DS3TR-C  a   0.109   0.025  10.221  g   0.023  -0.061   0.016[0m
[1;32muart:~$ [m[8D[J[00:03:15.741,000] [0m<inf> imu: LSM6DSV16X   a   0.380   0.112  10.516  g  -0.012   0.002  -0.003[0m
[1;32muart:~$ [m[8D[J[00:03:15.741,000] [0m<inf> imu: ICM-42688-P  a   0.341  -0.065   9.923  g   0.000  -0.005   0.000[0m
[1;32muart:~$ [m[8D[J[00:03:15.792,000] [0m<inf> imu: LSM6DS3TR-C  a   0.048   0.007  10.192  g   0.024  -0.061   0.015[0m
[1;32muart:~$ [m[8D[J[1;32muart:~$ [m[8D[J[00:03:15.793,000] [0m<inf> imu: LSM6DSV16X   a   0.380   0.115  10.515  g  -0.011   0.002  -0.002[0m
[1;32muart:~$ [m[8D[J[00:03:15.793,000] [0m<inf> imu: ICM-42688-P  a   0.357  -0.055   9.937  g   0.000  -0.004   0.000[0m
[1;32muart:~$ [m[8D[J[1;32muart:~$ [m[8D[J[00:03:15.844,000] [0m<inf> imu: LSM6DS3TR-C  a   0.110   0.009  10.183  g   0.026  -0.061   0.014[0m
[1;32muart:~$ [m[8D[J[00:03:15.845,000] [0m<inf> imu: LSM6DSV16X   a   0.380   0.113  10.510  g  -0.012   0.002  -0.003[0m
[1;32muart:~$ [m[8D[J[00:03:15.846,000] [0m<inf> imu: ICM-42688-P  a   0.364  -0.055   9.932  g  -0.000  -0.004   0.000[0m
[1;32muart:~$ [m[8D[J[00:03:15.897,000] [0m<inf> imu: LSM6DS3TR-C  a   0.083   0.001  10.166  g   0.024  -0.061   0.016[0m
[1;32muart:~$ [m[8D[J[1;32muart:~$ [m[8D[J[00:03:15.897,000] [0m<inf> imu: LSM6DSV16X   a   0.371   0.118  10.519  g  -0.011   0.002  -0.003[0m
[1;32muart:~$ [m[8D[J[00:03:15.898,000] [0m<inf> imu: ICM-42688-P  a   0.363  -0.067   9.926  g  -0.000  -0.004   0.000[0m
[1;32muart:~$ [m[8D[J[1;32muart:~$ [m[8D[J[00:03:15.949,000] [0m<inf> imu: LSM6DS3TR-C  a   0.106   0.025  10.189  g   0.023  -0.060   0.014[0m
[1;32muart:~$ [m[8D[J[00:03:15.950,000] [0m<inf> imu: LSM6DSV16X   a   0.385   0.119  10.519  g  -0.011   0.002  -0.002[0m
[1;32muart:~$ [m[8D[J[00:03:15.950,000] [0m<inf> imu: ICM-42688-P  a   0.363  -0.071   9.924  g   0.000  -0.005  -0.000[0m
[1;32muart:~$ [m[8D[J[1;32muart:~$ [m[8D[J[00:03:16.001,000] [0m<inf> imu: LSM6DS3TR-C  a   0.077   0.036  10.163  g   0.024  -0.060   0.016[0m
[1;32muart:~$ [m[8D[J[00:03:16.002,000] [0m<inf> imu: LSM6DSV16X   a   0.374   0.120  10.519  g  -0.011   0.002  -0.002[0m
[1;32muart:~$ [m[8D[J[00:03:16.002,000] [0m<inf> imu: ICM-42688-P  a   0.341  -0.061   9.935  g   0.000  -0.005  -0.001[0m
[1;32muart:~$ [m[8D[J[1;32muart:~$ [m[8D[J[00:03:16.054,000] [0m<inf> imu: LSM6DS3TR-C  a   0.118   0.032  10.192  g   0.024  -0.062   0.016[0m
[1;32muart:~$ [m[8D[J[00:03:16.055,000] [0m<inf> imu: LSM6DSV16X   a   0.383   0.123  10.512  g  -0.011   0.002  -0.002[0m
[1;32muart:~$ [m[8D[J[00:03:16.056,000] [0m<inf> imu: ICM-42688-P  a   0.350  -0.054   9.926  g  -0.000  -0.005  -0.000[0m
[1;32muart:~$ [m[8D[J[1;32muart:~$ [m[8D[J[00:03:16.107,000] [0m<inf> imu: LSM6DS3TR-C  a   0.070   0.043  10.182  g   0.022  -0.061   0.013[0m
[1;32muart:~$ [m[8D[J[00:03:16.108,000] [0m<inf> imu: LSM6DSV16X   a   0.383   0.117  10.516  g  -0.012   0.001  -0.002[0m
[1;32muart:~$ [m[8D[J[00:03:16.108,000] [0m<inf> imu: ICM-42688-P  a   0.363  -0.056   9.920  g  -0.001  -0.005  -0.000[0m
[1;32muart:~$ [m[8D[J[1;32muart:~$ [m[8D[J[00:03:16.160,000] [0m<inf> imu: LSM6DS3TR-C  a   0.108   0.020  10.178  g   0.024  -0.061   0.015[0m
[1;32muart:~$ [m[8D[J[00:03:16.161,000] [0m<inf> imu: LSM6DSV16X   a   0.378   0.120  10.509  g  -0.013   0.002  -0.002[0m
[1;32muart:~$ [m[8D[J[00:03:16.162,000] [0m<inf> imu: ICM-42688-P  a   0.346  -0.060   9.930  g   0.000  -0.005   0.000[0m
[1;32muart:~$ [m[8D[J[1;32muart:~$ [m[8D[J[00:03:16.213,000] [0m<inf> imu: LSM6DS3TR-C  a   0.079   0.031  10.178  g   0.024  -0.062   0.014[0m
[1;32muart:~$ [m[8D[J[00:03:16.214,000] [0m<inf> imu: LSM6DSV16X   a   0.378   0.123  10.524  g  -0.011   0.002  -0.003[0m
[1;32muart:~$ [m[8D[J[00:03:16.214,000] [0m<inf> imu: ICM-42688-P  a   0.351  -0.071   9.924  g   0.000  -0.005   0.000[0m
[1;32muart:~$ [m[8D[J[1;32muart:~$ [m[8D[J[00:03:16.265,000] [0m<inf> imu: LSM6DS3TR-C  a   0.126   0.028  10.195  g   0.024  -0.061   0.015[0m
[1;32muart:~$ [m[8D[J[00:03:16.267,000] [0m<inf> imu: LSM6DSV16X   a   0.386   0.117  10.512  g  -0.011   0.002  -0.002[0m
[1;32muart:~$ [m[8D[J[1;32muart:~$ [m[8D[J[00:03:16.267,000] [0m<inf> imu: ICM-42688-P  a   0.346  -0.057   9.925  g   0.000  -0.005   0.001[0m
[1;32muart:~$ [m[8D[J[00:03:16.319,000] [0m<inf> imu: LSM6DS3TR-C  a   0.081   0.011  10.187  g   0.022  -0.062   0.014[0m
[1;32muart:~$ [m[8D[J[00:03:16.320,000] [0m<inf> imu: LSM6DSV16X   a   0.379   0.122  10.519  g  -0.011   0.002  -0.002[0m
[1;32muart:~$ [m[8D[J[00:03:16.321,000] [0m<inf> imu: ICM-42688-P  a   0.359  -0.065   9.918  g   0.000  -0.005   0.000[0m
[1;32muart:~$ [m[8D[J[1;32muart:~$ [m[8D[J[00:03:16.373,000] [0m<inf> imu: LSM6DS3TR-C  a   0.110   0.006  10.192  g   0.024  -0.060   0.013[0m
[1;32muart:~$ [m[8D[J[00:03:16.374,000] [0m<inf> imu: LSM6DSV16X   a   0.380   0.115  10.518  g  -0.012   0.002  -0.002[0m
[1;32muart:~$ [m[8D[J[1;32muart:~$ [m[8D[J[00:03:16.375,000] [0m<inf> imu: ICM-42688-P  a   0.353  -0.068   9.931  g   0.000  -0.005   0.001[0m
[1;32muart:~$ [m[8D[J[00:03:16.426,000] [0m<inf> imu: LSM6DS3TR-C  a   0.096   0.016  10.152  g   0.023  -0.061   0.015[0m
[1;32muart:~$ [m[8D[J[00:03:16.426,000] [0m<inf> imu: LSM6DSV16X   a   0.383   0.120  10.519  g  -0.012   0.002  -0.002[0m
[1;32muart:~$ [m[8D[J[00:03:16.427,000] [0m<inf> imu: ICM-42688-P  a   0.347  -0.055   9.918  g   0.000  -0.005   0.001[0m
[1;32muart:~$ [m[8D[J[1;32muart:~$ [m[8D[J[00:03:16.479,000] [0m<inf> imu: LSM6DS3TR-C  a   0.112   0.041  10.168  g   0.023  -0.061   0.012[0m
[1;32muart:~$ [m[8D[J[00:03:16.480,000] [0m<inf> imu: LSM6DSV16X   a   0.377   0.120  10.523  g  -0.011   0.002  -0.002[0m
[1;32muart:~$ [m[8D[J[1;32muart:~$ [m[8D[J[00:03:16.480,000] [0m<inf> imu: ICM-42688-P  a   0.348  -0.062   9.916  g   0.001  -0.004  -0.000[0m
[1;32muart:~$ [m[8D[J[00:03:16.531,000] [0m<inf> imu: LSM6DS3TR-C  a   0.112   0.021  10.174  g   0.022  -0.061   0.013[0m
[1;32muart:~$ [m[8D[J[00:03:16.532,000] [0m<inf> imu: LSM6DSV16X   a   0.379   0.119  10.525  g  -0.011   0.002  -0.002[0m
[1;32muart:~$ [m[8D[J[00:03:16.532,000] [0m<inf> imu: ICM-42688-P  a   0.354  -0.061   9.919  g   0.000  -0.005  -0.001[0m
[1;32muart:~$ [m[8D[J[1;32muart:~$ [m[8D[J[00:03:16.584,000] [0m<inf> imu: LSM6DS3TR-C  a   0.080   0.022  10.161  g   0.024  -0.061   0.015[0m
[1;32muart:~$ [m[8D[J[00:03:16.585,000] [0m<inf> imu: LSM6DSV16X   a   0.371   0.115  10.519  g  -0.011   0.002  -0.002[0m
[1;32muart:~$ [m[8D[J[00:03:16.586,000] [0m<inf> imu: ICM-42688-P  a   0.358  -0.060   9.928  g  -0.001  -0.005   0.000[0m
[1;32muart:~$ [m[8D[J[1;32muart:~$ [m[8D[J[00:03:16.637,000] [0m<inf> imu: LSM6DS3TR-C  a   0.071   0.036  10.158  g   0.024  -0.060   0.014[0m
[1;32muart:~$ [m[8D[J[00:03:16.638,000] [0m<inf> imu: LSM6DSV16X   a   0.383   0.117  10.519  g  -0.011   0.002  -0.003[0m
[1;32muart:~$ [m[8D[J[1;32muart:~$ [m[8D[J[00:03:16.638,000] [0m<inf> imu: ICM-42688-P  a   0.360  -0.059   9.923  g  -0.001  -0.005   0.000[0m
[1;32muart:~$ [m[8D[J[00:03:16.689,000] [0m<inf> imu: LSM6DS3TR-C  a   0.093   0.005  10.208  g   0.023  -0.060   0.014[0m
[1;32muart:~$ [m[8D[J[00:03:16.690,000] [0m<inf> imu: LSM6DSV16X   a   0.381   0.122  10.524  g  -0.011   0.002  -0.002[0m
[1;32muart:~$ [m[8D[J[00:03:16.690,000] [0m<inf> imu: ICM-42688-P  a   0.353  -0.062   9.918  g   0.001  -0.005   0.001[0m
[1;32muart:~$ [m[8D[J[1;32muart:~$ [m[8D[J[00:03:16.741,000] [0m<inf> imu: LSM6DS3TR-C  a   0.101   0.031  10.212  g   0.023  -0.060   0.016[0m
[1;32muart:~$ [m[8D[J[00:03:16.742,000] [0m<inf> imu: LSM6DSV16X   a   0.374   0.115  10.524  g  -0.012   0.003  -0.003[0m
[1;32muart:~$ [m[8D[J[1;32muart:~$ [m[8D[J[00:03:16.743,000] [0m<inf> imu: ICM-42688-P  a   0.338  -0.065   9.926  g  -0.000  -0.004   0.000[0m
[1;32muart:~$ [m[8D[J[00:03:16.794,000] [0m<inf> imu: LSM6DS3TR-C  a   0.098   0.011  10.193  g   0.023  -0.061   0.013[0m
[1;32muart:~$ [m[8D[J[00:03:16.794,000] [0m<inf> imu: LSM6DSV16X   a   0.383   0.115  10.526  g  -0.012   0.002  -0.003[0m
[1;32muart:~$ [m[8D[J[1;32muart:~$ [m[8D[J[00:03:16.795,000] [0m<inf> imu: ICM-42688-P  a   0.353  -0.061   9.924  g   0.000  -0.005  -0.001[0m
[1;32muart:~$ [m[8D[J[00:03:16.846,000] [0m<inf> imu: LSM6DS3TR-C  a   0.090   0.026  10.188  g   0.023  -0.059   0.014[0m
[1;32muart:~$ [m[8D[J[00:03:16.847,000] [0m<inf> imu: LSM6DSV16X   a   0.381   0.113  10.521  g  -0.010   0.002  -0.003[0m
[1;32muart:~$ [m[8D[J[1;32muart:~$ [m[8D[J[00:03:16.847,000] [0m<inf> imu: ICM-42688-P  a   0.344  -0.048   9.922  g   0.000  -0.005   0.000[0m
[1;32muart:~$ [m[8D[J[00:03:16.898,000] [0m<inf> imu: LSM6DS3TR-C  a   0.115  -0.004  10.201  g   0.023  -0.060   0.014[0m
[1;32muart:~$ [m[8D[J[00:03:16.899,000] [0m<inf> imu: LSM6DSV16X   a   0.371   0.114  10.524  g  -0.011   0.002  -0.002[0m
[1;32muart:~$ [m[8D[J[1;32muart:~$ [m[8D[J[00:03:16.899,000] [0m<inf> imu: ICM-42688-P  a   0.351  -0.067   9.926  g  -0.001  -0.005   0.000[0m
[1;32muart:~$ [m[8D[J[00:03:16.950,000] [0m<inf> imu: LSM6DS3TR-C  a   0.100   0.006  10.179  g   0.025  -0.060   0.013[0m
[1;32muart:~$ [m[8D[J[00:03:16.951,000] [0m<inf> imu: LSM6DSV16X   a   0.379   0.115  10.519  g  -0.012   0.002  -0.003[0m
[1;32muart:~$ [m[8D[J[1;32muart:~$ [m[8D[J[00:03:16.952,000] [0m<inf> imu: ICM-42688-P  a   0.348  -0.073   9.926  g   0.001  -0.006   0.000[0m
[1;32muart:~$ [m[8D[J[00:03:17.003,000] [0m<inf> imu: LSM6DS3TR-C  a   0.098   0.023  10.177  g   0.024  -0.060   0.015[0m
[1;32muart:~$ [m[8D[J[00:03:17.003,000] [0m<inf> imu: LSM6DSV16X   a   0.381   0.117  10.521  g  -0.012   0.002  -0.003[0m
[1;32muart:~$ [m[8D[J[1;32muart:~$ [m[8D[J[00:03:17.004,000] [0m<inf> imu: ICM-42688-P  a   0.347  -0.072   9.925  g  -0.001  -0.005   0.000[0m
[1;32muart:~$ [m[8D[J[00:03:17.056,000] [0m<inf> imu: LSM6DS3TR-C  a   0.064   0.039  10.175  g   0.024  -0.060   0.013[0m
[1;32muart:~$ [m[8D[J[00:03:17.057,000] [0m<inf> imu: LSM6DSV16X   a   0.378   0.115  10.522  g  -0.012   0.003  -0.003[0m
[1;32muart:~$ [m[8D[J[1;32muart:~$ [m[8D[J[00:03:17.057,000] [0m<inf> imu: ICM-42688-P  a   0.356  -0.060   9.923  g  -0.000  -0.005  -0.000[0m
[1;32muart:~$ [m[8D[J[00:03:17.109,000] [0m<inf> imu: LSM6DS3TR-C  a   0.101   0.007  10.166  g   0.023  -0.061   0.014[0m
[1;32muart:~$ [m[8D[J[00:03:17.109,000] [0m<inf> imu: LSM6DSV16X   a   0.379   0.115  10.516  g  -0.012   0.002  -0.003[0m
[1;32muart:~$ [m[8D[J[1;32muart:~$ [m[8D[J[00:03:17.110,000] [0m<inf> imu: ICM-42688-P  a   0.357  -0.068   9.924  g   0.000  -0.005  -0.000[0m
[1;32muart:~$ [m[8D[J[00:03:17.161,000] [0m<inf> imu: LSM6DS3TR-C  a   0.100  -0.005  10.212  g   0.024  -0.059   0.015[0m
[1;32muart:~$ [m[8D[J[00:03:17.163,000] [0m<inf> imu: LSM6DSV16X   a   0.375   0.119  10.507  g  -0.011   0.002  -0.003[0m
[1;32muart:~$ [m[8D[J[1;32muart:~$ [m[8D[J[00:03:17.163,000] [0m<inf> imu: ICM-42688-P  a   0.354  -0.054   9.912  g   0.001  -0.005   0.001[0m
[1;32muart:~$ [m[8D[J[00:03:17.214,000] [0m<inf> imu: LSM6DS3TR-C  a   0.098   0.039  10.193  g   0.022  -0.059   0.014[0m
[1;32muart:~$ [m[8D[J[1;32muart:~$ [m[8D[J[00:03:17.215,000] [0m<inf> imu: LSM6DSV16X   a   0.381   0.119  10.516  g  -0.011   0.002  -0.002[0m
[1;32muart:~$ [m[8D[J[00:03:17.215,000] [0m<inf> imu: ICM-42688-P  a   0.341  -0.061   9.917  g  -0.000  -0.004   0.001[0m
[1;32muart:~$ [m[8D[J[00:03:17.267,000] [0m<inf> imu: LSM6DS3TR-C  a   0.084   0.036  10.192  g   0.021  -0.060   0.014[0m
[1;32muart:~$ [m[8D[J[00:03:17.269,000] [0m<inf> imu: LSM6DSV16X   a   0.385   0.115  10.521  g  -0.012   0.002  -0.003[0m
[1;32muart:~$ [m[8D[J[1;32muart:~$ [m[8D[J[00:03:17.269,000] [0m<inf> imu: ICM-42688-P  a   0.354  -0.065   9.928  g   0.001  -0.005  -0.001[0m
[1;32muart:~$ [m[8D[J[00:03:17.321,000] [0m<inf> imu: LSM6DS3TR-C  a   0.112   0.018  10.192  g   0.021  -0.060   0.014[0m
[1;32muart:~$ [m[8D[J[1;32muart:~$ [m[8D[J[00:03:17.322,000] [0m<inf> imu: LSM6DSV16X   a   0.383   0.111  10.524  g  -0.011   0.002  -0.003[0m
[1;32muart:~$ [m[8D[J[00:03:17.323,000] [0m<inf> imu: ICM-42688-P  a   0.353  -0.069   9.922  g   0.000  -0.004  -0.001[0m
[1;32muart:~$ [m[8D[J[00:03:17.375,000] [0m<inf> imu: LSM6DS3TR-C  a   0.110   0.016  10.195  g   0.021  -0.060   0.014[0m
[1;32muart:~$ [m[8D[J[00:03:17.375,000] [0m<inf> imu: LSM6DSV16X   a   0.371   0.118  10.524  g  -0.012   0.001  -0.002[0m
[1;32muart:~$ [m[8D[J[1;32muart:~$ [m[8D[J[00:03:17.376,000] [0m<inf> imu: ICM-42688-P  a   0.346  -0.055   9.917  g   0.000  -0.004  -0.001[0m
[1;32muart:~$ [m[8D[J[00:03:17.427,000] [0m<inf> imu: LSM6DS3TR-C  a   0.105   0.045  10.183  g   0.024  -0.061   0.015[0m
[1;32muart:~$ [m[8D[J[1;32muart:~$ [m[8D[J[00:03:17.428,000] [0m<inf> imu: LSM6DSV16X   a   0.379   0.112  10.524  g  -0.011   0.002  -0.003[0m
[1;32muart:~$ [m[8D[J[00:03:17.429,000] [0m<inf> imu: ICM-42688-P  a   0.347  -0.060   9.910  g  -0.000  -0.005   0.000[0m
[1;32muart:~$ [m[8D[J[00:03:17.480,000] [0m<inf> imu: LSM6DS3TR-C  a   0.097   0.038  10.201  g   0.024  -0.062   0.014[0m
[1;32muart:~$ [m[8D[J[00:03:17.481,000] [0m<inf> imu: LSM6DSV16X   a   0.376   0.120  10.526  g  -0.012   0.003  -0.003[0m
[1;32muart:~$ [m[8D[J[1;32muart:~$ [m[8D[J[00:03:17.481,000] [0m<inf> imu: ICM-42688-P  a   0.348  -0.065   9.930  g   0.000  -0.005   0.000[0m
[1;32muart:~$ [m[8D[J[00:03:17.532,000] [0m<inf> imu: LSM6DS3TR-C  a   0.097   0.001  10.164  g   0.022  -0.062   0.013[0m
[1;32muart:~$ [m[8D[J[1;32muart:~$ [m[8D[J[00:03:17.533,000] [0m<inf> imu: LSM6DSV16X   a   0.377   0.117  10.521  g  -0.012   0.002  -0.003[0m
[1;32muart:~$ [m[8D[J[00:03:17.534,000] [0m<inf> imu: ICM-42688-P  a   0.352  -0.061   9.926  g   0.000  -0.005   0.000[0m
[1;32muart:~$ [m[8D[J[00:03:17.585,000] [0m<inf> imu: LSM6DS3TR-C  a   0.104   0.013  10.192  g   0.023  -0.060   0.015[0m
[1;32muart:~$ [m[8D[J[00:03:17.586,000] [0m<inf> imu: LSM6DSV16X   a   0.376   0.112  10.525  g  -0.013   0.002  -0.003[0m
[1;32muart:~$ [m[8D[J[00:03:17.586,000] [0m<inf> imu: ICM-42688-P  a   0.354  -0.062   9.916  g   0.000  -0.004   0.000[0m
[1;32muart:~$ [m[8D[J[1;32muart:~$ [m[8D[J[00:03:17.637,000] [0m<inf> imu: LSM6DS3TR-C  a   0.094   0.038  10.183  g   0.023  -0.061   0.013[0m
[1;32muart:~$ [m[8D[J[00:03:17.638,000] [0m<inf> imu: LSM6DSV16X   a   0.380   0.115  10.521  g  -0.011   0.002  -0.003[0m
[1;32muart:~$ [m[8D[J[1;32muart:~$ [m[8D[J[00:03:17.638,000] [0m<inf> imu: ICM-42688-P  a   0.357  -0.063   9.918  g   0.000  -0.004   0.000[0m
[1;32muart:~$ [m[8D[J[00:03:17.689,000] [0m<inf> imu: LSM6DS3TR-C  a   0.119   0.042  10.181  g   0.025  -0.060   0.014[0m
[1;32muart:~$ [m[8D[J[1;32muart:~$ [m[8D[J[00:03:17.690,000] [0m<inf> imu: LSM6DSV16X   a   0.385   0.113  10.531  g  -0.012   0.002  -0.003[0m
[1;32muart:~$ [m[8D[J[00:03:17.691,000] [0m<inf> imu: ICM-42688-P  a   0.357  -0.066   9.926  g   0.000  -0.005   0.000[0m
[1;32muart:~$ [m[8D[J[00:03:17.742,000] [0m<inf> imu: LSM6DS3TR-C  a   0.120   0.025  10.153  g   0.024  -0.062   0.016[0m
[1;32muart:~$ [m[8D[J[1;32muart:~$ [m[8D[J[00:03:17.742,000] [0m<inf> imu: LSM6DSV16X   a   0.376   0.121  10.516  g  -0.012   0.001  -0.002[0m
[1;32muart:~$ [m[8D[J[00:03:17.743,000] [0m<inf> imu: ICM-42688-P  a   0.342  -0.059   9.923  g   0.000  -0.005   0.000[0m
[1;32muart:~$ [m[8D[J[00:03:17.794,000] [0m<inf> imu: LSM6DS3TR-C  a   0.101   0.045  10.173  g   0.023  -0.061   0.015[0m
[1;32muart:~$ [m[8D[J[1;32muart:~$ [m[8D[J[00:03:17.795,000] [0m<inf> imu: LSM6DSV16X   a   0.378   0.114  10.519  g  -0.012   0.002  -0.003[0m
[1;32muart:~$ [m[8D[J[00:03:17.795,000] [0m<inf> imu: ICM-42688-P  a   0.352  -0.061   9.918  g   0.001  -0.004   0.001[0m
[1;32muart:~$ [m[8D[J[00:03:17.846,000] [0m<inf> imu: LSM6DS3TR-C  a   0.093   0.026  10.172  g   0.022  -0.059   0.015[0m
[1;32muart:~$ [m[8D[J[1;32muart:~$ [m[8D[J[00:03:17.847,000] [0m<inf> imu: LSM6DSV16X   a   0.380   0.113  10.523  g  -0.012   0.002  -0.003[0m
[1;32muart:~$ [m[8D[J[00:03:17.847,000] [0m<inf> imu: ICM-42688-P  a   0.353  -0.065   9.922  g   0.000  -0.005   0.001[0m
[1;32muart:~$ [m[8D[J[00:03:17.898,000] [0m<inf> imu: LSM6DS3TR-C  a   0.098   0.028  10.177  g   0.022  -0.059   0.015[0m
[1;32muart:~$ [m[8D[J[1;32muart:~$ [m[8D[J[00:03:17.899,000] [0m<inf> imu: LSM6DSV16X   a   0.380   0.119  10.524  g  -0.011   0.001  -0.003[0m
[1;32muart:~$ [m[8D[J[00:03:17.900,000] [0m<inf> imu: ICM-42688-P  a   0.352  -0.060   9.920  g   0.001  -0.005  -0.000[0m
[1;32muart:~$ [m[8D[J[1;32muart:~$ [m[8D[J[00:03:17.951,000] [0m<inf> imu: LSM6DS3TR-C  a   0.090   0.038  10.189  g   0.023  -0.063   0.017[0m
[1;32muart:~$ [m[8D[J[00:03:17.951,000] [0m<inf> imu: LSM6DSV16X   a   0.378   0.110  10.519  g  -0.012   0.001  -0.002[0m
[1;32muart:~$ [m[8D[J[00:03:17.952,000] [0m<inf> imu: ICM-42688-P  a   0.352  -0.048   9.929  g   0.000  -0.005   0.000[0m
[1;32muart:~$ [m[8D[J[00:03:18.003,000] [0m<inf> imu: LSM6DS3TR-C  a   0.100   0.021  10.189  g   0.022  -0.060   0.013[0m
[1;32muart:~$ [m[8D[J[1;32muart:~$ [m[8D[J[00:03:18.005,000] [0m<inf> imu: LSM6DSV16X   a   0.379   0.118  10.516  g  -0.011   0.002  -0.003[0m
[1;32muart:~$ [m[8D[J[00:03:18.005,000] [0m<inf> imu: ICM-42688-P  a   0.359  -0.056   9.932  g  -0.000  -0.005   0.000[0m
[1;32muart:~$ [m[8D[J[1;32muart:~$ [m[8D[J[00:03:18.056,000] [0m<inf> imu: LSM6DS3TR-C  a   0.075   0.031  10.174  g   0.025  -0.062   0.013[0m
[1;32muart:~$ [m[8D[J[00:03:18.057,000] [0m<inf> imu: LSM6DSV16X   a   0.380   0.117  10.524  g  -0.012   0.002  -0.003[0m
[1;32muart:~$ [m[8D[J[00:03:18.058,000] [0m<inf> imu: ICM-42688-P  a   0.348  -0.057   9.931  g   0.000  -0.005   0.000[0m
[1;32muart:~$ [m[8D[J[00:03:18.109,000] [0m<inf> imu: LSM6DS3TR-C  a   0.082   0.027  10.180  g   0.023  -0.060   0.013[0m
[1;32muart:~$ [m[8D[J[1;32muart:~$ [m[8D[J[00:03:18.111,000] [0m<inf> imu: LSM6DSV16X   a   0.382   0.113  10.517  g  -0.012   0.002  -0.003[0m
[1;32muart:~$ [m[8D[J[00:03:18.112,000] [0m<inf> imu: ICM-42688-P  a   0.348  -0.069   9.919  g  -0.001  -0.005   0.001[0m
[1;32muart:~$ [m[8D[J[1;32muart:~$ [m[8D[J[00:03:18.163,000] [0m<inf> imu: LSM6DS3TR-C  a   0.077   0.001  10.198  g   0.024  -0.061   0.015[0m
[1;32muart:~$ [m[8D[J[00:03:18.163,000] [0m<inf> imu: LSM6DSV16X   a   0.373   0.117  10.526  g  -0.011   0.002  -0.003[0m
[1;32muart:~$ [m[8D[J[00:03:18.164,000] [0m<inf> imu: ICM-42688-P  a   0.347  -0.060   9.924  g   0.001  -0.005   0.000[0m
[1;32muart:~$ [m[8D[J[00:03:18.216,000] [0m<inf> imu: LSM6DS3TR-C  a   0.063   0.031  10.158  g   0.022  -0.061   0.013[0m
[1;32muart:~$ [m[8D[J[1;32muart:~$ [m[8D[J[00:03:18.217,000] [0m<inf> imu: LSM6DSV16X   a   0.376   0.108  10.524  g  -0.012   0.002  -0.003[0m
[1;32muart:~$ [m[8D[J[00:03:18.218,000] [0m<inf> imu: ICM-42688-P  a   0.360  -0.059   9.923  g   0.001  -0.005   0.000[0m
[1;32muart:~$ [m[8D[J[1;32muart:~$ [m[8D[J[00:03:18.269,000] [0m<inf> imu: LSM6DS3TR-C  a   0.097   0.026  10.202  g   0.023  -0.062   0.013[0m
[1;32muart:~$ [m[8D[J[00:03:18.269,000] [0m<inf> imu: LSM6DSV16X   a   0.376   0.123  10.524  g  -0.011   0.002  -0.003[0m
[1;32muart:~$ [m[8D[J[00:03:18.270,000] [0m<inf> imu: ICM-42688-P  a   0.354  -0.057   9.919  g   0.001  -0.005  -0.000[0m
[1;32muart:~$ [m[8D[J[1;32muart:~$ [m[8D[J[00:03:18.321,000] [0m<inf> imu: LSM6DS3TR-C  a   0.080   0.021  10.175  g   0.025  -0.061   0.014[0m
[1;32muart:~$ [m[8D[J[00:03:18.322,000] [0m<inf> imu: LSM6DSV16X   a   0.377   0.122  10.526  g  -0.011   0.002  -0.003[0m
[1;32muart:~$ [m[8D[J[00:03:18.323,000] [0m<inf> imu: ICM-42688-P  a   0.350  -0.053   9.925  g   0.000  -0.004   0.000[0m
[1;32muart:~$ [m[8D[J[1;32muart:~$ [m[8D[J[00:03:18.375,000] [0m<inf> imu: LSM6DS3TR-C  a   0.112   0.025  10.193  g   0.022  -0.061   0.013[0m
[1;32muart:~$ [m[8D[J[00:03:18.376,000] [0m<inf> imu: LSM6DSV16X   a   0.380   0.121  10.530  g  -0.012   0.002  -0.003[0m
[1;32muart:~$ [m[8D[J[00:03:18.376,000] [0m<inf> imu: ICM-42688-P  a   0.366  -0.060   9.911  g   0.000  -0.005   0.000[0m
[1;32muart:~$ [m[8D[J[1;32muart:~$ [m[8D[J[00:03:18.427,000] [0m<inf> imu: LSM6DS3TR-C  a   0.089   0.033  10.215  g   0.021  -0.062   0.015[0m
[1;32muart:~$ [m[8D[J[00:03:18.428,000] [0m<inf> imu: LSM6DSV16X   a   0.374   0.117  10.512  g  -0.011   0.001  -0.003[0m
[1;32muart:~$ [m[8D[J[00:03:18.429,000] [0m<inf> imu: ICM-42688-P  a   0.356  -0.071   9.923  g   0.001  -0.004   0.001[0m
[1;32muart:~$ [m[8D[J[1;32muart:~$ [m[8D[J[00:03:18.480,000] [0m<inf> imu: LSM6DS3TR-C  a   0.108   0.001  10.214  g   0.024  -0.060   0.015[0m
[1;32muart:~$ [m[8D[J[00:03:18.480,000] [0m<inf> imu: LSM6DSV16X   a   0.379   0.117  10.519  g  -0.010   0.002  -0.003[0m
[1;32muart:~$ [m[8D[J[00:03:18.481,000] [0m<inf> imu: ICM-42688-P  a   0.350  -0.062   9.926  g  -0.000  -0.005   0.000[0m
[1;32muart:~$ [m[8D[J[1;32muart:~$ [m[8D[J[00:03:18.532,000] [0m<inf> imu: LSM6DS3TR-C  a   0.106  -0.012  10.154  g   0.024  -0.061   0.015[0m
[1;32muart:~$ [m[8D[J[00:03:18.533,000] [0m<inf> imu: LSM6DSV16X   a   0.374   0.117  10.517  g  -0.011   0.002  -0.003[0m
[1;32muart:~$ [m[8D[J[00:03:18.533,000] [0m<inf> imu: ICM-42688-P  a   0.353  -0.067   9.926  g   0.000  -0.004  -0.000[0m
[1;32muart:~$ [m[8D[J[00:03:18.584,000] [0m<inf> imu: LSM6DS3TR-C  a   0.144   0.032  10.168  g   0.023  -0.062   0.016[0m
[1;32muart:~$ [m[8D[J[1;32muart:~$ [m[8D[J[00:03:18.585,000] [0m<inf> imu: LSM6DSV16X   a   0.380   0.117  10.522  g  -0.012   0.002  -0.002[0m
[1;32muart:~$ [m[8D[J[00:03:18.585,000] [0m<inf> imu: ICM-42688-P  a   0.353  -0.062   9.920  g   0.000  -0.005   0.000[0m
[1;32muart:~$ [m[8D[J[1;32muart:~$ [m[8D[J[00:03:18.636,000] [0m<inf> imu: LSM6DS3TR-C  a   0.088   0.029  10.195  g   0.024  -0.059   0.014[0m
[1;32muart:~$ [m[8D[J[00:03:18.637,000] [0m<inf> imu: LSM6DSV16X   a   0.382   0.118  10.525  g  -0.011   0.002  -0.003[0m
[1;32muart:~$ [m[8D[J[00:03:18.638,000] [0m<inf> imu: ICM-42688-P  a   0.356  -0.049   9.912  g   0.000  -0.005  -0.001[0m
[1;32muart:~$ [m[8D[J[1;32muart:~$ [m[8D[J[00:03:18.689,000] [0m<inf> imu: LSM6DS3TR-C  a   0.109   0.044  10.223  g   0.024  -0.060   0.013[0m
[1;32muart:~$ [m[8D[J[00:03:18.689,000] [0m<inf> imu: LSM6DSV16X   a   0.373   0.112  10.511  g  -0.012   0.002  -0.002[0m
[1;32muart:~$ [m[8D[J[00:03:18.690,000] [0m<inf> imu: ICM-42688-P  a   0.356  -0.061   9.931  g  -0.001  -0.004   0.000[0m
[1;32muart:~$ [m[8D[J[1;32muart:~$ [m[8D[J[00:03:18.741,000] [0m<inf> imu: LSM6DS3TR-C  a   0.086   0.003  10.187  g   0.024  -0.063   0.012[0m
[1;32muart:~$ [m[8D[J[00:03:18.743,000] [0m<inf> imu: LSM6DSV16X   a   0.379   0.120  10.516  g  -0.012   0.002  -0.003[0m
[1;32muart:~$ [m[8D[J[1;32muart:~$ [m[8D[J[00:03:18.743,000] [0m<inf> imu: ICM-42688-P  a   0.344  -0.065   9.912  g   0.000  -0.005  -0.001[0m
[1;32muart:~$ [m[8D[J[00:03:18.794,000] [0m<inf> imu: LSM6DS3TR-C  a   0.084   0.009  10.169  g   0.020  -0.060   0.015[0m
[1;32muart:~$ [m[8D[J[00:03:18.795,000] [0m<inf> imu: LSM6DSV16X   a   0.371   0.115  10.516  g  -0.012   0.002  -0.003[0m
[1;32muart:~$ [m[8D[J[00:03:18.796,000] [0m<inf> imu: ICM-42688-P  a   0.363  -0.065   9.925  g  -0.001  -0.005   0.000[0m
[1;32muart:~$ [m[8D[J[1;32muart:~$ [m[8D[J[00:03:18.847,000] [0m<inf> imu: LSM6DS3TR-C  a   0.125   0.029  10.181  g   0.022  -0.060   0.015[0m
[1;32muart:~$ [m[8D[J[00:03:18.849,000] [0m<inf> imu: LSM6DSV16X   a   0.373   0.115  10.524  g  -0.012   0.002  -0.002[0m
[1;32muart:~$ [m[8D[J[1;32muart:~$ [m[8D[J[00:03:18.849,000] [0m<inf> imu: ICM-42688-P  a   0.358  -0.057   9.931  g  -0.001  -0.005   0.001[0m
[1;32muart:~$ [m[8D[J[00:03:18.900,000] [0m<inf> imu: LSM6DS3TR-C  a   0.073   0.026  10.207  g   0.023  -0.060   0.014[0m
[1;32muart:~$ [m[8D[J[00:03:18.901,000] [0m<inf> imu: LSM6DSV16X   a   0.383   0.113  10.516  g  -0.011   0.002  -0.002[0m
[1;32muart:~$ [m[8D[J[00:03:18.902,000] [0m<inf> imu: ICM-42688-P  a   0.356  -0.057   9.924  g   0.000  -0.005   0.000[0m
[1;32muart:~$ [m[8D[J[1;32muart:~$ [m[8D[J[00:03:18.953,000] [0m<inf> imu: LSM6DS3TR-C  a   0.096   0.042  10.192  g   0.024  -0.060   0.013[0m
[1;32muart:~$ [m[8D[J[00:03:18.954,000] [0m<inf> imu: LSM6DSV16X   a   0.382   0.115  10.523  g  -0.012   0.002  -0.003[0m
[1;32muart:~$ [m[8D[J[1;32muart:~$ [m[8D[J[00:03:18.955,000] [0m<inf> imu: ICM-42688-P  a   0.342  -0.072   9.926  g   0.000  -0.004   0.000[0m
[1;32muart:~$ [m[8D[J[00:03:19.006,000] [0m<inf> imu: LSM6DS3TR-C  a   0.111  -0.003  10.174  g   0.025  -0.061   0.015[0m
[1;32muart:~$ [m[8D[J[00:03:19.007,000] [0m<inf> imu: LSM6DSV16X   a   0.373   0.120  10.514  g  -0.012   0.003  -0.003[0m
[1;32muart:~$ [m[8D[J[00:03:19.007,000] [0m<inf> imu: ICM-42688-P  a   0.353  -0.055   9.922  g  -0.000  -0.005   0.001[0m
[1;32muart:~$ [m[8D[J[1;32muart:~$ [m[8D[J[00:03:19.058,000] [0m<inf> imu: LSM6DS3TR-C  a   0.102   0.025  10.241  g   0.024  -0.061   0.015[0m
[1;32muart:~$ [m[8D[J[00:03:19.059,000] [0m<inf> imu: LSM6DSV16X   a   0.376   0.122  10.522  g  -0.011   0.002  -0.003[0m
[1;32muart:~$ [m[8D[J[1;32muart:~$ [m[8D[J[00:03:19.060,000] [0m<inf> imu: ICM-42688-P  a   0.356  -0.056   9.926  g   0.000  -0.004  -0.000[0m
[1;32muart:~$ [m[8D[J[00:03:19.111,000] [0m<inf> imu: LSM6DS3TR-C  a   0.077   0.007  10.192  g   0.024  -0.060   0.016[0m
[1;32muart:~$ [m[8D[J[00:03:19.111,000] [0m<inf> imu: LSM6DSV16X   a   0.380   0.117  10.521  g  -0.012   0.002  -0.002[0m
[1;32muart:~$ [m[8D[J[1;32muart:~$ [m[8D[J[00:03:19.112,000] [0m<inf> imu: ICM-42688-P  a   0.362  -0.056   9.935  g   0.000  -0.004   0.001[0m
[1;32muart:~$ [m[8D[J[00:03:19.163,000] [0m<inf> imu: LSM6DS3TR-C  a   0.111   0.026  10.192  g   0.022  -0.061   0.014[0m
[1;32muart:~$ [m[8D[J[00:03:19.164,000] [0m<inf> imu: LSM6DSV16X   a   0.383   0.117  10.524  g  -0.011   0.002  -0.003[0m
[1;32muart:~$ [m[8D[J[1;32muart:~$ [m[8D[J[00:03:19.164,000] [0m<inf> imu: ICM-42688-P  a   0.354  -0.055   9.922  g   0.000  -0.004   0.001[0m
[1;32muart:~$ [m[8D[J[00:03:19.215,000] [0m<inf> imu: LSM6DS3TR-C  a   0.093   0.023  10.202  g   0.021  -0.061   0.015[0m
[1;32muart:~$ [m[8D[J[00:03:19.216,000] [0m<inf> imu: LSM6DSV16X   a   0.379   0.117  10.511  g  -0.012   0.002  -0.003[0m
[1;32muart:~$ [m[8D[J[1;32muart:~$ [m[8D[J[00:03:19.216,000] [0m<inf> imu: ICM-42688-P  a   0.354  -0.056   9.931  g  -0.001  -0.005  -0.000[0m
[1;32muart:~$ [m[8D[J[00:03:19.268,000] [0m<inf> imu: LSM6DS3TR-C  a   0.099   0.000  10.189  g   0.024  -0.062   0.013[0m
[1;32muart:~$ [m[8D[J[00:03:19.268,000] [0m<inf> imu: LSM6DSV16X   a   0.383   0.113  10.516  g  -0.011   0.002  -0.003[0m
[1;32muart:~$ [m[8D[J[1;32muart:~$ [m[8D[J[00:03:19.269,000] [0m<inf> imu: ICM-42688-P  a   0.350  -0.060   9.935  g   0.000  -0.005   0.000[0m
[1;32muart:~$ [m[8D[J[00:03:19.320,000] [0m<inf> imu: LSM6DS3TR-C  a   0.108   0.002  10.204  g   0.023  -0.057   0.015[0m
[1;32muart:~$ [m[8D[J[00:03:19.321,000] [0m<inf> imu: LSM6DSV16X   a   0.378   0.120  10.524  g  -0.011   0.001  -0.002[0m
[1;32muart:~$ [m[8D[J[1;32muart:~$ [m[8D[J[00:03:19.322,000] [0m<inf> imu: ICM-42688-P  a   0.352  -0.050   9.922  g  -0.001  -0.005  -0.000[0m
[1;32muart:~$ [m[8D[J[00:03:19.374,000] [0m<inf> imu: LSM6DS3TR-C  a   0.092   0.036  10.186  g   0.023  -0.060   0.013[0m
[1;32muart:~$ [m[8D[J[00:03:19.375,000] [0m<inf> imu: LSM6DSV16X   a   0.376   0.117  10.516  g  -0.012   0.002  -0.003[0m
[1;32muart:~$ [m[8D[J[1;32muart:~$ [m[8D[J[00:03:19.375,000] [0m<inf> imu: ICM-42688-P  a   0.351  -0.060   9.917  g   0.000  -0.005   0.000[0m
[1;32muart:~$ [m[8D[J[00:03:19.427,000] [0m<inf> imu: LSM6DS3TR-C  a   0.077   0.034  10.176  g   0.023  -0.059   0.014[0m
[1;32muart:~$ [m[8D[J[00:03:19.427,000] [0m<inf> imu: LSM6DSV16X   a   0.376   0.122  10.511  g  -0.011   0.002  -0.002[0m
[1;32muart:~$ [m[8D[J[1;32muart:~$ [m[8D[J[00:03:19.428,000] [0m<inf> imu: ICM-42688-P  a   0.357  -0.059   9.929  g   0.001  -0.005   0.000[0m
[1;32muart:~$ [m[8D[J[00:03:19.479,000] [0m<inf> imu: LSM6DS3TR-C  a   0.053   0.007  10.141  g   0.024  -0.059   0.015[0m
[1;32muart:~$ [m[8D[J[00:03:19.479,000] [0m<inf> imu: LSM6DSV16X   a   0.376   0.117  10.513  g  -0.011   0.001  -0.003[0m
[1;32muart:~$ [m[8D[J[1;32muart:~$ [m[8D[J[00:03:19.480,000] [0m<inf> imu: ICM-42688-P  a   0.353  -0.060   9.934  g   0.001  -0.004  -0.000[0m
[1;32muart:~$ [m[8D[J[00:03:19.531,000] [0m<inf> imu: LSM6DS3TR-C  a   0.090   0.023  10.180  g   0.024  -0.060   0.014[0m
[1;32muart:~$ [m[8D[J[00:03:19.532,000] [0m<inf> imu: LSM6DSV16X   a   0.377   0.120  10.519  g  -0.010   0.001  -0.002[0m
[1;32muart:~$ [m[8D[J[00:03:19.532,000] [0m<inf> imu: ICM-42688-P  a   0.346  -0.059   9.914  g  -0.001  -0.005   0.001[0m
[1;32muart:~$ [m[8D[J[1;32muart:~$ [m[8D[J[00:03:19.584,000] [0m<inf> imu: LSM6DS3TR-C  a   0.124   0.005  10.158  g   0.023  -0.061   0.016[0m
[1;32muart:~$ [m[8D[J[00:03:19.585,000] [0m<inf> imu: LSM6DSV16X   a   0.385   0.117  10.523  g  -0.012   0.002  -0.002[0m
[1;32muart:~$ [m[8D[J[1;32muart:~$ [m[8D[J[00:03:19.586,000] [0m<inf> imu: ICM-42688-P  a   0.353  -0.062   9.923  g   0.000  -0.005   0.000[0m
[1;32muart:~$ [m[8D[J[00:03:19.637,000] [0m<inf> imu: LSM6DS3TR-C  a   0.111   0.002  10.161  g   0.024  -0.061   0.013[0m
[1;32muart:~$ [m[8D[J[00:03:19.638,000] [0m<inf> imu: LSM6DSV16X   a   0.378   0.115  10.519  g  -0.011   0.002  -0.003[0m
[1;32muart:~$ [m[8D[J[1;32muart:~$ [m[8D[J[00:03:19.638,000] [0m<inf> imu: ICM-42688-P  a   0.347  -0.054   9.923  g   0.000  -0.005   0.001[0m
[1;32muart:~$ [m[8D[J[00:03:19.690,000] [0m<inf> imu: LSM6DS3TR-C  a   0.082   0.023  10.156  g   0.024  -0.062   0.013[0m
[1;32muart:~$ [m[8D[J[1;32muart:~$ [m[8D[J[00:03:19.691,000] [0m<inf> imu: LSM6DSV16X   a   0.376   0.117  10.502  g  -0.012   0.002  -0.003[0m
[1;32muart:~$ [m[8D[J[00:03:19.692,000] [0m<inf> imu: ICM-42688-P  a   0.351  -0.061   9.926  g   0.000  -0.005   0.000[0m
[1;32muart:~$ [m[8D[J[00:03:19.743,000] [0m<inf> imu: LSM6DS3TR-C  a   0.077   0.037  10.202  g   0.024  -0.061   0.014[0m
[1;32muart:~$ [m[8D[J[00:03:19.744,000] [0m<inf> imu: LSM6DSV16X   a   0.380   0.120  10.514  g  -0.011   0.002  -0.003[0m
[1;32muart:~$ [m[8D[J[1;32muart:~$ [m[8D[J[00:03:19.744,000] [0m<inf> imu: ICM-42688-P  a   0.346  -0.069   9.924  g  -0.000  -0.005   0.000[0m
[1;32muart:~$ [m[8D[J[00:03:19.795,000] [0m<inf> imu: LSM6DS3TR-C  a   0.081   0.005  10.155  g   0.024  -0.060   0.014[0m
[1;32muart:~$ [m[8D[J[1;32muart:~$ [m[8D[J[00:03:19.797,000] [0m<inf> imu: LSM6DSV16X   a   0.377   0.121  10.512  g  -0.012   0.002  -0.003[0m
[1;32muart:~$ [m[8D[J[00:03:19.798,000] [0m<inf> imu: ICM-42688-P  a   0.350  -0.056   9.928  g   0.000  -0.004   0.000[0m
[1;32muart:~$ [m[8D[J[00:03:19.849,000] [0m<inf> imu: LSM6DS3TR-C  a   0.075   0.025  10.193  g   0.022  -0.060   0.015[0m
[1;32muart:~$ [m[8D[J[00:03:19.849,000] [0m<inf> imu: LSM6DSV16X   a   0.380   0.115  10.514  g  -0.011   0.001  -0.003[0m
[1;32muart:~$ [m[8D[J[1;32muart:~$ [m[8D[J[00:03:19.850,000] [0m<inf> imu: ICM-42688-P  a   0.346  -0.062   9.931  g   0.001  -0.005   0.000[0m
[1;32muart:~$ [m[8D[J[00:03:19.901,000] [0m<inf> imu: LSM6DS3TR-C  a   0.109   0.023  10.171  g   0.024  -0.060   0.014[0m
[1;32muart:~$ [m[8D[J[1;32muart:~$ [m[8D[J[00:03:19.902,000] [0m<inf> imu: LSM6DSV16X   a   0.380   0.119  10.514  g  -0.013   0.002  -0.003[0m
[1;32muart:~$ [m[8D[J[00:03:19.902,000] [0m<inf> imu: ICM-42688-P  a   0.350  -0.060   9.934  g   0.001  -0.005  -0.001[0m
[1;32muart:~$ [m[8D[J[00:03:19.953,000] [0m<inf> imu: LSM6DS3TR-C  a   0.110   0.018  10.174  g   0.023  -0.061   0.015[0m
[1;32muart:~$ [m[8D[J[1;32muart:~$ [m[8D[J[00:03:19.954,000] [0m<inf> imu: LSM6DSV16X   a   0.380   0.115  10.517  g  -0.012   0.002  -0.003[0m
[1;32muart:~$ [m[8D[J[00:03:19.954,000] [0m<inf> imu: ICM-42688-P  a   0.359  -0.062   9.923  g  -0.000  -0.004   0.000[0m
[1;32muart:~$ [m[8D[J[00:03:20.005,000] [0m<inf> imu: LSM6DS3TR-C  a   0.091   0.027  10.196  g   0.023  -0.063   0.013[0m
[1;32muart:~$ [m[8D[J[1;32muart:~$ [m[8D[J[00:03:20.006,000] [0m<inf> imu: LSM6DSV16X   a   0.376   0.120  10.513  g  -0.012   0.001  -0.002[0m
[1;32muart:~$ [m[8D[J[00:03:20.007,000] [0m<inf> imu: ICM-42688-P  a   0.347  -0.054   9.923  g   0.000  -0.005   0.000[0m
[1;32muart:~$ [m[8D[J[00:03:20.058,000] [0m<inf> imu: LSM6DS3TR-C  a   0.072  -0.004  10.174  g   0.024  -0.060   0.014[0m
[1;32muart:~$ [m[8D[J[1;32muart:~$ [m[8D[J[00:03:20.059,000] [0m<inf> imu: LSM6DSV16X   a   0.381   0.120  10.516  g  -0.011   0.002  -0.003[0m
[1;32muart:~$ [m[8D[J[00:03:20.059,000] [0m<inf> imu: ICM-42688-P  a   0.354  -0.057   9.926  g  -0.001  -0.005  -0.000[0m
[1;32muart:~$ [m[8D[J[00:03:20.110,000] [0m<inf> imu: LSM6DS3TR-C  a   0.091   0.022  10.178  g   0.022  -0.061   0.013[0m
[1;32muart:~$ [m[8D[J[1;32muart:~$ [m[8D[J[00:03:20.111,000] [0m<inf> imu: LSM6DSV16X   a   0.376   0.115  10.515  g  -0.011   0.002  -0.003[0m
[1;32muart:~$ [m[8D[J[00:03:20.111,000] [0m<inf> imu: ICM-42688-P  a   0.350  -0.056   9.931  g   0.000  -0.005   0.000[0m
[1;32muart:~$ [m[8D[J[00:03:20.162,000] [0m<inf> imu: LSM6DS3TR-C  a   0.050   0.025  10.180  g   0.023  -0.060   0.014[0m
[1;32muart:~$ [m[8D[J[1;32muart:~$ [m[8D[J[00:03:20.163,000] [0m<inf> imu: LSM6DSV16X   a   0.376   0.120  10.517  g  -0.011   0.003  -0.002[0m
[1;32muart:~$ [m[8D[J[00:03:20.163,000] [0m<inf> imu: ICM-42688-P  a   0.354  -0.065   9.926  g   0.001  -0.005   0.000[0m
[1;32muart:~$ [m[8D[J[00:03:20.215,000] [0m<inf> imu: LSM6DS3TR-C  a   0.088   0.007  10.156  g   0.024  -0.061   0.014[0m
[1;32muart:~$ [m[8D[J[1;32muart:~$ [m[8D[J[00:03:20.215,000] [0m<inf> imu: LSM6DSV16X   a   0.376   0.122  10.517  g  -0.012   0.002  -0.002[0m
[1;32muart:~$ [m[8D[J[00:03:20.216,000] [0m<inf> imu: ICM-42688-P  a   0.360  -0.067   9.937  g   0.000  -0.005   0.001[0m
[1;32muart:~$ [m[8D[J[00:03:20.267,000] [0m<inf> imu: LSM6DS3TR-C  a   0.084  -0.011  10.182  g   0.023  -0.061   0.013[0m
[1;32muart:~$ [m[8D[J[1;32muart:~$ [m[8D[J[00:03:20.267,000] [0m<inf> imu: LSM6DSV16X   a   0.376   0.110  10.509  g  -0.012   0.002  -0.003[0m
[1;32muart:~$ [m[8D[J[00:03:20.268,000] [0m<inf> imu: ICM-42688-P  a   0.368  -0.073   9.932  g   0.000  -0.005   0.001[0m
[1;32muart:~$ [m[8D[J[00:03:20.319,000] [0m<inf> imu: LSM6DS3TR-C  a   0.098   0.000  10.199  g   0.025  -0.062   0.013[0m
[1;32muart:~$ [m[8D[J[1;32muart:~$ [m[8D[J[00:03:20.321,000] [0m<inf> imu: LSM6DSV16X   a   0.378   0.117  10.516  g  -0.011   0.003  -0.003[0m
[1;32muart:~$ [m[8D[J[00:03:20.322,000] [0m<inf> imu: ICM-42688-P  a   0.354  -0.050   9.934  g   0.001  -0.004   0.000[0m
[1;32muart:~$ [m[8D[J[00:03:20.374,000] [0m<inf> imu: LSM6DS3TR-C  a   0.063   0.003  10.158  g   0.022  -0.061   0.014[0m
[1;32muart:~$ [m[8D[J[1;32muart:~$ [m[8D[J[00:03:20.375,000] [0m<inf> imu: LSM6DSV16X   a   0.378   0.115  10.517  g  -0.011   0.002  -0.003[0m
[1;32muart:~$ [m[8D[J[00:03:20.375,000] [0m<inf> imu: ICM-42688-P  a   0.353  -0.054   9.920  g   0.000  -0.005   0.000[0m
[1;32muart:~$ [m[8D[J[1;32muart:~$ [m[8D[J[00:03:20.426,000] [0m<inf> imu: LSM6DS3TR-C  a   0.090   0.005  10.189  g   0.025  -0.061   0.015[0m
[1;32muart:~$ [m[8D[J[00:03:20.427,000] [0m<inf> imu: LSM6DSV16X   a   0.374   0.113  10.524  g  -0.012   0.002  -0.003[0m
[1;32muart:~$ [m[8D[J[00:03:20.427,000] [0m<inf> imu: ICM-42688-P  a   0.354  -0.072   9.937  g   0.000  -0.004   0.000[0m
[1;32muart:~$ [m[8D[J[00:03:20.479,000] [0m<inf> imu: LSM6DS3TR-C  a   0.093   0.011  10.195  g   0.023  -0.061   0.014[0m
[1;32muart:~$ [m[8D[J[00:03:20.479,000] [0m<inf> imu: LSM6DSV16X   a   0.380   0.117  10.509  g  -0.011   0.002  -0.003[0m
[1;32muart:~$ [m[8D[J[1;32muart:~$ [m[8D[J[00:03:20.480,000] [0m<inf> imu: ICM-42688-P  a   0.347  -0.068   9.910  g   0.000  -0.005   0.000[0m
[1;32muart:~$ [m[8D[J[00:03:20.531,000] [0m<inf> imu: LSM6DS3TR-C  a   0.103   0.022  10.181  g   0.024  -0.061   0.013[0m
[1;32muart:~$ [m[8D[J[1;32muart:~$ [m[8D[J[00:03:20.532,000] [0m<inf> imu: LSM6DSV16X   a   0.381   0.115  10.521  g  -0.012   0.002  -0.003[0m
[1;32muart:~$ [m[8D[J[00:03:20.533,000] [0m<inf> imu: ICM-42688-P  a   0.350  -0.060   9.931  g   0.000  -0.004   0.001[0m
[1;32muart:~$ [m[8D[J[1;32muart:~$ [m[8D[J[00:03:20.584,000] [0m<inf> imu: LSM6DS3TR-C  a   0.099   0.003  10.182  g   0.023  -0.060   0.015[0m
[1;32muart:~$ [m[8D[J[00:03:20.585,000] [0m<inf> imu: LSM6DSV16X   a   0.376   0.115  10.518  g  -0.012   0.002  -0.002[0m
[1;32muart:~$ [m[8D[J[00:03:20.585,000] [0m<inf> imu: ICM-42688-P  a   0.348  -0.060   9.923  g   0.000  -0.005   0.000[0m
[1;32muart:~$ [m[8D[J[00:03:20.637,000] [0m<inf> imu: LSM6DS3TR-C  a   0.068   0.022  10.208  g   0.025  -0.063   0.013[0m
[1;32muart:~$ [m[8D[J[1;32muart:~$ [m[8D[J[00:03:20.638,000] [0m<inf> imu: LSM6DSV16X   a   0.383   0.115  10.519  g  -0.012   0.002  -0.003[0m
[1;32muart:~$ [m[8D[J[00:03:20.639,000] [0m<inf> imu: ICM-42688-P  a   0.348  -0.059   9.906  g   0.001  -0.005   0.000[0m
[1;32muart:~$ [m[8D[J[1;32muart:~$ [m[8D[J[00:03:20.690,000] [0m<inf> imu: LSM6DS3TR-C  a   0.073  -0.004  10.177  g   0.023  -0.061   0.014[0m
[1;32muart:~$ [m[8D[J[00:03:20.691,000] [0m<inf> imu: LSM6DSV16X   a   0.380   0.113  10.504  g  -0.011   0.002  -0.002[0m
[1;32muart:~$ [m[8D[J[00:03:20.691,000] [0m<inf> imu: ICM-42688-P  a   0.364  -0.068   9.936  g  -0.000  -0.004   0.000[0m
[1;32muart:~$ [m[8D[J[00:03:20.742,000] [0m<inf> imu: LSM6DS3TR-C  a   0.143   0.017  10.206  g   0.023  -0.060   0.015[0m
[1;32muart:~$ [m[8D[J[1;32muart:~$ [m[8D[J[00:03:20.743,000] [0m<inf> imu: LSM6DSV16X   a   0.376   0.118  10.511  g  -0.011   0.002  -0.003[0m
[1;32muart:~$ [m[8D[J[00:03:20.744,000] [0m<inf> imu: ICM-42688-P  a   0.352  -0.060   9.905  g   0.000  -0.005   0.001[0m
[1;32muart:~$ [m[8D[J[1;32muart:~$ [m[8D[J[00:03:20.795,000] [0m<inf> imu: LSM6DS3TR-C  a   0.099  -0.001  10.171  g   0.023  -0.063   0.013[0m
[1;32muart:~$ [m[8D[J[00:03:20.795,000] [0m<inf> imu: LSM6DSV16X   a   0.376   0.123  10.512  g  -0.010   0.001  -0.003[0m
[1;32muart:~$ [m[8D[J[00:03:20.796,000] [0m<inf> imu: ICM-42688-P  a   0.359  -0.063   9.917  g   0.000  -0.005   0.001[0m
[1;32muart:~$ [m[8D[J[00:03:20.847,000] [0m<inf> imu: LSM6DS3TR-C  a   0.099  -0.012  10.181  g   0.024  -0.060   0.015[0m
[1;32muart:~$ [m[8D[J[1;32muart:~$ [m[8D[J[00:03:20.848,000] [0m<inf> imu: LSM6DSV16X   a   0.381   0.113  10.525  g  -0.012   0.002  -0.003[0m
[1;32muart:~$ [m[8D[J[00:03:20.848,000] [0m<inf> imu: ICM-42688-P  a   0.339  -0.065   9.918  g   0.000  -0.005   0.000[0m
[1;32muart:~$ [m[8D[J[1;32muart:~$ [m[8D[J[00:03:20.899,000] [0m<inf> imu: LSM6DS3TR-C  a   0.097   0.036  10.168  g   0.023  -0.061   0.013[0m
[1;32muart:~$ [m[8D[J[00:03:20.900,000] [0m<inf> imu: LSM6DSV16X   a   0.373   0.117  10.514  g  -0.012   0.002  -0.003[0m
[1;32muart:~$ [m[8D[J[00:03:20.900,000] [0m<inf> imu: ICM-42688-P  a   0.354  -0.071   9.926  g   0.000  -0.005   0.000[0m
[1;32muart:~$ [m[8D[J[00:03:20.952,000] [0m<inf> imu: LSM6DS3TR-C  a   0.104   0.007  10.211  g   0.024  -0.061   0.014[0m
[1;32muart:~$ [m[8D[J[1;32muart:~$ [m[8D[J[00:03:20.952,000] [0m<inf> imu: LSM6DSV16X   a   0.377   0.112  10.514  g  -0.012   0.002  -0.003[0m
[1;32muart:~$ [m[8D[J[00:03:20.953,000] [0m<inf> imu: ICM-42688-P  a   0.352  -0.063   9.925  g   0.000  -0.005  -0.001[0m
[1;32muart:~$ [m[8D[J[1;32muart:~$ [m[8D[J[00:03:21.004,000] [0m<inf> imu: LSM6DS3TR-C  a   0.108  -0.002  10.176  g   0.022  -0.061   0.013[0m
[1;32muart:~$ [m[8D[J[00:03:21.005,000] [0m<inf> imu: LSM6DSV16X   a   0.373   0.119  10.519  g  -0.011   0.002  -0.003[0m
[1;32muart:~$ [m[8D[J[00:03:21.005,000] [0m<inf> imu: ICM-42688-P  a   0.362  -0.067   9.924  g   0.001  -0.005  -0.001[0m
[1;32muart:~$ [m[8D[J[00:03:21.056,000] [0m<inf> imu: LSM6DS3TR-C  a   0.093   0.023  10.205  g   0.023  -0.060   0.013[0m
[1;32muart:~$ [m[8D[J[1;32muart:~$ [m[8D[J[00:03:21.057,000] [0m<inf> imu: LSM6DSV16X   a   0.379   0.122  10.511  g  -0.012   0.003  -0.003[0m
[1;32muart:~$ [m[8D[J[00:03:21.057,000] [0m<inf> imu: ICM-42688-P  a   0.348  -0.056   9.911  g  -0.000  -0.004   0.000[0m
[1;32muart:~$ [m[8D[J[1;32muart:~$ [m[8D[J[00:03:21.108,000] [0m<inf> imu: LSM6DS3TR-C  a   0.108   0.016  10.174  g   0.023  -0.063   0.016[0m
[1;32muart:~$ [m[8D[J[00:03:21.109,000] [0m<inf> imu: LSM6DSV16X   a   0.385   0.115  10.516  g  -0.011   0.002  -0.002[0m
[1;32muart:~$ [m[8D[J[00:03:21.110,000] [0m<inf> imu: ICM-42688-P  a   0.360  -0.061   9.936  g   0.000  -0.005  -0.001[0m
[1;32muart:~$ [m[8D[J[00:03:21.161,000] [0m<inf> imu: LSM6DS3TR-C  a   0.091   0.025  10.186  g   0.023  -0.062   0.014[0m
[1;32muart:~$ [m[8D[J[1;32muart:~$ [m[8D[J[00:03:21.161,000] [0m<inf> imu: LSM6DSV16X   a   0.385   0.117  10.519  g  -0.011   0.002  -0.002[0m
[1;32muart:~$ [m[8D[J[00:03:21.162,000] [0m<inf> imu: ICM-42688-P  a   0.369  -0.056   9.931  g  -0.001  -0.005   0.000[0m
[1;32muart:~$ [m[8D[J[1;32muart:~$ [m[8D[J[00:03:21.213,000] [0m<inf> imu: LSM6DS3TR-C  a   0.117  -0.017  10.219  g   0.024  -0.062   0.015[0m
[1;32muart:~$ [m[8D[J[00:03:21.213,000] [0m<inf> imu: LSM6DSV16X   a   0.386   0.120  10.517  g  -0.012   0.002  -0.002[0m
[1;32muart:~$ [m[8D[J[00:03:21.214,000] [0m<inf> imu: ICM-42688-P  a   0.350  -0.059   9.910  g  -0.000  -0.005   0.000[0m
[1;32muart:~$ [m[8D[J[1;32muart:~$ [m[8D[J[00:03:21.266,000] [0m<inf> imu: LSM6DS3TR-C  a   0.099   0.002  10.150  g   0.023  -0.059   0.014[0m
[1;32muart:~$ [m[8D[J[00:03:21.267,000] [0m<inf> imu: LSM6DSV16X   a   0.376   0.118  10.521  g  -0.012   0.002  -0.003[0m
[1;32muart:~$ [m[8D[J[00:03:21.268,000] [0m<inf> imu: ICM-42688-P  a   0.365  -0.071   9.922  g   0.000  -0.004   0.000[0m
[1;32muart:~$ [m[8D[J[1;32muart:~$ [m[8D[J[00:03:21.320,000] [0m<inf> imu: LSM6DS3TR-C  a   0.106   0.016  10.164  g   0.022  -0.059   0.014[0m
[1;32muart:~$ [m[8D[J[00:03:21.321,000] [0m<inf> imu: LSM6DSV16X   a   0.381   0.110  10.521  g  -0.012   0.002  -0.003[0m
[1;32muart:~$ [m[8D[J[00:03:21.321,000] [0m<inf> imu: ICM-42688-P  a   0.356  -0.071   9.930  g  -0.001  -0.005   0.001[0m
[1;32muart:~$ [m[8D[J[1;32muart:~$ [m[8D[J[00:03:21.372,000] [0m<inf> imu: LSM6DS3TR-C  a   0.098   0.035  10.182  g   0.022  -0.061   0.016[0m
[1;32muart:~$ [m[8D[J[00:03:21.373,000] [0m<inf> imu: LSM6DSV16X   a   0.378   0.127  10.519  g  -0.012   0.003  -0.003[0m
[1;32muart:~$ [m[8D[J[00:03:21.374,000] [0m<inf> imu: ICM-42688-P  a   0.360  -0.062   9.925  g   0.001  -0.005   0.000[0m
[1;32muart:~$ [m[8D[J[1;32muart:~$ [m[8D[J[00:03:21.425,000] [0m<inf> imu: LSM6DS3TR-C  a   0.115   0.025  10.194  g   0.024  -0.059   0.015[0m
[1;32muart:~$ [m[8D[J[00:03:21.427,000] [0m<inf> imu: LSM6DSV16X   a   0.376   0.118  10.512  g  -0.012   0.003  -0.003[0m
[1;32muart:~$ [m[8D[J[00:03:21.427,000] [0m<inf> imu: ICM-42688-P  a   0.362  -0.055   9.929  g   0.000  -0.004   0.001[0m
[1;32muart:~$ [m[8D[J[1;32muart:~$ [m[8D[J[00:03:21.478,000] [0m<inf> imu: LSM6DS3TR-C  a   0.089  -0.004  10.171  g   0.024  -0.061   0.015[0m
[1;32muart:~$ [m[8D[J[00:03:21.479,000] [0m<inf> imu: LSM6DSV16X   a   0.373   0.119  10.521  g  -0.011   0.002  -0.002[0m
[1;32muart:~$ [m[8D[J[00:03:21.479,000] [0m<inf> imu: ICM-42688-P  a   0.354  -0.067   9.919  g  -0.001  -0.004   0.000[0m
[1;32muart:~$ [m[8D[J[00:03:21.531,000] [0m<inf> imu: LSM6DS3TR-C  a   0.081  -0.001  10.184  g   0.023  -0.060   0.014[0m
[1;32muart:~$ [m[8D[J[1;32muart:~$ [m[8D[J[00:03:21.532,000] [0m<inf> imu: LSM6DSV16X   a   0.371   0.119  10.514  g  -0.011   0.002  -0.003[0m
[1;32muart:~$ [m[8D[J[00:03:21.533,000] [0m<inf> imu: ICM-42688-P  a   0.359  -0.067   9.918  g  -0.000  -0.005   0.001[0m
[1;32muart:~$ [m[8D[J[00:03:21.584,000] [0m<inf> imu: LSM6DS3TR-C  a   0.112   0.023  10.172  g   0.024  -0.061   0.015[0m
[1;32muart:~$ [m[8D[J[1;32muart:~$ [m[8D[J[00:03:21.585,000] [0m<inf> imu: LSM6DSV16X   a   0.383   0.120  10.513  g  -0.011   0.002  -0.003[0m
[1;32muart:~$ [m[8D[J[00:03:21.585,000] [0m<inf> imu: ICM-42688-P  a   0.354  -0.065   9.940  g  -0.000  -0.005   0.000[0m
[1;32muart:~$ [m[8D[J[1;32muart:~$ [m[8D[J[00:03:21.637,000] [0m<inf> imu: LSM6DS3TR-C  a   0.116  -0.010  10.205  g   0.024  -0.061   0.013[0m
[1;32muart:~$ [m[8D[J[00:03:21.638,000] [0m<inf> imu: LSM6DSV16X   a   0.378   0.117  10.512  g  -0.012   0.002  -0.002[0m
[1;32muart:~$ [m[8D[J[00:03:21.639,000] [0m<inf> imu: ICM-42688-P  a   0.357  -0.063   9.929  g   0.000  -0.005   0.001[0m
[1;32muart:~$ [m[8D[J[1;32muart:~$ [m[8D[J[00:03:21.690,000] [0m<inf> imu: LSM6DS3TR-C  a   0.098   0.033  10.192  g   0.024  -0.060   0.014[0m
[1;32muart:~$ [m[8D[J[00:03:21.691,000] [0m<inf> imu: LSM6DSV16X   a   0.371   0.117  10.512  g  -0.010   0.003  -0.002[0m
[1;32muart:~$ [m[8D[J[00:03:21.691,000] [0m<inf> imu: ICM-42688-P  a   0.356  -0.045   9.924  g   0.000  -0.005   0.000[0m
[1;32muart:~$ [m[8D[J[1;32muart:~$ [m[8D[J[00:03:21.743,000] [0m<inf> imu: LSM6DS3TR-C  a   0.088   0.036  10.167  g   0.023  -0.061   0.015[0m
[1;32muart:~$ [m[8D[J[00:03:21.744,000] [0m<inf> imu: LSM6DSV16X   a   0.374   0.114  10.516  g  -0.012   0.002  -0.002[0m
[1;32muart:~$ [m[8D[J[1;32muart:~$ [m[8D[J[00:03:21.744,000] [0m<inf> imu: ICM-42688-P  a   0.342  -0.055   9.924  g   0.000  -0.005   0.000[0m
[1;32muart:~$ [m[8D[J[00:03:21.795,000] [0m<inf> imu: LSM6DS3TR-C  a   0.075  -0.008  10.193  g   0.023  -0.061   0.014[0m
[1;32muart:~$ [m[8D[J[00:03:21.796,000] [0m<inf> imu: LSM6DSV16X   a   0.377   0.117  10.512  g  -0.012   0.003  -0.002[0m
[1;32muart:~$ [m[8D[J[00:03:21.797,000] [0m<inf> imu: ICM-42688-P  a   0.354  -0.055   9.929  g  -0.001  -0.005  -0.000[0m
[1;32muart:~$ [m[8D[J[1;32muart:~$ [m[8D[J[00:03:21.848,000] [0m<inf> imu: LSM6DS3TR-C  a   0.108  -0.009  10.146  g   0.024  -0.061   0.015[0m
[1;32muart:~$ [m[8D[J[00:03:21.850,000] [0m<inf> imu: LSM6DSV16X   a   0.381   0.117  10.521  g  -0.011   0.002  -0.002[0m
[1;32muart:~$ [m[8D[J[1;32muart:~$ [m[8D[J[00:03:21.850,000] [0m<inf> imu: ICM-42688-P  a   0.348  -0.065   9.926  g   0.000  -0.005   0.000[0m
[1;32muart:~$ [m[8D[J[00:03:21.901,000] [0m<inf> imu: LSM6DS3TR-C  a   0.100   0.032  10.173  g   0.023  -0.061   0.015[0m
[1;32muart:~$ [m[8D[J[00:03:21.902,000] [0m<inf> imu: LSM6DSV16X   a   0.368   0.122  10.512  g  -0.012   0.002  -0.003[0m
[1;32muart:~$ [m[8D[J[00:03:21.902,000] [0m<inf> imu: ICM-42688-P  a   0.353  -0.061   9.928  g   0.000  -0.005   0.000[0m
[1;32muart:~$ [m[8D[J[1;32muart:~$ [m[8D[J[00:03:21.954,000] [0m<inf> imu: LSM6DS3TR-C  a   0.066   0.018  10.121  g   0.026  -0.062   0.013[0m
[1;32muart:~$ [m[8D[J[00:03:21.956,000] [0m<inf> imu: LSM6DSV16X   a   0.374   0.120  10.512  g  -0.012   0.002  -0.003[0m
[1;32muart:~$ [m[8D[J[1;32muart:~$ [m[8D[J[00:03:21.956,000] [0m<inf> imu: ICM-42688-P  a   0.348  -0.063   9.925  g   0.001  -0.005   0.000[0m
[1;32muart:~$ [m[8D[J[00:03:22.007,000] [0m<inf> imu: LSM6DS3TR-C  a   0.075  -0.008  10.201  g   0.022  -0.062   0.014[0m
[1;32muart:~$ [m[8D[J[00:03:22.008,000] [0m<inf> imu: LSM6DSV16X   a   0.373   0.112  10.513  g  -0.011   0.002  -0.003[0m
[1;32muart:~$ [m[8D[J[00:03:22.008,000] [0m<inf> imu: ICM-42688-P  a   0.352  -0.073   9.931  g  -0.001  -0.005   0.000[0m
[1;32muart:~$ [m[8D[J[1;32muart:~$ [m[8D[J[00:03:22.059,000] [0m<inf> imu: LSM6DS3TR-C  a   0.096   0.019  10.193  g   0.025  -0.060   0.016[0m
[1;32muart:~$ [m[8D[J[00:03:22.060,000] [0m<inf> imu: LSM6DSV16X   a   0.381   0.117  10.516  g  -0.012   0.002  -0.002[0m
[1;32muart:~$ [m[8D[J[1;32muart:~$ [m[8D[J[00:03:22.061,000] [0m<inf> imu: ICM-42688-P  a   0.354  -0.055   9.911  g   0.000  -0.004   0.000[0m
[1;32muart:~$ [m[8D[J[00:03:22.112,000] [0m<inf> imu: LSM6DS3TR-C  a   0.074   0.017  10.179  g   0.024  -0.060   0.015[0m
[1;32muart:~$ [m[8D[J[00:03:22.112,000] [0m<inf> imu: LSM6DSV16X   a   0.376   0.121  10.521  g  -0.012   0.002  -0.002[0m
[1;32muart:~$ [m[8D[J[1;32muart:~$ [m[8D[J[00:03:22.113,000] [0m<inf> imu: ICM-42688-P  a   0.351  -0.051   9.922  g   0.000  -0.005  -0.001[0m
[1;32muart:~$ [m[8D[J[00:03:22.164,000] [0m<inf> imu: LSM6DS3TR-C  a   0.062   0.002  10.224  g   0.023  -0.060   0.013[0m
[1;32muart:~$ [m[8D[J[00:03:22.165,000] [0m<inf> imu: LSM6DSV16X   a   0.382   0.120  10.519  g  -0.012   0.002  -0.002[0m
[1;32muart:~$ [m[8D[J[1;32muart:~$ [m[8D[J[00:03:22.165,000] [0m<inf> imu: ICM-42688-P  a   0.354  -0.056   9.922  g   0.000  -0.005   0.001[0m
[1;32muart:~$ [m[8D[J[00:03:22.216,000] [0m<inf> imu: LSM6DS3TR-C  a   0.093   0.018  10.178  g   0.024  -0.060   0.014[0m
[1;32muart:~$ [m[8D[J[00:03:22.217,000] [0m<inf> imu: LSM6DSV16X   a   0.383   0.111  10.518  g  -0.011   0.002  -0.002[0m
[1;32muart:~$ [m[8D[J[1;32muart:~$ [m[8D[J[00:03:22.217,000] [0m<inf> imu: ICM-42688-P  a   0.352  -0.069   9.929  g  -0.000  -0.005   0.000[0m
[1;32muart:~$ [m[8D[J[00:03:22.268,000] [0m<inf> imu: LSM6DS3TR-C  a   0.086   0.017  10.172  g   0.022  -0.060   0.014[0m
[1;32muart:~$ [m[8D[J[00:03:22.269,000] [0m<inf> imu: LSM6DSV16X   a   0.381   0.120  10.524  g  -0.012   0.002  -0.002[0m
[1;32muart:~$ [m[8D[J[1;32muart:~$ [m[8D[J[00:03:22.269,000] [0m<inf> imu: ICM-42688-P  a   0.360  -0.065   9.922  g  -0.001  -0.005  -0.000[0m
[1;32muart:~$ [m[8D[J[00:03:22.321,000] [0m<inf> imu: LSM6DS3TR-C  a   0.103   0.008  10.189  g   0.024  -0.060   0.017[0m
[1;32muart:~$ [m[8D[J[00:03:22.322,000] [0m<inf> imu: LSM6DSV16X   a   0.374   0.118  10.512  g  -0.012   0.002  -0.003[0m
[1;32muart:~$ [m[8D[J[1;32muart:~$ [m[8D[J[00:03:22.323,000] [0m<inf> imu: ICM-42688-P  a   0.359  -0.069   9.925  g  -0.000  -0.004   0.000[0m
[1;32muart:~$ [m[8D[J[00:03:22.375,000] [0m<inf> imu: LSM6DS3TR-C  a   0.125   0.029  10.207  g   0.022  -0.060   0.014[0m
[1;32muart:~$ [m[8D[J[00:03:22.375,000] [0m<inf> imu: LSM6DSV16X   a   0.385   0.117  10.521  g  -0.012   0.002  -0.002[0m
[1;32muart:~$ [m[8D[J[1;32muart:~$ [m[8D[J[00:03:22.376,000] [0m<inf> imu: ICM-42688-P  a   0.339  -0.067   9.923  g  -0.001  -0.005   0.000[0m
[1;32muart:~$ [m[8D[J[00:03:22.427,000] [0m<inf> imu: LSM6DS3TR-C  a   0.093   0.025  10.220  g   0.023  -0.060   0.014[0m
[1;32muart:~$ [m[8D[J[1;32muart:~$ [m[8D[J[00:03:22.428,000] [0m<inf> imu: LSM6DSV16X   a   0.379   0.117  10.521  g  -0.012   0.002  -0.002[0m
[1;32muart:~$ [m[8D[J[00:03:22.428,000] [0m<inf> imu: ICM-42688-P  a   0.352  -0.060   9.932  g   0.000  -0.005   0.000[0m
[1;32muart:~$ [m[8D[J[00:03:22.479,000] [0m<inf> imu: LSM6DS3TR-C  a   0.092   0.015  10.192  g   0.022  -0.061   0.015[0m
[1;32muart:~$ [m[8D[J[00:03:22.480,000] [0m<inf> imu: LSM6DSV16X   a   0.376   0.108  10.516  g  -0.011   0.003  -0.002[0m
[1;32muart:~$ [m[8D[J[00:03:22.481,000] [0m<inf> imu: ICM-42688-P  a   0.351  -0.067   9.930  g  -0.000  -0.005  -0.000[0m
[1;32muart:~$ [m[8D[J[00:03:22.532,000] [0m<inf> imu: LSM6DS3TR-C  a   0.102   0.013  10.178  g   0.024  -0.062   0.014[0m
[1;32muart:~$ [m[8D[J[1;32muart:~$ [m[8D[J[00:03:22.532,000] [0m<inf> imu: LSM6DSV16X   a   0.383   0.112  10.515  g  -0.011   0.002  -0.003[0m
[1;32muart:~$ [m[8D[J[00:03:22.533,000] [0m<inf> imu: ICM-42688-P  a   0.351  -0.069   9.931  g   0.000  -0.004  -0.001[0m
[1;32muart:~$ [m[8D[J[00:03:22.584,000] [0m<inf> imu: LSM6DS3TR-C  a   0.093   0.022  10.193  g   0.022  -0.061   0.016[0m
[1;32muart:~$ [m[8D[J[00:03:22.585,000] [0m<inf> imu: LSM6DSV16X   a   0.376   0.118  10.519  g  -0.011   0.002  -0.003[0m
[1;32muart:~$ [m[8D[J[1;32muart:~$ [m[8D[J[00:03:22.585,000] [0m<inf> imu: ICM-42688-P  a   0.359  -0.059   9.923  g  -0.001  -0.005   0.001[0m
[1;32muart:~$ [m[8D[J[00:03:22.637,000] [0m<inf> imu: LSM6DS3TR-C  a   0.105  -0.001  10.190  g   0.024  -0.061   0.016[0m
[1;32muart:~$ [m[8D[J[1;32muart:~$ [m[8D[J[00:03:22.638,000] [0m<inf> imu: LSM6DSV16X   a   0.373   0.121  10.519  g  -0.012   0.002  -0.003[0m
[1;32muart:~$ [m[8D[J[00:03:22.639,000] [0m<inf> imu: ICM-42688-P  a   0.354  -0.056   9.938  g  -0.001  -0.005  -0.000[0m
[1;32muart:~$ [m[8D[J[00:03:22.690,000] [0m<inf> imu: LSM6DS3TR-C  a   0.099  -0.007  10.175  g   0.023  -0.060   0.016[0m
[1;32muart:~$ [m[8D[J[00:03:22.691,000] [0m<inf> imu: LSM6DSV16X   a   0.383   0.117  10.522  g  -0.011   0.002  -0.003[0m
[1;32muart:~$ [m[8D[J[1;32muart:~$ [m[8D[J[00:03:22.691,000] [0m<inf> imu: ICM-42688-P  a   0.357  -0.065   9.925  g  -0.001  -0.005  -0.000[0m
[1;32muart:~$ [m[8D[J[00:03:22.743,000] [0m<inf> imu: LSM6DS3TR-C  a   0.103   0.004  10.185  g   0.023  -0.060   0.013[0m
[1;32muart:~$ [m[8D[J[1;32muart:~$ [m[8D[J[00:03:22.744,000] [0m<inf> imu: LSM6DSV16X   a   0.380   0.115  10.523  g  -0.012   0.002  -0.003[0m
[1;32muart:~$ [m[8D[J[00:03:22.745,000] [0m<inf> imu: ICM-42688-P  a   0.356  -0.066   9.926  g  -0.001  -0.005  -0.000[0m
[1;32muart:~$ [m[8D[J[00:03:22.796,000] [0m<inf> imu: LSM6DS3TR-C  a   0.100   0.019  10.221  g   0.022  -0.060   0.015[0m
[1;32muart:~$ [m[8D[J[00:03:22.797,000] [0m<inf> imu: LSM6DSV16X   a   0.380   0.117  10.507  g  -0.011   0.002  -0.002[0m
[1;32muart:~$ [m[8D[J[1;32muart:~$ [m[8D[J[00:03:22.797,000] [0m<inf> imu: ICM-42688-P  a   0.354  -0.065   9.930  g   0.001  -0.005   0.000[0m
[1;32muart:~$ [m[8D[J[00:03:22.849,000] [0m<inf> imu: LSM6DS3TR-C  a   0.065   0.001  10.169  g   0.023  -0.061   0.014[0m
[1;32muart:~$ [m[8D[J[1;32muart:~$ [m[8D[J[00:03:22.850,000] [0m<inf> imu: LSM6DSV16X   a   0.383   0.117  10.515  g  -0.012   0.002  -0.003[0m
[1;32muart:~$ [m[8D[J[00:03:22.851,000] [0m<inf> imu: ICM-42688-P  a   0.351  -0.071   9.938  g  -0.000  -0.005  -0.000[0m
[1;32muart:~$ [m[8D[J[00:03:22.902,000] [0m<inf> imu: LSM6DS3TR-C  a   0.115   0.018  10.191  g   0.023  -0.063   0.015[0m
[1;32muart:~$ [m[8D[J[1;32muart:~$ [m[8D[J[00:03:22.903,000] [0m<inf> imu: LSM6DSV16X   a   0.373   0.123  10.516  g  -0.012   0.002  -0.003[0m
[1;32muart:~$ [m[8D[J[00:03:22.903,000] [0m<inf> imu: ICM-42688-P  a   0.354  -0.074   9.899  g  -0.001  -0.005   0.000[0m
[1;32muart:~$ [m[8D[J[00:03:22.954,000] [0m<inf> imu: LSM6DS3TR-C  a   0.108  -0.008  10.210  g   0.023  -0.062   0.016[0m
[1;32muart:~$ [m[8D[J[1;32muart:~$ [m[8D[J[00:03:22.955,000] [0m<inf> imu: LSM6DSV16X   a   0.383   0.115  10.515  g  -0.012   0.002  -0.002[0m
[1;32muart:~$ [m[8D[J[00:03:22.956,000] [0m<inf> imu: ICM-42688-P  a   0.359  -0.056   9.923  g   0.001  -0.005   0.001[0m
[1;32muart:~$ [m[8D[J[00:03:23.007,000] [0m<inf> imu: LSM6DS3TR-C  a   0.069   0.024  10.181  g   0.023  -0.060   0.016[0m
[1;32muart:~$ [m[8D[J[1;32muart:~$ [m[8D[J[00:03:23.007,000] [0m<inf> imu: LSM6DSV16X   a   0.373   0.114  10.526  g  -0.011   0.002  -0.003[0m
[1;32muart:~$ [m[8D[J[00:03:23.008,000] [0m<inf> imu: ICM-42688-P  a   0.348  -0.068   9.932  g  -0.001  -0.005   0.001[0m
[1;32muart:~$ [m[8D[J[00:03:23.059,000] [0m<inf> imu: LSM6DS3TR-C  a   0.136   0.040  10.210  g   0.023  -0.061   0.015[0m
[1;32muart:~$ [m[8D[J[1;32muart:~$ [m[8D[J[00:03:23.060,000] [0m<inf> imu: LSM6DSV16X   a   0.377   0.120  10.518  g  -0.011   0.002  -0.002[0m
[1;32muart:~$ [m[8D[J[00:03:23.060,000] [0m<inf> imu: ICM-42688-P  a   0.341  -0.061   9.924  g   0.000  -0.005  -0.001[0m
[1;32muart:~$ [m[8D[J[00:03:23.111,000] [0m<inf> imu: LSM6DS3TR-C  a   0.075   0.025  10.187  g   0.023  -0.060   0.013[0m
[1;32muart:~$ [m[8D[J[1;32muart:~$ [m[8D[J[00:03:23.112,000] [0m<inf> imu: LSM6DSV16X   a   0.376   0.120  10.516  g  -0.011   0.002  -0.002[0m
[1;32muart:~$ [m[8D[J[00:03:23.112,000] [0m<inf> imu: ICM-42688-P  a   0.350  -0.059   9.935  g   0.000  -0.005  -0.000[0m
[1;32muart:~$ [m[8D[J[00:03:23.163,000] [0m<inf> imu: LSM6DS3TR-C  a   0.100   0.005  10.172  g   0.024  -0.060   0.016[0m
[1;32muart:~$ [m[8D[J[1;32muart:~$ [m[8D[J[00:03:23.164,000] [0m<inf> imu: LSM6DSV16X   a   0.380   0.112  10.516  g  -0.011   0.002  -0.002[0m
[1;32muart:~$ [m[8D[J[00:03:23.165,000] [0m<inf> imu: ICM-42688-P  a   0.351  -0.063   9.929  g   0.001  -0.005  -0.000[0m
[1;32muart:~$ [m[8D[J[00:03:23.216,000] [0m<inf> imu: LSM6DS3TR-C  a   0.112   0.011  10.198  g   0.023  -0.061   0.013[0m
[1;32muart:~$ [m[8D[J[1;32muart:~$ [m[8D[J[00:03:23.216,000] [0m<inf> imu: LSM6DSV16X   a   0.376   0.115  10.521  g  -0.013   0.001  -0.003[0m
[1;32muart:~$ [m[8D[J[00:03:23.217,000] [0m<inf> imu: ICM-42688-P  a   0.365  -0.063   9.919  g   0.000  -0.005  -0.000[0m
[1;32muart:~$ [m[8D[J[00:03:23.268,000] [0m<inf> imu: LSM6DS3TR-C  a   0.093   0.022  10.190  g   0.023  -0.061   0.014[0m
[1;32muart:~$ [m[8D[J[1;32muart:~$ [m[8D[J[00:03:23.268,000] [0m<inf> imu: LSM6DSV16X   a   0.379   0.120  10.519  g  -0.012   0.002  -0.003[0m
[1;32muart:~$ [m[8D[J[00:03:23.269,000] [0m<inf> imu: ICM-42688-P  a   0.356  -0.065   9.917  g   0.000  -0.006   0.000[0m
[1;32muart:~$ [m[8D[J[00:03:23.320,000] [0m<inf> imu: LSM6DS3TR-C  a   0.104   0.016  10.177  g   0.024  -0.061   0.015[0m
[1;32muart:~$ [m[8D[J[1;32muart:~$ [m[8D[J[00:03:23.321,000] [0m<inf> imu: LSM6DSV16X   a   0.383   0.113  10.524  g  -0.010   0.002  -0.003[0m
[1;32muart:~$ [m[8D[J[00:03:23.322,000] [0m<inf> imu: ICM-42688-P  a   0.371  -0.057   9.930  g   0.000  -0.004   0.001[0m
[1;32muart:~$ [m[8D[J[1;32muart:~$ [m[8D[J[00:03:23.373,000] [0m<inf> imu: LSM6DS3TR-C  a   0.124   0.044  10.209  g   0.023  -0.062   0.014[0m
[1;32muart:~$ [m[8D[J[00:03:23.374,000] [0m<inf> imu: LSM6DSV16X   a   0.385   0.112  10.516  g  -0.012   0.002  -0.003[0m
[1;32muart:~$ [m[8D[J[00:03:23.374,000] [0m<inf> imu: ICM-42688-P  a   0.354  -0.067   9.944  g  -0.000  -0.005   0.001[0m
[1;32muart:~$ [m[8D[J[00:03:23.426,000] [0m<inf> imu: LSM6DS3TR-C  a   0.105   0.042  10.217  g   0.023  -0.061   0.015[0m
[1;32muart:~$ [m[8D[J[1;32muart:~$ [m[8D[J[00:03:23.427,000] [0m<inf> imu: LSM6DSV16X   a   0.379   0.108  10.526  g  -0.011   0.002  -0.003[0m
[1;32muart:~$ [m[8D[J[00:03:23.427,000] [0m<inf> imu: ICM-42688-P  a   0.354  -0.067   9.928  g   0.000  -0.005   0.000[0m
[1;32muart:~$ [m[8D[J[00:03:23.479,000] [0m<inf> imu: LSM6DS3TR-C  a   0.095   0.030  10.197  g   0.025  -0.060   0.014[0m
[1;32muart:~$ [m[8D[J[00:03:23.479,000] [0m<inf> imu: LSM6DSV16X   a   0.375   0.121  10.521  g  -0.012   0.002  -0.002[0m
[1;32muart:~$ [m[8D[J[1;32muart:~$ [m[8D[J[00:03:23.480,000] [0m<inf> imu: ICM-42688-P  a   0.354  -0.063   9.926  g  -0.000  -0.005   0.001[0m
[1;32muart:~$ [m[8D[J[00:03:23.531,000] [0m<inf> imu: LSM6DS3TR-C  a   0.086   0.016  10.176  g   0.022  -0.061   0.013[0m
[1;32muart:~$ [m[8D[J[1;32muart:~$ [m[8D[J[00:03:23.533,000] [0m<inf> imu: LSM6DSV16X   a   0.376   0.119  10.519  g  -0.011   0.003  -0.002[0m
[1;32muart:~$ [m[8D[J[00:03:23.534,000] [0m<inf> imu: ICM-42688-P  a   0.363  -0.053   9.934  g   0.000  -0.004   0.001[0m
[1;32muart:~$ [m[8D[J[1;32muart:~$ [m[8D[J[00:03:23.585,000] [0m<inf> imu: LSM6DS3TR-C  a   0.074   0.026  10.168  g   0.024  -0.062   0.014[0m
[1;32muart:~$ [m[8D[J[00:03:23.585,000] [0m<inf> imu: LSM6DSV16X   a   0.378   0.117  10.524  g  -0.011   0.002  -0.002[0m
[1;32muart:~$ [m[8D[J[00:03:23.586,000] [0m<inf> imu: ICM-42688-P  a   0.354  -0.055   9.918  g   0.000  -0.005   0.000[0m
[1;32muart:~$ [m[8D[J[00:03:23.637,000] [0m<inf> imu: LSM6DS3TR-C  a   0.116   0.028  10.233  g   0.022  -0.061   0.016[0m
[1;32muart:~$ [m[8D[J[1;32muart:~$ [m[8D[J[00:03:23.639,000] [0m<inf> imu: LSM6DSV16X   a   0.376   0.120  10.528  g  -0.012   0.003  -0.003[0m
[1;32muart:~$ [m[8D[J[00:03:23.640,000] [0m<inf> imu: ICM-42688-P  a   0.346  -0.066   9.931  g   0.000  -0.006  -0.000[0m
[1;32muart:~$ [m[8D[J[1;32muart:~$ [m[8D[J[00:03:23.691,000] [0m<inf> imu: LSM6DS3TR-C  a   0.095   0.008  10.189  g   0.024  -0.061   0.015[0m
[1;32muart:~$ [m[8D[J[00:03:23.691,000] [0m<inf> imu: LSM6DSV16X   a   0.386   0.115  10.523  g  -0.011   0.003  -0.002[0m
[1;32muart:~$ [m[8D[J[00:03:23.692,000] [0m<inf> imu: ICM-42688-P  a   0.363  -0.067   9.938  g  -0.001  -0.005  -0.001[0m
[1;32muart:~$ [m[8D[J[00:03:23.743,000] [0m<inf> imu: LSM6DS3TR-C  a   0.135   0.026  10.189  g   0.023  -0.061   0.015[0m
[1;32muart:~$ [m[8D[J[1;32muart:~$ [m[8D[J[00:03:23.744,000] [0m<inf> imu: LSM6DSV16X   a   0.382   0.119  10.519  g  -0.012   0.002  -0.003[0m
[1;32muart:~$ [m[8D[J[00:03:23.744,000] [0m<inf> imu: ICM-42688-P  a   0.351  -0.065   9.914  g   0.001  -0.005   0.001[0m
[1;32muart:~$ [m[8D[J[1;32muart:~$ [m[8D[J[00:03:23.795,000] [0m<inf> imu: LSM6DS3TR-C  a   0.121   0.025  10.169  g   0.023  -0.059   0.014[0m
[1;32muart:~$ [m[8D[J[00:03:23.796,000] [0m<inf> imu: LSM6DSV16X   a   0.382   0.117  10.519  g  -0.012   0.002  -0.003[0m
[1;32muart:~$ [m[8D[J[00:03:23.797,000] [0m<inf> imu: ICM-42688-P  a   0.354  -0.067   9.913  g  -0.001  -0.005   0.000[0m
[1;32muart:~$ [m[8D[J[1;32muart:~$ [m[8D[J[00:03:23.848,000] [0m<inf> imu: LSM6DS3TR-C  a   0.119   0.035  10.181  g   0.022  -0.062   0.013[0m
[1;32muart:~$ [m[8D[J[00:03:23.848,000] [0m<inf> imu: LSM6DSV16X   a   0.376   0.120  10.515  g  -0.012   0.002  -0.003[0m
[1;32muart:~$ [m[8D[J[00:03:23.849,000] [0m<inf> imu: ICM-42688-P  a   0.346  -0.056   9.940  g  -0.001  -0.005  -0.001[0m
[1;32muart:~$ [m[8D[J[1;32muart:~$ [m[8D[J[00:03:23.900,000] [0m<inf> imu: LSM6DS3TR-C  a   0.112   0.056  10.189  g   0.023  -0.063   0.014[0m
[1;32muart:~$ [m[8D[J[00:03:23.901,000] [0m<inf> imu: LSM6DSV16X   a   0.379   0.114  10.524  g  -0.012   0.003  -0.003[0m
[1;32muart:~$ [m[8D[J[00:03:23.901,000] [0m<inf> imu: ICM-42688-P  a   0.351  -0.055   9.922  g   0.000  -0.005   0.001[0m
[1;32muart:~$ [m[8D[J[1;32muart:~$ [m[8D[J[00:03:23.952,000] [0m<inf> imu: LSM6DS3TR-C  a   0.111   0.013  10.223  g   0.023  -0.060   0.015[0m
[1;32muart:~$ [m[8D[J[00:03:23.953,000] [0m<inf> imu: LSM6DSV16X   a   0.378   0.115  10.523  g  -0.011   0.003  -0.003[0m
[1;32muart:~$ [m[8D[J[00:03:23.953,000] [0m<inf> imu: ICM-42688-P  a   0.350  -0.069   9.914  g   0.000  -0.005   0.000[0m
[1;32muart:~$ [m[8D[J[1;32muart:~$ [m[8D[J[00:03:24.004,000] [0m<inf> imu: LSM6DS3TR-C  a   0.092   0.022  10.165  g   0.024  -0.061   0.016[0m
[1;32muart:~$ [m[8D[J[00:03:24.005,000] [0m<inf> imu: LSM6DSV16X   a   0.376   0.117  10.524  g  -0.011   0.002  -0.003[0m
[1;32muart:~$ [m[8D[J[00:03:24.006,000] [0m<inf> imu: ICM-42688-P  a   0.354  -0.057   9.925  g   0.000  -0.004   0.000[0m
[1;32muart:~$ [m[8D[J[1;32muart:~$ [m[8D[J[00:03:24.057,000] [0m<inf> imu: LSM6DS3TR-C  a   0.094   0.016  10.156  g   0.024  -0.062   0.013[0m
[1;32muart:~$ [m[8D[J[00:03:24.057,000] [0m<inf> imu: LSM6DSV16X   a   0.376   0.117  10.516  g  -0.012   0.002  -0.003[0m
[1;32muart:~$ [m[8D[J[00:03:24.058,000] [0m<inf> imu: ICM-42688-P  a   0.350  -0.069   9.926  g   0.001  -0.005  -0.001[0m
[1;32muart:~$ [m[8D[J[1;32muart:~$ [m[8D[J[00:03:24.109,000] [0m<inf> imu: LSM6DS3TR-C  a   0.080   0.010  10.196  g   0.024  -0.061   0.016[0m
[1;32muart:~$ [m[8D[J[00:03:24.110,000] [0m<inf> imu: LSM6DSV16X   a   0.376   0.120  10.519  g  -0.012   0.002  -0.003[0m
[1;32muart:~$ [m[8D[J[1;32muart:~$ [m[8D[J[00:03:24.110,000] [0m<inf> imu: ICM-42688-P  a   0.356  -0.062   9.918  g  -0.000  -0.004   0.001[0m
[1;32muart:~$ [m[8D[J[00:03:24.161,000] [0m<inf> imu: LSM6DS3TR-C  a   0.086   0.041  10.162  g   0.026  -0.060   0.013[0m
[1;32muart:~$ [m[8D[J[00:03:24.162,000] [0m<inf> imu: LSM6DSV16X   a   0.383   0.115  10.516  g  -0.011   0.002  -0.002[0m
[1;32muart:~$ [m[8D[J[00:03:24.162,000] [0m<inf> imu: ICM-42688-P  a   0.346  -0.056   9.906  g   0.000  -0.005   0.000[0m
[1;32muart:~$ [m[8D[J[1;32muart:~$ [m[8D[J[00:03:24.213,000] [0m<inf> imu: LSM6DS3TR-C  a   0.078   0.019  10.171  g   0.022  -0.062   0.014[0m
[1;32muart:~$ [m[8D[J[00:03:24.214,000] [0m<inf> imu: LSM6DSV16X   a   0.380   0.120  10.519  g  -0.011   0.002  -0.003[0m
[1;32muart:~$ [m[8D[J[1;32muart:~$ [m[8D[J[00:03:24.215,000] [0m<inf> imu: ICM-42688-P  a   0.346  -0.060   9.923  g  -0.000  -0.005   0.000[0m
[1;32muart:~$ [m[8D[J[00:03:24.266,000] [0m<inf> imu: LSM6DS3TR-C  a   0.098   0.016  10.216  g   0.024  -0.061   0.013[0m
[1;32muart:~$ [m[8D[J[00:03:24.268,000] [0m<inf> imu: LSM6DSV16X   a   0.373   0.122  10.519  g  -0.013   0.001  -0.002[0m
[1;32muart:~$ [m[8D[J[00:03:24.268,000] [0m<inf> imu: ICM-42688-P  a   0.354  -0.065   9.923  g   0.000  -0.005   0.000[0m
[1;32muart:~$ [m[8D[J[1;32muart:~$ [m[8D[J[00:03:24.320,000] [0m<inf> imu: LSM6DS3TR-C  a   0.082   0.029  10.184  g   0.023  -0.061   0.015[0m
[1;32muart:~$ [m[8D[J[00:03:24.321,000] [0m<inf> imu: LSM6DSV16X   a   0.382   0.115  10.516  g  -0.012   0.002  -0.002[0m
[1;32muart:~$ [m[8D[J[1;32muart:~$ [m[8D[J[00:03:24.322,000] [0m<inf> imu: ICM-42688-P  a   0.357  -0.067   9.942  g  -0.001  -0.005   0.000[0m
[1;32muart:~$ [m[8D[J[00:03:24.374,000] [0m<inf> imu: LSM6DS3TR-C  a   0.117   0.010  10.180  g   0.025  -0.062   0.014[0m
[1;32muart:~$ [m[8D[J[00:03:24.375,000] [0m<inf> imu: LSM6DSV16X   a   0.380   0.115  10.516  g  -0.011   0.002  -0.003[0m
[1;32muart:~$ [m[8D[J[00:03:24.375,000] [0m<inf> imu: ICM-42688-P  a   0.342  -0.061   9.931  g   0.001  -0.005   0.000[0m
[1;32muart:~$ [m[8D[J[1;32muart:~$ [m[8D[J[00:03:24.427,000] [0m<inf> imu: LSM6DS3TR-C  a   0.124   0.032  10.192  g   0.023  -0.061   0.014[0m
[1;32muart:~$ [m[8D[J[00:03:24.427,000] [0m<inf> imu: LSM6DSV16X   a   0.378   0.120  10.516  g  -0.013   0.002  -0.003[0m
[1;32muart:~$ [m[8D[J[00:03:24.428,000] [0m<inf> imu: ICM-42688-P  a   0.354  -0.051   9.928  g   0.001  -0.005   0.000[0m
[1;32muart:~$ [m[8D[J[00:03:24.479,000] [0m<inf> imu: LSM6DS3TR-C  a   0.126   0.014  10.177  g   0.024  -0.062   0.014[0m
[1;32muart:~$ [m[8D[J[1;32muart:~$ [m[8D[J[00:03:24.481,000] [0m<inf> imu: LSM6DSV16X   a   0.378   0.123  10.521  g  -0.011   0.002  -0.003[0m
[1;32muart:~$ [m[8D[J[00:03:24.481,000] [0m<inf> imu: ICM-42688-P  a   0.350  -0.063   9.916  g  -0.001  -0.005   0.000[0m
[1;32muart:~$ [m[8D[J[1;32muart:~$ [m[8D[J[00:03:24.532,000] [0m<inf> imu: LSM6DS3TR-C  a   0.075   0.032  10.153  g   0.024  -0.061   0.012[0m
[1;32muart:~$ [m[8D[J[00:03:24.533,000] [0m<inf> imu: LSM6DSV16X   a   0.382   0.120  10.522  g  -0.012   0.002  -0.003[0m
[1;32muart:~$ [m[8D[J[1;32muart:~$ [m[8D[J[00:03:24.534,000] [0m<inf> imu: ICM-42688-P  a   0.363  -0.061   9.925  g   0.000  -0.005   0.001[0m
[1;32muart:~$ [m[8D[J[00:03:24.585,000] [0m<inf> imu: LSM6DS3TR-C  a   0.092   0.026  10.187  g   0.025  -0.061   0.014[0m
[1;32muart:~$ [m[8D[J[00:03:24.586,000] [0m<inf> imu: LSM6DSV16X   a   0.378   0.110  10.516  g  -0.012   0.002  -0.003[0m
[1;32muart:~$ [m[8D[J[00:03:24.587,000] [0m<inf> imu: ICM-42688-P  a   0.350  -0.067   9.924  g   0.001  -0.005  -0.001[0m
[1;32muart:~$ [m[8D[J[1;32muart:~$ [m[8D[J[00:03:24.638,000] [0m<inf> imu: LSM6DS3TR-C  a   0.106   0.029  10.210  g   0.023  -0.059   0.017[0m
[1;32muart:~$ [m[8D[J[00:03:24.639,000] [0m<inf> imu: LSM6DSV16X   a   0.378   0.110  10.517  g  -0.011   0.002  -0.002[0m
[1;32muart:~$ [m[8D[J[1;32muart:~$ [m[8D[J[00:03:24.639,000] [0m<inf> imu: ICM-42688-P  a   0.356  -0.060   9.923  g  -0.000  -0.005   0.000[0m
[1;32muart:~$ [m[8D[J[00:03:24.690,000] [0m<inf> imu: LSM6DS3TR-C  a   0.120   0.021  10.211  g   0.024  -0.060   0.014[0m
[1;32muart:~$ [m[8D[J[00:03:24.691,000] [0m<inf> imu: LSM6DSV16X   a   0.380   0.115  10.518  g  -0.012   0.002  -0.003[0m
[1;32muart:~$ [m[8D[J[00:03:24.691,000] [0m<inf> imu: ICM-42688-P  a   0.351  -0.065   9.922  g   0.000  -0.005   0.001[0m
[1;32muart:~$ [m[8D[J[1;32muart:~$ [m[8D[J[00:03:24.742,000] [0m<inf> imu: LSM6DS3TR-C  a   0.092   0.023  10.178  g   0.025  -0.060   0.014[0m
[1;32muart:~$ [m[8D[J[00:03:24.743,000] [0m<inf> imu: LSM6DSV16X   a   0.380   0.114  10.524  g  -0.011   0.002  -0.002[0m
[1;32muart:~$ [m[8D[J[1;32muart:~$ [m[8D[J[00:03:24.744,000] [0m<inf> imu: ICM-42688-P  a   0.350  -0.060   9.917  g   0.000  -0.005  -0.000[0m
[1;32muart:~$ [m[8D[J[00:03:24.795,000] [0m<inf> imu: LSM6DS3TR-C  a   0.068   0.002  10.164  g   0.024  -0.060   0.013[0m
[1;32muart:~$ [m[8D[J[00:03:24.795,000] [0m<inf> imu: LSM6DSV16X   a   0.376   0.121  10.518  g  -0.011   0.002  -0.002[0m
[1;32muart:~$ [m[8D[J[00:03:24.796,000] [0m<inf> imu: ICM-42688-P  a   0.362  -0.061   9.938  g   0.001  -0.005  -0.000[0m
[1;32muart:~$ [m[8D[J[1;32muart:~$ [m[8D[J[00:03:24.847,000] [0m<inf> imu: LSM6DS3TR-C  a   0.117   0.005  10.206  g   0.024  -0.058   0.013[0m
[1;32muart:~$ [m[8D[J[00:03:24.848,000] [0m<inf> imu: LSM6DSV16X   a   0.379   0.115  10.519  g  -0.012   0.002  -0.002[0m
[1;32muart:~$ [m[8D[J[1;32muart:~$ [m[8D[J[00:03:24.848,000] [0m<inf> imu: ICM-42688-P  a   0.350  -0.063   9.925  g  -0.001  -0.005   0.000[0m
[1;32muart:~$ [m[8D[J[00:03:24.899,000] [0m<inf> imu: LSM6DS3TR-C  a   0.127   0.002  10.189  g   0.023  -0.061   0.012[0m
[1;32muart:~$ [m[8D[J[00:03:24.900,000] [0m<inf> imu: LSM6DSV16X   a   0.383   0.112  10.519  g  -0.011   0.001  -0.003[0m
[1;32muart:~$ [m[8D[J[1;32muart:~$ [m[8D[J[00:03:24.900,000] [0m<inf> imu: ICM-42688-P  a   0.356  -0.061   9.926  g   0.000  -0.005   0.001[0m
[1;32muart:~$ [m[8D[J[00:03:24.951,000] [0m<inf> imu: LSM6DS3TR-C  a   0.088   0.008  10.211  g   0.023  -0.062   0.016[0m
[1;32muart:~$ [m[8D[J[00:03:24.952,000] [0m<inf> imu: LSM6DSV16X   a   0.380   0.124  10.517  g  -0.011   0.002  -0.002[0m
[1;32muart:~$ [m[8D[J[1;32muart:~$ [m[8D[J[00:03:24.953,000] [0m<inf> imu: ICM-42688-P  a   0.358  -0.062   9.925  g   0.000  -0.005   0.001[0m
[1;32muart:~$ [m[8D[J[00:03:25.004,000] [0m<inf> imu: LSM6DS3TR-C  a   0.108   0.031  10.217  g   0.024  -0.061   0.015[0m
[1;32muart:~$ [m[8D[J[00:03:25.004,000] [0m<inf> imu: LSM6DSV16X   a   0.379   0.118  10.521  g  -0.012   0.002  -0.002[0m
[1;32muart:~$ [m[8D[J[1;32muart:~$ [m[8D[J[00:03:25.005,000] [0m<inf> imu: ICM-42688-P  a   0.346  -0.072   9.911  g  -0.000  -0.005  -0.001[0m
[1;32muart:~$ [m[8D[J[00:03:25.057,000] [0m<inf> imu: LSM6DS3TR-C  a   0.121   0.028  10.214  g   0.025  -0.061   0.014[0m
[1;32muart:~$ [m[8D[J[00:03:25.058,000] [0m<inf> imu: LSM6DSV16X   a   0.379   0.117  10.516  g  -0.011   0.002  -0.003[0m
[1;32muart:~$ [m[8D[J[1;32muart:~$ [m[8D[J[00:03:25.059,000] [0m<inf> imu: ICM-42688-P  a   0.354  -0.055   9.930  g   0.001  -0.005   0.001[0m
[1;32muart:~$ [m[8D[J[00:03:25.110,000] [0m<inf> imu: LSM6DS3TR-C  a   0.071   0.028  10.157  g   0.024  -0.061   0.014[0m
[1;32muart:~$ [m[8D[J[00:03:25.111,000] [0m<inf> imu: LSM6DSV16X   a   0.379   0.115  10.521  g  -0.010   0.003  -0.003[0m
[1;32muart:~$ [m[8D[J[1;32muart:~$ [m[8D[J[1;31m[1;31m--- 1 messages dropped ---
[0m[m[00:03:25.111,000] [0m<inf> imu: ICM-42688-P  a   0.352  -0.060   9.926  g   0.000  -0.005   0.000[0m
[1;32muart:~$ [m[8D[J[00:03:25.164,000] [0m<inf> imu: LSM6DSV16X   a   0.378   0.115  10.521  g  -0.011   0.002  -0.003[0m
[1;32muart:~$ [m[8D[J[1;32muart:~$ [m[8D[J[1;31m[1;31m--- 1 messages dropped ---
[0m[m[00:03:25.165,000] [0m<inf> imu: ICM-42688-P  a   0.356  -0.059   9.931  g   0.000  -0.005  -0.000[0m
[1;32muart:~$ [m[8D[J[00:03:25.216,000] [0m<inf> imu: LSM6DS3TR-C  a   0.106   0.032  10.192  g   0.023  -0.062   0.013[0m
[1;32muart:~$ [m[8D[J[00:03:25.217,000] [0m<inf> imu: ICM-42688-P  a   0.354  -0.066   9.918  g   0.001  -0.005   0.000[0m
[1;32muart:~$ [m[8D[J[1;32muart:~$ [m[8D[J[1;31m[1;31m--- 1 messages dropped ---
[0m[m[00:03:25.268,000] [0m<inf> imu: LSM6DS3TR-C  a   0.105   0.045  10.183  g   0.024  -0.063   0.014[0m
[1;32muart:~$ [m[8D[J[00:03:25.269,000] [0m<inf> imu: LSM6DSV16X   a   0.383   0.121  10.519  g  -0.011   0.003  -0.003[0m
[1;32muart:~$ [m[8D[J[1;32muart:~$ [m[8D[J[1;31m[1;31m--- 1 messages dropped ---
[0m[m[00:03:25.322,000] [0m<inf> imu: LSM6DS3TR-C  a   0.124   0.045  10.177  g   0.024  -0.062   0.013[0m
[1;32muart:~$ [m[8D[J[00:03:25.323,000] [0m<inf> imu: LSM6DSV16X   a   0.380   0.120  10.519  g  -0.011   0.001  -0.002[0m
[1;32muart:~$ [m[8D[J[00:03:25.324,000] [0m<inf> imu: ICM-42688-P  a   0.357  -0.056   9.923  g   0.000  -0.005   0.001[0m
[1;32muart:~$ [m[8D[J[00:03:25.377,000] [0m<inf> imu: LSM6DSV16X   a   0.378   0.117  10.516  g  -0.011   0.002  -0.002[0m
[1;32muart:~$ [m[8D[J[1;32muart:~$ [m[8D[J[1;31m[1;31m--- 2 messages dropped ---
[0m[m[00:03:25.377,000] [0m<inf> imu: ICM-42688-P  a   0.359  -0.059   9.932  g   0.000  -0.005   0.000[0m
[1;32muart:~$ [m[8D[J[1;32muart:~$ [m[8D[J[1;31m[1;31m--- 1 messages dropped ---
[0m[m[00:03:25.430,000] [0m<inf> imu: ICM-42688-P  a   0.352  -0.068   9.931  g   0.000  -0.005   0.000[0m
[1;32muart:~$ [m[8D[J[00:03:25.481,000] [0m<inf> imu: LSM6DS3TR-C  a   0.055   0.026  10.177  g   0.023  -0.061   0.016[0m
[1;32muart:~$ [m[8D[J[00:03:25.483,000] [0m<inf> imu: LSM6DSV16X   a   0.381   0.112  10.522  g  -0.012   0.002  -0.003[0m
[1;32muart:~$ [m[8D[J[00:03:25.535,000] [0m<inf> imu: LSM6DS3TR-C  a   0.103   0.032  10.190  g   0.023  -0.062   0.015[0m
[1;32muart:~$ [m[8D[J[00:03:25.535,000] [0m<inf> imu: LSM6DSV16X   a   0.376   0.112  10.518  g  -0.012   0.002  -0.002[0m
[1;32muart:~$ [m[8D[J[1;32muart:~$ [m[8D[J[1;31m[1;31m--- 1 messages dropped ---
[0m[m[00:03:25.536,000] [0m<inf> imu: ICM-42688-P  a   0.360  -0.068   9.931  g   0.000  -0.005   0.001[0m
[1;32muart:~$ [m[8D[J[00:03:25.589,000] [0m<inf> imu: LSM6DSV16X   a   0.380   0.108  10.517  g  -0.012   0.002  -0.003[0m
[1;32muart:~$ [m[8D[J[1;32muart:~$ [m[8D[J[1;31m[1;31m--- 2 messages dropped ---
[0m[m[00:03:25.590,000] [0m<inf> imu: ICM-42688-P  a   0.354  -0.074   9.926  g   0.000  -0.005   0.000[0m
[1;32muart:~$ [m[8D[J[00:03:25.642,000] [0m<inf> imu: ICM-42688-P  a   0.350  -0.059   9.936  g  -0.000  -0.005   0.000[0m
[1;32muart:~$ [m[8D[J[1;32muart:~$ [m[8D[J[1;31m[1;31m--- 2 messages dropped ---
[0m[m[00:03:25.693,000] [0m<inf> imu: LSM6DS3TR-C  a   0.091   0.031  10.177  g   0.023  -0.062   0.014[0m
[1;32muart:~$ [m[8D[J[00:03:25.746,000] [0m<inf> imu: LSM6DS3TR-C  a   0.077   0.033  10.171  g   0.023  -0.062   0.013[0m
[1;32muart:~$ [m[8D[J[1;32muart:~$ [m[8D[J[1;31m[1;31m--- 1 messages dropped ---
[0m[m[00:03:25.747,000] [0m<inf> imu: LSM6DSV16X   a   0.383   0.117  10.514  g  -0.011   0.002  -0.002[0m
[1;32muart:~$ [m[8D[J[00:03:25.748,000] [0m<inf> imu: ICM-42688-P  a   0.354  -0.063   9.928  g   0.000  -0.005   0.000[0m
[1;32muart:~$ [m[8D[J[00:03:25.799,000] [0m<inf> imu: LSM6DSV16X   a   0.381   0.118  10.521  g  -0.012   0.002  -0.002[0m
[1;32muart:~$ [m[8D[J[1;32muart:~$ [m[8D[J[1;31m[1;31m--- 2 messages dropped ---
[0m[m[00:03:25.800,000] [0m<inf> imu: ICM-42688-P  a   0.360  -0.063   9.919  g  -0.001  -0.005   0.000[0m
[1;32muart:~$ [m[8D[J[00:03:25.852,000] [0m<inf> imu: ICM-42688-P  a   0.352  -0.066   9.923  g  -0.000  -0.004   0.000[0m
[1;32muart:~$ [m[8D[J[1;32muart:~$ [m[8D[J[1;31m[1;31m--- 1 messages dropped ---
[0m[m[00:03:25.903,000] [0m<inf> imu: LSM6DS3TR-C  a   0.075   0.025  10.144  g   0.024  -0.061   0.015[0m
[1;32muart:~$ [m[8D[J[00:03:25.904,000] [0m<inf> imu: LSM6DSV16X   a   0.371   0.112  10.512  g  -0.012   0.002  -0.003[0m
[1;32muart:~$ [m[8D[J[00:03:25.955,000] [0m<inf> imu: LSM6DS3TR-C  a   0.098   0.022  10.161  g   0.023  -0.060   0.013[0m
[1;32muart:~$ [m[8D[J[1;32muart:~$ [m[8D[J[1;31m[1;31m--- 2 messages dropped ---
[0m[m[00:03:25.956,000] [0m<inf> imu: LSM6DSV16X   a   0.370   0.117  10.515  g  -0.011   0.002  -0.002[0m
[1;32muart:~$ [m[8D[J[00:03:26.008,000] [0m<inf> imu: LSM6DSV16X   a   0.380   0.117  10.512  g  -0.011   0.002  -0.003[0m
[1;32muart:~$ [m[8D[J[1;32muart:~$ [m[8D[J[00:03:26.009,000] [0m<inf> imu: ICM-42688-P  a   0.358  -0.069   9.929  g   0.000  -0.005   0.001[0m
[1;32muart:~$ [m[8D[J[00:03:26.060,000] [0m<inf> imu: LSM6DS3TR-C  a   0.098   0.019  10.159  g   0.023  -0.061   0.015[0m
[1;32muart:~$ [m[8D[J[00:03:26.061,000] [0m<inf> imu: LSM6DSV16X   a   0.376   0.110  10.510  g  -0.012   0.002  -0.002[0m
[1;32muart:~$ [m[8D[J[1;32muart:~$ [m[8D[J[00:03:26.061,000] [0m<inf> imu: ICM-42688-P  a   0.350  -0.063   9.926  g  -0.001  -0.004   0.000[0m
[1;32muart:~$ [m[8D[J[00:03:26.112,000] [0m<inf> imu: LSM6DS3TR-C  a   0.124   0.016  10.166  g   0.025  -0.061   0.015[0m
[1;32muart:~$ [m[8D[J[00:03:26.113,000] [0m<inf> imu: LSM6DSV16X   a   0.379   0.112  10.519  g  -0.011   0.002  -0.002[0m
[1;32muart:~$ [m[8D[J[1;32muart:~$ [m[8D[J[00:03:26.113,000] [0m<inf> imu: ICM-42688-P  a   0.346  -0.050   9.914  g  -0.001  -0.004   0.000[0m
[1;32muart:~$ [m[8D[J[00:03:26.164,000] [0m<inf> imu: LSM6DS3TR-C  a   0.066   0.005  10.167  g   0.022  -0.060   0.016[0m
[1;32muart:~$ [m[8D[J[00:03:26.165,000] [0m<inf> imu: LSM6DSV16X   a   0.380   0.119  10.510  g  -0.011   0.002  -0.003[0m
[1;32muart:~$ [m[8D[J[1;32muart:~$ [m[8D[J[00:03:26.166,000] [0m<inf> imu: ICM-42688-P  a   0.348  -0.062   9.923  g   0.000  -0.005   0.000[0m
[1;32muart:~$ [m[8D[J[00:03:26.217,000] [0m<inf> imu: LSM6DS3TR-C  a   0.116   0.007  10.213  g   0.023  -0.060   0.014[0m
[1;32muart:~$ [m[8D[J[00:03:26.218,000] [0m<inf> imu: LSM6DSV16X   a   0.380   0.117  10.519  g  -0.011   0.001  -0.002[0m
[1;32muart:~$ [m[8D[J[1;32muart:~$ [m[8D[J[00:03:26.218,000] [0m<inf> imu: ICM-42688-P  a   0.353  -0.056   9.918  g  -0.000  -0.005   0.000[0m
[1;32muart:~$ [m[8D[J[00:03:26.270,000] [0m<inf> imu: LSM6DS3TR-C  a   0.111   0.008  10.167  g   0.024  -0.062   0.014[0m
[1;32muart:~$ [m[8D[J[00:03:26.270,000] [0m<inf> imu: LSM6DSV16X   a   0.376   0.120  10.515  g  -0.011   0.001  -0.002[0m
[1;32muart:~$ [m[8D[J[1;32muart:~$ [m[8D[J[00:03:26.271,000] [0m<inf> imu: ICM-42688-P  a   0.352  -0.062   9.924  g  -0.000  -0.005  -0.001[0m
[1;32muart:~$ [m[8D[J[00:03:26.322,000] [0m<inf> imu: LSM6DS3TR-C  a   0.067  -0.002  10.186  g   0.024  -0.061   0.015[0m
[1;32muart:~$ [m[8D[J[00:03:26.323,000] [0m<inf> imu: LSM6DSV16X   a   0.385   0.114  10.510  g  -0.011   0.002  -0.003[0m
[1;32muart:~$ [m[8D[J[1;32muart:~$ [m[8D[J[00:03:26.324,000] [0m<inf> imu: ICM-42688-P  a   0.347  -0.062   9.906  g   0.001  -0.005   0.000[0m
[1;32muart:~$ [m[8D[J[00:03:26.376,000] [0m<inf> imu: LSM6DS3TR-C  a   0.078   0.013  10.144  g   0.024  -0.060   0.013[0m
[1;32muart:~$ [m[8D[J[00:03:26.376,000] [0m<inf> imu: LSM6DSV16X   a   0.380   0.111  10.536  g  -0.012   0.002  -0.003[0m
[1;32muart:~$ [m[8D[J[1;32muart:~$ [m[8D[J[00:03:26.377,000] [0m<inf> imu: ICM-42688-P  a   0.350  -0.056   9.937  g  -0.000  -0.005  -0.001[0m
[1;32muart:~$ [m[8D[J[00:03:26.429,000] [0m<inf> imu: LSM6DS3TR-C  a   0.123   0.038  10.145  g   0.024  -0.061   0.015[0m
[1;32muart:~$ [m[8D[J[1;32muart:~$ [m[8D[J[00:03:26.430,000] [0m<inf> imu: LSM6DSV16X   a   0.376   0.109  10.516  g  -0.012   0.002  -0.002[0m
[1;32muart:~$ [m[8D[J[00:03:26.431,000] [0m<inf> imu: ICM-42688-P  a   0.360  -0.060   9.919  g  -0.001  -0.005   0.000[0m
[1;32muart:~$ [m[8D[J[00:03:26.482,000] [0m<inf> imu: LSM6DS3TR-C  a   0.083   0.024  10.197  g   0.024  -0.061   0.012[0m
[1;32muart:~$ [m[8D[J[00:03:26.483,000] [0m<inf> imu: LSM6DSV16X   a   0.379   0.118  10.524  g  -0.012   0.001  -0.002[0m
[1;32muart:~$ [m[8D[J[1;32muart:~$ [m[8D[J[00:03:26.483,000] [0m<inf> imu: ICM-42688-P  a   0.346  -0.060   9.922  g   0.000  -0.005   0.000[0m
[1;32muart:~$ [m[8D[J[00:03:26.534,000] [0m<inf> imu: LSM6DS3TR-C  a   0.102   0.041  10.192  g   0.023  -0.062   0.012[0m
[1;32muart:~$ [m[8D[J[1;32muart:~$ [m[8D[J[00:03:26.535,000] [0m<inf> imu: LSM6DSV16X   a   0.379   0.120  10.513  g  -0.012   0.002  -0.003[0m
[1;32muart:~$ [m[8D[J[00:03:26.535,000] [0m<inf> imu: ICM-42688-P  a   0.352  -0.067   9.910  g   0.000  -0.005   0.000[0m
[1;32muart:~$ [m[8D[J[00:03:26.586,000] [0m<inf> imu: LSM6DS3TR-C  a   0.095   0.005  10.171  g   0.024  -0.062   0.014[0m
[1;32muart:~$ [m[8D[J[00:03:26.587,000] [0m<inf> imu: LSM6DSV16X   a   0.370   0.120  10.516  g  -0.011   0.002  -0.002[0m
[1;32muart:~$ [m[8D[J[1;32muart:~$ [m[8D[J[00:03:26.588,000] [0m<inf> imu: ICM-42688-P  a   0.354  -0.068   9.928  g   0.001  -0.005   0.000[0m
[1;32muart:~$ [m[8D[J[00:03:26.639,000] [0m<inf> imu: LSM6DS3TR-C  a   0.113   0.001  10.186  g   0.022  -0.061   0.016[0m
[1;32muart:~$ [m[8D[J[00:03:26.639,000] [0m<inf> imu: LSM6DSV16X   a   0.378   0.117  10.521  g  -0.012   0.002  -0.002[0m
[1;32muart:~$ [m[8D[J[00:03:26.640,000] [0m<inf> imu: ICM-42688-P  a   0.352  -0.065   9.929  g  -0.001  -0.004  -0.000[0m
[1;32muart:~$ [m[8D[J[1;32muart:~$ [m[8D[J[00:03:26.691,000] [0m<inf> imu: LSM6DS3TR-C  a   0.102   0.024  10.162  g   0.023  -0.061   0.014[0m
[1;32muart:~$ [m[8D[J[00:03:26.692,000] [0m<inf> imu: LSM6DSV16X   a   0.380   0.114  10.521  g  -0.013   0.002  -0.002[0m
[1;32muart:~$ [m[8D[J[1;32muart:~$ [m[8D[J[00:03:26.692,000] [0m<inf> imu: ICM-42688-P  a   0.346  -0.051   9.937  g   0.000  -0.005   0.000[0m
[1;32muart:~$ [m[8D[J[00:03:26.743,000] [0m<inf> imu: LSM6DS3TR-C  a   0.079   0.013  10.183  g   0.023  -0.061   0.013[0m
[1;32muart:~$ [m[8D[J[1;32muart:~$ [m[8D[J[00:03:26.744,000] [0m<inf> imu: LSM6DSV16X   a   0.376   0.114  10.512  g  -0.011   0.002  -0.003[0m
[1;32muart:~$ [m[8D[J[00:03:26.744,000] [0m<inf> imu: ICM-42688-P  a   0.359  -0.072   9.932  g   0.000  -0.005   0.001[0m
[1;32muart:~$ [m[8D[J[00:03:26.795,000] [0m<inf> imu: LSM6DS3TR-C  a   0.092   0.053  10.169  g   0.024  -0.060   0.016[0m
[1;32muart:~$ [m[8D[J[00:03:26.796,000] [0m<inf> imu: LSM6DSV16X   a   0.378   0.113  10.523  g  -0.012   0.002  -0.003[0m
[1;32muart:~$ [m[8D[J[1;32muart:~$ [m[8D[J[00:03:26.797,000] [0m<inf> imu: ICM-42688-P  a   0.364  -0.071   9.918  g  -0.001  -0.004   0.000[0m
[1;32muart:~$ [m[8D[J[00:03:26.848,000] [0m<inf> imu: LSM6DS3TR-C  a   0.106   0.035  10.198  g   0.022  -0.063   0.013[0m
[1;32muart:~$ [m[8D[J[1;32muart:~$ [m[8D[J[00:03:26.848,000] [0m<inf> imu: LSM6DSV16X   a   0.380   0.119  10.516  g  -0.012   0.002  -0.003[0m
[1;32muart:~$ [m[8D[J[00:03:26.849,000] [0m<inf> imu: ICM-42688-P  a   0.350  -0.057   9.925  g  -0.000  -0.004  -0.000[0m
[1;32muart:~$ [m[8D[J[00:03:26.900,000] [0m<inf> imu: LSM6DS3TR-C  a   0.089   0.028  10.161  g   0.022  -0.063   0.013[0m
[1;32muart:~$ [m[8D[J[00:03:26.901,000] [0m<inf> imu: LSM6DSV16X   a   0.379   0.112  10.519  g  -0.011   0.002  -0.002[0m
[1;32muart:~$ [m[8D[J[1;32muart:~$ [m[8D[J[00:03:26.901,000] [0m<inf> imu: ICM-42688-P  a   0.352  -0.051   9.917  g   0.000  -0.005   0.000[0m
[1;32muart:~$ [m[8D[J[00:03:26.952,000] [0m<inf> imu: LSM6DS3TR-C  a   0.087   0.006  10.171  g   0.023  -0.062   0.014[0m
[1;32muart:~$ [m[8D[J[1;32muart:~$ [m[8D[J[00:03:26.953,000] [0m<inf> imu: LSM6DSV16X   a   0.383   0.124  10.514  g  -0.012   0.002  -0.003[0m
[1;32muart:~$ [m[8D[J[00:03:26.953,000] [0m<inf> imu: ICM-42688-P  a   0.354  -0.065   9.930  g   0.000  -0.004   0.001[0m
[1;32muart:~$ [m[8D[J[00:03:27.004,000] [0m<inf> imu: LSM6DS3TR-C  a   0.114   0.010  10.167  g   0.024  -0.061   0.015[0m
[1;32muart:~$ [m[8D[J[1;32muart:~$ [m[8D[J[00:03:27.005,000] [0m<inf> imu: LSM6DSV16X   a   0.378   0.120  10.524  g  -0.011   0.002  -0.003[0m
[1;32muart:~$ [m[8D[J[00:03:27.006,000] [0m<inf> imu: ICM-42688-P  a   0.362  -0.063   9.926  g  -0.000  -0.005   0.000[0m
[1;32muart:~$ [m[8D[J[00:03:27.057,000] [0m<inf> imu: LSM6DS3TR-C  a   0.086   0.036  10.180  g   0.023  -0.061   0.014[0m
[1;32muart:~$ [m[8D[J[1;32muart:~$ [m[8D[J[00:03:27.057,000] [0m<inf> imu: LSM6DSV16X   a   0.376   0.119  10.521  g  -0.011   0.002  -0.003[0m
[1;32muart:~$ [m[8D[J[00:03:27.058,000] [0m<inf> imu: ICM-42688-P  a   0.348  -0.065   9.932  g   0.000  -0.005   0.000[0m
[1;32muart:~$ [m[8D[J[00:03:27.109,000] [0m<inf> imu: LSM6DS3TR-C  a   0.115   0.040  10.171  g   0.025  -0.061   0.014[0m
[1;32muart:~$ [m[8D[J[1;32muart:~$ [m[8D[J[00:03:27.110,000] [0m<inf> imu: LSM6DSV16X   a   0.376   0.114  10.512  g  -0.011   0.002  -0.003[0m
[1;32muart:~$ [m[8D[J[00:03:27.110,000] [0m<inf> imu: ICM-42688-P  a   0.354  -0.062   9.926  g   0.000  -0.005   0.000[0m
[1;32muart:~$ [m[8D[J[00:03:27.162,000] [0m<inf> imu: LSM6DS3TR-C  a   0.086   0.029  10.192  g   0.022  -0.060   0.014[0m
[1;32muart:~$ [m[8D[J[1;32muart:~$ [m[8D[J[00:03:27.163,000] [0m<inf> imu: LSM6DSV16X   a   0.373   0.122  10.519  g  -0.011   0.002  -0.003[0m
[1;32muart:~$ [m[8D[J[00:03:27.164,000] [0m<inf> imu: ICM-42688-P  a   0.357  -0.060   9.931  g   0.000  -0.005   0.000[0m
[1;32muart:~$ [m[8D[J[00:03:27.215,000] [0m<inf> imu: LSM6DS3TR-C  a   0.083   0.031  10.196  g   0.022  -0.059   0.014[0m
[1;32muart:~$ [m[8D[J[1;32muart:~$ [m[8D[J[00:03:27.215,000] [0m<inf> imu: LSM6DSV16X   a   0.376   0.117  10.526  g  -0.011   0.002  -0.002[0m
[1;32muart:~$ [m[8D[J[00:03:27.216,000] [0m<inf> imu: ICM-42688-P  a   0.353  -0.056   9.928  g   0.000  -0.005   0.001[0m
[1;32muart:~$ [m[8D[J[00:03:27.268,000] [0m<inf> imu: LSM6DS3TR-C  a   0.081   0.030  10.207  g   0.023  -0.061   0.014[0m
[1;32muart:~$ [m[8D[J[1;32muart:~$ [m[8D[J[00:03:27.270,000] [0m<inf> imu: LSM6DSV16X   a   0.376   0.115  10.523  g  -0.012   0.002  -0.003[0m
[1;32muart:~$ [m[8D[J[00:03:27.270,000] [0m<inf> imu: ICM-42688-P  a   0.339  -0.056   9.918  g   0.000  -0.004   0.000[0m
[1;32muart:~$ [m[8D[J[00:03:27.321,000] [0m<inf> imu: LSM6DS3TR-C  a   0.130   0.012  10.169  g   0.024  -0.063   0.014[0m
[1;32muart:~$ [m[8D[J[1;32muart:~$ [m[8D[J[00:03:27.323,000] [0m<inf> imu: LSM6DSV16X   a   0.380   0.115  10.513  g  -0.012   0.002  -0.002[0m
[1;32muart:~$ [m[8D[J[00:03:27.323,000] [0m<inf> imu: ICM-42688-P  a   0.354  -0.061   9.918  g  -0.000  -0.005   0.000[0m
[1;32muart:~$ [m[8D[J[1;32muart:~$ [m[8D[J[00:03:27.375,000] [0m<inf> imu: LSM6DS3TR-C  a   0.080   0.023  10.189  g   0.023  -0.061   0.015[0m
[1;32muart:~$ [m[8D[J[00:03:27.376,000] [0m<inf> imu: LSM6DSV16X   a   0.380   0.118  10.514  g  -0.012   0.002  -0.003[0m
[1;32muart:~$ [m[8D[J[00:03:27.377,000] [0m<inf> imu: ICM-42688-P  a   0.348  -0.063   9.918  g   0.000  -0.005   0.000[0m
[1;32muart:~$ [m[8D[J[00:03:27.428,000] [0m<inf> imu: LSM6DS3TR-C  a   0.095   0.032  10.226  g   0.023  -0.062   0.013[0m
[1;32muart:~$ [m[8D[J[1;32muart:~$ [m[8D[J[00:03:27.429,000] [0m<inf> imu: LSM6DSV16X   a   0.380   0.115  10.512  g  -0.011   0.001  -0.002[0m
[1;32muart:~$ [m[8D[J[00:03:27.429,000] [0m<inf> imu: ICM-42688-P  a   0.351  -0.068   9.931  g   0.000  -0.005   0.000[0m
[1;32muart:~$ [m[8D[J[1;32muart:~$ [m[8D[J[00:03:27.481,000] [0m<inf> imu: LSM6DS3TR-C  a   0.078   0.013  10.160  g   0.023  -0.059   0.015[0m
[1;32muart:~$ [m[8D[J[00:03:27.482,000] [0m<inf> imu: LSM6DSV16X   a   0.371   0.122  10.521  g  -0.012   0.002  -0.003[0m
[1;32muart:~$ [m[8D[J[00:03:27.483,000] [0m<inf> imu: ICM-42688-P  a   0.354  -0.067   9.926  g  -0.000  -0.005   0.000[0m
[1;32muart:~$ [m[8D[J[00:03:27.534,000] [0m<inf> imu: LSM6DS3TR-C  a   0.111   0.025  10.172  g   0.024  -0.061   0.014[0m
[1;32muart:~$ [m[8D[J[1;32muart:~$ [m[8D[J[00:03:27.535,000] [0m<inf> imu: LSM6DSV16X   a   0.379   0.114  10.521  g  -0.012   0.002  -0.003[0m
[1;32muart:~$ [m[8D[J[00:03:27.535,000] [0m<inf> imu: ICM-42688-P  a   0.346  -0.060   9.924  g   0.000  -0.005   0.000[0m
[1;32muart:~$ [m[8D[J[1;32muart:~$ [m[8D[J[00:03:27.587,000] [0m<inf> imu: LSM6DS3TR-C  a   0.081   0.016  10.173  g   0.024  -0.061   0.014[0m
[1;32muart:~$ [m[8D[J[00:03:27.588,000] [0m<inf> imu: LSM6DSV16X   a   0.382   0.115  10.526  g  -0.012   0.002  -0.002[0m
[1;32muart:~$ [m[8D[J[00:03:27.589,000] [0m<inf> imu: ICM-42688-P  a   0.358  -0.069   9.923  g   0.000  -0.005   0.001[0m
[1;32muart:~$ [m[8D[J[00:03:27.640,000] [0m<inf> imu: LSM6DS3TR-C  a   0.078   0.014  10.178  g   0.022  -0.060   0.015[0m
[1;32muart:~$ [m[8D[J[00:03:27.641,000] [0m<inf> imu: LSM6DSV16X   a   0.380   0.117  10.523  g  -0.011   0.002  -0.003[0m
[1;32muart:~$ [m[8D[J[1;32muart:~$ [m[8D[J[00:03:27.641,000] [0m<inf> imu: ICM-42688-P  a   0.356  -0.049   9.923  g   0.000  -0.005   0.000[0m
[1;32muart:~$ [m[8D[J[00:03:27.692,000] [0m<inf> imu: LSM6DS3TR-C  a   0.102   0.002  10.201  g   0.024  -0.061   0.014[0m
[1;32muart:~$ [m[8D[J[1;32muart:~$ [m[8D[J[00:03:27.693,000] [0m<inf> imu: LSM6DSV16X   a   0.383   0.120  10.522  g  -0.012   0.002  -0.002[0m
[1;32muart:~$ [m[8D[J[00:03:27.693,000] [0m<inf> imu: ICM-42688-P  a   0.362  -0.065   9.918  g  -0.001  -0.005   0.000[0m
[1;32muart:~$ [m[8D[J[00:03:27.744,000] [0m<inf> imu: LSM6DS3TR-C  a   0.068  -0.013  10.189  g   0.024  -0.061   0.014[0m
[1;32muart:~$ [m[8D[J[1;32muart:~$ [m[8D[J[00:03:27.745,000] [0m<inf> imu: LSM6DSV16X   a   0.376   0.115  10.519  g  -0.011   0.002  -0.003[0m
[1;32muart:~$ [m[8D[J[00:03:27.746,000] [0m<inf> imu: ICM-42688-P  a   0.348  -0.063   9.918  g  -0.000  -0.005   0.001[0m
[1;32muart:~$ [m[8D[J[1;32muart:~$ [m[8D[J[00:03:27.797,000] [0m<inf> imu: LSM6DS3TR-C  a   0.090   0.025  10.163  g   0.023  -0.060   0.015[0m
[1;32muart:~$ [m[8D[J[00:03:27.797,000] [0m<inf> imu: LSM6DSV16X   a   0.376   0.112  10.524  g  -0.011   0.002  -0.003[0m
[1;32muart:~$ [m[8D[J[00:03:27.798,000] [0m<inf> imu: ICM-42688-P  a   0.354  -0.065   9.920  g  -0.000  -0.005   0.000[0m
[1;32muart:~$ [m[8D[J[1;32muart:~$ [m[8D[J[00:03:27.849,000] [0m<inf> imu: LSM6DS3TR-C  a   0.094   0.016  10.206  g   0.025  -0.060   0.013[0m
[1;32muart:~$ [m[8D[J[00:03:27.850,000] [0m<inf> imu: LSM6DSV16X   a   0.380   0.119  10.518  g  -0.012   0.002  -0.002[0m
[1;32muart:~$ [m[8D[J[00:03:27.850,000] [0m<inf> imu: ICM-42688-P  a   0.347  -0.069   9.934  g  -0.000  -0.005  -0.000[0m
[1;32muart:~$ [m[8D[J[1;32muart:~$ [m[8D[J[00:03:27.901,000] [0m<inf> imu: LSM6DS3TR-C  a   0.082  -0.010  10.155  g   0.025  -0.062   0.015[0m
[1;32muart:~$ [m[8D[J[00:03:27.902,000] [0m<inf> imu: LSM6DSV16X   a   0.379   0.120  10.519  g  -0.011   0.002  -0.003[0m
[1;32muart:~$ [m[8D[J[00:03:27.903,000] [0m<inf> imu: ICM-42688-P  a   0.352  -0.069   9.920  g   0.001  -0.005   0.001[0m
[1;32muart:~$ [m[8D[J[1;32muart:~$ [m[8D[J[00:03:27.954,000] [0m<inf> imu: LSM6DS3TR-C  a   0.092   0.018  10.203  g   0.024  -0.061   0.013[0m
[1;32muart:~$ [m[8D[J[00:03:27.954,000] [0m<inf> imu: LSM6DSV16X   a   0.377   0.115  10.514  g  -0.011   0.001  -0.003[0m
[1;32muart:~$ [m[8D[J[00:03:27.955,000] [0m<inf> imu: ICM-42688-P  a   0.346  -0.069   9.926  g  -0.001  -0.006   0.000[0m
[1;32muart:~$ [m[8D[J[1;32muart:~$ [m[8D[J[00:03:28.006,000] [0m<inf> imu: LSM6DS3TR-C  a   0.094   0.036  10.177  g   0.024  -0.062   0.017[0m
[1;32muart:~$ [m[8D[J[00:03:28.007,000] [0m<inf> imu: LSM6DSV16X   a   0.374   0.120  10.528  g  -0.013   0.002  -0.003[0m
[1;32muart:~$ [m[8D[J[00:03:28.007,000] [0m<inf> imu: ICM-42688-P  a   0.360  -0.068   9.926  g   0.001  -0.005   0.000[0m
[1;32muart:~$ [m[8D[J[1;32muart:~$ [m[8D[J[00:03:28.058,000] [0m<inf> imu: LSM6DS3TR-C  a   0.111   0.028  10.218  g   0.024  -0.061   0.013[0m
[1;32muart:~$ [m[8D[J[00:03:28.059,000] [0m<inf> imu: LSM6DSV16X   a   0.370   0.120  10.514  g  -0.012   0.002  -0.003[0m
[1;32muart:~$ [m[8D[J[00:03:28.059,000] [0m<inf> imu: ICM-42688-P  a   0.344  -0.067   9.929  g   0.000  -0.005   0.001[0m
[1;32muart:~$ [m[8D[J[1;32muart:~$ [m[8D[J[00:03:28.111,000] [0m<inf> imu: LSM6DS3TR-C  a   0.100   0.032  10.205  g   0.023  -0.060   0.015[0m
[1;32muart:~$ [m[8D[J[00:03:28.112,000] [0m<inf> imu: LSM6DSV16X   a   0.380   0.115  10.524  g  -0.011   0.002  -0.002[0m
[1;32muart:~$ [m[8D[J[00:03:28.113,000] [0m<inf> imu: ICM-42688-P  a   0.359  -0.069   9.918  g   0.000  -0.005   0.001[0m
[1;32muart:~$ [m[8D[J[1;32muart:~$ [m[8D[J[00:03:28.164,000] [0m<inf> imu: LSM6DS3TR-C  a   0.103   0.014  10.154  g   0.022  -0.061   0.015[0m
[1;32muart:~$ [m[8D[J[00:03:28.164,000] [0m<inf> imu: LSM6DSV16X   a   0.380   0.122  10.524  g  -0.012   0.003  -0.002[0m
[1;32muart:~$ [m[8D[J[1;32muart:~$ [m[8D[J[00:03:28.165,000] [0m<inf> imu: ICM-42688-P  a   0.350  -0.051   9.929  g   0.000  -0.005   0.001[0m
[1;32muart:~$ [m[8D[J[00:03:28.216,000] [0m<inf> imu: LSM6DS3TR-C  a   0.074   0.029  10.195  g   0.024  -0.062   0.014[0m
[1;32muart:~$ [m[8D[J[00:03:28.217,000] [0m<inf> imu: LSM6DSV16X   a   0.380   0.115  10.518  g  -0.012   0.002  -0.003[0m
[1;32muart:~$ [m[8D[J[00:03:28.218,000] [0m<inf> imu: ICM-42688-P  a   0.348  -0.065   9.935  g  -0.001  -0.005  -0.000[0m
[1;32muart:~$ [m[8D[J[1;32muart:~$ [m[8D[J[00:03:28.269,000] [0m<inf> imu: LSM6DS3TR-C  a   0.101   0.031  10.179  g   0.023  -0.061   0.014[0m
[1;32muart:~$ [m[8D[J[00:03:28.270,000] [0m<inf> imu: LSM6DSV16X   a   0.383   0.117  10.515  g  -0.013   0.002  -0.002[0m
[1;32muart:~$ [m[8D[J[1;32muart:~$ [m[8D[J[00:03:28.270,000] [0m<inf> imu: ICM-42688-P  a   0.359  -0.056   9.926  g   0.000  -0.004   0.000[0m
[1;32muart:~$ [m[8D[J[00:03:28.322,000] [0m<inf> imu: LSM6DS3TR-C  a   0.112   0.032  10.155  g   0.024  -0.060   0.015[0m
[1;32muart:~$ [m[8D[J[00:03:28.323,000] [0m<inf> imu: LSM6DSV16X   a   0.377   0.111  10.514  g  -0.011   0.002  -0.003[0m
[1;32muart:~$ [m[8D[J[00:03:28.324,000] [0m<inf> imu: ICM-42688-P  a   0.350  -0.065   9.911  g   0.000  -0.005  -0.001[0m
[1;32muart:~$ [m[8D[J[1;32muart:~$ [m[8D[J[00:03:28.376,000] [0m<inf> imu: LSM6DS3TR-C  a   0.106   0.019  10.183  g   0.024  -0.062   0.013[0m
[1;32muart:~$ [m[8D[J[00:03:28.377,000] [0m<inf> imu: LSM6DSV16X   a   0.381   0.120  10.519  g  -0.011   0.002  -0.003[0m
[1;32muart:~$ [m[8D[J[1;32muart:~$ [m[8D[J[00:03:28.377,000] [0m<inf> imu: ICM-42688-P  a   0.354  -0.065   9.924  g  -0.001  -0.005   0.000[0m
[1;32muart:~$ [m[8D[J[00:03:28.429,000] [0m<inf> imu: LSM6DS3TR-C  a   0.073   0.014  10.179  g   0.024  -0.061   0.014[0m
[1;32muart:~$ [m[8D[J[00:03:28.430,000] [0m<inf> imu: LSM6DSV16X   a   0.380   0.127  10.521  g  -0.012   0.002  -0.003[0m
[1;32muart:~$ [m[8D[J[00:03:28.431,000] [0m<inf> imu: ICM-42688-P  a   0.351  -0.060   9.926  g   0.000  -0.004   0.000[0m
[1;32muart:~$ [m[8D[J[1;32muart:~$ [m[8D[J[00:03:28.482,000] [0m<inf> imu: LSM6DS3TR-C  a   0.086   0.019  10.170  g   0.024  -0.060   0.013[0m
[1;32muart:~$ [m[8D[J[00:03:28.483,000] [0m<inf> imu: LSM6DSV16X   a   0.373   0.115  10.518  g  -0.011   0.002  -0.003[0m
[1;32muart:~$ [m[8D[J[1;32muart:~$ [m[8D[J[00:03:28.484,000] [0m<inf> imu: ICM-42688-P  a   0.351  -0.057   9.922  g   0.001  -0.005   0.001[0m
[1;32muart:~$ [m[8D[J[00:03:28.535,000] [0m<inf> imu: LSM6DS3TR-C  a   0.088   0.005  10.161  g   0.022  -0.061   0.015[0m
[1;32muart:~$ [m[8D[J[00:03:28.535,000] [0m<inf> imu: LSM6DSV16X   a   0.382   0.113  10.519  g  -0.012   0.002  -0.003[0m
[1;32muart:~$ [m[8D[J[1;32muart:~$ [m[8D[J[00:03:28.536,000] [0m<inf> imu: ICM-42688-P  a   0.346  -0.072   9.924  g  -0.001  -0.005   0.000[0m
[1;32muart:~$ [m[8D[J[00:03:28.587,000] [0m<inf> imu: LSM6DS3TR-C  a   0.126   0.043  10.159  g   0.024  -0.060   0.014[0m
[1;32muart:~$ [m[8D[J[00:03:28.588,000] [0m<inf> imu: LSM6DSV16X   a   0.379   0.118  10.514  g  -0.011   0.002  -0.003[0m
[1;32muart:~$ [m[8D[J[00:03:28.588,000] [0m<inf> imu: ICM-42688-P  a   0.356  -0.057   9.919  g   0.001  -0.004   0.001[0m
[1;32muart:~$ [m[8D[J[1;32muart:~$ [m[8D[J[00:03:28.639,000] [0m<inf> imu: LSM6DS3TR-C  a   0.097   0.008  10.167  g   0.024  -0.062   0.015[0m
[1;32muart:~$ [m[8D[J[00:03:28.640,000] [0m<inf> imu: LSM6DSV16X   a   0.376   0.117  10.521  g  -0.011   0.002  -0.002[0m
[1;32muart:~$ [m[8D[J[00:03:28.640,000] [0m<inf> imu: ICM-42688-P  a   0.345  -0.055   9.928  g  -0.000  -0.005   0.000[0m
[1;32muart:~$ [m[8D[J[1;32muart:~$ [m[8D[J[00:03:28.691,000] [0m<inf> imu: LSM6DS3TR-C  a   0.074   0.017  10.184  g   0.024  -0.060   0.015[0m
[1;32muart:~$ [m[8D[J[00:03:28.692,000] [0m<inf> imu: LSM6DSV16X   a   0.370   0.112  10.514  g  -0.012   0.002  -0.003[0m
[1;32muart:~$ [m[8D[J[1;32muart:~$ [m[8D[J[00:03:28.693,000] [0m<inf> imu: ICM-42688-P  a   0.348  -0.065   9.924  g   0.000  -0.005  -0.000[0m
[1;32muart:~$ [m[8D[J[00:03:28.744,000] [0m<inf> imu: LSM6DS3TR-C  a   0.077   0.033  10.188  g   0.024  -0.063   0.013[0m
[1;32muart:~$ [m[8D[J[00:03:28.744,000] [0m<inf> imu: LSM6DSV16X   a   0.383   0.120  10.514  g  -0.011   0.002  -0.002[0m
[1;32muart:~$ [m[8D[J[1;32muart:~$ [m[8D[J[00:03:28.745,000] [0m<inf> imu: ICM-42688-P  a   0.350  -0.056   9.924  g   0.000  -0.005   0.000[0m
[1;32muart:~$ [m[8D[J[00:03:28.796,000] [0m<inf> imu: LSM6DS3TR-C  a   0.109   0.002  10.172  g   0.021  -0.062   0.015[0m
[1;32muart:~$ [m[8D[J[00:03:28.797,000] [0m<inf> imu: LSM6DSV16X   a   0.383   0.114  10.514  g  -0.011   0.003  -0.003[0m
[1;32muart:~$ [m[8D[J[1;32muart:~$ [m[8D[J[00:03:28.797,000] [0m<inf> imu: ICM-42688-P  a   0.352  -0.061   9.936  g   0.000  -0.004   0.000[0m
[1;32muart:~$ [m[8D[J[00:03:28.848,000] [0m<inf> imu: LSM6DS3TR-C  a   0.102   0.054  10.184  g   0.023  -0.061   0.015[0m
[1;32muart:~$ [m[8D[J[00:03:28.849,000] [0m<inf> imu: LSM6DSV16X   a   0.379   0.120  10.515  g  -0.011   0.002  -0.003[0m
[1;32muart:~$ [m[8D[J[1;32muart:~$ [m[8D[J[00:03:28.849,000] [0m<inf> imu: ICM-42688-P  a   0.357  -0.069   9.926  g   0.000  -0.005   0.001[0m
[1;32muart:~$ [m[8D[J[00:03:28.900,000] [0m<inf> imu: LSM6DS3TR-C  a   0.066   0.021  10.156  g   0.024  -0.060   0.013[0m
[1;32muart:~$ [m[8D[J[1;32muart:~$ [m[8D[J[00:03:28.901,000] [0m<inf> imu: LSM6DSV16X   a   0.380   0.117  10.522  g  -0.012   0.002  -0.002[0m
[1;32muart:~$ [m[8D[J[00:03:28.902,000] [0m<inf> imu: ICM-42688-P  a   0.353  -0.059   9.926  g   0.000  -0.005   0.000[0m
[1;32muart:~$ [m[8D[J[00:03:28.953,000] [0m<inf> imu: LSM6DS3TR-C  a   0.093   0.038  10.183  g   0.023  -0.060   0.015[0m
[1;32muart:~$ [m[8D[J[00:03:28.955,000] [0m<inf> imu: LSM6DSV16X   a   0.379   0.112  10.507  g  -0.011   0.002  -0.003[0m
[1;32muart:~$ [m[8D[J[1;32muart:~$ [m[8D[J[00:03:28.955,000] [0m<inf> imu: ICM-42688-P  a   0.363  -0.059   9.925  g  -0.001  -0.004   0.001[0m
[1;32muart:~$ [m[8D[J[00:03:29.007,000] [0m<inf> imu: LSM6DS3TR-C  a   0.118   0.025  10.174  g   0.022  -0.060   0.015[0m
[1;32muart:~$ [m[8D[J[1;32muart:~$ [m[8D[J[00:03:29.007,000] [0m<inf> imu: LSM6DSV16X   a   0.379   0.113  10.514  g  -0.012   0.001  -0.003[0m
[1;32muart:~$ [m[8D[J[00:03:29.008,000] [0m<inf> imu: ICM-42688-P  a   0.354  -0.061   9.925  g   0.000  -0.004  -0.000[0m
[1;32muart:~$ [m[8D[J[00:03:29.060,000] [0m<inf> imu: LSM6DS3TR-C  a   0.080   0.045  10.202  g   0.023  -0.061   0.013[0m
[1;32muart:~$ [m[8D[J[00:03:29.061,000] [0m<inf> imu: LSM6DSV16X   a   0.371   0.114  10.519  g  -0.011   0.002  -0.003[0m
[1;32muart:~$ [m[8D[J[1;32muart:~$ [m[8D[J[00:03:29.062,000] [0m<inf> imu: ICM-42688-P  a   0.357  -0.069   9.914  g   0.000  -0.004   0.000[0m
[1;32muart:~$ [m[8D[J[00:03:29.113,000] [0m<inf> imu: LSM6DS3TR-C  a   0.090   0.024  10.190  g   0.021  -0.062   0.016[0m
[1;32muart:~$ [m[8D[J[1;32muart:~$ [m[8D[J[00:03:29.114,000] [0m<inf> imu: LSM6DSV16X   a   0.380   0.115  10.513  g  -0.011   0.002  -0.003[0m
[1;32muart:~$ [m[8D[J[00:03:29.114,000] [0m<inf> imu: ICM-42688-P  a   0.359  -0.071   9.923  g   0.000  -0.005   0.001[0m
[1;32muart:~$ [m[8D[J[00:03:29.166,000] [0m<inf> imu: LSM6DS3TR-C  a   0.093   0.005  10.197  g   0.024  -0.060   0.014[0m
[1;32muart:~$ [m[8D[J[00:03:29.167,000] [0m<inf> imu: LSM6DSV16X   a   0.379   0.115  10.515  g  -0.011   0.002  -0.002[0m
[1;32muart:~$ [m[8D[J[1;32muart:~$ [m[8D[J[00:03:29.168,000] [0m<inf> imu: ICM-42688-P  a   0.362  -0.057   9.936  g   0.000  -0.005   0.000[0m
[1;32muart:~$ [m[8D[J[00:03:29.219,000] [0m<inf> imu: LSM6DS3TR-C  a   0.106   0.022  10.181  g   0.024  -0.060   0.015[0m
[1;32muart:~$ [m[8D[J[1;32muart:~$ [m[8D[J[00:03:29.219,000] [0m<inf> imu: LSM6DSV16X   a   0.383   0.115  10.512  g  -0.011   0.002  -0.003[0m
[1;32muart:~$ [m[8D[J[00:03:29.220,000] [0m<inf> imu: ICM-42688-P  a   0.356  -0.056   9.919  g   0.000  -0.005   0.000[0m
[1;32muart:~$ [m[8D[J[00:03:29.271,000] [0m<inf> imu: LSM6DS3TR-C  a   0.093   0.026  10.158  g   0.022  -0.060   0.015[0m
[1;32muart:~$ [m[8D[J[00:03:29.271,000] [0m<inf> imu: LSM6DSV16X   a   0.369   0.122  10.507  g  -0.012   0.002  -0.003[0m
[1;32muart:~$ [m[8D[J[1;32muart:~$ [m[8D[J[00:03:29.272,000] [0m<inf> imu: ICM-42688-P  a   0.350  -0.059   9.934  g   0.000  -0.005   0.000[0m
[1;32muart:~$ [m[8D[J[00:03:29.324,000] [0m<inf> imu: LSM6DS3TR-C  a   0.068   0.013  10.152  g   0.024  -0.064   0.013[0m
[1;32muart:~$ [m[8D[J[1;32muart:~$ [m[8D[J[00:03:29.324,000] [0m<inf> imu: LSM6DSV16X   a   0.385   0.112  10.519  g  -0.012   0.002  -0.003[0m
[1;32muart:~$ [m[8D[J[00:03:29.325,000] [0m<inf> imu: ICM-42688-P  a   0.352  -0.055   9.918  g   0.000  -0.005   0.000[0m
[1;32muart:~$ [m[8D[J[00:03:29.376,000] [0m<inf> imu: LSM6DS3TR-C  a   0.096   0.011  10.180  g   0.023  -0.061   0.014[0m
[1;32muart:~$ [m[8D[J[00:03:29.378,000] [0m<inf> imu: LSM6DSV16X   a   0.378   0.124  10.516  g  -0.011   0.002  -0.003[0m
[1;32muart:~$ [m[8D[J[1;32muart:~$ [m[8D[J[00:03:29.379,000] [0m<inf> imu: ICM-42688-P  a   0.350  -0.055   9.920  g   0.000  -0.005   0.001[0m
[1;32muart:~$ [m[8D[J[00:03:29.430,000] [0m<inf> imu: LSM6DS3TR-C  a   0.096   0.032  10.200  g   0.023  -0.062   0.015[0m
[1;32muart:~$ [m[8D[J[1;32muart:~$ [m[8D[J[00:03:29.430,000] [0m<inf> imu: LSM6DSV16X   a   0.380   0.115  10.519  g  -0.012   0.002  -0.003[0m
[1;32muart:~$ [m[8D[J[00:03:29.431,000] [0m<inf> imu: ICM-42688-P  a   0.354  -0.061   9.931  g   0.000  -0.004   0.001[0m
[1;32muart:~$ [m[8D[J[00:03:29.482,000] [0m<inf> imu: LSM6DS3TR-C  a   0.071   0.014  10.199  g   0.024  -0.059   0.014[0m
[1;32muart:~$ [m[8D[J[00:03:29.483,000] [0m<inf> imu: LSM6DSV16X   a   0.381   0.122  10.519  g  -0.011   0.002  -0.002[0m
[1;32muart:~$ [m[8D[J[1;32muart:~$ [m[8D[J[00:03:29.483,000] [0m<inf> imu: ICM-42688-P  a   0.351  -0.065   9.914  g   0.000  -0.004   0.000[0m
[1;32muart:~$ [m[8D[J[00:03:29.534,000] [0m<inf> imu: LSM6DS3TR-C  a   0.112   0.005  10.200  g   0.022  -0.060   0.014[0m
[1;32muart:~$ [m[8D[J[1;32muart:~$ [m[8D[J[00:03:29.535,000] [0m<inf> imu: LSM6DSV16X   a   0.376   0.120  10.523  g  -0.013   0.002  -0.003[0m
[1;32muart:~$ [m[8D[J[00:03:29.535,000] [0m<inf> imu: ICM-42688-P  a   0.351  -0.060   9.937  g   0.000  -0.005   0.000[0m
[1;32muart:~$ [m[8D[J[00:03:29.587,000] [0m<inf> imu: LSM6DS3TR-C  a   0.132   0.013  10.183  g   0.024  -0.062   0.014[0m
[1;32muart:~$ [m[8D[J[00:03:29.587,000] [0m<inf> imu: LSM6DSV16X   a   0.371   0.117  10.521  g  -0.012   0.001  -0.002[0m
[1;32muart:~$ [m[8D[J[1;32muart:~$ [m[8D[J[00:03:29.588,000] [0m<inf> imu: ICM-42688-P  a   0.347  -0.056   9.926  g  -0.001  -0.005   0.001[0m
[1;32muart:~$ [m[8D[J[00:03:29.639,000] [0m<inf> imu: LSM6DS3TR-C  a   0.124   0.040  10.133  g   0.024  -0.062   0.016[0m
[1;32muart:~$ [m[8D[J[00:03:29.640,000] [0m<inf> imu: LSM6DSV16X   a   0.378   0.115  10.521  g  -0.011   0.002  -0.003[0m
[1;32muart:~$ [m[8D[J[1;32muart:~$ [m[8D[J[00:03:29.640,000] [0m<inf> imu: ICM-42688-P  a   0.359  -0.065   9.926  g   0.000  -0.004   0.000[0m
[1;32muart:~$ [m[8D[J[00:03:29.692,000] [0m<inf> imu: LSM6DS3TR-C  a   0.099   0.016  10.163  g   0.023  -0.062   0.014[0m
[1;32muart:~$ [m[8D[J[1;32muart:~$ [m[8D[J[00:03:29.693,000] [0m<inf> imu: LSM6DSV16X   a   0.374   0.110  10.510  g  -0.012   0.002  -0.003[0m
[1;32muart:~$ [m[8D[J[00:03:29.694,000] [0m<inf> imu: ICM-42688-P  a   0.342  -0.060   9.932  g   0.000  -0.004   0.000[0m
[1;32muart:~$ [m[8D[J[00:03:29.745,000] [0m<inf> imu: LSM6DS3TR-C  a   0.103   0.034  10.175  g   0.025  -0.060   0.015[0m
[1;32muart:~$ [m[8D[J[1;32muart:~$ [m[8D[J[00:03:29.745,000] [0m<inf> imu: LSM6DSV16X   a   0.378   0.112  10.526  g  -0.012   0.003  -0.003[0m
[1;32muart:~$ [m[8D[J[00:03:29.746,000] [0m<inf> imu: ICM-42688-P  a   0.366  -0.056   9.928  g   0.000  -0.005   0.000[0m
[1;32muart:~$ [m[8D[J[00:03:29.798,000] [0m<inf> imu: LSM6DS3TR-C  a   0.100   0.014  10.162  g   0.024  -0.060   0.015[0m
[1;32muart:~$ [m[8D[J[1;32muart:~$ [m[8D[J[00:03:29.799,000] [0m<inf> imu: LSM6DSV16X   a   0.383   0.117  10.513  g  -0.012   0.002  -0.002[0m
[1;32muart:~$ [m[8D[J[00:03:29.800,000] [0m<inf> imu: ICM-42688-P  a   0.354  -0.059   9.940  g   0.000  -0.005   0.000[0m
[1;32muart:~$ [m[8D[J[00:03:29.851,000] [0m<inf> imu: LSM6DS3TR-C  a   0.118   0.028  10.138  g   0.023  -0.063   0.014[0m
[1;32muart:~$ [m[8D[J[1;32muart:~$ [m[8D[J[00:03:29.852,000] [0m<inf> imu: LSM6DSV16X   a   0.379   0.118  10.523  g  -0.012   0.002  -0.002[0m
[1;32muart:~$ [m[8D[J[00:03:29.852,000] [0m<inf> imu: ICM-42688-P  a   0.356  -0.065   9.918  g   0.000  -0.005   0.001[0m
[1;32muart:~$ [m[8D[J[00:03:29.904,000] [0m<inf> imu: LSM6DS3TR-C  a   0.112   0.032  10.189  g   0.024  -0.062   0.013[0m
[1;32muart:~$ [m[8D[J[1;32muart:~$ [m[8D[J[00:03:29.905,000] [0m<inf> imu: LSM6DSV16X   a   0.378   0.120  10.516  g  -0.012   0.002  -0.002[0m
[1;32muart:~$ [m[8D[J[00:03:29.906,000] [0m<inf> imu: ICM-42688-P  a   0.346  -0.066   9.919  g   0.000  -0.005  -0.001[0m
[1;32muart:~$ [m[8D[J[00:03:29.957,000] [0m<inf> imu: LSM6DS3TR-C  a   0.096  -0.005  10.153  g   0.023  -0.060   0.012[0m
[1;32muart:~$ [m[8D[J[1;32muart:~$ [m[8D[J[00:03:29.958,000] [0m<inf> imu: LSM6DSV16X   a   0.380   0.112  10.524  g  -0.012   0.002  -0.003[0m
[1;32muart:~$ [m[8D[J[00:03:29.958,000] [0m<inf> imu: ICM-42688-P  a   0.351  -0.074   9.918  g   0.000  -0.005   0.001[0m
[1;32muart:~$ [m[8D[J[00:03:30.010,000] [0m<inf> imu: LSM6DS3TR-C  a   0.098  -0.021  10.147  g   0.022  -0.058   0.014[0m
[1;32muart:~$ [m[8D[J[1;32muart:~$ [m[8D[J[00:03:30.011,000] [0m<inf> imu: LSM6DSV16X   a   0.383   0.117  10.521  g  -0.011   0.002  -0.002[0m
[1;32muart:~$ [m[8D[J[00:03:30.012,000] [0m<inf> imu: ICM-42688-P  a   0.357  -0.075   9.923  g   0.000  -0.005  -0.000[0m
[1;32muart:~$ [m[8D[J[1;32muart:~$ [m[8D[J[00:03:30.063,000] [0m<inf> imu: LSM6DS3TR-C  a   0.109   0.033  10.199  g   0.024  -0.059   0.013[0m
[1;32muart:~$ [m[8D[J[00:03:30.064,000] [0m<inf> imu: LSM6DSV16X   a   0.375   0.117  10.526  g  -0.012   0.002  -0.003[0m
[1;32muart:~$ [m[8D[J[00:03:30.064,000] [0m<inf> imu: ICM-42688-P  a   0.354  -0.067   9.925  g  -0.000  -0.005  -0.000[0m
[1;32muart:~$ [m[8D[J[00:03:30.116,000] [0m<inf> imu: LSM6DS3TR-C  a   0.129   0.035  10.176  g   0.025  -0.061   0.015[0m
[1;32muart:~$ [m[8D[J[1;32muart:~$ [m[8D[J[00:03:30.117,000] [0m<inf> imu: LSM6DSV16X   a   0.376   0.123  10.517  g  -0.011   0.002  -0.002[0m
[1;32muart:~$ [m[8D[J[00:03:30.118,000] [0m<inf> imu: ICM-42688-P  a   0.354  -0.051   9.926  g   0.001  -0.005   0.000[0m
[1;32muart:~$ [m[8D[J[1;32muart:~$ [m[8D[J[00:03:30.169,000] [0m<inf> imu: LSM6DS3TR-C  a   0.127   0.039  10.172  g   0.023  -0.059   0.013[0m
[1;32muart:~$ [m[8D[J[00:03:30.170,000] [0m<inf> imu: LSM6DSV16X   a   0.380   0.117  10.528  g  -0.011   0.002  -0.003[0m
[1;32muart:~$ [m[8D[J[00:03:30.170,000] [0m<inf> imu: ICM-42688-P  a   0.354  -0.051   9.925  g  -0.001  -0.006   0.000[0m
[1;32muart:~$ [m[8D[J[00:03:30.222,000] [0m<inf> imu: LSM6DS3TR-C  a   0.104   0.009  10.175  g   0.024  -0.061   0.014[0m
[1;32muart:~$ [m[8D[J[1;32muart:~$ [m[8D[J[00:03:30.223,000] [0m<inf> imu: LSM6DSV16X   a   0.380   0.114  10.518  g  -0.011   0.003  -0.002[0m
[1;32muart:~$ [m[8D[J[00:03:30.224,000] [0m<inf> imu: ICM-42688-P  a   0.354  -0.061   9.918  g  -0.001  -0.005   0.001[0m
[1;32muart:~$ [m[8D[J[1;32muart:~$ [m[8D[J[00:03:30.275,000] [0m<inf> imu: LSM6DS3TR-C  a   0.156   0.009  10.151  g   0.024  -0.061   0.015[0m
[1;32muart:~$ [m[8D[J[00:03:30.275,000] [0m<inf> imu: LSM6DSV16X   a   0.378   0.122  10.519  g  -0.011   0.001  -0.002[0m
[1;32muart:~$ [m[8D[J[00:03:30.276,000] [0m<inf> imu: ICM-42688-P  a   0.360  -0.061   9.926  g  -0.000  -0.005  -0.000[0m
[1;32muart:~$ [m[8D[J[00:03:30.328,000] [0m<inf> imu: LSM6DS3TR-C  a   0.079   0.002  10.183  g   0.023  -0.060   0.015[0m
[1;32muart:~$ [m[8D[J[1;32muart:~$ [m[8D[J[00:03:30.329,000] [0m<inf> imu: LSM6DSV16X   a   0.376   0.117  10.528  g  -0.012   0.002  -0.003[0m
[1;32muart:~$ [m[8D[J[00:03:30.330,000] [0m<inf> imu: ICM-42688-P  a   0.350  -0.072   9.920  g   0.000  -0.005   0.000[0m
[1;32muart:~$ [m[8D[J[1;32muart:~$ [m[8D[J[00:03:30.381,000] [0m<inf> imu: LSM6DS3TR-C  a   0.120  -0.004  10.167  g   0.024  -0.061   0.015[0m
[1;32muart:~$ [m[8D[J[00:03:30.382,000] [0m<inf> imu: LSM6DSV16X   a   0.373   0.119  10.518  g  -0.011   0.002  -0.003[0m
[1;32muart:~$ [m[8D[J[00:03:30.383,000] [0m<inf> imu: ICM-42688-P  a   0.353  -0.072   9.920  g  -0.000  -0.005   0.000[0m
[1;32muart:~$ [m[8D[J[1;32muart:~$ [m[8D[J[00:03:30.434,000] [0m<inf> imu: LSM6DS3TR-C  a   0.087  -0.002  10.184  g   0.023  -0.062   0.016[0m
[1;32muart:~$ [m[8D[J[00:03:30.435,000] [0m<inf> imu: LSM6DSV16X   a   0.377   0.122  10.521  g  -0.011   0.002  -0.002[0m
[1;32muart:~$ [m[8D[J[00:03:30.435,000] [0m<inf> imu: ICM-42688-P  a   0.354  -0.062   9.941  g  -0.001  -0.005   0.000[0m
[1;32muart:~$ [m[8D[J[1;32muart:~$ [m[8D[J[00:03:30.486,000] [0m<inf> imu: LSM6DS3TR-C  a   0.104   0.057  10.157  g   0.022  -0.061   0.016[0m
[1;32muart:~$ [m[8D[J[00:03:30.487,000] [0m<inf> imu: LSM6DSV16X   a   0.378   0.118  10.527  g  -0.012   0.002  -0.002[0m
[1;32muart:~$ [m[8D[J[00:03:30.488,000] [0m<inf> imu: ICM-42688-P  a   0.354  -0.059   9.918  g   0.000  -0.005  -0.001[0m
[1;32muart:~$ [m[8D[J[1;32muart:~$ [m[8D[J[00:03:30.539,000] [0m<inf> imu: LSM6DS3TR-C  a   0.106   0.000  10.191  g   0.023  -0.060   0.015[0m
[1;32muart:~$ [m[8D[J[00:03:30.539,000] [0m<inf> imu: LSM6DSV16X   a   0.379   0.114  10.526  g  -0.012   0.002  -0.003[0m
[1;32muart:~$ [m[8D[J[00:03:30.540,000] [0m<inf> imu: ICM-42688-P  a   0.354  -0.062   9.920  g  -0.001  -0.005  -0.000[0m
[1;32muart:~$ [m[8D[J[00:03:30.591,000] [0m<inf> imu: LSM6DS3TR-C  a   0.121   0.015  10.181  g   0.023  -0.060   0.015[0m
[1;32muart:~$ [m[8D[J[1;32muart:~$ [m[8D[J[00:03:30.592,000] [0m<inf> imu: LSM6DSV16X   a   0.383   0.115  10.518  g  -0.012   0.002  -0.003[0m
[1;32muart:~$ [m[8D[J[00:03:30.592,000] [0m<inf> imu: ICM-42688-P  a   0.350  -0.072   9.918  g  -0.000  -0.005   0.000[0m
[1;32muart:~$ [m[8D[J[1;32muart:~$ [m[8D[J[00:03:30.643,000] [0m<inf> imu: LSM6DS3TR-C  a   0.098   0.010  10.200  g   0.022  -0.060   0.016[0m
[1;32muart:~$ [m[8D[J[00:03:30.644,000] [0m<inf> imu: LSM6DSV16X   a   0.380   0.117  10.512  g  -0.012   0.003  -0.003[0m
[1;32muart:~$ [m[8D[J[00:03:30.644,000] [0m<inf> imu: ICM-42688-P  a   0.358  -0.063   9.929  g   0.000  -0.005   0.000[0m
[1;32muart:~$ [m[8D[J[1;32muart:~$ [m[8D[J[00:03:30.695,000] [0m<inf> imu: LSM6DS3TR-C  a   0.115   0.042  10.171  g   0.024  -0.060   0.014[0m
[1;32muart:~$ [m[8D[J[00:03:30.696,000] [0m<inf> imu: LSM6DSV16X   a   0.373   0.120  10.516  g  -0.011   0.002  -0.003[0m
[1;32muart:~$ [m[8D[J[00:03:30.697,000] [0m<inf> imu: ICM-42688-P  a   0.347  -0.059   9.931  g  -0.000  -0.005  -0.000[0m
[1;32muart:~$ [m[8D[J[1;32muart:~$ [m[8D[J[00:03:30.748,000] [0m<inf> imu: LSM6DS3TR-C  a   0.054   0.041  10.194  g   0.022  -0.060   0.015[0m
[1;32muart:~$ [m[8D[J[00:03:30.748,000] [0m<inf> imu: LSM6DSV16X   a   0.380   0.115  10.515  g  -0.013   0.002  -0.002[0m
[1;32muart:~$ [m[8D[J[00:03:30.749,000] [0m<inf> imu: ICM-42688-P  a   0.362  -0.073   9.931  g  -0.000  -0.005   0.000[0m
[1;32muart:~$ [m[8D[J[1;32muart:~$ [m[8D[J[00:03:30.800,000] [0m<inf> imu: LSM6DS3TR-C  a   0.072   0.026  10.192  g   0.023  -0.059   0.013[0m
[1;32muart:~$ [m[8D[J[00:03:30.801,000] [0m<inf> imu: LSM6DSV16X   a   0.377   0.118  10.519  g  -0.011   0.002  -0.002[0m
[1;32muart:~$ [m[8D[J[00:03:30.801,000] [0m<inf> imu: ICM-42688-P  a   0.362  -0.060   9.922  g  -0.000  -0.005   0.000[0m
[1;32muart:~$ [m[8D[J[1;32muart:~$ [m[8D[J[00:03:30.852,000] [0m<inf> imu: LSM6DS3TR-C  a   0.084   0.020  10.180  g   0.024  -0.061   0.015[0m
[1;32muart:~$ [m[8D[J[00:03:30.854,000] [0m<inf> imu: LSM6DSV16X   a   0.382   0.112  10.518  g  -0.011   0.002  -0.003[0m
[1;32muart:~$ [m[8D[J[00:03:30.854,000] [0m<inf> imu: ICM-42688-P  a   0.341  -0.055   9.923  g  -0.001  -0.005   0.000[0m
[1;32muart:~$ [m[8D[J[1;32muart:~$ [m[8D[J[00:03:30.906,000] [0m<inf> imu: LSM6DS3TR-C  a   0.096   0.012  10.185  g   0.025  -0.061   0.014[0m
[1;32muart:~$ [m[8D[J[00:03:30.906,000] [0m<inf> imu: LSM6DSV16X   a   0.375   0.120  10.512  g  -0.012   0.002  -0.002[0m
[1;32muart:~$ [m[8D[J[00:03:30.907,000] [0m<inf> imu: ICM-42688-P  a   0.359  -0.065   9.932  g  -0.000  -0.005   0.000[0m
[1;32muart:~$ [m[8D[J[1;32muart:~$ [m[8D[J[00:03:30.959,000] [0m<inf> imu: LSM6DS3TR-C  a   0.112   0.006  10.150  g   0.023  -0.059   0.016[0m
[1;32muart:~$ [m[8D[J[00:03:30.960,000] [0m<inf> imu: LSM6DSV16X   a   0.380   0.115  10.523  g  -0.012   0.002  -0.002[0m
[1;32muart:~$ [m[8D[J[1;32muart:~$ [m[8D[J[00:03:30.961,000] [0m<inf> imu: ICM-42688-P  a   0.360  -0.061   9.942  g  -0.000  -0.005   0.000[0m
[1;32muart:~$ [m[8D[J[00:03:31.012,000] [0m<inf> imu: LSM6DS3TR-C  a   0.125   0.004  10.188  g   0.024  -0.062   0.013[0m
[1;32muart:~$ [m[8D[J[00:03:31.013,000] [0m<inf> imu: LSM6DSV16X   a   0.380   0.115  10.516  g  -0.011   0.002  -0.002[0m
[1;32muart:~$ [m[8D[J[00:03:31.013,000] [0m<inf> imu: ICM-42688-P  a   0.360  -0.061   9.936  g   0.000  -0.004  -0.000[0m
[1;32muart:~$ [m[8D[J[1;32muart:~$ [m[8D[J[00:03:31.065,000] [0m<inf> imu: LSM6DS3TR-C  a   0.077   0.016  10.187  g   0.024  -0.060   0.014[0m
[1;32muart:~$ [m[8D[J[00:03:31.066,000] [0m<inf> imu: LSM6DSV16X   a   0.385   0.117  10.519  g  -0.011   0.003  -0.003[0m
[1;32muart:~$ [m[8D[J[1;32muart:~$ [m[8D[J[00:03:31.067,000] [0m<inf> imu: ICM-42688-P  a   0.358  -0.068   9.914  g   0.000  -0.005   0.000[0m
[1;32muart:~$ [m[8D[J[00:03:31.118,000] [0m<inf> imu: LSM6DS3TR-C  a   0.076   0.030  10.219  g   0.023  -0.060   0.017[0m
[1;32muart:~$ [m[8D[J[00:03:31.119,000] [0m<inf> imu: LSM6DSV16X   a   0.378   0.120  10.521  g  -0.011   0.002  -0.002[0m
[1;32muart:~$ [m[8D[J[00:03:31.119,000] [0m<inf> imu: ICM-42688-P  a   0.347  -0.059   9.920  g  -0.001  -0.005   0.000[0m
[1;32muart:~$ [m[8D[J[1;32muart:~$ [m[8D[J[00:03:31.170,000] [0m<inf> imu: LSM6DS3TR-C  a   0.102   0.010  10.165  g   0.023  -0.062   0.016[0m
[1;32muart:~$ [m[8D[J[00:03:31.171,000] [0m<inf> imu: LSM6DSV16X   a   0.375   0.115  10.521  g  -0.011   0.002  -0.003[0m
[1;32muart:~$ [m[8D[J[1;32muart:~$ [m[8D[J[00:03:31.171,000] [0m<inf> imu: ICM-42688-P  a   0.358  -0.077   9.919  g   0.000  -0.005   0.000[0m
[1;32muart:~$ [m[8D[J[00:03:31.222,000] [0m<inf> imu: LSM6DS3TR-C  a   0.065   0.017  10.168  g   0.023  -0.062   0.013[0m
[1;32muart:~$ [m[8D[J[00:03:31.223,000] [0m<inf> imu: LSM6DSV16X   a   0.376   0.117  10.518  g  -0.011   0.003  -0.003[0m
[1;32muart:~$ [m[8D[J[00:03:31.224,000] [0m<inf> imu: ICM-42688-P  a   0.350  -0.066   9.923  g   0.000  -0.005   0.000[0m
[1;32muart:~$ [m[8D[J[1;32muart:~$ [m[8D[J[00:03:31.275,000] [0m<inf> imu: LSM6DS3TR-C  a   0.109   0.028  10.175  g   0.025  -0.061   0.013[0m
[1;32muart:~$ [m[8D[J[00:03:31.275,000] [0m<inf> imu: LSM6DSV16X   a   0.373   0.118  10.514  g  -0.011   0.003  -0.003[0m
[1;32muart:~$ [m[8D[J[1;32muart:~$ [m[8D[J[00:03:31.276,000] [0m<inf> imu: ICM-42688-P  a   0.362  -0.054   9.923  g   0.000  -0.005  -0.001[0m
[1;32muart:~$ [m[8D[J[00:03:31.328,000] [0m<inf> imu: LSM6DS3TR-C  a   0.083   0.023  10.159  g   0.021  -0.060   0.014[0m
[1;32muart:~$ [m[8D[J[00:03:31.329,000] [0m<inf> imu: LSM6DSV16X   a   0.382   0.120  10.516  g  -0.012   0.004  -0.003[0m
[1;32muart:~$ [m[8D[J[1;32muart:~$ [m[8D[J[00:03:31.330,000] [0m<inf> imu: ICM-42688-P  a   0.346  -0.068   9.919  g  -0.000  -0.005  -0.000[0m
[1;32muart:~$ [m[8D[J[00:03:31.381,000] [0m<inf> imu: LSM6DS3TR-C  a   0.086   0.007  10.195  g   0.025  -0.061   0.016[0m
[1;32muart:~$ [m[8D[J[00:03:31.381,000] [0m<inf> imu: LSM6DSV16X   a   0.379   0.117  10.523  g  -0.012   0.002  -0.003[0m
[1;32muart:~$ [m[8D[J[1;32muart:~$ [m[8D[J[00:03:31.382,000] [0m<inf> imu: ICM-42688-P  a   0.350  -0.061   9.923  g  -0.000  -0.005  -0.001[0m
[1;32muart:~$ [m[8D[J[00:03:31.433,000] [0m<inf> imu: LSM6DS3TR-C  a   0.117   0.030  10.195  g   0.022  -0.061   0.017[0m
[1;32muart:~$ [m[8D[J[00:03:31.434,000] [0m<inf> imu: LSM6DSV16X   a   0.379   0.119  10.522  g  -0.012   0.002  -0.003[0m
[1;32muart:~$ [m[8D[J[1;32muart:~$ [m[8D[J[00:03:31.434,000] [0m<inf> imu: ICM-42688-P  a   0.358  -0.056   9.925  g  -0.001  -0.005   0.001[0m
[1;32muart:~$ [m[8D[J[00:03:31.485,000] [0m<inf> imu: LSM6DS3TR-C  a   0.096   0.026  10.226  g   0.024  -0.060   0.015[0m
[1;32muart:~$ [m[8D[J[00:03:31.486,000] [0m<inf> imu: LSM6DSV16X   a   0.376   0.113  10.526  g  -0.012   0.002  -0.003[0m
[1;32muart:~$ [m[8D[J[1;32muart:~$ [m[8D[J[00:03:31.486,000] [0m<inf> imu: ICM-42688-P  a   0.358  -0.061   9.923  g  -0.000  -0.005  -0.000[0m
[1;32muart:~$ [m[8D[J[00:03:31.537,000] [0m<inf> imu: LSM6DS3TR-C  a   0.118   0.056  10.193  g   0.024  -0.062   0.014[0m
[1;32muart:~$ [m[8D[J[00:03:31.538,000] [0m<inf> imu: LSM6DSV16X   a   0.378   0.117  10.521  g  -0.011   0.001  -0.003[0m
[1;32muart:~$ [m[8D[J[00:03:31.539,000] [0m<inf> imu: ICM-42688-P  a   0.348  -0.065   9.925  g   0.000  -0.005  -0.000[0m
[1;32muart:~$ [m[8D[J[1;32muart:~$ [m[8D[J[00:03:31.590,000] [0m<inf> imu: LSM6DS3TR-C  a   0.127   0.010  10.152  g   0.023  -0.061   0.013[0m
[1;32muart:~$ [m[8D[J[00:03:31.590,000] [0m<inf> imu: LSM6DSV16X   a   0.376   0.119  10.524  g  -0.012   0.003  -0.003[0m
[1;32muart:~$ [m[8D[J[1;32muart:~$ [m[8D[J[00:03:31.591,000] [0m<inf> imu: ICM-42688-P  a   0.356  -0.065   9.936  g  -0.000  -0.004   0.000[0m
[1;32muart:~$ [m[8D[J[00:03:31.642,000] [0m<inf> imu: LSM6DS3TR-C  a   0.077   0.016  10.178  g   0.024  -0.061   0.016[0m
[1;32muart:~$ [m[8D[J[00:03:31.643,000] [0m<inf> imu: LSM6DSV16X   a   0.378   0.122  10.521  g  -0.011   0.002  -0.003[0m
[1;32muart:~$ [m[8D[J[1;32muart:~$ [m[8D[J[00:03:31.643,000] [0m<inf> imu: ICM-42688-P  a   0.356  -0.061   9.922  g   0.000  -0.005   0.000[0m
[1;32muart:~$ [m[8D[J[00:03:31.694,000] [0m<inf> imu: LSM6DS3TR-C  a   0.121  -0.001  10.190  g   0.021  -0.060   0.013[0m
[1;32muart:~$ [m[8D[J[1;32muart:~$ [m[8D[J[00:03:31.695,000] [0m<inf> imu: LSM6DSV16X   a   0.373   0.118  10.519  g  -0.012   0.002  -0.003[0m
[1;32muart:~$ [m[8D[J[00:03:31.695,000] [0m<inf> imu: ICM-42688-P  a   0.353  -0.062   9.931  g   0.000  -0.005   0.000[0m
[1;32muart:~$ [m[8D[J[00:03:31.746,000] [0m<inf> imu: LSM6DS3TR-C  a   0.075   0.023  10.181  g   0.023  -0.062   0.014[0m
[1;32muart:~$ [m[8D[J[00:03:31.747,000] [0m<inf> imu: LSM6DSV16X   a   0.381   0.114  10.516  g  -0.012   0.002  -0.002[0m
[1;32muart:~$ [m[8D[J[1;32muart:~$ [m[8D[J[00:03:31.748,000] [0m<inf> imu: ICM-42688-P  a   0.354  -0.072   9.930  g   0.000  -0.004   0.000[0m
[1;32muart:~$ [m[8D[J[00:03:31.799,000] [0m<inf> imu: LSM6DS3TR-C  a   0.093  -0.005  10.176  g   0.024  -0.061   0.015[0m
[1;32muart:~$ [m[8D[J[1;32muart:~$ [m[8D[J[00:03:31.801,000] [0m<inf> imu: LSM6DSV16X   a   0.380   0.117  10.519  g  -0.012   0.003  -0.003[0m
[1;32muart:~$ [m[8D[J[00:03:31.802,000] [0m<inf> imu: ICM-42688-P  a   0.356  -0.061   9.920  g  -0.001  -0.005  -0.000[0m
[1;32muart:~$ [m[8D[J[00:03:31.853,000] [0m<inf> imu: LSM6DS3TR-C  a   0.076   0.025  10.192  g   0.023  -0.063   0.016[0m
[1;32muart:~$ [m[8D[J[00:03:31.853,000] [0m<inf> imu: LSM6DSV16X   a   0.376   0.115  10.512  g  -0.012   0.001  -0.003[0m
[1;32muart:~$ [m[8D[J[1;32muart:~$ [m[8D[J[00:03:31.854,000] [0m<inf> imu: ICM-42688-P  a   0.359  -0.066   9.931  g  -0.001  -0.005  -0.001[0m
[1;32muart:~$ [m[8D[J[00:03:31.906,000] [0m<inf> imu: LSM6DS3TR-C  a   0.096   0.029  10.168  g   0.023  -0.061   0.016[0m
[1;32muart:~$ [m[8D[J[1;32muart:~$ [m[8D[J[00:03:31.906,000] [0m<inf> imu: LSM6DSV16X   a   0.376   0.105  10.516  g  -0.012   0.002  -0.002[0m
[1;32muart:~$ [m[8D[J[00:03:31.907,000] [0m<inf> imu: ICM-42688-P  a   0.347  -0.063   9.919  g  -0.001  -0.005   0.000[0m
[1;32muart:~$ [m[8D[J[00:03:31.958,000] [0m<inf> imu: LSM6DS3TR-C  a   0.121   0.040  10.196  g   0.022  -0.059   0.017[0m
[1;32muart:~$ [m[8D[J[1;32muart:~$ [m[8D[J[00:03:31.959,000] [0m<inf> imu: LSM6DSV16X   a   0.378   0.115  10.522  g  -0.012   0.002  -0.003[0m
[1;32muart:~$ [m[8D[J[00:03:31.959,000] [0m<inf> imu: ICM-42688-P  a   0.350  -0.073   9.924  g   0.000  -0.005   0.000[0m
[1;32muart:~$ [m[8D[J[00:03:32.011,000] [0m<inf> imu: LSM6DS3TR-C  a   0.070   0.011  10.188  g   0.024  -0.061   0.014[0m
[1;32muart:~$ [m[8D[J[1;32muart:~$ [m[8D[J[00:03:32.013,000] [0m<inf> imu: LSM6DSV16X   a   0.378   0.120  10.516  g  -0.013   0.002  -0.003[0m
[1;32muart:~$ [m[8D[J[00:03:32.013,000] [0m<inf> imu: ICM-42688-P  a   0.353  -0.061   9.923  g   0.000  -0.005  -0.000[0m
[1;32muart:~$ [m[8D[J[00:03:32.064,000] [0m<inf> imu: LSM6DS3TR-C  a   0.085   0.028  10.200  g   0.022  -0.063   0.013[0m
[1;32muart:~$ [m[8D[J[1;32muart:~$ [m[8D[J[00:03:32.065,000] [0m<inf> imu: LSM6DSV16X   a   0.378   0.117  10.516  g  -0.012   0.003  -0.003[0m
[1;32muart:~$ [m[8D[J[00:03:32.065,000] [0m<inf> imu: ICM-42688-P  a   0.359  -0.063   9.934  g   0.000  -0.005  -0.000[0m
[1;32muart:~$ [m[8D[J[00:03:32.116,000] [0m<inf> imu: LSM6DS3TR-C  a   0.133   0.011  10.223  g   0.024  -0.062   0.015[0m
[1;32muart:~$ [m[8D[J[1;32muart:~$ [m[8D[J[00:03:32.117,000] [0m<inf> imu: LSM6DSV16X   a   0.379   0.117  10.507  g  -0.011   0.003  -0.003[0m
[1;32muart:~$ [m[8D[J[00:03:32.118,000] [0m<inf> imu: ICM-42688-P  a   0.354  -0.062   9.920  g   0.001  -0.004  -0.000[0m
[1;32muart:~$ [m[8D[J[00:03:32.169,000] [0m<inf> imu: LSM6DS3TR-C  a   0.087   0.026  10.204  g   0.023  -0.060   0.014[0m
[1;32muart:~$ [m[8D[J[1;32muart:~$ [m[8D[J[00:03:32.169,000] [0m<inf> imu: LSM6DSV16X   a   0.385   0.120  10.527  g  -0.011   0.002  -0.003[0m
[1;32muart:~$ [m[8D[J[00:03:32.170,000] [0m<inf> imu: ICM-42688-P  a   0.350  -0.061   9.930  g   0.001  -0.004   0.001[0m
[1;32muart:~$ [m[8D[J[00:03:32.221,000] [0m<inf> imu: LSM6DS3TR-C  a   0.098   0.003  10.195  g   0.023  -0.062   0.013[0m
[1;32muart:~$ [m[8D[J[1;32muart:~$ [m[8D[J[00:03:32.222,000] [0m<inf> imu: LSM6DSV16X   a   0.380   0.114  10.519  g  -0.012   0.002  -0.003[0m
[1;32muart:~$ [m[8D[J[00:03:32.222,000] [0m<inf> imu: ICM-42688-P  a   0.353  -0.057   9.928  g   0.000  -0.005   0.000[0m
[1;32muart:~$ [m[8D[J[00:03:32.273,000] [0m<inf> imu: LSM6DS3TR-C  a   0.109   0.033  10.207  g   0.023  -0.062   0.015[0m
[1;32muart:~$ [m[8D[J[1;32muart:~$ [m[8D[J[00:03:32.274,000] [0m<inf> imu: LSM6DSV16X   a   0.388   0.119  10.514  g  -0.011   0.002  -0.003[0m
[1;32muart:~$ [m[8D[J[00:03:32.274,000] [0m<inf> imu: ICM-42688-P  a   0.344  -0.062   9.917  g   0.001  -0.006  -0.000[0m
[1;32muart:~$ [m[8D[J[00:03:32.326,000] [0m<inf> imu: LSM6DS3TR-C  a   0.090   0.017  10.195  g   0.024  -0.063   0.014[0m
[1;32muart:~$ [m[8D[J[1;32muart:~$ [m[8D[J[00:03:32.327,000] [0m<inf> imu: LSM6DSV16X   a   0.382   0.115  10.518  g  -0.012   0.002  -0.003[0m
[1;32muart:~$ [m[8D[J[00:03:32.328,000] [0m<inf> imu: ICM-42688-P  a   0.362  -0.068   9.914  g   0.000  -0.004   0.000[0m
[1;32muart:~$ [m[8D[J[1;32muart:~$ [m[8D[J[00:03:32.379,000] [0m<inf> imu: LSM6DS3TR-C  a   0.133   0.038  10.166  g   0.024  -0.061   0.014[0m
[1;32muart:~$ [m[8D[J[00:03:32.379,000] [0m<inf> imu: LSM6DSV16X   a   0.380   0.120  10.511  g  -0.012   0.002  -0.002[0m
[1;32muart:~$ [m[8D[J[00:03:32.380,000] [0m<inf> imu: ICM-42688-P  a   0.363  -0.059   9.912  g   0.000  -0.005   0.001[0m
[1;32muart:~$ [m[8D[J[00:03:32.431,000] [0m<inf> imu: LSM6DS3TR-C  a   0.093   0.031  10.156  g   0.023  -0.060   0.015[0m
[1;32muart:~$ [m[8D[J[1;32muart:~$ [m[8D[J[00:03:32.432,000] [0m<inf> imu: LSM6DSV16X   a   0.378   0.120  10.516  g  -0.012   0.002  -0.003[0m
[1;32muart:~$ [m[8D[J[00:03:32.432,000] [0m<inf> imu: ICM-42688-P  a   0.347  -0.059   9.920  g   0.000  -0.004   0.000[0m
[1;32muart:~$ [m[8D[J[1;32muart:~$ [m[8D[J[00:03:32.483,000] [0m<inf> imu: LSM6DS3TR-C  a   0.088   0.020  10.177  g   0.022  -0.060   0.013[0m
[1;32muart:~$ [m[8D[J[00:03:32.484,000] [0m<inf> imu: LSM6DSV16X   a   0.385   0.123  10.517  g  -0.011   0.002  -0.003[0m
[1;32muart:~$ [m[8D[J[00:03:32.484,000] [0m<inf> imu: ICM-42688-P  a   0.359  -0.068   9.928  g   0.000  -0.003   0.000[0m
[1;32muart:~$ [m[8D[J[00:03:32.536,000] [0m<inf> imu: LSM6DS3TR-C  a   0.074   0.039  10.183  g   0.022  -0.061   0.015[0m
[1;32muart:~$ [m[8D[J[00:03:32.537,000] [0m<inf> imu: LSM6DSV16X   a   0.378   0.113  10.517  g  -0.012   0.002  -0.003[0m
[1;32muart:~$ [m[8D[J[00:03:32.538,000] [0m<inf> imu: ICM-42688-P  a   0.358  -0.051   9.922  g   0.000  -0.005   0.000[0m
[1;32muart:~$ [m[8D[J[1;32muart:~$ [m[8D[J[00:03:32.589,000] [0m<inf> imu: LSM6DS3TR-C  a   0.096   0.028  10.202  g   0.021  -0.061   0.014[0m
[1;32muart:~$ [m[8D[J[00:03:32.590,000] [0m<inf> imu: LSM6DSV16X   a   0.376   0.118  10.521  g  -0.010   0.002  -0.003[0m
[1;32muart:~$ [m[8D[J[00:03:32.590,000] [0m<inf> imu: ICM-42688-P  a   0.351  -0.056   9.931  g   0.000  -0.005   0.001[0m
[1;32muart:~$ [m[8D[J[00:03:32.642,000] [0m<inf> imu: LSM6DS3TR-C  a   0.084   0.041  10.204  g   0.022  -0.060   0.014[0m
[1;32muart:~$ [m[8D[J[1;32muart:~$ [m[8D[J[00:03:32.643,000] [0m<inf> imu: LSM6DSV16X   a   0.381   0.112  10.519  g  -0.012   0.002  -0.003[0m
[1;32muart:~$ [m[8D[J[00:03:32.644,000] [0m<inf> imu: ICM-42688-P  a   0.344  -0.069   9.918  g  -0.001  -0.005  -0.001[0m
[1;32muart:~$ [m[8D[J[1;32muart:~$ [m[8D[J[00:03:32.695,000] [0m<inf> imu: LSM6DS3TR-C  a   0.088   0.001  10.153  g   0.023  -0.061   0.015[0m
[1;32muart:~$ [m[8D[J[00:03:32.696,000] [0m<inf> imu: LSM6DSV16X   a   0.377   0.125  10.516  g  -0.011   0.002  -0.002[0m
[1;32muart:~$ [m[8D[J[00:03:32.696,000] [0m<inf> imu: ICM-42688-P  a   0.347  -0.056   9.930  g  -0.000  -0.004  -0.000[0m
[1;32muart:~$ [m[8D[J[00:03:32.747,000] [0m<inf> imu: LSM6DS3TR-C  a   0.105  -0.001  10.198  g   0.023  -0.062   0.014[0m
[1;32muart:~$ [m[8D[J[1;32muart:~$ [m[8D[J[00:03:32.748,000] [0m<inf> imu: LSM6DSV16X   a   0.379   0.115  10.519  g  -0.012   0.002  -0.003[0m
[1;32muart:~$ [m[8D[J[00:03:32.749,000] [0m<inf> imu: ICM-42688-P  a   0.350  -0.056   9.923  g   0.000  -0.005  -0.000[0m
[1;32muart:~$ [m[8D[J[1;32muart:~$ [m[8D[J[00:03:32.800,000] [0m<inf> imu: LSM6DS3TR-C  a   0.069   0.011  10.186  g   0.023  -0.061   0.015[0m
[1;32muart:~$ [m[8D[J[00:03:32.800,000] [0m<inf> imu: LSM6DSV16X   a   0.383   0.117  10.519  g  -0.011   0.002  -0.003[0m
[1;32muart:~$ [m[8D[J[00:03:32.801,000] [0m<inf> imu: ICM-42688-P  a   0.346  -0.060   9.940  g   0.000  -0.005   0.001[0m
[1;32muart:~$ [m[8D[J[00:03:32.852,000] [0m<inf> imu: LSM6DS3TR-C  a   0.116  -0.008  10.218  g   0.024  -0.061   0.013[0m
[1;32muart:~$ [m[8D[J[1;32muart:~$ [m[8D[J[00:03:32.853,000] [0m<inf> imu: LSM6DSV16X   a   0.381   0.117  10.517  g  -0.011   0.002  -0.003[0m
[1;32muart:~$ [m[8D[J[00:03:32.853,000] [0m<inf> imu: ICM-42688-P  a   0.346  -0.056   9.929  g   0.001  -0.004   0.001[0m
[1;32muart:~$ [m[8D[J[1;32muart:~$ [m[8D[J[00:03:32.904,000] [0m<inf> imu: LSM6DS3TR-C  a   0.090   0.004  10.151  g   0.022  -0.058   0.015[0m
[1;32muart:~$ [m[8D[J[00:03:32.905,000] [0m<inf> imu: LSM6DSV16X   a   0.383   0.115  10.521  g  -0.011   0.002  -0.002[0m
[1;32muart:~$ [m[8D[J[00:03:32.905,000] [0m<inf> imu: ICM-42688-P  a   0.353  -0.067   9.919  g  -0.001  -0.005   0.000[0m
[1;32muart:~$ [m[8D[J[1;32muart:~$ [m[8D[J[00:03:32.956,000] [0m<inf> imu: LSM6DS3TR-C  a   0.038   0.060  10.181  g   0.023  -0.061   0.015[0m
[1;32muart:~$ [m[8D[J[00:03:32.957,000] [0m<inf> imu: LSM6DSV16X   a   0.371   0.115  10.518  g  -0.012   0.002  -0.003[0m
[1;32muart:~$ [m[8D[J[00:03:32.958,000] [0m<inf> imu: ICM-42688-P  a   0.350  -0.063   9.932  g   0.001  -0.005   0.001[0m
[1;32muart:~$ [m[8D[J[1;32muart:~$ [m[8D[J[00:03:33.009,000] [0m<inf> imu: LSM6DS3TR-C  a   0.087   0.045  10.181  g   0.023  -0.062   0.014[0m
[1;32muart:~$ [m[8D[J[00:03:33.009,000] [0m<inf> imu: LSM6DSV16X   a   0.379   0.117  10.522  g  -0.012   0.002  -0.003[0m
[1;32muart:~$ [m[8D[J[00:03:33.010,000] [0m<inf> imu: ICM-42688-P  a   0.363  -0.055   9.919  g   0.000  -0.005   0.000[0m
[1;32muart:~$ [m[8D[J[1;32muart:~$ [m[8D[J[00:03:33.061,000] [0m<inf> imu: LSM6DS3TR-C  a   0.100  -0.005  10.162  g   0.023  -0.059   0.016[0m
[1;32muart:~$ [m[8D[J[00:03:33.062,000] [0m<inf> imu: LSM6DSV16X   a   0.368   0.110  10.517  g  -0.012   0.002  -0.003[0m
[1;32muart:~$ [m[8D[J[00:03:33.062,000] [0m<inf> imu: ICM-42688-P  a   0.362  -0.055   9.914  g  -0.001  -0.005   0.000[0m
[1;32muart:~$ [m[8D[J[1;32muart:~$ [m[8D[J[00:03:33.113,000] [0m<inf> imu: LSM6DS3TR-C  a   0.068  -0.005  10.147  g   0.021  -0.059   0.014[0m
[1;32muart:~$ [m[8D[J[00:03:33.114,000] [0m<inf> imu: LSM6DSV16X   a   0.379   0.117  10.517  g  -0.012   0.002  -0.002[0m
[1;32muart:~$ [m[8D[J[00:03:33.114,000] [0m<inf> imu: ICM-42688-P  a   0.357  -0.057   9.924  g  -0.001  -0.005  -0.001[0m
[1;32muart:~$ [m[8D[J[1;32muart:~$ [m[8D[J[00:03:33.165,000] [0m<inf> imu: LSM6DS3TR-C  a   0.105   0.038  10.204  g   0.022  -0.060   0.015[0m
[1;32muart:~$ [m[8D[J[00:03:33.166,000] [0m<inf> imu: LSM6DSV16X   a   0.378   0.120  10.519  g  -0.011   0.003  -0.002[0m
[1;32muart:~$ [m[8D[J[00:03:33.166,000] [0m<inf> imu: ICM-42688-P  a   0.354  -0.060   9.924  g  -0.000  -0.006   0.001[0m
[1;32muart:~$ [m[8D[J[1;32muart:~$ [m[8D[J[00:03:33.218,000] [0m<inf> imu: LSM6DS3TR-C  a   0.130   0.028  10.188  g   0.023  -0.060   0.014[0m
[1;32muart:~$ [m[8D[J[00:03:33.219,000] [0m<inf> imu: LSM6DSV16X   a   0.378   0.112  10.521  g  -0.012   0.002  -0.002[0m
[1;32muart:~$ [m[8D[J[00:03:33.219,000] [0m<inf> imu: ICM-42688-P  a   0.350  -0.065   9.912  g   0.000  -0.005   0.000[0m
[1;32muart:~$ [m[8D[J[1;32muart:~$ [m[8D[J[00:03:33.270,000] [0m<inf> imu: LSM6DS3TR-C  a   0.098   0.020  10.198  g   0.026  -0.061   0.014[0m
[1;32muart:~$ [m[8D[J[00:03:33.271,000] [0m<inf> imu: LSM6DSV16X   a   0.385   0.115  10.521  g  -0.011   0.002  -0.003[0m
[1;32muart:~$ [m[8D[J[1;32muart:~$ [m[8D[J[00:03:33.271,000] [0m<inf> imu: ICM-42688-P  a   0.354  -0.065   9.934  g  -0.000  -0.005   0.000[0m
[1;32muart:~$ [m[8D[J[00:03:33.323,000] [0m<inf> imu: LSM6DS3TR-C  a   0.111   0.032  10.215  g   0.023  -0.060   0.015[0m
[1;32muart:~$ [m[8D[J[00:03:33.324,000] [0m<inf> imu: LSM6DSV16X   a   0.379   0.117  10.519  g  -0.012   0.002  -0.003[0m
[1;32muart:~$ [m[8D[J[00:03:33.325,000] [0m<inf> imu: ICM-42688-P  a   0.357  -0.060   9.929  g   0.000  -0.005   0.000[0m
[1;32muart:~$ [m[8D[J[1;32muart:~$ [m[8D[J[00:03:33.376,000] [0m<inf> imu: LSM6DS3TR-C  a   0.101   0.008  10.198  g   0.022  -0.060   0.014[0m
[1;32muart:~$ [m[8D[J[00:03:33.376,000] [0m<inf> imu: LSM6DSV16X   a   0.376   0.112  10.521  g  -0.011   0.002  -0.002[0m
[1;32muart:~$ [m[8D[J[1;32muart:~$ [m[8D[J[00:03:33.377,000] [0m<inf> imu: ICM-42688-P  a   0.360  -0.072   9.926  g  -0.001  -0.005   0.000[0m
[1;32muart:~$ [m[8D[J[00:03:33.428,000] [0m<inf> imu: LSM6DS3TR-C  a   0.090  -0.005  10.161  g   0.024  -0.061   0.015[0m
[1;32muart:~$ [m[8D[J[00:03:33.430,000] [0m<inf> imu: LSM6DSV16X   a   0.381   0.120  10.516  g  -0.012   0.002  -0.003[0m
[1;32muart:~$ [m[8D[J[00:03:33.431,000] [0m<inf> imu: ICM-42688-P  a   0.358  -0.062   9.910  g   0.000  -0.005  -0.000[0m
[1;32muart:~$ [m[8D[J[1;32muart:~$ [m[8D[J[00:03:33.482,000] [0m<inf> imu: LSM6DS3TR-C  a   0.086   0.022  10.150  g   0.022  -0.060   0.015[0m
[1;32muart:~$ [m[8D[J[00:03:33.482,000] [0m<inf> imu: LSM6DSV16X   a   0.371   0.117  10.512  g  -0.012   0.003  -0.002[0m
[1;32muart:~$ [m[8D[J[00:03:33.483,000] [0m<inf> imu: ICM-42688-P  a   0.350  -0.067   9.923  g  -0.000  -0.004   0.000[0m
[1;32muart:~$ [m[8D[J[00:03:33.534,000] [0m<inf> imu: LSM6DS3TR-C  a   0.103   0.007  10.178  g   0.024  -0.062   0.015[0m
[1;32muart:~$ [m[8D[J[1;32muart:~$ [m[8D[J[00:03:33.536,000] [0m<inf> imu: LSM6DSV16X   a   0.376   0.117  10.519  g  -0.011   0.002  -0.002[0m
[1;32muart:~$ [m[8D[J[00:03:33.536,000] [0m<inf> imu: ICM-42688-P  a   0.366  -0.065   9.922  g   0.000  -0.005   0.000[0m
[1;32muart:~$ [m[8D[J[1;32muart:~$ [m[8D[J[00:03:33.587,000] [0m<inf> imu: LSM6DS3TR-C  a   0.067   0.022  10.165  g   0.025  -0.059   0.015[0m
[1;32muart:~$ [m[8D[J[00:03:33.588,000] [0m<inf> imu: LSM6DSV16X   a   0.375   0.120  10.519  g  -0.012   0.002  -0.002[0m
[1;32muart:~$ [m[8D[J[1;32muart:~$ [m[8D[J[00:03:33.589,000] [0m<inf> imu: ICM-42688-P  a   0.357  -0.060   9.929  g   0.000  -0.005   0.001[0m
[1;32muart:~$ [m[8D[J[00:03:33.640,000] [0m<inf> imu: LSM6DS3TR-C  a   0.123   0.010  10.179  g   0.023  -0.060   0.017[0m
[1;32muart:~$ [m[8D[J[00:03:33.642,000] [0m<inf> imu: LSM6DSV16X   a   0.374   0.117  10.526  g  -0.012   0.002  -0.003[0m
[1;32muart:~$ [m[8D[J[00:03:33.642,000] [0m<inf> imu: ICM-42688-P  a   0.354  -0.060   9.920  g   0.000  -0.005   0.000[0m
[1;32muart:~$ [m[8D[J[1;32muart:~$ [m[8D[J[00:03:33.693,000] [0m<inf> imu: LSM6DS3TR-C  a   0.084   0.007  10.222  g   0.024  -0.062   0.014[0m
[1;32muart:~$ [m[8D[J[00:03:33.694,000] [0m<inf> imu: LSM6DSV16X   a   0.376   0.120  10.518  g  -0.011   0.002  -0.002[0m
[1;32muart:~$ [m[8D[J[1;32muart:~$ [m[8D[J[00:03:33.694,000] [0m<inf> imu: ICM-42688-P  a   0.356  -0.056   9.929  g   0.000  -0.005   0.000[0m
[1;32muart:~$ [m[8D[J[00:03:33.745,000] [0m<inf> imu: LSM6DS3TR-C  a   0.107   0.011  10.205  g   0.023  -0.062   0.015[0m
[1;32muart:~$ [m[8D[J[00:03:33.746,000] [0m<inf> imu: LSM6DSV16X   a   0.382   0.115  10.515  g  -0.012   0.002  -0.002[0m
[1;32muart:~$ [m[8D[J[00:03:33.747,000] [0m<inf> imu: ICM-42688-P  a   0.350  -0.063   9.917  g  -0.001  -0.005   0.000[0m
[1;32muart:~$ [m[8D[J[1;32muart:~$ [m[8D[J[00:03:33.798,000] [0m<inf> imu: LSM6DS3TR-C  a   0.088   0.011  10.162  g   0.025  -0.062   0.014[0m
[1;32muart:~$ [m[8D[J[00:03:33.799,000] [0m<inf> imu: LSM6DSV16X   a   0.379   0.115  10.523  g  -0.011   0.002  -0.002[0m
[1;32muart:~$ [m[8D[J[1;32muart:~$ [m[8D[J[00:03:33.799,000] [0m<inf> imu: ICM-42688-P  a   0.351  -0.066   9.940  g   0.000  -0.004  -0.001[0m
[1;32muart:~$ [m[8D[J[00:03:33.850,000] [0m<inf> imu: LSM6DS3TR-C  a   0.112  -0.005  10.183  g   0.023  -0.060   0.017[0m
[1;32muart:~$ [m[8D[J[00:03:33.851,000] [0m<inf> imu: LSM6DSV16X   a   0.376   0.122  10.525  g  -0.012   0.002  -0.003[0m
[1;32muart:~$ [m[8D[J[1;32muart:~$ [m[8D[J[00:03:33.851,000] [0m<inf> imu: ICM-42688-P  a   0.350  -0.060   9.919  g  -0.000  -0.005  -0.000[0m
[1;32muart:~$ [m[8D[J[00:03:33.902,000] [0m<inf> imu: LSM6DS3TR-C  a   0.099   0.013  10.198  g   0.023  -0.059   0.015[0m
[1;32muart:~$ [m[8D[J[00:03:33.903,000] [0m<inf> imu: LSM6DSV16X   a   0.380   0.119  10.523  g  -0.011   0.002  -0.002[0m
[1;32muart:~$ [m[8D[J[1;32muart:~$ [m[8D[J[00:03:33.904,000] [0m<inf> imu: ICM-42688-P  a   0.348  -0.065   9.931  g  -0.001  -0.005   0.000[0m
[1;32muart:~$ [m[8D[J[00:03:33.955,000] [0m<inf> imu: LSM6DS3TR-C  a   0.077   0.001  10.141  g   0.023  -0.061   0.014[0m
[1;32muart:~$ [m[8D[J[00:03:33.955,000] [0m<inf> imu: LSM6DSV16X   a   0.376   0.120  10.524  g  -0.012   0.001  -0.002[0m
[1;32muart:~$ [m[8D[J[1;32muart:~$ [m[8D[J[00:03:33.956,000] [0m<inf> imu: ICM-42688-P  a   0.348  -0.069   9.916  g   0.000  -0.005   0.000[0m
[1;32muart:~$ [m[8D[J[00:03:34.007,000] [0m<inf> imu: LSM6DS3TR-C  a   0.129   0.020  10.186  g   0.026  -0.059   0.015[0m
[1;32muart:~$ [m[8D[J[00:03:34.008,000] [0m<inf> imu: LSM6DSV16X   a   0.381   0.114  10.519  g  -0.012   0.002  -0.003[0m
[1;32muart:~$ [m[8D[J[1;32muart:~$ [m[8D[J[00:03:34.008,000] [0m<inf> imu: ICM-42688-P  a   0.357  -0.066   9.923  g  -0.000  -0.004   0.000[0m
[1;32muart:~$ [m[8D[J[00:03:34.059,000] [0m<inf> imu: LSM6DS3TR-C  a   0.100   0.033  10.187  g   0.024  -0.061   0.013[0m
[1;32muart:~$ [m[8D[J[00:03:34.060,000] [0m<inf> imu: LSM6DSV16X   a   0.371   0.117  10.512  g  -0.012   0.002  -0.002[0m
[1;32muart:~$ [m[8D[J[1;32muart:~$ [m[8D[J[00:03:34.060,000] [0m<inf> imu: ICM-42688-P  a   0.350  -0.059   9.919  g  -0.000  -0.005  -0.000[0m
[1;32muart:~$ [m[8D[J[00:03:34.111,000] [0m<inf> imu: LSM6DS3TR-C  a   0.100   0.005  10.159  g   0.023  -0.060   0.015[0m
[1;32muart:~$ [m[8D[J[00:03:34.112,000] [0m<inf> imu: LSM6DSV16X   a   0.377   0.115  10.519  g  -0.011   0.002  -0.003[0m
[1;32muart:~$ [m[8D[J[1;32muart:~$ [m[8D[J[00:03:34.113,000] [0m<inf> imu: ICM-42688-P  a   0.359  -0.069   9.918  g  -0.000  -0.005   0.000[0m
[1;32muart:~$ [m[8D[J[00:03:34.164,000] [0m<inf> imu: LSM6DS3TR-C  a   0.088   0.034  10.167  g   0.022  -0.061   0.015[0m
[1;32muart:~$ [m[8D[J[00:03:34.166,000] [0m<inf> imu: LSM6DSV16X   a   0.373   0.124  10.519  g  -0.012   0.002  -0.002[0m
[1;32muart:~$ [m[8D[J[1;32muart:~$ [m[8D[J[00:03:34.166,000] [0m<inf> imu: ICM-42688-P  a   0.359  -0.056   9.936  g  -0.001  -0.005   0.000[0m
[1;32muart:~$ [m[8D[J[00:03:34.217,000] [0m<inf> imu: LSM6DS3TR-C  a   0.106   0.045  10.194  g   0.022  -0.060   0.015[0m
[1;32muart:~$ [m[8D[J[00:03:34.218,000] [0m<inf> imu: LSM6DSV16X   a   0.375   0.122  10.519  g  -0.012   0.002  -0.003[0m
[1;32muart:~$ [m[8D[J[1;32muart:~$ [m[8D[J[00:03:34.218,000] [0m<inf> imu: ICM-42688-P  a   0.341  -0.065   9.932  g   0.000  -0.005   0.000[0m
[1;32muart:~$ [m[8D[J[00:03:34.270,000] [0m<inf> imu: LSM6DS3TR-C  a   0.111   0.002  10.172  g   0.023  -0.060   0.017[0m
[1;32muart:~$ [m[8D[J[00:03:34.271,000] [0m<inf> imu: LSM6DSV16X   a   0.376   0.119  10.517  g  -0.011   0.002  -0.003[0m
[1;32muart:~$ [m[8D[J[1;32muart:~$ [m[8D[J[00:03:34.272,000] [0m<inf> imu: ICM-42688-P  a   0.345  -0.061   9.914  g   0.001  -0.005   0.000[0m
[1;32muart:~$ [m[8D[J[00:03:34.323,000] [0m<inf> imu: LSM6DS3TR-C  a   0.095   0.014  10.181  g   0.025  -0.061   0.015[0m
[1;32muart:~$ [m[8D[J[1;32muart:~$ [m[8D[J[00:03:34.324,000] [0m<inf> imu: LSM6DSV16X   a   0.380   0.113  10.516  g  -0.011   0.002  -0.002[0m
[1;32muart:~$ [m[8D[J[00:03:34.325,000] [0m<inf> imu: ICM-42688-P  a   0.351  -0.068   9.918  g   0.000  -0.005  -0.000[0m
[1;32muart:~$ [m[8D[J[00:03:34.376,000] [0m<inf> imu: LSM6DS3TR-C  a   0.077   0.011  10.197  g   0.024  -0.059   0.014[0m
[1;32muart:~$ [m[8D[J[00:03:34.378,000] [0m<inf> imu: LSM6DSV16X   a   0.380   0.115  10.524  g  -0.011   0.002  -0.002[0m
[1;32muart:~$ [m[8D[J[1;32muart:~$ [m[8D[J[00:03:34.378,000] [0m<inf> imu: ICM-42688-P  a   0.360  -0.061   9.922  g   0.000  -0.005   0.000[0m
[1;32muart:~$ [m[8D[J[00:03:34.429,000] [0m<inf> imu: LSM6DS3TR-C  a   0.068  -0.007  10.137  g   0.025  -0.060   0.013[0m
[1;32muart:~$ [m[8D[J[1;32muart:~$ [m[8D[J[00:03:34.430,000] [0m<inf> imu: LSM6DSV16X   a   0.373   0.119  10.519  g  -0.012   0.002  -0.002[0m
[1;32muart:~$ [m[8D[J[00:03:34.431,000] [0m<inf> imu: ICM-42688-P  a   0.354  -0.066   9.918  g  -0.001  -0.005   0.000[0m
[1;32muart:~$ [m[8D[J[00:03:34.482,000] [0m<inf> imu: LSM6DS3TR-C  a   0.084   0.015  10.164  g   0.027  -0.061   0.014[0m
[1;32muart:~$ [m[8D[J[00:03:34.484,000] [0m<inf> imu: LSM6DSV16X   a   0.375   0.112  10.511  g  -0.012   0.002  -0.003[0m
[1;32muart:~$ [m[8D[J[00:03:34.484,000] [0m<inf> imu: ICM-42688-P  a   0.351  -0.062   9.916  g   0.000  -0.004  -0.000[0m
[1;32muart:~$ [m[8D[J[00:03:34.535,000] [0m<inf> imu: LSM6DS3TR-C  a   0.098  -0.008  10.196  g   0.021  -0.060   0.014[0m
[1;32muart:~$ [m[8D[J[1;32muart:~$ [m[8D[J[00:03:34.536,000] [0m<inf> imu: LSM6DSV16X   a   0.383   0.115  10.524  g  -0.011   0.002  -0.002[0m
[1;32muart:~$ [m[8D[J[00:03:34.537,000] [0m<inf> imu: ICM-42688-P  a   0.359  -0.065   9.920  g  -0.001  -0.005  -0.001[0m
[1;32muart:~$ [m[8D[J[00:03:34.588,000] [0m<inf> imu: LSM6DS3TR-C  a   0.090   0.017  10.198  g   0.024  -0.061   0.015[0m
[1;32muart:~$ [m[8D[J[00:03:34.590,000] [0m<inf> imu: LSM6DSV16X   a   0.383   0.115  10.516  g  -0.011   0.003  -0.003[0m
[1;32muart:~$ [m[8D[J[1;32muart:~$ [m[8D[J[00:03:34.590,000] [0m<inf> imu: ICM-42688-P  a   0.346  -0.062   9.923  g   0.000  -0.004   0.001[0m
[1;32muart:~$ [m[8D[J[00:03:34.641,000] [0m<inf> imu: LSM6DS3TR-C  a   0.081   0.033  10.190  g   0.023  -0.060   0.013[0m
[1;32muart:~$ [m[8D[J[1;32muart:~$ [m[8D[J[00:03:34.642,000] [0m<inf> imu: LSM6DSV16X   a   0.376   0.109  10.519  g  -0.012   0.002  -0.002[0m
[1;32muart:~$ [m[8D[J[00:03:34.643,000] [0m<inf> imu: ICM-42688-P  a   0.351  -0.063   9.919  g  -0.001  -0.005  -0.001[0m
[1;32muart:~$ [m[8D[J[00:03:34.694,000] [0m<inf> imu: LSM6DS3TR-C  a   0.077   0.031  10.168  g   0.024  -0.063   0.016[0m
[1;32muart:~$ [m[8D[J[1;32muart:~$ [m[8D[J[00:03:34.694,000] [0m<inf> imu: LSM6DSV16X   a   0.380   0.120  10.516  g  -0.010   0.003  -0.003[0m
[1;32muart:~$ [m[8D[J[00:03:34.695,000] [0m<inf> imu: ICM-42688-P  a   0.358  -0.069   9.919  g  -0.001  -0.004  -0.000[0m
[1;32muart:~$ [m[8D[J[00:03:34.746,000] [0m<inf> imu: LSM6DS3TR-C  a   0.086   0.029  10.180  g   0.024  -0.060   0.013[0m
[1;32muart:~$ [m[8D[J[1;32muart:~$ [m[8D[J[00:03:34.747,000] [0m<inf> imu: LSM6DSV16X   a   0.380   0.125  10.523  g  -0.011   0.002  -0.003[0m
[1;32muart:~$ [m[8D[J[00:03:34.747,000] [0m<inf> imu: ICM-42688-P  a   0.357  -0.068   9.926  g  -0.001  -0.004   0.000[0m
[1;32muart:~$ [m[8D[J[00:03:34.798,000] [0m<inf> imu: LSM6DS3TR-C  a   0.111   0.016  10.187  g   0.024  -0.061   0.013[0m
[1;32muart:~$ [m[8D[J[1;32muart:~$ [m[8D[J[00:03:34.799,000] [0m<inf> imu: LSM6DSV16X   a   0.373   0.118  10.519  g  -0.013   0.003  -0.003[0m
[1;32muart:~$ [m[8D[J[00:03:34.799,000] [0m<inf> imu: ICM-42688-P  a   0.358  -0.060   9.920  g   0.001  -0.005   0.000[0m
[1;32muart:~$ [m[8D[J[00:03:34.850,000] [0m<inf> imu: LSM6DS3TR-C  a   0.108   0.064  10.204  g   0.023  -0.060   0.013[0m
[1;32muart:~$ [m[8D[J[1;32muart:~$ [m[8D[J[00:03:34.851,000] [0m<inf> imu: LSM6DSV16X   a   0.383   0.114  10.512  g  -0.012   0.002  -0.002[0m
[1;32muart:~$ [m[8D[J[00:03:34.852,000] [0m<inf> imu: ICM-42688-P  a   0.354  -0.062   9.923  g   0.001  -0.005   0.001[0m
[1;32muart:~$ [m[8D[J[00:03:34.903,000] [0m<inf> imu: LSM6DS3TR-C  a   0.093   0.004  10.191  g   0.023  -0.059   0.015[0m
[1;32muart:~$ [m[8D[J[1;32muart:~$ [m[8D[J[00:03:34.903,000] [0m<inf> imu: LSM6DSV16X   a   0.380   0.113  10.511  g  -0.011   0.002  -0.003[0m
[1;32muart:~$ [m[8D[J[00:03:34.904,000] [0m<inf> imu: ICM-42688-P  a   0.354  -0.060   9.916  g   0.000  -0.004  -0.000[0m
[1;32muart:~$ [m[8D[J[00:03:34.955,000] [0m<inf> imu: LSM6DS3TR-C  a   0.093  -0.001  10.168  g   0.023  -0.061   0.013[0m
[1;32muart:~$ [m[8D[J[1;32muart:~$ [m[8D[J[00:03:34.956,000] [0m<inf> imu: LSM6DSV16X   a   0.373   0.117  10.510  g  -0.011   0.002  -0.003[0m
[1;32muart:~$ [m[8D[J[00:03:34.956,000] [0m<inf> imu: ICM-42688-P  a   0.339  -0.050   9.935  g  -0.001  -0.004  -0.000[0m
[1;32muart:~$ [m[8D[J[00:03:35.007,000] [0m<inf> imu: LSM6DS3TR-C  a   0.081   0.011  10.172  g   0.023  -0.060   0.013[0m
[1;32muart:~$ [m[8D[J[1;32muart:~$ [m[8D[J[00:03:35.008,000] [0m<inf> imu: LSM6DSV16X   a   0.374   0.120  10.512  g  -0.011   0.001  -0.003[0m
[1;32muart:~$ [m[8D[J[00:03:35.008,000] [0m<inf> imu: ICM-42688-P  a   0.342  -0.056   9.926  g   0.000  -0.005   0.000[0m
[1;32muart:~$ [m[8D[J[00:03:35.059,000] [0m<inf> imu: LSM6DS3TR-C  a   0.087   0.016  10.196  g   0.024  -0.059   0.015[0m
[1;32muart:~$ [m[8D[J[1;32muart:~$ [m[8D[J[00:03:35.060,000] [0m<inf> imu: LSM6DSV16X   a   0.376   0.123  10.521  g  -0.011   0.002  -0.002[0m
[1;32muart:~$ [m[8D[J[00:03:35.061,000] [0m<inf> imu: ICM-42688-P  a   0.353  -0.067   9.925  g  -0.000  -0.005   0.000[0m
[1;32muart:~$ [m[8D[J[1;32muart:~$ [m[8D[J[00:03:35.112,000] [0m<inf> imu: LSM6DS3TR-C  a   0.103   0.017  10.164  g   0.024  -0.060   0.015[0m
[1;32muart:~$ [m[8D[J[00:03:35.113,000] [0m<inf> imu: LSM6DSV16X   a   0.381   0.120  10.522  g  -0.012   0.003  -0.002[0m
[1;32muart:~$ [m[8D[J[00:03:35.113,000] [0m<inf> imu: ICM-42688-P  a   0.352  -0.059   9.905  g   0.001  -0.005  -0.000[0m
[1;32muart:~$ [m[8D[J[00:03:35.164,000] [0m<inf> imu: LSM6DS3TR-C  a   0.068   0.037  10.196  g   0.021  -0.061   0.014[0m
[1;32muart:~$ [m[8D[J[1;32muart:~$ [m[8D[J[00:03:35.165,000] [0m<inf> imu: LSM6DSV16X   a   0.376   0.112  10.524  g  -0.013   0.001  -0.003[0m
[1;32muart:~$ [m[8D[J[00:03:35.165,000] [0m<inf> imu: ICM-42688-P  a   0.354  -0.061   9.926  g   0.001  -0.005   0.000[0m
[1;32muart:~$ [m[8D[J[1;32muart:~$ [m[8D[J[00:03:35.217,000] [0m<inf> imu: LSM6DS3TR-C  a   0.100   0.030  10.171  g   0.024  -0.060   0.017[0m
[1;32muart:~$ [m[8D[J[00:03:35.218,000] [0m<inf> imu: LSM6DSV16X   a   0.382   0.115  10.524  g  -0.011   0.002  -0.003[0m
[1;32muart:~$ [m[8D[J[00:03:35.219,000] [0m<inf> imu: ICM-42688-P  a   0.342  -0.069   9.936  g   0.000  -0.005   0.000[0m
[1;32muart:~$ [m[8D[J[00:03:35.270,000] [0m<inf> imu: LSM6DS3TR-C  a   0.100   0.036  10.224  g   0.023  -0.059   0.013[0m
[1;32muart:~$ [m[8D[J[1;32muart:~$ [m[8D[J[00:03:35.270,000] [0m<inf> imu: LSM6DSV16X   a   0.382   0.110  10.526  g  -0.012   0.002  -0.002[0m
[1;32muart:~$ [m[8D[J[00:03:35.271,000] [0m<inf> imu: ICM-42688-P  a   0.364  -0.049   9.925  g  -0.001  -0.005   0.000[0m
[1;32muart:~$ [m[8D[J[1;32muart:~$ [m[8D[J[00:03:35.322,000] [0m<inf> imu: LSM6DS3TR-C  a   0.090   0.008  10.146  g   0.023  -0.064   0.013[0m
[1;32muart:~$ [m[8D[J[00:03:35.323,000] [0m<inf> imu: LSM6DSV16X   a   0.380   0.117  10.517  g  -0.011   0.002  -0.003[0m
[1;32muart:~$ [m[8D[J[00:03:35.324,000] [0m<inf> imu: ICM-42688-P  a   0.350  -0.062   9.923  g   0.001  -0.006   0.001[0m
[1;32muart:~$ [m[8D[J[00:03:35.375,000] [0m<inf> imu: LSM6DS3TR-C  a   0.117   0.026  10.162  g   0.023  -0.060   0.016[0m
[1;32muart:~$ [m[8D[J[1;32muart:~$ [m[8D[J[00:03:35.376,000] [0m<inf> imu: LSM6DSV16X   a   0.383   0.115  10.517  g  -0.011   0.002  -0.003[0m
[1;32muart:~$ [m[8D[J[00:03:35.376,000] [0m<inf> imu: ICM-42688-P  a   0.358  -0.063   9.926  g  -0.000  -0.005   0.001[0m
[1;32muart:~$ [m[8D[J[1;32muart:~$ [m[8D[J[00:03:35.428,000] [0m<inf> imu: LSM6DS3TR-C  a   0.122   0.025  10.184  g   0.023  -0.062   0.014[0m
[1;32muart:~$ [m[8D[J[00:03:35.429,000] [0m<inf> imu: LSM6DSV16X   a   0.377   0.115  10.514  g  -0.011   0.002  -0.002[0m
[1;32muart:~$ [m[8D[J[00:03:35.430,000] [0m<inf> imu: ICM-42688-P  a   0.354  -0.071   9.911  g   0.001  -0.004   0.000[0m
[1;32muart:~$ [m[8D[J[00:03:35.481,000] [0m<inf> imu: LSM6DS3TR-C  a   0.103   0.020  10.171  g   0.022  -0.060   0.015[0m
[1;32muart:~$ [m[8D[J[00:03:35.482,000] [0m<inf> imu: LSM6DSV16X   a   0.377   0.117  10.512  g  -0.012   0.002  -0.003[0m
[1;32muart:~$ [m[8D[J[1;32muart:~$ [m[8D[J[00:03:35.482,000] [0m<inf> imu: ICM-42688-P  a   0.350  -0.065   9.922  g   0.000  -0.005   0.000[0m
[1;32muart:~$ [m[8D[J[00:03:35.533,000] [0m<inf> imu: LSM6DS3TR-C  a   0.112   0.024  10.181  g   0.022  -0.060   0.013[0m
[1;32muart:~$ [m[8D[J[1;32muart:~$ [m[8D[J[00:03:35.534,000] [0m<inf> imu: LSM6DSV16X   a   0.378   0.113  10.514  g  -0.011   0.002  -0.003[0m
[1;32muart:~$ [m[8D[J[00:03:35.534,000] [0m<inf> imu: ICM-42688-P  a   0.353  -0.066   9.918  g   0.000  -0.005  -0.001[0m
[1;32muart:~$ [m[8D[J[00:03:35.585,000] [0m<inf> imu: LSM6DS3TR-C  a   0.075   0.034  10.154  g   0.022  -0.059   0.013[0m
[1;32muart:~$ [m[8D[J[1;32muart:~$ [m[8D[J[00:03:35.586,000] [0m<inf> imu: LSM6DSV16X   a   0.370   0.120  10.519  g  -0.012   0.002  -0.003[0m
[1;32muart:~$ [m[8D[J[00:03:35.587,000] [0m<inf> imu: ICM-42688-P  a   0.345  -0.050   9.922  g  -0.001  -0.005   0.000[0m
[1;32muart:~$ [m[8D[J[1;32muart:~$ [m[8D[J[00:03:35.638,000] [0m<inf> imu: LSM6DS3TR-C  a   0.123   0.050  10.140  g   0.023  -0.061   0.015[0m
[1;32muart:~$ [m[8D[J[00:03:35.638,000] [0m<inf> imu: LSM6DSV16X   a   0.379   0.103  10.516  g  -0.013   0.002  -0.003[0m
[1;32muart:~$ [m[8D[J[00:03:35.639,000] [0m<inf> imu: ICM-42688-P  a   0.351  -0.065   9.914  g   0.000  -0.004   0.001[0m
[1;32muart:~$ [m[8D[J[1;32muart:~$ [m[8D[J[00:03:35.690,000] [0m<inf> imu: LSM6DS3TR-C  a   0.124  -0.009  10.168  g   0.023  -0.061   0.013[0m
[1;32muart:~$ [m[8D[J[00:03:35.691,000] [0m<inf> imu: LSM6DSV16X   a   0.371   0.115  10.509  g  -0.012   0.002  -0.003[0m
[1;32muart:~$ [m[8D[J[00:03:35.691,000] [0m<inf> imu: ICM-42688-P  a   0.341  -0.066   9.940  g   0.000  -0.005   0.000[0m
[1;32muart:~$ [m[8D[J[1;32muart:~$ [m[8D[J[00:03:35.742,000] [0m<inf> imu: LSM6DS3TR-C  a   0.098   0.033  10.180  g   0.023  -0.060   0.013[0m
[1;32muart:~$ [m[8D[J[00:03:35.743,000] [0m<inf> imu: LSM6DSV16X   a   0.380   0.115  10.513  g  -0.011   0.001  -0.003[0m
[1;32muart:~$ [m[8D[J[00:03:35.743,000] [0m<inf> imu: ICM-42688-P  a   0.346  -0.065   9.925  g  -0.001  -0.004  -0.001[0m
[1;32muart:~$ [m[8D[J[1;32muart:~$ [m[8D[J[00:03:35.795,000] [0m<inf> imu: LSM6DS3TR-C  a   0.106   0.001  10.171  g   0.023  -0.063   0.014[0m
[1;32muart:~$ [m[8D[J[00:03:35.795,000] [0m<inf> imu: LSM6DSV16X   a   0.379   0.115  10.514  g  -0.012   0.002  -0.002[0m
[1;32muart:~$ [m[8D[J[1;32muart:~$ [m[8D[J[00:03:35.796,000] [0m<inf> imu: ICM-42688-P  a   0.354  -0.066   9.913  g  -0.001  -0.005   0.000[0m
[1;32muart:~$ [m[8D[J[00:03:35.847,000] [0m<inf> imu: LSM6DS3TR-C  a   0.115   0.025  10.155  g   0.023  -0.060   0.014[0m
[1;32muart:~$ [m[8D[J[00:03:35.848,000] [0m<inf> imu: LSM6DSV16X   a   0.377   0.117  10.512  g  -0.012   0.002  -0.003[0m
[1;32muart:~$ [m[8D[J[00:03:35.848,000] [0m<inf> imu: ICM-42688-P  a   0.346  -0.056   9.923  g  -0.000  -0.005   0.000[0m
[1;32muart:~$ [m[8D[J[1;32muart:~$ [m[8D[J[00:03:35.899,000] [0m<inf> imu: LSM6DS3TR-C  a   0.084   0.001  10.191  g   0.024  -0.062   0.014[0m
[1;32muart:~$ [m[8D[J[00:03:35.900,000] [0m<inf> imu: LSM6DSV16X   a   0.382   0.120  10.519  g  -0.012   0.002  -0.003[0m
[1;32muart:~$ [m[8D[J[1;32muart:~$ [m[8D[J[00:03:35.900,000] [0m<inf> imu: ICM-42688-P  a   0.347  -0.051   9.913  g   0.000  -0.005   0.000[0m
[1;32muart:~$ [m[8D[J[00:03:35.951,000] [0m<inf> imu: LSM6DS3TR-C  a   0.070   0.026  10.195  g   0.022  -0.060   0.013[0m
[1;32muart:~$ [m[8D[J[00:03:35.952,000] [0m<inf> imu: LSM6DSV16X   a   0.382   0.109  10.514  g  -0.012   0.001  -0.002[0m
[1;32muart:~$ [m[8D[J[00:03:35.953,000] [0m<inf> imu: ICM-42688-P  a   0.359  -0.054   9.922  g  -0.000  -0.004   0.000[0m
[1;32muart:~$ [m[8D[J[1;32muart:~$ [m[8D[J[00:03:36.004,000] [0m<inf> imu: LSM6DS3TR-C  a   0.081  -0.007  10.234  g   0.024  -0.061   0.013[0m
[1;32muart:~$ [m[8D[J[00:03:36.006,000] [0m<inf> imu: LSM6DSV16X   a   0.382   0.113  10.522  g  -0.011   0.002  -0.003[0m
[1;32muart:~$ [m[8D[J[1;32muart:~$ [m[8D[J[00:03:36.006,000] [0m<inf> imu: ICM-42688-P  a   0.366  -0.068   9.936  g   0.000  -0.005   0.000[0m
[1;32muart:~$ [m[8D[J[00:03:36.057,000] [0m<inf> imu: LSM6DS3TR-C  a   0.107   0.022  10.169  g   0.024  -0.061   0.014[0m
[1;32muart:~$ [m[8D[J[00:03:36.058,000] [0m<inf> imu: LSM6DSV16X   a   0.376   0.115  10.521  g  -0.012   0.002  -0.002[0m
[1;32muart:~$ [m[8D[J[00:03:36.059,000] [0m<inf> imu: ICM-42688-P  a   0.354  -0.057   9.931  g  -0.001  -0.005   0.000[0m
[1;32muart:~$ [m[8D[J[1;32muart:~$ [m[8D[J[00:03:36.110,000] [0m<inf> imu: LSM6DS3TR-C  a   0.057   0.036  10.169  g   0.023  -0.062   0.015[0m
[1;32muart:~$ [m[8D[J[00:03:36.112,000] [0m<inf> imu: LSM6DSV16X   a   0.379   0.115  10.517  g  -0.012   0.002  -0.003[0m
[1;32muart:~$ [m[8D[J[1;32muart:~$ [m[8D[J[00:03:36.112,000] [0m<inf> imu: ICM-42688-P  a   0.362  -0.054   9.925  g  -0.000  -0.005  -0.001[0m
[1;32muart:~$ [m[8D[J[00:03:36.163,000] [0m<inf> imu: LSM6DS3TR-C  a   0.126  -0.011  10.198  g   0.024  -0.062   0.013[0m
[1;32muart:~$ [m[8D[J[00:03:36.164,000] [0m<inf> imu: LSM6DSV16X   a   0.380   0.122  10.511  g  -0.011   0.002  -0.003[0m
[1;32muart:~$ [m[8D[J[1;32muart:~$ [m[8D[J[00:03:36.165,000] [0m<inf> imu: ICM-42688-P  a   0.351  -0.068   9.911  g   0.001  -0.005   0.001[0m
[1;32muart:~$ [m[8D[J[00:03:36.216,000] [0m<inf> imu: LSM6DS3TR-C  a   0.120   0.034  10.185  g   0.023  -0.061   0.015[0m
[1;32muart:~$ [m[8D[J[00:03:36.217,000] [0m<inf> imu: LSM6DSV16X   a   0.376   0.114  10.509  g  -0.012   0.002  -0.003[0m
[1;32muart:~$ [m[8D[J[1;32muart:~$ [m[8D[J[00:03:36.218,000] [0m<inf> imu: ICM-42688-P  a   0.359  -0.065   9.923  g   0.000  -0.005   0.000[0m
[1;32muart:~$ [m[8D[J[00:03:36.269,000] [0m<inf> imu: LSM6DS3TR-C  a   0.081   0.004  10.175  g   0.023  -0.061   0.013[0m
[1;32muart:~$ [m[8D[J[00:03:36.270,000] [0m<inf> imu: LSM6DSV16X   a   0.373   0.115  10.523  g  -0.012   0.002  -0.002[0m
[1;32muart:~$ [m[8D[J[1;32muart:~$ [m[8D[J[00:03:36.270,000] [0m<inf> imu: ICM-42688-P  a   0.350  -0.061   9.923  g   0.001  -0.005   0.000[0m
[1;32muart:~$ [m[8D[J[00:03:36.322,000] [0m<inf> imu: LSM6DS3TR-C  a   0.080   0.045  10.191  g   0.024  -0.062   0.016[0m
[1;32muart:~$ [m[8D[J[00:03:36.323,000] [0m<inf> imu: LSM6DSV16X   a   0.375   0.113  10.513  g  -0.011   0.002  -0.003[0m
[1;32muart:~$ [m[8D[J[1;32muart:~$ [m[8D[J[00:03:36.324,000] [0m<inf> imu: ICM-42688-P  a   0.362  -0.069   9.926  g   0.001  -0.004  -0.001[0m
[1;32muart:~$ [m[8D[J[00:03:36.375,000] [0m<inf> imu: LSM6DS3TR-C  a   0.107  -0.008  10.196  g   0.022  -0.061   0.014[0m
[1;32muart:~$ [m[8D[J[00:03:36.376,000] [0m<inf> imu: LSM6DSV16X   a   0.380   0.117  10.523  g  -0.011   0.002  -0.003[0m
[1;32muart:~$ [m[8D[J[1;32muart:~$ [m[8D[J[1;31m[1;31m--- 1 messages dropped ---
[0m[m[00:03:36.376,000] [0m<inf> imu: ICM-42688-P  a   0.350  -0.066   9.925  g  -0.000  -0.005   0.000[0m
[1;32muart:~$ [m[8D[J[00:03:36.429,000] [0m<inf> imu: LSM6DSV16X   a   0.378   0.117  10.516  g  -0.012   0.002  -0.003[0m
[1;32muart:~$ [m[8D[J[00:03:36.430,000] [0m<inf> imu: ICM-42688-P  a   0.339  -0.059   9.914  g   0.000  -0.005   0.000[0m
[1;32muart:~$ [m[8D[J[00:03:36.481,000] [0m<inf> imu: LSM6DS3TR-C  a   0.081   0.018  10.193  g   0.024  -0.060   0.013[0m
[1;32muart:~$ [m[8D[J[1;32muart:~$ [m[8D[J[00:03:36.482,000] [0m<inf> imu: LSM6DSV16X   a   0.376   0.125  10.524  g  -0.012   0.002  -0.003[0m
[1;32muart:~$ [m[8D[J[00:03:36.482,000] [0m<inf> imu: ICM-42688-P  a   0.350  -0.063   9.918  g  -0.001  -0.004   0.000[0m
[1;32muart:~$ [m[8D[J[1;32muart:~$ [m[8D[J[1;31m[1;31m--- 1 messages dropped ---
[0m[m[00:03:36.533,000] [0m<inf> imu: LSM6DS3TR-C  a   0.096   0.028  10.174  g   0.023  -0.061   0.013[0m
[1;32muart:~$ [m[8D[J[00:03:36.535,000] [0m<inf> imu: ICM-42688-P  a   0.351  -0.061   9.918  g  -0.001  -0.004  -0.000[0m
[1;32muart:~$ [m[8D[J[1;32muart:~$ [m[8D[J[1;31m[1;31m--- 2 messages dropped ---
[0m[m[00:03:36.586,000] [0m<inf> imu: LSM6DS3TR-C  a   0.089   0.048  10.187  g   0.025  -0.062   0.015[0m
[1;32muart:~$ [m[8D[J[00:03:36.638,000] [0m<inf> imu: LSM6DS3TR-C  a   0.100   0.033  10.192  g   0.024  -0.060   0.015[0m
[1;32muart:~$ [m[8D[J[1;32muart:~$ [m[8D[J[1;31m[1;31m--- 1 messages dropped ---
[0m[m[00:03:36.639,000] [0m<inf> imu: LSM6DSV16X   a   0.379   0.120  10.524  g  -0.011   0.002  -0.003[0m
[1;32muart:~$ [m[8D[J[00:03:36.639,000] [0m<inf> imu: ICM-42688-P  a   0.362  -0.048   9.929  g   0.000  -0.005   0.000[0m
[1;32muart:~$ [m[8D[J[00:03:36.691,000] [0m<inf> imu: LSM6DSV16X   a   0.380   0.117  10.507  g  -0.010   0.002  -0.003[0m
[1;32muart:~$ [m[8D[J[1;32muart:~$ [m[8D[J[1;31m[1;31m--- 1 messages dropped ---
[0m[m[00:03:36.691,000] [0m<inf> imu: ICM-42688-P  a   0.356  -0.065   9.925  g  -0.001  -0.005   0.000[0m
[1;32muart:~$ [m[8D[J[00:03:36.743,000] [0m<inf> imu: LSM6DS3TR-C  a   0.124   0.016  10.227  g   0.024  -0.062   0.014[0m
[1;32muart:~$ [m[8D[J[00:03:36.745,000] [0m<inf> imu: ICM-42688-P  a   0.350  -0.065   9.920  g  -0.000  -0.005   0.000[0m
[1;32muart:~$ [m[8D[J[1;32muart:~$ [m[8D[J[1;31m[1;31m--- 2 messages dropped ---
[0m[m[00:03:36.796,000] [0m<inf> imu: LSM6DS3TR-C  a   0.098   0.048  10.145  g   0.024  -0.060   0.015[0m
[1;32muart:~$ [m[8D[J[00:03:36.849,000] [0m<inf> imu: LSM6DS3TR-C  a   0.088   0.014  10.165  g   0.026  -0.060   0.014[0m
[1;32muart:~$ [m[8D[J[1;32muart:~$ [m[8D[J[1;31m[1;31m--- 1 messages dropped ---
[0m[m[00:03:36.851,000] [0m<inf> imu: LSM6DSV16X   a   0.381   0.117  10.524  g  -0.011   0.003  -0.002[0m
[1;32muart:~$ [m[8D[J[00:03:36.851,000] [0m<inf> imu: ICM-42688-P  a   0.354  -0.056   9.925  g   0.000  -0.004   0.000[0m
[1;32muart:~$ [m[8D[J[00:03:36.903,000] [0m<inf> imu: LSM6DSV16X   a   0.388   0.115  10.521  g  -0.011   0.003  -0.003[0m
[1;32muart:~$ [m[8D[J[1;32muart:~$ [m[8D[J[1;31m[1;31m--- 2 messages dropped ---
[0m[m[00:03:36.904,000] [0m<inf> imu: ICM-42688-P  a   0.354  -0.059   9.923  g   0.001  -0.004   0.001[0m
[1;32muart:~$ [m[8D[J[00:03:36.957,000] [0m<inf> imu: ICM-42688-P  a   0.348  -0.048   9.919  g  -0.001  -0.005  -0.001[0m
[1;32muart:~$ [m[8D[J[1;32muart:~$ [m[8D[J[1;31m[1;31m--- 1 messages dropped ---
[0m[m[00:03:37.008,000] [0m<inf> imu: LSM6DS3TR-C  a   0.086   0.027  10.167  g   0.024  -0.059   0.014[0m
[1;32muart:~$ [m[8D[J[00:03:37.009,000] [0m<inf> imu: LSM6DSV16X   a   0.376   0.115  10.530  g  -0.012   0.002  -0.002[0m
[1;32muart:~$ [m[8D[J[00:03:37.061,000] [0m<inf> imu: LSM6DS3TR-C  a   0.114   0.012  10.172  g   0.022  -0.060   0.013[0m
[1;32muart:~$ [m[8D[J[1;32muart:~$ [m[8D[J[1;31m[1;31m--- 1 messages dropped ---
[0m[m[00:03:37.061,000] [0m<inf> imu: LSM6DSV16X   a   0.376   0.115  10.519  g  -0.011   0.002  -0.003[0m
[1;32muart:~$ [m[8D[J[00:03:37.062,000] [0m<inf> imu: ICM-42688-P  a   0.350  -0.055   9.932  g   0.000  -0.005  -0.000[0m
[1;32muart:~$ [m[8D[J[00:03:37.114,000] [0m<inf> imu: LSM6DSV16X   a   0.380   0.110  10.524  g  -0.011   0.001  -0.003[0m
[1;32muart:~$ [m[8D[J[1;32muart:~$ [m[8D[J[1;31m[1;31m--- 2 messages dropped ---
[0m[m[00:03:37.114,000] [0m<inf> imu: ICM-42688-P  a   0.346  -0.073   9.940  g  -0.001  -0.005   0.001[0m
[1;32muart:~$ [m[8D[J[00:03:37.166,000] [0m<inf> imu: ICM-42688-P  a   0.360  -0.059   9.931  g   0.000  -0.005   0.000[0m
[1;32muart:~$ [m[8D[J[1;32muart:~$ [m[8D[J[1;31m[1;31m--- 1 messages dropped ---
[0m[m[00:03:37.217,000] [0m<inf> imu: LSM6DS3TR-C  a   0.084  -0.011  10.187  g   0.024  -0.062   0.012[0m
[1;32muart:~$ [m[8D[J[00:03:37.218,000] [0m<inf> imu: LSM6DSV16X   a   0.380   0.115  10.516  g  -0.011   0.002  -0.003[0m
[1;32muart:~$ [m[8D[J[00:03:37.269,000] [0m<inf> imu: LSM6DS3TR-C  a   0.105   0.034  10.162  g   0.023  -0.061   0.014[0m
[1;32muart:~$ [m[8D[J[1;32muart:~$ [m[8D[J[1;31m[1;31m--- 1 messages dropped ---
[0m[m[00:03:37.270,000] [0m<inf> imu: LSM6DSV16X   a   0.377   0.121  10.521  g  -0.012   0.002  -0.003[0m
[1;32muart:~$ [m[8D[J[00:03:37.322,000] [0m<inf> imu: LSM6DS3TR-C  a   0.089   0.030  10.181  g   0.024  -0.060   0.014[0m
[1;32muart:~$ [m[8D[J[1;32muart:~$ [m[8D[J[1;31m[1;31m--- 1 messages dropped ---
[0m[m[00:03:37.323,000] [0m<inf> imu: LSM6DSV16X   a   0.380   0.117  10.512  g  -0.011   0.002  -0.003[0m
[1;32muart:~$ [m[8D[J[00:03:37.324,000] [0m<inf> imu: ICM-42688-P  a   0.359  -0.059   9.922  g   0.000  -0.005  -0.000[0m
[1;32muart:~$ [m[8D[J[00:03:37.376,000] [0m<inf> imu: LSM6DSV16X   a   0.380   0.114  10.523  g  -0.012   0.002  -0.002[0m
[1;32muart:~$ [m[8D[J[1;32muart:~$ [m[8D[J[00:03:37.377,000] [0m<inf> imu: ICM-42688-P  a   0.356  -0.061   9.924  g   0.000  -0.005   0.001[0m
[1;32muart:~$ [m[8D[J[00:03:37.428,000] [0m<inf> imu: LSM6DS3TR-C  a   0.129  -0.008  10.207  g   0.023  -0.061   0.013[0m
[1;32muart:~$ [m[8D[J[00:03:37.429,000] [0m<inf> imu: LSM6DSV16X   a   0.377   0.120  10.511  g  -0.011   0.003  -0.003[0m
[1;32muart:~$ [m[8D[J[1;32muart:~$ [m[8D[J[00:03:37.429,000] [0m<inf> imu: ICM-42688-P  a   0.357  -0.068   9.919  g   0.001  -0.005   0.000[0m
[1;32muart:~$ [m[8D[J[00:03:37.480,000] [0m<inf> imu: LSM6DS3TR-C  a   0.090   0.010  10.172  g   0.024  -0.061   0.014[0m
[1;32muart:~$ [m[8D[J[00:03:37.481,000] [0m<inf> imu: LSM6DSV16X   a   0.385   0.117  10.511  g  -0.012   0.001  -0.002[0m
[1;32muart:~$ [m[8D[J[1;32muart:~$ [m[8D[J[00:03:37.482,000] [0m<inf> imu: ICM-42688-P  a   0.357  -0.065   9.925  g  -0.000  -0.004  -0.000[0m
[1;32muart:~$ [m[8D[J[00:03:37.533,000] [0m<inf> imu: LSM6DS3TR-C  a   0.116   0.007  10.166  g   0.025  -0.061   0.016[0m
[1;32muart:~$ [m[8D[J[00:03:37.533,000] [0m<inf> imu: LSM6DSV16X   a   0.369   0.121  10.507  g  -0.011   0.002  -0.003[0m
[1;32muart:~$ [m[8D[J[1;32muart:~$ [m[8D[J[00:03:37.534,000] [0m<inf> imu: ICM-42688-P  a   0.358  -0.054   9.920  g  -0.001  -0.004   0.000[0m
[1;32muart:~$ [m[8D[J[00:03:37.585,000] [0m<inf> imu: LSM6DS3TR-C  a   0.111   0.002  10.191  g   0.025  -0.062   0.015[0m
[1;32muart:~$ [m[8D[J[1;32muart:~$ [m[8D[J[00:03:37.586,000] [0m<inf> imu: LSM6DSV16X   a   0.373   0.115  10.516  g  -0.011   0.002  -0.002[0m
[1;32muart:~$ [m[8D[J[00:03:37.586,000] [0m<inf> imu: ICM-42688-P  a   0.351  -0.069   9.917  g   0.001  -0.005   0.000[0m
[1;32muart:~$ [m[8D[J[00:03:37.637,000] [0m<inf> imu: LSM6DS3TR-C  a   0.085   0.012  10.188  g   0.024  -0.061   0.015[0m
[1;32muart:~$ [m[8D[J[00:03:37.638,000] [0m<inf> imu: LSM6DSV16X   a   0.383   0.117  10.519  g  -0.012   0.002  -0.002[0m
[1;32muart:~$ [m[8D[J[1;32muart:~$ [m[8D[J[00:03:37.639,000] [0m<inf> imu: ICM-42688-P  a   0.362  -0.067   9.917  g  -0.000  -0.005   0.001[0m
[1;32muart:~$ [m[8D[J[00:03:37.690,000] [0m<inf> imu: LSM6DS3TR-C  a   0.105   0.016  10.183  g   0.023  -0.061   0.013[0m
[1;32muart:~$ [m[8D[J[1;32muart:~$ [m[8D[J[00:03:37.690,000] [0m<inf> imu: LSM6DSV16X   a   0.385   0.117  10.516  g  -0.012   0.002  -0.003[0m
[1;32muart:~$ [m[8D[J[00:03:37.691,000] [0m<inf> imu: ICM-42688-P  a   0.353  -0.060   9.918  g   0.001  -0.004  -0.000[0m
[1;32muart:~$ [m[8D[J[00:03:37.742,000] [0m<inf> imu: LSM6DS3TR-C  a   0.123   0.034  10.143  g   0.023  -0.061   0.016[0m
[1;32muart:~$ [m[8D[J[00:03:37.743,000] [0m<inf> imu: LSM6DSV16X   a   0.378   0.122  10.516  g  -0.012   0.002  -0.002[0m
[1;32muart:~$ [m[8D[J[1;32muart:~$ [m[8D[J[00:03:37.743,000] [0m<inf> imu: ICM-42688-P  a   0.348  -0.067   9.918  g   0.000  -0.005   0.000[0m
[1;32muart:~$ [m[8D[J[00:03:37.794,000] [0m<inf> imu: LSM6DS3TR-C  a   0.094   0.020  10.186  g   0.025  -0.061   0.016[0m
[1;32muart:~$ [m[8D[J[1;32muart:~$ [m[8D[J[00:03:37.795,000] [0m<inf> imu: LSM6DSV16X   a   0.378   0.117  10.525  g  -0.011   0.002  -0.003[0m
[1;32muart:~$ [m[8D[J[00:03:37.795,000] [0m<inf> imu: ICM-42688-P  a   0.350  -0.060   9.942  g   0.000  -0.005   0.000[0m
[1;32muart:~$ [m[8D[J[00:03:37.846,000] [0m<inf> imu: LSM6DS3TR-C  a   0.124  -0.023  10.207  g   0.024  -0.061   0.013[0m
[1;32muart:~$ [m[8D[J[00:03:37.847,000] [0m<inf> imu: LSM6DSV16X   a   0.375   0.111  10.505  g  -0.011   0.001  -0.003[0m
[1;32muart:~$ [m[8D[J[1;32muart:~$ [m[8D[J[00:03:37.848,000] [0m<inf> imu: ICM-42688-P  a   0.363  -0.056   9.923  g  -0.001  -0.005   0.001[0m
[1;32muart:~$ [m[8D[J[00:03:37.899,000] [0m<inf> imu: LSM6DS3TR-C  a   0.094   0.048  10.159  g   0.025  -0.062   0.013[0m
[1;32muart:~$ [m[8D[J[1;32muart:~$ [m[8D[J[00:03:37.899,000] [0m<inf> imu: LSM6DSV16X   a   0.380   0.114  10.523  g  -0.011   0.002  -0.003[0m
[1;32muart:~$ [m[8D[J[00:03:37.900,000] [0m<inf> imu: ICM-42688-P  a   0.354  -0.072   9.934  g   0.000  -0.005   0.000[0m
[1;32muart:~$ [m[8D[J[00:03:37.951,000] [0m<inf> imu: LSM6DS3TR-C  a   0.112   0.026  10.132  g   0.023  -0.061   0.014[0m
[1;32muart:~$ [m[8D[J[1;32muart:~$ [m[8D[J[00:03:37.952,000] [0m<inf> imu: LSM6DSV16X   a   0.376   0.117  10.519  g  -0.012   0.002  -0.003[0m
[1;32muart:~$ [m[8D[J[00:03:37.952,000] [0m<inf> imu: ICM-42688-P  a   0.346  -0.066   9.926  g   0.000  -0.004  -0.000[0m
[1;32muart:~$ [m[8D[J[00:03:38.003,000] [0m<inf> imu: LSM6DS3TR-C  a   0.103  -0.007  10.161  g   0.024  -0.060   0.015[0m
[1;32muart:~$ [m[8D[J[1;32muart:~$ [m[8D[J[00:03:38.004,000] [0m<inf> imu: LSM6DSV16X   a   0.390   0.114  10.516  g  -0.011   0.002  -0.002[0m
[1;32muart:~$ [m[8D[J[00:03:38.004,000] [0m<inf> imu: ICM-42688-P  a   0.350  -0.067   9.931  g   0.001  -0.005  -0.000[0m
[1;32muart:~$ [m[8D[J[00:03:38.055,000] [0m<inf> imu: LSM6DS3TR-C  a   0.071   0.027  10.148  g   0.024  -0.063   0.014[0m
[1;32muart:~$ [m[8D[J[1;32muart:~$ [m[8D[J[00:03:38.056,000] [0m<inf> imu: LSM6DSV16X   a   0.380   0.117  10.514  g  -0.012   0.003  -0.003[0m
[1;32muart:~$ [m[8D[J[00:03:38.057,000] [0m<inf> imu: ICM-42688-P  a   0.352  -0.069   9.935  g   0.000  -0.005   0.000[0m
[1;32muart:~$ [m[8D[J[00:03:38.108,000] [0m<inf> imu: LSM6DS3TR-C  a   0.120   0.027  10.207  g   0.021  -0.060   0.015[0m
[1;32muart:~$ [m[8D[J[1;32muart:~$ [m[8D[J[00:03:38.109,000] [0m<inf> imu: LSM6DSV16X   a   0.374   0.123  10.518  g  -0.012   0.002  -0.002[0m
[1;32muart:~$ [m[8D[J[00:03:38.109,000] [0m<inf> imu: ICM-42688-P  a   0.359  -0.062   9.912  g  -0.001  -0.004   0.000[0m
[1;32muart:~$ [m[8D[J[00:03:38.160,000] [0m<inf> imu: LSM6DS3TR-C  a   0.121   0.017  10.149  g   0.023  -0.060   0.014[0m
[1;32muart:~$ [m[8D[J[1;32muart:~$ [m[8D[J[00:03:38.161,000] [0m<inf> imu: LSM6DSV16X   a   0.363   0.114  10.524  g  -0.011   0.002  -0.003[0m
[1;32muart:~$ [m[8D[J[00:03:38.161,000] [0m<inf> imu: ICM-42688-P  a   0.348  -0.065   9.936  g  -0.000  -0.004   0.000[0m
[1;32muart:~$ [m[8D[J[00:03:38.212,000] [0m<inf> imu: LSM6DS3TR-C  a   0.133   0.026  10.144  g   0.023  -0.060   0.015[0m
[1;32muart:~$ [m[8D[J[1;32muart:~$ [m[8D[J[00:03:38.213,000] [0m<inf> imu: LSM6DSV16X   a   0.375   0.117  10.509  g  -0.011   0.002  -0.002[0m
[1;32muart:~$ [m[8D[J[00:03:38.214,000] [0m<inf> imu: ICM-42688-P  a   0.357  -0.060   9.937  g   0.000  -0.005   0.001[0m
[1;32muart:~$ [m[8D[J[00:03:38.265,000] [0m<inf> imu: LSM6DS3TR-C  a   0.104   0.014  10.181  g   0.024  -0.061   0.014[0m
[1;32muart:~$ [m[8D[J[1;32muart:~$ [m[8D[J[00:03:38.265,000] [0m<inf> imu: LSM6DSV16X   a   0.376   0.115  10.517  g  -0.011   0.002  -0.002[0m
[1;32muart:~$ [m[8D[J[00:03:38.266,000] [0m<inf> imu: ICM-42688-P  a   0.354  -0.055   9.923  g  -0.000  -0.004   0.001[0m
[1;32muart:~$ [m[8D[J[1;32muart:~$ [m[8D[J[00:03:38.318,000] [0m<inf> imu: LSM6DS3TR-C  a   0.111   0.029  10.187  g   0.023  -0.061   0.014[0m
[1;32muart:~$ [m[8D[J[00:03:38.319,000] [0m<inf> imu: LSM6DSV16X   a   0.376   0.121  10.522  g  -0.011   0.002  -0.003[0m
[1;32muart:~$ [m[8D[J[00:03:38.319,000] [0m<inf> imu: ICM-42688-P  a   0.353  -0.061   9.930  g  -0.000  -0.005  -0.001[0m
[1;32muart:~$ [m[8D[J[00:03:38.370,000] [0m<inf> imu: LSM6DS3TR-C  a   0.096   0.013  10.212  g   0.022  -0.061   0.013[0m
[1;32muart:~$ [m[8D[J[1;32muart:~$ [m[8D[J[00:03:38.371,000] [0m<inf> imu: LSM6DSV16X   a   0.380   0.114  10.517  g  -0.012   0.003  -0.002[0m
[1;32muart:~$ [m[8D[J[00:03:38.372,000] [0m<inf> imu: ICM-42688-P  a   0.347  -0.071   9.924  g  -0.001  -0.005   0.001[0m
[1;32muart:~$ [m[8D[J[1;32muart:~$ [m[8D[J[00:03:38.423,000] [0m<inf> imu: LSM6DS3TR-C  a   0.102   0.043  10.208  g   0.023  -0.062   0.013[0m
[1;32muart:~$ [m[8D[J[00:03:38.424,000] [0m<inf> imu: LSM6DSV16X   a   0.380   0.113  10.514  g  -0.011   0.002  -0.003[0m
[1;32muart:~$ [m[8D[J[00:03:38.425,000] [0m<inf> imu: ICM-42688-P  a   0.363  -0.069   9.914  g   0.000  -0.005   0.000[0m
[1;32muart:~$ [m[8D[J[00:03:38.476,000] [0m<inf> imu: LSM6DS3TR-C  a   0.124   0.020  10.180  g   0.024  -0.061   0.013[0m
[1;32muart:~$ [m[8D[J[1;32muart:~$ [m[8D[J[00:03:38.477,000] [0m<inf> imu: LSM6DSV16X   a   0.379   0.122  10.524  g  -0.011   0.002  -0.002[0m
[1;32muart:~$ [m[8D[J[00:03:38.477,000] [0m<inf> imu: ICM-42688-P  a   0.352  -0.065   9.925  g  -0.001  -0.005   0.000[0m
[1;32muart:~$ [m[8D[J[1;32muart:~$ [m[8D[J[00:03:38.529,000] [0m<inf> imu: LSM6DS3TR-C  a   0.098   0.003  10.179  g   0.023  -0.060   0.016[0m
[1;32muart:~$ [m[8D[J[00:03:38.530,000] [0m<inf> imu: LSM6DSV16X   a   0.378   0.115  10.509  g  -0.011   0.002  -0.002[0m
[1;32muart:~$ [m[8D[J[00:03:38.531,000] [0m<inf> imu: ICM-42688-P  a   0.346  -0.060   9.926  g  -0.001  -0.004   0.000[0m
[1;32muart:~$ [m[8D[J[00:03:38.582,000] [0m<inf> imu: LSM6DS3TR-C  a   0.068   0.020  10.163  g   0.023  -0.060   0.015[0m
[1;32muart:~$ [m[8D[J[1;32muart:~$ [m[8D[J[00:03:38.583,000] [0m<inf> imu: LSM6DSV16X   a   0.380   0.109  10.524  g  -0.012   0.002  -0.003[0m
[1;32muart:~$ [m[8D[J[00:03:38.583,000] [0m<inf> imu: ICM-42688-P  a   0.352  -0.069   9.925  g  -0.000  -0.005   0.000[0m
[1;32muart:~$ [m[8D[J[00:03:38.634,000] [0m<inf> imu: LSM6DS3TR-C  a   0.112   0.021  10.167  g   0.023  -0.060   0.015[0m
[1;32muart:~$ [m[8D[J[00:03:38.635,000] [0m<inf> imu: LSM6DSV16X   a   0.376   0.121  10.516  g  -0.011   0.002  -0.003[0m
[1;32muart:~$ [m[8D[J[1;32muart:~$ [m[8D[J[00:03:38.635,000] [0m<inf> imu: ICM-42688-P  a   0.340  -0.054   9.914  g  -0.001  -0.004   0.000[0m
[1;32muart:~$ [m[8D[J[00:03:38.687,000] [0m<inf> imu: LSM6DS3TR-C  a   0.084   0.044  10.175  g   0.025  -0.063   0.014[0m
[1;32muart:~$ [m[8D[J[1;32muart:~$ [m[8D[J[00:03:38.687,000] [0m<inf> imu: LSM6DSV16X   a   0.383   0.117  10.517  g  -0.012   0.002  -0.002[0m
[1;32muart:~$ [m[8D[J[00:03:38.688,000] [0m<inf> imu: ICM-42688-P  a   0.352  -0.067   9.923  g   0.000  -0.004   0.001[0m
[1;32muart:~$ [m[8D[J[1;32muart:~$ [m[8D[J[00:03:38.739,000] [0m<inf> imu: LSM6DS3TR-C  a   0.100   0.045  10.196  g   0.023  -0.061   0.014[0m
[1;32muart:~$ [m[8D[J[00:03:38.739,000] [0m<inf> imu: LSM6DSV16X   a   0.383   0.114  10.524  g  -0.012   0.003  -0.003[0m
[1;32muart:~$ [m[8D[J[00:03:38.740,000] [0m<inf> imu: ICM-42688-P  a   0.352  -0.055   9.941  g  -0.001  -0.005   0.000[0m
[1;32muart:~$ [m[8D[J[1;32muart:~$ [m[8D[J[00:03:38.791,000] [0m<inf> imu: LSM6DS3TR-C  a   0.113   0.030  10.192  g   0.024  -0.060   0.014[0m
[1;32muart:~$ [m[8D[J[00:03:38.792,000] [0m<inf> imu: LSM6DSV16X   a   0.375   0.115  10.509  g  -0.011   0.002  -0.002[0m
[1;32muart:~$ [m[8D[J[00:03:38.792,000] [0m<inf> imu: ICM-42688-P  a   0.356  -0.060   9.922  g   0.000  -0.005   0.001[0m
[1;32muart:~$ [m[8D[J[1;32muart:~$ [m[8D[J[00:03:38.843,000] [0m<inf> imu: LSM6DS3TR-C  a   0.097   0.004  10.183  g   0.024  -0.060   0.016[0m
[1;32muart:~$ [m[8D[J[00:03:38.844,000] [0m<inf> imu: LSM6DSV16X   a   0.383   0.118  10.516  g  -0.010   0.002  -0.003[0m
[1;32muart:~$ [m[8D[J[00:03:38.844,000] [0m<inf> imu: ICM-42688-P  a   0.354  -0.067   9.926  g  -0.000  -0.005   0.001[0m
[1;32muart:~$ [m[8D[J[1;32muart:~$ [m[8D[J[00:03:38.895,000] [0m<inf> imu: LSM6DS3TR-C  a   0.084   0.021  10.155  g   0.021  -0.061   0.015[0m
[1;32muart:~$ [m[8D[J[00:03:38.896,000] [0m<inf> imu: LSM6DSV16X   a   0.379   0.120  10.514  g  -0.011   0.002  -0.002[0m
[1;32muart:~$ [m[8D[J[00:03:38.897,000] [0m<inf> imu: ICM-42688-P  a   0.350  -0.059   9.913  g   0.000  -0.005   0.000[0m
[1;32muart:~$ [m[8D[J[1;32muart:~$ [m[8D[J[00:03:38.948,000] [0m<inf> imu: LSM6DS3TR-C  a   0.075  -0.023  10.150  g   0.024  -0.061   0.015[0m
[1;32muart:~$ [m[8D[J[00:03:38.948,000] [0m<inf> imu: LSM6DSV16X   a   0.378   0.115  10.519  g  -0.011   0.002  -0.002[0m
[1;32muart:~$ [m[8D[J[00:03:38.949,000] [0m<inf> imu: ICM-42688-P  a   0.362  -0.061   9.926  g   0.001  -0.005  -0.000[0m
[1;32muart:~$ [m[8D[J[1;32muart:~$ [m[8D[J[00:03:39.000,000] [0m<inf> imu: LSM6DS3TR-C  a   0.126   0.006  10.234  g   0.022  -0.062   0.014[0m
[1;32muart:~$ [m[8D[J[00:03:39.001,000] [0m<inf> imu: LSM6DSV16X   a   0.383   0.117  10.524  g  -0.011   0.002  -0.002[0m
[1;32muart:~$ [m[8D[J[00:03:39.001,000] [0m<inf> imu: ICM-42688-P  a   0.356  -0.065   9.923  g   0.000  -0.005  -0.000[0m
[1;32muart:~$ [m[8D[J[1;32muart:~$ [m[8D[J[00:03:39.053,000] [0m<inf> imu: LSM6DS3TR-C  a   0.124  -0.001  10.209  g   0.022  -0.061   0.014[0m
[1;32muart:~$ [m[8D[J[00:03:39.054,000] [0m<inf> imu: LSM6DSV16X   a   0.383   0.110  10.518  g  -0.012   0.002  -0.003[0m
[1;32muart:~$ [m[8D[J[00:03:39.055,000] [0m<inf> imu: ICM-42688-P  a   0.362  -0.066   9.931  g  -0.001  -0.005  -0.000[0m
[1;32muart:~$ [m[8D[J[1;32muart:~$ [m[8D[J[00:03:39.106,000] [0m<inf> imu: LSM6DS3TR-C  a   0.111   0.023  10.184  g   0.024  -0.060   0.014[0m
[1;32muart:~$ [m[8D[J[00:03:39.106,000] [0m<inf> imu: LSM6DSV16X   a   0.376   0.117  10.512  g  -0.012   0.002  -0.002[0m
[1;32muart:~$ [m[8D[J[1;32muart:~$ [m[8D[J[00:03:39.107,000] [0m<inf> imu: ICM-42688-P  a   0.344  -0.074   9.923  g  -0.001  -0.004   0.000[0m
[1;32muart:~$ [m[8D[J[00:03:39.159,000] [0m<inf> imu: LSM6DS3TR-C  a   0.082   0.020  10.168  g   0.023  -0.062   0.015[0m
[1;32muart:~$ [m[8D[J[00:03:39.160,000] [0m<inf> imu: LSM6DSV16X   a   0.376   0.115  10.513  g  -0.011   0.002  -0.003[0m
[1;32muart:~$ [m[8D[J[00:03:39.160,000] [0m<inf> imu: ICM-42688-P  a   0.354  -0.056   9.924  g   0.001  -0.004   0.000[0m
[1;32muart:~$ [m[8D[J[1;32muart:~$ [m[8D[J[00:03:39.211,000] [0m<inf> imu: LSM6DS3TR-C  a   0.097  -0.009  10.175  g   0.024  -0.062   0.015[0m
[1;32muart:~$ [m[8D[J[00:03:39.212,000] [0m<inf> imu: LSM6DSV16X   a   0.376   0.115  10.524  g  -0.011   0.003  -0.003[0m
[1;32muart:~$ [m[8D[J[1;32muart:~$ [m[8D[J[00:03:39.212,000] [0m<inf> imu: ICM-42688-P  a   0.354  -0.072   9.918  g   0.000  -0.005   0.000[0m
[1;32muart:~$ [m[8D[J[00:03:39.264,000] [0m<inf> imu: LSM6DS3TR-C  a   0.090   0.051  10.152  g   0.024  -0.060   0.015[0m
[1;32muart:~$ [m[8D[J[00:03:39.265,000] [0m<inf> imu: LSM6DSV16X   a   0.374   0.115  10.519  g  -0.011   0.002  -0.003[0m
[1;32muart:~$ [m[8D[J[00:03:39.266,000] [0m<inf> imu: ICM-42688-P  a   0.356  -0.061   9.923  g   0.000  -0.004   0.000[0m
[1;32muart:~$ [m[8D[J[1;32muart:~$ [m[8D[J[00:03:39.317,000] [0m<inf> imu: LSM6DS3TR-C  a   0.124   0.022  10.176  g   0.024  -0.060   0.014[0m
[1;32muart:~$ [m[8D[J[00:03:39.318,000] [0m<inf> imu: LSM6DSV16X   a   0.385   0.110  10.523  g  -0.012   0.002  -0.003[0m
[1;32muart:~$ [m[8D[J[1;32muart:~$ [m[8D[J[00:03:39.319,000] [0m<inf> imu: ICM-42688-P  a   0.346  -0.069   9.916  g   0.000  -0.005   0.000[0m
[1;32muart:~$ [m[8D[J[00:03:39.370,000] [0m<inf> imu: LSM6DS3TR-C  a   0.064   0.039  10.165  g   0.022  -0.061   0.015[0m
[1;32muart:~$ [m[8D[J[00:03:39.371,000] [0m<inf> imu: LSM6DSV16X   a   0.374   0.114  10.517  g  -0.012   0.003  -0.002[0m
[1;32muart:~$ [m[8D[J[00:03:39.372,000] [0m<inf> imu: ICM-42688-P  a   0.351  -0.056   9.930  g  -0.001  -0.005   0.000[0m
[1;32muart:~$ [m[8D[J[1;32muart:~$ [m[8D[J[00:03:39.423,000] [0m<inf> imu: LSM6DS3TR-C  a   0.074   0.042  10.174  g   0.024  -0.060   0.015[0m
[1;32muart:~$ [m[8D[J[00:03:39.424,000] [0m<inf> imu: LSM6DSV16X   a   0.380   0.114  10.525  g  -0.011   0.002  -0.003[0m
[1;32muart:~$ [m[8D[J[1;32muart:~$ [m[8D[J[00:03:39.425,000] [0m<inf> imu: ICM-42688-P  a   0.359  -0.061   9.916  g   0.000  -0.005   0.001[0m
[1;32muart:~$ [m[8D[J[00:03:39.476,000] [0m<inf> imu: LSM6DS3TR-C  a   0.098   0.029  10.175  g   0.026  -0.061   0.016[0m
[1;32muart:~$ [m[8D[J[00:03:39.476,000] [0m<inf> imu: LSM6DSV16X   a   0.380   0.113  10.510  g  -0.011   0.002  -0.003[0m
[1;32muart:~$ [m[8D[J[00:03:39.477,000] [0m<inf> imu: ICM-42688-P  a   0.348  -0.059   9.920  g  -0.001  -0.005   0.001[0m
[1;32muart:~$ [m[8D[J[1;32muart:~$ [m[8D[J[00:03:39.528,000] [0m<inf> imu: LSM6DS3TR-C  a   0.083   0.034  10.175  g   0.023  -0.061   0.013[0m
[1;32muart:~$ [m[8D[J[00:03:39.529,000] [0m<inf> imu: LSM6DSV16X   a   0.379   0.115  10.524  g  -0.011   0.002  -0.003[0m
[1;32muart:~$ [m[8D[J[1;32muart:~$ [m[8D[J[00:03:39.529,000] [0m<inf> imu: ICM-42688-P  a   0.350  -0.057   9.926  g  -0.001  -0.005   0.000[0m
[1;32muart:~$ [m[8D[J[00:03:39.580,000] [0m<inf> imu: LSM6DS3TR-C  a   0.114   0.038  10.164  g   0.022  -0.062   0.012[0m
[1;32muart:~$ [m[8D[J[00:03:39.581,000] [0m<inf> imu: LSM6DSV16X   a   0.374   0.109  10.510  g  -0.011   0.002  -0.002[0m
[1;32muart:~$ [m[8D[J[1;32muart:~$ [m[8D[J[00:03:39.581,000] [0m<inf> imu: ICM-42688-P  a   0.347  -0.060   9.916  g   0.000  -0.005  -0.001[0m
[1;32muart:~$ [m[8D[J[00:03:39.632,000] [0m<inf> imu: LSM6DS3TR-C  a   0.105   0.009  10.217  g   0.024  -0.062   0.014[0m
[1;32muart:~$ [m[8D[J[00:03:39.633,000] [0m<inf> imu: LSM6DSV16X   a   0.378   0.120  10.515  g  -0.012   0.002  -0.003[0m
[1;32muart:~$ [m[8D[J[1;32muart:~$ [m[8D[J[00:03:39.634,000] [0m<inf> imu: ICM-42688-P  a   0.347  -0.059   9.920  g   0.000  -0.004  -0.000[0m
[1;32muart:~$ [m[8D[J[00:03:39.685,000] [0m<inf> imu: LSM6DS3TR-C  a   0.053   0.008  10.190  g   0.024  -0.063   0.013[0m
[1;32muart:~$ [m[8D[J[00:03:39.685,000] [0m<inf> imu: LSM6DSV16X   a   0.375   0.120  10.509  g  -0.011   0.002  -0.003[0m
[1;32muart:~$ [m[8D[J[1;32muart:~$ [m[8D[J[00:03:39.686,000] [0m<inf> imu: ICM-42688-P  a   0.352  -0.062   9.923  g  -0.000  -0.005   0.000[0m
[1;32muart:~$ [m[8D[J[00:03:39.737,000] [0m<inf> imu: LSM6DS3TR-C  a   0.089   0.048  10.162  g   0.024  -0.060   0.016[0m
[1;32muart:~$ [m[8D[J[00:03:39.738,000] [0m<inf> imu: LSM6DSV16X   a   0.374   0.117  10.522  g  -0.011   0.002  -0.002[0m
[1;32muart:~$ [m[8D[J[1;32muart:~$ [m[8D[J[00:03:39.738,000] [0m<inf> imu: ICM-42688-P  a   0.357  -0.057   9.923  g   0.001  -0.004   0.000[0m
[1;32muart:~$ [m[8D[J[00:03:39.789,000] [0m<inf> imu: LSM6DS3TR-C  a   0.068   0.005  10.233  g   0.022  -0.061   0.014[0m
[1;32muart:~$ [m[8D[J[00:03:39.790,000] [0m<inf> imu: LSM6DSV16X   a   0.378   0.120  10.524  g  -0.013   0.003  -0.003[0m
[1;32muart:~$ [m[8D[J[1;32muart:~$ [m[8D[J[00:03:39.790,000] [0m<inf> imu: ICM-42688-P  a   0.339  -0.069   9.920  g   0.001  -0.004   0.000[0m
[1;32muart:~$ [m[8D[J[00:03:39.841,000] [0m<inf> imu: LSM6DS3TR-C  a   0.111   0.028  10.211  g   0.023  -0.059   0.016[0m
[1;32muart:~$ [m[8D[J[1;32muart:~$ [m[8D[J[00:03:39.842,000] [0m<inf> imu: LSM6DSV16X   a   0.385   0.124  10.519  g  -0.012   0.002  -0.002[0m
[1;32muart:~$ [m[8D[J[00:03:39.843,000] [0m<inf> imu: ICM-42688-P  a   0.346  -0.061   9.926  g  -0.001  -0.005   0.001[0m
[1;32muart:~$ [m[8D[J[00:03:39.894,000] [0m<inf> imu: LSM6DS3TR-C  a   0.095   0.032  10.213  g   0.022  -0.060   0.013[0m
[1;32muart:~$ [m[8D[J[00:03:39.896,000] [0m<inf> imu: LSM6DSV16X   a   0.385   0.114  10.518  g  -0.011   0.002  -0.003[0m
[1;32muart:~$ [m[8D[J[1;32muart:~$ [m[8D[J[00:03:39.896,000] [0m<inf> imu: ICM-42688-P  a   0.353  -0.061   9.913  g  -0.001  -0.005   0.000[0m
[1;32muart:~$ [m[8D[J[00:03:39.947,000] [0m<inf> imu: LSM6DS3TR-C  a   0.112   0.045  10.168  g   0.022  -0.061   0.013[0m
[1;32muart:~$ [m[8D[J[1;32muart:~$ [m[8D[J[00:03:39.948,000] [0m<inf> imu: LSM6DSV16X   a   0.381   0.111  10.513  g  -0.011   0.003  -0.002[0m
[1;32muart:~$ [m[8D[J[00:03:39.949,000] [0m<inf> imu: ICM-42688-P  a   0.359  -0.049   9.926  g   0.000  -0.005   0.000[0m
[1;32muart:~$ [m[8D[J[00:03:40.000,000] [0m<inf> imu: LSM6DS3TR-C  a   0.121   0.036  10.169  g   0.024  -0.061   0.014[0m
[1;32muart:~$ [m[8D[J[00:03:40.002,000] [0m<inf> imu: LSM6DSV16X   a   0.378   0.113  10.513  g  -0.011   0.002  -0.003[0m
[1;32muart:~$ [m[8D[J[1;32muart:~$ [m[8D[J[00:03:40.002,000] [0m<inf> imu: ICM-42688-P  a   0.350  -0.054   9.926  g   0.001  -0.005   0.000[0m
[1;32muart:~$ [m[8D[J[00:03:40.053,000] [0m<inf> imu: LSM6DS3TR-C  a   0.114   0.026  10.195  g   0.022  -0.061   0.013[0m
[1;32muart:~$ [m[8D[J[1;32muart:~$ [m[8D[J[00:03:40.054,000] [0m<inf> imu: LSM6DSV16X   a   0.376   0.120  10.523  g  -0.011   0.002  -0.003[0m
[1;32muart:~$ [m[8D[J[00:03:40.055,000] [0m<inf> imu: ICM-42688-P  a   0.353  -0.065   9.926  g   0.000  -0.005   0.001[0m
[1;32muart:~$ [m[8D[J[00:03:40.106,000] [0m<inf> imu: LSM6DS3TR-C  a   0.081  -0.001  10.177  g   0.023  -0.061   0.012[0m
[1;32muart:~$ [m[8D[J[00:03:40.108,000] [0m<inf> imu: LSM6DSV16X   a   0.376   0.117  10.521  g  -0.012   0.002  -0.003[0m
[1;32muart:~$ [m[8D[J[1;32muart:~$ [m[8D[J[00:03:40.108,000] [0m<inf> imu: ICM-42688-P  a   0.362  -0.065   9.929  g   0.000  -0.004  -0.001[0m
[1;32muart:~$ [m[8D[J[00:03:40.159,000] [0m<inf> imu: LSM6DS3TR-C  a   0.093   0.011  10.151  g   0.023  -0.062   0.016[0m
[1;32muart:~$ [m[8D[J[1;32muart:~$ [m[8D[J[00:03:40.160,000] [0m<inf> imu: LSM6DSV16X   a   0.376   0.115  10.519  g  -0.012   0.002  -0.002[0m
[1;32muart:~$ [m[8D[J[00:03:40.160,000] [0m<inf> imu: ICM-42688-P  a   0.341  -0.065   9.924  g   0.000  -0.005   0.000[0m
[1;32muart:~$ [m[8D[J[00:03:40.212,000] [0m<inf> imu: LSM6DS3TR-C  a   0.087   0.035  10.191  g   0.023  -0.061   0.016[0m
[1;32muart:~$ [m[8D[J[00:03:40.213,000] [0m<inf> imu: LSM6DSV16X   a   0.380   0.119  10.515  g  -0.011   0.002  -0.003[0m
[1;32muart:~$ [m[8D[J[1;32muart:~$ [m[8D[J[00:03:40.214,000] [0m<inf> imu: ICM-42688-P  a   0.348  -0.063   9.920  g   0.000  -0.006   0.001[0m
[1;32muart:~$ [m[8D[J[00:03:40.265,000] [0m<inf> imu: LSM6DS3TR-C  a   0.100   0.022  10.149  g   0.023  -0.062   0.014[0m
[1;32muart:~$ [m[8D[J[1;32muart:~$ [m[8D[J[00:03:40.265,000] [0m<inf> imu: LSM6DSV16X   a   0.381   0.118  10.509  g  -0.011   0.002  -0.002[0m
[1;32muart:~$ [m[8D[J[00:03:40.266,000] [0m<inf> imu: ICM-42688-P  a   0.354  -0.061   9.938  g   0.000  -0.005   0.000[0m
[1;32muart:~$ [m[8D[J[00:03:40.317,000] [0m<inf> imu: LSM6DS3TR-C  a   0.084   0.002  10.181  g   0.023  -0.061   0.013[0m
[1;32muart:~$ [m[8D[J[1;32muart:~$ [m[8D[J[00:03:40.318,000] [0m<inf> imu: LSM6DSV16X   a   0.376   0.117  10.510  g  -0.011   0.002  -0.002[0m
[1;32muart:~$ [m[8D[J[00:03:40.318,000] [0m<inf> imu: ICM-42688-P  a   0.353  -0.062   9.931  g   0.000  -0.004  -0.000[0m
[1;32muart:~$ [m[8D[J[00:03:40.369,000] [0m<inf> imu: LSM6DS3TR-C  a   0.139   0.038  10.198  g   0.024  -0.061   0.014[0m
[1;32muart:~$ [m[8D[J[1;32muart:~$ [m[8D[J[00:03:40.370,000] [0m<inf> imu: LSM6DSV16X   a   0.380   0.108  10.512  g  -0.012   0.002  -0.002[0m
[1;32muart:~$ [m[8D[J[00:03:40.370,000] [0m<inf> imu: ICM-42688-P  a   0.342  -0.061   9.925  g   0.000  -0.005  -0.001[0m
[1;32muart:~$ [m[8D[J[00:03:40.421,000] [0m<inf> imu: LSM6DS3TR-C  a   0.086   0.014  10.182  g   0.023  -0.062   0.014[0m
[1;32muart:~$ [m[8D[J[1;32muart:~$ [m[8D[J[00:03:40.422,000] [0m<inf> imu: LSM6DSV16X   a   0.380   0.121  10.504  g  -0.012   0.002  -0.002[0m
[1;32muart:~$ [m[8D[J[00:03:40.423,000] [0m<inf> imu: ICM-42688-P  a   0.354  -0.062   9.920  g   0.001  -0.005   0.001[0m
[1;32muart:~$ [m[8D[J[00:03:40.474,000] [0m<inf> imu: LSM6DS3TR-C  a   0.114   0.030  10.207  g   0.023  -0.061   0.013[0m
[1;32muart:~$ [m[8D[J[1;32muart:~$ [m[8D[J[00:03:40.474,000] [0m<inf> imu: LSM6DSV16X   a   0.376   0.115  10.524  g  -0.011   0.002  -0.002[0m
[1;32muart:~$ [m[8D[J[00:03:40.475,000] [0m<inf> imu: ICM-42688-P  a   0.348  -0.073   9.930  g   0.000  -0.005   0.000[0m
[1;32muart:~$ [m[8D[J[00:03:40.526,000] [0m<inf> imu: LSM6DS3TR-C  a   0.090   0.014  10.204  g   0.022  -0.060   0.014[0m
[1;32muart:~$ [m[8D[J[00:03:40.527,000] [0m<inf> imu: LSM6DSV16X   a   0.376   0.118  10.512  g  -0.012   0.002  -0.003[0m
[1;32muart:~$ [m[8D[J[1;32muart:~$ [m[8D[J[00:03:40.527,000] [0m<inf> imu: ICM-42688-P  a   0.356  -0.055   9.916  g  -0.001  -0.005   0.000[0m
[1;32muart:~$ [m[8D[J[00:03:40.578,000] [0m<inf> imu: LSM6DS3TR-C  a   0.064   0.028  10.212  g   0.023  -0.061   0.013[0m
[1;32muart:~$ [m[8D[J[00:03:40.579,000] [0m<inf> imu: LSM6DSV16X   a   0.378   0.111  10.512  g  -0.012   0.002  -0.002[0m
[1;32muart:~$ [m[8D[J[1;32muart:~$ [m[8D[J[00:03:40.579,000] [0m<inf> imu: ICM-42688-P  a   0.354  -0.065   9.934  g   0.000  -0.005   0.001[0m
[1;32muart:~$ [m[8D[J[00:03:40.631,000] [0m<inf> imu: LSM6DS3TR-C  a   0.105   0.013  10.159  g   0.023  -0.061   0.015[0m
[1;32muart:~$ [m[8D[J[1;32muart:~$ [m[8D[J[00:03:40.632,000] [0m<inf> imu: LSM6DSV16X   a   0.378   0.115  10.523  g  -0.011   0.002  -0.002[0m
[1;32muart:~$ [m[8D[J[00:03:40.633,000] [0m<inf> imu: ICM-42688-P  a   0.342  -0.060   9.925  g  -0.001  -0.005   0.000[0m
[1;32muart:~$ [m[8D[J[00:03:40.684,000] [0m<inf> imu: LSM6DS3TR-C  a   0.074   0.021  10.177  g   0.024  -0.061   0.014[0m
[1;32muart:~$ [m[8D[J[1;32muart:~$ [m[8D[J[00:03:40.685,000] [0m<inf> imu: LSM6DSV16X   a   0.378   0.112  10.514  g  -0.012   0.003  -0.003[0m
[1;32muart:~$ [m[8D[J[00:03:40.685,000] [0m<inf> imu: ICM-42688-P  a   0.350  -0.073   9.917  g  -0.001  -0.005   0.000[0m
[1;32muart:~$ [m[8D[J[00:03:40.737,000] [0m<inf> imu: LSM6DS3TR-C  a   0.091   0.026  10.159  g   0.024  -0.061   0.013[0m
[1;32muart:~$ [m[8D[J[1;32muart:~$ [m[8D[J[00:03:40.739,000] [0m<inf> imu: LSM6DSV16X   a   0.375   0.124  10.526  g  -0.011   0.002  -0.002[0m
[1;32muart:~$ [m[8D[J[00:03:40.739,000] [0m<inf> imu: ICM-42688-P  a   0.362  -0.066   9.917  g  -0.001  -0.004   0.000[0m
[1;32muart:~$ [m[8D[J[1;32muart:~$ [m[8D[J[00:03:40.790,000] [0m<inf> imu: LSM6DS3TR-C  a   0.073   0.028  10.135  g   0.025  -0.063   0.012[0m
[1;32muart:~$ [m[8D[J[00:03:40.791,000] [0m<inf> imu: LSM6DSV16X   a   0.376   0.112  10.515  g  -0.011   0.001  -0.003[0m
[1;32muart:~$ [m[8D[J[00:03:40.791,000] [0m<inf> imu: ICM-42688-P  a   0.341  -0.056   9.923  g   0.001  -0.004   0.001[0m
[1;32muart:~$ [m[8D[J[00:03:40.843,000] [0m<inf> imu: LSM6DS3TR-C  a   0.108   0.007  10.187  g   0.024  -0.061   0.016[0m
[1;32muart:~$ [m[8D[J[1;32muart:~$ [m[8D[J[00:03:40.844,000] [0m<inf> imu: LSM6DSV16X   a   0.378   0.120  10.523  g  -0.012   0.003  -0.002[0m
[1;32muart:~$ [m[8D[J[00:03:40.845,000] [0m<inf> imu: ICM-42688-P  a   0.358  -0.061   9.938  g   0.001  -0.005   0.000[0m
[1;32muart:~$ [m[8D[J[1;32muart:~$ [m[8D[J[00:03:40.896,000] [0m<inf> imu: LSM6DS3TR-C  a   0.098   0.044  10.171  g   0.024  -0.061   0.014[0m
[1;32muart:~$ [m[8D[J[00:03:40.897,000] [0m<inf> imu: LSM6DSV16X   a   0.373   0.119  10.524  g  -0.012   0.002  -0.003[0m
[1;32muart:~$ [m[8D[J[00:03:40.897,000] [0m<inf> imu: ICM-42688-P  a   0.362  -0.069   9.922  g   0.000  -0.005   0.000[0m
[1;32muart:~$ [m[8D[J[00:03:40.949,000] [0m<inf> imu: LSM6DS3TR-C  a   0.061   0.031  10.145  g   0.025  -0.063   0.015[0m
[1;32muart:~$ [m[8D[J[1;32muart:~$ [m[8D[J[00:03:40.950,000] [0m<inf> imu: LSM6DSV16X   a   0.383   0.122  10.516  g  -0.012   0.002  -0.003[0m
[1;32muart:~$ [m[8D[J[00:03:40.951,000] [0m<inf> imu: ICM-42688-P  a   0.354  -0.073   9.932  g  -0.001  -0.005   0.000[0m
[1;32muart:~$ [m[8D[J[1;32muart:~$ [m[8D[J[00:03:41.002,000] [0m<inf> imu: LSM6DS3TR-C  a   0.071   0.032  10.169  g   0.025  -0.062   0.017[0m
[1;32muart:~$ [m[8D[J[00:03:41.003,000] [0m<inf> imu: LSM6DSV16X   a   0.376   0.112  10.517  g  -0.012   0.003  -0.003[0m
[1;32muart:~$ [m[8D[J[00:03:41.003,000] [0m<inf> imu: ICM-42688-P  a   0.358  -0.063   9.924  g  -0.001  -0.005   0.001[0m
[1;32muart:~$ [m[8D[J[00:03:41.054,000] [0m<inf> imu: LSM6DS3TR-C  a   0.108   0.020  10.187  g   0.024  -0.061   0.016[0m
[1;32muart:~$ [m[8D[J[1;32muart:~$ [m[8D[J[00:03:41.055,000] [0m<inf> imu: LSM6DSV16X   a   0.378   0.119  10.511  g  -0.012   0.002  -0.002[0m
[1;32muart:~$ [m[8D[J[00:03:41.055,000] [0m<inf> imu: ICM-42688-P  a   0.357  -0.055   9.923  g   0.000  -0.005   0.000[0m
[1;32muart:~$ [m[8D[J[1;32muart:~$ [m[8D[J[00:03:41.106,000] [0m<inf> imu: LSM6DS3TR-C  a   0.105   0.026  10.168  g   0.024  -0.061   0.017[0m
[1;32muart:~$ [m[8D[J[00:03:41.107,000] [0m<inf> imu: LSM6DSV16X   a   0.375   0.120  10.521  g  -0.012   0.002  -0.003[0m
[1;32muart:~$ [m[8D[J[00:03:41.108,000] [0m<inf> imu: ICM-42688-P  a   0.358  -0.055   9.918  g  -0.001  -0.004   0.000[0m
[1;32muart:~$ [m[8D[J[00:03:41.159,000] [0m<inf> imu: LSM6DS3TR-C  a   0.109   0.044  10.156  g   0.025  -0.061   0.015[0m
[1;32muart:~$ [m[8D[J[1;32muart:~$ [m[8D[J[00:03:41.159,000] [0m<inf> imu: LSM6DSV16X   a   0.380   0.115  10.504  g  -0.012   0.002  -0.003[0m
[1;32muart:~$ [m[8D[J[00:03:41.160,000] [0m<inf> imu: ICM-42688-P  a   0.360  -0.062   9.926  g  -0.000  -0.005   0.000[0m
[1;32muart:~$ [m[8D[J[1;32muart:~$ [m[8D[J[00:03:41.211,000] [0m<inf> imu: LSM6DS3TR-C  a   0.132   0.023  10.191  g   0.024  -0.059   0.016[0m
[1;32muart:~$ [m[8D[J[00:03:41.211,000] [0m<inf> imu: LSM6DSV16X   a   0.383   0.110  10.521  g  -0.011   0.002  -0.002[0m
[1;32muart:~$ [m[8D[J[00:03:41.212,000] [0m<inf> imu: ICM-42688-P  a   0.338  -0.065   9.923  g   0.000  -0.005  -0.001[0m
[1;32muart:~$ [m[8D[J[1;32muart:~$ [m[8D[J[00:03:41.264,000] [0m<inf> imu: LSM6DS3TR-C  a   0.098   0.006  10.170  g   0.022  -0.061   0.013[0m
[1;32muart:~$ [m[8D[J[00:03:41.265,000] [0m<inf> imu: LSM6DSV16X   a   0.376   0.112  10.519  g  -0.012   0.002  -0.002[0m
[1;32muart:~$ [m[8D[J[00:03:41.266,000] [0m<inf> imu: ICM-42688-P  a   0.359  -0.053   9.920  g  -0.000  -0.005   0.000[0m
[1;32muart:~$ [m[8D[J[1;32muart:~$ [m[8D[J[00:03:41.318,000] [0m<inf> imu: LSM6DS3TR-C  a   0.102   0.066  10.160  g   0.023  -0.061   0.014[0m
[1;32muart:~$ [m[8D[J[00:03:41.319,000] [0m<inf> imu: LSM6DSV16X   a   0.377   0.117  10.522  g  -0.011   0.002  -0.003[0m
[1;32muart:~$ [m[8D[J[00:03:41.320,000] [0m<inf> imu: ICM-42688-P  a   0.359  -0.078   9.938  g  -0.001  -0.005   0.000[0m
[1;32muart:~$ [m[8D[J[1;32muart:~$ [m[8D[J[00:03:41.372,000] [0m<inf> imu: LSM6DS3TR-C  a   0.137   0.019  10.168  g   0.024  -0.064   0.013[0m
[1;32muart:~$ [m[8D[J[00:03:41.373,000] [0m<inf> imu: LSM6DSV16X   a   0.383   0.115  10.519  g  -0.012   0.002  -0.002[0m
[1;32muart:~$ [m[8D[J[00:03:41.374,000] [0m<inf> imu: ICM-42688-P  a   0.354  -0.072   9.923  g   0.000  -0.005   0.000[0m
[1;32muart:~$ [m[8D[J[1;32muart:~$ [m[8D[J[00:03:41.425,000] [0m<inf> imu: LSM6DS3TR-C  a   0.119   0.016  10.193  g   0.025  -0.061   0.015[0m
[1;32muart:~$ [m[8D[J[00:03:41.426,000] [0m<inf> imu: LSM6DSV16X   a   0.380   0.114  10.507  g  -0.012   0.002  -0.002[0m
[1;32muart:~$ [m[8D[J[00:03:41.426,000] [0m<inf> imu: ICM-42688-P  a   0.352  -0.063   9.935  g  -0.001  -0.005   0.001[0m
[1;32muart:~$ [m[8D[J[1;32muart:~$ [m[8D[J[00:03:41.477,000] [0m<inf> imu: LSM6DS3TR-C  a   0.089   0.010  10.203  g   0.024  -0.060   0.015[0m
[1;32muart:~$ [m[8D[J[00:03:41.478,000] [0m<inf> imu: LSM6DSV16X   a   0.376   0.114  10.523  g  -0.011   0.002  -0.003[0m
[1;32muart:~$ [m[8D[J[00:03:41.478,000] [0m<inf> imu: ICM-42688-P  a   0.348  -0.065   9.938  g   0.001  -0.005   0.001[0m
[1;32muart:~$ [m[8D[J[1;32muart:~$ [m[8D[J[00:03:41.529,000] [0m<inf> imu: LSM6DS3TR-C  a   0.118  -0.008  10.217  g   0.021  -0.060   0.014[0m
[1;32muart:~$ [m[8D[J[00:03:41.530,000] [0m<inf> imu: LSM6DSV16X   a   0.377   0.112  10.514  g  -0.012   0.002  -0.003[0m
[1;32muart:~$ [m[8D[J[00:03:41.531,000] [0m<inf> imu: ICM-42688-P  a   0.358  -0.068   9.923  g  -0.001  -0.005   0.000[0m
[1;32muart:~$ [m[8D[J[1;32muart:~$ [m[8D[J[00:03:41.582,000] [0m<inf> imu: LSM6DS3TR-C  a   0.109   0.020  10.188  g   0.025  -0.060   0.016[0m
[1;32muart:~$ [m[8D[J[00:03:41.583,000] [0m<inf> imu: LSM6DSV16X   a   0.376   0.117  10.517  g  -0.011   0.001  -0.003[0m
[1;32muart:~$ [m[8D[J[1;32muart:~$ [m[8D[J[00:03:41.584,000] [0m<inf> imu: ICM-42688-P  a   0.354  -0.060   9.923  g   0.000  -0.005   0.001[0m
[1;32muart:~$ [m[8D[J[00:03:41.635,000] [0m<inf> imu: LSM6DS3TR-C  a   0.117   0.025  10.157  g   0.023  -0.060   0.016[0m
[1;32muart:~$ [m[8D[J[00:03:41.636,000] [0m<inf> imu: LSM6DSV16X   a   0.377   0.117  10.519  g  -0.013   0.001  -0.003[0m
[1;32muart:~$ [m[8D[J[00:03:41.636,000] [0m<inf> imu: ICM-42688-P  a   0.350  -0.061   9.931  g  -0.001  -0.005  -0.001[0m
[1;32muart:~$ [m[8D[J[1;32muart:~$ [m[8D[J[00:03:41.688,000] [0m<inf> imu: LSM6DS3TR-C  a   0.079   0.044  10.159  g   0.023  -0.060   0.015[0m
[1;32muart:~$ [m[8D[J[00:03:41.689,000] [0m<inf> imu: LSM6DSV16X   a   0.378   0.117  10.509  g  -0.011   0.002  -0.003[0m
[1;32muart:~$ [m[8D[J[1;32muart:~$ [m[8D[J[00:03:41.689,000] [0m<inf> imu: ICM-42688-P  a   0.354  -0.056   9.923  g   0.000  -0.004   0.000[0m
[1;32muart:~$ [m[8D[J[00:03:41.741,000] [0m<inf> imu: LSM6DS3TR-C  a   0.114  -0.012  10.173  g   0.022  -0.060   0.013[0m
[1;32muart:~$ [m[8D[J[00:03:41.741,000] [0m<inf> imu: LSM6DSV16X   a   0.378   0.117  10.516  g  -0.012   0.002  -0.003[0m
[1;32muart:~$ [m[8D[J[00:03:41.742,000] [0m<inf> imu: ICM-42688-P  a   0.359  -0.067   9.926  g   0.000  -0.005   0.000[0m
[1;32muart:~$ [m[8D[J[1;32muart:~$ [m[8D[J[00:03:41.794,000] [0m<inf> imu: LSM6DS3TR-C  a   0.085   0.025  10.168  g   0.023  -0.060   0.016[0m
[1;32muart:~$ [m[8D[J[00:03:41.795,000] [0m<inf> imu: LSM6DSV16X   a   0.376   0.117  10.515  g  -0.011   0.002  -0.002[0m
[1;32muart:~$ [m[8D[J[1;32muart:~$ [m[8D[J[00:03:41.795,000] [0m<inf> imu: ICM-42688-P  a   0.356  -0.065   9.942  g  -0.000  -0.005   0.000[0m
[1;32muart:~$ [m[8D[J[00:03:41.846,000] [0m<inf> imu: LSM6DS3TR-C  a   0.098   0.027  10.174  g   0.024  -0.060   0.014[0m
[1;32muart:~$ [m[8D[J[00:03:41.847,000] [0m<inf> imu: LSM6DSV16X   a   0.378   0.117  10.516  g  -0.010   0.003  -0.003[0m
[1;32muart:~$ [m[8D[J[00:03:41.848,000] [0m<inf> imu: ICM-42688-P  a   0.353  -0.065   9.913  g  -0.000  -0.006   0.000[0m
[1;32muart:~$ [m[8D[J[1;32muart:~$ [m[8D[J[00:03:41.899,000] [0m<inf> imu: LSM6DS3TR-C  a   0.099   0.007  10.184  g   0.023  -0.062   0.015[0m
[1;32muart:~$ [m[8D[J[00:03:41.901,000] [0m<inf> imu: LSM6DSV16X   a   0.383   0.120  10.512  g  -0.011   0.002  -0.003[0m
[1;32muart:~$ [m[8D[J[1;32muart:~$ [m[8D[J[00:03:41.902,000] [0m<inf> imu: ICM-42688-P  a   0.359  -0.065   9.920  g   0.000  -0.005   0.000[0m
[1;32muart:~$ [m[8D[J[00:03:41.953,000] [0m<inf> imu: LSM6DS3TR-C  a   0.086   0.020  10.174  g   0.023  -0.061   0.013[0m
[1;32muart:~$ [m[8D[J[00:03:41.953,000] [0m<inf> imu: LSM6DSV16X   a   0.378   0.115  10.514  g  -0.011   0.001  -0.003[0m
[1;32muart:~$ [m[8D[J[1;32muart:~$ [m[8D[J[00:03:41.954,000] [0m<inf> imu: ICM-42688-P  a   0.357  -0.066   9.926  g   0.000  -0.005  -0.000[0m
[1;32muart:~$ [m[8D[J[00:03:42.005,000] [0m<inf> imu: LSM6DS3TR-C  a   0.086   0.010  10.178  g   0.024  -0.061   0.013[0m
[1;32muart:~$ [m[8D[J[00:03:42.006,000] [0m<inf> imu: LSM6DSV16X   a   0.373   0.122  10.512  g  -0.011   0.001  -0.003[0m
[1;32muart:~$ [m[8D[J[1;32muart:~$ [m[8D[J[00:03:42.006,000] [0m<inf> imu: ICM-42688-P  a   0.350  -0.063   9.926  g  -0.001  -0.005  -0.001[0m
[1;32muart:~$ [m[8D[J[00:03:42.057,000] [0m<inf> imu: LSM6DS3TR-C  a   0.098   0.006  10.206  g   0.024  -0.062   0.013[0m
[1;32muart:~$ [m[8D[J[00:03:42.058,000] [0m<inf> imu: LSM6DSV16X   a   0.378   0.107  10.521  g  -0.011   0.002  -0.003[0m
[1;32muart:~$ [m[8D[J[1;32muart:~$ [m[8D[J[00:03:42.058,000] [0m<inf> imu: ICM-42688-P  a   0.352  -0.066   9.925  g   0.000  -0.005   0.000[0m
[1;32muart:~$ [m[8D[J[00:03:42.109,000] [0m<inf> imu: LSM6DS3TR-C  a   0.100   0.041  10.180  g   0.023  -0.062   0.013[0m
[1;32muart:~$ [m[8D[J[00:03:42.110,000] [0m<inf> imu: LSM6DSV16X   a   0.380   0.118  10.526  g  -0.011   0.002  -0.002[0m
[1;32muart:~$ [m[8D[J[1;32muart:~$ [m[8D[J[00:03:42.111,000] [0m<inf> imu: ICM-42688-P  a   0.346  -0.069   9.925  g  -0.000  -0.005   0.001[0m
[1;32muart:~$ [m[8D[J[00:03:42.162,000] [0m<inf> imu: LSM6DS3TR-C  a   0.089   0.035  10.177  g   0.022  -0.060   0.015[0m
[1;32muart:~$ [m[8D[J[00:03:42.162,000] [0m<inf> imu: LSM6DSV16X   a   0.380   0.117  10.512  g  -0.011   0.002  -0.003[0m
[1;32muart:~$ [m[8D[J[1;32muart:~$ [m[8D[J[00:03:42.163,000] [0m<inf> imu: ICM-42688-P  a   0.358  -0.056   9.919  g   0.000  -0.005  -0.001[0m
[1;32muart:~$ [m[8D[J[00:03:42.214,000] [0m<inf> imu: LSM6DS3TR-C  a   0.105   0.010  10.192  g   0.024  -0.061   0.012[0m
[1;32muart:~$ [m[8D[J[00:03:42.215,000] [0m<inf> imu: LSM6DSV16X   a   0.379   0.123  10.512  g  -0.012   0.002  -0.002[0m
[1;32muart:~$ [m[8D[J[1;32muart:~$ [m[8D[J[00:03:42.215,000] [0m<inf> imu: ICM-42688-P  a   0.348  -0.069   9.916  g   0.000  -0.005   0.000[0m
[1;32muart:~$ [m[8D[J[00:03:42.266,000] [0m<inf> imu: LSM6DS3TR-C  a   0.074   0.016  10.160  g   0.023  -0.060   0.014[0m
[1;32muart:~$ [m[8D[J[00:03:42.267,000] [0m<inf> imu: LSM6DSV16X   a   0.376   0.115  10.509  g  -0.012   0.002  -0.003[0m
[1;32muart:~$ [m[8D[J[1;32muart:~$ [m[8D[J[00:03:42.267,000] [0m<inf> imu: ICM-42688-P  a   0.354  -0.061   9.907  g   0.001  -0.004   0.001[0m
[1;32muart:~$ [m[8D[J[00:03:42.318,000] [0m<inf> imu: LSM6DS3TR-C  a   0.127   0.025  10.195  g   0.023  -0.064   0.015[0m
[1;32muart:~$ [m[8D[J[00:03:42.319,000] [0m<inf> imu: LSM6DSV16X   a   0.376   0.119  10.519  g  -0.012   0.001  -0.003[0m
[1;32muart:~$ [m[8D[J[1;32muart:~$ [m[8D[J[00:03:42.320,000] [0m<inf> imu: ICM-42688-P  a   0.347  -0.067   9.923  g   0.000  -0.005   0.000[0m
[1;32muart:~$ [m[8D[J[00:03:42.371,000] [0m<inf> imu: LSM6DS3TR-C  a   0.099   0.042  10.181  g   0.025  -0.061   0.015[0m
[1;32muart:~$ [m[8D[J[1;32muart:~$ [m[8D[J[00:03:42.371,000] [0m<inf> imu: LSM6DSV16X   a   0.378   0.121  10.526  g  -0.012   0.002  -0.003[0m
[1;32muart:~$ [m[8D[J[00:03:42.372,000] [0m<inf> imu: ICM-42688-P  a   0.358  -0.065   9.912  g  -0.001  -0.005   0.001[0m
[1;32muart:~$ [m[8D[J[00:03:42.423,000] [0m<inf> imu: LSM6DS3TR-C  a   0.098   0.036  10.181  g   0.023  -0.060   0.014[0m
[1;32muart:~$ [m[8D[J[00:03:42.424,000] [0m<inf> imu: LSM6DSV16X   a   0.378   0.115  10.524  g  -0.011   0.001  -0.002[0m
[1;32muart:~$ [m[8D[J[1;32muart:~$ [m[8D[J[00:03:42.425,000] [0m<inf> imu: ICM-42688-P  a   0.358  -0.057   9.936  g   0.000  -0.005   0.001[0m
[1;32muart:~$ [m[8D[J[00:03:42.476,000] [0m<inf> imu: LSM6DS3TR-C  a   0.100   0.013  10.147  g   0.023  -0.061   0.016[0m
[1;32muart:~$ [m[8D[J[00:03:42.477,000] [0m<inf> imu: LSM6DSV16X   a   0.381   0.117  10.516  g  -0.011   0.002  -0.003[0m
[1;32muart:~$ [m[8D[J[1;32muart:~$ [m[8D[J[00:03:42.477,000] [0m<inf> imu: ICM-42688-P  a   0.357  -0.067   9.913  g   0.001  -0.004   0.000[0m
[1;32muart:~$ [m[8D[J[00:03:42.529,000] [0m<inf> imu: LSM6DS3TR-C  a   0.051   0.033  10.174  g   0.024  -0.061   0.014[0m
[1;32muart:~$ [m[8D[J[1;32muart:~$ [m[8D[J[00:03:42.530,000] [0m<inf> imu: LSM6DSV16X   a   0.383   0.120  10.519  g  -0.012   0.002  -0.003[0m
[1;32muart:~$ [m[8D[J[00:03:42.531,000] [0m<inf> imu: ICM-42688-P  a   0.359  -0.067   9.918  g  -0.001  -0.005   0.001[0m
[1;32muart:~$ [m[8D[J[00:03:42.582,000] [0m<inf> imu: LSM6DS3TR-C  a   0.067   0.036  10.169  g   0.023  -0.062   0.013[0m
[1;32muart:~$ [m[8D[J[00:03:42.583,000] [0m<inf> imu: LSM6DSV16X   a   0.371   0.118  10.512  g  -0.012   0.002  -0.002[0m
[1;32muart:~$ [m[8D[J[1;32muart:~$ [m[8D[J[00:03:42.583,000] [0m<inf> imu: ICM-42688-P  a   0.354  -0.066   9.922  g   0.001  -0.005   0.000[0m
[1;32muart:~$ [m[8D[J[00:03:42.635,000] [0m<inf> imu: LSM6DS3TR-C  a   0.099   0.015  10.158  g   0.024  -0.061   0.015[0m
[1;32muart:~$ [m[8D[J[1;32muart:~$ [m[8D[J[00:03:42.636,000] [0m<inf> imu: LSM6DSV16X   a   0.381   0.120  10.523  g  -0.011   0.002  -0.004[0m
[1;32muart:~$ [m[8D[J[00:03:42.637,000] [0m<inf> imu: ICM-42688-P  a   0.350  -0.069   9.923  g   0.000  -0.005   0.000[0m
[1;32muart:~$ [m[8D[J[00:03:42.688,000] [0m<inf> imu: LSM6DS3TR-C  a   0.110  -0.001  10.220  g   0.024  -0.060   0.014[0m
[1;32muart:~$ [m[8D[J[00:03:42.688,000] [0m<inf> imu: LSM6DSV16X   a   0.376   0.115  10.523  g  -0.012   0.002  -0.003[0m
[1;32muart:~$ [m[8D[J[1;32muart:~$ [m[8D[J[00:03:42.689,000] [0m<inf> imu: ICM-42688-P  a   0.356  -0.062   9.920  g   0.000  -0.003   0.001[0m
[1;32muart:~$ [m[8D[J[00:03:42.740,000] [0m<inf> imu: LSM6DS3TR-C  a   0.095   0.006  10.171  g   0.022  -0.060   0.015[0m
[1;32muart:~$ [m[8D[J[1;32muart:~$ [m[8D[J[00:03:42.741,000] [0m<inf> imu: LSM6DSV16X   a   0.380   0.120  10.519  g  -0.011   0.002  -0.003[0m
[1;32muart:~$ [m[8D[J[00:03:42.741,000] [0m<inf> imu: ICM-42688-P  a   0.354  -0.060   9.928  g  -0.001  -0.005   0.000[0m
[1;32muart:~$ [m[8D[J[00:03:42.792,000] [0m<inf> imu: LSM6DS3TR-C  a   0.084  -0.007  10.186  g   0.024  -0.061   0.015[0m
[1;32muart:~$ [m[8D[J[1;32muart:~$ [m[8D[J[00:03:42.793,000] [0m<inf> imu: LSM6DSV16X   a   0.378   0.122  10.516  g  -0.012   0.002  -0.003[0m
[1;32muart:~$ [m[8D[J[00:03:42.793,000] [0m<inf> imu: ICM-42688-P  a   0.353  -0.061   9.923  g   0.000  -0.005  -0.001[0m
[1;32muart:~$ [m[8D[J[00:03:42.844,000] [0m<inf> imu: LSM6DS3TR-C  a   0.111   0.025  10.193  g   0.023  -0.061   0.014[0m
[1;32muart:~$ [m[8D[J[1;32muart:~$ [m[8D[J[00:03:42.845,000] [0m<inf> imu: LSM6DSV16X   a   0.383   0.122  10.521  g  -0.012   0.002  -0.003[0m
[1;32muart:~$ [m[8D[J[00:03:42.846,000] [0m<inf> imu: ICM-42688-P  a   0.351  -0.063   9.914  g   0.000  -0.005   0.001[0m
[1;32muart:~$ [m[8D[J[00:03:42.897,000] [0m<inf> imu: LSM6DS3TR-C  a   0.096   0.013  10.174  g   0.023  -0.060   0.014[0m
[1;32muart:~$ [m[8D[J[1;32muart:~$ [m[8D[J[00:03:42.897,000] [0m<inf> imu: LSM6DSV16X   a   0.380   0.113  10.516  g  -0.011   0.002  -0.003[0m
[1;32muart:~$ [m[8D[J[00:03:42.898,000] [0m<inf> imu: ICM-42688-P  a   0.357  -0.056   9.934  g  -0.001  -0.005   0.000[0m
[1;32muart:~$ [m[8D[J[00:03:42.949,000] [0m<inf> imu: LSM6DS3TR-C  a   0.109   0.032  10.176  g   0.023  -0.060   0.017[0m
[1;32muart:~$ [m[8D[J[1;32muart:~$ [m[8D[J[00:03:42.950,000] [0m<inf> imu: LSM6DSV16X   a   0.378   0.112  10.516  g  -0.012   0.002  -0.003[0m
[1;32muart:~$ [m[8D[J[00:03:42.950,000] [0m<inf> imu: ICM-42688-P  a   0.348  -0.062   9.924  g   0.001  -0.005   0.000[0m
[1;32muart:~$ [m[8D[J[00:03:43.001,000] [0m<inf> imu: LSM6DS3TR-C  a   0.113   0.016  10.160  g   0.023  -0.060   0.015[0m
[1;32muart:~$ [m[8D[J[1;32muart:~$ [m[8D[J[00:03:43.002,000] [0m<inf> imu: LSM6DSV16X   a   0.381   0.115  10.518  g  -0.012   0.002  -0.003[0m
[1;32muart:~$ [m[8D[J[00:03:43.002,000] [0m<inf> imu: ICM-42688-P  a   0.357  -0.069   9.917  g   0.000  -0.005   0.000[0m
[1;32muart:~$ [m[8D[J[00:03:43.053,000] [0m<inf> imu: LSM6DS3TR-C  a   0.080   0.021  10.203  g   0.024  -0.061   0.013[0m
[1;32muart:~$ [m[8D[J[1;32muart:~$ [m[8D[J[00:03:43.054,000] [0m<inf> imu: LSM6DSV16X   a   0.377   0.119  10.519  g  -0.010   0.003  -0.003[0m
[1;32muart:~$ [m[8D[J[00:03:43.055,000] [0m<inf> imu: ICM-42688-P  a   0.340  -0.062   9.923  g   0.001  -0.005   0.001[0m
[1;32muart:~$ [m[8D[J[00:03:43.106,000] [0m<inf> imu: LSM6DS3TR-C  a   0.089  -0.015  10.181  g   0.021  -0.061   0.014[0m
[1;32muart:~$ [m[8D[J[1;32muart:~$ [m[8D[J[00:03:43.106,000] [0m<inf> imu: LSM6DSV16X   a   0.378   0.113  10.514  g  -0.011   0.003  -0.002[0m
[1;32muart:~$ [m[8D[J[00:03:43.107,000] [0m<inf> imu: ICM-42688-P  a   0.365  -0.063   9.918  g   0.000  -0.005   0.000[0m
[1;32muart:~$ [m[8D[J[1;32muart:~$ [m[8D[J[00:03:43.158,000] [0m<inf> imu: LSM6DS3TR-C  a   0.078   0.028  10.178  g   0.023  -0.061   0.015[0m
[1;32muart:~$ [m[8D[J[00:03:43.159,000] [0m<inf> imu: LSM6DSV16X   a   0.375   0.115  10.518  g  -0.012   0.002  -0.003[0m
[1;32muart:~$ [m[8D[J[00:03:43.159,000] [0m<inf> imu: ICM-42688-P  a   0.358  -0.068   9.911  g   0.000  -0.005   0.000[0m
[1;32muart:~$ [m[8D[J[00:03:43.211,000] [0m<inf> imu: LSM6DS3TR-C  a   0.075   0.013  10.198  g   0.025  -0.061   0.015[0m
[1;32muart:~$ [m[8D[J[1;32muart:~$ [m[8D[J[00:03:43.212,000] [0m<inf> imu: LSM6DSV16X   a   0.380   0.115  10.504  g  -0.011   0.002  -0.003[0m
[1;32muart:~$ [m[8D[J[00:03:43.212,000] [0m<inf> imu: ICM-42688-P  a   0.347  -0.057   9.920  g  -0.000  -0.005   0.000[0m
[1;32muart:~$ [m[8D[J[1;32muart:~$ [m[8D[J[00:03:43.264,000] [0m<inf> imu: LSM6DS3TR-C  a   0.084   0.012  10.175  g   0.024  -0.061   0.014[0m
[1;32muart:~$ [m[8D[J[00:03:43.265,000] [0m<inf> imu: LSM6DSV16X   a   0.373   0.119  10.530  g  -0.011   0.002  -0.002[0m
[1;32muart:~$ [m[8D[J[00:03:43.266,000] [0m<inf> imu: ICM-42688-P  a   0.363  -0.057   9.926  g   0.000  -0.005   0.000[0m
[1;32muart:~$ [m[8D[J[00:03:43.317,000] [0m<inf> imu: LSM6DS3TR-C  a   0.109   0.056  10.208  g   0.023  -0.060   0.017[0m
[1;32muart:~$ [m[8D[J[1;32muart:~$ [m[8D[J[00:03:43.318,000] [0m<inf> imu: LSM6DSV16X   a   0.380   0.122  10.522  g  -0.011   0.002  -0.002[0m
[1;32muart:~$ [m[8D[J[00:03:43.318,000] [0m<inf> imu: ICM-42688-P  a   0.350  -0.065   9.917  g  -0.000  -0.005   0.001[0m
[1;32muart:~$ [m[8D[J[1;32muart:~$ [m[8D[J[00:03:43.369,000] [0m<inf> imu: LSM6DS3TR-C  a   0.112   0.009  10.196  g   0.024  -0.059   0.013[0m
[1;32muart:~$ [m[8D[J[00:03:43.371,000] [0m<inf> imu: LSM6DSV16X   a   0.380   0.117  10.515  g  -0.011   0.002  -0.003[0m
[1;32muart:~$ [m[8D[J[00:03:43.372,000] [0m<inf> imu: ICM-42688-P  a   0.363  -0.060   9.931  g   0.000  -0.005   0.000[0m
[1;32muart:~$ [m[8D[J[00:03:43.423,000] [0m<inf> imu: LSM6DS3TR-C  a   0.097  -0.007  10.213  g   0.023  -0.060   0.015[0m
[1;32muart:~$ [m[8D[J[1;32muart:~$ [m[8D[J[00:03:43.424,000] [0m<inf> imu: LSM6DSV16X   a   0.370   0.115  10.524  g  -0.011   0.002  -0.003[0m
[1;32muart:~$ [m[8D[J[00:03:43.424,000] [0m<inf> imu: ICM-42688-P  a   0.350  -0.056   9.913  g   0.000  -0.005  -0.001[0m
[1;32muart:~$ [m[8D[J[1;32muart:~$ [m[8D[J[00:03:43.475,000] [0m<inf> imu: LSM6DS3TR-C  a   0.126  -0.003  10.195  g   0.024  -0.061   0.013[0m
[1;32muart:~$ [m[8D[J[00:03:43.477,000] [0m<inf> imu: LSM6DSV16X   a   0.379   0.111  10.524  g  -0.012   0.003  -0.003[0m
[1;32muart:~$ [m[8D[J[00:03:43.478,000] [0m<inf> imu: ICM-42688-P  a   0.362  -0.063   9.926  g   0.000  -0.004   0.000[0m
[1;32muart:~$ [m[8D[J[1;32muart:~$ [m[8D[J[00:03:43.529,000] [0m<inf> imu: LSM6DS3TR-C  a   0.082   0.013  10.164  g   0.023  -0.060   0.016[0m
[1;32muart:~$ [m[8D[J[00:03:43.530,000] [0m<inf> imu: LSM6DSV16X   a   0.375   0.120  10.522  g  -0.011   0.002  -0.002[0m
[1;32muart:~$ [m[8D[J[00:03:43.530,000] [0m<inf> imu: ICM-42688-P  a   0.341  -0.063   9.919  g  -0.001  -0.005   0.000[0m
[1;32muart:~$ [m[8D[J[1;32muart:~$ [m[8D[J[00:03:43.581,000] [0m<inf> imu: LSM6DS3TR-C  a   0.104   0.038  10.144  g   0.022  -0.059   0.014[0m
[1;32muart:~$ [m[8D[J[00:03:43.582,000] [0m<inf> imu: LSM6DSV16X   a   0.376   0.117  10.519  g  -0.011   0.002  -0.003[0m
[1;32muart:~$ [m[8D[J[00:03:43.582,000] [0m<inf> imu: ICM-42688-P  a   0.348  -0.069   9.926  g  -0.001  -0.005   0.000[0m
[1;32muart:~$ [m[8D[J[1;32muart:~$ [m[8D[J[00:03:43.633,000] [0m<inf> imu: LSM6DS3TR-C  a   0.107   0.012  10.198  g   0.022  -0.061   0.014[0m
[1;32muart:~$ [m[8D[J[00:03:43.634,000] [0m<inf> imu: LSM6DSV16X   a   0.385   0.117  10.509  g  -0.012   0.002  -0.002[0m
[1;32muart:~$ [m[8D[J[00:03:43.635,000] [0m<inf> imu: ICM-42688-P  a   0.350  -0.060   9.926  g   0.001  -0.005  -0.001[0m
[1;32muart:~$ [m[8D[J[1;32muart:~$ [m[8D[J[00:03:43.686,000] [0m<inf> imu: LSM6DS3TR-C  a   0.093   0.045  10.161  g   0.022  -0.062   0.015[0m
[1;32muart:~$ [m[8D[J[00:03:43.687,000] [0m<inf> imu: LSM6DSV16X   a   0.380   0.117  10.523  g  -0.011   0.003  -0.003[0m
[1;32muart:~$ [m[8D[J[00:03:43.687,000] [0m<inf> imu: ICM-42688-P  a   0.352  -0.060   9.941  g  -0.001  -0.005   0.001[0m
[1;32muart:~$ [m[8D[J[1;32muart:~$ [m[8D[J[00:03:43.738,000] [0m<inf> imu: LSM6DS3TR-C  a   0.085   0.021  10.150  g   0.024  -0.062   0.013[0m
[1;32muart:~$ [m[8D[J[00:03:43.739,000] [0m<inf> imu: LSM6DSV16X   a   0.382   0.120  10.518  g  -0.012   0.002  -0.003[0m
[1;32muart:~$ [m[8D[J[00:03:43.739,000] [0m<inf> imu: ICM-42688-P  a   0.358  -0.067   9.931  g  -0.000  -0.005   0.001[0m
[1;32muart:~$ [m[8D[J[1;32muart:~$ [m[8D[J[00:03:43.791,000] [0m<inf> imu: LSM6DS3TR-C  a   0.066   0.028  10.218  g   0.023  -0.062   0.016[0m
[1;32muart:~$ [m[8D[J[00:03:43.791,000] [0m<inf> imu: LSM6DSV16X   a   0.374   0.115  10.526  g  -0.012   0.002  -0.003[0m
[1;32muart:~$ [m[8D[J[00:03:43.792,000] [0m<inf> imu: ICM-42688-P  a   0.345  -0.056   9.911  g   0.000  -0.004  -0.000[0m
[1;32muart:~$ [m[8D[J[1;32muart:~$ [m[8D[J[00:03:43.843,000] [0m<inf> imu: LSM6DS3TR-C  a   0.098   0.043  10.186  g   0.024  -0.060   0.016[0m
[1;32muart:~$ [m[8D[J[00:03:43.843,000] [0m<inf> imu: LSM6DSV16X   a   0.380   0.117  10.512  g  -0.011   0.003  -0.003[0m
[1;32muart:~$ [m[8D[J[1;32muart:~$ [m[8D[J[00:03:43.844,000] [0m<inf> imu: ICM-42688-P  a   0.353  -0.063   9.918  g   0.000  -0.005   0.000[0m
[1;32muart:~$ [m[8D[J[00:03:43.895,000] [0m<inf> imu: LSM6DS3TR-C  a   0.095   0.022  10.195  g   0.024  -0.059   0.015[0m
[1;32muart:~$ [m[8D[J[00:03:43.896,000] [0m<inf> imu: LSM6DSV16X   a   0.380   0.120  10.515  g  -0.011   0.002  -0.002[0m
[1;32muart:~$ [m[8D[J[00:03:43.896,000] [0m<inf> imu: ICM-42688-P  a   0.368  -0.051   9.932  g   0.000  -0.005   0.000[0m
[1;32muart:~$ [m[8D[J[1;32muart:~$ [m[8D[J[00:03:43.947,000] [0m<inf> imu: LSM6DS3TR-C  a   0.094   0.051  10.171  g   0.024  -0.062   0.013[0m
[1;32muart:~$ [m[8D[J[00:03:43.948,000] [0m<inf> imu: LSM6DSV16X   a   0.376   0.114  10.521  g  -0.012   0.002  -0.002[0m
[1;32muart:~$ [m[8D[J[1;32muart:~$ [m[8D[J[00:03:43.948,000] [0m<inf> imu: ICM-42688-P  a   0.369  -0.077   9.922  g   0.000  -0.005   0.001[0m
[1;32muart:~$ [m[8D[J[00:03:44.000,000] [0m<inf> imu: LSM6DS3TR-C  a   0.082   0.005  10.174  g   0.024  -0.060   0.015[0m
[1;32muart:~$ [m[8D[J[00:03:44.001,000] [0m<inf> imu: LSM6DSV16X   a   0.376   0.114  10.513  g  -0.011   0.002  -0.003[0m
[1;32muart:~$ [m[8D[J[00:03:44.002,000] [0m<inf> imu: ICM-42688-P  a   0.341  -0.062   9.928  g   0.001  -0.005  -0.000[0m
[1;32muart:~$ [m[8D[J[1;32muart:~$ [m[8D[J[00:03:44.053,000] [0m<inf> imu: LSM6DS3TR-C  a   0.103   0.002  10.212  g   0.025  -0.061   0.012[0m
[1;32muart:~$ [m[8D[J[00:03:44.054,000] [0m<inf> imu: LSM6DSV16X   a   0.380   0.120  10.516  g  -0.012   0.002  -0.002[0m
[1;32muart:~$ [m[8D[J[1;32muart:~$ [m[8D[J[00:03:44.054,000] [0m<inf> imu: ICM-42688-P  a   0.354  -0.071   9.922  g   0.001  -0.005   0.000[0m
[1;32muart:~$ [m[8D[J[00:03:44.106,000] [0m<inf> imu: LSM6DS3TR-C  a   0.093   0.032  10.158  g   0.024  -0.062   0.015[0m
[1;32muart:~$ [m[8D[J[00:03:44.107,000] [0m<inf> imu: LSM6DSV16X   a   0.378   0.126  10.521  g  -0.012   0.002  -0.003[0m
[1;32muart:~$ [m[8D[J[00:03:44.108,000] [0m<inf> imu: ICM-42688-P  a   0.354  -0.062   9.914  g   0.000  -0.005   0.001[0m
[1;32muart:~$ [m[8D[J[1;32muart:~$ [m[8D[J[00:03:44.159,000] [0m<inf> imu: LSM6DS3TR-C  a   0.120   0.051  10.169  g   0.022  -0.060   0.015[0m
[1;32muart:~$ [m[8D[J[00:03:44.160,000] [0m<inf> imu: LSM6DSV16X   a   0.379   0.121  10.521  g  -0.012   0.002  -0.002[0m
[1;32muart:~$ [m[8D[J[1;32muart:~$ [m[8D[J[00:03:44.160,000] [0m<inf> imu: ICM-42688-P  a   0.345  -0.065   9.914  g   0.000  -0.005   0.001[0m
[1;32muart:~$ [m[8D[J[00:03:44.212,000] [0m<inf> imu: LSM6DS3TR-C  a   0.098   0.014  10.180  g   0.025  -0.061   0.014[0m
[1;32muart:~$ [m[8D[J[00:03:44.213,000] [0m<inf> imu: LSM6DSV16X   a   0.377   0.117  10.521  g  -0.011   0.002  -0.003[0m
[1;32muart:~$ [m[8D[J[00:03:44.214,000] [0m<inf> imu: ICM-42688-P  a   0.342  -0.059   9.919  g  -0.001  -0.004   0.000[0m
[1;32muart:~$ [m[8D[J[1;32muart:~$ [m[8D[J[00:03:44.265,000] [0m<inf> imu: LSM6DS3TR-C  a   0.104   0.023  10.180  g   0.025  -0.060   0.015[0m
[1;32muart:~$ [m[8D[J[00:03:44.266,000] [0m<inf> imu: LSM6DSV16X   a   0.374   0.117  10.515  g  -0.011   0.002  -0.003[0m
[1;32muart:~$ [m[8D[J[1;32muart:~$ [m[8D[J[00:03:44.266,000] [0m<inf> imu: ICM-42688-P  a   0.342  -0.065   9.914  g  -0.000  -0.005  -0.000[0m
[1;32muart:~$ [m[8D[J[00:03:44.317,000] [0m<inf> imu: LSM6DS3TR-C  a   0.090   0.021  10.198  g   0.023  -0.060   0.014[0m
[1;32muart:~$ [m[8D[J[00:03:44.318,000] [0m<inf> imu: LSM6DSV16X   a   0.378   0.117  10.525  g  -0.012   0.002  -0.002[0m
[1;32muart:~$ [m[8D[J[1;32muart:~$ [m[8D[J[00:03:44.319,000] [0m<inf> imu: ICM-42688-P  a   0.350  -0.061   9.923  g  -0.000  -0.005  -0.000[0m
[1;32muart:~$ [m[8D[J[00:03:44.370,000] [0m<inf> imu: LSM6DS3TR-C  a   0.110   0.025  10.181  g   0.024  -0.061   0.014[0m
[1;32muart:~$ [m[8D[J[00:03:44.371,000] [0m<inf> imu: LSM6DSV16X   a   0.376   0.115  10.519  g  -0.011   0.002  -0.002[0m
[1;32muart:~$ [m[8D[J[1;32muart:~$ [m[8D[J[00:03:44.371,000] [0m<inf> imu: ICM-42688-P  a   0.368  -0.061   9.937  g   0.000  -0.005   0.001[0m
[1;32muart:~$ [m[8D[J[00:03:44.422,000] [0m<inf> imu: LSM6DS3TR-C  a   0.097  -0.022  10.216  g   0.022  -0.060   0.015[0m
[1;32muart:~$ [m[8D[J[00:03:44.423,000] [0m<inf> imu: LSM6DSV16X   a   0.380   0.115  10.524  g  -0.012   0.002  -0.003[0m
[1;32muart:~$ [m[8D[J[00:03:44.423,000] [0m<inf> imu: ICM-42688-P  a   0.357  -0.057   9.914  g  -0.001  -0.005   0.000[0m
[1;32muart:~$ [m[8D[J[1;32muart:~$ [m[8D[J[00:03:44.474,000] [0m<inf> imu: LSM6DS3TR-C  a   0.109   0.032  10.201  g   0.024  -0.060   0.014[0m
[1;32muart:~$ [m[8D[J[00:03:44.475,000] [0m<inf> imu: LSM6DSV16X   a   0.373   0.114  10.510  g  -0.011   0.002  -0.003[0m
[1;32muart:~$ [m[8D[J[00:03:44.476,000] [0m<inf> imu: ICM-42688-P  a   0.346  -0.060   9.918  g  -0.000  -0.004  -0.000[0m
[1;32muart:~$ [m[8D[J[1;32muart:~$ [m[8D[J[00:03:44.527,000] [0m<inf> imu: LSM6DS3TR-C  a   0.096   0.022  10.204  g   0.024  -0.061   0.013[0m
[1;32muart:~$ [m[8D[J[00:03:44.527,000] [0m<inf> imu: LSM6DSV16X   a   0.379   0.118  10.518  g  -0.012   0.002  -0.002[0m
[1;32muart:~$ [m[8D[J[00:03:44.528,000] [0m<inf> imu: ICM-42688-P  a   0.359  -0.063   9.931  g   0.000  -0.005   0.000[0m
[1;32muart:~$ [m[8D[J[1;32muart:~$ [m[8D[J[00:03:44.579,000] [0m<inf> imu: LSM6DS3TR-C  a   0.130   0.011  10.203  g   0.022  -0.060   0.015[0m
[1;32muart:~$ [m[8D[J[00:03:44.580,000] [0m<inf> imu: LSM6DSV16X   a   0.379   0.120  10.516  g  -0.012   0.002  -0.002[0m
[1;32muart:~$ [m[8D[J[1;32muart:~$ [m[8D[J[00:03:44.580,000] [0m<inf> imu: ICM-42688-P  a   0.350  -0.056   9.922  g   0.000  -0.005   0.001[0m
[1;32muart:~$ [m[8D[J[00:03:44.631,000] [0m<inf> imu: LSM6DS3TR-C  a   0.109   0.019  10.209  g   0.024  -0.060   0.015[0m
[1;32muart:~$ [m[8D[J[00:03:44.632,000] [0m<inf> imu: LSM6DSV16X   a   0.376   0.115  10.509  g  -0.012   0.002  -0.003[0m
[1;32muart:~$ [m[8D[J[1;32muart:~$ [m[8D[J[00:03:44.632,000] [0m<inf> imu: ICM-42688-P  a   0.354  -0.048   9.930  g  -0.000  -0.005  -0.000[0m
[1;32muart:~$ [m[8D[J[00:03:44.683,000] [0m<inf> imu: LSM6DS3TR-C  a   0.098   0.028  10.188  g   0.024  -0.061   0.014[0m
[1;32muart:~$ [m[8D[J[1;32muart:~$ [m[8D[J[00:03:44.684,000] [0m<inf> imu: LSM6DSV16X   a   0.380   0.112  10.517  g  -0.011   0.003  -0.003[0m
[1;32muart:~$ [m[8D[J[00:03:44.685,000] [0m<inf> imu: ICM-42688-P  a   0.351  -0.059   9.930  g  -0.000  -0.005   0.000[0m
[1;32muart:~$ [m[8D[J[00:03:44.736,000] [0m<inf> imu: LSM6DS3TR-C  a   0.046   0.001  10.187  g   0.023  -0.061   0.014[0m
[1;32muart:~$ [m[8D[J[00:03:44.738,000] [0m<inf> imu: LSM6DSV16X   a   0.381   0.112  10.519  g  -0.012   0.001  -0.003[0m
[1;32muart:~$ [m[8D[J[1;32muart:~$ [m[8D[J[00:03:44.738,000] [0m<inf> imu: ICM-42688-P  a   0.351  -0.060   9.923  g   0.000  -0.005   0.001[0m
[1;32muart:~$ [m[8D[J[00:03:44.789,000] [0m<inf> imu: LSM6DS3TR-C  a   0.100   0.020  10.186  g   0.024  -0.062   0.016[0m
[1;32muart:~$ [m[8D[J[1;32muart:~$ [m[8D[J[00:03:44.790,000] [0m<inf> imu: LSM6DSV16X   a   0.380   0.117  10.517  g  -0.011   0.002  -0.003[0m
[1;32muart:~$ [m[8D[J[00:03:44.791,000] [0m<inf> imu: ICM-42688-P  a   0.359  -0.051   9.931  g   0.000  -0.005  -0.000[0m
[1;32muart:~$ [m[8D[J[00:03:44.842,000] [0m<inf> imu: LSM6DS3TR-C  a   0.108   0.017  10.245  g   0.023  -0.062   0.016[0m
[1;32muart:~$ [m[8D[J[00:03:44.843,000] [0m<inf> imu: LSM6DSV16X   a   0.381   0.117  10.517  g  -0.011   0.002  -0.003[0m
[1;32muart:~$ [m[8D[J[1;32muart:~$ [m[8D[J[00:03:44.844,000] [0m<inf> imu: ICM-42688-P  a   0.353  -0.065   9.914  g   0.000  -0.005   0.000[0m
[1;32muart:~$ [m[8D[J[00:03:44.895,000] [0m<inf> imu: LSM6DS3TR-C  a   0.088   0.001  10.136  g   0.023  -0.061   0.014[0m
[1;32muart:~$ [m[8D[J[1;32muart:~$ [m[8D[J[00:03:44.896,000] [0m<inf> imu: LSM6DSV16X   a   0.380   0.117  10.521  g  -0.012   0.002  -0.003[0m
[1;32muart:~$ [m[8D[J[00:03:44.896,000] [0m<inf> imu: ICM-42688-P  a   0.357  -0.056   9.912  g   0.000  -0.005  -0.000[0m
[1;32muart:~$ [m[8D[J[00:03:44.948,000] [0m<inf> imu: LSM6DS3TR-C  a   0.112   0.033  10.155  g   0.023  -0.062   0.016[0m
[1;32muart:~$ [m[8D[J[00:03:44.949,000] [0m<inf> imu: LSM6DSV16X   a   0.376   0.115  10.516  g  -0.012   0.003  -0.002[0m
[1;32muart:~$ [m[8D[J[1;32muart:~$ [m[8D[J[00:03:44.950,000] [0m<inf> imu: ICM-42688-P  a   0.363  -0.056   9.928  g  -0.000  -0.005   0.001[0m
[1;32muart:~$ [m[8D[J[00:03:45.001,000] [0m<inf> imu: LSM6DS3TR-C  a   0.099   0.001  10.191  g   0.022  -0.061   0.015[0m
[1;32muart:~$ [m[8D[J[1;32muart:~$ [m[8D[J[00:03:45.002,000] [0m<inf> imu: LSM6DSV16X   a   0.377   0.121  10.516  g  -0.011   0.002  -0.003[0m
[1;32muart:~$ [m[8D[J[00:03:45.002,000] [0m<inf> imu: ICM-42688-P  a   0.348  -0.075   9.918  g  -0.000  -0.005   0.001[0m
[1;32muart:~$ [m[8D[J[00:03:45.054,000] [0m<inf> imu: LSM6DS3TR-C  a   0.117   0.009  10.196  g   0.024  -0.060   0.015[0m
[1;32muart:~$ [m[8D[J[1;32muart:~$ [m[8D[J[00:03:45.055,000] [0m<inf> imu: LSM6DSV16X   a   0.379   0.120  10.521  g  -0.012   0.001  -0.002[0m
[1;32muart:~$ [m[8D[J[00:03:45.056,000] [0m<inf> imu: ICM-42688-P  a   0.362  -0.072   9.932  g   0.000  -0.006  -0.000[0m
[1;32muart:~$ [m[8D[J[00:03:45.107,000] [0m<inf> imu: LSM6DS3TR-C  a   0.112   0.053  10.165  g   0.022  -0.060   0.014[0m
[1;32muart:~$ [m[8D[J[1;32muart:~$ [m[8D[J[00:03:45.107,000] [0m<inf> imu: LSM6DSV16X   a   0.378   0.112  10.512  g  -0.012   0.003  -0.002[0m
[1;32muart:~$ [m[8D[J[00:03:45.108,000] [0m<inf> imu: ICM-42688-P  a   0.346  -0.065   9.926  g   0.000  -0.005   0.000[0m
[1;32muart:~$ [m[8D[J[00:03:45.159,000] [0m<inf> imu: LSM6DS3TR-C  a   0.099   0.031  10.213  g   0.024  -0.061   0.015[0m
[1;32muart:~$ [m[8D[J[1;32muart:~$ [m[8D[J[00:03:45.160,000] [0m<inf> imu: LSM6DSV16X   a   0.379   0.120  10.524  g  -0.011   0.002  -0.003[0m
[1;32muart:~$ [m[8D[J[00:03:45.160,000] [0m<inf> imu: ICM-42688-P  a   0.360  -0.057   9.930  g   0.000  -0.005   0.000[0m
[1;32muart:~$ [m[8D[J[00:03:45.211,000] [0m<inf> imu: LSM6DS3TR-C  a   0.101   0.014  10.194  g   0.025  -0.062   0.014[0m
[1;32muart:~$ [m[8D[J[1;32muart:~$ [m[8D[J[00:03:45.212,000] [0m<inf> imu: LSM6DSV16X   a   0.380   0.117  10.510  g  -0.011   0.002  -0.002[0m
[1;32muart:~$ [m[8D[J[00:03:45.212,000] [0m<inf> imu: ICM-42688-P  a   0.362  -0.056   9.923  g   0.001  -0.005  -0.001[0m
[1;32muart:~$ [m[8D[J[00:03:45.264,000] [0m<inf> imu: LSM6DS3TR-C  a   0.103   0.030  10.193  g   0.025  -0.061   0.017[0m
[1;32muart:~$ [m[8D[J[1;32muart:~$ [m[8D[J[00:03:45.265,000] [0m<inf> imu: LSM6DSV16X   a   0.373   0.115  10.524  g  -0.012   0.002  -0.002[0m
[1;32muart:~$ [m[8D[J[00:03:45.266,000] [0m<inf> imu: ICM-42688-P  a   0.356  -0.061   9.930  g   0.000  -0.005   0.000[0m
[1;32muart:~$ [m[8D[J[00:03:45.318,000] [0m<inf> imu: LSM6DS3TR-C  a   0.114   0.027  10.190  g   0.022  -0.062   0.016[0m
[1;32muart:~$ [m[8D[J[1;32muart:~$ [m[8D[J[00:03:45.319,000] [0m<inf> imu: LSM6DSV16X   a   0.380   0.113  10.514  g  -0.012   0.002  -0.003[0m
[1;32muart:~$ [m[8D[J[00:03:45.320,000] [0m<inf> imu: ICM-42688-P  a   0.350  -0.069   9.920  g   0.000  -0.005   0.000[0m
[1;32muart:~$ [m[8D[J[00:03:45.371,000] [0m<inf> imu: LSM6DS3TR-C  a   0.115   0.027  10.190  g   0.023  -0.061   0.013[0m
[1;32muart:~$ [m[8D[J[1;32muart:~$ [m[8D[J[00:03:45.373,000] [0m<inf> imu: LSM6DSV16X   a   0.380   0.117  10.517  g  -0.011   0.002  -0.003[0m
[1;32muart:~$ [m[8D[J[00:03:45.374,000] [0m<inf> imu: ICM-42688-P  a   0.351  -0.063   9.932  g   0.002  -0.004   0.000[0m
[1;32muart:~$ [m[8D[J[1;32muart:~$ [m[8D[J[00:03:45.425,000] [0m<inf> imu: LSM6DS3TR-C  a   0.150  -0.002  10.177  g   0.023  -0.062   0.013[0m
[1;32muart:~$ [m[8D[J[00:03:45.425,000] [0m<inf> imu: LSM6DSV16X   a   0.383   0.117  10.512  g  -0.012   0.002  -0.003[0m
[1;32muart:~$ [m[8D[J[00:03:45.426,000] [0m<inf> imu: ICM-42688-P  a   0.354  -0.057   9.928  g  -0.001  -0.005  -0.000[0m
[1;32muart:~$ [m[8D[J[00:03:45.477,000] [0m<inf> imu: LSM6DS3TR-C  a   0.103   0.034  10.170  g   0.024  -0.063   0.013[0m
[1;32muart:~$ [m[8D[J[1;32muart:~$ [m[8D[J[00:03:45.478,000] [0m<inf> imu: LSM6DSV16X   a   0.383   0.110  10.513  g  -0.013   0.002  -0.002[0m
[1;32muart:~$ [m[8D[J[00:03:45.478,000] [0m<inf> imu: ICM-42688-P  a   0.362  -0.059   9.916  g   0.000  -0.005   0.001[0m
[1;32muart:~$ [m[8D[J[1;32muart:~$ [m[8D[J[00:03:45.529,000] [0m<inf> imu: LSM6DS3TR-C  a   0.111   0.038  10.201  g   0.022  -0.060   0.014[0m
[1;32muart:~$ [m[8D[J[00:03:45.530,000] [0m<inf> imu: LSM6DSV16X   a   0.371   0.114  10.507  g  -0.012   0.002  -0.003[0m
[1;32muart:~$ [m[8D[J[00:03:45.531,000] [0m<inf> imu: ICM-42688-P  a   0.357  -0.054   9.923  g   0.000  -0.005   0.000[0m
[1;32muart:~$ [m[8D[J[00:03:45.582,000] [0m<inf> imu: LSM6DS3TR-C  a   0.107   0.022  10.189  g   0.023  -0.059   0.013[0m
[1;32muart:~$ [m[8D[J[1;32muart:~$ [m[8D[J[00:03:45.583,000] [0m<inf> imu: LSM6DSV16X   a   0.382   0.110  10.518  g  -0.011   0.002  -0.002[0m
[1;32muart:~$ [m[8D[J[00:03:45.584,000] [0m<inf> imu: ICM-42688-P  a   0.350  -0.068   9.906  g   0.001  -0.005   0.000[0m
[1;32muart:~$ [m[8D[J[1;32muart:~$ [m[8D[J[00:03:45.635,000] [0m<inf> imu: LSM6DS3TR-C  a   0.098   0.029  10.202  g   0.024  -0.060   0.013[0m
[1;32muart:~$ [m[8D[J[00:03:45.636,000] [0m<inf> imu: LSM6DSV16X   a   0.380   0.115  10.516  g  -0.011   0.003  -0.002[0m
[1;32muart:~$ [m[8D[J[00:03:45.636,000] [0m<inf> imu: ICM-42688-P  a   0.358  -0.057   9.922  g   0.000  -0.004   0.000[0m
[1;32muart:~$ [m[8D[J[00:03:45.688,000] [0m<inf> imu: LSM6DS3TR-C  a   0.086   0.011  10.135  g   0.025  -0.060   0.014[0m
[1;32muart:~$ [m[8D[J[1;32muart:~$ [m[8D[J[00:03:45.689,000] [0m<inf> imu: LSM6DSV16X   a   0.380   0.119  10.517  g  -0.011   0.002  -0.002[0m
[1;32muart:~$ [m[8D[J[00:03:45.690,000] [0m<inf> imu: ICM-42688-P  a   0.371  -0.057   9.919  g   0.000  -0.005   0.000[0m
[1;32muart:~$ [m[8D[J[1;32muart:~$ [m[8D[J[00:03:45.741,000] [0m<inf> imu: LSM6DS3TR-C  a   0.109   0.040  10.150  g   0.022  -0.060   0.015[0m
[1;32muart:~$ [m[8D[J[00:03:45.742,000] [0m<inf> imu: LSM6DSV16X   a   0.371   0.117  10.514  g  -0.011   0.002  -0.003[0m
[1;32muart:~$ [m[8D[J[00:03:45.742,000] [0m<inf> imu: ICM-42688-P  a   0.353  -0.055   9.928  g   0.000  -0.005   0.000[0m
[1;32muart:~$ [m[8D[J[00:03:45.794,000] [0m<inf> imu: LSM6DS3TR-C  a   0.132   0.008  10.153  g   0.024  -0.060   0.014[0m
[1;32muart:~$ [m[8D[J[1;32muart:~$ [m[8D[J[00:03:45.795,000] [0m<inf> imu: LSM6DSV16X   a   0.380   0.115  10.516  g  -0.012   0.002  -0.002[0m
[1;32muart:~$ [m[8D[J[00:03:45.796,000] [0m<inf> imu: ICM-42688-P  a   0.346  -0.060   9.922  g  -0.001  -0.005   0.000[0m
[1;32muart:~$ [m[8D[J[1;32muart:~$ [m[8D[J[00:03:45.847,000] [0m<inf> imu: LSM6DS3TR-C  a   0.092   0.017  10.200  g   0.022  -0.061   0.015[0m
[1;32muart:~$ [m[8D[J[00:03:45.848,000] [0m<inf> imu: LSM6DSV16X   a   0.375   0.115  10.521  g  -0.012   0.002  -0.002[0m
[1;32muart:~$ [m[8D[J[00:03:45.848,000] [0m<inf> imu: ICM-42688-P  a   0.354  -0.065   9.917  g  -0.001  -0.005   0.000[0m
[1;32muart:~$ [m[8D[J[1;32muart:~$ [m[8D[J[00:03:45.899,000] [0m<inf> imu: LSM6DS3TR-C  a   0.096   0.000  10.155  g   0.023  -0.061   0.015[0m
[1;32muart:~$ [m[8D[J[00:03:45.900,000] [0m<inf> imu: LSM6DSV16X   a   0.380   0.115  10.516  g  -0.011   0.002  -0.003[0m
[1;32muart:~$ [m[8D[J[00:03:45.900,000] [0m<inf> imu: ICM-42688-P  a   0.354  -0.068   9.925  g   0.000  -0.005  -0.001[0m
[1;32muart:~$ [m[8D[J[1;32muart:~$ [m[8D[J[00:03:45.951,000] [0m<inf> imu: LSM6DS3TR-C  a   0.086  -0.001  10.193  g   0.023  -0.060   0.013[0m
[1;32muart:~$ [m[8D[J[00:03:45.952,000] [0m<inf> imu: LSM6DSV16X   a   0.378   0.118  10.519  g  -0.012   0.003  -0.002[0m
[1;32muart:~$ [m[8D[J[00:03:45.953,000] [0m<inf> imu: ICM-42688-P  a   0.351  -0.068   9.912  g   0.000  -0.004   0.000[0m
[1;32muart:~$ [m[8D[J[1;32muart:~$ [m[8D[J[00:03:46.004,000] [0m<inf> imu: LSM6DS3TR-C  a   0.111   0.022  10.193  g   0.024  -0.063   0.014[0m
[1;32muart:~$ [m[8D[J[00:03:46.004,000] [0m<inf> imu: LSM6DSV16X   a   0.376   0.110  10.512  g  -0.012   0.002  -0.002[0m
[1;32muart:~$ [m[8D[J[00:03:46.005,000] [0m<inf> imu: ICM-42688-P  a   0.359  -0.051   9.924  g   0.000  -0.006   0.000[0m
[1;32muart:~$ [m[8D[J[1;32muart:~$ [m[8D[J[00:03:46.056,000] [0m<inf> imu: LSM6DS3TR-C  a   0.117   0.015  10.197  g   0.024  -0.058   0.013[0m
[1;32muart:~$ [m[8D[J[00:03:46.057,000] [0m<inf> imu: LSM6DSV16X   a   0.380   0.110  10.512  g  -0.011   0.002  -0.002[0m
[1;32muart:~$ [m[8D[J[00:03:46.057,000] [0m<inf> imu: ICM-42688-P  a   0.341  -0.065   9.931  g   0.001  -0.005   0.000[0m
[1;32muart:~$ [m[8D[J[1;32muart:~$ [m[8D[J[00:03:46.108,000] [0m<inf> imu: LSM6DS3TR-C  a   0.106  -0.005  10.214  g   0.023  -0.061   0.013[0m
[1;32muart:~$ [m[8D[J[00:03:46.109,000] [0m<inf> imu: LSM6DSV16X   a   0.380   0.113  10.517  g  -0.012   0.002  -0.003[0m
[1;32muart:~$ [m[8D[J[00:03:46.109,000] [0m<inf> imu: ICM-42688-P  a   0.360  -0.067   9.914  g   0.000  -0.005  -0.001[0m
[1;32muart:~$ [m[8D[J[1;32muart:~$ [m[8D[J[00:03:46.160,000] [0m<inf> imu: LSM6DS3TR-C  a   0.084   0.011  10.173  g   0.022  -0.062   0.014[0m
[1;32muart:~$ [m[8D[J[00:03:46.161,000] [0m<inf> imu: LSM6DSV16X   a   0.381   0.114  10.519  g  -0.012   0.002  -0.003[0m
[1;32muart:~$ [m[8D[J[00:03:46.162,000] [0m<inf> imu: ICM-42688-P  a   0.352  -0.065   9.926  g   0.000  -0.005   0.001[0m
[1;32muart:~$ [m[8D[J[1;32muart:~$ [m[8D[J[00:03:46.213,000] [0m<inf> imu: LSM6DS3TR-C  a   0.081   0.027  10.181  g   0.022  -0.062   0.015[0m
[1;32muart:~$ [m[8D[J[00:03:46.213,000] [0m<inf> imu: LSM6DSV16X   a   0.380   0.118  10.523  g  -0.011   0.002  -0.002[0m
[1;32muart:~$ [m[8D[J[1;32muart:~$ [m[8D[J[00:03:46.214,000] [0m<inf> imu: ICM-42688-P  a   0.345  -0.065   9.918  g   0.000  -0.005   0.001[0m
[1;32muart:~$ [m[8D[J[00:03:46.265,000] [0m<inf> imu: LSM6DS3TR-C  a   0.086   0.023  10.183  g   0.024  -0.061   0.016[0m
[1;32muart:~$ [m[8D[J[00:03:46.266,000] [0m<inf> imu: LSM6DSV16X   a   0.376   0.118  10.519  g  -0.011   0.002  -0.002[0m
[1;32muart:~$ [m[8D[J[00:03:46.266,000] [0m<inf> imu: ICM-42688-P  a   0.354  -0.062   9.911  g   0.000  -0.005   0.001[0m
[1;32muart:~$ [m[8D[J[1;32muart:~$ [m[8D[J[00:03:46.318,000] [0m<inf> imu: LSM6DS3TR-C  a   0.082   0.033  10.183  g   0.025  -0.061   0.013[0m
[1;32muart:~$ [m[8D[J[00:03:46.319,000] [0m<inf> imu: LSM6DSV16X   a   0.380   0.124  10.530  g  -0.012   0.002  -0.002[0m
[1;32muart:~$ [m[8D[J[1;32muart:~$ [m[8D[J[00:03:46.320,000] [0m<inf> imu: ICM-42688-P  a   0.365  -0.067   9.917  g   0.000  -0.005  -0.000[0m
[1;32muart:~$ [m[8D[J[00:03:46.371,000] [0m<inf> imu: LSM6DS3TR-C  a   0.078   0.035  10.183  g   0.022  -0.060   0.014[0m
[1;32muart:~$ [m[8D[J[00:03:46.372,000] [0m<inf> imu: LSM6DSV16X   a   0.380   0.122  10.519  g  -0.011   0.002  -0.002[0m
[1;32muart:~$ [m[8D[J[00:03:46.372,000] [0m<inf> imu: ICM-42688-P  a   0.354  -0.060   9.911  g   0.001  -0.005  -0.000[0m
[1;32muart:~$ [m[8D[J[00:03:46.424,000] [0m<inf> imu: LSM6DS3TR-C  a   0.105   0.030  10.206  g   0.024  -0.060   0.015[0m
[1;32muart:~$ [m[8D[J[1;32muart:~$ [m[8D[J[00:03:46.425,000] [0m<inf> imu: LSM6DSV16X   a   0.373   0.121  10.519  g  -0.010   0.002  -0.002[0m
[1;32muart:~$ [m[8D[J[00:03:46.426,000] [0m<inf> imu: ICM-42688-P  a   0.346  -0.062   9.928  g   0.000  -0.005  -0.000[0m
[1;32muart:~$ [m[8D[J[00:03:46.477,000] [0m<inf> imu: LSM6DS3TR-C  a   0.100   0.029  10.167  g   0.024  -0.061   0.015[0m
[1;32muart:~$ [m[8D[J[1;32muart:~$ [m[8D[J[00:03:46.478,000] [0m<inf> imu: LSM6DSV16X   a   0.378   0.114  10.521  g  -0.011   0.002  -0.003[0m
[1;32muart:~$ [m[8D[J[00:03:46.478,000] [0m<inf> imu: ICM-42688-P  a   0.358  -0.066   9.922  g   0.000  -0.006  -0.000[0m
[1;32muart:~$ [m[8D[J[1;32muart:~$ [m[8D[J[00:03:46.530,000] [0m<inf> imu: LSM6DS3TR-C  a   0.092  -0.008  10.176  g   0.024  -0.061   0.014[0m
[1;32muart:~$ [m[8D[J[00:03:46.531,000] [0m<inf> imu: LSM6DSV16X   a   0.376   0.119  10.521  g  -0.011   0.002  -0.002[0m
[1;32muart:~$ [m[8D[J[1;32muart:~$ [m[8D[J[00:03:46.531,000] [0m<inf> imu: ICM-42688-P  a   0.346  -0.060   9.923  g   0.000  -0.005   0.000[0m
[1;32muart:~$ [m[8D[J[00:03:46.583,000] [0m<inf> imu: LSM6DS3TR-C  a   0.111   0.017  10.194  g   0.024  -0.062   0.014[0m
[1;32muart:~$ [m[8D[J[00:03:46.583,000] [0m<inf> imu: LSM6DSV16X   a   0.383   0.115  10.519  g  -0.012   0.003  -0.002[0m
[1;32muart:~$ [m[8D[J[00:03:46.584,000] [0m<inf> imu: ICM-42688-P  a   0.354  -0.049   9.919  g   0.000  -0.005  -0.001[0m
[1;32muart:~$ [m[8D[J[1;32muart:~$ [m[8D[J[00:03:46.635,000] [0m<inf> imu: LSM6DS3TR-C  a   0.097   0.026  10.172  g   0.024  -0.060   0.015[0m
[1;32muart:~$ [m[8D[J[00:03:46.637,000] [0m<inf> imu: LSM6DSV16X   a   0.383   0.117  10.519  g  -0.012   0.002  -0.002[0m
[1;32muart:~$ [m[8D[J[1;32muart:~$ [m[8D[J[00:03:46.637,000] [0m<inf> imu: ICM-42688-P  a   0.346  -0.050   9.917  g   0.000  -0.004   0.000[0m
[1;32muart:~$ [m[8D[J[00:03:46.688,000] [0m<inf> imu: LSM6DS3TR-C  a   0.069   0.034  10.165  g   0.023  -0.062   0.015[0m
[1;32muart:~$ [m[8D[J[00:03:46.689,000] [0m<inf> imu: LSM6DSV16X   a   0.382   0.122  10.519  g  -0.012   0.002  -0.003[0m
[1;32muart:~$ [m[8D[J[1;32muart:~$ [m[8D[J[00:03:46.690,000] [0m<inf> imu: ICM-42688-P  a   0.351  -0.059   9.925  g  -0.001  -0.004   0.000[0m
[1;32muart:~$ [m[8D[J[00:03:46.741,000] [0m<inf> imu: LSM6DS3TR-C  a   0.100   0.010  10.226  g   0.023  -0.062   0.014[0m
[1;32muart:~$ [m[8D[J[00:03:46.741,000] [0m<inf> imu: LSM6DSV16X   a   0.383   0.112  10.521  g  -0.011   0.002  -0.003[0m
[1;32muart:~$ [m[8D[J[1;32muart:~$ [m[8D[J[00:03:46.742,000] [0m<inf> imu: ICM-42688-P  a   0.358  -0.061   9.920  g  -0.000  -0.005   0.000[0m
[1;32muart:~$ [m[8D[J[00:03:46.793,000] [0m<inf> imu: LSM6DS3TR-C  a   0.109  -0.007  10.198  g   0.021  -0.063   0.014[0m
[1;32muart:~$ [m[8D[J[00:03:46.794,000] [0m<inf> imu: LSM6DSV16X   a   0.376   0.120  10.524  g  -0.012   0.002  -0.002[0m
[1;32muart:~$ [m[8D[J[1;32muart:~$ [m[8D[J[00:03:46.794,000] [0m<inf> imu: ICM-42688-P  a   0.362  -0.065   9.924  g   0.000  -0.004  -0.001[0m
[1;32muart:~$ [m[8D[J[00:03:46.845,000] [0m<inf> imu: LSM6DS3TR-C  a   0.077   0.011  10.198  g   0.023  -0.061   0.013[0m
[1;32muart:~$ [m[8D[J[00:03:46.846,000] [0m<inf> imu: LSM6DSV16X   a   0.383   0.122  10.514  g  -0.011   0.002  -0.003[0m
[1;32muart:~$ [m[8D[J[1;32muart:~$ [m[8D[J[00:03:46.846,000] [0m<inf> imu: ICM-42688-P  a   0.350  -0.063   9.931  g   0.000  -0.005  -0.000[0m
[1;32muart:~$ [m[8D[J[00:03:46.897,000] [0m<inf> imu: LSM6DS3TR-C  a   0.085   0.001  10.162  g   0.024  -0.060   0.015[0m
[1;32muart:~$ [m[8D[J[00:03:46.898,000] [0m<inf> imu: LSM6DSV16X   a   0.382   0.119  10.521  g  -0.012   0.002  -0.003[0m
[1;32muart:~$ [m[8D[J[1;32muart:~$ [m[8D[J[00:03:46.899,000] [0m<inf> imu: ICM-42688-P  a   0.353  -0.051   9.930  g   0.000  -0.005  -0.000[0m
[1;32muart:~$ [m[8D[J[00:03:46.950,000] [0m<inf> imu: LSM6DS3TR-C  a   0.105   0.043  10.178  g   0.022  -0.060   0.014[0m
[1;32muart:~$ [m[8D[J[00:03:46.950,000] [0m<inf> imu: LSM6DSV16X   a   0.378   0.108  10.512  g  -0.012   0.002  -0.003[0m
[1;32muart:~$ [m[8D[J[1;32muart:~$ [m[8D[J[1;31m[1;31m--- 1 messages dropped ---
[0m[m[00:03:46.951,000] [0m<inf> imu: ICM-42688-P  a   0.354  -0.060   9.905  g   0.000  -0.005  -0.001[0m
[1;32muart:~$ [m[8D[J[00:03:47.003,000] [0m<inf> imu: LSM6DSV16X   a   0.381   0.112  10.516  g  -0.012   0.002  -0.002[0m
[1;32muart:~$ [m[8D[J[1;32muart:~$ [m[8D[J[00:03:47.003,000] [0m<inf> imu: ICM-42688-P  a   0.353  -0.060   9.925  g   0.001  -0.005  -0.000[0m
[1;32muart:~$ [m[8D[J[00:03:47.054,000] [0m<inf> imu: LSM6DS3TR-C  a   0.097   0.014  10.158  g   0.023  -0.062   0.012[0m
[1;32muart:~$ [m[8D[J[00:03:47.055,000] [0m<inf> imu: LSM6DSV16X   a   0.376   0.120  10.521  g  -0.011   0.001  -0.002[0m
[1;32muart:~$ [m[8D[J[00:03:47.055,000] [0m<inf> imu: ICM-42688-P  a   0.359  -0.068   9.931  g   0.000  -0.005   0.000[0m
[1;32muart:~$ [m[8D[J[1;32muart:~$ [m[8D[J[1;31m[1;31m--- 1 messages dropped ---
[0m[m[00:03:47.106,000] [0m<inf> imu: LSM6DS3TR-C  a   0.105   0.010  10.208  g   0.025  -0.060   0.015[0m
[1;32muart:~$ [m[8D[J[00:03:47.108,000] [0m<inf> imu: ICM-42688-P  a   0.354  -0.066   9.929  g   0.000  -0.004   0.000[0m
[1;32muart:~$ [m[8D[J[1;32muart:~$ [m[8D[J[1;31m[1;31m--- 2 messages dropped ---
[0m[m[00:03:47.159,000] [0m<inf> imu: LSM6DS3TR-C  a   0.099   0.051  10.178  g   0.024  -0.060   0.013[0m
[1;32muart:~$ [m[8D[J[00:03:47.212,000] [0m<inf> imu: LSM6DS3TR-C  a   0.089   0.014  10.208  g   0.022  -0.061   0.014[0m
[1;32muart:~$ [m[8D[J[1;32muart:~$ [m[8D[J[1;31m[1;31m--- 1 messages dropped ---
[0m[m[00:03:47.213,000] [0m<inf> imu: LSM6DSV16X   a   0.381   0.117  10.521  g  -0.012   0.001  -0.002[0m
[1;32muart:~$ [m[8D[J[00:03:47.213,000] [0m<inf> imu: ICM-42688-P  a   0.354  -0.063   9.937  g   0.000  -0.005  -0.000[0m
[1;32muart:~$ [m[8D[J[00:03:47.266,000] [0m<inf> imu: LSM6DSV16X   a   0.378   0.117  10.524  g  -0.012   0.002  -0.003[0m
[1;32muart:~$ [m[8D[J[1;32muart:~$ [m[8D[J[1;31m[1;31m--- 2 messages dropped ---
[0m[m[00:03:47.266,000] [0m<inf> imu: ICM-42688-P  a   0.346  -0.049   9.923  g   0.000  -0.005  -0.000[0m
[1;32muart:~$ [m[8D[J[00:03:47.320,000] [0m<inf> imu: ICM-42688-P  a   0.352  -0.054   9.918  g   0.000  -0.005  -0.000[0m
[1;32muart:~$ [m[8D[J[1;32muart:~$ [m[8D[J[1;31m[1;31m--- 1 messages dropped ---
[0m[m[00:03:47.371,000] [0m<inf> imu: LSM6DS3TR-C  a   0.117  -0.001  10.188  g   0.024  -0.061   0.016[0m
[1;32muart:~$ [m[8D[J[00:03:47.373,000] [0m<inf> imu: LSM6DSV16X   a   0.376   0.123  10.516  g  -0.012   0.002  -0.003[0m
[1;32muart:~$ [m[8D[J[00:03:47.424,000] [0m<inf> imu: LSM6DS3TR-C  a   0.111   0.024  10.146  g   0.023  -0.060   0.013[0m
[1;32muart:~$ [m[8D[J[1;32muart:~$ [m[8D[J[1;31m[1;31m--- 2 messages dropped ---
[0m[m[00:03:47.425,000] [0m<inf> imu: LSM6DSV16X   a   0.380   0.115  10.519  g  -0.012   0.002  -0.003[0m
[1;32muart:~$ [m[8D[J[00:03:47.479,000] [0m<inf> imu: LSM6DSV16X   a   0.376   0.110  10.525  g  -0.012   0.002  -0.003[0m
[1;32muart:~$ [m[8D[J[1;32muart:~$ [m[8D[J[1;31m[1;31m--- 1 messages dropped ---
[0m[m[00:03:47.479,000] [0m<inf> imu: ICM-42688-P  a   0.354  -0.051   9.925  g   0.000  -0.005   0.000[0m
[1;32muart:~$ [m[8D[J[00:03:47.531,000] [0m<inf> imu: LSM6DS3TR-C  a   0.093   0.002  10.204  g   0.023  -0.060   0.013[0m
[1;32muart:~$ [m[8D[J[00:03:47.532,000] [0m<inf> imu: ICM-42688-P  a   0.351  -0.060   9.929  g   0.000  -0.005   0.000[0m
[1;32muart:~$ [m[8D[J[1;32muart:~$ [m[8D[J[1;31m[1;31m--- 2 messages dropped ---
[0m[m[00:03:47.583,000] [0m<inf> imu: LSM6DS3TR-C  a   0.113   0.007  10.180  g   0.024  -0.060   0.016[0m
[1;32muart:~$ [m[8D[J[00:03:47.635,000] [0m<inf> imu: LSM6DS3TR-C  a   0.097   0.025  10.187  g   0.023  -0.060   0.015[0m
[1;32muart:~$ [m[8D[J[1;32muart:~$ [m[8D[J[1;31m[1;31m--- 1 messages dropped ---
[0m[m[00:03:47.636,000] [0m<inf> imu: LSM6DSV16X   a   0.383   0.117  10.516  g  -0.012   0.002  -0.003[0m
[1;32muart:~$ [m[8D[J[00:03:47.636,000] [0m<inf> imu: ICM-42688-P  a   0.359  -0.065   9.935  g   0.001  -0.004  -0.001[0m
[1;32muart:~$ [m[8D[J[00:03:47.688,000] [0m<inf> imu: LSM6DSV16X   a   0.378   0.117  10.519  g  -0.012   0.003  -0.003[0m
[1;32muart:~$ [m[8D[J[1;32muart:~$ [m[8D[J[1;31m[1;31m--- 2 messages dropped ---
[0m[m[00:03:47.688,000] [0m<inf> imu: ICM-42688-P  a   0.358  -0.060   9.925  g  -0.001  -0.005   0.000[0m
[1;32muart:~$ [m[8D[J[00:03:47.741,000] [0m<inf> imu: ICM-42688-P  a   0.344  -0.056   9.936  g   0.000  -0.005  -0.001[0m
[1;32muart:~$ [m[8D[J[1;32muart:~$ [m[8D[J[1;31m[1;31m--- 1 messages dropped ---
[0m[m[00:03:47.792,000] [0m<inf> imu: LSM6DS3TR-C  a   0.119   0.010  10.185  g   0.023  -0.061   0.014[0m
[1;32muart:~$ [m[8D[J[00:03:47.792,000] [0m<inf> imu: LSM6DSV16X   a   0.378   0.112  10.529  g  -0.011   0.002  -0.003[0m
[1;32muart:~$ [m[8D[J[00:03:47.844,000] [0m<inf> imu: LSM6DS3TR-C  a   0.108   0.010  10.206  g   0.023  -0.060   0.015[0m
[1;32muart:~$ [m[8D[J[1;32muart:~$ [m[8D[J[1;31m[1;31m--- 1 messages dropped ---
[0m[m[00:03:47.845,000] [0m<inf> imu: LSM6DSV16X   a   0.385   0.114  10.510  g  -0.012   0.002  -0.003[0m
[1;32muart:~$ [m[8D[J[00:03:47.896,000] [0m<inf> imu: LSM6DS3TR-C  a   0.068  -0.004  10.197  g   0.023  -0.060   0.015[0m
[1;32muart:~$ [m[8D[J[1;32muart:~$ [m[8D[J[1;31m[1;31m--- 1 messages dropped ---
[0m[m[00:03:47.897,000] [0m<inf> imu: LSM6DSV16X   a   0.377   0.120  10.517  g  -0.011   0.002  -0.003[0m
[1;32muart:~$ [m[8D[J[00:03:47.897,000] [0m<inf> imu: ICM-42688-P  a   0.354  -0.056   9.918  g   0.001  -0.005   0.000[0m
[1;32muart:~$ [m[8D[J[00:03:47.951,000] [0m<inf> imu: LSM6DSV16X   a   0.383   0.112  10.513  g  -0.011   0.002  -0.002[0m
[1;32muart:~$ [m[8D[J[1;32muart:~$ [m[8D[J[1;31m[1;31m--- 1 messages dropped ---
[0m[m[00:03:47.951,000] [0m<inf> imu: ICM-42688-P  a   0.359  -0.051   9.916  g   0.000  -0.005   0.000[0m
[1;32muart:~$ [m[8D[J[00:03:48.003,000] [0m<inf> imu: LSM6DSV16X   a   0.380   0.110  10.518  g  -0.011   0.002  -0.002[0m
[1;32muart:~$ [m[8D[J[1;32muart:~$ [m[8D[J[00:03:48.004,000] [0m<inf> imu: ICM-42688-P  a   0.357  -0.060   9.918  g   0.000  -0.005  -0.000[0m
[1;32muart:~$ [m[8D[J[00:03:48.055,000] [0m<inf> imu: LSM6DS3TR-C  a   0.108   0.008  10.174  g   0.024  -0.062   0.015[0m
[1;32muart:~$ [m[8D[J[00:03:48.055,000] [0m<inf> imu: LSM6DSV16X   a   0.375   0.120  10.524  g  -0.012   0.002  -0.002[0m
[1;32muart:~$ [m[8D[J[00:03:48.056,000] [0m<inf> imu: ICM-42688-P  a   0.344  -0.055   9.920  g   0.000  -0.004   0.000[0m
[1;32muart:~$ [m[8D[J[1;32muart:~$ [m[8D[J[00:03:48.107,000] [0m<inf> imu: LSM6DS3TR-C  a   0.084   0.025  10.158  g   0.024  -0.062   0.015[0m
[1;32muart:~$ [m[8D[J[00:03:48.108,000] [0m<inf> imu: LSM6DSV16X   a   0.380   0.119  10.516  g  -0.011   0.002  -0.002[0m
[1;32muart:~$ [m[8D[J[1;32muart:~$ [m[8D[J[00:03:48.108,000] [0m<inf> imu: ICM-42688-P  a   0.360  -0.067   9.920  g  -0.000  -0.005   0.000[0m
[1;32muart:~$ [m[8D[J[00:03:48.159,000] [0m<inf> imu: LSM6DS3TR-C  a   0.087   0.023  10.162  g   0.022  -0.060   0.016[0m
[1;32muart:~$ [m[8D[J[00:03:48.160,000] [0m<inf> imu: LSM6DSV16X   a   0.380   0.115  10.512  g  -0.012   0.001  -0.002[0m
[1;32muart:~$ [m[8D[J[00:03:48.161,000] [0m<inf> imu: ICM-42688-P  a   0.359  -0.056   9.919  g   0.000  -0.005  -0.001[0m
[1;32muart:~$ [m[8D[J[1;32muart:~$ [m[8D[J[00:03:48.212,000] [0m<inf> imu: LSM6DS3TR-C  a   0.104   0.029  10.174  g   0.023  -0.062   0.014[0m
[1;32muart:~$ [m[8D[J[00:03:48.212,000] [0m<inf> imu: LSM6DSV16X   a   0.383   0.115  10.516  g  -0.012   0.002  -0.003[0m
[1;32muart:~$ [m[8D[J[1;32muart:~$ [m[8D[J[00:03:48.213,000] [0m<inf> imu: ICM-42688-P  a   0.362  -0.072   9.925  g   0.000  -0.005   0.000[0m
[1;32muart:~$ [m[8D[J[00:03:48.264,000] [0m<inf> imu: LSM6DS3TR-C  a   0.139   0.005  10.201  g   0.022  -0.060   0.014[0m
[1;32muart:~$ [m[8D[J[00:03:48.265,000] [0m<inf> imu: LSM6DSV16X   a   0.381   0.121  10.512  g  -0.012   0.002  -0.003[0m
[1;32muart:~$ [m[8D[J[1;32muart:~$ [m[8D[J[00:03:48.265,000] [0m<inf> imu: ICM-42688-P  a   0.354  -0.062   9.931  g   0.000  -0.005   0.001[0m
[1;32muart:~$ [m[8D[J[00:03:48.316,000] [0m<inf> imu: LSM6DS3TR-C  a   0.118   0.010  10.181  g   0.023  -0.060   0.015[0m
[1;32muart:~$ [m[8D[J[00:03:48.317,000] [0m<inf> imu: LSM6DSV16X   a   0.374   0.117  10.524  g  -0.011   0.002  -0.003[0m
[1;32muart:~$ [m[8D[J[1;32muart:~$ [m[8D[J[00:03:48.317,000] [0m<inf> imu: ICM-42688-P  a   0.358  -0.069   9.929  g   0.000  -0.004   0.000[0m
[1;32muart:~$ [m[8D[J[00:03:48.368,000] [0m<inf> imu: LSM6DS3TR-C  a   0.106   0.032  10.208  g   0.024  -0.060   0.016[0m
[1;32muart:~$ [m[8D[J[00:03:48.369,000] [0m<inf> imu: LSM6DSV16X   a   0.380   0.114  10.512  g  -0.012   0.002  -0.002[0m
[1;32muart:~$ [m[8D[J[1;32muart:~$ [m[8D[J[00:03:48.370,000] [0m<inf> imu: ICM-42688-P  a   0.352  -0.061   9.934  g  -0.000  -0.005   0.000[0m
[1;32muart:~$ [m[8D[J[00:03:48.421,000] [0m<inf> imu: LSM6DS3TR-C  a   0.093   0.032  10.181  g   0.024  -0.061   0.014[0m
[1;32muart:~$ [m[8D[J[00:03:48.421,000] [0m<inf> imu: LSM6DSV16X   a   0.388   0.108  10.511  g  -0.010   0.002  -0.003[0m
[1;32muart:~$ [m[8D[J[1;32muart:~$ [m[8D[J[00:03:48.422,000] [0m<inf> imu: ICM-42688-P  a   0.350  -0.069   9.934  g   0.000  -0.005   0.001[0m
[1;32muart:~$ [m[8D[J[00:03:48.473,000] [0m<inf> imu: LSM6DS3TR-C  a   0.114   0.003  10.189  g   0.022  -0.061   0.014[0m
[1;32muart:~$ [m[8D[J[00:03:48.474,000] [0m<inf> imu: LSM6DSV16X   a   0.376   0.119  10.524  g  -0.012   0.003  -0.002[0m
[1;32muart:~$ [m[8D[J[1;32muart:~$ [m[8D[J[00:03:48.474,000] [0m<inf> imu: ICM-42688-P  a   0.356  -0.065   9.923  g  -0.000  -0.005   0.000[0m
[1;32muart:~$ [m[8D[J[00:03:48.525,000] [0m<inf> imu: LSM6DS3TR-C  a   0.099   0.039  10.171  g   0.023  -0.061   0.016[0m
[1;32muart:~$ [m[8D[J[00:03:48.526,000] [0m<inf> imu: LSM6DSV16X   a   0.383   0.112  10.512  g  -0.011   0.002  -0.003[0m
[1;32muart:~$ [m[8D[J[1;32muart:~$ [m[8D[J[00:03:48.526,000] [0m<inf> imu: ICM-42688-P  a   0.354  -0.065   9.920  g   0.000  -0.005   0.000[0m
[1;32muart:~$ [m[8D[J[00:03:48.577,000] [0m<inf> imu: LSM6DS3TR-C  a   0.101   0.014  10.192  g   0.023  -0.060   0.014[0m
[1;32muart:~$ [m[8D[J[00:03:48.578,000] [0m<inf> imu: LSM6DSV16X   a   0.388   0.120  10.521  g  -0.011   0.002  -0.003[0m
[1;32muart:~$ [m[8D[J[00:03:48.579,000] [0m<inf> imu: ICM-42688-P  a   0.354  -0.054   9.914  g   0.000  -0.005   0.000[0m
[1;32muart:~$ [m[8D[J[1;32muart:~$ [m[8D[J[00:03:48.630,000] [0m<inf> imu: LSM6DS3TR-C  a   0.108   0.034  10.157  g   0.025  -0.061   0.014[0m
[1;32muart:~$ [m[8D[J[00:03:48.630,000] [0m<inf> imu: LSM6DSV16X   a   0.380   0.113  10.519  g  -0.012   0.002  -0.002[0m
[1;32muart:~$ [m[8D[J[00:03:48.631,000] [0m<inf> imu: ICM-42688-P  a   0.357  -0.067   9.911  g   0.000  -0.005   0.000[0m
[1;32muart:~$ [m[8D[J[00:03:48.682,000] [0m<inf> imu: LSM6DS3TR-C  a   0.088   0.036  10.193  g   0.024  -0.061   0.016[0m
[1;32muart:~$ [m[8D[J[1;32muart:~$ [m[8D[J[00:03:48.683,000] [0m<inf> imu: LSM6DSV16X   a   0.377   0.115  10.524  g  -0.012   0.002  -0.002[0m
[1;32muart:~$ [m[8D[J[00:03:48.683,000] [0m<inf> imu: ICM-42688-P  a   0.356  -0.066   9.924  g   0.000  -0.005   0.000[0m
[1;32muart:~$ [m[8D[J[00:03:48.735,000] [0m<inf> imu: LSM6DS3TR-C  a   0.083   0.029  10.169  g   0.021  -0.061   0.012[0m
[1;32muart:~$ [m[8D[J[00:03:48.736,000] [0m<inf> imu: LSM6DSV16X   a   0.371   0.114  10.514  g  -0.012   0.001  -0.002[0m
[1;32muart:~$ [m[8D[J[1;32muart:~$ [m[8D[J[00:03:48.737,000] [0m<inf> imu: ICM-42688-P  a   0.354  -0.049   9.926  g   0.000  -0.005   0.000[0m
[1;32muart:~$ [m[8D[J[00:03:48.788,000] [0m<inf> imu: LSM6DS3TR-C  a   0.090   0.019  10.202  g   0.024  -0.061   0.016[0m
[1;32muart:~$ [m[8D[J[00:03:48.788,000] [0m<inf> imu: LSM6DSV16X   a   0.376   0.115  10.516  g  -0.012   0.003  -0.003[0m
[1;32muart:~$ [m[8D[J[1;32muart:~$ [m[8D[J[00:03:48.789,000] [0m<inf> imu: ICM-42688-P  a   0.347  -0.062   9.913  g  -0.001  -0.005   0.000[0m
[1;32muart:~$ [m[8D[J[00:03:48.841,000] [0m<inf> imu: LSM6DS3TR-C  a   0.106   0.022  10.201  g   0.024  -0.061   0.017[0m
[1;32muart:~$ [m[8D[J[1;32muart:~$ [m[8D[J[00:03:48.842,000] [0m<inf> imu: LSM6DSV16X   a   0.381   0.117  10.512  g  -0.012   0.002  -0.002[0m
[1;32muart:~$ [m[8D[J[00:03:48.843,000] [0m<inf> imu: ICM-42688-P  a   0.340  -0.060   9.924  g  -0.001  -0.005   0.000[0m
[1;32muart:~$ [m[8D[J[00:03:48.894,000] [0m<inf> imu: LSM6DS3TR-C  a   0.137   0.024  10.202  g   0.023  -0.060   0.015[0m
[1;32muart:~$ [m[8D[J[00:03:48.894,000] [0m<inf> imu: LSM6DSV16X   a   0.377   0.115  10.509  g  -0.010   0.002  -0.003[0m
[1;32muart:~$ [m[8D[J[1;32muart:~$ [m[8D[J[00:03:48.895,000] [0m<inf> imu: ICM-42688-P  a   0.354  -0.059   9.924  g   0.000  -0.005   0.000[0m
[1;32muart:~$ [m[8D[J[00:03:48.946,000] [0m<inf> imu: LSM6DS3TR-C  a   0.098   0.042  10.174  g   0.022  -0.061   0.013[0m
[1;32muart:~$ [m[8D[J[1;32muart:~$ [m[8D[J[00:03:48.947,000] [0m<inf> imu: LSM6DSV16X   a   0.382   0.118  10.521  g  -0.012   0.003  -0.003[0m
[1;32muart:~$ [m[8D[J[00:03:48.947,000] [0m<inf> imu: ICM-42688-P  a   0.348  -0.062   9.919  g   0.000  -0.005   0.001[0m
[1;32muart:~$ [m[8D[J[00:03:48.998,000] [0m<inf> imu: LSM6DS3TR-C  a   0.072   0.004  10.167  g   0.023  -0.061   0.013[0m
[1;32muart:~$ [m[8D[J[00:03:48.999,000] [0m<inf> imu: LSM6DSV16X   a   0.382   0.113  10.509  g  -0.012   0.002  -0.002[0m
[1;32muart:~$ [m[8D[J[1;32muart:~$ [m[8D[J[00:03:48.999,000] [0m<inf> imu: ICM-42688-P  a   0.350  -0.069   9.923  g  -0.001  -0.004  -0.000[0m
[1;32muart:~$ [m[8D[J[00:03:49.050,000] [0m<inf> imu: LSM6DS3TR-C  a   0.071  -0.009  10.193  g   0.023  -0.060   0.015[0m
[1;32muart:~$ [m[8D[J[1;32muart:~$ [m[8D[J[00:03:49.051,000] [0m<inf> imu: LSM6DSV16X   a   0.375   0.110  10.517  g  -0.011   0.002  -0.003[0m
[1;32muart:~$ [m[8D[J[00:03:49.052,000] [0m<inf> imu: ICM-42688-P  a   0.353  -0.062   9.923  g  -0.001  -0.004  -0.000[0m
[1;32muart:~$ [m[8D[J[00:03:49.103,000] [0m<inf> imu: LSM6DS3TR-C  a   0.092  -0.005  10.192  g   0.024  -0.062   0.013[0m
[1;32muart:~$ [m[8D[J[00:03:49.103,000] [0m<inf> imu: LSM6DSV16X   a   0.376   0.115  10.516  g  -0.011   0.002  -0.003[0m
[1;32muart:~$ [m[8D[J[1;32muart:~$ [m[8D[J[00:03:49.104,000] [0m<inf> imu: ICM-42688-P  a   0.350  -0.061   9.930  g   0.000  -0.005   0.000[0m
[1;32muart:~$ [m[8D[J[00:03:49.155,000] [0m<inf> imu: LSM6DS3TR-C  a   0.099   0.044  10.185  g   0.024  -0.063   0.014[0m
[1;32muart:~$ [m[8D[J[1;32muart:~$ [m[8D[J[00:03:49.156,000] [0m<inf> imu: LSM6DSV16X   a   0.380   0.114  10.525  g  -0.011   0.002  -0.003[0m
[1;32muart:~$ [m[8D[J[00:03:49.156,000] [0m<inf> imu: ICM-42688-P  a   0.341  -0.051   9.926  g   0.000  -0.005   0.000[0m
[1;32muart:~$ [m[8D[J[00:03:49.207,000] [0m<inf> imu: LSM6DS3TR-C  a   0.094   0.005  10.167  g   0.023  -0.060   0.016[0m
[1;32muart:~$ [m[8D[J[00:03:49.208,000] [0m<inf> imu: LSM6DSV16X   a   0.382   0.120  10.516  g  -0.011   0.002  -0.002[0m
[1;32muart:~$ [m[8D[J[1;32muart:~$ [m[8D[J[00:03:49.208,000] [0m<inf> imu: ICM-42688-P  a   0.356  -0.065   9.931  g  -0.001  -0.005   0.001[0m
[1;32muart:~$ [m[8D[J[00:03:49.260,000] [0m<inf> imu: LSM6DS3TR-C  a   0.060   0.025  10.181  g   0.024  -0.063   0.014[0m
[1;32muart:~$ [m[8D[J[1;32muart:~$ [m[8D[J[00:03:49.261,000] [0m<inf> imu: LSM6DSV16X   a   0.377   0.112  10.517  g  -0.012   0.003  -0.003[0m
[1;32muart:~$ [m[8D[J[00:03:49.261,000] [0m<inf> imu: ICM-42688-P  a   0.347  -0.065   9.934  g   0.000  -0.005   0.000[0m
[1;32muart:~$ [m[8D[J[00:03:49.313,000] [0m<inf> imu: LSM6DS3TR-C  a   0.092   0.022  10.191  g   0.024  -0.061   0.015[0m
[1;32muart:~$ [m[8D[J[1;32muart:~$ [m[8D[J[00:03:49.314,000] [0m<inf> imu: LSM6DSV16X   a   0.381   0.117  10.524  g  -0.012   0.002  -0.003[0m
[1;32muart:~$ [m[8D[J[00:03:49.315,000] [0m<inf> imu: ICM-42688-P  a   0.354  -0.069   9.925  g  -0.000  -0.005   0.000[0m
[1;32muart:~$ [m[8D[J[00:03:49.366,000] [0m<inf> imu: LSM6DS3TR-C  a   0.066   0.019  10.189  g   0.023  -0.061   0.014[0m
[1;32muart:~$ [m[8D[J[1;32muart:~$ [m[8D[J[00:03:49.367,000] [0m<inf> imu: LSM6DSV16X   a   0.378   0.115  10.521  g  -0.011   0.002  -0.003[0m
[1;32muart:~$ [m[8D[J[00:03:49.367,000] [0m<inf> imu: ICM-42688-P  a   0.353  -0.065   9.916  g   0.000  -0.005  -0.001[0m
[1;32muart:~$ [m[8D[J[00:03:49.419,000] [0m<inf> imu: LSM6DS3TR-C  a   0.080  -0.003  10.174  g   0.024  -0.061   0.012[0m
[1;32muart:~$ [m[8D[J[1;32muart:~$ [m[8D[J[00:03:49.420,000] [0m<inf> imu: LSM6DSV16X   a   0.387   0.114  10.519  g  -0.012   0.001  -0.002[0m
[1;32muart:~$ [m[8D[J[00:03:49.421,000] [0m<inf> imu: ICM-42688-P  a   0.350  -0.062   9.928  g  -0.000  -0.005   0.000[0m
[1;32muart:~$ [m[8D[J[00:03:49.472,000] [0m<inf> imu: LSM6DS3TR-C  a   0.090  -0.028  10.193  g   0.023  -0.061   0.013[0m
[1;32muart:~$ [m[8D[J[1;32muart:~$ [m[8D[J[00:03:49.473,000] [0m<inf> imu: LSM6DSV16X   a   0.381   0.112  10.516  g  -0.011   0.001  -0.002[0m
[1;32muart:~$ [m[8D[J[00:03:49.473,000] [0m<inf> imu: ICM-42688-P  a   0.357  -0.067   9.931  g  -0.000  -0.005   0.000[0m
[1;32muart:~$ [m[8D[J[00:03:49.524,000] [0m<inf> imu: LSM6DS3TR-C  a   0.083   0.045  10.144  g   0.025  -0.062   0.014[0m
[1;32muart:~$ [m[8D[J[00:03:49.525,000] [0m<inf> imu: LSM6DSV16X   a   0.377   0.115  10.516  g  -0.012   0.002  -0.002[0m
[1;32muart:~$ [m[8D[J[1;32muart:~$ [m[8D[J[00:03:49.525,000] [0m<inf> imu: ICM-42688-P  a   0.350  -0.057   9.940  g   0.000  -0.004  -0.000[0m
[1;32muart:~$ [m[8D[J[00:03:49.577,000] [0m<inf> imu: LSM6DS3TR-C  a   0.108  -0.016  10.196  g   0.024  -0.063   0.014[0m
[1;32muart:~$ [m[8D[J[1;32muart:~$ [m[8D[J[00:03:49.578,000] [0m<inf> imu: LSM6DSV16X   a   0.385   0.115  10.524  g  -0.011   0.002  -0.003[0m
[1;32muart:~$ [m[8D[J[00:03:49.579,000] [0m<inf> imu: ICM-42688-P  a   0.344  -0.060   9.926  g  -0.001  -0.005  -0.001[0m
[1;32muart:~$ [m[8D[J[1;32muart:~$ [m[8D[J[00:03:49.630,000] [0m<inf> imu: LSM6DS3TR-C  a   0.109   0.012  10.221  g   0.024  -0.061   0.016[0m
[1;32muart:~$ [m[8D[J[00:03:49.631,000] [0m<inf> imu: LSM6DSV16X   a   0.380   0.115  10.519  g  -0.012   0.002  -0.003[0m
[1;32muart:~$ [m[8D[J[00:03:49.631,000] [0m<inf> imu: ICM-42688-P  a   0.346  -0.069   9.918  g  -0.000  -0.005   0.000[0m
[1;32muart:~$ [m[8D[J[00:03:49.683,000] [0m<inf> imu: LSM6DS3TR-C  a   0.116   0.041  10.201  g   0.025  -0.062   0.013[0m
[1;32muart:~$ [m[8D[J[1;32muart:~$ [m[8D[J[00:03:49.684,000] [0m<inf> imu: LSM6DSV16X   a   0.378   0.112  10.514  g  -0.011   0.002  -0.003[0m
[1;32muart:~$ [m[8D[J[00:03:49.685,000] [0m<inf> imu: ICM-42688-P  a   0.354  -0.059   9.931  g   0.000  -0.005   0.001[0m
[1;32muart:~$ [m[8D[J[1;32muart:~$ [m[8D[J[00:03:49.736,000] [0m<inf> imu: LSM6DS3TR-C  a   0.132   0.028  10.156  g   0.023  -0.061   0.015[0m
[1;32muart:~$ [m[8D[J[00:03:49.736,000] [0m<inf> imu: LSM6DSV16X   a   0.380   0.123  10.521  g  -0.012   0.002  -0.002[0m
[1;32muart:~$ [m[8D[J[00:03:49.737,000] [0m<inf> imu: ICM-42688-P  a   0.356  -0.066   9.920  g   0.000  -0.005  -0.000[0m
[1;32muart:~$ [m[8D[J[00:03:49.788,000] [0m<inf> imu: LSM6DS3TR-C  a   0.077   0.029  10.175  g   0.024  -0.062   0.014[0m
[1;32muart:~$ [m[8D[J[1;32muart:~$ [m[8D[J[00:03:49.790,000] [0m<inf> imu: LSM6DSV16X   a   0.376   0.113  10.521  g  -0.011   0.003  -0.003[0m
[1;32muart:~$ [m[8D[J[00:03:49.790,000] [0m<inf> imu: ICM-42688-P  a   0.350  -0.073   9.911  g  -0.001  -0.005   0.000[0m
[1;32muart:~$ [m[8D[J[1;32muart:~$ [m[8D[J[00:03:49.842,000] [0m<inf> imu: LSM6DS3TR-C  a   0.074   0.031  10.128  g   0.022  -0.062   0.013[0m
[1;32muart:~$ [m[8D[J[00:03:49.842,000] [0m<inf> imu: LSM6DSV16X   a   0.378   0.115  10.525  g  -0.012   0.002  -0.003[0m
[1;32muart:~$ [m[8D[J[00:03:49.843,000] [0m<inf> imu: ICM-42688-P  a   0.352  -0.061   9.920  g   0.001  -0.005   0.000[0m
[1;32muart:~$ [m[8D[J[00:03:49.895,000] [0m<inf> imu: LSM6DS3TR-C  a   0.057   0.041  10.199  g   0.024  -0.060   0.015[0m
[1;32muart:~$ [m[8D[J[1;32muart:~$ [m[8D[J[00:03:49.896,000] [0m<inf> imu: LSM6DSV16X   a   0.379   0.112  10.518  g  -0.011   0.002  -0.002[0m
[1;32muart:~$ [m[8D[J[00:03:49.896,000] [0m<inf> imu: ICM-42688-P  a   0.350  -0.060   9.926  g   0.000  -0.005   0.000[0m
[1;32muart:~$ [m[8D[J[1;32muart:~$ [m[8D[J[00:03:49.948,000] [0m<inf> imu: LSM6DS3TR-C  a   0.109   0.016  10.170  g   0.022  -0.060   0.015[0m
[1;32muart:~$ [m[8D[J[00:03:49.948,000] [0m<inf> imu: LSM6DSV16X   a   0.385   0.112  10.521  g  -0.012   0.002  -0.003[0m
[1;32muart:~$ [m[8D[J[00:03:49.949,000] [0m<inf> imu: ICM-42688-P  a   0.354  -0.069   9.925  g   0.000  -0.005  -0.000[0m
[1;32muart:~$ [m[8D[J[00:03:50.000,000] [0m<inf> imu: LSM6DS3TR-C  a   0.095   0.011  10.163  g   0.023  -0.061   0.014[0m
[1;32muart:~$ [m[8D[J[1;32muart:~$ [m[8D[J[00:03:50.001,000] [0m<inf> imu: LSM6DSV16X   a   0.378   0.112  10.514  g  -0.012   0.002  -0.003[0m
[1;32muart:~$ [m[8D[J[00:03:50.001,000] [0m<inf> imu: ICM-42688-P  a   0.354  -0.060   9.923  g   0.000  -0.005   0.000[0m
[1;32muart:~$ [m[8D[J[1;32muart:~$ [m[8D[J[00:03:50.052,000] [0m<inf> imu: LSM6DS3TR-C  a   0.111   0.044  10.178  g   0.024  -0.061   0.013[0m
[1;32muart:~$ [m[8D[J[00:03:50.053,000] [0m<inf> imu: LSM6DSV16X   a   0.383   0.109  10.526  g  -0.012   0.003  -0.002[0m
[1;32muart:~$ [m[8D[J[00:03:50.053,000] [0m<inf> imu: ICM-42688-P  a   0.359  -0.063   9.923  g  -0.001  -0.005   0.000[0m
[1;32muart:~$ [m[8D[J[00:03:50.104,000] [0m<inf> imu: LSM6DS3TR-C  a   0.110   0.024  10.180  g   0.023  -0.063   0.014[0m
[1;32muart:~$ [m[8D[J[1;32muart:~$ [m[8D[J[00:03:50.105,000] [0m<inf> imu: LSM6DSV16X   a   0.380   0.115  10.511  g  -0.012   0.002  -0.002[0m
[1;32muart:~$ [m[8D[J[00:03:50.106,000] [0m<inf> imu: ICM-42688-P  a   0.346  -0.065   9.923  g  -0.000  -0.005   0.000[0m
[1;32muart:~$ [m[8D[J[1;32muart:~$ [m[8D[J[00:03:50.157,000] [0m<inf> imu: LSM6DS3TR-C  a   0.105  -0.007  10.174  g   0.023  -0.061   0.013[0m
[1;32muart:~$ [m[8D[J[00:03:50.157,000] [0m<inf> imu: LSM6DSV16X   a   0.380   0.117  10.513  g  -0.011   0.002  -0.003[0m
[1;32muart:~$ [m[8D[J[00:03:50.158,000] [0m<inf> imu: ICM-42688-P  a   0.363  -0.069   9.917  g  -0.000  -0.005  -0.000[0m
[1;32muart:~$ [m[8D[J[00:03:50.209,000] [0m<inf> imu: LSM6DS3TR-C  a   0.086   0.026  10.190  g   0.024  -0.060   0.014[0m
[1;32muart:~$ [m[8D[J[1;32muart:~$ [m[8D[J[00:03:50.211,000] [0m<inf> imu: LSM6DSV16X   a   0.382   0.114  10.519  g  -0.012   0.002  -0.002[0m
[1;32muart:~$ [m[8D[J[00:03:50.212,000] [0m<inf> imu: ICM-42688-P  a   0.348  -0.051   9.926  g  -0.001  -0.005   0.000[0m
[1;32muart:~$ [m[8D[J[1;32muart:~$ [m[8D[J[00:03:50.263,000] [0m<inf> imu: LSM6DS3TR-C  a   0.098   0.039  10.198  g   0.024  -0.061   0.014[0m
[1;32muart:~$ [m[8D[J[00:03:50.263,000] [0m<inf> imu: LSM6DSV16X   a   0.382   0.115  10.511  g  -0.011   0.002  -0.003[0m
[1;32muart:~$ [m[8D[J[00:03:50.264,000] [0m<inf> imu: ICM-42688-P  a   0.359  -0.059   9.931  g   0.001  -0.005   0.000[0m
[1;32muart:~$ [m[8D[J[1;32muart:~$ [m[8D[J[00:03:50.315,000] [0m<inf> imu: LSM6DS3TR-C  a   0.072   0.031  10.173  g   0.023  -0.061   0.013[0m
[1;32muart:~$ [m[8D[J[00:03:50.316,000] [0m<inf> imu: LSM6DSV16X   a   0.382   0.111  10.521  g  -0.012   0.003  -0.002[0m
[1;32muart:~$ [m[8D[J[00:03:50.316,000] [0m<inf> imu: ICM-42688-P  a   0.366  -0.061   9.918  g  -0.001  -0.005   0.001[0m
[1;32muart:~$ [m[8D[J[1;32muart:~$ [m[8D[J[00:03:50.368,000] [0m<inf> imu: LSM6DS3TR-C  a   0.098   0.032  10.210  g   0.024  -0.061   0.015[0m
[1;32muart:~$ [m[8D[J[00:03:50.369,000] [0m<inf> imu: LSM6DSV16X   a   0.376   0.112  10.509  g  -0.012   0.002  -0.003[0m
[1;32muart:~$ [m[8D[J[00:03:50.370,000] [0m<inf> imu: ICM-42688-P  a   0.354  -0.065   9.919  g   0.000  -0.005   0.000[0m
[1;32muart:~$ [m[8D[J[1;32muart:~$ [m[8D[J[00:03:50.421,000] [0m<inf> imu: LSM6DS3TR-C  a   0.098   0.004  10.159  g   0.021  -0.062   0.015[0m
[1;32muart:~$ [m[8D[J[00:03:50.422,000] [0m<inf> imu: LSM6DSV16X   a   0.380   0.120  10.509  g  -0.012   0.001  -0.003[0m
[1;32muart:~$ [m[8D[J[00:03:50.422,000] [0m<inf> imu: ICM-42688-P  a   0.351  -0.061   9.913  g   0.001  -0.005   0.000[0m
[1;32muart:~$ [m[8D[J[1;32muart:~$ [m[8D[J[00:03:50.474,000] [0m<inf> imu: LSM6DS3TR-C  a   0.093   0.035  10.155  g   0.023  -0.060   0.014[0m
[1;32muart:~$ [m[8D[J[00:03:50.475,000] [0m<inf> imu: LSM6DSV16X   a   0.385   0.115  10.514  g  -0.011   0.002  -0.003[0m
[1;32muart:~$ [m[8D[J[00:03:50.476,000] [0m<inf> imu: ICM-42688-P  a   0.354  -0.055   9.923  g   0.000  -0.005   0.000[0m
[1;32muart:~$ [m[8D[J[1;32muart:~$ [m[8D[J[00:03:50.527,000] [0m<inf> imu: LSM6DS3TR-C  a   0.093   0.017  10.174  g   0.023  -0.060   0.016[0m
[1;32muart:~$ [m[8D[J[00:03:50.528,000] [0m<inf> imu: LSM6DSV16X   a   0.378   0.112  10.519  g  -0.011   0.002  -0.003[0m
[1;32muart:~$ [m[8D[J[00:03:50.528,000] [0m<inf> imu: ICM-42688-P  a   0.357  -0.048   9.914  g   0.000  -0.005  -0.000[0m
[1;32muart:~$ [m[8D[J[00:03:50.580,000] [0m<inf> imu: LSM6DS3TR-C  a   0.093   0.008  10.204  g   0.023  -0.060   0.015[0m
[1;32muart:~$ [m[8D[J[1;32muart:~$ [m[8D[J[00:03:50.581,000] [0m<inf> imu: LSM6DSV16X   a   0.378   0.117  10.522  g  -0.011   0.002  -0.003[0m
[1;32muart:~$ [m[8D[J[00:03:50.582,000] [0m<inf> imu: ICM-42688-P  a   0.353  -0.059   9.918  g   0.000  -0.005   0.001[0m
[1;32muart:~$ [m[8D[J[00:03:50.633,000] [0m<inf> imu: LSM6DS3TR-C  a   0.082   0.050  10.149  g   0.025  -0.060   0.016[0m
[1;32muart:~$ [m[8D[J[00:03:50.634,000] [0m<inf> imu: LSM6DSV16X   a   0.371   0.117  10.516  g  -0.012   0.002  -0.002[0m
[1;32muart:~$ [m[8D[J[1;32muart:~$ [m[8D[J[00:03:50.634,000] [0m<inf> imu: ICM-42688-P  a   0.359  -0.062   9.926  g   0.000  -0.005   0.001[0m
[1;32muart:~$ [m[8D[J[00:03:50.686,000] [0m<inf> imu: LSM6DS3TR-C  a   0.078   0.033  10.183  g   0.022  -0.060   0.017[0m
[1;32muart:~$ [m[8D[J[1;32muart:~$ [m[8D[J[00:03:50.687,000] [0m<inf> imu: LSM6DSV16X   a   0.378   0.113  10.509  g  -0.012   0.002  -0.003[0m
[1;32muart:~$ [m[8D[J[00:03:50.688,000] [0m<inf> imu: ICM-42688-P  a   0.340  -0.067   9.922  g   0.001  -0.005   0.000[0m
[1;32muart:~$ [m[8D[J[1;32muart:~$ [m[8D[J[00:03:50.739,000] [0m<inf> imu: LSM6DS3TR-C  a   0.099   0.038  10.180  g   0.023  -0.059   0.013[0m
[1;32muart:~$ [m[8D[J[00:03:50.740,000] [0m<inf> imu: LSM6DSV16X   a   0.379   0.117  10.517  g  -0.012   0.002  -0.003[0m
[1;32muart:~$ [m[8D[J[00:03:50.740,000] [0m<inf> imu: ICM-42688-P  a   0.347  -0.073   9.922  g  -0.001  -0.005   0.000[0m
[1;32muart:~$ [m[8D[J[1;32muart:~$ [m[8D[J[00:03:50.792,000] [0m<inf> imu: LSM6DS3TR-C  a   0.130   0.038  10.188  g   0.023  -0.060   0.013[0m
[1;32muart:~$ [m[8D[J[00:03:50.793,000] [0m<inf> imu: LSM6DSV16X   a   0.376   0.117  10.507  g  -0.011   0.002  -0.003[0m
[1;32muart:~$ [m[8D[J[00:03:50.793,000] [0m<inf> imu: ICM-42688-P  a   0.348  -0.062   9.934  g  -0.001  -0.005   0.000[0m
[1;32muart:~$ [m[8D[J[1;32muart:~$ [m[8D[J[00:03:50.844,000] [0m<inf> imu: LSM6DS3TR-C  a   0.116   0.019  10.155  g   0.022  -0.063   0.014[0m
[1;32muart:~$ [m[8D[J[00:03:50.845,000] [0m<inf> imu: LSM6DSV16X   a   0.380   0.117  10.523  g  -0.012   0.002  -0.002[0m
[1;32muart:~$ [m[8D[J[00:03:50.846,000] [0m<inf> imu: ICM-42688-P  a   0.353  -0.067   9.919  g   0.000  -0.005   0.001[0m
[1;32muart:~$ [m[8D[J[1;32muart:~$ [m[8D[J[00:03:50.897,000] [0m<inf> imu: LSM6DS3TR-C  a   0.096   0.024  10.199  g   0.023  -0.061   0.015[0m
[1;32muart:~$ [m[8D[J[00:03:50.899,000] [0m<inf> imu: LSM6DSV16X   a   0.382   0.113  10.510  g  -0.010   0.002  -0.002[0m
[1;32muart:~$ [m[8D[J[1;32muart:~$ [m[8D[J[00:03:50.899,000] [0m<inf> imu: ICM-42688-P  a   0.352  -0.057   9.910  g   0.000  -0.005   0.001[0m
[1;32muart:~$ [m[8D[J[00:03:50.950,000] [0m<inf> imu: LSM6DS3TR-C  a   0.101   0.017  10.182  g   0.023  -0.061   0.014[0m
[1;32muart:~$ [m[8D[J[00:03:50.951,000] [0m<inf> imu: LSM6DSV16X   a   0.374   0.111  10.512  g  -0.013   0.002  -0.002[0m
[1;32muart:~$ [m[8D[J[00:03:50.952,000] [0m<inf> imu: ICM-42688-P  a   0.348  -0.059   9.926  g   0.000  -0.005   0.001[0m
[1;32muart:~$ [m[8D[J[1;32muart:~$ [m[8D[J[00:03:51.003,000] [0m<inf> imu: LSM6DS3TR-C  a   0.104   0.019  10.177  g   0.024  -0.060   0.015[0m
[1;32muart:~$ [m[8D[J[00:03:51.003,000] [0m<inf> imu: LSM6DSV16X   a   0.371   0.114  10.512  g  -0.012   0.002  -0.003[0m
[1;32muart:~$ [m[8D[J[1;32muart:~$ [m[8D[J[00:03:51.004,000] [0m<inf> imu: ICM-42688-P  a   0.353  -0.069   9.923  g   0.001  -0.005  -0.000[0m
[1;32muart:~$ [m[8D[J[00:03:51.055,000] [0m<inf> imu: LSM6DS3TR-C  a   0.103   0.045  10.162  g   0.024  -0.062   0.012[0m
[1;32muart:~$ [m[8D[J[00:03:51.056,000] [0m<inf> imu: LSM6DSV16X   a   0.380   0.117  10.517  g  -0.013   0.001  -0.002[0m
[1;32muart:~$ [m[8D[J[00:03:51.056,000] [0m<inf> imu: ICM-42688-P  a   0.356  -0.055   9.918  g  -0.001  -0.005   0.000[0m
[1;32muart:~$ [m[8D[J[1;32muart:~$ [m[8D[J[00:03:51.107,000] [0m<inf> imu: LSM6DS3TR-C  a   0.069   0.035  10.194  g   0.022  -0.061   0.014[0m
[1;32muart:~$ [m[8D[J[00:03:51.108,000] [0m<inf> imu: LSM6DSV16X   a   0.376   0.114  10.521  g  -0.010   0.003  -0.003[0m
[1;32muart:~$ [m[8D[J[1;32muart:~$ [m[8D[J[00:03:51.108,000] [0m<inf> imu: ICM-42688-P  a   0.354  -0.072   9.929  g   0.000  -0.004   0.001[0m
[1;32muart:~$ [m[8D[J[00:03:51.159,000] [0m<inf> imu: LSM6DS3TR-C  a   0.095  -0.007  10.165  g   0.023  -0.060   0.015[0m
[1;32muart:~$ [m[8D[J[00:03:51.160,000] [0m<inf> imu: LSM6DSV16X   a   0.385   0.122  10.516  g  -0.011   0.002  -0.002[0m
[1;32muart:~$ [m[8D[J[00:03:51.161,000] [0m<inf> imu: ICM-42688-P  a   0.356  -0.059   9.931  g   0.000  -0.005   0.000[0m
[1;32muart:~$ [m[8D[J[1;32muart:~$ [m[8D[J[00:03:51.212,000] [0m<inf> imu: LSM6DS3TR-C  a   0.089   0.022  10.180  g   0.022  -0.060   0.013[0m
[1;32muart:~$ [m[8D[J[00:03:51.212,000] [0m<inf> imu: LSM6DSV16X   a   0.373   0.115  10.514  g  -0.012   0.002  -0.003[0m
[1;32muart:~$ [m[8D[J[1;32muart:~$ [m[8D[J[00:03:51.213,000] [0m<inf> imu: ICM-42688-P  a   0.354  -0.061   9.920  g   0.000  -0.005  -0.000[0m
[1;32muart:~$ [m[8D[J[00:03:51.265,000] [0m<inf> imu: LSM6DS3TR-C  a   0.102   0.008  10.204  g   0.022  -0.060   0.013[0m
[1;32muart:~$ [m[8D[J[00:03:51.266,000] [0m<inf> imu: LSM6DSV16X   a   0.376   0.123  10.521  g  -0.012   0.002  -0.003[0m
[1;32muart:~$ [m[8D[J[00:03:51.266,000] [0m<inf> imu: ICM-42688-P  a   0.359  -0.060   9.917  g   0.000  -0.005   0.000[0m
[1;32muart:~$ [m[8D[J[1;32muart:~$ [m[8D[J[00:03:51.318,000] [0m<inf> imu: LSM6DS3TR-C  a   0.119   0.023  10.151  g   0.024  -0.061   0.015[0m
[1;32muart:~$ [m[8D[J[00:03:51.319,000] [0m<inf> imu: LSM6DSV16X   a   0.379   0.117  10.521  g  -0.011   0.002  -0.003[0m
[1;32muart:~$ [m[8D[J[1;32muart:~$ [m[8D[J[00:03:51.320,000] [0m<inf> imu: ICM-42688-P  a   0.356  -0.060   9.923  g   0.000  -0.005   0.000[0m
[1;32muart:~$ [m[8D[J[00:03:51.372,000] [0m<inf> imu: LSM6DS3TR-C  a   0.090   0.015  10.188  g   0.024  -0.062   0.015[0m
[1;32muart:~$ [m[8D[J[00:03:51.373,000] [0m<inf> imu: LSM6DSV16X   a   0.377   0.120  10.521  g  -0.012   0.002  -0.003[0m
[1;32muart:~$ [m[8D[J[1;32muart:~$ [m[8D[J[00:03:51.374,000] [0m<inf> imu: ICM-42688-P  a   0.350  -0.060   9.936  g   0.000  -0.004   0.000[0m
[1;32muart:~$ [m[8D[J[00:03:51.425,000] [0m<inf> imu: LSM6DS3TR-C  a   0.068   0.015  10.158  g   0.022  -0.061   0.013[0m
[1;32muart:~$ [m[8D[J[00:03:51.426,000] [0m<inf> imu: LSM6DSV16X   a   0.380   0.115  10.511  g  -0.012   0.002  -0.003[0m
[1;32muart:~$ [m[8D[J[1;32muart:~$ [m[8D[J[00:03:51.426,000] [0m<inf> imu: ICM-42688-P  a   0.347  -0.073   9.918  g   0.000  -0.005  -0.001[0m
[1;32muart:~$ [m[8D[J[00:03:51.477,000] [0m<inf> imu: LSM6DS3TR-C  a   0.090   0.011  10.186  g   0.021  -0.060   0.015[0m
[1;32muart:~$ [m[8D[J[00:03:51.478,000] [0m<inf> imu: LSM6DSV16X   a   0.385   0.115  10.521  g  -0.011   0.002  -0.003[0m
[1;32muart:~$ [m[8D[J[1;32muart:~$ [m[8D[J[00:03:51.478,000] [0m<inf> imu: ICM-42688-P  a   0.346  -0.057   9.917  g   0.000  -0.005  -0.001[0m
[1;32muart:~$ [m[8D[J[00:03:51.529,000] [0m<inf> imu: LSM6DS3TR-C  a   0.095   0.020  10.166  g   0.024  -0.060   0.015[0m
[1;32muart:~$ [m[8D[J[00:03:51.530,000] [0m<inf> imu: LSM6DSV16X   a   0.376   0.114  10.517  g  -0.011   0.002  -0.003[0m
[1;32muart:~$ [m[8D[J[1;32muart:~$ [m[8D[J[00:03:51.531,000] [0m<inf> imu: ICM-42688-P  a   0.356  -0.057   9.930  g   0.000  -0.005   0.000[0m
[1;32muart:~$ [m[8D[J[00:03:51.582,000] [0m<inf> imu: LSM6DS3TR-C  a   0.078   0.001  10.208  g   0.023  -0.060   0.016[0m
[1;32muart:~$ [m[8D[J[00:03:51.583,000] [0m<inf> imu: LSM6DSV16X   a   0.377   0.117  10.514  g  -0.011   0.002  -0.002[0m
[1;32muart:~$ [m[8D[J[1;32muart:~$ [m[8D[J[00:03:51.583,000] [0m<inf> imu: ICM-42688-P  a   0.356  -0.065   9.917  g   0.000  -0.004   0.000[0m
[1;32muart:~$ [m[8D[J[00:03:51.634,000] [0m<inf> imu: LSM6DS3TR-C  a   0.084   0.032  10.171  g   0.022  -0.060   0.014[0m
[1;32muart:~$ [m[8D[J[00:03:51.635,000] [0m<inf> imu: LSM6DSV16X   a   0.381   0.115  10.513  g  -0.011   0.002  -0.002[0m
[1;32muart:~$ [m[8D[J[1;32muart:~$ [m[8D[J[00:03:51.635,000] [0m<inf> imu: ICM-42688-P  a   0.347  -0.061   9.926  g   0.000  -0.004  -0.000[0m
[1;32muart:~$ [m[8D[J[00:03:51.687,000] [0m<inf> imu: LSM6DS3TR-C  a   0.063   0.017  10.196  g   0.025  -0.062   0.013[0m
[1;32muart:~$ [m[8D[J[00:03:51.688,000] [0m<inf> imu: LSM6DSV16X   a   0.379   0.120  10.514  g  -0.012   0.002  -0.002[0m
[1;32muart:~$ [m[8D[J[1;32muart:~$ [m[8D[J[00:03:51.689,000] [0m<inf> imu: ICM-42688-P  a   0.351  -0.065   9.918  g  -0.000  -0.005   0.001[0m
[1;32muart:~$ [m[8D[J[00:03:51.740,000] [0m<inf> imu: LSM6DS3TR-C  a   0.100   0.013  10.191  g   0.024  -0.062   0.014[0m
[1;32muart:~$ [m[8D[J[1;32muart:~$ [m[8D[J[00:03:51.741,000] [0m<inf> imu: LSM6DSV16X   a   0.374   0.112  10.523  g  -0.011   0.002  -0.002[0m
[1;32muart:~$ [m[8D[J[00:03:51.741,000] [0m<inf> imu: ICM-42688-P  a   0.357  -0.061   9.926  g  -0.001  -0.005   0.000[0m
[1;32muart:~$ [m[8D[J[00:03:51.793,000] [0m<inf> imu: LSM6DS3TR-C  a   0.083   0.021  10.167  g   0.023  -0.061   0.014[0m
[1;32muart:~$ [m[8D[J[00:03:51.794,000] [0m<inf> imu: LSM6DSV16X   a   0.378   0.112  10.526  g  -0.011   0.002  -0.003[0m
[1;32muart:~$ [m[8D[J[1;32muart:~$ [m[8D[J[00:03:51.795,000] [0m<inf> imu: ICM-42688-P  a   0.352  -0.065   9.936  g  -0.001  -0.004   0.000[0m
[1;32muart:~$ [m[8D[J[00:03:51.846,000] [0m<inf> imu: LSM6DS3TR-C  a   0.105  -0.007  10.146  g   0.023  -0.062   0.016[0m
[1;32muart:~$ [m[8D[J[1;32muart:~$ [m[8D[J[00:03:51.846,000] [0m<inf> imu: LSM6DSV16X   a   0.378   0.115  10.509  g  -0.011   0.002  -0.003[0m
[1;32muart:~$ [m[8D[J[00:03:51.847,000] [0m<inf> imu: ICM-42688-P  a   0.365  -0.067   9.931  g  -0.000  -0.004   0.000[0m
[1;32muart:~$ [m[8D[J[00:03:51.899,000] [0m<inf> imu: LSM6DS3TR-C  a   0.051   0.039  10.205  g   0.023  -0.061   0.013[0m
[1;32muart:~$ [m[8D[J[00:03:51.900,000] [0m<inf> imu: LSM6DSV16X   a   0.382   0.120  10.529  g  -0.012   0.002  -0.003[0m
[1;32muart:~$ [m[8D[J[1;32muart:~$ [m[8D[J[00:03:51.901,000] [0m<inf> imu: ICM-42688-P  a   0.357  -0.068   9.926  g  -0.001  -0.005   0.000[0m
[1;32muart:~$ [m[8D[J[00:03:51.952,000] [0m<inf> imu: LSM6DS3TR-C  a   0.093   0.050  10.185  g   0.023  -0.060   0.014[0m
[1;32muart:~$ [m[8D[J[1;32muart:~$ [m[8D[J[00:03:51.952,000] [0m<inf> imu: LSM6DSV16X   a   0.381   0.111  10.519  g  -0.012   0.002  -0.003[0m
[1;32muart:~$ [m[8D[J[00:03:51.953,000] [0m<inf> imu: ICM-42688-P  a   0.353  -0.057   9.923  g  -0.001  -0.005   0.000[0m
[1;32muart:~$ [m[8D[J[00:03:52.004,000] [0m<inf> imu: LSM6DS3TR-C  a   0.105   0.005  10.172  g   0.026  -0.063   0.013[0m
[1;32muart:~$ [m[8D[J[00:03:52.006,000] [0m<inf> imu: LSM6DSV16X   a   0.381   0.111  10.529  g  -0.012   0.002  -0.003[0m
[1;32muart:~$ [m[8D[J[1;32muart:~$ [m[8D[J[00:03:52.006,000] [0m<inf> imu: ICM-42688-P  a   0.359  -0.060   9.914  g   0.000  -0.005   0.000[0m
[1;32muart:~$ [m[8D[J[00:03:52.057,000] [0m<inf> imu: LSM6DS3TR-C  a   0.109   0.039  10.196  g   0.023  -0.062   0.014[0m
[1;32muart:~$ [m[8D[J[1;32muart:~$ [m[8D[J[00:03:52.058,000] [0m<inf> imu: LSM6DSV16X   a   0.377   0.112  10.507  g  -0.011   0.002  -0.002[0m
[1;32muart:~$ [m[8D[J[00:03:52.059,000] [0m<inf> imu: ICM-42688-P  a   0.359  -0.063   9.926  g   0.000  -0.005  -0.000[0m
[1;32muart:~$ [m[8D[J[00:03:52.110,000] [0m<inf> imu: LSM6DS3TR-C  a   0.090   0.036  10.134  g   0.024  -0.061   0.015[0m
[1;32muart:~$ [m[8D[J[1;32muart:~$ [m[8D[J[00:03:52.110,000] [0m<inf> imu: LSM6DSV16X   a   0.380   0.117  10.522  g  -0.010   0.002  -0.003[0m
[1;32muart:~$ [m[8D[J[00:03:52.111,000] [0m<inf> imu: ICM-42688-P  a   0.364  -0.060   9.926  g   0.000  -0.005   0.000[0m
[1;32muart:~$ [m[8D[J[00:03:52.162,000] [0m<inf> imu: LSM6DS3TR-C  a   0.077   0.024  10.186  g   0.026  -0.061   0.014[0m
[1;32muart:~$ [m[8D[J[1;32muart:~$ [m[8D[J[00:03:52.163,000] [0m<inf> imu: LSM6DSV16X   a   0.381   0.120  10.519  g  -0.012   0.002  -0.002[0m
[1;32muart:~$ [m[8D[J[00:03:52.163,000] [0m<inf> imu: ICM-42688-P  a   0.350  -0.060   9.922  g   0.000  -0.005   0.000[0m
[1;32muart:~$ [m[8D[J[00:03:52.214,000] [0m<inf> imu: LSM6DS3TR-C  a   0.078   0.026  10.180  g   0.024  -0.059   0.014[0m
[1;32muart:~$ [m[8D[J[1;32muart:~$ [m[8D[J[00:03:52.215,000] [0m<inf> imu: LSM6DSV16X   a   0.379   0.114  10.522  g  -0.012   0.002  -0.003[0m
[1;32muart:~$ [m[8D[J[00:03:52.215,000] [0m<inf> imu: ICM-42688-P  a   0.354  -0.053   9.917  g   0.000  -0.005  -0.001[0m
[1;32muart:~$ [m[8D[J[00:03:52.266,000] [0m<inf> imu: LSM6DS3TR-C  a   0.101   0.007  10.158  g   0.024  -0.062   0.013[0m
[1;32muart:~$ [m[8D[J[1;32muart:~$ [m[8D[J[00:03:52.267,000] [0m<inf> imu: LSM6DSV16X   a   0.376   0.117  10.521  g  -0.011   0.002  -0.003[0m
[1;32muart:~$ [m[8D[J[00:03:52.268,000] [0m<inf> imu: ICM-42688-P  a   0.339  -0.068   9.936  g  -0.000  -0.005   0.000[0m
[1;32muart:~$ [m[8D[J[00:03:52.319,000] [0m<inf> imu: LSM6DS3TR-C  a   0.078   0.008  10.168  g   0.025  -0.062   0.014[0m
[1;32muart:~$ [m[8D[J[1;32muart:~$ [m[8D[J[00:03:52.319,000] [0m<inf> imu: LSM6DSV16X   a   0.383   0.118  10.519  g  -0.011   0.002  -0.003[0m
[1;32muart:~$ [m[8D[J[00:03:52.320,000] [0m<inf> imu: ICM-42688-P  a   0.354  -0.062   9.923  g   0.000  -0.005   0.000[0m
[1;32muart:~$ [m[8D[J[00:03:52.371,000] [0m<inf> imu: LSM6DS3TR-C  a   0.106   0.035  10.183  g   0.024  -0.059   0.015[0m
[1;32muart:~$ [m[8D[J[1;32muart:~$ [m[8D[J[00:03:52.372,000] [0m<inf> imu: LSM6DSV16X   a   0.374   0.120  10.524  g  -0.012   0.003  -0.003[0m
[1;32muart:~$ [m[8D[J[00:03:52.372,000] [0m<inf> imu: ICM-42688-P  a   0.348  -0.060   9.924  g  -0.000  -0.004  -0.001[0m
[1;32muart:~$ [m[8D[J[00:03:52.423,000] [0m<inf> imu: LSM6DS3TR-C  a   0.102   0.010  10.184  g   0.023  -0.061   0.015[0m
[1;32muart:~$ [m[8D[J[1;32muart:~$ [m[8D[J[00:03:52.424,000] [0m<inf> imu: LSM6DSV16X   a   0.383   0.117  10.522  g  -0.011   0.003  -0.003[0m
[1;32muart:~$ [m[8D[J[00:03:52.424,000] [0m<inf> imu: ICM-42688-P  a   0.354  -0.061   9.911  g  -0.001  -0.005   0.000[0m
[1;32muart:~$ [m[8D[J[1;32muart:~$ [m[8D[J[00:03:52.475,000] [0m<inf> imu: LSM6DS3TR-C  a   0.081   0.033  10.197  g   0.024  -0.061   0.015[0m
[1;32muart:~$ [m[8D[J[00:03:52.476,000] [0m<inf> imu: LSM6DSV16X   a   0.382   0.112  10.526  g  -0.012   0.003  -0.003[0m
[1;32muart:~$ [m[8D[J[00:03:52.477,000] [0m<inf> imu: ICM-42688-P  a   0.360  -0.073   9.937  g   0.000  -0.005   0.000[0m
[1;32muart:~$ [m[8D[J[00:03:52.528,000] [0m<inf> imu: LSM6DS3TR-C  a   0.092   0.021  10.152  g   0.023  -0.061   0.014[0m
[1;32muart:~$ [m[8D[J[00:03:52.530,000] [0m<inf> imu: LSM6DSV16X   a   0.377   0.113  10.523  g  -0.012   0.002  -0.003[0m
[1;32muart:~$ [m[8D[J[1;32muart:~$ [m[8D[J[00:03:52.530,000] [0m<inf> imu: ICM-42688-P  a   0.358  -0.067   9.923  g  -0.001  -0.005  -0.000[0m
[1;32muart:~$ [m[8D[J[00:03:52.582,000] [0m<inf> imu: LSM6DS3TR-C  a   0.083   0.029  10.186  g   0.024  -0.061   0.014[0m
[1;32muart:~$ [m[8D[J[00:03:52.582,000] [0m<inf> imu: LSM6DSV16X   a   0.376   0.114  10.521  g  -0.012   0.002  -0.003[0m
[1;32muart:~$ [m[8D[J[1;32muart:~$ [m[8D[J[00:03:52.583,000] [0m<inf> imu: ICM-42688-P  a   0.362  -0.061   9.931  g   0.001  -0.005  -0.000[0m
[1;32muart:~$ [m[8D[J[00:03:52.634,000] [0m<inf> imu: LSM6DS3TR-C  a   0.066   0.013  10.159  g   0.024  -0.061   0.013[0m
[1;32muart:~$ [m[8D[J[1;32muart:~$ [m[8D[J[00:03:52.635,000] [0m<inf> imu: LSM6DSV16X   a   0.373   0.121  10.513  g  -0.012   0.002  -0.003[0m
[1;32muart:~$ [m[8D[J[00:03:52.636,000] [0m<inf> imu: ICM-42688-P  a   0.347  -0.059   9.926  g   0.000  -0.005   0.000[0m
[1;32muart:~$ [m[8D[J[00:03:52.687,000] [0m<inf> imu: LSM6DS3TR-C  a   0.065   0.026  10.205  g   0.023  -0.062   0.013[0m
[1;32muart:~$ [m[8D[J[1;32muart:~$ [m[8D[J[00:03:52.688,000] [0m<inf> imu: LSM6DSV16X   a   0.382   0.125  10.512  g  -0.011   0.002  -0.002[0m
[1;32muart:~$ [m[8D[J[00:03:52.688,000] [0m<inf> imu: ICM-42688-P  a   0.350  -0.065   9.923  g   0.000  -0.005  -0.001[0m
[1;32muart:~$ [m[8D[J[1;32muart:~$ [m[8D[J[00:03:52.740,000] [0m<inf> imu: LSM6DS3TR-C  a   0.071   0.016  10.165  g   0.024  -0.059   0.013[0m
[1;32muart:~$ [m[8D[J[00:03:52.741,000] [0m<inf> imu: LSM6DSV16X   a   0.376   0.117  10.524  g  -0.012   0.003  -0.003[0m
[1;32muart:~$ [m[8D[J[00:03:52.742,000] [0m<inf> imu: ICM-42688-P  a   0.356  -0.060   9.922  g   0.000  -0.005   0.000[0m
[1;32muart:~$ [m[8D[J[00:03:52.793,000] [0m<inf> imu: LSM6DS3TR-C  a   0.106   0.041  10.169  g   0.025  -0.061   0.015[0m
[1;32muart:~$ [m[8D[J[1;32muart:~$ [m[8D[J[00:03:52.794,000] [0m<inf> imu: LSM6DSV16X   a   0.383   0.117  10.527  g  -0.011   0.002  -0.003[0m
[1;32muart:~$ [m[8D[J[00:03:52.794,000] [0m<inf> imu: ICM-42688-P  a   0.362  -0.059   9.918  g   0.001  -0.004   0.000[0m
[1;32muart:~$ [m[8D[J[1;32muart:~$ [m[8D[J[00:03:52.845,000] [0m<inf> imu: LSM6DS3TR-C  a   0.100   0.024  10.201  g   0.023  -0.061   0.014[0m
[1;32muart:~$ [m[8D[J[00:03:52.846,000] [0m<inf> imu: LSM6DSV16X   a   0.381   0.117  10.526  g  -0.011   0.001  -0.002[0m
[1;32muart:~$ [m[8D[J[00:03:52.847,000] [0m<inf> imu: ICM-42688-P  a   0.346  -0.062   9.926  g   0.001  -0.005  -0.000[0m
[1;32muart:~$ [m[8D[J[00:03:52.898,000] [0m<inf> imu: LSM6DS3TR-C  a   0.115   0.022  10.180  g   0.024  -0.060   0.014[0m
[1;32muart:~$ [m[8D[J[1;32muart:~$ [m[8D[J[00:03:52.899,000] [0m<inf> imu: LSM6DSV16X   a   0.379   0.109  10.512  g  -0.012   0.001  -0.003[0m
[1;32muart:~$ [m[8D[J[00:03:52.899,000] [0m<inf> imu: ICM-42688-P  a   0.353  -0.062   9.928  g  -0.000  -0.005   0.000[0m
[1;32muart:~$ [m[8D[J[1;32muart:~$ [m[8D[J[00:03:52.950,000] [0m<inf> imu: LSM6DS3TR-C  a   0.105   0.029  10.217  g   0.024  -0.062   0.016[0m
[1;32muart:~$ [m[8D[J[00:03:52.951,000] [0m<inf> imu: LSM6DSV16X   a   0.383   0.118  10.512  g  -0.012   0.002  -0.003[0m
[1;32muart:~$ [m[8D[J[00:03:52.951,000] [0m<inf> imu: ICM-42688-P  a   0.351  -0.059   9.917  g  -0.001  -0.004   0.000[0m
[1;32muart:~$ [m[8D[J[1;32muart:~$ [m[8D[J[00:03:53.002,000] [0m<inf> imu: LSM6DS3TR-C  a   0.105   0.014  10.189  g   0.024  -0.060   0.013[0m
[1;32muart:~$ [m[8D[J[00:03:53.003,000] [0m<inf> imu: LSM6DSV16X   a   0.388   0.113  10.521  g  -0.012   0.003  -0.002[0m
[1;32muart:~$ [m[8D[J[00:03:53.004,000] [0m<inf> imu: ICM-42688-P  a   0.354  -0.068   9.929  g  -0.001  -0.006   0.000[0m
[1;32muart:~$ [m[8D[J[1;32muart:~$ [m[8D[J[00:03:53.055,000] [0m<inf> imu: LSM6DS3TR-C  a   0.111   0.007  10.162  g   0.024  -0.060   0.015[0m
[1;32muart:~$ [m[8D[J[00:03:53.055,000] [0m<inf> imu: LSM6DSV16X   a   0.380   0.113  10.518  g  -0.011   0.002  -0.002[0m
[1;32muart:~$ [m[8D[J[00:03:53.056,000] [0m<inf> imu: ICM-42688-P  a   0.360  -0.073   9.935  g  -0.001  -0.004  -0.000[0m
[1;32muart:~$ [m[8D[J[1;32muart:~$ [m[8D[J[00:03:53.107,000] [0m<inf> imu: LSM6DS3TR-C  a   0.075   0.014  10.199  g   0.022  -0.061   0.013[0m
[1;32muart:~$ [m[8D[J[00:03:53.108,000] [0m<inf> imu: LSM6DSV16X   a   0.378   0.112  10.523  g  -0.011   0.002  -0.003[0m
[1;32muart:~$ [m[8D[J[00:03:53.108,000] [0m<inf> imu: ICM-42688-P  a   0.353  -0.065   9.940  g   0.001  -0.005   0.000[0m
[1;32muart:~$ [m[8D[J[1;32muart:~$ [m[8D[J[00:03:53.159,000] [0m<inf> imu: LSM6DS3TR-C  a   0.117   0.020  10.178  g   0.023  -0.061   0.014[0m
[1;32muart:~$ [m[8D[J[00:03:53.160,000] [0m<inf> imu: LSM6DSV16X   a   0.373   0.118  10.525  g  -0.012   0.002  -0.002[0m
[1;32muart:~$ [m[8D[J[00:03:53.160,000] [0m<inf> imu: ICM-42688-P  a   0.346  -0.056   9.923  g   0.000  -0.004   0.001[0m
[1;32muart:~$ [m[8D[J[1;32muart:~$ [m[8D[J[00:03:53.211,000] [0m<inf> imu: LSM6DS3TR-C  a   0.117   0.002  10.141  g   0.023  -0.061   0.015[0m
[1;32muart:~$ [m[8D[J[00:03:53.212,000] [0m<inf> imu: LSM6DSV16X   a   0.380   0.115  10.516  g  -0.012   0.002  -0.002[0m
[1;32muart:~$ [m[8D[J[00:03:53.212,000] [0m<inf> imu: ICM-42688-P  a   0.350  -0.060   9.936  g   0.000  -0.004   0.000[0m
[1;32muart:~$ [m[8D[J[1;32muart:~$ [m[8D[J[00:03:53.264,000] [0m<inf> imu: LSM6DS3TR-C  a   0.101  -0.007  10.199  g   0.024  -0.061   0.014[0m
[1;32muart:~$ [m[8D[J[00:03:53.265,000] [0m<inf> imu: LSM6DSV16X   a   0.376   0.112  10.527  g  -0.012   0.002  -0.003[0m
[1;32muart:~$ [m[8D[J[00:03:53.266,000] [0m<inf> imu: ICM-42688-P  a   0.359  -0.069   9.922  g  -0.001  -0.005  -0.000[0m
[1;32muart:~$ [m[8D[J[1;32muart:~$ [m[8D[J[00:03:53.318,000] [0m<inf> imu: LSM6DS3TR-C  a   0.089  -0.004  10.147  g   0.024  -0.062   0.015[0m
[1;32muart:~$ [m[8D[J[00:03:53.319,000] [0m<inf> imu: LSM6DSV16X   a   0.378   0.122  10.522  g  -0.012   0.003  -0.003[0m
[1;32muart:~$ [m[8D[J[00:03:53.320,000] [0m<inf> imu: ICM-42688-P  a   0.342  -0.060   9.918  g   0.001  -0.005   0.000[0m
[1;32muart:~$ [m[8D[J[1;32muart:~$ [m[8D[J[00:03:53.372,000] [0m<inf> imu: LSM6DS3TR-C  a   0.096   0.025  10.187  g   0.022  -0.060   0.013[0m
[1;32muart:~$ [m[8D[J[00:03:53.373,000] [0m<inf> imu: LSM6DSV16X   a   0.371   0.119  10.513  g  -0.012   0.002  -0.002[0m
[1;32muart:~$ [m[8D[J[00:03:53.373,000] [0m<inf> imu: ICM-42688-P  a   0.357  -0.063   9.920  g   0.000  -0.005   0.000[0m
[1;32muart:~$ [m[8D[J[1;32muart:~$ [m[8D[J[00:03:53.424,000] [0m<inf> imu: LSM6DS3TR-C  a   0.100   0.021  10.213  g   0.023  -0.061   0.014[0m
[1;32muart:~$ [m[8D[J[00:03:53.425,000] [0m<inf> imu: LSM6DSV16X   a   0.376   0.119  10.514  g  -0.012   0.001  -0.002[0m
[1;32muart:~$ [m[8D[J[00:03:53.426,000] [0m<inf> imu: ICM-42688-P  a   0.350  -0.059   9.923  g  -0.000  -0.004   0.001[0m
[1;32muart:~$ [m[8D[J[1;32muart:~$ [m[8D[J[00:03:53.477,000] [0m<inf> imu: LSM6DS3TR-C  a   0.126   0.028  10.187  g   0.023  -0.063   0.013[0m
[1;32muart:~$ [m[8D[J[00:03:53.477,000] [0m<inf> imu: LSM6DSV16X   a   0.374   0.112  10.524  g  -0.012   0.002  -0.002[0m
[1;32muart:~$ [m[8D[J[1;32muart:~$ [m[8D[J[00:03:53.478,000] [0m<inf> imu: ICM-42688-P  a   0.348  -0.069   9.949  g  -0.001  -0.004   0.000[0m
[1;32muart:~$ [m[8D[J[00:03:53.529,000] [0m<inf> imu: LSM6DS3TR-C  a   0.088   0.013  10.204  g   0.021  -0.061   0.014[0m
[1;32muart:~$ [m[8D[J[00:03:53.531,000] [0m<inf> imu: LSM6DSV16X   a   0.378   0.117  10.513  g  -0.011   0.002  -0.003[0m
[1;32muart:~$ [m[8D[J[00:03:53.531,000] [0m<inf> imu: ICM-42688-P  a   0.350  -0.056   9.913  g   0.000  -0.005   0.000[0m
[1;32muart:~$ [m[8D[J[1;32muart:~$ [m[8D[J[00:03:53.583,000] [0m<inf> imu: LSM6DS3TR-C  a   0.116   0.007  10.191  g   0.022  -0.062   0.013[0m
[1;32muart:~$ [m[8D[J[00:03:53.583,000] [0m<inf> imu: LSM6DSV16X   a   0.378   0.112  10.514  g  -0.012   0.002  -0.002[0m
[1;32muart:~$ [m[8D[J[1;32muart:~$ [m[8D[J[00:03:53.584,000] [0m<inf> imu: ICM-42688-P  a   0.356  -0.060   9.926  g   0.000  -0.005   0.001[0m
[1;32muart:~$ [m[8D[J[00:03:53.635,000] [0m<inf> imu: LSM6DS3TR-C  a   0.106  -0.005  10.208  g   0.022  -0.061   0.014[0m
[1;32muart:~$ [m[8D[J[00:03:53.637,000] [0m<inf> imu: LSM6DSV16X   a   0.380   0.112  10.517  g  -0.012   0.002  -0.002[0m
[1;32muart:~$ [m[8D[J[00:03:53.637,000] [0m<inf> imu: ICM-42688-P  a   0.354  -0.050   9.919  g   0.000  -0.005  -0.000[0m
[1;32muart:~$ [m[8D[J[1;32muart:~$ [m[8D[J[00:03:53.688,000] [0m<inf> imu: LSM6DS3TR-C  a   0.107   0.048  10.201  g   0.024  -0.060   0.016[0m
[1;32muart:~$ [m[8D[J[00:03:53.689,000] [0m<inf> imu: LSM6DSV16X   a   0.378   0.117  10.512  g  -0.011   0.002  -0.003[0m
[1;32muart:~$ [m[8D[J[1;32muart:~$ [m[8D[J[00:03:53.690,000] [0m<inf> imu: ICM-42688-P  a   0.364  -0.059   9.925  g   0.000  -0.005   0.001[0m
[1;32muart:~$ [m[8D[J[00:03:53.741,000] [0m<inf> imu: LSM6DS3TR-C  a   0.071   0.014  10.167  g   0.023  -0.061   0.015[0m
[1;32muart:~$ [m[8D[J[00:03:53.741,000] [0m<inf> imu: LSM6DSV16X   a   0.378   0.115  10.513  g  -0.011   0.002  -0.002[0m
[1;32muart:~$ [m[8D[J[00:03:53.742,000] [0m<inf> imu: ICM-42688-P  a   0.357  -0.068   9.923  g  -0.001  -0.005   0.000[0m
[1;32muart:~$ [m[8D[J[1;32muart:~$ [m[8D[J[00:03:53.793,000] [0m<inf> imu: LSM6DS3TR-C  a   0.144   0.026  10.177  g   0.024  -0.061   0.014[0m
[1;32muart:~$ [m[8D[J[00:03:53.794,000] [0m<inf> imu: LSM6DSV16X   a   0.380   0.115  10.510  g  -0.012   0.002  -0.002[0m
[1;32muart:~$ [m[8D[J[1;32muart:~$ [m[8D[J[00:03:53.794,000] [0m<inf> imu: ICM-42688-P  a   0.344  -0.057   9.918  g   0.000  -0.005  -0.001[0m
[1;32muart:~$ [m[8D[J[00:03:53.845,000] [0m<inf> imu: LSM6DS3TR-C  a   0.099   0.029  10.186  g   0.022  -0.061   0.015[0m
[1;32muart:~$ [m[8D[J[00:03:53.846,000] [0m<inf> imu: LSM6DSV16X   a   0.381   0.118  10.521  g  -0.012   0.003  -0.003[0m
[1;32muart:~$ [m[8D[J[1;32muart:~$ [m[8D[J[00:03:53.846,000] [0m<inf> imu: ICM-42688-P  a   0.356  -0.068   9.926  g  -0.001  -0.005   0.000[0m
[1;32muart:~$ [m[8D[J[00:03:53.897,000] [0m<inf> imu: LSM6DS3TR-C  a   0.111   0.008  10.164  g   0.024  -0.059   0.015[0m
[1;32muart:~$ [m[8D[J[00:03:53.898,000] [0m<inf> imu: LSM6DSV16X   a   0.382   0.115  10.516  g  -0.012   0.002  -0.002[0m
[1;32muart:~$ [m[8D[J[1;32muart:~$ [m[8D[J[00:03:53.899,000] [0m<inf> imu: ICM-42688-P  a   0.354  -0.056   9.920  g  -0.000  -0.005  -0.000[0m
[1;32muart:~$ [m[8D[J[00:03:53.950,000] [0m<inf> imu: LSM6DS3TR-C  a   0.095  -0.014  10.190  g   0.025  -0.061   0.014[0m
[1;32muart:~$ [m[8D[J[00:03:53.950,000] [0m<inf> imu: LSM6DSV16X   a   0.380   0.117  10.521  g  -0.011   0.002  -0.003[0m
[1;32muart:~$ [m[8D[J[1;32muart:~$ [m[8D[J[00:03:53.951,000] [0m<inf> imu: ICM-42688-P  a   0.360  -0.073   9.917  g  -0.001  -0.005  -0.000[0m
[1;32muart:~$ [m[8D[J[00:03:54.002,000] [0m<inf> imu: LSM6DS3TR-C  a   0.099   0.022  10.183  g   0.021  -0.061   0.014[0m
[1;32muart:~$ [m[8D[J[00:03:54.003,000] [0m<inf> imu: LSM6DSV16X   a   0.383   0.115  10.516  g  -0.011   0.002  -0.003[0m
[1;32muart:~$ [m[8D[J[1;32muart:~$ [m[8D[J[00:03:54.003,000] [0m<inf> imu: ICM-42688-P  a   0.354  -0.055   9.918  g  -0.001  -0.005  -0.000[0m
[1;32muart:~$ [m[8D[J[00:03:54.054,000] [0m<inf> imu: LSM6DS3TR-C  a   0.112   0.047  10.196  g   0.025  -0.060   0.012[0m
[1;32muart:~$ [m[8D[J[00:03:54.055,000] [0m<inf> imu: LSM6DSV16X   a   0.376   0.115  10.528  g  -0.011   0.003  -0.002[0m
[1;32muart:~$ [m[8D[J[1;32muart:~$ [m[8D[J[00:03:54.055,000] [0m<inf> imu: ICM-42688-P  a   0.354  -0.054   9.906  g  -0.000  -0.005   0.001[0m
[1;32muart:~$ [m[8D[J[00:03:54.106,000] [0m<inf> imu: LSM6DS3TR-C  a   0.117  -0.001  10.176  g   0.024  -0.062   0.013[0m
[1;32muart:~$ [m[8D[J[00:03:54.107,000] [0m<inf> imu: LSM6DSV16X   a   0.376   0.118  10.511  g  -0.011   0.002  -0.003[0m
[1;32muart:~$ [m[8D[J[1;32muart:~$ [m[8D[J[00:03:54.108,000] [0m<inf> imu: ICM-42688-P  a   0.356  -0.067   9.920  g   0.000  -0.004  -0.001[0m
[1;32muart:~$ [m[8D[J[00:03:54.159,000] [0m<inf> imu: LSM6DS3TR-C  a   0.106  -0.002  10.169  g   0.025  -0.060   0.016[0m
[1;32muart:~$ [m[8D[J[00:03:54.159,000] [0m<inf> imu: LSM6DSV16X   a   0.376   0.112  10.519  g  -0.011   0.002  -0.002[0m
[1;32muart:~$ [m[8D[J[1;32muart:~$ [m[8D[J[00:03:54.160,000] [0m<inf> imu: ICM-42688-P  a   0.360  -0.066   9.938  g   0.000  -0.005   0.000[0m
[1;32muart:~$ [m[8D[J[00:03:54.211,000] [0m<inf> imu: LSM6DS3TR-C  a   0.136   0.032  10.220  g   0.024  -0.061   0.014[0m
[1;32muart:~$ [m[8D[J[1;32muart:~$ [m[8D[J[00:03:54.212,000] [0m<inf> imu: LSM6DSV16X   a   0.378   0.112  10.517  g  -0.011   0.002  -0.002[0m
[1;32muart:~$ [m[8D[J[00:03:54.212,000] [0m<inf> imu: ICM-42688-P  a   0.350  -0.056   9.926  g  -0.001  -0.005   0.001[0m
[1;32muart:~$ [m[8D[J[00:03:54.263,000] [0m<inf> imu: LSM6DS3TR-C  a   0.104   0.008  10.194  g   0.024  -0.062   0.014[0m
[1;32muart:~$ [m[8D[J[00:03:54.264,000] [0m<inf> imu: LSM6DSV16X   a   0.379   0.115  10.521  g  -0.011   0.002  -0.002[0m
[1;32muart:~$ [m[8D[J[1;32muart:~$ [m[8D[J[00:03:54.265,000] [0m<inf> imu: ICM-42688-P  a   0.353  -0.068   9.937  g  -0.001  -0.005   0.000[0m
[1;32muart:~$ [m[8D[J[00:03:54.317,000] [0m<inf> imu: LSM6DS3TR-C  a   0.112   0.007  10.238  g   0.024  -0.061   0.015[0m
[1;32muart:~$ [m[8D[J[1;32muart:~$ [m[8D[J[00:03:54.318,000] [0m<inf> imu: LSM6DSV16X   a   0.379   0.117  10.522  g  -0.012   0.002  -0.003[0m
[1;32muart:~$ [m[8D[J[00:03:54.319,000] [0m<inf> imu: ICM-42688-P  a   0.350  -0.054   9.905  g   0.000  -0.005  -0.001[0m
[1;32muart:~$ [m[8D[J[00:03:54.370,000] [0m<inf> imu: LSM6DS3TR-C  a   0.104   0.046  10.158  g   0.022  -0.060   0.013[0m
[1;32muart:~$ [m[8D[J[00:03:54.371,000] [0m<inf> imu: LSM6DSV16X   a   0.377   0.114  10.512  g  -0.012   0.002  -0.002[0m
[1;32muart:~$ [m[8D[J[1;32muart:~$ [m[8D[J[00:03:54.371,000] [0m<inf> imu: ICM-42688-P  a   0.346  -0.060   9.931  g   0.000  -0.005   0.000[0m
[1;32muart:~$ [m[8D[J[00:03:54.422,000] [0m<inf> imu: LSM6DS3TR-C  a   0.102   0.012  10.186  g   0.024  -0.060   0.016[0m
[1;32muart:~$ [m[8D[J[1;32muart:~$ [m[8D[J[00:03:54.424,000] [0m<inf> imu: LSM6DSV16X   a   0.383   0.115  10.521  g  -0.011   0.002  -0.002[0m
[1;32muart:~$ [m[8D[J[00:03:54.425,000] [0m<inf> imu: ICM-42688-P  a   0.353  -0.056   9.938  g   0.000  -0.006   0.000[0m
[1;32muart:~$ [m[8D[J[00:03:54.476,000] [0m<inf> imu: LSM6DS3TR-C  a   0.095   0.008  10.190  g   0.022  -0.062   0.015[0m
[1;32muart:~$ [m[8D[J[00:03:54.477,000] [0m<inf> imu: LSM6DSV16X   a   0.380   0.117  10.521  g  -0.011   0.002  -0.002[0m
[1;32muart:~$ [m[8D[J[00:03:54.477,000] [0m<inf> imu: ICM-42688-P  a   0.356  -0.069   9.918  g  -0.000  -0.005  -0.001[0m
[1;32muart:~$ [m[8D[J[1;32muart:~$ [m[8D[J[00:03:54.529,000] [0m<inf> imu: LSM6DS3TR-C  a   0.078   0.050  10.190  g   0.025  -0.060   0.015[0m
[1;32muart:~$ [m[8D[J[00:03:54.530,000] [0m<inf> imu: LSM6DSV16X   a   0.385   0.117  10.521  g  -0.011   0.002  -0.003[0m
[1;32muart:~$ [m[8D[J[00:03:54.531,000] [0m<inf> imu: ICM-42688-P  a   0.356  -0.069   9.930  g   0.001  -0.004   0.000[0m
[1;32muart:~$ [m[8D[J[1;32muart:~$ [m[8D[J[00:03:54.582,000] [0m<inf> imu: LSM6DS3TR-C  a   0.086   0.037  10.178  g   0.024  -0.061   0.014[0m
[1;32muart:~$ [m[8D[J[00:03:54.583,000] [0m<inf> imu: LSM6DSV16X   a   0.379   0.120  10.522  g  -0.012   0.002  -0.002[0m
[1;32muart:~$ [m[8D[J[1;32muart:~$ [m[8D[J[00:03:54.583,000] [0m<inf> imu: ICM-42688-P  a   0.353  -0.067   9.924  g   0.000  -0.005  -0.001[0m
[1;32muart:~$ [m[8D[J[00:03:54.634,000] [0m<inf> imu: LSM6DS3TR-C  a   0.093   0.016  10.177  g   0.025  -0.061   0.013[0m
[1;32muart:~$ [m[8D[J[1;32muart:~$ [m[8D[J[00:03:54.635,000] [0m<inf> imu: LSM6DSV16X   a   0.370   0.113  10.512  g  -0.012   0.002  -0.003[0m
[1;32muart:~$ [m[8D[J[00:03:54.635,000] [0m<inf> imu: ICM-42688-P  a   0.362  -0.066   9.925  g   0.000  -0.006  -0.001[0m
[1;32muart:~$ [m[8D[J[00:03:54.686,000] [0m<inf> imu: LSM6DS3TR-C  a   0.083   0.019  10.164  g   0.024  -0.059   0.014[0m
[1;32muart:~$ [m[8D[J[00:03:54.687,000] [0m<inf> imu: LSM6DSV16X   a   0.376   0.117  10.514  g  -0.012   0.002  -0.003[0m
[1;32muart:~$ [m[8D[J[1;32muart:~$ [m[8D[J[00:03:54.687,000] [0m<inf> imu: ICM-42688-P  a   0.351  -0.056   9.922  g  -0.000  -0.005   0.000[0m
[1;32muart:~$ [m[8D[J[00:03:54.739,000] [0m<inf> imu: LSM6DS3TR-C  a   0.090   0.020  10.170  g   0.023  -0.060   0.015[0m
[1;32muart:~$ [m[8D[J[1;32muart:~$ [m[8D[J[00:03:54.739,000] [0m<inf> imu: LSM6DSV16X   a   0.380   0.117  10.518  g  -0.011   0.002  -0.002[0m
[1;32muart:~$ [m[8D[J[00:03:54.740,000] [0m<inf> imu: ICM-42688-P  a   0.362  -0.055   9.925  g  -0.001  -0.005   0.000[0m
[1;32muart:~$ [m[8D[J[00:03:54.791,000] [0m<inf> imu: LSM6DS3TR-C  a   0.106   0.025  10.183  g   0.023  -0.063   0.011[0m
[1;32muart:~$ [m[8D[J[1;32muart:~$ [m[8D[J[00:03:54.791,000] [0m<inf> imu: LSM6DSV16X   a   0.373   0.112  10.512  g  -0.012   0.002  -0.003[0m
[1;32muart:~$ [m[8D[J[00:03:54.792,000] [0m<inf> imu: ICM-42688-P  a   0.354  -0.067   9.925  g  -0.001  -0.004   0.000[0m
[1;32muart:~$ [m[8D[J[00:03:54.843,000] [0m<inf> imu: LSM6DS3TR-C  a   0.115   0.045  10.131  g   0.025  -0.060   0.014[0m
[1;32muart:~$ [m[8D[J[1;32muart:~$ [m[8D[J[00:03:54.844,000] [0m<inf> imu: LSM6DSV16X   a   0.371   0.120  10.513  g  -0.011   0.002  -0.002[0m
[1;32muart:~$ [m[8D[J[00:03:54.844,000] [0m<inf> imu: ICM-42688-P  a   0.354  -0.062   9.919  g   0.000  -0.004   0.000[0m
[1;32muart:~$ [m[8D[J[00:03:54.895,000] [0m<inf> imu: LSM6DS3TR-C  a   0.135   0.043  10.203  g   0.022  -0.060   0.015[0m
[1;32muart:~$ [m[8D[J[1;32muart:~$ [m[8D[J[00:03:54.896,000] [0m<inf> imu: LSM6DSV16X   a   0.376   0.115  10.519  g  -0.011   0.002  -0.002[0m
[1;32muart:~$ [m[8D[J[00:03:54.896,000] [0m<inf> imu: ICM-42688-P  a   0.347  -0.075   9.940  g   0.000  -0.005   0.000[0m
[1;32muart:~$ [m[8D[J[00:03:54.947,000] [0m<inf> imu: LSM6DS3TR-C  a   0.095   0.009  10.187  g   0.024  -0.060   0.015[0m
[1;32muart:~$ [m[8D[J[1;32muart:~$ [m[8D[J[00:03:54.948,000] [0m<inf> imu: LSM6DSV16X   a   0.374   0.118  10.521  g  -0.011   0.002  -0.003[0m
[1;32muart:~$ [m[8D[J[00:03:54.949,000] [0m<inf> imu: ICM-42688-P  a   0.350  -0.057   9.923  g  -0.001  -0.005   0.000[0m
[1;32muart:~$ [m[8D[J[00:03:55.000,000] [0m<inf> imu: LSM6DS3TR-C  a   0.111   0.023  10.183  g   0.022  -0.060   0.015[0m
[1;32muart:~$ [m[8D[J[1;32muart:~$ [m[8D[J[00:03:55.000,000] [0m<inf> imu: LSM6DSV16X   a   0.380   0.115  10.513  g  -0.012   0.002  -0.002[0m
[1;32muart:~$ [m[8D[J[00:03:55.001,000] [0m<inf> imu: ICM-42688-P  a   0.354  -0.065   9.931  g   0.000  -0.006   0.000[0m
[1;32muart:~$ [m[8D[J[00:03:55.053,000] [0m<inf> imu: LSM6DS3TR-C  a   0.064   0.023  10.153  g   0.024  -0.059   0.015[0m
[1;32muart:~$ [m[8D[J[1;32muart:~$ [m[8D[J[00:03:55.054,000] [0m<inf> imu: LSM6DSV16X   a   0.381   0.117  10.521  g  -0.011   0.002  -0.003[0m
[1;32muart:~$ [m[8D[J[00:03:55.055,000] [0m<inf> imu: ICM-42688-P  a   0.360  -0.066   9.934  g  -0.000  -0.005  -0.001[0m
[1;32muart:~$ [m[8D[J[00:03:55.106,000] [0m<inf> imu: LSM6DS3TR-C  a   0.073   0.034  10.159  g   0.023  -0.061   0.014[0m
[1;32muart:~$ [m[8D[J[1;32muart:~$ [m[8D[J[00:03:55.107,000] [0m<inf> imu: LSM6DSV16X   a   0.378   0.122  10.512  g  -0.011   0.002  -0.002[0m
[1;32muart:~$ [m[8D[J[00:03:55.107,000] [0m<inf> imu: ICM-42688-P  a   0.351  -0.062   9.928  g   0.000  -0.005   0.000[0m
[1;32muart:~$ [m[8D[J[1;32muart:~$ [m[8D[J[00:03:55.158,000] [0m<inf> imu: LSM6DS3TR-C  a   0.117   0.015  10.181  g   0.023  -0.060   0.015[0m
[1;32muart:~$ [m[8D[J[00:03:55.160,000] [0m<inf> imu: LSM6DSV16X   a   0.378   0.121  10.518  g  -0.012   0.001  -0.003[0m
[1;32muart:~$ [m[8D[J[00:03:55.161,000] [0m<inf> imu: ICM-42688-P  a   0.357  -0.055   9.922  g  -0.001  -0.005   0.000[0m
[1;32muart:~$ [m[8D[J[00:03:55.212,000] [0m<inf> imu: LSM6DS3TR-C  a   0.081   0.026  10.199  g   0.022  -0.061   0.016[0m
[1;32muart:~$ [m[8D[J[1;32muart:~$ [m[8D[J[00:03:55.212,000] [0m<inf> imu: LSM6DSV16X   a   0.382   0.119  10.524  g  -0.011   0.002  -0.003[0m
[1;32muart:~$ [m[8D[J[00:03:55.213,000] [0m<inf> imu: ICM-42688-P  a   0.356  -0.065   9.924  g  -0.000  -0.005  -0.001[0m
[1;32muart:~$ [m[8D[J[1;32muart:~$ [m[8D[J[00:03:55.265,000] [0m<inf> imu: LSM6DS3TR-C  a   0.101   0.025  10.193  g   0.023  -0.060   0.013[0m
[1;32muart:~$ [m[8D[J[00:03:55.266,000] [0m<inf> imu: LSM6DSV16X   a   0.379   0.111  10.507  g  -0.011   0.001  -0.002[0m
[1;32muart:~$ [m[8D[J[00:03:55.267,000] [0m<inf> imu: ICM-42688-P  a   0.352  -0.057   9.936  g   0.000  -0.005   0.001[0m
[1;32muart:~$ [m[8D[J[00:03:55.318,000] [0m<inf> imu: LSM6DS3TR-C  a   0.075   0.036  10.171  g   0.023  -0.060   0.014[0m
[1;32muart:~$ [m[8D[J[1;32muart:~$ [m[8D[J[00:03:55.319,000] [0m<inf> imu: LSM6DSV16X   a   0.377   0.117  10.518  g  -0.012   0.002  -0.003[0m
[1;32muart:~$ [m[8D[J[00:03:55.320,000] [0m<inf> imu: ICM-42688-P  a   0.352  -0.072   9.934  g   0.000  -0.005   0.000[0m
[1;32muart:~$ [m[8D[J[1;32muart:~$ [m[8D[J[00:03:55.371,000] [0m<inf> imu: LSM6DS3TR-C  a   0.100   0.042  10.165  g   0.024  -0.062   0.014[0m
[1;32muart:~$ [m[8D[J[00:03:55.373,000] [0m<inf> imu: LSM6DSV16X   a   0.373   0.119  10.511  g  -0.011   0.002  -0.003[0m
[1;32muart:~$ [m[8D[J[00:03:55.373,000] [0m<inf> imu: ICM-42688-P  a   0.358  -0.056   9.925  g   0.000  -0.005   0.000[0m
[1;32muart:~$ [m[8D[J[00:03:55.425,000] [0m<inf> imu: LSM6DS3TR-C  a   0.094   0.019  10.169  g   0.024  -0.060   0.016[0m
[1;32muart:~$ [m[8D[J[1;32muart:~$ [m[8D[J[00:03:55.425,000] [0m<inf> imu: LSM6DSV16X   a   0.374   0.118  10.514  g  -0.012   0.003  -0.003[0m
[1;32muart:~$ [m[8D[J[00:03:55.426,000] [0m<inf> imu: ICM-42688-P  a   0.351  -0.054   9.932  g  -0.000  -0.004   0.000[0m
[1;32muart:~$ [m[8D[J[1;32muart:~$ [m[8D[J[00:03:55.478,000] [0m<inf> imu: LSM6DS3TR-C  a   0.086   0.004  10.181  g   0.024  -0.062   0.014[0m
[1;32muart:~$ [m[8D[J[00:03:55.479,000] [0m<inf> imu: LSM6DSV16X   a   0.376   0.117  10.521  g  -0.011   0.002  -0.003[0m
[1;32muart:~$ [m[8D[J[00:03:55.480,000] [0m<inf> imu: ICM-42688-P  a   0.351  -0.067   9.932  g   0.000  -0.005   0.000[0m
[1;32muart:~$ [m[8D[J[1;32muart:~$ [m[8D[J[00:03:55.531,000] [0m<inf> imu: LSM6DS3TR-C  a   0.126   0.034  10.148  g   0.024  -0.061   0.014[0m
[1;32muart:~$ [m[8D[J[00:03:55.531,000] [0m<inf> imu: LSM6DSV16X   a   0.373   0.117  10.527  g  -0.012   0.003  -0.003[0m
[1;32muart:~$ [m[8D[J[00:03:55.532,000] [0m<inf> imu: ICM-42688-P  a   0.359  -0.065   9.928  g   0.001  -0.005   0.000[0m
[1;32muart:~$ [m[8D[J[1;32muart:~$ [m[8D[J[00:03:55.583,000] [0m<inf> imu: LSM6DS3TR-C  a   0.087   0.027  10.187  g   0.022  -0.060   0.013[0m
[1;32muart:~$ [m[8D[J[00:03:55.584,000] [0m<inf> imu: LSM6DSV16X   a   0.377   0.117  10.519  g  -0.011   0.002  -0.003[0m
[1;32muart:~$ [m[8D[J[00:03:55.584,000] [0m<inf> imu: ICM-42688-P  a   0.346  -0.061   9.934  g  -0.001  -0.005   0.000[0m
[1;32muart:~$ [m[8D[J[1;32muart:~$ [m[8D[J[00:03:55.635,000] [0m<inf> imu: LSM6DS3TR-C  a   0.108   0.023  10.123  g   0.023  -0.062   0.016[0m
[1;32muart:~$ [m[8D[J[00:03:55.636,000] [0m<inf> imu: LSM6DSV16X   a   0.377   0.119  10.514  g  -0.012   0.002  -0.003[0m
[1;32muart:~$ [m[8D[J[00:03:55.636,000] [0m<inf> imu: ICM-42688-P  a   0.347  -0.059   9.920  g   0.000  -0.005   0.000[0m
[1;32muart:~$ [m[8D[J[1;32muart:~$ [m[8D[J[00:03:55.687,000] [0m<inf> imu: LSM6DS3TR-C  a   0.077   0.005  10.183  g   0.023  -0.060   0.016[0m
[1;32muart:~$ [m[8D[J[00:03:55.688,000] [0m<inf> imu: LSM6DSV16X   a   0.378   0.117  10.528  g  -0.012   0.002  -0.003[0m
[1;32muart:~$ [m[8D[J[00:03:55.689,000] [0m<inf> imu: ICM-42688-P  a   0.363  -0.055   9.925  g   0.000  -0.005   0.000[0m
[1;32muart:~$ [m[8D[J[1;32muart:~$ [m[8D[J[00:03:55.740,000] [0m<inf> imu: LSM6DS3TR-C  a   0.108   0.019  10.196  g   0.023  -0.060   0.013[0m
[1;32muart:~$ [m[8D[J[00:03:55.741,000] [0m<inf> imu: LSM6DSV16X   a   0.376   0.118  10.518  g  -0.012   0.002  -0.003[0m
[1;32muart:~$ [m[8D[J[00:03:55.741,000] [0m<inf> imu: ICM-42688-P  a   0.358  -0.065   9.926  g  -0.001  -0.005  -0.000[0m
[1;32muart:~$ [m[8D[J[1;32muart:~$ [m[8D[J[00:03:55.792,000] [0m<inf> imu: LSM6DS3TR-C  a   0.130  -0.002  10.189  g   0.021  -0.060   0.016[0m
[1;32muart:~$ [m[8D[J[00:03:55.793,000] [0m<inf> imu: LSM6DSV16X   a   0.378   0.112  10.522  g  -0.011   0.002  -0.003[0m
[1;32muart:~$ [m[8D[J[00:03:55.793,000] [0m<inf> imu: ICM-42688-P  a   0.354  -0.069   9.914  g  -0.000  -0.004   0.000[0m
[1;32muart:~$ [m[8D[J[1;32muart:~$ [m[8D[J[00:03:55.844,000] [0m<inf> imu: LSM6DS3TR-C  a   0.117   0.009  10.181  g   0.024  -0.059   0.015[0m
[1;32muart:~$ [m[8D[J[00:03:55.845,000] [0m<inf> imu: LSM6DSV16X   a   0.381   0.115  10.524  g  -0.012   0.002  -0.002[0m
[1;32muart:~$ [m[8D[J[1;32muart:~$ [m[8D[J[00:03:55.846,000] [0m<inf> imu: ICM-42688-P  a   0.370  -0.068   9.923  g   0.001  -0.005   0.000[0m
[1;32muart:~$ [m[8D[J[00:03:55.897,000] [0m<inf> imu: LSM6DS3TR-C  a   0.093   0.022  10.153  g   0.022  -0.061   0.016[0m
[1;32muart:~$ [m[8D[J[00:03:55.897,000] [0m<inf> imu: LSM6DSV16X   a   0.374   0.120  10.512  g  -0.012   0.002  -0.002[0m
[1;32muart:~$ [m[8D[J[00:03:55.898,000] [0m<inf> imu: ICM-42688-P  a   0.348  -0.066   9.925  g   0.000  -0.005   0.001[0m
[1;32muart:~$ [m[8D[J[1;32muart:~$ [m[8D[J[00:03:55.949,000] [0m<inf> imu: LSM6DS3TR-C  a   0.135   0.005  10.144  g   0.023  -0.060   0.014[0m
[1;32muart:~$ [m[8D[J[00:03:55.950,000] [0m<inf> imu: LSM6DSV16X   a   0.380   0.115  10.517  g  -0.011   0.003  -0.002[0m
[1;32muart:~$ [m[8D[J[1;32muart:~$ [m[8D[J[00:03:55.950,000] [0m<inf> imu: ICM-42688-P  a   0.364  -0.060   9.931  g   0.000  -0.005   0.000[0m
[1;32muart:~$ [m[8D[J[00:03:56.001,000] [0m<inf> imu: LSM6DS3TR-C  a   0.109   0.016  10.177  g   0.023  -0.061   0.014[0m
[1;32muart:~$ [m[8D[J[00:03:56.003,000] [0m<inf> imu: LSM6DSV16X   a   0.377   0.118  10.512  g  -0.011   0.002  -0.003[0m
[1;32muart:~$ [m[8D[J[00:03:56.003,000] [0m<inf> imu: ICM-42688-P  a   0.357  -0.069   9.920  g  -0.000  -0.005   0.000[0m
[1;32muart:~$ [m[8D[J[1;32muart:~$ [m[8D[J[00:03:56.054,000] [0m<inf> imu: LSM6DS3TR-C  a   0.119   0.031  10.169  g   0.024  -0.061   0.014[0m
[1;32muart:~$ [m[8D[J[00:03:56.055,000] [0m<inf> imu: LSM6DSV16X   a   0.382   0.117  10.516  g  -0.011   0.002  -0.003[0m
[1;32muart:~$ [m[8D[J[1;32muart:~$ [m[8D[J[00:03:56.056,000] [0m<inf> imu: ICM-42688-P  a   0.358  -0.067   9.928  g   0.000  -0.004   0.000[0m
[1;32muart:~$ [m[8D[J[00:03:56.107,000] [0m<inf> imu: LSM6DS3TR-C  a   0.090   0.028  10.201  g   0.023  -0.060   0.014[0m
[1;32muart:~$ [m[8D[J[00:03:56.108,000] [0m<inf> imu: LSM6DSV16X   a   0.377   0.117  10.524  g  -0.012   0.001  -0.002[0m
[1;32muart:~$ [m[8D[J[00:03:56.109,000] [0m<inf> imu: ICM-42688-P  a   0.341  -0.062   9.914  g  -0.001  -0.005  -0.001[0m
[1;32muart:~$ [m[8D[J[1;32muart:~$ [m[8D[J[00:03:56.160,000] [0m<inf> imu: LSM6DS3TR-C  a   0.096   0.010  10.189  g   0.023  -0.062   0.016[0m
[1;32muart:~$ [m[8D[J[00:03:56.161,000] [0m<inf> imu: LSM6DSV16X   a   0.376   0.112  10.512  g  -0.012   0.002  -0.002[0m
[1;32muart:~$ [m[8D[J[1;32muart:~$ [m[8D[J[00:03:56.161,000] [0m<inf> imu: ICM-42688-P  a   0.369  -0.069   9.912  g  -0.001  -0.005   0.001[0m
[1;32muart:~$ [m[8D[J[00:03:56.213,000] [0m<inf> imu: LSM6DS3TR-C  a   0.077   0.004  10.150  g   0.022  -0.062   0.013[0m
[1;32muart:~$ [m[8D[J[00:03:56.214,000] [0m<inf> imu: LSM6DSV16X   a   0.378   0.112  10.514  g  -0.011   0.001  -0.003[0m
[1;32muart:~$ [m[8D[J[1;32muart:~$ [m[8D[J[00:03:56.215,000] [0m<inf> imu: ICM-42688-P  a   0.354  -0.062   9.924  g  -0.001  -0.004   0.000[0m
[1;32muart:~$ [m[8D[J[00:03:56.266,000] [0m<inf> imu: LSM6DS3TR-C  a   0.114   0.041  10.152  g   0.024  -0.060   0.014[0m
[1;32muart:~$ [m[8D[J[00:03:56.267,000] [0m<inf> imu: LSM6DSV16X   a   0.380   0.115  10.513  g  -0.012   0.002  -0.003[0m
[1;32muart:~$ [m[8D[J[1;32muart:~$ [m[8D[J[00:03:56.267,000] [0m<inf> imu: ICM-42688-P  a   0.353  -0.069   9.930  g   0.000  -0.005  -0.000[0m
[1;32muart:~$ [m[8D[J[00:03:56.318,000] [0m<inf> imu: LSM6DS3TR-C  a   0.086   0.017  10.192  g   0.022  -0.060   0.013[0m
[1;32muart:~$ [m[8D[J[00:03:56.319,000] [0m<inf> imu: LSM6DSV16X   a   0.381   0.124  10.528  g  -0.012   0.002  -0.002[0m
[1;32muart:~$ [m[8D[J[1;32muart:~$ [m[8D[J[00:03:56.319,000] [0m<inf> imu: ICM-42688-P  a   0.354  -0.060   9.930  g  -0.001  -0.005   0.000[0m
[1;32muart:~$ [m[8D[J[00:03:56.370,000] [0m<inf> imu: LSM6DS3TR-C  a   0.120   0.034  10.215  g   0.025  -0.061   0.015[0m
[1;32muart:~$ [m[8D[J[00:03:56.371,000] [0m<inf> imu: LSM6DSV16X   a   0.380   0.122  10.522  g  -0.011   0.002  -0.003[0m
[1;32muart:~$ [m[8D[J[1;32muart:~$ [m[8D[J[00:03:56.372,000] [0m<inf> imu: ICM-42688-P  a   0.350  -0.065   9.923  g  -0.000  -0.005   0.001[0m
[1;32muart:~$ [m[8D[J[00:03:56.423,000] [0m<inf> imu: LSM6DS3TR-C  a   0.101   0.004  10.217  g   0.023  -0.061   0.014[0m
[1;32muart:~$ [m[8D[J[00:03:56.423,000] [0m<inf> imu: LSM6DSV16X   a   0.378   0.117  10.514  g  -0.011   0.002  -0.003[0m
[1;32muart:~$ [m[8D[J[00:03:56.424,000] [0m<inf> imu: ICM-42688-P  a   0.363  -0.072   9.929  g   0.000  -0.006   0.000[0m
[1;32muart:~$ [m[8D[J[1;32muart:~$ [m[8D[J[00:03:56.475,000] [0m<inf> imu: LSM6DS3TR-C  a   0.081   0.042  10.154  g   0.025  -0.061   0.014[0m
[1;32muart:~$ [m[8D[J[00:03:56.476,000] [0m<inf> imu: LSM6DSV16X   a   0.373   0.120  10.510  g  -0.012   0.003  -0.003[0m
[1;32muart:~$ [m[8D[J[00:03:56.476,000] [0m<inf> imu: ICM-42688-P  a   0.356  -0.059   9.926  g  -0.000  -0.003   0.000[0m
[1;32muart:~$ [m[8D[J[00:03:56.527,000] [0m<inf> imu: LSM6DS3TR-C  a   0.102   0.026  10.202  g   0.024  -0.062   0.015[0m
[1;32muart:~$ [m[8D[J[1;32muart:~$ [m[8D[J[00:03:56.528,000] [0m<inf> imu: LSM6DSV16X   a   0.376   0.115  10.519  g  -0.012   0.001  -0.002[0m
[1;32muart:~$ [m[8D[J[00:03:56.528,000] [0m<inf> imu: ICM-42688-P  a   0.358  -0.056   9.926  g   0.000  -0.004   0.000[0m
[1;32muart:~$ [m[8D[J[1;32muart:~$ [m[8D[J[00:03:56.579,000] [0m<inf> imu: LSM6DS3TR-C  a   0.107   0.028  10.184  g   0.021  -0.062   0.012[0m
[1;32muart:~$ [m[8D[J[00:03:56.580,000] [0m<inf> imu: LSM6DSV16X   a   0.377   0.112  10.515  g  -0.011   0.002  -0.002[0m
[1;32muart:~$ [m[8D[J[1;32muart:~$ [m[8D[J[00:03:56.581,000] [0m<inf> imu: ICM-42688-P  a   0.356  -0.065   9.931  g   0.000  -0.005   0.000[0m
[1;32muart:~$ [m[8D[J[00:03:56.632,000] [0m<inf> imu: LSM6DS3TR-C  a   0.093   0.014  10.204  g   0.024  -0.060   0.015[0m
[1;32muart:~$ [m[8D[J[00:03:56.632,000] [0m<inf> imu: LSM6DSV16X   a   0.380   0.115  10.516  g  -0.012   0.002  -0.003[0m
[1;32muart:~$ [m[8D[J[1;32muart:~$ [m[8D[J[00:03:56.633,000] [0m<inf> imu: ICM-42688-P  a   0.353  -0.056   9.919  g  -0.001  -0.005  -0.000[0m
[1;32muart:~$ [m[8D[J[00:03:56.684,000] [0m<inf> imu: LSM6DS3TR-C  a   0.111   0.039  10.200  g   0.022  -0.062   0.013[0m
[1;32muart:~$ [m[8D[J[1;32muart:~$ [m[8D[J[00:03:56.685,000] [0m<inf> imu: LSM6DSV16X   a   0.375   0.113  10.524  g  -0.010   0.002  -0.003[0m
[1;32muart:~$ [m[8D[J[00:03:56.685,000] [0m<inf> imu: ICM-42688-P  a   0.356  -0.066   9.926  g   0.000  -0.005   0.001[0m
[1;32muart:~$ [m[8D[J[00:03:56.737,000] [0m<inf> imu: LSM6DS3TR-C  a   0.087   0.011  10.187  g   0.024  -0.063   0.014[0m
[1;32muart:~$ [m[8D[J[00:03:56.738,000] [0m<inf> imu: LSM6DSV16X   a   0.371   0.117  10.515  g  -0.012   0.002  -0.003[0m
[1;32muart:~$ [m[8D[J[1;32muart:~$ [m[8D[J[00:03:56.738,000] [0m<inf> imu: ICM-42688-P  a   0.348  -0.054   9.910  g   0.000  -0.005   0.000[0m
[1;32muart:~$ [m[8D[J[00:03:56.789,000] [0m<inf> imu: LSM6DS3TR-C  a   0.114   0.023  10.192  g   0.022  -0.061   0.013[0m
[1;32muart:~$ [m[8D[J[1;32muart:~$ [m[8D[J[00:03:56.790,000] [0m<inf> imu: LSM6DSV16X   a   0.376   0.114  10.513  g  -0.010   0.002  -0.003[0m
[1;32muart:~$ [m[8D[J[00:03:56.791,000] [0m<inf> imu: ICM-42688-P  a   0.370  -0.065   9.925  g   0.000  -0.005   0.000[0m
[1;32muart:~$ [m[8D[J[00:03:56.842,000] [0m<inf> imu: LSM6DS3TR-C  a   0.088   0.036  10.177  g   0.023  -0.061   0.016[0m
[1;32muart:~$ [m[8D[J[00:03:56.843,000] [0m<inf> imu: LSM6DSV16X   a   0.380   0.121  10.512  g  -0.011   0.002  -0.002[0m
[1;32muart:~$ [m[8D[J[1;32muart:~$ [m[8D[J[00:03:56.844,000] [0m<inf> imu: ICM-42688-P  a   0.362  -0.069   9.914  g  -0.000  -0.005   0.000[0m
[1;32muart:~$ [m[8D[J[00:03:56.895,000] [0m<inf> imu: LSM6DS3TR-C  a   0.102   0.020  10.169  g   0.023  -0.062   0.013[0m
[1;32muart:~$ [m[8D[J[1;32muart:~$ [m[8D[J[00:03:56.896,000] [0m<inf> imu: LSM6DSV16X   a   0.382   0.112  10.514  g  -0.011   0.003  -0.003[0m
[1;32muart:~$ [m[8D[J[00:03:56.896,000] [0m<inf> imu: ICM-42688-P  a   0.357  -0.060   9.924  g   0.000  -0.005   0.000[0m
[1;32muart:~$ [m[8D[J[00:03:56.947,000] [0m<inf> imu: LSM6DS3TR-C  a   0.087   0.022  10.199  g   0.023  -0.061   0.015[0m
[1;32muart:~$ [m[8D[J[00:03:56.949,000] [0m<inf> imu: LSM6DSV16X   a   0.379   0.121  10.518  g  -0.012   0.003  -0.002[0m
[1;32muart:~$ [m[8D[J[1;32muart:~$ [m[8D[J[00:03:56.950,000] [0m<inf> imu: ICM-42688-P  a   0.350  -0.065   9.925  g   0.000  -0.005   0.001[0m
[1;32muart:~$ [m[8D[J[00:03:57.001,000] [0m<inf> imu: LSM6DS3TR-C  a   0.084   0.011  10.192  g   0.023  -0.061   0.015[0m
[1;32muart:~$ [m[8D[J[1;32muart:~$ [m[8D[J[00:03:57.001,000] [0m<inf> imu: LSM6DSV16X   a   0.381   0.113  10.523  g  -0.013   0.002  -0.003[0m
[1;32muart:~$ [m[8D[J[00:03:57.002,000] [0m<inf> imu: ICM-42688-P  a   0.348  -0.069   9.917  g   0.000  -0.005  -0.001[0m
[1;32muart:~$ [m[8D[J[00:03:57.053,000] [0m<inf> imu: LSM6DS3TR-C  a   0.099   0.013  10.191  g   0.023  -0.060   0.015[0m
[1;32muart:~$ [m[8D[J[00:03:57.054,000] [0m<inf> imu: LSM6DSV16X   a   0.383   0.112  10.516  g  -0.011   0.002  -0.003[0m
[1;32muart:~$ [m[8D[J[1;32muart:~$ [m[8D[J[00:03:57.054,000] [0m<inf> imu: ICM-42688-P  a   0.357  -0.071   9.931  g   0.000  -0.005   0.000[0m
[1;32muart:~$ [m[8D[J[00:03:57.105,000] [0m<inf> imu: LSM6DS3TR-C  a   0.114   0.019  10.169  g   0.022  -0.061   0.015[0m
[1;32muart:~$ [m[8D[J[1;32muart:~$ [m[8D[J[00:03:57.106,000] [0m<inf> imu: LSM6DSV16X   a   0.380   0.115  10.513  g  -0.011   0.002  -0.002[0m
[1;32muart:~$ [m[8D[J[00:03:57.106,000] [0m<inf> imu: ICM-42688-P  a   0.347  -0.060   9.930  g  -0.001  -0.005   0.000[0m
[1;32muart:~$ [m[8D[J[00:03:57.157,000] [0m<inf> imu: LSM6DS3TR-C  a   0.083  -0.004  10.172  g   0.022  -0.060   0.014[0m
[1;32muart:~$ [m[8D[J[1;32muart:~$ [m[8D[J[00:03:57.158,000] [0m<inf> imu: LSM6DSV16X   a   0.376   0.112  10.521  g  -0.013   0.002  -0.003[0m
[1;32muart:~$ [m[8D[J[00:03:57.159,000] [0m<inf> imu: ICM-42688-P  a   0.350  -0.061   9.925  g  -0.001  -0.004   0.000[0m
[1;32muart:~$ [m[8D[J[00:03:57.210,000] [0m<inf> imu: LSM6DS3TR-C  a   0.101   0.033  10.167  g   0.024  -0.060   0.014[0m
[1;32muart:~$ [m[8D[J[1;32muart:~$ [m[8D[J[00:03:57.210,000] [0m<inf> imu: LSM6DSV16X   a   0.371   0.112  10.521  g  -0.011   0.002  -0.003[0m
[1;32muart:~$ [m[8D[J[00:03:57.211,000] [0m<inf> imu: ICM-42688-P  a   0.346  -0.057   9.924  g   0.000  -0.005   0.000[0m
[1;32muart:~$ [m[8D[J[00:03:57.262,000] [0m<inf> imu: LSM6DS3TR-C  a   0.054   0.013  10.178  g   0.024  -0.061   0.014[0m
[1;32muart:~$ [m[8D[J[1;32muart:~$ [m[8D[J[00:03:57.263,000] [0m<inf> imu: LSM6DSV16X   a   0.378   0.119  10.528  g  -0.011   0.002  -0.003[0m
[1;32muart:~$ [m[8D[J[00:03:57.264,000] [0m<inf> imu: ICM-42688-P  a   0.352  -0.060   9.918  g   0.001  -0.004  -0.001[0m
[1;32muart:~$ [m[8D[J[00:03:57.315,000] [0m<inf> imu: LSM6DS3TR-C  a   0.108   0.019  10.162  g   0.024  -0.062   0.014[0m
[1;32muart:~$ [m[8D[J[1;32muart:~$ [m[8D[J[00:03:57.317,000] [0m<inf> imu: LSM6DSV16X   a   0.373   0.114  10.516  g  -0.011   0.002  -0.003[0m
[1;32muart:~$ [m[8D[J[00:03:57.317,000] [0m<inf> imu: ICM-42688-P  a   0.350  -0.063   9.923  g  -0.001  -0.006   0.000[0m
[1;32muart:~$ [m[8D[J[00:03:57.369,000] [0m<inf> imu: LSM6DS3TR-C  a   0.078  -0.013  10.213  g   0.023  -0.060   0.015[0m
[1;32muart:~$ [m[8D[J[1;32muart:~$ [m[8D[J[00:03:57.371,000] [0m<inf> imu: LSM6DSV16X   a   0.378   0.120  10.519  g  -0.012   0.002  -0.003[0m
[1;32muart:~$ [m[8D[J[00:03:57.371,000] [0m<inf> imu: ICM-42688-P  a   0.346  -0.060   9.906  g  -0.000  -0.004   0.000[0m
[1;32muart:~$ [m[8D[J[00:03:57.423,000] [0m<inf> imu: LSM6DS3TR-C  a   0.113  -0.023  10.164  g   0.024  -0.062   0.014[0m
[1;32muart:~$ [m[8D[J[1;32muart:~$ [m[8D[J[00:03:57.424,000] [0m<inf> imu: LSM6DSV16X   a   0.378   0.112  10.515  g  -0.012   0.002  -0.003[0m
[1;32muart:~$ [m[8D[J[00:03:57.425,000] [0m<inf> imu: ICM-42688-P  a   0.351  -0.068   9.917  g  -0.000  -0.005   0.001[0m
[1;32muart:~$ [m[8D[J[1;32muart:~$ [m[8D[J[00:03:57.476,000] [0m<inf> imu: LSM6DS3TR-C  a   0.121   0.000  10.198  g   0.024  -0.060   0.016[0m
[1;32muart:~$ [m[8D[J[00:03:57.477,000] [0m<inf> imu: LSM6DSV16X   a   0.385   0.117  10.518  g  -0.012   0.002  -0.002[0m
[1;32muart:~$ [m[8D[J[00:03:57.477,000] [0m<inf> imu: ICM-42688-P  a   0.352  -0.062   9.922  g  -0.000  -0.005   0.000[0m
[1;32muart:~$ [m[8D[J[00:03:57.528,000] [0m<inf> imu: LSM6DS3TR-C  a   0.131   0.028  10.183  g   0.024  -0.062   0.012[0m
[1;32muart:~$ [m[8D[J[1;32muart:~$ [m[8D[J[00:03:57.529,000] [0m<inf> imu: LSM6DSV16X   a   0.382   0.120  10.521  g  -0.011   0.002  -0.003[0m
[1;32muart:~$ [m[8D[J[00:03:57.530,000] [0m<inf> imu: ICM-42688-P  a   0.358  -0.063   9.920  g   0.000  -0.005   0.000[0m
[1;32muart:~$ [m[8D[J[1;32muart:~$ [m[8D[J[00:03:57.581,000] [0m<inf> imu: LSM6DS3TR-C  a   0.065   0.034  10.190  g   0.023  -0.060   0.015[0m
[1;32muart:~$ [m[8D[J[00:03:57.582,000] [0m<inf> imu: LSM6DSV16X   a   0.383   0.117  10.519  g  -0.012   0.002  -0.003[0m
[1;32muart:~$ [m[8D[J[00:03:57.583,000] [0m<inf> imu: ICM-42688-P  a   0.356  -0.051   9.926  g   0.001  -0.005   0.000[0m
[1;32muart:~$ [m[8D[J[00:03:57.634,000] [0m<inf> imu: LSM6DS3TR-C  a   0.084   0.035  10.192  g   0.023  -0.061   0.014[0m
[1;32muart:~$ [m[8D[J[1;32muart:~$ [m[8D[J[00:03:57.635,000] [0m<inf> imu: LSM6DSV16X   a   0.373   0.117  10.516  g  -0.012   0.002  -0.003[0m
[1;32muart:~$ [m[8D[J[00:03:57.635,000] [0m<inf> imu: ICM-42688-P  a   0.365  -0.057   9.911  g   0.000  -0.004   0.000[0m
[1;32muart:~$ [m[8D[J[1;32muart:~$ [m[8D[J[00:03:57.687,000] [0m<inf> imu: LSM6DS3TR-C  a   0.099   0.004  10.174  g   0.023  -0.060   0.016[0m
[1;32muart:~$ [m[8D[J[00:03:57.688,000] [0m<inf> imu: LSM6DSV16X   a   0.378   0.115  10.515  g  -0.012   0.003  -0.002[0m
[1;32muart:~$ [m[8D[J[00:03:57.689,000] [0m<inf> imu: ICM-42688-P  a   0.356  -0.065   9.919  g   0.001  -0.005   0.000[0m
[1;32muart:~$ [m[8D[J[00:03:57.740,000] [0m<inf> imu: LSM6DS3TR-C  a   0.090  -0.004  10.202  g   0.024  -0.061   0.015[0m
[1;32muart:~$ [m[8D[J[1;32muart:~$ [m[8D[J[00:03:57.741,000] [0m<inf> imu: LSM6DSV16X   a   0.373   0.114  10.519  g  -0.012   0.002  -0.003[0m
[1;32muart:~$ [m[8D[J[00:03:57.742,000] [0m<inf> imu: ICM-42688-P  a   0.362  -0.066   9.931  g   0.001  -0.005   0.001[0m
[1;32muart:~$ [m[8D[J[1;32muart:~$ [m[8D[J[00:03:57.793,000] [0m<inf> imu: LSM6DS3TR-C  a   0.071   0.013  10.189  g   0.024  -0.061   0.016[0m
[1;32muart:~$ [m[8D[J[00:03:57.795,000] [0m<inf> imu: LSM6DSV16X   a   0.383   0.114  10.519  g  -0.012   0.001  -0.002[0m
[1;32muart:~$ [m[8D[J[00:03:57.796,000] [0m<inf> imu: ICM-42688-P  a   0.357  -0.056   9.930  g  -0.001  -0.005   0.000[0m
[1;32muart:~$ [m[8D[J[00:03:57.847,000] [0m<inf> imu: LSM6DS3TR-C  a   0.095   0.030  10.178  g   0.023  -0.061   0.016[0m
[1;32muart:~$ [m[8D[J[1;32muart:~$ [m[8D[J[00:03:57.847,000] [0m<inf> imu: LSM6DSV16X   a   0.376   0.114  10.511  g  -0.012   0.002  -0.003[0m
[1;32muart:~$ [m[8D[J[00:03:57.848,000] [0m<inf> imu: ICM-42688-P  a   0.350  -0.056   9.925  g   0.000  -0.005   0.000[0m
[1;32muart:~$ [m[8D[J[1;32muart:~$ [m[8D[J[00:03:57.899,000] [0m<inf> imu: LSM6DS3TR-C  a   0.096   0.023  10.171  g   0.023  -0.060   0.016[0m
[1;32muart:~$ [m[8D[J[00:03:57.901,000] [0m<inf> imu: LSM6DSV16X   a   0.383   0.115  10.516  g  -0.012   0.002  -0.003[0m
[1;32muart:~$ [m[8D[J[00:03:57.901,000] [0m<inf> imu: ICM-42688-P  a   0.352  -0.071   9.923  g   0.000  -0.005   0.000[0m
[1;32muart:~$ [m[8D[J[00:03:57.952,000] [0m<inf> imu: LSM6DS3TR-C  a   0.096   0.025  10.204  g   0.024  -0.060   0.013[0m
[1;32muart:~$ [m[8D[J[1;32muart:~$ [m[8D[J[00:03:57.953,000] [0m<inf> imu: LSM6DSV16X   a   0.378   0.117  10.521  g  -0.012   0.002  -0.002[0m
[1;32muart:~$ [m[8D[J[00:03:57.954,000] [0m<inf> imu: ICM-42688-P  a   0.360  -0.059   9.923  g   0.000  -0.005   0.000[0m
[1;32muart:~$ [m[8D[J[1;32muart:~$ [m[8D[J[00:03:58.005,000] [0m<inf> imu: LSM6DS3TR-C  a   0.096   0.018  10.180  g   0.024  -0.060   0.013[0m
[1;32muart:~$ [m[8D[J[00:03:58.005,000] [0m<inf> imu: LSM6DSV16X   a   0.379   0.115  10.516  g  -0.013   0.002  -0.003[0m
[1;32muart:~$ [m[8D[J[00:03:58.006,000] [0m<inf> imu: ICM-42688-P  a   0.350  -0.077   9.929  g   0.001  -0.004   0.000[0m
[1;32muart:~$ [m[8D[J[1;32muart:~$ [m[8D[J[00:03:58.057,000] [0m<inf> imu: LSM6DS3TR-C  a   0.098   0.033  10.150  g   0.024  -0.063   0.016[0m
[1;32muart:~$ [m[8D[J[00:03:58.058,000] [0m<inf> imu: LSM6DSV16X   a   0.382   0.119  10.515  g  -0.012   0.001  -0.002[0m
[1;32muart:~$ [m[8D[J[00:03:58.058,000] [0m<inf> imu: ICM-42688-P  a   0.352  -0.074   9.919  g   0.000  -0.005   0.000[0m
[1;32muart:~$ [m[8D[J[1;32muart:~$ [m[8D[J[00:03:58.109,000] [0m<inf> imu: LSM6DS3TR-C  a   0.092   0.012  10.177  g   0.024  -0.061   0.015[0m
[1;32muart:~$ [m[8D[J[00:03:58.110,000] [0m<inf> imu: LSM6DSV16X   a   0.385   0.112  10.522  g  -0.011   0.002  -0.002[0m
[1;32muart:~$ [m[8D[J[00:03:58.111,000] [0m<inf> imu: ICM-42688-P  a   0.339  -0.060   9.918  g   0.001  -0.005   0.000[0m
[1;32muart:~$ [m[8D[J[1;32muart:~$ [m[8D[J[00:03:58.162,000] [0m<inf> imu: LSM6DS3TR-C  a   0.086  -0.004  10.161  g   0.023  -0.061   0.015[0m
[1;32muart:~$ [m[8D[J[00:03:58.162,000] [0m<inf> imu: LSM6DSV16X   a   0.383   0.119  10.517  g  -0.011   0.002  -0.003[0m
[1;32muart:~$ [m[8D[J[00:03:58.163,000] [0m<inf> imu: ICM-42688-P  a   0.354  -0.060   9.932  g   0.000  -0.005   0.000[0m
[1;32muart:~$ [m[8D[J[1;32muart:~$ [m[8D[J[00:03:58.214,000] [0m<inf> imu: LSM6DS3TR-C  a   0.091   0.041  10.199  g   0.024  -0.060   0.013[0m
[1;32muart:~$ [m[8D[J[00:03:58.215,000] [0m<inf> imu: LSM6DSV16X   a   0.380   0.117  10.519  g  -0.011   0.002  -0.002[0m
[1;32muart:~$ [m[8D[J[00:03:58.215,000] [0m<inf> imu: ICM-42688-P  a   0.348  -0.057   9.926  g   0.000  -0.005   0.000[0m
[1;32muart:~$ [m[8D[J[1;32muart:~$ [m[8D[J[00:03:58.266,000] [0m<inf> imu: LSM6DS3TR-C  a   0.107   0.034  10.202  g   0.024  -0.060   0.013[0m
[1;32muart:~$ [m[8D[J[00:03:58.267,000] [0m<inf> imu: LSM6DSV16X   a   0.373   0.114  10.517  g  -0.012   0.001  -0.002[0m
[1;32muart:~$ [m[8D[J[00:03:58.267,000] [0m<inf> imu: ICM-42688-P  a   0.356  -0.065   9.931  g  -0.001  -0.005   0.000[0m
[1;32muart:~$ [m[8D[J[1;32muart:~$ [m[8D[J[00:03:58.318,000] [0m<inf> imu: LSM6DS3TR-C  a   0.099   0.002  10.203  g   0.022  -0.062   0.015[0m
[1;32muart:~$ [m[8D[J[00:03:58.319,000] [0m<inf> imu: LSM6DSV16X   a   0.373   0.120  10.519  g  -0.012   0.002  -0.002[0m
[1;32muart:~$ [m[8D[J[00:03:58.320,000] [0m<inf> imu: ICM-42688-P  a   0.354  -0.060   9.919  g   0.000  -0.005   0.000[0m
[1;32muart:~$ [m[8D[J[1;32muart:~$ [m[8D[J[00:03:58.371,000] [0m<inf> imu: LSM6DS3TR-C  a   0.094   0.004  10.150  g   0.024  -0.061   0.015[0m
[1;32muart:~$ [m[8D[J[00:03:58.373,000] [0m<inf> imu: LSM6DSV16X   a   0.370   0.115  10.511  g  -0.012   0.003  -0.002[0m
[1;32muart:~$ [m[8D[J[00:03:58.373,000] [0m<inf> imu: ICM-42688-P  a   0.344  -0.065   9.923  g   0.000  -0.005   0.001[0m
[1;32muart:~$ [m[8D[J[00:03:58.424,000] [0m<inf> imu: LSM6DS3TR-C  a   0.117   0.015  10.178  g   0.023  -0.061   0.013[0m
[1;32muart:~$ [m[8D[J[1;32muart:~$ [m[8D[J[00:03:58.425,000] [0m<inf> imu: LSM6DSV16X   a   0.373   0.112  10.509  g  -0.012   0.002  -0.003[0m
[1;32muart:~$ [m[8D[J[00:03:58.425,000] [0m<inf> imu: ICM-42688-P  a   0.352  -0.061   9.932  g  -0.000  -0.005   0.001[0m
[1;32muart:~$ [m[8D[J[00:03:58.477,000] [0m<inf> imu: LSM6DS3TR-C  a   0.123   0.027  10.178  g   0.023  -0.060   0.015[0m
[1;32muart:~$ [m[8D[J[00:03:58.479,000] [0m<inf> imu: LSM6DSV16X   a   0.381   0.120  10.514  g  -0.011   0.002  -0.003[0m
[1;32muart:~$ [m[8D[J[1;32muart:~$ [m[8D[J[00:03:58.479,000] [0m<inf> imu: ICM-42688-P  a   0.346  -0.056   9.926  g   0.000  -0.005   0.000[0m
[1;32muart:~$ [m[8D[J[00:03:58.530,000] [0m<inf> imu: LSM6DS3TR-C  a   0.089   0.023  10.165  g   0.022  -0.062   0.014[0m
[1;32muart:~$ [m[8D[J[1;32muart:~$ [m[8D[J[00:03:58.531,000] [0m<inf> imu: LSM6DSV16X   a   0.374   0.118  10.502  g  -0.012   0.003  -0.003[0m
[1;32muart:~$ [m[8D[J[00:03:58.531,000] [0m<inf> imu: ICM-42688-P  a   0.350  -0.061   9.922  g   0.001  -0.005   0.001[0m
[1;32muart:~$ [m[8D[J[1;32muart:~$ [m[8D[J[00:03:58.583,000] [0m<inf> imu: LSM6DS3TR-C  a   0.074   0.036  10.153  g   0.022  -0.061   0.016[0m
[1;32muart:~$ [m[8D[J[00:03:58.585,000] [0m<inf> imu: LSM6DSV16X   a   0.380   0.110  10.516  g  -0.012   0.002  -0.002[0m
[1;32muart:~$ [m[8D[J[1;32muart:~$ [m[8D[J[00:03:58.585,000] [0m<inf> imu: ICM-42688-P  a   0.353  -0.061   9.940  g  -0.001  -0.005   0.000[0m
[1;32muart:~$ [m[8D[J[00:03:58.636,000] [0m<inf> imu: LSM6DS3TR-C  a   0.095   0.020  10.191  g   0.023  -0.061   0.013[0m
[1;32muart:~$ [m[8D[J[00:03:58.637,000] [0m<inf> imu: LSM6DSV16X   a   0.380   0.112  10.521  g  -0.012   0.002  -0.003[0m
[1;32muart:~$ [m[8D[J[00:03:58.637,000] [0m<inf> imu: ICM-42688-P  a   0.358  -0.063   9.935  g   0.001  -0.005   0.000[0m
[1;32muart:~$ [m[8D[J[1;32muart:~$ [m[8D[J[00:03:58.689,000] [0m<inf> imu: LSM6DS3TR-C  a   0.051   0.020  10.183  g   0.024  -0.059   0.014[0m
[1;32muart:~$ [m[8D[J[00:03:58.690,000] [0m<inf> imu: LSM6DSV16X   a   0.383   0.114  10.521  g  -0.011   0.002  -0.003[0m
[1;32muart:~$ [m[8D[J[1;32muart:~$ [m[8D[J[00:03:58.691,000] [0m<inf> imu: ICM-42688-P  a   0.350  -0.065   9.923  g   0.001  -0.005   0.000[0m
[1;32muart:~$ [m[8D[J[00:03:58.742,000] [0m<inf> imu: LSM6DS3TR-C  a   0.095  -0.002  10.165  g   0.024  -0.061   0.014[0m
[1;32muart:~$ [m[8D[J[00:03:58.743,000] [0m<inf> imu: LSM6DSV16X   a   0.378   0.115  10.519  g  -0.012   0.002  -0.002[0m
[1;32muart:~$ [m[8D[J[00:03:58.743,000] [0m<inf> imu: ICM-42688-P  a   0.373  -0.061   9.929  g  -0.000  -0.005   0.000[0m
[1;32muart:~$ [m[8D[J[1;32muart:~$ [m[8D[J[00:03:58.795,000] [0m<inf> imu: LSM6DS3TR-C  a   0.100   0.027  10.176  g   0.023  -0.061   0.014[0m
[1;32muart:~$ [m[8D[J[00:03:58.796,000] [0m<inf> imu: LSM6DSV16X   a   0.385   0.117  10.512  g  -0.012   0.002  -0.003[0m
[1;32muart:~$ [m[8D[J[1;32muart:~$ [m[8D[J[00:03:58.797,000] [0m<inf> imu: ICM-42688-P  a   0.359  -0.066   9.929  g  -0.000  -0.005   0.000[0m
[1;32muart:~$ [m[8D[J[00:03:58.848,000] [0m<inf> imu: LSM6DS3TR-C  a   0.098   0.008  10.213  g   0.024  -0.061   0.016[0m
[1;32muart:~$ [m[8D[J[00:03:58.849,000] [0m<inf> imu: LSM6DSV16X   a   0.387   0.112  10.521  g  -0.011   0.002  -0.002[0m
[1;32muart:~$ [m[8D[J[00:03:58.849,000] [0m<inf> imu: ICM-42688-P  a   0.358  -0.066   9.923  g   0.001  -0.005   0.000[0m
[1;32muart:~$ [m[8D[J[1;32muart:~$ [m[8D[J[00:03:58.900,000] [0m<inf> imu: LSM6DS3TR-C  a   0.156   0.036  10.155  g   0.024  -0.061   0.014[0m
[1;32muart:~$ [m[8D[J[00:03:58.901,000] [0m<inf> imu: LSM6DSV16X   a   0.379   0.115  10.512  g  -0.012   0.002  -0.002[0m
[1;32muart:~$ [m[8D[J[1;32muart:~$ [m[8D[J[00:03:58.901,000] [0m<inf> imu: ICM-42688-P  a   0.345  -0.072   9.926  g   0.000  -0.005   0.001[0m
[1;32muart:~$ [m[8D[J[00:03:58.952,000] [0m<inf> imu: LSM6DS3TR-C  a   0.075   0.033  10.180  g   0.024  -0.060   0.014[0m
[1;32muart:~$ [m[8D[J[00:03:58.953,000] [0m<inf> imu: LSM6DSV16X   a   0.377   0.117  10.522  g  -0.011   0.002  -0.002[0m
[1;32muart:~$ [m[8D[J[00:03:58.954,000] [0m<inf> imu: ICM-42688-P  a   0.358  -0.065   9.924  g   0.000  -0.005   0.000[0m
[1;32muart:~$ [m[8D[J[1;32muart:~$ [m[8D[J[00:03:59.005,000] [0m<inf> imu: LSM6DS3TR-C  a   0.106   0.029  10.156  g   0.024  -0.063   0.014[0m
[1;32muart:~$ [m[8D[J[00:03:59.005,000] [0m<inf> imu: LSM6DSV16X   a   0.376   0.110  10.519  g  -0.011   0.002  -0.002[0m
[1;32muart:~$ [m[8D[J[1;32muart:~$ [m[8D[J[00:03:59.006,000] [0m<inf> imu: ICM-42688-P  a   0.360  -0.065   9.926  g   0.000  -0.005  -0.000[0m
[1;32muart:~$ [m[8D[J[00:03:59.057,000] [0m<inf> imu: LSM6DS3TR-C  a   0.099   0.002  10.159  g   0.023  -0.061   0.016[0m
[1;32muart:~$ [m[8D[J[00:03:59.058,000] [0m<inf> imu: LSM6DSV16X   a   0.373   0.113  10.507  g  -0.011   0.002  -0.002[0m
[1;32muart:~$ [m[8D[J[00:03:59.058,000] [0m<inf> imu: ICM-42688-P  a   0.350  -0.061   9.930  g   0.000  -0.005   0.000[0m
[1;32muart:~$ [m[8D[J[1;32muart:~$ [m[8D[J[00:03:59.109,000] [0m<inf> imu: LSM6DS3TR-C  a   0.103   0.017  10.192  g   0.021  -0.063   0.014[0m
[1;32muart:~$ [m[8D[J[00:03:59.110,000] [0m<inf> imu: LSM6DSV16X   a   0.373   0.115  10.519  g  -0.011   0.002  -0.003[0m
[1;32muart:~$ [m[8D[J[1;32muart:~$ [m[8D[J[00:03:59.110,000] [0m<inf> imu: ICM-42688-P  a   0.347  -0.065   9.923  g  -0.000  -0.005   0.000[0m
[1;32muart:~$ [m[8D[J[00:03:59.162,000] [0m<inf> imu: LSM6DS3TR-C  a   0.107   0.017  10.188  g   0.024  -0.060   0.014[0m
[1;32muart:~$ [m[8D[J[00:03:59.162,000] [0m<inf> imu: LSM6DSV16X   a   0.381   0.115  10.509  g  -0.012   0.002  -0.003[0m
[1;32muart:~$ [m[8D[J[1;32muart:~$ [m[8D[J[00:03:59.163,000] [0m<inf> imu: ICM-42688-P  a   0.353  -0.061   9.936  g  -0.001  -0.005   0.000[0m
[1;32muart:~$ [m[8D[J[00:03:59.214,000] [0m<inf> imu: LSM6DS3TR-C  a   0.094   0.034  10.183  g   0.024  -0.061   0.017[0m
[1;32muart:~$ [m[8D[J[00:03:59.214,000] [0m<inf> imu: LSM6DSV16X   a   0.376   0.120  10.526  g  -0.012   0.001  -0.002[0m
[1;32muart:~$ [m[8D[J[1;32muart:~$ [m[8D[J[00:03:59.215,000] [0m<inf> imu: ICM-42688-P  a   0.357  -0.056   9.918  g  -0.001  -0.005   0.000[0m
[1;32muart:~$ [m[8D[J[00:03:59.267,000] [0m<inf> imu: LSM6DS3TR-C  a   0.101   0.038  10.171  g   0.025  -0.061   0.014[0m
[1;32muart:~$ [m[8D[J[00:03:59.268,000] [0m<inf> imu: LSM6DSV16X   a   0.383   0.112  10.524  g  -0.012   0.002  -0.003[0m
[1;32muart:~$ [m[8D[J[1;32muart:~$ [m[8D[J[00:03:59.268,000] [0m<inf> imu: ICM-42688-P  a   0.346  -0.060   9.924  g  -0.001  -0.004   0.001[0m
[1;32muart:~$ [m[8D[J[00:03:59.320,000] [0m<inf> imu: LSM6DS3TR-C  a   0.104   0.001  10.178  g   0.022  -0.060   0.014[0m
[1;32muart:~$ [m[8D[J[00:03:59.321,000] [0m<inf> imu: LSM6DSV16X   a   0.378   0.117  10.512  g  -0.011   0.002  -0.002[0m
[1;32muart:~$ [m[8D[J[1;32muart:~$ [m[8D[J[00:03:59.322,000] [0m<inf> imu: ICM-42688-P  a   0.350  -0.057   9.924  g   0.000  -0.005  -0.001[0m
[1;32muart:~$ [m[8D[J[00:03:59.374,000] [0m<inf> imu: LSM6DS3TR-C  a   0.105   0.050  10.148  g   0.024  -0.062   0.013[0m
[1;32muart:~$ [m[8D[J[00:03:59.375,000] [0m<inf> imu: LSM6DSV16X   a   0.375   0.114  10.521  g  -0.012   0.002  -0.002[0m
[1;32muart:~$ [m[8D[J[1;32muart:~$ [m[8D[J[00:03:59.375,000] [0m<inf> imu: ICM-42688-P  a   0.354  -0.065   9.920  g   0.001  -0.005  -0.000[0m
[1;32muart:~$ [m[8D[J[00:03:59.427,000] [0m<inf> imu: LSM6DS3TR-C  a   0.106   0.030  10.162  g   0.023  -0.060   0.014[0m
[1;32muart:~$ [m[8D[J[00:03:59.427,000] [0m<inf> imu: LSM6DSV16X   a   0.380   0.115  10.516  g  -0.011   0.003  -0.002[0m
[1;32muart:~$ [m[8D[J[1;32muart:~$ [m[8D[J[1;31m[1;31m--- 1 messages dropped ---
[0m[m[00:03:59.428,000] [0m<inf> imu: ICM-42688-P  a   0.357  -0.060   9.910  g   0.000  -0.005  -0.000[0m
[1;32muart:~$ [m[8D[J[00:03:59.480,000] [0m<inf> imu: LSM6DSV16X   a   0.380   0.113  10.519  g  -0.010   0.002  -0.003[0m
[1;32muart:~$ [m[8D[J[1;32muart:~$ [m[8D[J[1;31m[1;31m--- 1 messages dropped ---
[0m[m[00:03:59.480,000] [0m<inf> imu: ICM-42688-P  a   0.357  -0.054   9.923  g   0.000  -0.006   0.001[0m
[1;32muart:~$ [m[8D[J[00:03:59.532,000] [0m<inf> imu: LSM6DS3TR-C  a   0.081   0.025  10.149  g   0.025  -0.060   0.014[0m
[1;32muart:~$ [m[8D[J[00:03:59.534,000] [0m<inf> imu: ICM-42688-P  a   0.360  -0.065   9.919  g  -0.000  -0.005   0.000[0m
[1;32muart:~$ [m[8D[J[1;32muart:~$ [m[8D[J[1;31m[1;31m--- 2 messages dropped ---
[0m[m[00:03:59.585,000] [0m<inf> imu: LSM6DS3TR-C  a   0.112   0.013  10.183  g   0.024  -0.061   0.015[0m
[1;32muart:~$ [m[8D[J[00:03:59.638,000] [0m<inf> imu: LSM6DS3TR-C  a   0.113   0.019  10.197  g   0.024  -0.060   0.015[0m
[1;32muart:~$ [m[8D[J[1;32muart:~$ [m[8D[J[1;31m[1;31m--- 1 messages dropped ---
[0m[m[00:03:59.639,000] [0m<inf> imu: LSM6DSV16X   a   0.388   0.115  10.516  g  -0.011   0.002  -0.003[0m
[1;32muart:~$ [m[8D[J[00:03:59.640,000] [0m<inf> imu: ICM-42688-P  a   0.350  -0.063   9.926  g  -0.000  -0.005  -0.000[0m
[1;32muart:~$ [m[8D[J[00:03:59.692,000] [0m<inf> imu: LSM6DSV16X   a   0.380   0.120  10.518  g  -0.013   0.002  -0.003[0m
[1;32muart:~$ [m[8D[J[1;32muart:~$ [m[8D[J[1;31m[1;31m--- 2 messages dropped ---
[0m[m[00:03:59.692,000] [0m<inf> imu: ICM-42688-P  a   0.351  -0.055   9.925  g   0.001  -0.005   0.000[0m
[1;32muart:~$ [m[8D[J[00:03:59.746,000] [0m<inf> imu: ICM-42688-P  a   0.357  -0.067   9.924  g   0.000  -0.005   0.000[0m
[1;32muart:~$ [m[8D[J[1;32muart:~$ [m[8D[J[1;31m[1;31m--- 1 messages dropped ---
[0m[m[00:03:59.797,000] [0m<inf> imu: LSM6DS3TR-C  a   0.109   0.007  10.189  g   0.024  -0.061   0.013[0m
[1;32muart:~$ [m[8D[J[00:03:59.797,000] [0m<inf> imu: LSM6DSV16X   a   0.383   0.117  10.516  g  -0.012   0.002  -0.003[0m
[1;32muart:~$ [m[8D[J[00:03:59.849,000] [0m<inf> imu: LSM6DS3TR-C  a   0.081   0.036  10.169  g   0.024  -0.061   0.014[0m
[1;32muart:~$ [m[8D[J[1;32muart:~$ [m[8D[J[1;31m[1;31m--- 2 messages dropped ---
[0m[m[00:03:59.851,000] [0m<inf> imu: LSM6DSV16X   a   0.376   0.115  10.512  g  -0.011   0.002  -0.002[0m
[1;32muart:~$ [m[8D[J[00:03:59.903,000] [0m<inf> imu: LSM6DSV16X   a   0.373   0.115  10.521  g  -0.012   0.002  -0.002[0m
[1;32muart:~$ [m[8D[J[1;32muart:~$ [m[8D[J[00:03:59.904,000] [0m<inf> imu: ICM-42688-P  a   0.353  -0.060   9.924  g   0.000  -0.004   0.000[0m
[1;32muart:~$ [m[8D[J[00:03:59.955,000] [0m<inf> imu: LSM6DS3TR-C  a   0.086   0.022  10.201  g   0.025  -0.061   0.015[0m
[1;32muart:~$ [m[8D[J[00:03:59.956,000] [0m<inf> imu: LSM6DSV16X   a   0.381   0.119  10.512  g  -0.011   0.002  -0.002[0m
[1;32muart:~$ [m[8D[J[00:03:59.957,000] [0m<inf> imu: ICM-42688-P  a   0.351  -0.066   9.932  g   0.001  -0.005  -0.000[0m
[1;32muart:~$ [m[8D[J[1;32muart:~$ [m[8D[J[1;31m[1;31m--- 1 messages dropped ---
[0m[m[00:04:00.008,000] [0m<inf> imu: LSM6DS3TR-C  a   0.091   0.020  10.171  g   0.022  -0.060   0.013[0m
[1;32muart:~$ [m[8D[J[00:04:00.009,000] [0m<inf> imu: ICM-42688-P  a   0.347  -0.055   9.924  g   0.001  -0.005   0.000[0m
[1;32muart:~$ [m[8D[J[1;32muart:~$ [m[8D[J[1;31m[1;31m--- 1 messages dropped ---
[0m[m[00:04:00.060,000] [0m<inf> imu: LSM6DS3TR-C  a   0.073   0.035  10.196  g   0.025  -0.061   0.015[0m
[1;32muart:~$ [m[8D[J[00:04:00.061,000] [0m<inf> imu: LSM6DSV16X   a   0.380   0.117  10.519  g  -0.012   0.002  -0.003[0m
[1;32muart:~$ [m[8D[J[00:04:00.112,000] [0m<inf> imu: LSM6DS3TR-C  a   0.099   0.032  10.197  g   0.024  -0.061   0.015[0m
[1;32muart:~$ [m[8D[J[1;32muart:~$ [m[8D[J[1;31m[1;31m--- 2 messages dropped ---
[0m[m[00:04:00.113,000] [0m<inf> imu: LSM6DSV16X   a   0.373   0.117  10.525  g  -0.011   0.002  -0.003[0m
[1;32muart:~$ [m[8D[J[00:04:00.165,000] [0m<inf> imu: LSM6DSV16X   a   0.378   0.112  10.515  g  -0.011   0.003  -0.002[0m
[1;32muart:~$ [m[8D[J[1;32muart:~$ [m[8D[J[1;31m[1;31m--- 1 messages dropped ---
[0m[m[00:04:00.166,000] [0m<inf> imu: ICM-42688-P  a   0.360  -0.072   9.920  g   0.000  -0.005  -0.000[0m
[1;32muart:~$ [m[8D[J[00:04:00.217,000] [0m<inf> imu: LSM6DS3TR-C  a   0.111   0.025  10.178  g   0.024  -0.060   0.014[0m
[1;32muart:~$ [m[8D[J[00:04:00.218,000] [0m<inf> imu: ICM-42688-P  a   0.350  -0.055   9.925  g  -0.001  -0.005   0.001[0m
[1;32muart:~$ [m[8D[J[1;32muart:~$ [m[8D[J[1;31m[1;31m--- 2 messages dropped ---
[0m[m[00:04:00.269,000] [0m<inf> imu: LSM6DS3TR-C  a   0.078  -0.013  10.184  g   0.024  -0.061   0.014[0m
[1;32muart:~$ [m[8D[J[00:04:00.321,000] [0m<inf> imu: LSM6DS3TR-C  a   0.106   0.033  10.239  g   0.024  -0.063   0.012[0m
[1;32muart:~$ [m[8D[J[1;32muart:~$ [m[8D[J[00:04:00.322,000] [0m<inf> imu: LSM6DSV16X   a   0.376   0.112  10.516  g  -0.012   0.002  -0.002[0m
[1;32muart:~$ [m[8D[J[00:04:00.322,000] [0m<inf> imu: ICM-42688-P  a   0.353  -0.069   9.918  g   0.000  -0.005  -0.001[0m
[1;32muart:~$ [m[8D[J[00:04:00.374,000] [0m<inf> imu: LSM6DS3TR-C  a   0.093   0.034  10.191  g   0.023  -0.061   0.014[0m
[1;32muart:~$ [m[8D[J[1;32muart:~$ [m[8D[J[00:04:00.374,000] [0m<inf> imu: LSM6DSV16X   a   0.373   0.113  10.521  g  -0.012   0.002  -0.003[0m
[1;32muart:~$ [m[8D[J[00:04:00.375,000] [0m<inf> imu: ICM-42688-P  a   0.346  -0.056   9.925  g  -0.001  -0.005   0.001[0m
[1;32muart:~$ [m[8D[J[00:04:00.426,000] [0m<inf> imu: LSM6DS3TR-C  a   0.069   0.047  10.178  g   0.025  -0.062   0.015[0m
[1;32muart:~$ [m[8D[J[1;32muart:~$ [m[8D[J[00:04:00.427,000] [0m<inf> imu: LSM6DSV16X   a   0.377   0.115  10.514  g  -0.012   0.002  -0.003[0m
[1;32muart:~$ [m[8D[J[00:04:00.427,000] [0m<inf> imu: ICM-42688-P  a   0.346  -0.069   9.936  g   0.000  -0.005  -0.000[0m
[1;32muart:~$ [m[8D[J[00:04:00.478,000] [0m<inf> imu: LSM6DS3TR-C  a   0.100   0.030  10.180  g   0.023  -0.061   0.015[0m
[1;32muart:~$ [m[8D[J[1;32muart:~$ [m[8D[J[00:04:00.479,000] [0m<inf> imu: LSM6DSV16X   a   0.380   0.117  10.519  g  -0.012   0.002  -0.003[0m
[1;32muart:~$ [m[8D[J[00:04:00.479,000] [0m<inf> imu: ICM-42688-P  a   0.354  -0.056   9.936  g  -0.001  -0.005   0.000[0m
[1;32muart:~$ [m[8D[J[00:04:00.530,000] [0m<inf> imu: LSM6DS3TR-C  a   0.101  -0.001  10.188  g   0.022  -0.060   0.013[0m
[1;32muart:~$ [m[8D[J[1;32muart:~$ [m[8D[J[00:04:00.531,000] [0m<inf> imu: LSM6DSV16X   a   0.380   0.111  10.516  g  -0.012   0.004  -0.003[0m
[1;32muart:~$ [m[8D[J[00:04:00.531,000] [0m<inf> imu: ICM-42688-P  a   0.353  -0.062   9.917  g   0.000  -0.005   0.000[0m
[1;32muart:~$ [m[8D[J[00:04:00.583,000] [0m<inf> imu: LSM6DS3TR-C  a   0.112  -0.010  10.195  g   0.021  -0.062   0.013[0m
[1;32muart:~$ [m[8D[J[00:04:00.583,000] [0m<inf> imu: LSM6DSV16X   a   0.385   0.115  10.523  g  -0.012   0.003  -0.002[0m
[1;32muart:~$ [m[8D[J[1;32muart:~$ [m[8D[J[00:04:00.584,000] [0m<inf> imu: ICM-42688-P  a   0.354  -0.054   9.925  g  -0.001  -0.005   0.000[0m
[1;32muart:~$ [m[8D[J[00:04:00.635,000] [0m<inf> imu: LSM6DS3TR-C  a   0.084   0.019  10.176  g   0.024  -0.062   0.013[0m
[1;32muart:~$ [m[8D[J[00:04:00.635,000] [0m<inf> imu: LSM6DSV16X   a   0.373   0.122  10.518  g  -0.012   0.002  -0.002[0m
[1;32muart:~$ [m[8D[J[00:04:00.636,000] [0m<inf> imu: ICM-42688-P  a   0.356  -0.061   9.925  g  -0.000  -0.005  -0.000[0m
[1;32muart:~$ [m[8D[J[1;32muart:~$ [m[8D[J[00:04:00.687,000] [0m<inf> imu: LSM6DS3TR-C  a   0.132   0.032  10.140  g   0.024  -0.061   0.012[0m
[1;32muart:~$ [m[8D[J[00:04:00.688,000] [0m<inf> imu: LSM6DSV16X   a   0.374   0.120  10.518  g  -0.012   0.002  -0.002[0m
[1;32muart:~$ [m[8D[J[00:04:00.688,000] [0m<inf> imu: ICM-42688-P  a   0.342  -0.059   9.917  g   0.000  -0.005  -0.000[0m
[1;32muart:~$ [m[8D[J[00:04:00.740,000] [0m<inf> imu: LSM6DS3TR-C  a   0.095   0.000  10.213  g   0.024  -0.061   0.014[0m
[1;32muart:~$ [m[8D[J[00:04:00.741,000] [0m<inf> imu: LSM6DSV16X   a   0.381   0.120  10.512  g  -0.011   0.002  -0.003[0m
[1;32muart:~$ [m[8D[J[1;32muart:~$ [m[8D[J[00:04:00.741,000] [0m<inf> imu: ICM-42688-P  a   0.360  -0.053   9.926  g   0.001  -0.005   0.000[0m
[1;32muart:~$ [m[8D[J[00:04:00.792,000] [0m<inf> imu: LSM6DS3TR-C  a   0.102   0.012  10.180  g   0.024  -0.062   0.013[0m
[1;32muart:~$ [m[8D[J[1;32muart:~$ [m[8D[J[00:04:00.793,000] [0m<inf> imu: LSM6DSV16X   a   0.376   0.118  10.515  g  -0.011   0.001  -0.003[0m
[1;32muart:~$ [m[8D[J[00:04:00.794,000] [0m<inf> imu: ICM-42688-P  a   0.347  -0.069   9.940  g   0.000  -0.005   0.001[0m
[1;32muart:~$ [m[8D[J[00:04:00.845,000] [0m<inf> imu: LSM6DS3TR-C  a   0.072   0.028  10.210  g   0.022  -0.060   0.014[0m
[1;32muart:~$ [m[8D[J[1;32muart:~$ [m[8D[J[00:04:00.845,000] [0m<inf> imu: LSM6DSV16X   a   0.380   0.124  10.509  g  -0.011   0.002  -0.002[0m
[1;32muart:~$ [m[8D[J[00:04:00.846,000] [0m<inf> imu: ICM-42688-P  a   0.345  -0.068   9.919  g   0.000  -0.005  -0.000[0m
[1;32muart:~$ [m[8D[J[1;32muart:~$ [m[8D[J[00:04:00.897,000] [0m<inf> imu: LSM6DS3TR-C  a   0.083   0.025  10.202  g   0.022  -0.061   0.014[0m
[1;32muart:~$ [m[8D[J[00:04:00.898,000] [0m<inf> imu: LSM6DSV16X   a   0.378   0.119  10.528  g  -0.011   0.004  -0.002[0m
[1;32muart:~$ [m[8D[J[00:04:00.898,000] [0m<inf> imu: ICM-42688-P  a   0.342  -0.065   9.928  g   0.000  -0.004   0.000[0m
[1;32muart:~$ [m[8D[J[00:04:00.949,000] [0m<inf> imu: LSM6DS3TR-C  a   0.098   0.044  10.182  g   0.023  -0.062   0.016[0m
[1;32muart:~$ [m[8D[J[1;32muart:~$ [m[8D[J[00:04:00.950,000] [0m<inf> imu: LSM6DSV16X   a   0.376   0.112  10.516  g  -0.011   0.002  -0.003[0m
[1;32muart:~$ [m[8D[J[00:04:00.950,000] [0m<inf> imu: ICM-42688-P  a   0.350  -0.055   9.918  g   0.001  -0.004   0.000[0m
[1;32muart:~$ [m[8D[J[1;32muart:~$ [m[8D[J[00:04:01.001,000] [0m<inf> imu: LSM6DS3TR-C  a   0.083   0.033  10.165  g   0.024  -0.060   0.014[0m
[1;32muart:~$ [m[8D[J[00:04:01.002,000] [0m<inf> imu: LSM6DSV16X   a   0.378   0.117  10.515  g  -0.012   0.002  -0.003[0m
[1;32muart:~$ [m[8D[J[00:04:01.003,000] [0m<inf> imu: ICM-42688-P  a   0.347  -0.069   9.926  g   0.000  -0.005  -0.001[0m
[1;32muart:~$ [m[8D[J[00:04:01.054,000] [0m<inf> imu: LSM6DS3TR-C  a   0.084   0.022  10.183  g   0.022  -0.061   0.013[0m
[1;32muart:~$ [m[8D[J[1;32muart:~$ [m[8D[J[00:04:01.054,000] [0m<inf> imu: LSM6DSV16X   a   0.376   0.122  10.519  g  -0.011   0.002  -0.003[0m
[1;32muart:~$ [m[8D[J[00:04:01.055,000] [0m<inf> imu: ICM-42688-P  a   0.345  -0.048   9.919  g  -0.000  -0.005   0.000[0m
[1;32muart:~$ [m[8D[J[1;32muart:~$ [m[8D[J[00:04:01.106,000] [0m<inf> imu: LSM6DS3TR-C  a   0.097  -0.001  10.189  g   0.023  -0.060   0.014[0m
[1;32muart:~$ [m[8D[J[00:04:01.107,000] [0m<inf> imu: LSM6DSV16X   a   0.375   0.123  10.524  g  -0.011   0.002  -0.002[0m
[1;32muart:~$ [m[8D[J[00:04:01.107,000] [0m<inf> imu: ICM-42688-P  a   0.357  -0.059   9.934  g   0.000  -0.005   0.001[0m
[1;32muart:~$ [m[8D[J[00:04:01.158,000] [0m<inf> imu: LSM6DS3TR-C  a   0.135  -0.004  10.194  g   0.023  -0.061   0.013[0m
[1;32muart:~$ [m[8D[J[1;32muart:~$ [m[8D[J[00:04:01.159,000] [0m<inf> imu: LSM6DSV16X   a   0.376   0.114  10.524  g  -0.012   0.002  -0.002[0m
[1;32muart:~$ [m[8D[J[00:04:01.159,000] [0m<inf> imu: ICM-42688-P  a   0.346  -0.060   9.919  g  -0.000  -0.005   0.000[0m
[1;32muart:~$ [m[8D[J[1;32muart:~$ [m[8D[J[00:04:01.210,000] [0m<inf> imu: LSM6DS3TR-C  a   0.096   0.025  10.184  g   0.023  -0.059   0.015[0m
[1;32muart:~$ [m[8D[J[00:04:01.211,000] [0m<inf> imu: LSM6DSV16X   a   0.383   0.117  10.521  g  -0.010   0.002  -0.002[0m
[1;32muart:~$ [m[8D[J[00:04:01.211,000] [0m<inf> imu: ICM-42688-P  a   0.353  -0.055   9.930  g  -0.001  -0.005  -0.001[0m
[1;32muart:~$ [m[8D[J[1;32muart:~$ [m[8D[J[00:04:01.263,000] [0m<inf> imu: LSM6DS3TR-C  a   0.106   0.032  10.189  g   0.023  -0.061   0.013[0m
[1;32muart:~$ [m[8D[J[00:04:01.264,000] [0m<inf> imu: LSM6DSV16X   a   0.375   0.115  10.524  g  -0.011   0.002  -0.003[0m
[1;32muart:~$ [m[8D[J[00:04:01.265,000] [0m<inf> imu: ICM-42688-P  a   0.358  -0.062   9.926  g  -0.001  -0.004  -0.000[0m
[1;32muart:~$ [m[8D[J[1;32muart:~$ [m[8D[J[00:04:01.317,000] [0m<inf> imu: LSM6DS3TR-C  a   0.100   0.020  10.202  g   0.024  -0.063   0.015[0m
[1;32muart:~$ [m[8D[J[00:04:01.318,000] [0m<inf> imu: LSM6DSV16X   a   0.378   0.123  10.515  g  -0.011   0.002  -0.003[0m
[1;32muart:~$ [m[8D[J[00:04:01.319,000] [0m<inf> imu: ICM-42688-P  a   0.366  -0.065   9.923  g   0.001  -0.005   0.001[0m
[1;32muart:~$ [m[8D[J[1;32muart:~$ [m[8D[J[00:04:01.370,000] [0m<inf> imu: LSM6DS3TR-C  a   0.106   0.008  10.155  g   0.022  -0.060   0.015[0m
[1;32muart:~$ [m[8D[J[00:04:01.371,000] [0m<inf> imu: LSM6DSV16X   a   0.379   0.117  10.519  g  -0.011   0.002  -0.002[0m
[1;32muart:~$ [m[8D[J[00:04:01.371,000] [0m<inf> imu: ICM-42688-P  a   0.352  -0.062   9.917  g   0.000  -0.005   0.000[0m
[1;32muart:~$ [m[8D[J[1;32muart:~$ [m[8D[J[00:04:01.423,000] [0m<inf> imu: LSM6DS3TR-C  a   0.114   0.041  10.184  g   0.023  -0.061   0.016[0m
[1;32muart:~$ [m[8D[J[00:04:01.424,000] [0m<inf> imu: LSM6DSV16X   a   0.382   0.119  10.523  g  -0.012   0.002  -0.002[0m
[1;32muart:~$ [m[8D[J[00:04:01.425,000] [0m<inf> imu: ICM-42688-P  a   0.335  -0.061   9.926  g  -0.000  -0.005   0.000[0m
[1;32muart:~$ [m[8D[J[1;32muart:~$ [m[8D[J[00:04:01.476,000] [0m<inf> imu: LSM6DS3TR-C  a   0.108  -0.001  10.176  g   0.022  -0.060   0.016[0m
[1;32muart:~$ [m[8D[J[00:04:01.477,000] [0m<inf> imu: LSM6DSV16X   a   0.381   0.119  10.513  g  -0.011   0.003  -0.002[0m
[1;32muart:~$ [m[8D[J[00:04:01.477,000] [0m<inf> imu: ICM-42688-P  a   0.360  -0.062   9.923  g   0.000  -0.005   0.001[0m
[1;32muart:~$ [m[8D[J[1;32muart:~$ [m[8D[J[00:04:01.528,000] [0m<inf> imu: LSM6DS3TR-C  a   0.103   0.019  10.180  g   0.023  -0.061   0.015[0m
[1;32muart:~$ [m[8D[J[00:04:01.529,000] [0m<inf> imu: LSM6DSV16X   a   0.378   0.115  10.527  g  -0.012   0.002  -0.003[0m
[1;32muart:~$ [m[8D[J[00:04:01.530,000] [0m<inf> imu: ICM-42688-P  a   0.360  -0.056   9.929  g   0.001  -0.005   0.000[0m
[1;32muart:~$ [m[8D[J[1;32muart:~$ [m[8D[J[00:04:01.581,000] [0m<inf> imu: LSM6DS3TR-C  a   0.096   0.023  10.174  g   0.024  -0.060   0.012[0m
[1;32muart:~$ [m[8D[J[00:04:01.581,000] [0m<inf> imu: LSM6DSV16X   a   0.373   0.117  10.515  g  -0.013   0.001  -0.002[0m
[1;32muart:~$ [m[8D[J[1;32muart:~$ [m[8D[J[00:04:01.582,000] [0m<inf> imu: ICM-42688-P  a   0.350  -0.066   9.931  g   0.000  -0.005   0.001[0m
[1;32muart:~$ [m[8D[J[00:04:01.633,000] [0m<inf> imu: LSM6DS3TR-C  a   0.103   0.039  10.206  g   0.025  -0.062   0.013[0m
[1;32muart:~$ [m[8D[J[00:04:01.635,000] [0m<inf> imu: LSM6DSV16X   a   0.383   0.115  10.505  g  -0.013   0.002  -0.003[0m
[1;32muart:~$ [m[8D[J[00:04:01.635,000] [0m<inf> imu: ICM-42688-P  a   0.330  -0.060   9.913  g   0.000  -0.005   0.000[0m
[1;32muart:~$ [m[8D[J[1;32muart:~$ [m[8D[J[00:04:01.687,000] [0m<inf> imu: LSM6DS3TR-C  a   0.119   0.020  10.186  g   0.023  -0.060   0.014[0m
[1;32muart:~$ [m[8D[J[00:04:01.687,000] [0m<inf> imu: LSM6DSV16X   a   0.385   0.115  10.512  g  -0.011   0.003  -0.003[0m
[1;32muart:~$ [m[8D[J[1;32muart:~$ [m[8D[J[00:04:01.688,000] [0m<inf> imu: ICM-42688-P  a   0.347  -0.063   9.914  g   0.000  -0.005   0.000[0m
[1;32muart:~$ [m[8D[J[00:04:01.739,000] [0m<inf> imu: LSM6DS3TR-C  a   0.114   0.022  10.183  g   0.026  -0.063   0.013[0m
[1;32muart:~$ [m[8D[J[00:04:01.740,000] [0m<inf> imu: LSM6DSV16X   a   0.376   0.115  10.514  g  -0.012   0.002  -0.002[0m
[1;32muart:~$ [m[8D[J[00:04:01.741,000] [0m<inf> imu: ICM-42688-P  a   0.352  -0.065   9.923  g  -0.001  -0.005   0.000[0m
[1;32muart:~$ [m[8D[J[1;32muart:~$ [m[8D[J[00:04:01.792,000] [0m<inf> imu: LSM6DS3TR-C  a   0.115   0.031  10.168  g   0.024  -0.059   0.013[0m
[1;32muart:~$ [m[8D[J[00:04:01.793,000] [0m<inf> imu: LSM6DSV16X   a   0.373   0.114  10.519  g  -0.012   0.003  -0.003[0m
[1;32muart:~$ [m[8D[J[1;32muart:~$ [m[8D[J[00:04:01.793,000] [0m<inf> imu: ICM-42688-P  a   0.348  -0.059   9.918  g   0.000  -0.004  -0.000[0m
[1;32muart:~$ [m[8D[J[00:04:01.845,000] [0m<inf> imu: LSM6DS3TR-C  a   0.065   0.021  10.162  g   0.023  -0.060   0.016[0m
[1;32muart:~$ [m[8D[J[00:04:01.846,000] [0m<inf> imu: LSM6DSV16X   a   0.381   0.117  10.519  g  -0.013   0.002  -0.002[0m
[1;32muart:~$ [m[8D[J[00:04:01.847,000] [0m<inf> imu: ICM-42688-P  a   0.354  -0.054   9.926  g   0.001  -0.005   0.001[0m
[1;32muart:~$ [m[8D[J[1;32muart:~$ [m[8D[J[00:04:01.898,000] [0m<inf> imu: LSM6DS3TR-C  a   0.112  -0.008  10.169  g   0.024  -0.060   0.015[0m
[1;32muart:~$ [m[8D[J[00:04:01.899,000] [0m<inf> imu: LSM6DSV16X   a   0.382   0.117  10.521  g  -0.012   0.002  -0.002[0m
[1;32muart:~$ [m[8D[J[1;32muart:~$ [m[8D[J[00:04:01.899,000] [0m<inf> imu: ICM-42688-P  a   0.354  -0.061   9.919  g   0.000  -0.005   0.000[0m
[1;32muart:~$ [m[8D[J[00:04:01.950,000] [0m<inf> imu: LSM6DS3TR-C  a   0.099   0.039  10.159  g   0.022  -0.061   0.014[0m
[1;32muart:~$ [m[8D[J[00:04:01.951,000] [0m<inf> imu: LSM6DSV16X   a   0.379   0.120  10.521  g  -0.013   0.002  -0.002[0m
[1;32muart:~$ [m[8D[J[1;32muart:~$ [m[8D[J[00:04:01.951,000] [0m<inf> imu: ICM-42688-P  a   0.352  -0.056   9.923  g   0.000  -0.005   0.000[0m
[1;32muart:~$ [m[8D[J[00:04:02.002,000] [0m<inf> imu: LSM6DS3TR-C  a   0.117   0.030  10.181  g   0.024  -0.063   0.013[0m
[1;32muart:~$ [m[8D[J[00:04:02.003,000] [0m<inf> imu: LSM6DSV16X   a   0.373   0.115  10.521  g  -0.011   0.002  -0.002[0m
[1;32muart:~$ [m[8D[J[1;32muart:~$ [m[8D[J[00:04:02.004,000] [0m<inf> imu: ICM-42688-P  a   0.345  -0.068   9.932  g   0.000  -0.005   0.001[0m
[1;32muart:~$ [m[8D[J[00:04:02.055,000] [0m<inf> imu: LSM6DS3TR-C  a   0.108  -0.006  10.193  g   0.023  -0.061   0.013[0m
[1;32muart:~$ [m[8D[J[00:04:02.055,000] [0m<inf> imu: LSM6DSV16X   a   0.385   0.115  10.512  g  -0.012   0.002  -0.002[0m
[1;32muart:~$ [m[8D[J[1;32muart:~$ [m[8D[J[00:04:02.056,000] [0m<inf> imu: ICM-42688-P  a   0.362  -0.057   9.919  g   0.001  -0.005   0.000[0m
[1;32muart:~$ [m[8D[J[00:04:02.107,000] [0m<inf> imu: LSM6DS3TR-C  a   0.099  -0.008  10.178  g   0.023  -0.062   0.013[0m
[1;32muart:~$ [m[8D[J[00:04:02.108,000] [0m<inf> imu: LSM6DSV16X   a   0.376   0.119  10.516  g  -0.011   0.002  -0.002[0m
[1;32muart:~$ [m[8D[J[1;32muart:~$ [m[8D[J[00:04:02.108,000] [0m<inf> imu: ICM-42688-P  a   0.363  -0.057   9.923  g  -0.001  -0.004  -0.001[0m
[1;32muart:~$ [m[8D[J[00:04:02.159,000] [0m<inf> imu: LSM6DS3TR-C  a   0.111   0.036  10.211  g   0.022  -0.063   0.013[0m
[1;32muart:~$ [m[8D[J[00:04:02.160,000] [0m<inf> imu: LSM6DSV16X   a   0.385   0.120  10.516  g  -0.011   0.002  -0.003[0m
[1;32muart:~$ [m[8D[J[1;32muart:~$ [m[8D[J[00:04:02.160,000] [0m<inf> imu: ICM-42688-P  a   0.356  -0.059   9.920  g  -0.000  -0.005   0.001[0m
[1;32muart:~$ [m[8D[J[00:04:02.211,000] [0m<inf> imu: LSM6DS3TR-C  a   0.134  -0.003  10.174  g   0.023  -0.061   0.014[0m
[1;32muart:~$ [m[8D[J[00:04:02.212,000] [0m<inf> imu: LSM6DSV16X   a   0.376   0.117  10.512  g  -0.012   0.002  -0.003[0m
[1;32muart:~$ [m[8D[J[1;32muart:~$ [m[8D[J[00:04:02.213,000] [0m<inf> imu: ICM-42688-P  a   0.341  -0.055   9.928  g   0.000  -0.005   0.000[0m
[1;32muart:~$ [m[8D[J[00:04:02.264,000] [0m<inf> imu: LSM6DS3TR-C  a   0.105   0.031  10.199  g   0.022  -0.061   0.016[0m
[1;32muart:~$ [m[8D[J[00:04:02.264,000] [0m<inf> imu: LSM6DSV16X   a   0.378   0.109  10.512  g  -0.011   0.002  -0.003[0m
[1;32muart:~$ [m[8D[J[1;32muart:~$ [m[8D[J[00:04:02.265,000] [0m<inf> imu: ICM-42688-P  a   0.359  -0.065   9.931  g   0.000  -0.005  -0.000[0m
[1;32muart:~$ [m[8D[J[00:04:02.316,000] [0m<inf> imu: LSM6DS3TR-C  a   0.068   0.011  10.171  g   0.022  -0.061   0.016[0m
[1;32muart:~$ [m[8D[J[00:04:02.317,000] [0m<inf> imu: LSM6DSV16X   a   0.380   0.117  10.522  g  -0.012   0.002  -0.003[0m
[1;32muart:~$ [m[8D[J[1;32muart:~$ [m[8D[J[00:04:02.317,000] [0m<inf> imu: ICM-42688-P  a   0.358  -0.061   9.928  g  -0.001  -0.004   0.000[0m
[1;32muart:~$ [m[8D[J[00:04:02.369,000] [0m<inf> imu: LSM6DS3TR-C  a   0.129   0.049  10.177  g   0.023  -0.060   0.015[0m
[1;32muart:~$ [m[8D[J[00:04:02.371,000] [0m<inf> imu: LSM6DSV16X   a   0.383   0.115  10.512  g  -0.011   0.002  -0.002[0m
[1;32muart:~$ [m[8D[J[1;32muart:~$ [m[8D[J[00:04:02.371,000] [0m<inf> imu: ICM-42688-P  a   0.350  -0.063   9.922  g   0.000  -0.004   0.000[0m
[1;32muart:~$ [m[8D[J[00:04:02.422,000] [0m<inf> imu: LSM6DS3TR-C  a   0.094   0.027  10.162  g   0.024  -0.062   0.014[0m
[1;32muart:~$ [m[8D[J[1;32muart:~$ [m[8D[J[00:04:02.423,000] [0m<inf> imu: LSM6DSV16X   a   0.380   0.119  10.511  g  -0.012   0.002  -0.003[0m
[1;32muart:~$ [m[8D[J[00:04:02.423,000] [0m<inf> imu: ICM-42688-P  a   0.352  -0.059   9.912  g  -0.001  -0.004   0.001[0m
[1;32muart:~$ [m[8D[J[00:04:02.475,000] [0m<inf> imu: LSM6DS3TR-C  a   0.108   0.007  10.175  g   0.020  -0.061   0.014[0m
[1;32muart:~$ [m[8D[J[00:04:02.476,000] [0m<inf> imu: LSM6DSV16X   a   0.373   0.117  10.509  g  -0.012   0.002  -0.003[0m
[1;32muart:~$ [m[8D[J[1;32muart:~$ [m[8D[J[00:04:02.477,000] [0m<inf> imu: ICM-42688-P  a   0.354  -0.065   9.929  g   0.000  -0.005   0.000[0m
[1;32muart:~$ [m[8D[J[00:04:02.528,000] [0m<inf> imu: LSM6DS3TR-C  a   0.108   0.016  10.185  g   0.021  -0.061   0.013[0m
[1;32muart:~$ [m[8D[J[00:04:02.528,000] [0m<inf> imu: LSM6DSV16X   a   0.376   0.114  10.529  g  -0.011   0.002  -0.002[0m
[1;32muart:~$ [m[8D[J[1;32muart:~$ [m[8D[J[00:04:02.529,000] [0m<inf> imu: ICM-42688-P  a   0.350  -0.060   9.920  g   0.000  -0.005   0.001[0m
[1;32muart:~$ [m[8D[J[00:04:02.580,000] [0m<inf> imu: LSM6DS3TR-C  a   0.111   0.042  10.163  g   0.024  -0.060   0.015[0m
[1;32muart:~$ [m[8D[J[1;32muart:~$ [m[8D[J[00:04:02.582,000] [0m<inf> imu: LSM6DSV16X   a   0.375   0.110  10.512  g  -0.011   0.003  -0.002[0m
[1;32muart:~$ [m[8D[J[00:04:02.583,000] [0m<inf> imu: ICM-42688-P  a   0.350  -0.072   9.917  g   0.001  -0.004   0.000[0m
[1;32muart:~$ [m[8D[J[00:04:02.634,000] [0m<inf> imu: LSM6DS3TR-C  a   0.102   0.020  10.122  g   0.024  -0.060   0.015[0m
[1;32muart:~$ [m[8D[J[00:04:02.634,000] [0m<inf> imu: LSM6DSV16X   a   0.378   0.118  10.518  g  -0.011   0.003  -0.003[0m
[1;32muart:~$ [m[8D[J[1;32muart:~$ [m[8D[J[00:04:02.635,000] [0m<inf> imu: ICM-42688-P  a   0.359  -0.061   9.937  g   0.000  -0.005   0.000[0m
[1;32muart:~$ [m[8D[J[00:04:02.686,000] [0m<inf> imu: LSM6DS3TR-C  a   0.102   0.012  10.171  g   0.023  -0.061   0.014[0m
[1;32muart:~$ [m[8D[J[1;32muart:~$ [m[8D[J[00:04:02.687,000] [0m<inf> imu: LSM6DSV16X   a   0.376   0.120  10.517  g  -0.012   0.002  -0.003[0m
[1;32muart:~$ [m[8D[J[00:04:02.687,000] [0m<inf> imu: ICM-42688-P  a   0.353  -0.067   9.918  g   0.000  -0.005   0.000[0m
[1;32muart:~$ [m[8D[J[00:04:02.738,000] [0m<inf> imu: LSM6DS3TR-C  a   0.101   0.009  10.190  g   0.024  -0.062   0.016[0m
[1;32muart:~$ [m[8D[J[00:04:02.739,000] [0m<inf> imu: LSM6DSV16X   a   0.369   0.117  10.516  g  -0.011   0.002  -0.003[0m
[1;32muart:~$ [m[8D[J[1;32muart:~$ [m[8D[J[00:04:02.739,000] [0m<inf> imu: ICM-42688-P  a   0.357  -0.063   9.914  g   0.001  -0.005   0.000[0m
[1;32muart:~$ [m[8D[J[00:04:02.790,000] [0m<inf> imu: LSM6DS3TR-C  a   0.071   0.012  10.145  g   0.023  -0.058   0.014[0m
[1;32muart:~$ [m[8D[J[1;32muart:~$ [m[8D[J[00:04:02.791,000] [0m<inf> imu: LSM6DSV16X   a   0.378   0.120  10.512  g  -0.012   0.002  -0.002[0m
[1;32muart:~$ [m[8D[J[00:04:02.791,000] [0m<inf> imu: ICM-42688-P  a   0.354  -0.060   9.922  g   0.000  -0.004   0.000[0m
[1;32muart:~$ [m[8D[J[00:04:02.843,000] [0m<inf> imu: LSM6DS3TR-C  a   0.069   0.031  10.194  g   0.023  -0.062   0.014[0m
[1;32muart:~$ [m[8D[J[00:04:02.843,000] [0m<inf> imu: LSM6DSV16X   a   0.373   0.120  10.512  g  -0.011   0.002  -0.003[0m
[1;32muart:~$ [m[8D[J[1;32muart:~$ [m[8D[J[00:04:02.844,000] [0m<inf> imu: ICM-42688-P  a   0.346  -0.068   9.926  g  -0.001  -0.005   0.000[0m
[1;32muart:~$ [m[8D[J[00:04:02.895,000] [0m<inf> imu: LSM6DS3TR-C  a   0.098   0.041  10.167  g   0.024  -0.060   0.015[0m
[1;32muart:~$ [m[8D[J[1;32muart:~$ [m[8D[J[00:04:02.895,000] [0m<inf> imu: LSM6DSV16X   a   0.376   0.117  10.515  g  -0.011   0.002  -0.002[0m
[1;32muart:~$ [m[8D[J[00:04:02.896,000] [0m<inf> imu: ICM-42688-P  a   0.344  -0.055   9.925  g   0.000  -0.005   0.000[0m
[1;32muart:~$ [m[8D[J[00:04:02.947,000] [0m<inf> imu: LSM6DS3TR-C  a   0.100   0.002  10.185  g   0.024  -0.060   0.015[0m
[1;32muart:~$ [m[8D[J[1;32muart:~$ [m[8D[J[00:04:02.948,000] [0m<inf> imu: LSM6DSV16X   a   0.383   0.117  10.516  g  -0.011   0.002  -0.003[0m
[1;32muart:~$ [m[8D[J[00:04:02.948,000] [0m<inf> imu: ICM-42688-P  a   0.352  -0.060   9.913  g   0.001  -0.005   0.000[0m
[1;32muart:~$ [m[8D[J[00:04:02.999,000] [0m<inf> imu: LSM6DS3TR-C  a   0.099   0.002  10.189  g   0.024  -0.060   0.015[0m
[1;32muart:~$ [m[8D[J[1;32muart:~$ [m[8D[J[00:04:03.000,000] [0m<inf> imu: LSM6DSV16X   a   0.374   0.117  10.519  g  -0.011   0.002  -0.002[0m
[1;32muart:~$ [m[8D[J[00:04:03.000,000] [0m<inf> imu: ICM-42688-P  a   0.359  -0.060   9.926  g  -0.001  -0.005   0.000[0m
[1;32muart:~$ [m[8D[J[00:04:03.052,000] [0m<inf> imu: LSM6DS3TR-C  a   0.115   0.017  10.196  g   0.024  -0.060   0.015[0m
[1;32muart:~$ [m[8D[J[1;32muart:~$ [m[8D[J[00:04:03.052,000] [0m<inf> imu: LSM6DSV16X   a   0.378   0.115  10.512  g  -0.012   0.002  -0.003[0m
[1;32muart:~$ [m[8D[J[00:04:03.053,000] [0m<inf> imu: ICM-42688-P  a   0.350  -0.063   9.923  g  -0.001  -0.005   0.000[0m
[1;32muart:~$ [m[8D[J[00:04:03.104,000] [0m<inf> imu: LSM6DS3TR-C  a   0.098   0.008  10.212  g   0.023  -0.062   0.015[0m
[1;32muart:~$ [m[8D[J[1;32muart:~$ [m[8D[J[00:04:03.104,000] [0m<inf> imu: LSM6DSV16X   a   0.376   0.113  10.516  g  -0.012   0.002  -0.003[0m
[1;32muart:~$ [m[8D[J[00:04:03.105,000] [0m<inf> imu: ICM-42688-P  a   0.360  -0.066   9.908  g  -0.000  -0.004   0.000[0m
[1;32muart:~$ [m[8D[J[00:04:03.156,000] [0m<inf> imu: LSM6DS3TR-C  a   0.117   0.031  10.188  g   0.024  -0.062   0.014[0m
[1;32muart:~$ [m[8D[J[1;32muart:~$ [m[8D[J[00:04:03.157,000] [0m<inf> imu: LSM6DSV16X   a   0.378   0.118  10.511  g  -0.012   0.001  -0.003[0m
[1;32muart:~$ [m[8D[J[00:04:03.157,000] [0m<inf> imu: ICM-42688-P  a   0.356  -0.060   9.930  g   0.000  -0.005   0.000[0m
[1;32muart:~$ [m[8D[J[00:04:03.209,000] [0m<inf> imu: LSM6DS3TR-C  a   0.108   0.013  10.172  g   0.025  -0.062   0.014[0m
[1;32muart:~$ [m[8D[J[1;32muart:~$ [m[8D[J[00:04:03.210,000] [0m<inf> imu: LSM6DSV16X   a   0.379   0.117  10.514  g  -0.010   0.002  -0.002[0m
[1;32muart:~$ [m[8D[J[00:04:03.211,000] [0m<inf> imu: ICM-42688-P  a   0.346  -0.065   9.923  g   0.001  -0.005   0.000[0m
[1;32muart:~$ [m[8D[J[00:04:03.262,000] [0m<inf> imu: LSM6DS3TR-C  a   0.103   0.035  10.180  g   0.022  -0.060   0.014[0m
[1;32muart:~$ [m[8D[J[1;32muart:~$ [m[8D[J[00:04:03.264,000] [0m<inf> imu: LSM6DSV16X   a   0.380   0.114  10.516  g  -0.011   0.002  -0.002[0m
[1;32muart:~$ [m[8D[J[00:04:03.264,000] [0m<inf> imu: ICM-42688-P  a   0.362  -0.061   9.923  g  -0.000  -0.005   0.000[0m
[1;32muart:~$ [m[8D[J[00:04:03.315,000] [0m<inf> imu: LSM6DS3TR-C  a   0.076   0.015  10.172  g   0.025  -0.061   0.015[0m
[1;32muart:~$ [m[8D[J[1;32muart:~$ [m[8D[J[00:04:03.316,000] [0m<inf> imu: LSM6DSV16X   a   0.380   0.117  10.507  g  -0.011   0.002  -0.003[0m
[1;32muart:~$ [m[8D[J[00:04:03.316,000] [0m<inf> imu: ICM-42688-P  a   0.356  -0.060   9.931  g   0.000  -0.005   0.000[0m
[1;32muart:~$ [m[8D[J[1;32muart:~$ [m[8D[J[00:04:03.368,000] [0m<inf> imu: LSM6DS3TR-C  a   0.081   0.011  10.192  g   0.024  -0.060   0.015[0m
[1;32muart:~$ [m[8D[J[00:04:03.369,000] [0m<inf> imu: LSM6DSV16X   a   0.373   0.113  10.519  g  -0.012   0.002  -0.003[0m
[1;32muart:~$ [m[8D[J[00:04:03.370,000] [0m<inf> imu: ICM-42688-P  a   0.356  -0.056   9.920  g   0.001  -0.003   0.000[0m
[1;32muart:~$ [m[8D[J[00:04:03.421,000] [0m<inf> imu: LSM6DS3TR-C  a   0.092   0.024  10.172  g   0.025  -0.060   0.017[0m
[1;32muart:~$ [m[8D[J[1;32muart:~$ [m[8D[J[00:04:03.421,000] [0m<inf> imu: LSM6DSV16X   a   0.376   0.120  10.519  g  -0.012   0.002  -0.003[0m
[1;32muart:~$ [m[8D[J[00:04:03.422,000] [0m<inf> imu: ICM-42688-P  a   0.347  -0.061   9.928  g   0.000  -0.005   0.001[0m
[1;32muart:~$ [m[8D[J[1;32muart:~$ [m[8D[J[00:04:03.473,000] [0m<inf> imu: LSM6DS3TR-C  a   0.099   0.030  10.172  g   0.022  -0.060   0.016[0m
[1;32muart:~$ [m[8D[J[00:04:03.475,000] [0m<inf> imu: LSM6DSV16X   a   0.378   0.108  10.521  g  -0.012   0.002  -0.003[0m
[1;32muart:~$ [m[8D[J[00:04:03.475,000] [0m<inf> imu: ICM-42688-P  a   0.347  -0.060   9.932  g   0.000  -0.005   0.001[0m
[1;32muart:~$ [m[8D[J[00:04:03.526,000] [0m<inf> imu: LSM6DS3TR-C  a   0.116   0.041  10.217  g   0.022  -0.060   0.015[0m
[1;32muart:~$ [m[8D[J[1;32muart:~$ [m[8D[J[00:04:03.527,000] [0m<inf> imu: LSM6DSV16X   a   0.383   0.115  10.513  g  -0.012   0.003  -0.002[0m
[1;32muart:~$ [m[8D[J[00:04:03.528,000] [0m<inf> imu: ICM-42688-P  a   0.344  -0.062   9.922  g  -0.001  -0.005   0.001[0m
[1;32muart:~$ [m[8D[J[1;32muart:~$ [m[8D[J[00:04:03.579,000] [0m<inf> imu: LSM6DS3TR-C  a   0.115  -0.003  10.195  g   0.024  -0.061   0.014[0m
[1;32muart:~$ [m[8D[J[00:04:03.581,000] [0m<inf> imu: LSM6DSV16X   a   0.381   0.113  10.518  g  -0.012   0.002  -0.003[0m
[1;32muart:~$ [m[8D[J[00:04:03.581,000] [0m<inf> imu: ICM-42688-P  a   0.354  -0.069   9.926  g   0.000  -0.005  -0.000[0m
[1;32muart:~$ [m[8D[J[00:04:03.632,000] [0m<inf> imu: LSM6DS3TR-C  a   0.086   0.015  10.171  g   0.024  -0.062   0.013[0m
[1;32muart:~$ [m[8D[J[1;32muart:~$ [m[8D[J[00:04:03.633,000] [0m<inf> imu: LSM6DSV16X   a   0.380   0.120  10.515  g  -0.011   0.002  -0.003[0m
[1;32muart:~$ [m[8D[J[00:04:03.634,000] [0m<inf> imu: ICM-42688-P  a   0.350  -0.061   9.931  g  -0.001  -0.005   0.000[0m
[1;32muart:~$ [m[8D[J[1;32muart:~$ [m[8D[J[00:04:03.685,000] [0m<inf> imu: LSM6DS3TR-C  a   0.087   0.019  10.173  g   0.021  -0.063   0.013[0m
[1;32muart:~$ [m[8D[J[00:04:03.685,000] [0m<inf> imu: LSM6DSV16X   a   0.381   0.117  10.511  g  -0.012   0.002  -0.003[0m
[1;32muart:~$ [m[8D[J[00:04:03.686,000] [0m<inf> imu: ICM-42688-P  a   0.358  -0.067   9.925  g   0.000  -0.005   0.000[0m
[1;32muart:~$ [m[8D[J[00:04:03.737,000] [0m<inf> imu: LSM6DS3TR-C  a   0.081   0.023  10.181  g   0.024  -0.060   0.014[0m
[1;32muart:~$ [m[8D[J[1;32muart:~$ [m[8D[J[00:04:03.738,000] [0m<inf> imu: LSM6DSV16X   a   0.376   0.110  10.507  g  -0.011   0.003  -0.003[0m
[1;32muart:~$ [m[8D[J[00:04:03.738,000] [0m<inf> imu: ICM-42688-P  a   0.339  -0.063   9.926  g  -0.001  -0.004   0.000[0m
[1;32muart:~$ [m[8D[J[1;32muart:~$ [m[8D[J[00:04:03.789,000] [0m<inf> imu: LSM6DS3TR-C  a   0.083   0.011  10.166  g   0.021  -0.062   0.014[0m
[1;32muart:~$ [m[8D[J[00:04:03.790,000] [0m<inf> imu: LSM6DSV16X   a   0.385   0.117  10.519  g  -0.012   0.002  -0.003[0m
[1;32muart:~$ [m[8D[J[00:04:03.790,000] [0m<inf> imu: ICM-42688-P  a   0.350  -0.057   9.919  g  -0.001  -0.004   0.000[0m
[1;32muart:~$ [m[8D[J[1;32muart:~$ [m[8D[J[00:04:03.841,000] [0m<inf> imu: LSM6DS3TR-C  a   0.095   0.020  10.190  g   0.023  -0.061   0.013[0m
[1;32muart:~$ [m[8D[J[00:04:03.842,000] [0m<inf> imu: LSM6DSV16X   a   0.382   0.117  10.513  g  -0.013   0.002  -0.002[0m
[1;32muart:~$ [m[8D[J[00:04:03.843,000] [0m<inf> imu: ICM-42688-P  a   0.358  -0.055   9.918  g   0.001  -0.005   0.000[0m
[1;32muart:~$ [m[8D[J[1;32muart:~$ [m[8D[J[00:04:03.894,000] [0m<inf> imu: LSM6DS3TR-C  a   0.091   0.045  10.155  g   0.024  -0.061   0.015[0m
[1;32muart:~$ [m[8D[J[00:04:03.894,000] [0m<inf> imu: LSM6DSV16X   a   0.375   0.114  10.509  g  -0.011   0.001  -0.003[0m
[1;32muart:~$ [m[8D[J[00:04:03.895,000] [0m<inf> imu: ICM-42688-P  a   0.350  -0.060   9.926  g   0.000  -0.005   0.000[0m
[1;32muart:~$ [m[8D[J[1;32muart:~$ [m[8D[J[00:04:03.946,000] [0m<inf> imu: LSM6DS3TR-C  a   0.087   0.057  10.195  g   0.023  -0.061   0.016[0m
[1;32muart:~$ [m[8D[J[00:04:03.947,000] [0m<inf> imu: LSM6DSV16X   a   0.386   0.117  10.517  g  -0.012   0.002  -0.003[0m
[1;32muart:~$ [m[8D[J[00:04:03.947,000] [0m<inf> imu: ICM-42688-P  a   0.354  -0.065   9.901  g  -0.000  -0.005   0.000[0m
[1;32muart:~$ [m[8D[J[1;32muart:~$ [m[8D[J[00:04:03.998,000] [0m<inf> imu: LSM6DS3TR-C  a   0.092   0.019  10.160  g   0.022  -0.061   0.015[0m
[1;32muart:~$ [m[8D[J[00:04:03.999,000] [0m<inf> imu: LSM6DSV16X   a   0.373   0.118  10.516  g  -0.012   0.002  -0.003[0m
[1;32muart:~$ [m[8D[J[00:04:03.999,000] [0m<inf> imu: ICM-42688-P  a   0.359  -0.056   9.919  g   0.000  -0.005   0.000[0m
[1;32muart:~$ [m[8D[J[1;32muart:~$ [m[8D[J[00:04:04.050,000] [0m<inf> imu: LSM6DS3TR-C  a   0.091   0.049  10.169  g   0.023  -0.062   0.014[0m
[1;32muart:~$ [m[8D[J[00:04:04.051,000] [0m<inf> imu: LSM6DSV16X   a   0.383   0.117  10.521  g  -0.012   0.002  -0.003[0m
[1;32muart:~$ [m[8D[J[00:04:04.052,000] [0m<inf> imu: ICM-42688-P  a   0.352  -0.065   9.935  g   0.001  -0.004  -0.000[0m
[1;32muart:~$ [m[8D[J[1;32muart:~$ [m[8D[J[00:04:04.103,000] [0m<inf> imu: LSM6DS3TR-C  a   0.116   0.033  10.175  g   0.023  -0.061   0.013[0m
[1;32muart:~$ [m[8D[J[00:04:04.103,000] [0m<inf> imu: LSM6DSV16X   a   0.381   0.121  10.522  g  -0.012   0.002  -0.003[0m
[1;32muart:~$ [m[8D[J[00:04:04.104,000] [0m<inf> imu: ICM-42688-P  a   0.352  -0.060   9.926  g  -0.001  -0.005  -0.001[0m
[1;32muart:~$ [m[8D[J[1;32muart:~$ [m[8D[J[00:04:04.155,000] [0m<inf> imu: LSM6DS3TR-C  a   0.063   0.051  10.195  g   0.025  -0.061   0.013[0m
[1;32muart:~$ [m[8D[J[00:04:04.156,000] [0m<inf> imu: LSM6DSV16X   a   0.386   0.117  10.524  g  -0.012   0.002  -0.003[0m
[1;32muart:~$ [m[8D[J[1;32muart:~$ [m[8D[J[00:04:04.157,000] [0m<inf> imu: ICM-42688-P  a   0.359  -0.067   9.923  g  -0.001  -0.005   0.001[0m
[1;32muart:~$ [m[8D[J[00:04:04.208,000] [0m<inf> imu: LSM6DS3TR-C  a   0.057   0.036  10.177  g   0.022  -0.059   0.015[0m
[1;32muart:~$ [m[8D[J[00:04:04.209,000] [0m<inf> imu: LSM6DSV16X   a   0.373   0.115  10.518  g  -0.011   0.002  -0.003[0m
[1;32muart:~$ [m[8D[J[00:04:04.209,000] [0m<inf> imu: ICM-42688-P  a   0.348  -0.059   9.926  g  -0.000  -0.005   0.001[0m
[1;32muart:~$ [m[8D[J[1;32muart:~$ [m[8D[J[00:04:04.261,000] [0m<inf> imu: LSM6DS3TR-C  a   0.078   0.034  10.181  g   0.023  -0.060   0.017[0m
[1;32muart:~$ [m[8D[J[00:04:04.262,000] [0m<inf> imu: LSM6DSV16X   a   0.376   0.118  10.521  g  -0.012   0.001  -0.002[0m
[1;32muart:~$ [m[8D[J[1;32muart:~$ [m[8D[J[00:04:04.263,000] [0m<inf> imu: ICM-42688-P  a   0.351  -0.065   9.923  g  -0.000  -0.005   0.001[0m
[1;32muart:~$ [m[8D[J[00:04:04.314,000] [0m<inf> imu: LSM6DS3TR-C  a   0.050   0.047  10.156  g   0.023  -0.060   0.014[0m
[1;32muart:~$ [m[8D[J[00:04:04.315,000] [0m<inf> imu: LSM6DSV16X   a   0.378   0.118  10.523  g  -0.011   0.002  -0.003[0m
[1;32muart:~$ [m[8D[J[00:04:04.315,000] [0m<inf> imu: ICM-42688-P  a   0.346  -0.062   9.917  g  -0.001  -0.005  -0.000[0m
[1;32muart:~$ [m[8D[J[1;32muart:~$ [m[8D[J[00:04:04.367,000] [0m<inf> imu: LSM6DS3TR-C  a   0.068   0.046  10.165  g   0.023  -0.062   0.015[0m
[1;32muart:~$ [m[8D[J[00:04:04.368,000] [0m<inf> imu: LSM6DSV16X   a   0.381   0.123  10.512  g  -0.012   0.003  -0.002[0m
[1;32muart:~$ [m[8D[J[1;32muart:~$ [m[8D[J[00:04:04.369,000] [0m<inf> imu: ICM-42688-P  a   0.354  -0.063   9.929  g  -0.001  -0.004   0.000[0m
[1;32muart:~$ [m[8D[J[00:04:04.420,000] [0m<inf> imu: LSM6DS3TR-C  a   0.109   0.020  10.177  g   0.022  -0.061   0.015[0m
[1;32muart:~$ [m[8D[J[00:04:04.421,000] [0m<inf> imu: LSM6DSV16X   a   0.376   0.110  10.519  g  -0.011   0.003  -0.003[0m
[1;32muart:~$ [m[8D[J[00:04:04.421,000] [0m<inf> imu: ICM-42688-P  a   0.353  -0.060   9.918  g   0.000  -0.004   0.000[0m
[1;32muart:~$ [m[8D[J[1;32muart:~$ [m[8D[J[00:04:04.473,000] [0m<inf> imu: LSM6DS3TR-C  a   0.111   0.043  10.174  g   0.022  -0.061   0.015[0m
[1;32muart:~$ [m[8D[J[00:04:04.474,000] [0m<inf> imu: LSM6DSV16X   a   0.376   0.117  10.525  g  -0.012   0.002  -0.003[0m
[1;32muart:~$ [m[8D[J[00:04:04.475,000] [0m<inf> imu: ICM-42688-P  a   0.350  -0.065   9.923  g   0.000  -0.005   0.001[0m
[1;32muart:~$ [m[8D[J[1;32muart:~$ [m[8D[J[00:04:04.526,000] [0m<inf> imu: LSM6DS3TR-C  a   0.068   0.017  10.186  g   0.022  -0.061   0.013[0m
[1;32muart:~$ [m[8D[J[00:04:04.527,000] [0m<inf> imu: LSM6DSV16X   a   0.377   0.114  10.514  g  -0.012   0.002  -0.003[0m
[1;32muart:~$ [m[8D[J[1;32muart:~$ [m[8D[J[00:04:04.527,000] [0m<inf> imu: ICM-42688-P  a   0.352  -0.061   9.931  g  -0.000  -0.005   0.000[0m
[1;32muart:~$ [m[8D[J[00:04:04.578,000] [0m<inf> imu: LSM6DS3TR-C  a   0.073   0.027  10.188  g   0.023  -0.060   0.015[0m
[1;32muart:~$ [m[8D[J[00:04:04.579,000] [0m<inf> imu: LSM6DSV16X   a   0.379   0.118  10.516  g  -0.011   0.002  -0.003[0m
[1;32muart:~$ [m[8D[J[00:04:04.580,000] [0m<inf> imu: ICM-42688-P  a   0.350  -0.068   9.914  g   0.000  -0.005   0.000[0m
[1;32muart:~$ [m[8D[J[1;32muart:~$ [m[8D[J[00:04:04.631,000] [0m<inf> imu: LSM6DS3TR-C  a   0.114   0.011  10.165  g   0.024  -0.061   0.014[0m
[1;32muart:~$ [m[8D[J[00:04:04.631,000] [0m<inf> imu: LSM6DSV16X   a   0.376   0.117  10.517  g  -0.012   0.002  -0.002[0m
[1;32muart:~$ [m[8D[J[1;32muart:~$ [m[8D[J[00:04:04.632,000] [0m<inf> imu: ICM-42688-P  a   0.347  -0.061   9.924  g  -0.000  -0.005   0.000[0m
[1;32muart:~$ [m[8D[J[00:04:04.683,000] [0m<inf> imu: LSM6DS3TR-C  a   0.093   0.025  10.156  g   0.024  -0.061   0.014[0m
[1;32muart:~$ [m[8D[J[00:04:04.684,000] [0m<inf> imu: LSM6DSV16X   a   0.378   0.120  10.521  g  -0.012   0.003  -0.002[0m
[1;32muart:~$ [m[8D[J[1;32muart:~$ [m[8D[J[00:04:04.684,000] [0m<inf> imu: ICM-42688-P  a   0.350  -0.062   9.930  g  -0.001  -0.005   0.000[0m
[1;32muart:~$ [m[8D[J[00:04:04.735,000] [0m<inf> imu: LSM6DS3TR-C  a   0.109   0.005  10.147  g   0.024  -0.061   0.013[0m
[1;32muart:~$ [m[8D[J[00:04:04.736,000] [0m<inf> imu: LSM6DSV16X   a   0.375   0.114  10.507  g  -0.012   0.002  -0.003[0m
[1;32muart:~$ [m[8D[J[1;32muart:~$ [m[8D[J[00:04:04.737,000] [0m<inf> imu: ICM-42688-P  a   0.365  -0.072   9.931  g   0.000  -0.005   0.001[0m
[1;32muart:~$ [m[8D[J[00:04:04.788,000] [0m<inf> imu: LSM6DS3TR-C  a   0.111   0.032  10.192  g   0.022  -0.062   0.015[0m
[1;32muart:~$ [m[8D[J[00:04:04.788,000] [0m<inf> imu: LSM6DSV16X   a   0.374   0.118  10.514  g  -0.012   0.003  -0.002[0m
[1;32muart:~$ [m[8D[J[1;32muart:~$ [m[8D[J[00:04:04.789,000] [0m<inf> imu: ICM-42688-P  a   0.357  -0.059   9.928  g   0.001  -0.004  -0.000[0m
[1;32muart:~$ [m[8D[J[00:04:04.840,000] [0m<inf> imu: LSM6DS3TR-C  a   0.069   0.013  10.115  g   0.023  -0.060   0.013[0m
[1;32muart:~$ [m[8D[J[00:04:04.841,000] [0m<inf> imu: LSM6DSV16X   a   0.371   0.115  10.514  g  -0.012   0.002  -0.002[0m
[1;32muart:~$ [m[8D[J[1;32muart:~$ [m[8D[J[00:04:04.841,000] [0m<inf> imu: ICM-42688-P  a   0.359  -0.048   9.936  g   0.001  -0.005  -0.000[0m
[1;32muart:~$ [m[8D[J[00:04:04.892,000] [0m<inf> imu: LSM6DS3TR-C  a   0.110   0.039  10.157  g   0.024  -0.060   0.017[0m
[1;32muart:~$ [m[8D[J[00:04:04.893,000] [0m<inf> imu: LSM6DSV16X   a   0.378   0.114  10.516  g  -0.012   0.002  -0.003[0m
[1;32muart:~$ [m[8D[J[1;32muart:~$ [m[8D[J[00:04:04.893,000] [0m<inf> imu: ICM-42688-P  a   0.351  -0.066   9.934  g  -0.001  -0.005  -0.000[0m
[1;32muart:~$ [m[8D[J[00:04:04.944,000] [0m<inf> imu: LSM6DS3TR-C  a   0.096   0.029  10.165  g   0.023  -0.060   0.014[0m
[1;32muart:~$ [m[8D[J[00:04:04.945,000] [0m<inf> imu: LSM6DSV16X   a   0.385   0.122  10.514  g  -0.012   0.002  -0.003[0m
[1;32muart:~$ [m[8D[J[1;32muart:~$ [m[8D[J[00:04:04.946,000] [0m<inf> imu: ICM-42688-P  a   0.350  -0.057   9.925  g  -0.001  -0.005   0.000[0m
[1;32muart:~$ [m[8D[J[00:04:04.997,000] [0m<inf> imu: LSM6DS3TR-C  a   0.105   0.040  10.183  g   0.024  -0.061   0.014[0m
[1;32muart:~$ [m[8D[J[00:04:04.999,000] [0m<inf> imu: LSM6DSV16X   a   0.371   0.115  10.519  g  -0.012   0.003  -0.002[0m
[1;32muart:~$ [m[8D[J[1;32muart:~$ [m[8D[J[00:04:04.999,000] [0m<inf> imu: ICM-42688-P  a   0.344  -0.059   9.919  g  -0.001  -0.005   0.000[0m
[1;32muart:~$ [m[8D[J[00:04:05.050,000] [0m<inf> imu: LSM6DS3TR-C  a   0.098   0.009  10.207  g   0.023  -0.060   0.013[0m
[1;32muart:~$ [m[8D[J[00:04:05.051,000] [0m<inf> imu: LSM6DSV16X   a   0.380   0.107  10.521  g  -0.011   0.002  -0.003[0m
[1;32muart:~$ [m[8D[J[1;32muart:~$ [m[8D[J[00:04:05.052,000] [0m<inf> imu: ICM-42688-P  a   0.363  -0.061   9.919  g   0.001  -0.004   0.000[0m
[1;32muart:~$ [m[8D[J[00:04:05.103,000] [0m<inf> imu: LSM6DS3TR-C  a   0.105   0.049  10.143  g   0.024  -0.061   0.013[0m
[1;32muart:~$ [m[8D[J[00:04:05.104,000] [0m<inf> imu: LSM6DSV16X   a   0.380   0.112  10.515  g  -0.011   0.002  -0.003[0m
[1;32muart:~$ [m[8D[J[1;32muart:~$ [m[8D[J[00:04:05.105,000] [0m<inf> imu: ICM-42688-P  a   0.360  -0.063   9.925  g  -0.001  -0.005   0.000[0m
[1;32muart:~$ [m[8D[J[00:04:05.156,000] [0m<inf> imu: LSM6DS3TR-C  a   0.109   0.033  10.153  g   0.023  -0.062   0.015[0m
[1;32muart:~$ [m[8D[J[1;32muart:~$ [m[8D[J[00:04:05.157,000] [0m<inf> imu: LSM6DSV16X   a   0.374   0.117  10.516  g  -0.011   0.002  -0.003[0m
[1;32muart:~$ [m[8D[J[00:04:05.157,000] [0m<inf> imu: ICM-42688-P  a   0.357  -0.054   9.923  g   0.000  -0.005   0.000[0m
[1;32muart:~$ [m[8D[J[00:04:05.209,000] [0m<inf> imu: LSM6DS3TR-C  a   0.096   0.033  10.194  g   0.022  -0.062   0.014[0m
[1;32muart:~$ [m[8D[J[00:04:05.210,000] [0m<inf> imu: LSM6DSV16X   a   0.382   0.115  10.517  g  -0.011   0.002  -0.002[0m
[1;32muart:~$ [m[8D[J[1;32muart:~$ [m[8D[J[00:04:05.211,000] [0m<inf> imu: ICM-42688-P  a   0.348  -0.056   9.919  g  -0.000  -0.005   0.000[0m
[1;32muart:~$ [m[8D[J[00:04:05.262,000] [0m<inf> imu: LSM6DS3TR-C  a   0.099   0.015  10.153  g   0.023  -0.060   0.015[0m
[1;32muart:~$ [m[8D[J[1;32muart:~$ [m[8D[J[00:04:05.263,000] [0m<inf> imu: LSM6DSV16X   a   0.380   0.112  10.509  g  -0.012   0.003  -0.003[0m
[1;32muart:~$ [m[8D[J[00:04:05.264,000] [0m<inf> imu: ICM-42688-P  a   0.350  -0.060   9.928  g  -0.001  -0.005  -0.001[0m
[1;32muart:~$ [m[8D[J[00:04:05.315,000] [0m<inf> imu: LSM6DS3TR-C  a   0.083   0.012  10.163  g   0.024  -0.061   0.016[0m
[1;32muart:~$ [m[8D[J[00:04:05.315,000] [0m<inf> imu: LSM6DSV16X   a   0.380   0.115  10.512  g  -0.012   0.002  -0.003[0m
[1;32muart:~$ [m[8D[J[1;32muart:~$ [m[8D[J[00:04:05.316,000] [0m<inf> imu: ICM-42688-P  a   0.350  -0.060   9.936  g  -0.001  -0.005   0.001[0m
[1;32muart:~$ [m[8D[J[00:04:05.368,000] [0m<inf> imu: LSM6DS3TR-C  a   0.123   0.022  10.167  g   0.023  -0.062   0.014[0m
[1;32muart:~$ [m[8D[J[1;32muart:~$ [m[8D[J[00:04:05.369,000] [0m<inf> imu: LSM6DSV16X   a   0.368   0.115  10.524  g  -0.011   0.003  -0.003[0m
[1;32muart:~$ [m[8D[J[00:04:05.369,000] [0m<inf> imu: ICM-42688-P  a   0.360  -0.057   9.919  g  -0.001  -0.005   0.001[0m
[1;32muart:~$ [m[8D[J[00:04:05.420,000] [0m<inf> imu: LSM6DS3TR-C  a   0.099   0.021  10.171  g   0.023  -0.061   0.013[0m
[1;32muart:~$ [m[8D[J[00:04:05.421,000] [0m<inf> imu: LSM6DSV16X   a   0.383   0.110  10.518  g  -0.011   0.002  -0.003[0m
[1;32muart:~$ [m[8D[J[1;32muart:~$ [m[8D[J[00:04:05.422,000] [0m<inf> imu: ICM-42688-P  a   0.351  -0.065   9.914  g   0.000  -0.005   0.000[0m
[1;32muart:~$ [m[8D[J[00:04:05.473,000] [0m<inf> imu: LSM6DS3TR-C  a   0.076  -0.005  10.177  g   0.024  -0.062   0.014[0m
[1;32muart:~$ [m[8D[J[1;32muart:~$ [m[8D[J[00:04:05.473,000] [0m<inf> imu: LSM6DSV16X   a   0.381   0.122  10.516  g  -0.012   0.002  -0.002[0m
[1;32muart:~$ [m[8D[J[00:04:05.474,000] [0m<inf> imu: ICM-42688-P  a   0.359  -0.061   9.923  g  -0.001  -0.005   0.000[0m
[1;32muart:~$ [m[8D[J[00:04:05.525,000] [0m<inf> imu: LSM6DS3TR-C  a   0.080  -0.007  10.175  g   0.023  -0.060   0.016[0m
[1;32muart:~$ [m[8D[J[00:04:05.526,000] [0m<inf> imu: LSM6DSV16X   a   0.376   0.113  10.512  g  -0.012   0.003  -0.002[0m
[1;32muart:~$ [m[8D[J[1;32muart:~$ [m[8D[J[00:04:05.526,000] [0m<inf> imu: ICM-42688-P  a   0.340  -0.078   9.931  g   0.000  -0.005   0.000[0m
[1;32muart:~$ [m[8D[J[00:04:05.577,000] [0m<inf> imu: LSM6DS3TR-C  a   0.100   0.011  10.181  g   0.025  -0.061   0.015[0m
[1;32muart:~$ [m[8D[J[1;32muart:~$ [m[8D[J[00:04:05.578,000] [0m<inf> imu: LSM6DSV16X   a   0.377   0.118  10.518  g  -0.011   0.002  -0.002[0m
[1;32muart:~$ [m[8D[J[00:04:05.578,000] [0m<inf> imu: ICM-42688-P  a   0.353  -0.063   9.923  g   0.000  -0.005   0.001[0m
[1;32muart:~$ [m[8D[J[00:04:05.629,000] [0m<inf> imu: LSM6DS3TR-C  a   0.104  -0.016  10.161  g   0.024  -0.061   0.015[0m
[1;32muart:~$ [m[8D[J[00:04:05.630,000] [0m<inf> imu: LSM6DSV16X   a   0.380   0.120  10.507  g  -0.012   0.002  -0.003[0m
[1;32muart:~$ [m[8D[J[1;32muart:~$ [m[8D[J[00:04:05.631,000] [0m<inf> imu: ICM-42688-P  a   0.351  -0.069   9.913  g  -0.001  -0.005   0.000[0m
[1;32muart:~$ [m[8D[J[00:04:05.682,000] [0m<inf> imu: LSM6DS3TR-C  a   0.095   0.017  10.215  g   0.021  -0.061   0.014[0m
[1;32muart:~$ [m[8D[J[1;32muart:~$ [m[8D[J[00:04:05.682,000] [0m<inf> imu: LSM6DSV16X   a   0.376   0.115  10.517  g  -0.012   0.002  -0.002[0m
[1;32muart:~$ [m[8D[J[00:04:05.683,000] [0m<inf> imu: ICM-42688-P  a   0.347  -0.061   9.930  g  -0.000  -0.005   0.000[0m
[1;32muart:~$ [m[8D[J[00:04:05.734,000] [0m<inf> imu: LSM6DS3TR-C  a   0.111   0.025  10.190  g   0.025  -0.063   0.013[0m
[1;32muart:~$ [m[8D[J[00:04:05.735,000] [0m<inf> imu: LSM6DSV16X   a   0.383   0.115  10.521  g  -0.011   0.002  -0.003[0m
[1;32muart:~$ [m[8D[J[1;32muart:~$ [m[8D[J[00:04:05.735,000] [0m<inf> imu: ICM-42688-P  a   0.345  -0.069   9.925  g   0.001  -0.005   0.000[0m
[1;32muart:~$ [m[8D[J[00:04:05.786,000] [0m<inf> imu: LSM6DS3TR-C  a   0.086  -0.005  10.201  g   0.024  -0.062   0.013[0m
[1;32muart:~$ [m[8D[J[1;32muart:~$ [m[8D[J[00:04:05.787,000] [0m<inf> imu: LSM6DSV16X   a   0.378   0.115  10.519  g  -0.012   0.001  -0.002[0m
[1;32muart:~$ [m[8D[J[00:04:05.787,000] [0m<inf> imu: ICM-42688-P  a   0.352  -0.056   9.926  g   0.000  -0.005   0.000[0m
[1;32muart:~$ [m[8D[J[00:04:05.838,000] [0m<inf> imu: LSM6DS3TR-C  a   0.101  -0.001  10.180  g   0.023  -0.062   0.014[0m
[1;32muart:~$ [m[8D[J[1;32muart:~$ [m[8D[J[00:04:05.839,000] [0m<inf> imu: LSM6DSV16X   a   0.379   0.119  10.512  g  -0.011   0.002  -0.003[0m
[1;32muart:~$ [m[8D[J[00:04:05.840,000] [0m<inf> imu: ICM-42688-P  a   0.352  -0.063   9.926  g  -0.000  -0.004   0.001[0m
[1;32muart:~$ [m[8D[J[00:04:05.891,000] [0m<inf> imu: LSM6DS3TR-C  a   0.076   0.015  10.169  g   0.024  -0.061   0.016[0m
[1;32muart:~$ [m[8D[J[1;32muart:~$ [m[8D[J[00:04:05.891,000] [0m<inf> imu: LSM6DSV16X   a   0.377   0.121  10.516  g  -0.011   0.002  -0.003[0m
[1;32muart:~$ [m[8D[J[00:04:05.892,000] [0m<inf> imu: ICM-42688-P  a   0.346  -0.061   9.920  g  -0.001  -0.005   0.001[0m
[1;32muart:~$ [m[8D[J[00:04:05.943,000] [0m<inf> imu: LSM6DS3TR-C  a   0.110  -0.001  10.171  g   0.025  -0.061   0.014[0m
[1;32muart:~$ [m[8D[J[1;32muart:~$ [m[8D[J[00:04:05.944,000] [0m<inf> imu: LSM6DSV16X   a   0.380   0.115  10.525  g  -0.011   0.002  -0.003[0m
[1;32muart:~$ [m[8D[J[00:04:05.944,000] [0m<inf> imu: ICM-42688-P  a   0.354  -0.062   9.923  g   0.000  -0.005   0.001[0m
[1;32muart:~$ [m[8D[J[00:04:05.996,000] [0m<inf> imu: LSM6DS3TR-C  a   0.103   0.005  10.165  g   0.024  -0.061   0.016[0m
[1;32muart:~$ [m[8D[J[1;32muart:~$ [m[8D[J[00:04:05.997,000] [0m<inf> imu: LSM6DSV16X   a   0.382   0.115  10.512  g  -0.012   0.002  -0.002[0m
[1;32muart:~$ [m[8D[J[00:04:05.998,000] [0m<inf> imu: ICM-42688-P  a   0.339  -0.069   9.931  g   0.000  -0.005   0.000[0m
[1;32muart:~$ [m[8D[J[00:04:06.049,000] [0m<inf> imu: LSM6DS3TR-C  a   0.133   0.007  10.146  g   0.024  -0.060   0.014[0m
[1;32muart:~$ [m[8D[J[1;32muart:~$ [m[8D[J[00:04:06.049,000] [0m<inf> imu: LSM6DSV16X   a   0.381   0.115  10.519  g  -0.011   0.003  -0.002[0m
[1;32muart:~$ [m[8D[J[00:04:06.050,000] [0m<inf> imu: ICM-42688-P  a   0.363  -0.057   9.923  g  -0.001  -0.005   0.000[0m
[1;32muart:~$ [m[8D[J[00:04:06.101,000] [0m<inf> imu: LSM6DS3TR-C  a   0.092  -0.002  10.221  g   0.024  -0.062   0.015[0m
[1;32muart:~$ [m[8D[J[1;32muart:~$ [m[8D[J[00:04:06.103,000] [0m<inf> imu: LSM6DSV16X   a   0.380   0.115  10.519  g  -0.012   0.002  -0.002[0m
[1;32muart:~$ [m[8D[J[00:04:06.103,000] [0m<inf> imu: ICM-42688-P  a   0.350  -0.071   9.926  g  -0.001  -0.005   0.000[0m
[1;32muart:~$ [m[8D[J[00:04:06.154,000] [0m<inf> imu: LSM6DS3TR-C  a   0.126   0.011  10.192  g   0.025  -0.060   0.013[0m
[1;32muart:~$ [m[8D[J[1;32muart:~$ [m[8D[J[00:04:06.155,000] [0m<inf> imu: LSM6DSV16X   a   0.376   0.122  10.522  g  -0.012   0.002  -0.002[0m
[1;32muart:~$ [m[8D[J[00:04:06.156,000] [0m<inf> imu: ICM-42688-P  a   0.353  -0.060   9.919  g   0.000  -0.004  -0.001[0m
[1;32muart:~$ [m[8D[J[00:04:06.207,000] [0m<inf> imu: LSM6DS3TR-C  a   0.133   0.010  10.192  g   0.024  -0.061   0.015[0m
[1;32muart:~$ [m[8D[J[1;32muart:~$ [m[8D[J[00:04:06.208,000] [0m<inf> imu: LSM6DSV16X   a   0.377   0.118  10.513  g  -0.011   0.002  -0.002[0m
[1;32muart:~$ [m[8D[J[00:04:06.209,000] [0m<inf> imu: ICM-42688-P  a   0.351  -0.063   9.920  g   0.000  -0.005   0.001[0m
[1;32muart:~$ [m[8D[J[00:04:06.260,000] [0m<inf> imu: LSM6DS3TR-C  a   0.123   0.020  10.169  g   0.023  -0.062   0.012[0m
[1;32muart:~$ [m[8D[J[1;32muart:~$ [m[8D[J[00:04:06.261,000] [0m<inf> imu: LSM6DSV16X   a   0.368   0.117  10.516  g  -0.012   0.002  -0.002[0m
[1;32muart:~$ [m[8D[J[00:04:06.261,000] [0m<inf> imu: ICM-42688-P  a   0.350  -0.067   9.923  g   0.001  -0.005   0.001[0m
[1;32muart:~$ [m[8D[J[1;32muart:~$ [m[8D[J[00:04:06.313,000] [0m<inf> imu: LSM6DS3TR-C  a   0.067   0.028  10.218  g   0.022  -0.061   0.015[0m
[1;32muart:~$ [m[8D[J[00:04:06.314,000] [0m<inf> imu: LSM6DSV16X   a   0.369   0.121  10.518  g  -0.013   0.002  -0.002[0m
[1;32muart:~$ [m[8D[J[00:04:06.314,000] [0m<inf> imu: ICM-42688-P  a   0.363  -0.059   9.923  g  -0.001  -0.005   0.000[0m
[1;32muart:~$ [m[8D[J[00:04:06.365,000] [0m<inf> imu: LSM6DS3TR-C  a   0.075  -0.015  10.180  g   0.024  -0.061   0.013[0m
[1;32muart:~$ [m[8D[J[1;32muart:~$ [m[8D[J[00:04:06.366,000] [0m<inf> imu: LSM6DSV16X   a   0.376   0.115  10.516  g  -0.011   0.002  -0.002[0m
[1;32muart:~$ [m[8D[J[00:04:06.367,000] [0m<inf> imu: ICM-42688-P  a   0.345  -0.051   9.928  g   0.000  -0.005   0.000[0m
[1;32muart:~$ [m[8D[J[1;32muart:~$ [m[8D[J[00:04:06.418,000] [0m<inf> imu: LSM6DS3TR-C  a   0.097   0.008  10.169  g   0.024  -0.061   0.015[0m
[1;32muart:~$ [m[8D[J[00:04:06.420,000] [0m<inf> imu: LSM6DSV16X   a   0.376   0.119  10.514  g  -0.011   0.002  -0.003[0m
[1;32muart:~$ [m[8D[J[00:04:06.420,000] [0m<inf> imu: ICM-42688-P  a   0.363  -0.067   9.920  g  -0.001  -0.005   0.000[0m
[1;32muart:~$ [m[8D[J[00:04:06.471,000] [0m<inf> imu: LSM6DS3TR-C  a   0.095   0.004  10.186  g   0.024  -0.061   0.016[0m
[1;32muart:~$ [m[8D[J[00:04:06.472,000] [0m<inf> imu: LSM6DSV16X   a   0.380   0.120  10.521  g  -0.011   0.002  -0.002[0m
[1;32muart:~$ [m[8D[J[00:04:06.472,000] [0m<inf> imu: ICM-42688-P  a   0.357  -0.060   9.914  g   0.000  -0.005   0.001[0m
[1;32muart:~$ [m[8D[J[1;32muart:~$ [m[8D[J[00:04:06.524,000] [0m<inf> imu: LSM6DS3TR-C  a   0.103   0.036  10.183  g   0.023  -0.062   0.014[0m
[1;32muart:~$ [m[8D[J[00:04:06.525,000] [0m<inf> imu: LSM6DSV16X   a   0.378   0.117  10.521  g  -0.012   0.002  -0.003[0m
[1;32muart:~$ [m[8D[J[00:04:06.526,000] [0m<inf> imu: ICM-42688-P  a   0.348  -0.065   9.929  g  -0.001  -0.005   0.000[0m
[1;32muart:~$ [m[8D[J[00:04:06.577,000] [0m<inf> imu: LSM6DS3TR-C  a   0.082   0.021  10.154  g   0.023  -0.061   0.014[0m
[1;32muart:~$ [m[8D[J[1;32muart:~$ [m[8D[J[00:04:06.578,000] [0m<inf> imu: LSM6DSV16X   a   0.378   0.124  10.517  g  -0.011   0.002  -0.003[0m
[1;32muart:~$ [m[8D[J[00:04:06.578,000] [0m<inf> imu: ICM-42688-P  a   0.352  -0.050   9.930  g   0.001  -0.005  -0.000[0m
[1;32muart:~$ [m[8D[J[00:04:06.629,000] [0m<inf> imu: LSM6DS3TR-C  a   0.108   0.028  10.208  g   0.024  -0.061   0.014[0m
[1;32muart:~$ [m[8D[J[1;32muart:~$ [m[8D[J[00:04:06.630,000] [0m<inf> imu: LSM6DSV16X   a   0.378   0.113  10.524  g  -0.012   0.002  -0.002[0m
[1;32muart:~$ [m[8D[J[00:04:06.631,000] [0m<inf> imu: ICM-42688-P  a   0.363  -0.050   9.931  g   0.000  -0.005   0.000[0m
[1;32muart:~$ [m[8D[J[1;32muart:~$ [m[8D[J[00:04:06.682,000] [0m<inf> imu: LSM6DS3TR-C  a   0.124   0.006  10.180  g   0.023  -0.060   0.013[0m
[1;32muart:~$ [m[8D[J[00:04:06.682,000] [0m<inf> imu: LSM6DSV16X   a   0.371   0.114  10.513  g  -0.012   0.003  -0.003[0m
[1;32muart:~$ [m[8D[J[00:04:06.683,000] [0m<inf> imu: ICM-42688-P  a   0.356  -0.062   9.936  g   0.001  -0.005   0.000[0m
[1;32muart:~$ [m[8D[J[00:04:06.734,000] [0m<inf> imu: LSM6DS3TR-C  a   0.070   0.005  10.179  g   0.023  -0.061   0.014[0m
[1;32muart:~$ [m[8D[J[1;32muart:~$ [m[8D[J[00:04:06.735,000] [0m<inf> imu: LSM6DSV16X   a   0.385   0.115  10.516  g  -0.012   0.002  -0.003[0m
[1;32muart:~$ [m[8D[J[00:04:06.735,000] [0m<inf> imu: ICM-42688-P  a   0.339  -0.053   9.928  g   0.000  -0.004   0.000[0m
[1;32muart:~$ [m[8D[J[1;32muart:~$ [m[8D[J[00:04:06.786,000] [0m<inf> imu: LSM6DS3TR-C  a   0.088   0.024  10.161  g   0.023  -0.060   0.014[0m
[1;32muart:~$ [m[8D[J[00:04:06.787,000] [0m<inf> imu: LSM6DSV16X   a   0.379   0.114  10.513  g  -0.012   0.002  -0.003[0m
[1;32muart:~$ [m[8D[J[00:04:06.787,000] [0m<inf> imu: ICM-42688-P  a   0.356  -0.053   9.914  g   0.001  -0.005   0.000[0m
[1;32muart:~$ [m[8D[J[00:04:06.838,000] [0m<inf> imu: LSM6DS3TR-C  a   0.102   0.031  10.186  g   0.024  -0.060   0.016[0m
[1;32muart:~$ [m[8D[J[1;32muart:~$ [m[8D[J[00:04:06.839,000] [0m<inf> imu: LSM6DSV16X   a   0.383   0.115  10.507  g  -0.012   0.001  -0.002[0m
[1;32muart:~$ [m[8D[J[00:04:06.840,000] [0m<inf> imu: ICM-42688-P  a   0.363  -0.066   9.930  g  -0.001  -0.005   0.000[0m
[1;32muart:~$ [m[8D[J[1;32muart:~$ [m[8D[J[00:04:06.891,000] [0m<inf> imu: LSM6DS3TR-C  a   0.092   0.023  10.165  g   0.024  -0.060   0.015[0m
[1;32muart:~$ [m[8D[J[00:04:06.891,000] [0m<inf> imu: LSM6DSV16X   a   0.374   0.122  10.521  g  -0.011   0.002  -0.003[0m
[1;32muart:~$ [m[8D[J[00:04:06.892,000] [0m<inf> imu: ICM-42688-P  a   0.350  -0.055   9.919  g  -0.000  -0.005   0.001[0m
[1;32muart:~$ [m[8D[J[00:04:06.943,000] [0m<inf> imu: LSM6DS3TR-C  a   0.114   0.035  10.155  g   0.023  -0.062   0.013[0m
[1;32muart:~$ [m[8D[J[1;32muart:~$ [m[8D[J[00:04:06.944,000] [0m<inf> imu: LSM6DSV16X   a   0.373   0.113  10.514  g  -0.011   0.003  -0.002[0m
[1;32muart:~$ [m[8D[J[00:04:06.944,000] [0m<inf> imu: ICM-42688-P  a   0.358  -0.062   9.919  g   0.000  -0.005   0.000[0m
[1;32muart:~$ [m[8D[J[1;32muart:~$ [m[8D[J[00:04:06.995,000] [0m<inf> imu: LSM6DS3TR-C  a   0.071   0.013  10.193  g   0.023  -0.062   0.014[0m
[1;32muart:~$ [m[8D[J[00:04:06.996,000] [0m<inf> imu: LSM6DSV16X   a   0.380   0.109  10.516  g  -0.011   0.003  -0.003[0m
[1;32muart:~$ [m[8D[J[00:04:06.996,000] [0m<inf> imu: ICM-42688-P  a   0.345  -0.062   9.920  g  -0.001  -0.005   0.000[0m
[1;32muart:~$ [m[8D[J[1;32muart:~$ [m[8D[J[00:04:07.047,000] [0m<inf> imu: LSM6DS3TR-C  a   0.146   0.017  10.199  g   0.024  -0.059   0.014[0m
[1;32muart:~$ [m[8D[J[00:04:07.048,000] [0m<inf> imu: LSM6DSV16X   a   0.378   0.115  10.516  g  -0.012   0.002  -0.003[0m
[1;32muart:~$ [m[8D[J[00:04:07.049,000] [0m<inf> imu: ICM-42688-P  a   0.350  -0.056   9.918  g  -0.001  -0.005   0.000[0m
[1;32muart:~$ [m[8D[J[1;32muart:~$ [m[8D[J[00:04:07.100,000] [0m<inf> imu: LSM6DS3TR-C  a   0.106   0.009  10.172  g   0.023  -0.062   0.013[0m
[1;32muart:~$ [m[8D[J[00:04:07.100,000] [0m<inf> imu: LSM6DSV16X   a   0.378   0.115  10.512  g  -0.011   0.002  -0.003[0m
[1;32muart:~$ [m[8D[J[00:04:07.101,000] [0m<inf> imu: ICM-42688-P  a   0.352  -0.061   9.925  g   0.000  -0.005  -0.001[0m
[1;32muart:~$ [m[8D[J[1;32muart:~$ [m[8D[J[00:04:07.153,000] [0m<inf> imu: LSM6DS3TR-C  a   0.039   0.033  10.193  g   0.024  -0.062   0.013[0m
[1;32muart:~$ [m[8D[J[00:04:07.154,000] [0m<inf> imu: LSM6DSV16X   a   0.378   0.115  10.513  g  -0.011   0.002  -0.003[0m
[1;32muart:~$ [m[8D[J[00:04:07.154,000] [0m<inf> imu: ICM-42688-P  a   0.356  -0.068   9.918  g   0.001  -0.005   0.000[0m
[1;32muart:~$ [m[8D[J[1;32muart:~$ [m[8D[J[00:04:07.205,000] [0m<inf> imu: LSM6DS3TR-C  a   0.123   0.022  10.186  g   0.023  -0.060   0.014[0m
[1;32muart:~$ [m[8D[J[00:04:07.206,000] [0m<inf> imu: LSM6DSV16X   a   0.380   0.115  10.516  g  -0.012   0.002  -0.003[0m
[1;32muart:~$ [m[8D[J[00:04:07.206,000] [0m<inf> imu: ICM-42688-P  a   0.348  -0.069   9.925  g   0.000  -0.005   0.000[0m
[1;32muart:~$ [m[8D[J[1;32muart:~$ [m[8D[J[00:04:07.258,000] [0m<inf> imu: LSM6DS3TR-C  a   0.114   0.000  10.165  g   0.024  -0.060   0.015[0m
[1;32muart:~$ [m[8D[J[00:04:07.259,000] [0m<inf> imu: LSM6DSV16X   a   0.383   0.119  10.504  g  -0.011   0.002  -0.002[0m
[1;32muart:~$ [m[8D[J[00:04:07.260,000] [0m<inf> imu: ICM-42688-P  a   0.353  -0.065   9.930  g  -0.000  -0.005  -0.000[0m
[1;32muart:~$ [m[8D[J[1;32muart:~$ [m[8D[J[00:04:07.311,000] [0m<inf> imu: LSM6DS3TR-C  a   0.069   0.038  10.188  g   0.024  -0.061   0.015[0m
[1;32muart:~$ [m[8D[J[00:04:07.311,000] [0m<inf> imu: LSM6DSV16X   a   0.378   0.121  10.516  g  -0.012   0.002  -0.002[0m
[1;32muart:~$ [m[8D[J[1;32muart:~$ [m[8D[J[00:04:07.312,000] [0m<inf> imu: ICM-42688-P  a   0.354  -0.060   9.922  g   0.000  -0.005  -0.001[0m
[1;32muart:~$ [m[8D[J[00:04:07.364,000] [0m<inf> imu: LSM6DS3TR-C  a   0.123   0.019  10.181  g   0.023  -0.063   0.014[0m
[1;32muart:~$ [m[8D[J[00:04:07.365,000] [0m<inf> imu: LSM6DSV16X   a   0.378   0.122  10.514  g  -0.012   0.002  -0.003[0m
[1;32muart:~$ [m[8D[J[00:04:07.365,000] [0m<inf> imu: ICM-42688-P  a   0.356  -0.059   9.929  g  -0.000  -0.005  -0.000[0m
[1;32muart:~$ [m[8D[J[1;32muart:~$ [m[8D[J[00:04:07.416,000] [0m<inf> imu: LSM6DS3TR-C  a   0.095   0.021  10.185  g   0.022  -0.060   0.014[0m
[1;32muart:~$ [m[8D[J[00:04:07.417,000] [0m<inf> imu: LSM6DSV16X   a   0.378   0.119  10.524  g  -0.011   0.002  -0.003[0m
[1;32muart:~$ [m[8D[J[1;32muart:~$ [m[8D[J[00:04:07.417,000] [0m<inf> imu: ICM-42688-P  a   0.354  -0.068   9.928  g   0.001  -0.005   0.000[0m
[1;32muart:~$ [m[8D[J[00:04:07.468,000] [0m<inf> imu: LSM6DS3TR-C  a   0.086   0.035  10.164  g   0.022  -0.062   0.015[0m
[1;32muart:~$ [m[8D[J[00:04:07.469,000] [0m<inf> imu: LSM6DSV16X   a   0.380   0.122  10.524  g  -0.012   0.002  -0.003[0m
[1;32muart:~$ [m[8D[J[00:04:07.470,000] [0m<inf> imu: ICM-42688-P  a   0.357  -0.050   9.914  g  -0.000  -0.005   0.000[0m
[1;32muart:~$ [m[8D[J[1;32muart:~$ [m[8D[J[00:04:07.521,000] [0m<inf> imu: LSM6DS3TR-C  a   0.070   0.039  10.189  g   0.022  -0.060   0.015[0m
[1;32muart:~$ [m[8D[J[00:04:07.523,000] [0m<inf> imu: LSM6DSV16X   a   0.379   0.122  10.516  g  -0.011   0.003  -0.003[0m
[1;32muart:~$ [m[8D[J[1;32muart:~$ [m[8D[J[00:04:07.523,000] [0m<inf> imu: ICM-42688-P  a   0.350  -0.059   9.926  g   0.000  -0.005  -0.001[0m
[1;32muart:~$ [m[8D[J[00:04:07.574,000] [0m<inf> imu: LSM6DS3TR-C  a   0.083   0.039  10.229  g   0.024  -0.063   0.013[0m
[1;32muart:~$ [m[8D[J[00:04:07.575,000] [0m<inf> imu: LSM6DSV16X   a   0.380   0.114  10.510  g  -0.012   0.002  -0.002[0m
[1;32muart:~$ [m[8D[J[00:04:07.575,000] [0m<inf> imu: ICM-42688-P  a   0.350  -0.061   9.936  g   0.001  -0.004   0.000[0m
[1;32muart:~$ [m[8D[J[1;32muart:~$ [m[8D[J[00:04:07.627,000] [0m<inf> imu: LSM6DS3TR-C  a   0.100  -0.010  10.195  g   0.023  -0.062   0.016[0m
[1;32muart:~$ [m[8D[J[00:04:07.628,000] [0m<inf> imu: LSM6DSV16X   a   0.379   0.115  10.506  g  -0.011   0.002  -0.003[0m
[1;32muart:~$ [m[8D[J[1;32muart:~$ [m[8D[J[00:04:07.629,000] [0m<inf> imu: ICM-42688-P  a   0.350  -0.060   9.936  g  -0.000  -0.005  -0.001[0m
[1;32muart:~$ [m[8D[J[00:04:07.680,000] [0m<inf> imu: LSM6DS3TR-C  a   0.094   0.022  10.189  g   0.022  -0.062   0.015[0m
[1;32muart:~$ [m[8D[J[00:04:07.681,000] [0m<inf> imu: LSM6DSV16X   a   0.381   0.117  10.519  g  -0.012   0.002  -0.003[0m
[1;32muart:~$ [m[8D[J[00:04:07.682,000] [0m<inf> imu: ICM-42688-P  a   0.353  -0.057   9.931  g  -0.000  -0.005   0.000[0m
[1;32muart:~$ [m[8D[J[1;32muart:~$ [m[8D[J[00:04:07.733,000] [0m<inf> imu: LSM6DS3TR-C  a   0.068   0.027  10.180  g   0.024  -0.061   0.014[0m
[1;32muart:~$ [m[8D[J[00:04:07.734,000] [0m<inf> imu: LSM6DSV16X   a   0.380   0.115  10.516  g  -0.011   0.002  -0.003[0m
[1;32muart:~$ [m[8D[J[1;32muart:~$ [m[8D[J[00:04:07.735,000] [0m<inf> imu: ICM-42688-P  a   0.353  -0.062   9.922  g   0.000  -0.005   0.000[0m
[1;32muart:~$ [m[8D[J[00:04:07.786,000] [0m<inf> imu: LSM6DS3TR-C  a   0.096  -0.004  10.169  g   0.024  -0.061   0.015[0m
[1;32muart:~$ [m[8D[J[00:04:07.787,000] [0m<inf> imu: LSM6DSV16X   a   0.380   0.111  10.521  g  -0.012   0.002  -0.003[0m
[1;32muart:~$ [m[8D[J[00:04:07.787,000] [0m<inf> imu: ICM-42688-P  a   0.350  -0.053   9.926  g   0.001  -0.005  -0.000[0m
[1;32muart:~$ [m[8D[J[1;32muart:~$ [m[8D[J[00:04:07.838,000] [0m<inf> imu: LSM6DS3TR-C  a   0.074   0.032  10.177  g   0.024  -0.060   0.014[0m
[1;32muart:~$ [m[8D[J[00:04:07.839,000] [0m<inf> imu: LSM6DSV16X   a   0.376   0.115  10.524  g  -0.011   0.001  -0.003[0m
[1;32muart:~$ [m[8D[J[1;32muart:~$ [m[8D[J[00:04:07.840,000] [0m<inf> imu: ICM-42688-P  a   0.351  -0.062   9.919  g  -0.001  -0.005   0.000[0m
[1;32muart:~$ [m[8D[J[00:04:07.891,000] [0m<inf> imu: LSM6DS3TR-C  a   0.102  -0.010  10.201  g   0.024  -0.061   0.014[0m
[1;32muart:~$ [m[8D[J[00:04:07.891,000] [0m<inf> imu: LSM6DSV16X   a   0.374   0.115  10.512  g  -0.012   0.002  -0.002[0m
[1;32muart:~$ [m[8D[J[1;32muart:~$ [m[8D[J[00:04:07.892,000] [0m<inf> imu: ICM-42688-P  a   0.342  -0.066   9.923  g   0.000  -0.005   0.000[0m
[1;32muart:~$ [m[8D[J[00:04:07.943,000] [0m<inf> imu: LSM6DS3TR-C  a   0.116   0.045  10.202  g   0.025  -0.060   0.014[0m
[1;32muart:~$ [m[8D[J[00:04:07.944,000] [0m<inf> imu: LSM6DSV16X   a   0.373   0.115  10.519  g  -0.012   0.003  -0.003[0m
[1;32muart:~$ [m[8D[J[1;32muart:~$ [m[8D[J[00:04:07.944,000] [0m<inf> imu: ICM-42688-P  a   0.350  -0.060   9.925  g   0.000  -0.005   0.000[0m
[1;32muart:~$ [m[8D[J[00:04:07.995,000] [0m<inf> imu: LSM6DS3TR-C  a   0.110   0.047  10.181  g   0.023  -0.062   0.014[0m
[1;32muart:~$ [m[8D[J[00:04:07.996,000] [0m<inf> imu: LSM6DSV16X   a   0.378   0.117  10.518  g  -0.012   0.002  -0.003[0m
[1;32muart:~$ [m[8D[J[1;32muart:~$ [m[8D[J[00:04:07.996,000] [0m<inf> imu: ICM-42688-P  a   0.354  -0.065   9.929  g   0.000  -0.004   0.000[0m
[1;32muart:~$ [m[8D[J[00:04:08.047,000] [0m<inf> imu: LSM6DS3TR-C  a   0.073   0.029  10.186  g   0.023  -0.059   0.015[0m
[1;32muart:~$ [m[8D[J[00:04:08.048,000] [0m<inf> imu: LSM6DSV16X   a   0.380   0.115  10.512  g  -0.012   0.003  -0.002[0m
[1;32muart:~$ [m[8D[J[1;32muart:~$ [m[8D[J[00:04:08.049,000] [0m<inf> imu: ICM-42688-P  a   0.351  -0.068   9.923  g  -0.000  -0.004   0.000[0m
[1;32muart:~$ [m[8D[J[00:04:08.100,000] [0m<inf> imu: LSM6DS3TR-C  a   0.121   0.038  10.202  g   0.024  -0.063   0.013[0m
[1;32muart:~$ [m[8D[J[00:04:08.100,000] [0m<inf> imu: LSM6DSV16X   a   0.380   0.112  10.525  g  -0.011   0.002  -0.003[0m
[1;32muart:~$ [m[8D[J[1;32muart:~$ [m[8D[J[00:04:08.101,000] [0m<inf> imu: ICM-42688-P  a   0.362  -0.068   9.912  g  -0.001  -0.005  -0.000[0m
[1;32muart:~$ [m[8D[J[00:04:08.152,000] [0m<inf> imu: LSM6DS3TR-C  a   0.133   0.011  10.208  g   0.024  -0.062   0.013[0m
[1;32muart:~$ [m[8D[J[00:04:08.153,000] [0m<inf> imu: LSM6DSV16X   a   0.378   0.113  10.512  g  -0.011   0.002  -0.003[0m
[1;32muart:~$ [m[8D[J[1;32muart:~$ [m[8D[J[00:04:08.153,000] [0m<inf> imu: ICM-42688-P  a   0.357  -0.063   9.923  g   0.000  -0.006  -0.001[0m
[1;32muart:~$ [m[8D[J[00:04:08.205,000] [0m<inf> imu: LSM6DS3TR-C  a   0.109   0.029  10.180  g   0.023  -0.059   0.014[0m
[1;32muart:~$ [m[8D[J[00:04:08.206,000] [0m<inf> imu: LSM6DSV16X   a   0.381   0.118  10.509  g  -0.011   0.003  -0.003[0m
[1;32muart:~$ [m[8D[J[1;32muart:~$ [m[8D[J[00:04:08.207,000] [0m<inf> imu: ICM-42688-P  a   0.359  -0.066   9.919  g   0.001  -0.005   0.001[0m
[1;32muart:~$ [m[8D[J[00:04:08.258,000] [0m<inf> imu: LSM6DS3TR-C  a   0.104   0.005  10.157  g   0.024  -0.060   0.013[0m
[1;32muart:~$ [m[8D[J[1;32muart:~$ [m[8D[J[00:04:08.259,000] [0m<inf> imu: LSM6DSV16X   a   0.378   0.115  10.514  g  -0.012   0.002  -0.003[0m
[1;32muart:~$ [m[8D[J[00:04:08.259,000] [0m<inf> imu: ICM-42688-P  a   0.347  -0.056   9.930  g  -0.001  -0.004   0.000[0m
[1;32muart:~$ [m[8D[J[00:04:08.311,000] [0m<inf> imu: LSM6DS3TR-C  a   0.091   0.011  10.205  g   0.023  -0.062   0.013[0m
[1;32muart:~$ [m[8D[J[00:04:08.312,000] [0m<inf> imu: LSM6DSV16X   a   0.383   0.120  10.519  g  -0.012   0.002  -0.002[0m
[1;32muart:~$ [m[8D[J[1;32muart:~$ [m[8D[J[00:04:08.313,000] [0m<inf> imu: ICM-42688-P  a   0.351  -0.062   9.930  g  -0.001  -0.004  -0.000[0m
[1;32muart:~$ [m[8D[J[00:04:08.364,000] [0m<inf> imu: LSM6DS3TR-C  a   0.102   0.008  10.151  g   0.022  -0.061   0.015[0m
[1;32muart:~$ [m[8D[J[1;32muart:~$ [m[8D[J[00:04:08.365,000] [0m<inf> imu: LSM6DSV16X   a   0.383   0.115  10.518  g  -0.011   0.002  -0.003[0m
[1;32muart:~$ [m[8D[J[00:04:08.365,000] [0m<inf> imu: ICM-42688-P  a   0.359  -0.061   9.931  g   0.001  -0.005   0.000[0m
[1;32muart:~$ [m[8D[J[00:04:08.417,000] [0m<inf> imu: LSM6DS3TR-C  a   0.085   0.042  10.177  g   0.024  -0.060   0.015[0m
[1;32muart:~$ [m[8D[J[00:04:08.419,000] [0m<inf> imu: LSM6DSV16X   a   0.378   0.121  10.515  g  -0.011   0.002  -0.002[0m
[1;32muart:~$ [m[8D[J[00:04:08.419,000] [0m<inf> imu: ICM-42688-P  a   0.359  -0.065   9.937  g  -0.001  -0.004   0.001[0m
[1;32muart:~$ [m[8D[J[00:04:08.470,000] [0m<inf> imu: LSM6DS3TR-C  a   0.109   0.048  10.195  g   0.024  -0.061   0.013[0m
[1;32muart:~$ [m[8D[J[1;32muart:~$ [m[8D[J[00:04:08.471,000] [0m<inf> imu: LSM6DSV16X   a   0.377   0.121  10.515  g  -0.012   0.002  -0.002[0m
[1;32muart:~$ [m[8D[J[00:04:08.472,000] [0m<inf> imu: ICM-42688-P  a   0.346  -0.060   9.919  g   0.000  -0.005   0.000[0m
[1;32muart:~$ [m[8D[J[00:04:08.523,000] [0m<inf> imu: LSM6DS3TR-C  a   0.124  -0.005  10.167  g   0.023  -0.061   0.013[0m
[1;32muart:~$ [m[8D[J[00:04:08.525,000] [0m<inf> imu: LSM6DSV16X   a   0.382   0.117  10.519  g  -0.011   0.002  -0.002[0m
[1;32muart:~$ [m[8D[J[1;32muart:~$ [m[8D[J[00:04:08.525,000] [0m<inf> imu: ICM-42688-P  a   0.352  -0.065   9.907  g  -0.001  -0.004  -0.000[0m
[1;32muart:~$ [m[8D[J[00:04:08.576,000] [0m<inf> imu: LSM6DS3TR-C  a   0.084   0.016  10.180  g   0.023  -0.062   0.015[0m
[1;32muart:~$ [m[8D[J[1;32muart:~$ [m[8D[J[00:04:08.577,000] [0m<inf> imu: LSM6DSV16X   a   0.386   0.120  10.518  g  -0.012   0.002  -0.002[0m
[1;32muart:~$ [m[8D[J[00:04:08.578,000] [0m<inf> imu: ICM-42688-P  a   0.363  -0.061   9.916  g  -0.000  -0.004   0.001[0m
[1;32muart:~$ [m[8D[J[00:04:08.629,000] [0m<inf> imu: LSM6DS3TR-C  a   0.120  -0.009  10.186  g   0.024  -0.062   0.013[0m
[1;32muart:~$ [m[8D[J[00:04:08.631,000] [0m<inf> imu: LSM6DSV16X   a   0.385   0.112  10.521  g  -0.010   0.002  -0.003[0m
[1;32muart:~$ [m[8D[J[1;32muart:~$ [m[8D[J[00:04:08.631,000] [0m<inf> imu: ICM-42688-P  a   0.364  -0.069   9.926  g   0.000  -0.004   0.001[0m
[1;32muart:~$ [m[8D[J[00:04:08.682,000] [0m<inf> imu: LSM6DS3TR-C  a   0.080   0.016  10.208  g   0.023  -0.060   0.013[0m
[1;32muart:~$ [m[8D[J[1;32muart:~$ [m[8D[J[00:04:08.683,000] [0m<inf> imu: LSM6DSV16X   a   0.377   0.114  10.516  g  -0.011   0.002  -0.002[0m
[1;32muart:~$ [m[8D[J[00:04:08.684,000] [0m<inf> imu: ICM-42688-P  a   0.347  -0.075   9.917  g   0.001  -0.005   0.000[0m
[1;32muart:~$ [m[8D[J[00:04:08.735,000] [0m<inf> imu: LSM6DS3TR-C  a   0.114   0.004  10.186  g   0.023  -0.061   0.015[0m
[1;32muart:~$ [m[8D[J[00:04:08.735,000] [0m<inf> imu: LSM6DSV16X   a   0.380   0.119  10.518  g  -0.013   0.002  -0.002[0m
[1;32muart:~$ [m[8D[J[1;32muart:~$ [m[8D[J[00:04:08.736,000] [0m<inf> imu: ICM-42688-P  a   0.359  -0.056   9.926  g  -0.000  -0.004  -0.000[0m
[1;32muart:~$ [m[8D[J[00:04:08.787,000] [0m<inf> imu: LSM6DS3TR-C  a   0.082   0.013  10.179  g   0.024  -0.060   0.014[0m
[1;32muart:~$ [m[8D[J[1;32muart:~$ [m[8D[J[00:04:08.788,000] [0m<inf> imu: LSM6DSV16X   a   0.380   0.115  10.519  g  -0.011   0.002  -0.002[0m
[1;32muart:~$ [m[8D[J[00:04:08.788,000] [0m<inf> imu: ICM-42688-P  a   0.354  -0.061   9.926  g   0.000  -0.005  -0.001[0m
[1;32muart:~$ [m[8D[J[00:04:08.839,000] [0m<inf> imu: LSM6DS3TR-C  a   0.090   0.019  10.195  g   0.024  -0.060   0.016[0m
[1;32muart:~$ [m[8D[J[00:04:08.840,000] [0m<inf> imu: LSM6DSV16X   a   0.376   0.112  10.524  g  -0.011   0.002  -0.003[0m
[1;32muart:~$ [m[8D[J[1;32muart:~$ [m[8D[J[00:04:08.840,000] [0m<inf> imu: ICM-42688-P  a   0.359  -0.060   9.918  g  -0.001  -0.005  -0.001[0m
[1;32muart:~$ [m[8D[J[00:04:08.891,000] [0m<inf> imu: LSM6DS3TR-C  a   0.092  -0.010  10.190  g   0.024  -0.061   0.016[0m
[1;32muart:~$ [m[8D[J[1;32muart:~$ [m[8D[J[00:04:08.892,000] [0m<inf> imu: LSM6DSV16X   a   0.382   0.115  10.515  g  -0.012   0.002  -0.003[0m
[1;32muart:~$ [m[8D[J[00:04:08.893,000] [0m<inf> imu: ICM-42688-P  a   0.353  -0.056   9.917  g   0.000  -0.005   0.000[0m
[1;32muart:~$ [m[8D[J[00:04:08.944,000] [0m<inf> imu: LSM6DS3TR-C  a   0.092   0.007  10.152  g   0.023  -0.060   0.016[0m
[1;32muart:~$ [m[8D[J[1;32muart:~$ [m[8D[J[00:04:08.944,000] [0m<inf> imu: LSM6DSV16X   a   0.379   0.113  10.511  g  -0.012   0.001  -0.003[0m
[1;32muart:~$ [m[8D[J[00:04:08.945,000] [0m<inf> imu: ICM-42688-P  a   0.354  -0.060   9.924  g   0.000  -0.005  -0.000[0m
[1;32muart:~$ [m[8D[J[00:04:08.996,000] [0m<inf> imu: LSM6DS3TR-C  a   0.106   0.020  10.208  g   0.023  -0.060   0.014[0m
[1;32muart:~$ [m[8D[J[1;32muart:~$ [m[8D[J[00:04:08.997,000] [0m<inf> imu: LSM6DSV16X   a   0.378   0.120  10.515  g  -0.011   0.003  -0.003[0m
[1;32muart:~$ [m[8D[J[00:04:08.997,000] [0m<inf> imu: ICM-42688-P  a   0.347  -0.055   9.925  g   0.001  -0.005  -0.000[0m
[1;32muart:~$ [m[8D[J[00:04:09.048,000] [0m<inf> imu: LSM6DS3TR-C  a   0.089   0.006  10.172  g   0.026  -0.061   0.015[0m
[1;32muart:~$ [m[8D[J[1;32muart:~$ [m[8D[J[00:04:09.049,000] [0m<inf> imu: LSM6DSV16X   a   0.383   0.118  10.524  g  -0.011   0.002  -0.003[0m
[1;32muart:~$ [m[8D[J[00:04:09.050,000] [0m<inf> imu: ICM-42688-P  a   0.366  -0.060   9.920  g   0.000  -0.005   0.000[0m
[1;32muart:~$ [m[8D[J[00:04:09.101,000] [0m<inf> imu: LSM6DS3TR-C  a   0.069   0.032  10.172  g   0.024  -0.060   0.014[0m
[1;32muart:~$ [m[8D[J[1;32muart:~$ [m[8D[J[00:04:09.101,000] [0m<inf> imu: LSM6DSV16X   a   0.380   0.119  10.514  g  -0.011   0.002  -0.002[0m
[1;32muart:~$ [m[8D[J[00:04:09.102,000] [0m<inf> imu: ICM-42688-P  a   0.346  -0.048   9.926  g   0.001  -0.005   0.000[0m
[1;32muart:~$ [m[8D[J[00:04:09.154,000] [0m<inf> imu: LSM6DS3TR-C  a   0.115   0.060  10.201  g   0.024  -0.062   0.014[0m
[1;32muart:~$ [m[8D[J[1;32muart:~$ [m[8D[J[00:04:09.155,000] [0m<inf> imu: LSM6DSV16X   a   0.380   0.124  10.513  g  -0.011   0.003  -0.003[0m
[1;32muart:~$ [m[8D[J[00:04:09.156,000] [0m<inf> imu: ICM-42688-P  a   0.357  -0.065   9.910  g   0.000  -0.005  -0.000[0m
[1;32muart:~$ [m[8D[J[00:04:09.207,000] [0m<inf> imu: LSM6DS3TR-C  a   0.087   0.009  10.192  g   0.022  -0.061   0.013[0m
[1;32muart:~$ [m[8D[J[1;32muart:~$ [m[8D[J[00:04:09.207,000] [0m<inf> imu: LSM6DSV16X   a   0.375   0.115  10.530  g  -0.012   0.002  -0.002[0m
[1;32muart:~$ [m[8D[J[00:04:09.208,000] [0m<inf> imu: ICM-42688-P  a   0.363  -0.062   9.934  g   0.000  -0.005   0.000[0m
[1;32muart:~$ [m[8D[J[1;32muart:~$ [m[8D[J[00:04:09.259,000] [0m<inf> imu: LSM6DS3TR-C  a   0.070   0.016  10.199  g   0.022  -0.061   0.015[0m
[1;32muart:~$ [m[8D[J[00:04:09.260,000] [0m<inf> imu: LSM6DSV16X   a   0.376   0.117  10.519  g  -0.011   0.002  -0.002[0m
[1;32muart:~$ [m[8D[J[00:04:09.261,000] [0m<inf> imu: ICM-42688-P  a   0.354  -0.061   9.913  g   0.000  -0.005  -0.000[0m
[1;32muart:~$ [m[8D[J[00:04:09.312,000] [0m<inf> imu: LSM6DS3TR-C  a   0.122   0.013  10.177  g   0.024  -0.063   0.013[0m
[1;32muart:~$ [m[8D[J[1;32muart:~$ [m[8D[J[00:04:09.313,000] [0m<inf> imu: LSM6DSV16X   a   0.383   0.117  10.521  g  -0.012   0.002  -0.003[0m
[1;32muart:~$ [m[8D[J[00:04:09.313,000] [0m<inf> imu: ICM-42688-P  a   0.346  -0.056   9.931  g   0.000  -0.005  -0.000[0m
[1;32muart:~$ [m[8D[J[00:04:09.365,000] [0m<inf> imu: LSM6DS3TR-C  a   0.087   0.035  10.203  g   0.022  -0.060   0.013[0m
[1;32muart:~$ [m[8D[J[1;32muart:~$ [m[8D[J[00:04:09.366,000] [0m<inf> imu: LSM6DSV16X   a   0.377   0.123  10.512  g  -0.012   0.002  -0.003[0m
[1;32muart:~$ [m[8D[J[00:04:09.367,000] [0m<inf> imu: ICM-42688-P  a   0.363  -0.056   9.918  g   0.000  -0.005  -0.001[0m
[1;32muart:~$ [m[8D[J[00:04:09.418,000] [0m<inf> imu: LSM6DS3TR-C  a   0.095   0.032  10.163  g   0.024  -0.061   0.015[0m
[1;32muart:~$ [m[8D[J[1;32muart:~$ [m[8D[J[00:04:09.419,000] [0m<inf> imu: LSM6DSV16X   a   0.373   0.110  10.512  g  -0.012   0.003  -0.003[0m
[1;32muart:~$ [m[8D[J[00:04:09.419,000] [0m<inf> imu: ICM-42688-P  a   0.363  -0.072   9.922  g   0.000  -0.004   0.000[0m
[1;32muart:~$ [m[8D[J[1;32muart:~$ [m[8D[J[00:04:09.471,000] [0m<inf> imu: LSM6DS3TR-C  a   0.106   0.038  10.198  g   0.024  -0.060   0.014[0m
[1;32muart:~$ [m[8D[J[00:04:09.473,000] [0m<inf> imu: LSM6DSV16X   a   0.382   0.115  10.512  g  -0.011   0.002  -0.003[0m
[1;32muart:~$ [m[8D[J[00:04:09.473,000] [0m<inf> imu: ICM-42688-P  a   0.359  -0.067   9.923  g   0.000  -0.005   0.000[0m
[1;32muart:~$ [m[8D[J[00:04:09.524,000] [0m<inf> imu: LSM6DS3TR-C  a   0.135   0.017  10.213  g   0.022  -0.061   0.015[0m
[1;32muart:~$ [m[8D[J[1;32muart:~$ [m[8D[J[00:04:09.525,000] [0m<inf> imu: LSM6DSV16X   a   0.380   0.120  10.517  g  -0.012   0.002  -0.002[0m
[1;32muart:~$ [m[8D[J[00:04:09.526,000] [0m<inf> imu: ICM-42688-P  a   0.354  -0.072   9.929  g   0.000  -0.005   0.000[0m
[1;32muart:~$ [m[8D[J[1;32muart:~$ [m[8D[J[00:04:09.577,000] [0m<inf> imu: LSM6DS3TR-C  a   0.072   0.057  10.178  g   0.026  -0.061   0.015[0m
[1;32muart:~$ [m[8D[J[00:04:09.578,000] [0m<inf> imu: LSM6DSV16X   a   0.373   0.115  10.521  g  -0.011   0.003  -0.002[0m
[1;32muart:~$ [m[8D[J[00:04:09.579,000] [0m<inf> imu: ICM-42688-P  a   0.352  -0.065   9.922  g  -0.000  -0.005   0.000[0m
[1;32muart:~$ [m[8D[J[00:04:09.630,000] [0m<inf> imu: LSM6DS3TR-C  a   0.131   0.020  10.167  g   0.025  -0.059   0.015[0m
[1;32muart:~$ [m[8D[J[1;32muart:~$ [m[8D[J[00:04:09.631,000] [0m<inf> imu: LSM6DSV16X   a   0.380   0.117  10.510  g  -0.011   0.002  -0.003[0m
[1;32muart:~$ [m[8D[J[00:04:09.632,000] [0m<inf> imu: ICM-42688-P  a   0.365  -0.065   9.919  g  -0.001  -0.005   0.000[0m
[1;32muart:~$ [m[8D[J[1;32muart:~$ [m[8D[J[00:04:09.683,000] [0m<inf> imu: LSM6DS3TR-C  a   0.117   0.011  10.177  g   0.025  -0.061   0.014[0m
[1;32muart:~$ [m[8D[J[00:04:09.684,000] [0m<inf> imu: LSM6DSV16X   a   0.380   0.114  10.527  g  -0.011   0.002  -0.003[0m
[1;32muart:~$ [m[8D[J[00:04:09.685,000] [0m<inf> imu: ICM-42688-P  a   0.358  -0.056   9.932  g   0.000  -0.004  -0.000[0m
[1;32muart:~$ [m[8D[J[1;32muart:~$ [m[8D[J[00:04:09.736,000] [0m<inf> imu: LSM6DS3TR-C  a   0.102  -0.002  10.178  g   0.024  -0.060   0.015[0m
[1;32muart:~$ [m[8D[J[00:04:09.737,000] [0m<inf> imu: LSM6DSV16X   a   0.385   0.115  10.516  g  -0.011   0.002  -0.003[0m
[1;32muart:~$ [m[8D[J[00:04:09.737,000] [0m<inf> imu: ICM-42688-P  a   0.354  -0.062   9.923  g  -0.000  -0.005   0.000[0m
[1;32muart:~$ [m[8D[J[1;32muart:~$ [m[8D[J[00:04:09.788,000] [0m<inf> imu: LSM6DS3TR-C  a   0.100   0.011  10.207  g   0.023  -0.060   0.016[0m
[1;32muart:~$ [m[8D[J[00:04:09.789,000] [0m<inf> imu: LSM6DSV16X   a   0.378   0.115  10.512  g  -0.012   0.002  -0.003[0m
[1;32muart:~$ [m[8D[J[00:04:09.790,000] [0m<inf> imu: ICM-42688-P  a   0.353  -0.054   9.914  g  -0.000  -0.005   0.000[0m
[1;32muart:~$ [m[8D[J[1;32muart:~$ [m[8D[J[00:04:09.841,000] [0m<inf> imu: LSM6DS3TR-C  a   0.106   0.043  10.195  g   0.023  -0.062   0.015[0m
[1;32muart:~$ [m[8D[J[00:04:09.841,000] [0m<inf> imu: LSM6DSV16X   a   0.377   0.118  10.517  g  -0.013   0.002  -0.003[0m
[1;32muart:~$ [m[8D[J[00:04:09.842,000] [0m<inf> imu: ICM-42688-P  a   0.354  -0.062   9.930  g  -0.001  -0.005   0.000[0m
[1;32muart:~$ [m[8D[J[1;32muart:~$ [m[8D[J[00:04:09.893,000] [0m<inf> imu: LSM6DS3TR-C  a   0.077   0.019  10.193  g   0.024  -0.062   0.014[0m
[1;32muart:~$ [m[8D[J[00:04:09.894,000] [0m<inf> imu: LSM6DSV16X   a   0.376   0.117  10.513  g  -0.011   0.002  -0.002[0m
[1;32muart:~$ [m[8D[J[00:04:09.894,000] [0m<inf> imu: ICM-42688-P  a   0.345  -0.062   9.935  g  -0.000  -0.004   0.000[0m
[1;32muart:~$ [m[8D[J[1;32muart:~$ [m[8D[J[00:04:09.945,000] [0m<inf> imu: LSM6DS3TR-C  a   0.108   0.041  10.196  g   0.024  -0.059   0.014[0m
[1;32muart:~$ [m[8D[J[00:04:09.946,000] [0m<inf> imu: LSM6DSV16X   a   0.383   0.120  10.524  g  -0.011   0.002  -0.002[0m
[1;32muart:~$ [m[8D[J[00:04:09.946,000] [0m<inf> imu: ICM-42688-P  a   0.351  -0.062   9.922  g  -0.000  -0.004  -0.001[0m
[1;32muart:~$ [m[8D[J[1;32muart:~$ [m[8D[J[00:04:09.997,000] [0m<inf> imu: LSM6DS3TR-C  a   0.094  -0.008  10.169  g   0.021  -0.061   0.014[0m
[1;32muart:~$ [m[8D[J[00:04:09.998,000] [0m<inf> imu: LSM6DSV16X   a   0.376   0.115  10.519  g  -0.012   0.002  -0.003[0m
[1;32muart:~$ [m[8D[J[00:04:09.999,000] [0m<inf> imu: ICM-42688-P  a   0.339  -0.074   9.936  g  -0.000  -0.005   0.001[0m
[1;32muart:~$ [m[8D[J[1;32muart:~$ [m[8D[J[00:04:10.050,000] [0m<inf> imu: LSM6DS3TR-C  a   0.114   0.034  10.203  g   0.024  -0.063   0.016[0m
[1;32muart:~$ [m[8D[J[00:04:10.050,000] [0m<inf> imu: LSM6DSV16X   a   0.380   0.115  10.518  g  -0.011   0.002  -0.002[0m
[1;32muart:~$ [m[8D[J[1;32muart:~$ [m[8D[J[00:04:10.051,000] [0m<inf> imu: ICM-42688-P  a   0.354  -0.073   9.914  g   0.000  -0.006   0.000[0m
[1;32muart:~$ [m[8D[J[00:04:10.102,000] [0m<inf> imu: LSM6DS3TR-C  a   0.102   0.011  10.178  g   0.022  -0.061   0.014[0m
[1;32muart:~$ [m[8D[J[00:04:10.103,000] [0m<inf> imu: LSM6DSV16X   a   0.379   0.117  10.507  g  -0.013   0.002  -0.003[0m
[1;32muart:~$ [m[8D[J[00:04:10.103,000] [0m<inf> imu: ICM-42688-P  a   0.356  -0.063   9.922  g   0.000  -0.004   0.000[0m
[1;32muart:~$ [m[8D[J[1;32muart:~$ [m[8D[J[00:04:10.155,000] [0m<inf> imu: LSM6DS3TR-C  a   0.092   0.021  10.177  g   0.023  -0.062   0.013[0m
[1;32muart:~$ [m[8D[J[00:04:10.156,000] [0m<inf> imu: LSM6DSV16X   a   0.382   0.117  10.521  g  -0.011   0.003  -0.003[0m
[1;32muart:~$ [m[8D[J[1;32muart:~$ [m[8D[J[00:04:10.157,000] [0m<inf> imu: ICM-42688-P  a   0.346  -0.063   9.931  g  -0.001  -0.005   0.000[0m
[1;32muart:~$ [m[8D[J[00:04:10.208,000] [0m<inf> imu: LSM6DS3TR-C  a   0.098   0.042  10.178  g   0.023  -0.060   0.014[0m
[1;32muart:~$ [m[8D[J[00:04:10.210,000] [0m<inf> imu: LSM6DSV16X   a   0.373   0.117  10.514  g  -0.011   0.002  -0.002[0m
[1;32muart:~$ [m[8D[J[00:04:10.210,000] [0m<inf> imu: ICM-42688-P  a   0.356  -0.059   9.924  g   0.000  -0.005   0.000[0m
[1;32muart:~$ [m[8D[J[1;32muart:~$ [m[8D[J[00:04:10.261,000] [0m<inf> imu: LSM6DS3TR-C  a   0.106   0.034  10.171  g   0.023  -0.060   0.016[0m
[1;32muart:~$ [m[8D[J[00:04:10.262,000] [0m<inf> imu: LSM6DSV16X   a   0.385   0.115  10.516  g  -0.011   0.002  -0.003[0m
[1;32muart:~$ [m[8D[J[1;32muart:~$ [m[8D[J[00:04:10.263,000] [0m<inf> imu: ICM-42688-P  a   0.340  -0.066   9.919  g  -0.001  -0.005   0.001[0m
[1;32muart:~$ [m[8D[J[00:04:10.314,000] [0m<inf> imu: LSM6DS3TR-C  a   0.103   0.030  10.170  g   0.024  -0.060   0.015[0m
[1;32muart:~$ [m[8D[J[00:04:10.314,000] [0m<inf> imu: LSM6DSV16X   a   0.382   0.117  10.513  g  -0.011   0.002  -0.003[0m
[1;32muart:~$ [m[8D[J[00:04:10.315,000] [0m<inf> imu: ICM-42688-P  a   0.350  -0.062   9.916  g  -0.001  -0.005   0.000[0m
[1;32muart:~$ [m[8D[J[1;32muart:~$ [m[8D[J[00:04:10.366,000] [0m<inf> imu: LSM6DS3TR-C  a   0.094   0.002  10.155  g   0.025  -0.063   0.014[0m
[1;32muart:~$ [m[8D[J[00:04:10.368,000] [0m<inf> imu: LSM6DSV16X   a   0.376   0.117  10.519  g  -0.012   0.002  -0.003[0m
[1;32muart:~$ [m[8D[J[00:04:10.368,000] [0m<inf> imu: ICM-42688-P  a   0.359  -0.060   9.936  g   0.001  -0.005   0.000[0m
[1;32muart:~$ [m[8D[J[1;32muart:~$ [m[8D[J[00:04:10.419,000] [0m<inf> imu: LSM6DS3TR-C  a   0.107   0.013  10.201  g   0.023  -0.060   0.014[0m
[1;32muart:~$ [m[8D[J[00:04:10.420,000] [0m<inf> imu: LSM6DSV16X   a   0.371   0.117  10.516  g  -0.012   0.002  -0.003[0m
[1;32muart:~$ [m[8D[J[00:04:10.421,000] [0m<inf> imu: ICM-42688-P  a   0.348  -0.056   9.926  g  -0.001  -0.005   0.000[0m
[1;32muart:~$ [m[8D[J[1;32muart:~$ [m[8D[J[00:04:10.472,000] [0m<inf> imu: LSM6DS3TR-C  a   0.095   0.017  10.171  g   0.025  -0.062   0.016[0m
[1;32muart:~$ [m[8D[J[00:04:10.474,000] [0m<inf> imu: LSM6DSV16X   a   0.381   0.119  10.519  g  -0.012   0.002  -0.002[0m
[1;32muart:~$ [m[8D[J[1;32muart:~$ [m[8D[J[00:04:10.474,000] [0m<inf> imu: ICM-42688-P  a   0.357  -0.067   9.941  g  -0.000  -0.005   0.001[0m
[1;32muart:~$ [m[8D[J[00:04:10.525,000] [0m<inf> imu: LSM6DS3TR-C  a   0.087   0.010  10.201  g   0.023  -0.062   0.015[0m
[1;32muart:~$ [m[8D[J[00:04:10.526,000] [0m<inf> imu: LSM6DSV16X   a   0.383   0.119  10.513  g  -0.011   0.002  -0.002[0m
[1;32muart:~$ [m[8D[J[00:04:10.527,000] [0m<inf> imu: ICM-42688-P  a   0.348  -0.065   9.932  g  -0.000  -0.005   0.000[0m
[1;32muart:~$ [m[8D[J[1;32muart:~$ [m[8D[J[00:04:10.578,000] [0m<inf> imu: LSM6DS3TR-C  a   0.110   0.000  10.158  g   0.025  -0.062   0.014[0m
[1;32muart:~$ [m[8D[J[00:04:10.578,000] [0m<inf> imu: LSM6DSV16X   a   0.376   0.117  10.506  g  -0.011   0.002  -0.002[0m
[1;32muart:~$ [m[8D[J[1;32muart:~$ [m[8D[J[00:04:10.579,000] [0m<inf> imu: ICM-42688-P  a   0.356  -0.053   9.924  g  -0.001  -0.005   0.000[0m
[1;32muart:~$ [m[8D[J[00:04:10.630,000] [0m<inf> imu: LSM6DS3TR-C  a   0.098   0.051  10.170  g   0.023  -0.060   0.015[0m
[1;32muart:~$ [m[8D[J[00:04:10.631,000] [0m<inf> imu: LSM6DSV16X   a   0.376   0.114  10.519  g  -0.011   0.002  -0.003[0m
[1;32muart:~$ [m[8D[J[1;32muart:~$ [m[8D[J[00:04:10.631,000] [0m<inf> imu: ICM-42688-P  a   0.362  -0.054   9.923  g   0.000  -0.004  -0.000[0m
[1;32muart:~$ [m[8D[J[00:04:10.682,000] [0m<inf> imu: LSM6DS3TR-C  a   0.111   0.004  10.189  g   0.023  -0.060   0.014[0m
[1;32muart:~$ [m[8D[J[00:04:10.683,000] [0m<inf> imu: LSM6DSV16X   a   0.383   0.115  10.517  g  -0.012   0.002  -0.003[0m
[1;32muart:~$ [m[8D[J[1;32muart:~$ [m[8D[J[00:04:10.683,000] [0m<inf> imu: ICM-42688-P  a   0.359  -0.056   9.923  g   0.001  -0.005   0.000[0m
[1;32muart:~$ [m[8D[J[00:04:10.734,000] [0m<inf> imu: LSM6DS3TR-C  a   0.107   0.037  10.200  g   0.023  -0.062   0.015[0m
[1;32muart:~$ [m[8D[J[00:04:10.735,000] [0m<inf> imu: LSM6DSV16X   a   0.378   0.123  10.516  g  -0.011   0.002  -0.003[0m
[1;32muart:~$ [m[8D[J[1;32muart:~$ [m[8D[J[00:04:10.736,000] [0m<inf> imu: ICM-42688-P  a   0.344  -0.060   9.923  g  -0.000  -0.005   0.000[0m
[1;32muart:~$ [m[8D[J[00:04:10.787,000] [0m<inf> imu: LSM6DS3TR-C  a   0.124   0.017  10.165  g   0.024  -0.060   0.017[0m
[1;32muart:~$ [m[8D[J[00:04:10.787,000] [0m<inf> imu: LSM6DSV16X   a   0.378   0.115  10.519  g  -0.012   0.002  -0.003[0m
[1;32muart:~$ [m[8D[J[1;32muart:~$ [m[8D[J[00:04:10.788,000] [0m<inf> imu: ICM-42688-P  a   0.363  -0.060   9.918  g  -0.001  -0.004   0.001[0m
[1;32muart:~$ [m[8D[J[00:04:10.839,000] [0m<inf> imu: LSM6DS3TR-C  a   0.115   0.045  10.175  g   0.023  -0.061   0.016[0m
[1;32muart:~$ [m[8D[J[00:04:10.840,000] [0m<inf> imu: LSM6DSV16X   a   0.376   0.120  10.507  g  -0.012   0.002  -0.002[0m
[1;32muart:~$ [m[8D[J[1;32muart:~$ [m[8D[J[1;31m[1;31m--- 1 messages dropped ---
[0m[m[00:04:10.840,000] [0m<inf> imu: ICM-42688-P  a   0.358  -0.062   9.928  g   0.000  -0.005   0.000[0m
[1;32muart:~$ [m[8D[J[00:04:10.892,000] [0m<inf> imu: LSM6DSV16X   a   0.373   0.120  10.516  g  -0.011   0.003  -0.003[0m
[1;32muart:~$ [m[8D[J[1;32muart:~$ [m[8D[J[1;31m[1;31m--- 1 messages dropped ---
[0m[m[00:04:10.892,000] [0m<inf> imu: ICM-42688-P  a   0.350  -0.062   9.923  g   0.000  -0.005   0.001[0m
[1;32muart:~$ [m[8D[J[00:04:10.943,000] [0m<inf> imu: LSM6DS3TR-C  a   0.089   0.035  10.196  g   0.024  -0.061   0.014[0m
[1;32muart:~$ [m[8D[J[00:04:10.945,000] [0m<inf> imu: ICM-42688-P  a   0.354  -0.071   9.912  g   0.000  -0.005   0.000[0m
[1;32muart:~$ [m[8D[J[1;32muart:~$ [m[8D[J[1;31m[1;31m--- 2 messages dropped ---
[0m[m[00:04:10.996,000] [0m<inf> imu: LSM6DS3TR-C  a   0.102   0.015  10.194  g   0.024  -0.062   0.016[0m
[1;32muart:~$ [m[8D[J[00:04:11.049,000] [0m<inf> imu: LSM6DS3TR-C  a   0.084   0.030  10.157  g   0.023  -0.062   0.015[0m
[1;32muart:~$ [m[8D[J[1;32muart:~$ [m[8D[J[1;31m[1;31m--- 1 messages dropped ---
[0m[m[00:04:11.050,000] [0m<inf> imu: LSM6DSV16X   a   0.381   0.119  10.522  g  -0.012   0.002  -0.002[0m
[1;32muart:~$ [m[8D[J[00:04:11.050,000] [0m<inf> imu: ICM-42688-P  a   0.359  -0.055   9.918  g   0.000  -0.005   0.001[0m
[1;32muart:~$ [m[8D[J[00:04:11.103,000] [0m<inf> imu: LSM6DSV16X   a   0.373   0.112  10.507  g  -0.012   0.002  -0.002[0m
[1;32muart:~$ [m[8D[J[1;32muart:~$ [m[8D[J[1;31m[1;31m--- 2 messages dropped ---
[0m[m[00:04:11.104,000] [0m<inf> imu: ICM-42688-P  a   0.352  -0.049   9.922  g  -0.002  -0.005   0.000[0m
[1;32muart:~$ [m[8D[J[00:04:11.156,000] [0m<inf> imu: ICM-42688-P  a   0.352  -0.065   9.923  g   0.001  -0.005   0.001[0m
[1;32muart:~$ [m[8D[J[1;32muart:~$ [m[8D[J[1;31m[1;31m--- 1 messages dropped ---
[0m[m[00:04:11.208,000] [0m<inf> imu: LSM6DS3TR-C  a   0.077   0.044  10.176  g   0.023  -0.062   0.015[0m
[1;32muart:~$ [m[8D[J[00:04:11.209,000] [0m<inf> imu: LSM6DSV16X   a   0.373   0.124  10.522  g  -0.011   0.002  -0.003[0m
[1;32muart:~$ [m[8D[J[00:04:11.261,000] [0m<inf> imu: LSM6DS3TR-C  a   0.098  -0.003  10.178  g   0.022  -0.058   0.016[0m
[1;32muart:~$ [m[8D[J[1;32muart:~$ [m[8D[J[1;31m[1;31m--- 2 messages dropped ---
[0m[m[00:04:11.263,000] [0m<inf> imu: LSM6DSV16X   a   0.376   0.117  10.521  g  -0.011   0.002  -0.003[0m
[1;32muart:~$ [m[8D[J[00:04:11.316,000] [0m<inf> imu: LSM6DSV16X   a   0.376   0.118  10.512  g  -0.012   0.003  -0.003[0m
[1;32muart:~$ [m[8D[J[1;32muart:~$ [m[8D[J[1;31m[1;31m--- 1 messages dropped ---
[0m[m[00:04:11.316,000] [0m<inf> imu: ICM-42688-P  a   0.350  -0.063   9.919  g   0.000  -0.005   0.000[0m
[1;32muart:~$ [m[8D[J[00:04:11.367,000] [0m<inf> imu: LSM6DS3TR-C  a   0.089   0.020  10.174  g   0.024  -0.060   0.014[0m
[1;32muart:~$ [m[8D[J[00:04:11.368,000] [0m<inf> imu: ICM-42688-P  a   0.345  -0.057   9.929  g  -0.001  -0.005   0.000[0m
[1;32muart:~$ [m[8D[J[1;32muart:~$ [m[8D[J[1;31m[1;31m--- 2 messages dropped ---
[0m[m[00:04:11.420,000] [0m<inf> imu: LSM6DS3TR-C  a   0.092   0.022  10.172  g   0.025  -0.060   0.016[0m
[1;32muart:~$ [m[8D[J[00:04:11.473,000] [0m<inf> imu: LSM6DS3TR-C  a   0.120   0.004  10.168  g   0.024  -0.062   0.014[0m
[1;32muart:~$ [m[8D[J[1;32muart:~$ [m[8D[J[1;31m[1;31m--- 1 messages dropped ---
[0m[m[00:04:11.474,000] [0m<inf> imu: LSM6DSV16X   a   0.376   0.120  10.510  g  -0.011   0.002  -0.002[0m
[1;32muart:~$ [m[8D[J[00:04:11.475,000] [0m<inf> imu: ICM-42688-P  a   0.354  -0.066   9.912  g  -0.001  -0.005   0.000[0m
[1;32muart:~$ [m[8D[J[00:04:11.526,000] [0m<inf> imu: LSM6DSV16X   a   0.376   0.114  10.512  g  -0.012   0.002  -0.003[0m
[1;32muart:~$ [m[8D[J[1;32muart:~$ [m[8D[J[1;31m[1;31m--- 2 messages dropped ---
[0m[m[00:04:11.527,000] [0m<inf> imu: ICM-42688-P  a   0.353  -0.053   9.923  g   0.001  -0.005   0.000[0m
[1;32muart:~$ [m[8D[J[00:04:11.579,000] [0m<inf> imu: ICM-42688-P  a   0.351  -0.072   9.923  g  -0.001  -0.005   0.000[0m
[1;32muart:~$ [m[8D[J[1;32muart:~$ [m[8D[J[1;31m[1;31m--- 1 messages dropped ---
[0m[m[00:04:11.630,000] [0m<inf> imu: LSM6DS3TR-C  a   0.110   0.013  10.202  g   0.025  -0.062   0.016[0m
[1;32muart:~$ [m[8D[J[00:04:11.631,000] [0m<inf> imu: LSM6DSV16X   a   0.378   0.118  10.514  g  -0.012   0.002  -0.002[0m
[1;32muart:~$ [m[8D[J[00:04:11.683,000] [0m<inf> imu: LSM6DS3TR-C  a   0.123  -0.020  10.180  g   0.023  -0.061   0.014[0m
[1;32muart:~$ [m[8D[J[1;32muart:~$ [m[8D[J[1;31m[1;31m--- 2 messages dropped ---
[0m[m[00:04:11.683,000] [0m<inf> imu: LSM6DSV16X   a   0.379   0.120  10.514  g  -0.011   0.003  -0.003[0m
[1;32muart:~$ [m[8D[J[00:04:11.736,000] [0m<inf> imu: LSM6DSV16X   a   0.382   0.117  10.521  g  -0.012   0.003  -0.003[0m
[1;32muart:~$ [m[8D[J[1;32muart:~$ [m[8D[J[00:04:11.736,000] [0m<inf> imu: ICM-42688-P  a   0.357  -0.051   9.928  g   0.000  -0.005   0.000[0m
[1;32muart:~$ [m[8D[J[00:04:11.787,000] [0m<inf> imu: LSM6DS3TR-C  a   0.106   0.032  10.200  g   0.025  -0.064   0.015[0m
[1;32muart:~$ [m[8D[J[00:04:11.788,000] [0m<inf> imu: LSM6DSV16X   a   0.380   0.112  10.512  g  -0.012   0.002  -0.003[0m
[1;32muart:~$ [m[8D[J[00:04:11.788,000] [0m<inf> imu: ICM-42688-P  a   0.346  -0.062   9.920  g   0.000  -0.005   0.001[0m
[1;32muart:~$ [m[8D[J[1;32muart:~$ [m[8D[J[00:04:11.839,000] [0m<inf> imu: LSM6DS3TR-C  a   0.141   0.015  10.194  g   0.024  -0.061   0.014[0m
[1;32muart:~$ [m[8D[J[00:04:11.840,000] [0m<inf> imu: LSM6DSV16X   a   0.378   0.122  10.515  g  -0.011   0.002  -0.002[0m
[1;32muart:~$ [m[8D[J[1;32muart:~$ [m[8D[J[00:04:11.841,000] [0m<inf> imu: ICM-42688-P  a   0.356  -0.072   9.914  g   0.000  -0.005   0.000[0m
[1;32muart:~$ [m[8D[J[00:04:11.892,000] [0m<inf> imu: LSM6DS3TR-C  a   0.095   0.028  10.149  g   0.025  -0.062   0.016[0m
[1;32muart:~$ [m[8D[J[00:04:11.892,000] [0m<inf> imu: LSM6DSV16X   a   0.380   0.117  10.514  g  -0.011   0.002  -0.003[0m
[1;32muart:~$ [m[8D[J[00:04:11.893,000] [0m<inf> imu: ICM-42688-P  a   0.358  -0.061   9.920  g   0.000  -0.005   0.001[0m
[1;32muart:~$ [m[8D[J[1;32muart:~$ [m[8D[J[00:04:11.944,000] [0m<inf> imu: LSM6DS3TR-C  a   0.088   0.004  10.208  g   0.023  -0.061   0.013[0m
[1;32muart:~$ [m[8D[J[00:04:11.945,000] [0m<inf> imu: LSM6DSV16X   a   0.378   0.115  10.519  g  -0.012   0.002  -0.002[0m
[1;32muart:~$ [m[8D[J[1;32muart:~$ [m[8D[J[00:04:11.945,000] [0m<inf> imu: ICM-42688-P  a   0.346  -0.065   9.922  g   0.000  -0.005  -0.000[0m
[1;32muart:~$ [m[8D[J[00:04:11.996,000] [0m<inf> imu: LSM6DS3TR-C  a   0.098   0.017  10.146  g   0.025  -0.062   0.015[0m
[1;32muart:~$ [m[8D[J[00:04:11.997,000] [0m<inf> imu: LSM6DSV16X   a   0.380   0.115  10.518  g  -0.011   0.002  -0.002[0m
[1;32muart:~$ [m[8D[J[1;32muart:~$ [m[8D[J[00:04:11.997,000] [0m<inf> imu: ICM-42688-P  a   0.350  -0.054   9.936  g  -0.000  -0.005   0.000[0m
[1;32muart:~$ [m[8D[J[00:04:12.048,000] [0m<inf> imu: LSM6DS3TR-C  a   0.121   0.031  10.171  g   0.024  -0.060   0.013[0m
[1;32muart:~$ [m[8D[J[00:04:12.049,000] [0m<inf> imu: LSM6DSV16X   a   0.378   0.115  10.509  g  -0.012   0.002  -0.002[0m
[1;32muart:~$ [m[8D[J[1;32muart:~$ [m[8D[J[00:04:12.050,000] [0m<inf> imu: ICM-42688-P  a   0.352  -0.067   9.912  g  -0.001  -0.005   0.000[0m
[1;32muart:~$ [m[8D[J[00:04:12.101,000] [0m<inf> imu: LSM6DS3TR-C  a   0.147   0.001  10.175  g   0.024  -0.060   0.013[0m
[1;32muart:~$ [m[8D[J[00:04:12.101,000] [0m<inf> imu: LSM6DSV16X   a   0.376   0.117  10.526  g  -0.012   0.002  -0.002[0m
[1;32muart:~$ [m[8D[J[1;32muart:~$ [m[8D[J[00:04:12.102,000] [0m<inf> imu: ICM-42688-P  a   0.346  -0.057   9.920  g   0.001  -0.005   0.000[0m
[1;32muart:~$ [m[8D[J[00:04:12.153,000] [0m<inf> imu: LSM6DS3TR-C  a   0.078   0.022  10.172  g   0.023  -0.060   0.015[0m
[1;32muart:~$ [m[8D[J[00:04:12.154,000] [0m<inf> imu: LSM6DSV16X   a   0.388   0.117  10.517  g  -0.012   0.003  -0.002[0m
[1;32muart:~$ [m[8D[J[1;32muart:~$ [m[8D[J[00:04:12.154,000] [0m<inf> imu: ICM-42688-P  a   0.346  -0.060   9.923  g   0.000  -0.005   0.000[0m
[1;32muart:~$ [m[8D[J[00:04:12.205,000] [0m<inf> imu: LSM6DS3TR-C  a   0.127  -0.005  10.169  g   0.023  -0.060   0.016[0m
[1;32muart:~$ [m[8D[J[00:04:12.206,000] [0m<inf> imu: LSM6DSV16X   a   0.380   0.112  10.514  g  -0.011   0.002  -0.002[0m
[1;32muart:~$ [m[8D[J[1;32muart:~$ [m[8D[J[00:04:12.206,000] [0m<inf> imu: ICM-42688-P  a   0.357  -0.068   9.923  g   0.000  -0.005   0.000[0m
[1;32muart:~$ [m[8D[J[00:04:12.257,000] [0m<inf> imu: LSM6DS3TR-C  a   0.082   0.022  10.195  g   0.024  -0.060   0.015[0m
[1;32muart:~$ [m[8D[J[00:04:12.258,000] [0m<inf> imu: LSM6DSV16X   a   0.376   0.120  10.514  g  -0.011   0.003  -0.002[0m
[1;32muart:~$ [m[8D[J[1;32muart:~$ [m[8D[J[00:04:12.259,000] [0m<inf> imu: ICM-42688-P  a   0.346  -0.059   9.911  g   0.000  -0.005   0.000[0m
[1;32muart:~$ [m[8D[J[00:04:12.310,000] [0m<inf> imu: LSM6DS3TR-C  a   0.057   0.033  10.182  g   0.024  -0.060   0.014[0m
[1;32muart:~$ [m[8D[J[00:04:12.310,000] [0m<inf> imu: LSM6DSV16X   a   0.380   0.117  10.512  g  -0.012   0.002  -0.003[0m
[1;32muart:~$ [m[8D[J[1;32muart:~$ [m[8D[J[00:04:12.311,000] [0m<inf> imu: ICM-42688-P  a   0.359  -0.069   9.926  g   0.000  -0.005   0.001[0m
[1;32muart:~$ [m[8D[J[00:04:12.362,000] [0m<inf> imu: LSM6DS3TR-C  a   0.083   0.010  10.174  g   0.022  -0.060   0.015[0m
[1;32muart:~$ [m[8D[J[00:04:12.363,000] [0m<inf> imu: LSM6DSV16X   a   0.373   0.120  10.519  g  -0.012   0.002  -0.002[0m
[1;32muart:~$ [m[8D[J[1;32muart:~$ [m[8D[J[00:04:12.363,000] [0m<inf> imu: ICM-42688-P  a   0.350  -0.068   9.920  g   0.000  -0.005  -0.001[0m
[1;32muart:~$ [m[8D[J[00:04:12.414,000] [0m<inf> imu: LSM6DS3TR-C  a   0.085   0.016  10.146  g   0.024  -0.061   0.014[0m
[1;32muart:~$ [m[8D[J[1;32muart:~$ [m[8D[J[00:04:12.415,000] [0m<inf> imu: LSM6DSV16X   a   0.381   0.121  10.521  g  -0.012   0.002  -0.003[0m
[1;32muart:~$ [m[8D[J[00:04:12.415,000] [0m<inf> imu: ICM-42688-P  a   0.351  -0.054   9.916  g   0.000  -0.005  -0.000[0m
[1;32muart:~$ [m[8D[J[00:04:12.467,000] [0m<inf> imu: LSM6DS3TR-C  a   0.102   0.049  10.165  g   0.024  -0.062   0.014[0m
[1;32muart:~$ [m[8D[J[00:04:12.468,000] [0m<inf> imu: LSM6DSV16X   a   0.370   0.117  10.509  g  -0.012   0.002  -0.002[0m
[1;32muart:~$ [m[8D[J[1;32muart:~$ [m[8D[J[00:04:12.469,000] [0m<inf> imu: ICM-42688-P  a   0.346  -0.063   9.922  g  -0.001  -0.005   0.000[0m
[1;32muart:~$ [m[8D[J[00:04:12.520,000] [0m<inf> imu: LSM6DS3TR-C  a   0.126   0.028  10.211  g   0.024  -0.061   0.015[0m
[1;32muart:~$ [m[8D[J[1;32muart:~$ [m[8D[J[00:04:12.521,000] [0m<inf> imu: LSM6DSV16X   a   0.377   0.111  10.526  g  -0.011   0.002  -0.003[0m
[1;32muart:~$ [m[8D[J[00:04:12.521,000] [0m<inf> imu: ICM-42688-P  a   0.360  -0.059   9.917  g   0.000  -0.004  -0.000[0m
[1;32muart:~$ [m[8D[J[00:04:12.573,000] [0m<inf> imu: LSM6DS3TR-C  a   0.098   0.034  10.189  g   0.024  -0.061   0.014[0m
[1;32muart:~$ [m[8D[J[00:04:12.574,000] [0m<inf> imu: LSM6DSV16X   a   0.378   0.110  10.519  g  -0.011   0.002  -0.002[0m
[1;32muart:~$ [m[8D[J[00:04:12.575,000] [0m<inf> imu: ICM-42688-P  a   0.356  -0.065   9.917  g   0.000  -0.005   0.000[0m
[1;32muart:~$ [m[8D[J[00:04:12.626,000] [0m<inf> imu: LSM6DS3TR-C  a   0.085   0.022  10.178  g   0.024  -0.062   0.013[0m
[1;32muart:~$ [m[8D[J[1;32muart:~$ [m[8D[J[00:04:12.627,000] [0m<inf> imu: LSM6DSV16X   a   0.380   0.117  10.516  g  -0.012   0.002  -0.003[0m
[1;32muart:~$ [m[8D[J[00:04:12.627,000] [0m<inf> imu: ICM-42688-P  a   0.356  -0.067   9.906  g  -0.001  -0.005   0.001[0m
[1;32muart:~$ [m[8D[J[00:04:12.678,000] [0m<inf> imu: LSM6DS3TR-C  a   0.108   0.040  10.191  g   0.024  -0.060   0.015[0m
[1;32muart:~$ [m[8D[J[00:04:12.679,000] [0m<inf> imu: LSM6DSV16X   a   0.377   0.120  10.512  g  -0.012   0.003  -0.002[0m
[1;32muart:~$ [m[8D[J[1;32muart:~$ [m[8D[J[00:04:12.680,000] [0m<inf> imu: ICM-42688-P  a   0.354  -0.056   9.910  g  -0.001  -0.005  -0.000[0m
[1;32muart:~$ [m[8D[J[00:04:12.731,000] [0m<inf> imu: LSM6DS3TR-C  a   0.080   0.004  10.152  g   0.023  -0.061   0.014[0m
[1;32muart:~$ [m[8D[J[1;32muart:~$ [m[8D[J[00:04:12.731,000] [0m<inf> imu: LSM6DSV16X   a   0.376   0.117  10.512  g  -0.011   0.002  -0.003[0m
[1;32muart:~$ [m[8D[J[00:04:12.732,000] [0m<inf> imu: ICM-42688-P  a   0.350  -0.065   9.934  g   0.000  -0.005   0.000[0m
[1;32muart:~$ [m[8D[J[00:04:12.783,000] [0m<inf> imu: LSM6DS3TR-C  a   0.127   0.008  10.195  g   0.022  -0.060   0.014[0m
[1;32muart:~$ [m[8D[J[00:04:12.784,000] [0m<inf> imu: LSM6DSV16X   a   0.375   0.117  10.523  g  -0.012   0.002  -0.002[0m
[1;32muart:~$ [m[8D[J[1;32muart:~$ [m[8D[J[00:04:12.784,000] [0m<inf> imu: ICM-42688-P  a   0.354  -0.056   9.926  g  -0.001  -0.005   0.000[0m
[1;32muart:~$ [m[8D[J[00:04:12.835,000] [0m<inf> imu: LSM6DS3TR-C  a   0.114   0.020  10.172  g   0.022  -0.061   0.016[0m
[1;32muart:~$ [m[8D[J[1;32muart:~$ [m[8D[J[00:04:12.836,000] [0m<inf> imu: LSM6DSV16X   a   0.380   0.120  10.514  g  -0.012   0.002  -0.003[0m
[1;32muart:~$ [m[8D[J[00:04:12.836,000] [0m<inf> imu: ICM-42688-P  a   0.342  -0.054   9.926  g   0.000  -0.004  -0.001[0m
[1;32muart:~$ [m[8D[J[00:04:12.887,000] [0m<inf> imu: LSM6DS3TR-C  a   0.134   0.016  10.149  g   0.024  -0.062   0.015[0m
[1;32muart:~$ [m[8D[J[00:04:12.888,000] [0m<inf> imu: LSM6DSV16X   a   0.378   0.117  10.519  g  -0.011   0.002  -0.003[0m
[1;32muart:~$ [m[8D[J[1;32muart:~$ [m[8D[J[00:04:12.889,000] [0m<inf> imu: ICM-42688-P  a   0.359  -0.063   9.912  g  -0.000  -0.005   0.000[0m
[1;32muart:~$ [m[8D[J[00:04:12.940,000] [0m<inf> imu: LSM6DS3TR-C  a   0.099   0.031  10.186  g   0.024  -0.060   0.015[0m
[1;32muart:~$ [m[8D[J[1;32muart:~$ [m[8D[J[00:04:12.940,000] [0m<inf> imu: LSM6DSV16X   a   0.373   0.119  10.521  g  -0.011   0.003  -0.003[0m
[1;32muart:~$ [m[8D[J[00:04:12.941,000] [0m<inf> imu: ICM-42688-P  a   0.365  -0.061   9.931  g  -0.001  -0.005   0.001[0m
[1;32muart:~$ [m[8D[J[00:04:12.992,000] [0m<inf> imu: LSM6DS3TR-C  a   0.116   0.023  10.141  g   0.024  -0.059   0.015[0m
[1;32muart:~$ [m[8D[J[00:04:12.993,000] [0m<inf> imu: LSM6DSV16X   a   0.370   0.113  10.513  g  -0.011   0.002  -0.003[0m
[1;32muart:~$ [m[8D[J[1;32muart:~$ [m[8D[J[00:04:12.993,000] [0m<inf> imu: ICM-42688-P  a   0.360  -0.063   9.920  g   0.001  -0.004   0.000[0m
[1;32muart:~$ [m[8D[J[00:04:13.044,000] [0m<inf> imu: LSM6DS3TR-C  a   0.114   0.025  10.143  g   0.023  -0.060   0.015[0m
[1;32muart:~$ [m[8D[J[1;32muart:~$ [m[8D[J[00:04:13.045,000] [0m<inf> imu: LSM6DSV16X   a   0.376   0.115  10.524  g  -0.012   0.002  -0.002[0m
[1;32muart:~$ [m[8D[J[00:04:13.045,000] [0m<inf> imu: ICM-42688-P  a   0.354  -0.056   9.920  g  -0.000  -0.005  -0.000[0m
[1;32muart:~$ [m[8D[J[00:04:13.096,000] [0m<inf> imu: LSM6DS3TR-C  a   0.103   0.020  10.177  g   0.024  -0.060   0.015[0m
[1;32muart:~$ [m[8D[J[1;32muart:~$ [m[8D[J[00:04:13.097,000] [0m<inf> imu: LSM6DSV16X   a   0.373   0.120  10.514  g  -0.012   0.001  -0.003[0m
[1;32muart:~$ [m[8D[J[00:04:13.098,000] [0m<inf> imu: ICM-42688-P  a   0.362  -0.057   9.926  g  -0.000  -0.005  -0.000[0m
[1;32muart:~$ [m[8D[J[00:04:13.149,000] [0m<inf> imu: LSM6DS3TR-C  a   0.112  -0.016  10.162  g   0.024  -0.061   0.015[0m
[1;32muart:~$ [m[8D[J[1;32muart:~$ [m[8D[J[00:04:13.151,000] [0m<inf> imu: LSM6DSV16X   a   0.380   0.115  10.528  g  -0.012   0.002  -0.003[0m
[1;32muart:~$ [m[8D[J[00:04:13.151,000] [0m<inf> imu: ICM-42688-P  a   0.340  -0.063   9.923  g  -0.000  -0.005  -0.000[0m
[1;32muart:~$ [m[8D[J[00:04:13.202,000] [0m<inf> imu: LSM6DS3TR-C  a   0.084   0.049  10.198  g   0.024  -0.061   0.014[0m
[1;32muart:~$ [m[8D[J[1;32muart:~$ [m[8D[J[00:04:13.203,000] [0m<inf> imu: LSM6DSV16X   a   0.382   0.120  10.516  g  -0.011   0.002  -0.002[0m
[1;32muart:~$ [m[8D[J[00:04:13.204,000] [0m<inf> imu: ICM-42688-P  a   0.345  -0.072   9.935  g  -0.001  -0.005   0.000[0m
[1;32muart:~$ [m[8D[J[00:04:13.255,000] [0m<inf> imu: LSM6DS3TR-C  a   0.081   0.028  10.171  g   0.023  -0.060   0.016[0m
[1;32muart:~$ [m[8D[J[1;32muart:~$ [m[8D[J[00:04:13.256,000] [0m<inf> imu: LSM6DSV16X   a   0.373   0.112  10.519  g  -0.012   0.002  -0.003[0m
[1;32muart:~$ [m[8D[J[00:04:13.257,000] [0m<inf> imu: ICM-42688-P  a   0.360  -0.056   9.924  g   0.000  -0.005   0.000[0m
[1;32muart:~$ [m[8D[J[00:04:13.308,000] [0m<inf> imu: LSM6DS3TR-C  a   0.101  -0.005  10.177  g   0.024  -0.062   0.014[0m
[1;32muart:~$ [m[8D[J[1;32muart:~$ [m[8D[J[00:04:13.309,000] [0m<inf> imu: LSM6DSV16X   a   0.383   0.123  10.526  g  -0.011   0.002  -0.003[0m
[1;32muart:~$ [m[8D[J[00:04:13.310,000] [0m<inf> imu: ICM-42688-P  a   0.342  -0.063   9.934  g   0.000  -0.004   0.000[0m
[1;32muart:~$ [m[8D[J[00:04:13.361,000] [0m<inf> imu: LSM6DS3TR-C  a   0.121   0.038  10.214  g   0.022  -0.061   0.014[0m
[1;32muart:~$ [m[8D[J[1;32muart:~$ [m[8D[J[00:04:13.362,000] [0m<inf> imu: LSM6DSV16X   a   0.380   0.115  10.524  g  -0.011   0.002  -0.003[0m
[1;32muart:~$ [m[8D[J[00:04:13.363,000] [0m<inf> imu: ICM-42688-P  a   0.347  -0.060   9.918  g   0.000  -0.006   0.000[0m
[1;32muart:~$ [m[8D[J[00:04:13.414,000] [0m<inf> imu: LSM6DS3TR-C  a   0.098   0.002  10.165  g   0.024  -0.060   0.014[0m
[1;32muart:~$ [m[8D[J[1;32muart:~$ [m[8D[J[00:04:13.415,000] [0m<inf> imu: LSM6DSV16X   a   0.382   0.112  10.514  g  -0.011   0.002  -0.002[0m
[1;32muart:~$ [m[8D[J[00:04:13.415,000] [0m<inf> imu: ICM-42688-P  a   0.363  -0.066   9.923  g  -0.001  -0.004  -0.000[0m
[1;32muart:~$ [m[8D[J[00:04:13.467,000] [0m<inf> imu: LSM6DS3TR-C  a   0.124   0.042  10.186  g   0.025  -0.060   0.014[0m
[1;32muart:~$ [m[8D[J[1;32muart:~$ [m[8D[J[00:04:13.468,000] [0m<inf> imu: LSM6DSV16X   a   0.379   0.117  10.517  g  -0.011   0.002  -0.002[0m
[1;32muart:~$ [m[8D[J[00:04:13.469,000] [0m<inf> imu: ICM-42688-P  a   0.340  -0.053   9.922  g  -0.001  -0.005   0.000[0m
[1;32muart:~$ [m[8D[J[00:04:13.520,000] [0m<inf> imu: LSM6DS3TR-C  a   0.123   0.014  10.184  g   0.020  -0.060   0.013[0m
[1;32muart:~$ [m[8D[J[1;32muart:~$ [m[8D[J[00:04:13.520,000] [0m<inf> imu: LSM6DSV16X   a   0.380   0.121  10.524  g  -0.010   0.002  -0.003[0m
[1;32muart:~$ [m[8D[J[00:04:13.521,000] [0m<inf> imu: ICM-42688-P  a   0.354  -0.065   9.930  g   0.000  -0.005   0.000[0m
[1;32muart:~$ [m[8D[J[00:04:13.572,000] [0m<inf> imu: LSM6DS3TR-C  a   0.088  -0.011  10.167  g   0.023  -0.060   0.014[0m
[1;32muart:~$ [m[8D[J[1;32muart:~$ [m[8D[J[00:04:13.574,000] [0m<inf> imu: LSM6DSV16X   a   0.381   0.117  10.528  g  -0.012   0.002  -0.003[0m
[1;32muart:~$ [m[8D[J[00:04:13.575,000] [0m<inf> imu: ICM-42688-P  a   0.357  -0.056   9.929  g   0.000  -0.004   0.000[0m
[1;32muart:~$ [m[8D[J[1;32muart:~$ [m[8D[J[00:04:13.626,000] [0m<inf> imu: LSM6DS3TR-C  a   0.105   0.007  10.189  g   0.023  -0.061   0.014[0m
[1;32muart:~$ [m[8D[J[00:04:13.626,000] [0m<inf> imu: LSM6DSV16X   a   0.375   0.127  10.526  g  -0.012   0.001  -0.003[0m
[1;32muart:~$ [m[8D[J[00:04:13.627,000] [0m<inf> imu: ICM-42688-P  a   0.341  -0.059   9.926  g   0.000  -0.005   0.000[0m
[1;32muart:~$ [m[8D[J[00:04:13.679,000] [0m<inf> imu: LSM6DS3TR-C  a   0.094   0.019  10.193  g   0.024  -0.060   0.014[0m
[1;32muart:~$ [m[8D[J[1;32muart:~$ [m[8D[J[00:04:13.680,000] [0m<inf> imu: LSM6DSV16X   a   0.380   0.117  10.516  g  -0.011   0.002  -0.003[0m
[1;32muart:~$ [m[8D[J[00:04:13.681,000] [0m<inf> imu: ICM-42688-P  a   0.345  -0.067   9.924  g  -0.000  -0.004  -0.001[0m
[1;32muart:~$ [m[8D[J[1;32muart:~$ [m[8D[J[00:04:13.732,000] [0m<inf> imu: LSM6DS3TR-C  a   0.106   0.011  10.183  g   0.022  -0.059   0.016[0m
[1;32muart:~$ [m[8D[J[00:04:13.732,000] [0m<inf> imu: LSM6DSV16X   a   0.376   0.117  10.519  g  -0.012   0.002  -0.003[0m
[1;32muart:~$ [m[8D[J[00:04:13.733,000] [0m<inf> imu: ICM-42688-P  a   0.346  -0.068   9.929  g  -0.001  -0.005   0.000[0m
[1;32muart:~$ [m[8D[J[00:04:13.784,000] [0m<inf> imu: LSM6DS3TR-C  a   0.092   0.035  10.156  g   0.023  -0.060   0.016[0m
[1;32muart:~$ [m[8D[J[1;32muart:~$ [m[8D[J[00:04:13.785,000] [0m<inf> imu: LSM6DSV16X   a   0.380   0.117  10.519  g  -0.012   0.002  -0.003[0m
[1;32muart:~$ [m[8D[J[00:04:13.785,000] [0m<inf> imu: ICM-42688-P  a   0.346  -0.066   9.928  g   0.000  -0.004   0.000[0m
[1;32muart:~$ [m[8D[J[1;32muart:~$ [m[8D[J[00:04:13.836,000] [0m<inf> imu: LSM6DS3TR-C  a   0.086   0.033  10.206  g   0.023  -0.060   0.014[0m
[1;32muart:~$ [m[8D[J[00:04:13.837,000] [0m<inf> imu: LSM6DSV16X   a   0.380   0.117  10.524  g  -0.011   0.002  -0.002[0m
[1;32muart:~$ [m[8D[J[00:04:13.837,000] [0m<inf> imu: ICM-42688-P  a   0.357  -0.066   9.937  g   0.000  -0.004   0.000[0m
[1;32muart:~$ [m[8D[J[00:04:13.888,000] [0m<inf> imu: LSM6DS3TR-C  a   0.111   0.033  10.135  g   0.024  -0.061   0.015[0m
[1;32muart:~$ [m[8D[J[1;32muart:~$ [m[8D[J[00:04:13.889,000] [0m<inf> imu: LSM6DSV16X   a   0.380   0.120  10.519  g  -0.011   0.002  -0.002[0m
[1;32muart:~$ [m[8D[J[00:04:13.890,000] [0m<inf> imu: ICM-42688-P  a   0.353  -0.061   9.925  g  -0.001  -0.005  -0.000[0m
[1;32muart:~$ [m[8D[J[1;32muart:~$ [m[8D[J[00:04:13.941,000] [0m<inf> imu: LSM6DS3TR-C  a   0.117   0.000  10.167  g   0.023  -0.061   0.014[0m
[1;32muart:~$ [m[8D[J[00:04:13.941,000] [0m<inf> imu: LSM6DSV16X   a   0.380   0.120  10.526  g  -0.012   0.002  -0.002[0m
[1;32muart:~$ [m[8D[J[00:04:13.942,000] [0m<inf> imu: ICM-42688-P  a   0.359  -0.062   9.923  g   0.000  -0.005  -0.001[0m
[1;32muart:~$ [m[8D[J[1;32muart:~$ [m[8D[J[00:04:13.993,000] [0m<inf> imu: LSM6DS3TR-C  a   0.093   0.040  10.194  g   0.023  -0.061   0.015[0m
[1;32muart:~$ [m[8D[J[00:04:13.994,000] [0m<inf> imu: LSM6DSV16X   a   0.371   0.115  10.524  g  -0.013   0.002  -0.003[0m
[1;32muart:~$ [m[8D[J[00:04:13.994,000] [0m<inf> imu: ICM-42688-P  a   0.356  -0.071   9.935  g   0.000  -0.005   0.001[0m
[1;32muart:~$ [m[8D[J[1;32muart:~$ [m[8D[J[00:04:14.045,000] [0m<inf> imu: LSM6DS3TR-C  a   0.115   0.039  10.166  g   0.024  -0.060   0.015[0m
[1;32muart:~$ [m[8D[J[00:04:14.046,000] [0m<inf> imu: LSM6DSV16X   a   0.376   0.117  10.507  g  -0.012   0.002  -0.002[0m
[1;32muart:~$ [m[8D[J[00:04:14.046,000] [0m<inf> imu: ICM-42688-P  a   0.356  -0.060   9.931  g   0.000  -0.005   0.001[0m
[1;32muart:~$ [m[8D[J[1;32muart:~$ [m[8D[J[00:04:14.097,000] [0m<inf> imu: LSM6DS3TR-C  a   0.089   0.017  10.171  g   0.024  -0.061   0.014[0m
[1;32muart:~$ [m[8D[J[00:04:14.098,000] [0m<inf> imu: LSM6DSV16X   a   0.373   0.113  10.516  g  -0.012   0.002  -0.003[0m
[1;32muart:~$ [m[8D[J[00:04:14.099,000] [0m<inf> imu: ICM-42688-P  a   0.347  -0.069   9.920  g  -0.001  -0.004   0.001[0m
[1;32muart:~$ [m[8D[J[1;32muart:~$ [m[8D[J[00:04:14.150,000] [0m<inf> imu: LSM6DS3TR-C  a   0.057   0.056  10.164  g   0.023  -0.061   0.014[0m
[1;32muart:~$ [m[8D[J[00:04:14.150,000] [0m<inf> imu: LSM6DSV16X   a   0.388   0.120  10.521  g  -0.011   0.002  -0.003[0m
[1;32muart:~$ [m[8D[J[00:04:14.151,000] [0m<inf> imu: ICM-42688-P  a   0.359  -0.067   9.910  g   0.000  -0.004   0.001[0m
[1;32muart:~$ [m[8D[J[1;32muart:~$ [m[8D[J[00:04:14.202,000] [0m<inf> imu: LSM6DS3TR-C  a   0.114   0.026  10.183  g   0.022  -0.061   0.016[0m
[1;32muart:~$ [m[8D[J[00:04:14.203,000] [0m<inf> imu: LSM6DSV16X   a   0.380   0.118  10.521  g  -0.012   0.002  -0.003[0m
[1;32muart:~$ [m[8D[J[00:04:14.203,000] [0m<inf> imu: ICM-42688-P  a   0.350  -0.060   9.913  g   0.000  -0.005   0.000[0m
[1;32muart:~$ [m[8D[J[1;32muart:~$ [m[8D[J[00:04:14.254,000] [0m<inf> imu: LSM6DS3TR-C  a   0.093   0.035  10.167  g   0.024  -0.063   0.014[0m
[1;32muart:~$ [m[8D[J[00:04:14.255,000] [0m<inf> imu: LSM6DSV16X   a   0.380   0.122  10.524  g  -0.012   0.002  -0.003[0m
[1;32muart:~$ [m[8D[J[00:04:14.255,000] [0m<inf> imu: ICM-42688-P  a   0.352  -0.061   9.922  g   0.000  -0.005   0.001[0m
[1;32muart:~$ [m[8D[J[1;32muart:~$ [m[8D[J[00:04:14.306,000] [0m<inf> imu: LSM6DS3TR-C  a   0.111   0.021  10.159  g   0.023  -0.059   0.014[0m
[1;32muart:~$ [m[8D[J[00:04:14.307,000] [0m<inf> imu: LSM6DSV16X   a   0.383   0.115  10.521  g  -0.012   0.002  -0.003[0m
[1;32muart:~$ [m[8D[J[00:04:14.308,000] [0m<inf> imu: ICM-42688-P  a   0.354  -0.054   9.923  g   0.000  -0.004   0.000[0m
[1;32muart:~$ [m[8D[J[1;32muart:~$ [m[8D[J[00:04:14.359,000] [0m<inf> imu: LSM6DS3TR-C  a   0.082   0.020  10.166  g   0.021  -0.063   0.015[0m
[1;32muart:~$ [m[8D[J[00:04:14.361,000] [0m<inf> imu: LSM6DSV16X   a   0.373   0.110  10.528  g  -0.011   0.002  -0.002[0m
[1;32muart:~$ [m[8D[J[00:04:14.361,000] [0m<inf> imu: ICM-42688-P  a   0.347  -0.059   9.925  g  -0.001  -0.005   0.000[0m
[1;32muart:~$ [m[8D[J[1;32muart:~$ [m[8D[J[00:04:14.412,000] [0m<inf> imu: LSM6DS3TR-C  a   0.114   0.031  10.153  g   0.024  -0.063   0.015[0m
[1;32muart:~$ [m[8D[J[00:04:14.413,000] [0m<inf> imu: LSM6DSV16X   a   0.378   0.120  10.511  g  -0.010   0.002  -0.002[0m
[1;32muart:~$ [m[8D[J[1;32muart:~$ [m[8D[J[00:04:14.414,000] [0m<inf> imu: ICM-42688-P  a   0.360  -0.057   9.923  g   0.000  -0.004  -0.000[0m
[1;32muart:~$ [m[8D[J[00:04:14.465,000] [0m<inf> imu: LSM6DS3TR-C  a   0.135   0.013  10.150  g   0.023  -0.061   0.015[0m
[1;32muart:~$ [m[8D[J[00:04:14.467,000] [0m<inf> imu: LSM6DSV16X   a   0.375   0.114  10.526  g  -0.013   0.002  -0.003[0m
[1;32muart:~$ [m[8D[J[00:04:14.467,000] [0m<inf> imu: ICM-42688-P  a   0.360  -0.062   9.944  g  -0.000  -0.005  -0.001[0m
[1;32muart:~$ [m[8D[J[1;32muart:~$ [m[8D[J[00:04:14.518,000] [0m<inf> imu: LSM6DS3TR-C  a   0.101   0.022  10.192  g   0.022  -0.061   0.014[0m
[1;32muart:~$ [m[8D[J[00:04:14.519,000] [0m<inf> imu: LSM6DSV16X   a   0.381   0.115  10.521  g  -0.011   0.002  -0.003[0m
[1;32muart:~$ [m[8D[J[00:04:14.520,000] [0m<inf> imu: ICM-42688-P  a   0.354  -0.060   9.912  g   0.001  -0.005  -0.000[0m
[1;32muart:~$ [m[8D[J[00:04:14.571,000] [0m<inf> imu: LSM6DS3TR-C  a   0.087   0.024  10.143  g   0.022  -0.062   0.013[0m
[1;32muart:~$ [m[8D[J[00:04:14.572,000] [0m<inf> imu: LSM6DSV16X   a   0.383   0.120  10.519  g  -0.012   0.002  -0.002[0m
[1;32muart:~$ [m[8D[J[1;32muart:~$ [m[8D[J[00:04:14.573,000] [0m<inf> imu: ICM-42688-P  a   0.348  -0.062   9.919  g   0.001  -0.005  -0.000[0m
[1;32muart:~$ [m[8D[J[00:04:14.624,000] [0m<inf> imu: LSM6DS3TR-C  a   0.086   0.016  10.199  g   0.024  -0.060   0.015[0m
[1;32muart:~$ [m[8D[J[00:04:14.625,000] [0m<inf> imu: LSM6DSV16X   a   0.376   0.112  10.517  g  -0.012   0.002  -0.002[0m
[1;32muart:~$ [m[8D[J[00:04:14.625,000] [0m<inf> imu: ICM-42688-P  a   0.357  -0.056   9.923  g  -0.001  -0.004   0.000[0m
[1;32muart:~$ [m[8D[J[1;32muart:~$ [m[8D[J[00:04:14.676,000] [0m<inf> imu: LSM6DS3TR-C  a   0.081   0.004  10.173  g   0.024  -0.060   0.013[0m
[1;32muart:~$ [m[8D[J[00:04:14.677,000] [0m<inf> imu: LSM6DSV16X   a   0.380   0.117  10.519  g  -0.011   0.002  -0.003[0m
[1;32muart:~$ [m[8D[J[1;32muart:~$ [m[8D[J[00:04:14.677,000] [0m<inf> imu: ICM-42688-P  a   0.352  -0.062   9.918  g   0.001  -0.006   0.001[0m
[1;32muart:~$ [m[8D[J[00:04:14.728,000] [0m<inf> imu: LSM6DS3TR-C  a   0.088   0.032  10.190  g   0.023  -0.061   0.014[0m
[1;32muart:~$ [m[8D[J[00:04:14.729,000] [0m<inf> imu: LSM6DSV16X   a   0.385   0.117  10.524  g  -0.012   0.002  -0.003[0m
[1;32muart:~$ [m[8D[J[00:04:14.729,000] [0m<inf> imu: ICM-42688-P  a   0.357  -0.062   9.930  g  -0.000  -0.005  -0.000[0m
[1;32muart:~$ [m[8D[J[1;32muart:~$ [m[8D[J[00:04:14.781,000] [0m<inf> imu: LSM6DS3TR-C  a   0.097   0.028  10.195  g   0.023  -0.060   0.016[0m
[1;32muart:~$ [m[8D[J[00:04:14.781,000] [0m<inf> imu: LSM6DSV16X   a   0.376   0.119  10.521  g  -0.012   0.002  -0.003[0m
[1;32muart:~$ [m[8D[J[1;32muart:~$ [m[8D[J[00:04:14.782,000] [0m<inf> imu: ICM-42688-P  a   0.346  -0.060   9.929  g   0.000  -0.005   0.000[0m
[1;32muart:~$ [m[8D[J[00:04:14.833,000] [0m<inf> imu: LSM6DS3TR-C  a   0.117   0.025  10.175  g   0.024  -0.060   0.017[0m
[1;32muart:~$ [m[8D[J[00:04:14.833,000] [0m<inf> imu: LSM6DSV16X   a   0.376   0.120  10.514  g  -0.012   0.001  -0.002[0m
[1;32muart:~$ [m[8D[J[00:04:14.834,000] [0m<inf> imu: ICM-42688-P  a   0.348  -0.060   9.918  g  -0.000  -0.006   0.000[0m
[1;32muart:~$ [m[8D[J[1;32muart:~$ [m[8D[J[00:04:14.885,000] [0m<inf> imu: LSM6DS3TR-C  a   0.105   0.014  10.205  g   0.023  -0.062   0.013[0m
[1;32muart:~$ [m[8D[J[00:04:14.886,000] [0m<inf> imu: LSM6DSV16X   a   0.375   0.114  10.524  g  -0.011   0.002  -0.002[0m
[1;32muart:~$ [m[8D[J[1;32muart:~$ [m[8D[J[00:04:14.886,000] [0m<inf> imu: ICM-42688-P  a   0.354  -0.056   9.920  g  -0.001  -0.005   0.000[0m
[1;32muart:~$ [m[8D[J[00:04:14.937,000] [0m<inf> imu: LSM6DS3TR-C  a   0.120   0.052  10.184  g   0.024  -0.060   0.015[0m
[1;32muart:~$ [m[8D[J[00:04:14.938,000] [0m<inf> imu: LSM6DSV16X   a   0.379   0.114  10.507  g  -0.011   0.002  -0.002[0m
[1;32muart:~$ [m[8D[J[1;32muart:~$ [m[8D[J[00:04:14.939,000] [0m<inf> imu: ICM-42688-P  a   0.354  -0.060   9.922  g   0.000  -0.005  -0.000[0m
[1;32muart:~$ [m[8D[J[00:04:14.990,000] [0m<inf> imu: LSM6DS3TR-C  a   0.088   0.045  10.192  g   0.023  -0.061   0.016[0m
[1;32muart:~$ [m[8D[J[00:04:14.990,000] [0m<inf> imu: LSM6DSV16X   a   0.378   0.108  10.527  g  -0.012   0.003  -0.002[0m
[1;32muart:~$ [m[8D[J[1;32muart:~$ [m[8D[J[00:04:14.991,000] [0m<inf> imu: ICM-42688-P  a   0.354  -0.067   9.926  g  -0.001  -0.005   0.000[0m
[1;32muart:~$ [m[8D[J[00:04:15.042,000] [0m<inf> imu: LSM6DS3TR-C  a   0.100   0.031  10.199  g   0.024  -0.062   0.017[0m
[1;32muart:~$ [m[8D[J[00:04:15.043,000] [0m<inf> imu: LSM6DSV16X   a   0.376   0.112  10.514  g  -0.011   0.002  -0.003[0m
[1;32muart:~$ [m[8D[J[1;32muart:~$ [m[8D[J[00:04:15.043,000] [0m<inf> imu: ICM-42688-P  a   0.360  -0.056   9.918  g  -0.000  -0.005  -0.001[0m
[1;32muart:~$ [m[8D[J[00:04:15.094,000] [0m<inf> imu: LSM6DS3TR-C  a   0.065   0.014  10.155  g   0.023  -0.061   0.015[0m
[1;32muart:~$ [m[8D[J[00:04:15.095,000] [0m<inf> imu: LSM6DSV16X   a   0.378   0.120  10.524  g  -0.012   0.001  -0.003[0m
[1;32muart:~$ [m[8D[J[1;32muart:~$ [m[8D[J[00:04:15.095,000] [0m<inf> imu: ICM-42688-P  a   0.357  -0.060   9.925  g   0.000  -0.005   0.000[0m
[1;32muart:~$ [m[8D[J[00:04:15.146,000] [0m<inf> imu: LSM6DS3TR-C  a   0.105   0.014  10.163  g   0.024  -0.061   0.015[0m
[1;32muart:~$ [m[8D[J[00:04:15.147,000] [0m<inf> imu: LSM6DSV16X   a   0.377   0.115  10.511  g  -0.012   0.002  -0.003[0m
[1;32muart:~$ [m[8D[J[1;32muart:~$ [m[8D[J[00:04:15.148,000] [0m<inf> imu: ICM-42688-P  a   0.346  -0.057   9.920  g   0.000  -0.006  -0.000[0m
[1;32muart:~$ [m[8D[J[00:04:15.200,000] [0m<inf> imu: LSM6DS3TR-C  a   0.068   0.030  10.174  g   0.024  -0.063   0.015[0m
[1;32muart:~$ [m[8D[J[00:04:15.201,000] [0m<inf> imu: LSM6DSV16X   a   0.380   0.115  10.507  g  -0.012   0.003  -0.002[0m
[1;32muart:~$ [m[8D[J[1;32muart:~$ [m[8D[J[00:04:15.201,000] [0m<inf> imu: ICM-42688-P  a   0.362  -0.055   9.916  g   0.000  -0.005  -0.000[0m
[1;32muart:~$ [m[8D[J[00:04:15.253,000] [0m<inf> imu: LSM6DS3TR-C  a   0.083   0.000  10.163  g   0.024  -0.060   0.014[0m
[1;32muart:~$ [m[8D[J[00:04:15.254,000] [0m<inf> imu: LSM6DSV16X   a   0.371   0.120  10.524  g  -0.011   0.003  -0.003[0m
[1;32muart:~$ [m[8D[J[1;32muart:~$ [m[8D[J[00:04:15.255,000] [0m<inf> imu: ICM-42688-P  a   0.363  -0.062   9.930  g   0.000  -0.005  -0.000[0m
[1;32muart:~$ [m[8D[J[00:04:15.306,000] [0m<inf> imu: LSM6DS3TR-C  a   0.084   0.013  10.177  g   0.024  -0.061   0.015[0m
[1;32muart:~$ [m[8D[J[00:04:15.307,000] [0m<inf> imu: LSM6DSV16X   a   0.376   0.115  10.527  g  -0.011   0.002  -0.003[0m
[1;32muart:~$ [m[8D[J[1;32muart:~$ [m[8D[J[00:04:15.308,000] [0m<inf> imu: ICM-42688-P  a   0.358  -0.060   9.920  g   0.000  -0.005  -0.001[0m
[1;32muart:~$ [m[8D[J[00:04:15.359,000] [0m<inf> imu: LSM6DS3TR-C  a   0.124  -0.004  10.167  g   0.022  -0.060   0.015[0m
[1;32muart:~$ [m[8D[J[00:04:15.361,000] [0m<inf> imu: LSM6DSV16X   a   0.380   0.120  10.514  g  -0.013   0.001  -0.003[0m
[1;32muart:~$ [m[8D[J[1;32muart:~$ [m[8D[J[00:04:15.362,000] [0m<inf> imu: ICM-42688-P  a   0.350  -0.060   9.914  g  -0.001  -0.005   0.000[0m
[1;32muart:~$ [m[8D[J[00:04:15.413,000] [0m<inf> imu: LSM6DS3TR-C  a   0.109   0.026  10.192  g   0.021  -0.060   0.016[0m
[1;32muart:~$ [m[8D[J[00:04:15.413,000] [0m<inf> imu: LSM6DSV16X   a   0.373   0.117  10.504  g  -0.013   0.002  -0.003[0m
[1;32muart:~$ [m[8D[J[1;32muart:~$ [m[8D[J[00:04:15.414,000] [0m<inf> imu: ICM-42688-P  a   0.359  -0.057   9.912  g   0.000  -0.004   0.000[0m
[1;32muart:~$ [m[8D[J[00:04:15.466,000] [0m<inf> imu: LSM6DS3TR-C  a   0.117   0.013  10.177  g   0.023  -0.060   0.014[0m
[1;32muart:~$ [m[8D[J[00:04:15.467,000] [0m<inf> imu: LSM6DSV16X   a   0.381   0.114  10.518  g  -0.012   0.002  -0.003[0m
[1;32muart:~$ [m[8D[J[1;32muart:~$ [m[8D[J[00:04:15.468,000] [0m<inf> imu: ICM-42688-P  a   0.354  -0.062   9.910  g   0.000  -0.005   0.001[0m
[1;32muart:~$ [m[8D[J[00:04:15.519,000] [0m<inf> imu: LSM6DS3TR-C  a   0.109   0.033  10.188  g   0.022  -0.062   0.015[0m
[1;32muart:~$ [m[8D[J[1;32muart:~$ [m[8D[J[00:04:15.519,000] [0m<inf> imu: LSM6DSV16X   a   0.381   0.117  10.522  g  -0.012   0.003  -0.002[0m
[1;32muart:~$ [m[8D[J[00:04:15.520,000] [0m<inf> imu: ICM-42688-P  a   0.350  -0.061   9.922  g   0.000  -0.005   0.000[0m
[1;32muart:~$ [m[8D[J[00:04:15.571,000] [0m<inf> imu: LSM6DS3TR-C  a   0.112   0.020  10.155  g   0.022  -0.062   0.015[0m
[1;32muart:~$ [m[8D[J[00:04:15.573,000] [0m<inf> imu: LSM6DSV16X   a   0.380   0.112  10.524  g  -0.011   0.002  -0.003[0m
[1;32muart:~$ [m[8D[J[1;32muart:~$ [m[8D[J[00:04:15.573,000] [0m<inf> imu: ICM-42688-P  a   0.350  -0.069   9.936  g   0.000  -0.005   0.000[0m
[1;32muart:~$ [m[8D[J[00:04:15.625,000] [0m<inf> imu: LSM6DS3TR-C  a   0.113   0.025  10.191  g   0.022  -0.059   0.014[0m
[1;32muart:~$ [m[8D[J[1;32muart:~$ [m[8D[J[00:04:15.625,000] [0m<inf> imu: LSM6DSV16X   a   0.380   0.112  10.516  g  -0.011   0.002  -0.003[0m
[1;32muart:~$ [m[8D[J[00:04:15.626,000] [0m<inf> imu: ICM-42688-P  a   0.346  -0.059   9.918  g   0.000  -0.005   0.000[0m
[1;32muart:~$ [m[8D[J[00:04:15.677,000] [0m<inf> imu: LSM6DS3TR-C  a   0.102   0.001  10.175  g   0.023  -0.062   0.014[0m
[1;32muart:~$ [m[8D[J[00:04:15.677,000] [0m<inf> imu: LSM6DSV16X   a   0.379   0.119  10.516  g  -0.013   0.003  -0.003[0m
[1;32muart:~$ [m[8D[J[1;32muart:~$ [m[8D[J[00:04:15.678,000] [0m<inf> imu: ICM-42688-P  a   0.347  -0.051   9.922  g  -0.001  -0.005  -0.001[0m
[1;32muart:~$ [m[8D[J[00:04:15.729,000] [0m<inf> imu: LSM6DS3TR-C  a   0.083   0.014  10.230  g   0.022  -0.060   0.016[0m
[1;32muart:~$ [m[8D[J[1;32muart:~$ [m[8D[J[00:04:15.730,000] [0m<inf> imu: LSM6DSV16X   a   0.380   0.123  10.509  g  -0.011   0.003  -0.003[0m
[1;32muart:~$ [m[8D[J[00:04:15.730,000] [0m<inf> imu: ICM-42688-P  a   0.352  -0.063   9.914  g   0.001  -0.004  -0.000[0m
[1;32muart:~$ [m[8D[J[00:04:15.781,000] [0m<inf> imu: LSM6DS3TR-C  a   0.102  -0.006  10.189  g   0.024  -0.060   0.013[0m
[1;32muart:~$ [m[8D[J[00:04:15.782,000] [0m<inf> imu: LSM6DSV16X   a   0.373   0.112  10.525  g  -0.012   0.002  -0.002[0m
[1;32muart:~$ [m[8D[J[1;32muart:~$ [m[8D[J[00:04:15.782,000] [0m<inf> imu: ICM-42688-P  a   0.350  -0.051   9.929  g  -0.001  -0.005   0.000[0m
[1;32muart:~$ [m[8D[J[00:04:15.833,000] [0m<inf> imu: LSM6DS3TR-C  a   0.120   0.019  10.208  g   0.023  -0.062   0.014[0m
[1;32muart:~$ [m[8D[J[1;32muart:~$ [m[8D[J[00:04:15.834,000] [0m<inf> imu: LSM6DSV16X   a   0.379   0.119  10.515  g  -0.012   0.002  -0.003[0m
[1;32muart:~$ [m[8D[J[00:04:15.835,000] [0m<inf> imu: ICM-42688-P  a   0.338  -0.055   9.916  g  -0.000  -0.005   0.000[0m
[1;32muart:~$ [m[8D[J[00:04:15.886,000] [0m<inf> imu: LSM6DS3TR-C  a   0.066   0.025  10.170  g   0.023  -0.061   0.014[0m
[1;32muart:~$ [m[8D[J[1;32muart:~$ [m[8D[J[00:04:15.886,000] [0m<inf> imu: LSM6DSV16X   a   0.380   0.112  10.519  g  -0.011   0.002  -0.002[0m
[1;32muart:~$ [m[8D[J[00:04:15.887,000] [0m<inf> imu: ICM-42688-P  a   0.357  -0.060   9.914  g   0.000  -0.005   0.000[0m
[1;32muart:~$ [m[8D[J[00:04:15.938,000] [0m<inf> imu: LSM6DS3TR-C  a   0.099   0.020  10.220  g   0.024  -0.060   0.013[0m
[1;32muart:~$ [m[8D[J[1;32muart:~$ [m[8D[J[00:04:15.939,000] [0m<inf> imu: LSM6DSV16X   a   0.377   0.119  10.518  g  -0.011   0.003  -0.002[0m
[1;32muart:~$ [m[8D[J[00:04:15.939,000] [0m<inf> imu: ICM-42688-P  a   0.344  -0.059   9.931  g   0.000  -0.005  -0.000[0m
[1;32muart:~$ [m[8D[J[00:04:15.990,000] [0m<inf> imu: LSM6DS3TR-C  a   0.072   0.030  10.195  g   0.024  -0.060   0.016[0m
[1;32muart:~$ [m[8D[J[1;32muart:~$ [m[8D[J[00:04:15.991,000] [0m<inf> imu: LSM6DSV16X   a   0.376   0.112  10.521  g  -0.011   0.002  -0.002[0m
[1;32muart:~$ [m[8D[J[00:04:15.991,000] [0m<inf> imu: ICM-42688-P  a   0.350  -0.068   9.930  g  -0.001  -0.005   0.001[0m
[1;32muart:~$ [m[8D[J[00:04:16.043,000] [0m<inf> imu: LSM6DS3TR-C  a   0.099   0.026  10.214  g   0.023  -0.063   0.016[0m
[1;32muart:~$ [m[8D[J[1;32muart:~$ [m[8D[J[00:04:16.043,000] [0m<inf> imu: LSM6DSV16X   a   0.380   0.115  10.523  g  -0.012   0.002  -0.002[0m
[1;32muart:~$ [m[8D[J[00:04:16.044,000] [0m<inf> imu: ICM-42688-P  a   0.341  -0.071   9.923  g   0.000  -0.005   0.000[0m
[1;32muart:~$ [m[8D[J[00:04:16.095,000] [0m<inf> imu: LSM6DS3TR-C  a   0.107   0.025  10.207  g   0.023  -0.061   0.014[0m
[1;32muart:~$ [m[8D[J[1;32muart:~$ [m[8D[J[00:04:16.096,000] [0m<inf> imu: LSM6DSV16X   a   0.374   0.115  10.514  g  -0.012   0.002  -0.002[0m
[1;32muart:~$ [m[8D[J[00:04:16.096,000] [0m<inf> imu: ICM-42688-P  a   0.356  -0.053   9.926  g   0.001  -0.005   0.001[0m
[1;32muart:~$ [m[8D[J[00:04:16.147,000] [0m<inf> imu: LSM6DS3TR-C  a   0.084   0.013  10.190  g   0.022  -0.060   0.015[0m
[1;32muart:~$ [m[8D[J[1;32muart:~$ [m[8D[J[00:04:16.148,000] [0m<inf> imu: LSM6DSV16X   a   0.382   0.113  10.524  g  -0.012   0.002  -0.002[0m
[1;32muart:~$ [m[8D[J[00:04:16.148,000] [0m<inf> imu: ICM-42688-P  a   0.351  -0.062   9.916  g  -0.001  -0.005   0.000[0m
[1;32muart:~$ [m[8D[J[00:04:16.199,000] [0m<inf> imu: LSM6DS3TR-C  a   0.100  -0.008  10.169  g   0.024  -0.059   0.016[0m
[1;32muart:~$ [m[8D[J[1;32muart:~$ [m[8D[J[00:04:16.200,000] [0m<inf> imu: LSM6DSV16X   a   0.383   0.120  10.514  g  -0.011   0.002  -0.002[0m
[1;32muart:~$ [m[8D[J[00:04:16.201,000] [0m<inf> imu: ICM-42688-P  a   0.352  -0.056   9.923  g  -0.001  -0.004   0.000[0m
[1;32muart:~$ [m[8D[J[00:04:16.252,000] [0m<inf> imu: LSM6DS3TR-C  a   0.080  -0.011  10.154  g   0.024  -0.060   0.016[0m
[1;32muart:~$ [m[8D[J[1;32muart:~$ [m[8D[J[00:04:16.252,000] [0m<inf> imu: LSM6DSV16X   a   0.381   0.117  10.521  g  -0.012   0.002  -0.002[0m
[1;32muart:~$ [m[8D[J[00:04:16.253,000] [0m<inf> imu: ICM-42688-P  a   0.345  -0.061   9.920  g  -0.000  -0.005   0.000[0m
[1;32muart:~$ [m[8D[J[00:04:16.304,000] [0m<inf> imu: LSM6DS3TR-C  a   0.097   0.007  10.192  g   0.023  -0.061   0.014[0m
[1;32muart:~$ [m[8D[J[1;32muart:~$ [m[8D[J[00:04:16.306,000] [0m<inf> imu: LSM6DSV16X   a   0.374   0.115  10.519  g  -0.012   0.002  -0.002[0m
[1;32muart:~$ [m[8D[J[00:04:16.306,000] [0m<inf> imu: ICM-42688-P  a   0.357  -0.066   9.926  g   0.000  -0.004   0.001[0m
[1;32muart:~$ [m[8D[J[1;32muart:~$ [m[8D[J[00:04:16.357,000] [0m<inf> imu: LSM6DS3TR-C  a   0.121   0.036  10.144  g   0.024  -0.060   0.015[0m
[1;32muart:~$ [m[8D[J[00:04:16.358,000] [0m<inf> imu: LSM6DSV16X   a   0.378   0.115  10.517  g  -0.011   0.001  -0.002[0m
[1;32muart:~$ [m[8D[J[00:04:16.359,000] [0m<inf> imu: ICM-42688-P  a   0.357  -0.061   9.918  g   0.000  -0.004  -0.000[0m
[1;32muart:~$ [m[8D[J[00:04:16.410,000] [0m<inf> imu: LSM6DS3TR-C  a   0.117   0.048  10.176  g   0.023  -0.059   0.015[0m
[1;32muart:~$ [m[8D[J[1;32muart:~$ [m[8D[J[00:04:16.411,000] [0m<inf> imu: LSM6DSV16X   a   0.371   0.112  10.516  g  -0.012   0.002  -0.002[0m
[1;32muart:~$ [m[8D[J[00:04:16.412,000] [0m<inf> imu: ICM-42688-P  a   0.353  -0.069   9.920  g   0.000  -0.005  -0.001[0m
[1;32muart:~$ [m[8D[J[1;32muart:~$ [m[8D[J[00:04:16.463,000] [0m<inf> imu: LSM6DS3TR-C  a   0.095   0.044  10.202  g   0.024  -0.059   0.016[0m
[1;32muart:~$ [m[8D[J[00:04:16.464,000] [0m<inf> imu: LSM6DSV16X   a   0.380   0.115  10.518  g  -0.011   0.002  -0.003[0m
[1;32muart:~$ [m[8D[J[00:04:16.464,000] [0m<inf> imu: ICM-42688-P  a   0.345  -0.067   9.932  g   0.000  -0.005  -0.000[0m
[1;32muart:~$ [m[8D[J[00:04:16.516,000] [0m<inf> imu: LSM6DS3TR-C  a   0.074   0.018  10.222  g   0.024  -0.060   0.015[0m
[1;32muart:~$ [m[8D[J[1;32muart:~$ [m[8D[J[00:04:16.517,000] [0m<inf> imu: LSM6DSV16X   a   0.383   0.111  10.521  g  -0.011   0.002  -0.002[0m
[1;32muart:~$ [m[8D[J[00:04:16.518,000] [0m<inf> imu: ICM-42688-P  a   0.354  -0.062   9.923  g   0.000  -0.005   0.000[0m
[1;32muart:~$ [m[8D[J[1;32muart:~$ [m[8D[J[00:04:16.569,000] [0m<inf> imu: LSM6DS3TR-C  a   0.054   0.017  10.147  g   0.023  -0.062   0.016[0m
[1;32muart:~$ [m[8D[J[00:04:16.570,000] [0m<inf> imu: LSM6DSV16X   a   0.376   0.115  10.521  g  -0.012   0.002  -0.003[0m
[1;32muart:~$ [m[8D[J[00:04:16.570,000] [0m<inf> imu: ICM-42688-P  a   0.346  -0.059   9.923  g  -0.000  -0.004  -0.000[0m
[1;32muart:~$ [m[8D[J[00:04:16.621,000] [0m<inf> imu: LSM6DS3TR-C  a   0.083  -0.004  10.176  g   0.021  -0.061   0.015[0m
[1;32muart:~$ [m[8D[J[1;32muart:~$ [m[8D[J[00:04:16.622,000] [0m<inf> imu: LSM6DSV16X   a   0.380   0.119  10.519  g  -0.011   0.003  -0.002[0m
[1;32muart:~$ [m[8D[J[00:04:16.622,000] [0m<inf> imu: ICM-42688-P  a   0.348  -0.061   9.931  g  -0.001  -0.005   0.001[0m
[1;32muart:~$ [m[8D[J[1;32muart:~$ [m[8D[J[00:04:16.673,000] [0m<inf> imu: LSM6DS3TR-C  a   0.102   0.005  10.214  g   0.024  -0.062   0.014[0m
[1;32muart:~$ [m[8D[J[00:04:16.674,000] [0m<inf> imu: LSM6DSV16X   a   0.374   0.119  10.526  g  -0.012   0.002  -0.002[0m
[1;32muart:~$ [m[8D[J[00:04:16.675,000] [0m<inf> imu: ICM-42688-P  a   0.350  -0.062   9.925  g   0.000  -0.004   0.000[0m
[1;32muart:~$ [m[8D[J[00:04:16.726,000] [0m<inf> imu: LSM6DS3TR-C  a   0.092   0.027  10.205  g   0.022  -0.062   0.015[0m
[1;32muart:~$ [m[8D[J[1;32muart:~$ [m[8D[J[00:04:16.726,000] [0m<inf> imu: LSM6DSV16X   a   0.380   0.114  10.526  g  -0.012   0.001  -0.003[0m
[1;32muart:~$ [m[8D[J[00:04:16.727,000] [0m<inf> imu: ICM-42688-P  a   0.359  -0.051   9.928  g   0.000  -0.005   0.000[0m
[1;32muart:~$ [m[8D[J[1;32muart:~$ [m[8D[J[00:04:16.778,000] [0m<inf> imu: LSM6DS3TR-C  a   0.081   0.011  10.205  g   0.023  -0.062   0.013[0m
[1;32muart:~$ [m[8D[J[00:04:16.779,000] [0m<inf> imu: LSM6DSV16X   a   0.381   0.117  10.519  g  -0.011   0.003  -0.002[0m
[1;32muart:~$ [m[8D[J[00:04:16.779,000] [0m<inf> imu: ICM-42688-P  a   0.342  -0.065   9.926  g  -0.001  -0.005   0.000[0m
[1;32muart:~$ [m[8D[J[1;32muart:~$ [m[8D[J[00:04:16.830,000] [0m<inf> imu: LSM6DS3TR-C  a   0.093   0.026  10.139  g   0.023  -0.062   0.016[0m
[1;32muart:~$ [m[8D[J[00:04:16.831,000] [0m<inf> imu: LSM6DSV16X   a   0.374   0.117  10.516  g  -0.012   0.002  -0.003[0m
[1;32muart:~$ [m[8D[J[00:04:16.831,000] [0m<inf> imu: ICM-42688-P  a   0.353  -0.065   9.930  g   0.000  -0.005  -0.000[0m
[1;32muart:~$ [m[8D[J[1;32muart:~$ [m[8D[J[00:04:16.882,000] [0m<inf> imu: LSM6DS3TR-C  a   0.123   0.031  10.190  g   0.022  -0.059   0.013[0m
[1;32muart:~$ [m[8D[J[00:04:16.883,000] [0m<inf> imu: LSM6DSV16X   a   0.366   0.118  10.527  g  -0.011   0.002  -0.003[0m
[1;32muart:~$ [m[8D[J[00:04:16.884,000] [0m<inf> imu: ICM-42688-P  a   0.347  -0.065   9.920  g  -0.001  -0.005   0.000[0m
[1;32muart:~$ [m[8D[J[1;32muart:~$ [m[8D[J[00:04:16.935,000] [0m<inf> imu: LSM6DS3TR-C  a   0.096   0.022  10.168  g   0.025  -0.062   0.013[0m
[1;32muart:~$ [m[8D[J[00:04:16.935,000] [0m<inf> imu: LSM6DSV16X   a   0.383   0.117  10.524  g  -0.012   0.002  -0.003[0m
[1;32muart:~$ [m[8D[J[00:04:16.936,000] [0m<inf> imu: ICM-42688-P  a   0.348  -0.060   9.926  g   0.000  -0.005   0.001[0m
[1;32muart:~$ [m[8D[J[1;32muart:~$ [m[8D[J[00:04:16.987,000] [0m<inf> imu: LSM6DS3TR-C  a   0.101   0.007  10.190  g   0.025  -0.060   0.014[0m
[1;32muart:~$ [m[8D[J[00:04:16.988,000] [0m<inf> imu: LSM6DSV16X   a   0.378   0.115  10.521  g  -0.011   0.002  -0.002[0m
[1;32muart:~$ [m[8D[J[00:04:16.988,000] [0m<inf> imu: ICM-42688-P  a   0.352  -0.065   9.924  g  -0.001  -0.005   0.000[0m
[1;32muart:~$ [m[8D[J[1;32muart:~$ [m[8D[J[00:04:17.039,000] [0m<inf> imu: LSM6DS3TR-C  a   0.087   0.036  10.172  g   0.024  -0.061   0.016[0m
[1;32muart:~$ [m[8D[J[00:04:17.040,000] [0m<inf> imu: LSM6DSV16X   a   0.377   0.122  10.524  g  -0.012   0.002  -0.002[0m
[1;32muart:~$ [m[8D[J[00:04:17.040,000] [0m<inf> imu: ICM-42688-P  a   0.352  -0.057   9.923  g   0.000  -0.005   0.000[0m
[1;32muart:~$ [m[8D[J[1;32muart:~$ [m[8D[J[00:04:17.092,000] [0m<inf> imu: LSM6DS3TR-C  a   0.062  -0.009  10.199  g   0.024  -0.060   0.014[0m
[1;32muart:~$ [m[8D[J[00:04:17.092,000] [0m<inf> imu: LSM6DSV16X   a   0.377   0.117  10.526  g  -0.012   0.002  -0.002[0m
[1;32muart:~$ [m[8D[J[1;32muart:~$ [m[8D[J[00:04:17.093,000] [0m<inf> imu: ICM-42688-P  a   0.350  -0.056   9.914  g  -0.001  -0.005   0.001[0m
[1;32muart:~$ [m[8D[J[00:04:17.144,000] [0m<inf> imu: LSM6DS3TR-C  a   0.127   0.013  10.174  g   0.023  -0.060   0.016[0m
[1;32muart:~$ [m[8D[J[00:04:17.145,000] [0m<inf> imu: LSM6DSV16X   a   0.381   0.115  10.513  g  -0.011   0.002  -0.002[0m
[1;32muart:~$ [m[8D[J[00:04:17.146,000] [0m<inf> imu: ICM-42688-P  a   0.351  -0.060   9.930  g  -0.001  -0.004   0.001[0m
[1;32muart:~$ [m[8D[J[1;32muart:~$ [m[8D[J[00:04:17.197,000] [0m<inf> imu: LSM6DS3TR-C  a   0.075   0.001  10.200  g   0.023  -0.061   0.014[0m
[1;32muart:~$ [m[8D[J[00:04:17.198,000] [0m<inf> imu: LSM6DSV16X   a   0.380   0.122  10.516  g  -0.012   0.002  -0.002[0m
[1;32muart:~$ [m[8D[J[1;32muart:~$ [m[8D[J[00:04:17.198,000] [0m<inf> imu: ICM-42688-P  a   0.360  -0.060   9.923  g   0.000  -0.005   0.000[0m
[1;32muart:~$ [m[8D[J[00:04:17.250,000] [0m<inf> imu: LSM6DS3TR-C  a   0.080   0.010  10.175  g   0.024  -0.061   0.015[0m
[1;32muart:~$ [m[8D[J[00:04:17.251,000] [0m<inf> imu: LSM6DSV16X   a   0.380   0.113  10.515  g  -0.012   0.002  -0.003[0m
[1;32muart:~$ [m[8D[J[00:04:17.252,000] [0m<inf> imu: ICM-42688-P  a   0.345  -0.060   9.923  g   0.000  -0.005   0.001[0m
[1;32muart:~$ [m[8D[J[1;32muart:~$ [m[8D[J[00:04:17.303,000] [0m<inf> imu: LSM6DS3TR-C  a   0.105   0.033  10.169  g   0.024  -0.060   0.013[0m
[1;32muart:~$ [m[8D[J[00:04:17.304,000] [0m<inf> imu: LSM6DSV16X   a   0.382   0.120  10.518  g  -0.012   0.002  -0.002[0m
[1;32muart:~$ [m[8D[J[1;32muart:~$ [m[8D[J[00:04:17.304,000] [0m<inf> imu: ICM-42688-P  a   0.350  -0.054   9.925  g   0.000  -0.005   0.000[0m
[1;32muart:~$ [m[8D[J[00:04:17.356,000] [0m<inf> imu: LSM6DS3TR-C  a   0.092   0.030  10.193  g   0.023  -0.062   0.016[0m
[1;32muart:~$ [m[8D[J[00:04:17.357,000] [0m<inf> imu: LSM6DSV16X   a   0.385   0.117  10.514  g  -0.011   0.002  -0.003[0m
[1;32muart:~$ [m[8D[J[00:04:17.358,000] [0m<inf> imu: ICM-42688-P  a   0.358  -0.057   9.925  g  -0.000  -0.005   0.001[0m
[1;32muart:~$ [m[8D[J[1;32muart:~$ [m[8D[J[00:04:17.409,000] [0m<inf> imu: LSM6DS3TR-C  a   0.089   0.025  10.195  g   0.024  -0.061   0.015[0m
[1;32muart:~$ [m[8D[J[00:04:17.410,000] [0m<inf> imu: LSM6DSV16X   a   0.379   0.120  10.518  g  -0.010   0.002  -0.002[0m
[1;32muart:~$ [m[8D[J[1;32muart:~$ [m[8D[J[00:04:17.410,000] [0m<inf> imu: ICM-42688-P  a   0.350  -0.065   9.925  g   0.000  -0.004   0.000[0m
[1;32muart:~$ [m[8D[J[00:04:17.462,000] [0m<inf> imu: LSM6DS3TR-C  a   0.091   0.018  10.185  g   0.025  -0.060   0.013[0m
[1;32muart:~$ [m[8D[J[00:04:17.463,000] [0m<inf> imu: LSM6DSV16X   a   0.381   0.119  10.524  g  -0.012   0.002  -0.003[0m
[1;32muart:~$ [m[8D[J[00:04:17.464,000] [0m<inf> imu: ICM-42688-P  a   0.352  -0.065   9.910  g  -0.001  -0.004   0.000[0m
[1;32muart:~$ [m[8D[J[1;32muart:~$ [m[8D[J[00:04:17.515,000] [0m<inf> imu: LSM6DS3TR-C  a   0.096   0.047  10.214  g   0.024  -0.061   0.015[0m
[1;32muart:~$ [m[8D[J[00:04:17.516,000] [0m<inf> imu: LSM6DSV16X   a   0.381   0.122  10.526  g  -0.012   0.001  -0.003[0m
[1;32muart:~$ [m[8D[J[1;32muart:~$ [m[8D[J[00:04:17.516,000] [0m<inf> imu: ICM-42688-P  a   0.348  -0.067   9.935  g   0.001  -0.005   0.001[0m
[1;32muart:~$ [m[8D[J[00:04:17.567,000] [0m<inf> imu: LSM6DS3TR-C  a   0.111   0.029  10.188  g   0.024  -0.060   0.013[0m
[1;32muart:~$ [m[8D[J[00:04:17.568,000] [0m<inf> imu: LSM6DSV16X   a   0.378   0.117  10.519  g  -0.012   0.003  -0.003[0m
[1;32muart:~$ [m[8D[J[1;32muart:~$ [m[8D[J[00:04:17.568,000] [0m<inf> imu: ICM-42688-P  a   0.347  -0.048   9.922  g  -0.000  -0.005   0.000[0m
[1;32muart:~$ [m[8D[J[00:04:17.619,000] [0m<inf> imu: LSM6DS3TR-C  a   0.096   0.030  10.190  g   0.022  -0.062   0.013[0m
[1;32muart:~$ [m[8D[J[00:04:17.620,000] [0m<inf> imu: LSM6DSV16X   a   0.378   0.112  10.521  g  -0.012   0.001  -0.003[0m
[1;32muart:~$ [m[8D[J[1;32muart:~$ [m[8D[J[00:04:17.621,000] [0m<inf> imu: ICM-42688-P  a   0.356  -0.059   9.936  g  -0.001  -0.005  -0.000[0m
[1;32muart:~$ [m[8D[J[00:04:17.672,000] [0m<inf> imu: LSM6DS3TR-C  a   0.103   0.007  10.181  g   0.024  -0.061   0.014[0m
[1;32muart:~$ [m[8D[J[00:04:17.672,000] [0m<inf> imu: LSM6DSV16X   a   0.376   0.115  10.524  g  -0.012   0.002  -0.003[0m
[1;32muart:~$ [m[8D[J[1;32muart:~$ [m[8D[J[00:04:17.673,000] [0m<inf> imu: ICM-42688-P  a   0.357  -0.060   9.923  g   0.000  -0.004   0.000[0m
[1;32muart:~$ [m[8D[J[00:04:17.724,000] [0m<inf> imu: LSM6DS3TR-C  a   0.104  -0.017  10.235  g   0.024  -0.062   0.013[0m
[1;32muart:~$ [m[8D[J[00:04:17.725,000] [0m<inf> imu: LSM6DSV16X   a   0.385   0.121  10.521  g  -0.011   0.002  -0.003[0m
[1;32muart:~$ [m[8D[J[1;32muart:~$ [m[8D[J[00:04:17.725,000] [0m<inf> imu: ICM-42688-P  a   0.347  -0.062   9.947  g   0.000  -0.005   0.000[0m
[1;32muart:~$ [m[8D[J[00:04:17.776,000] [0m<inf> imu: LSM6DS3TR-C  a   0.093   0.034  10.200  g   0.024  -0.063   0.015[0m
[1;32muart:~$ [m[8D[J[00:04:17.777,000] [0m<inf> imu: LSM6DSV16X   a   0.376   0.114  10.522  g  -0.012   0.002  -0.003[0m
[1;32muart:~$ [m[8D[J[1;32muart:~$ [m[8D[J[00:04:17.777,000] [0m<inf> imu: ICM-42688-P  a   0.352  -0.054   9.912  g   0.000  -0.005   0.000[0m
[1;32muart:~$ [m[8D[J[00:04:17.828,000] [0m<inf> imu: LSM6DS3TR-C  a   0.098   0.007  10.208  g   0.023  -0.060   0.015[0m
[1;32muart:~$ [m[8D[J[00:04:17.829,000] [0m<inf> imu: LSM6DSV16X   a   0.378   0.117  10.522  g  -0.012   0.002  -0.003[0m
[1;32muart:~$ [m[8D[J[1;32muart:~$ [m[8D[J[00:04:17.830,000] [0m<inf> imu: ICM-42688-P  a   0.345  -0.056   9.918  g  -0.001  -0.005  -0.000[0m
[1;32muart:~$ [m[8D[J[00:04:17.881,000] [0m<inf> imu: LSM6DS3TR-C  a   0.115   0.023  10.231  g   0.023  -0.060   0.014[0m
[1;32muart:~$ [m[8D[J[00:04:17.881,000] [0m<inf> imu: LSM6DSV16X   a   0.380   0.120  10.523  g  -0.012   0.002  -0.003[0m
[1;32muart:~$ [m[8D[J[1;32muart:~$ [m[8D[J[00:04:17.882,000] [0m<inf> imu: ICM-42688-P  a   0.351  -0.060   9.929  g  -0.000  -0.004   0.000[0m
[1;32muart:~$ [m[8D[J[00:04:17.934,000] [0m<inf> imu: LSM6DS3TR-C  a   0.106   0.026  10.175  g   0.024  -0.060   0.014[0m
[1;32muart:~$ [m[8D[J[00:04:17.935,000] [0m<inf> imu: LSM6DSV16X   a   0.377   0.115  10.513  g  -0.012   0.002  -0.002[0m
[1;32muart:~$ [m[8D[J[1;32muart:~$ [m[8D[J[00:04:17.936,000] [0m<inf> imu: ICM-42688-P  a   0.353  -0.065   9.935  g   0.000  -0.005   0.000[0m
[1;32muart:~$ [m[8D[J[00:04:17.987,000] [0m<inf> imu: LSM6DS3TR-C  a   0.083   0.015  10.202  g   0.024  -0.061   0.015[0m
[1;32muart:~$ [m[8D[J[1;32muart:~$ [m[8D[J[00:04:17.987,000] [0m<inf> imu: LSM6DSV16X   a   0.383   0.120  10.526  g  -0.012   0.002  -0.003[0m
[1;32muart:~$ [m[8D[J[00:04:17.988,000] [0m<inf> imu: ICM-42688-P  a   0.350  -0.062   9.928  g  -0.001  -0.005   0.001[0m
[1;32muart:~$ [m[8D[J[00:04:18.039,000] [0m<inf> imu: LSM6DS3TR-C  a   0.126   0.047  10.165  g   0.022  -0.060   0.013[0m
[1;32muart:~$ [m[8D[J[00:04:18.041,000] [0m<inf> imu: LSM6DSV16X   a   0.380   0.115  10.526  g  -0.012   0.002  -0.003[0m
[1;32muart:~$ [m[8D[J[1;32muart:~$ [m[8D[J[00:04:18.041,000] [0m<inf> imu: ICM-42688-P  a   0.359  -0.062   9.932  g  -0.001  -0.005   0.001[0m
[1;32muart:~$ [m[8D[J[00:04:18.093,000] [0m<inf> imu: LSM6DS3TR-C  a   0.087   0.001  10.201  g   0.023  -0.062   0.015[0m
[1;32muart:~$ [m[8D[J[00:04:18.093,000] [0m<inf> imu: LSM6DSV16X   a   0.380   0.108  10.526  g  -0.011   0.002  -0.003[0m
[1;32muart:~$ [m[8D[J[1;32muart:~$ [m[8D[J[00:04:18.094,000] [0m<inf> imu: ICM-42688-P  a   0.348  -0.067   9.925  g  -0.000  -0.004   0.000[0m
[1;32muart:~$ [m[8D[J[00:04:18.145,000] [0m<inf> imu: LSM6DS3TR-C  a   0.108   0.029  10.203  g   0.024  -0.060   0.015[0m
[1;32muart:~$ [m[8D[J[1;32muart:~$ [m[8D[J[00:04:18.147,000] [0m<inf> imu: LSM6DSV16X   a   0.375   0.117  10.524  g  -0.011   0.002  -0.003[0m
[1;32muart:~$ [m[8D[J[00:04:18.147,000] [0m<inf> imu: ICM-42688-P  a   0.354  -0.060   9.934  g   0.001  -0.004   0.000[0m
[1;32muart:~$ [m[8D[J[00:04:18.198,000] [0m<inf> imu: LSM6DS3TR-C  a   0.070   0.033  10.179  g   0.024  -0.061   0.016[0m
[1;32muart:~$ [m[8D[J[00:04:18.199,000] [0m<inf> imu: LSM6DSV16X   a   0.376   0.112  10.521  g  -0.012   0.002  -0.002[0m
[1;32muart:~$ [m[8D[J[1;32muart:~$ [m[8D[J[00:04:18.199,000] [0m<inf> imu: ICM-42688-P  a   0.347  -0.073   9.925  g  -0.001  -0.005   0.000[0m
[1;32muart:~$ [m[8D[J[00:04:18.251,000] [0m<inf> imu: LSM6DS3TR-C  a   0.062   0.041  10.178  g   0.026  -0.060   0.013[0m
[1;32muart:~$ [m[8D[J[1;32muart:~$ [m[8D[J[00:04:18.252,000] [0m<inf> imu: LSM6DSV16X   a   0.383   0.113  10.512  g  -0.011   0.002  -0.003[0m
[1;32muart:~$ [m[8D[J[00:04:18.253,000] [0m<inf> imu: ICM-42688-P  a   0.347  -0.071   9.918  g  -0.001  -0.005  -0.001[0m
[1;32muart:~$ [m[8D[J[00:04:18.304,000] [0m<inf> imu: LSM6DS3TR-C  a   0.081   0.038  10.203  g   0.024  -0.062   0.015[0m
[1;32muart:~$ [m[8D[J[00:04:18.304,000] [0m<inf> imu: LSM6DSV16X   a   0.376   0.123  10.516  g  -0.012   0.002  -0.003[0m
[1;32muart:~$ [m[8D[J[1;32muart:~$ [m[8D[J[00:04:18.305,000] [0m<inf> imu: ICM-42688-P  a   0.354  -0.059   9.925  g   0.000  -0.005   0.000[0m
[1;32muart:~$ [m[8D[J[00:04:18.356,000] [0m<inf> imu: LSM6DS3TR-C  a   0.085   0.058  10.184  g   0.022  -0.061   0.015[0m
[1;32muart:~$ [m[8D[J[1;32muart:~$ [m[8D[J[00:04:18.357,000] [0m<inf> imu: LSM6DSV16X   a   0.378   0.115  10.519  g  -0.012   0.002  -0.003[0m
[1;32muart:~$ [m[8D[J[00:04:18.357,000] [0m<inf> imu: ICM-42688-P  a   0.359  -0.071   9.923  g  -0.000  -0.004   0.000[0m
[1;32muart:~$ [m[8D[J[00:04:18.408,000] [0m<inf> imu: LSM6DS3TR-C  a   0.088   0.002  10.178  g   0.023  -0.060   0.014[0m
[1;32muart:~$ [m[8D[J[00:04:18.409,000] [0m<inf> imu: LSM6DSV16X   a   0.385   0.117  10.519  g  -0.012   0.003  -0.002[0m
[1;32muart:~$ [m[8D[J[1;32muart:~$ [m[8D[J[00:04:18.409,000] [0m<inf> imu: ICM-42688-P  a   0.353  -0.059   9.922  g   0.001  -0.005   0.000[0m
[1;32muart:~$ [m[8D[J[00:04:18.460,000] [0m<inf> imu: LSM6DS3TR-C  a   0.119   0.029  10.177  g   0.023  -0.062   0.015[0m
[1;32muart:~$ [m[8D[J[1;32muart:~$ [m[8D[J[00:04:18.461,000] [0m<inf> imu: LSM6DSV16X   a   0.379   0.117  10.512  g  -0.012   0.002  -0.003[0m
[1;32muart:~$ [m[8D[J[00:04:18.462,000] [0m<inf> imu: ICM-42688-P  a   0.353  -0.060   9.920  g  -0.001  -0.005   0.001[0m
[1;32muart:~$ [m[8D[J[00:04:18.513,000] [0m<inf> imu: LSM6DS3TR-C  a   0.110   0.029  10.205  g   0.022  -0.060   0.015[0m
[1;32muart:~$ [m[8D[J[1;32muart:~$ [m[8D[J[00:04:18.513,000] [0m<inf> imu: LSM6DSV16X   a   0.385   0.115  10.509  g  -0.011   0.002  -0.002[0m
[1;32muart:~$ [m[8D[J[00:04:18.514,000] [0m<inf> imu: ICM-42688-P  a   0.351  -0.056   9.929  g  -0.000  -0.005   0.000[0m
[1;32muart:~$ [m[8D[J[00:04:18.565,000] [0m<inf> imu: LSM6DS3TR-C  a   0.068   0.047  10.183  g   0.024  -0.060   0.014[0m
[1;32muart:~$ [m[8D[J[1;32muart:~$ [m[8D[J[00:04:18.566,000] [0m<inf> imu: LSM6DSV16X   a   0.376   0.120  10.517  g  -0.011   0.003  -0.003[0m
[1;32muart:~$ [m[8D[J[00:04:18.566,000] [0m<inf> imu: ICM-42688-P  a   0.356  -0.067   9.918  g  -0.001  -0.005  -0.000[0m
[1;32muart:~$ [m[8D[J[00:04:18.617,000] [0m<inf> imu: LSM6DS3TR-C  a   0.094   0.016  10.180  g   0.024  -0.062   0.013[0m
[1;32muart:~$ [m[8D[J[1;32muart:~$ [m[8D[J[00:04:18.618,000] [0m<inf> imu: LSM6DSV16X   a   0.380   0.114  10.522  g  -0.011   0.002  -0.003[0m
[1;32muart:~$ [m[8D[J[00:04:18.618,000] [0m<inf> imu: ICM-42688-P  a   0.359  -0.056   9.916  g  -0.000  -0.005   0.001[0m
[1;32muart:~$ [m[8D[J[00:04:18.669,000] [0m<inf> imu: LSM6DS3TR-C  a   0.075   0.008  10.202  g   0.024  -0.062   0.015[0m
[1;32muart:~$ [m[8D[J[1;32muart:~$ [m[8D[J[00:04:18.670,000] [0m<inf> imu: LSM6DSV16X   a   0.379   0.117  10.524  g  -0.012   0.002  -0.002[0m
[1;32muart:~$ [m[8D[J[00:04:18.671,000] [0m<inf> imu: ICM-42688-P  a   0.354  -0.060   9.923  g   0.000  -0.005  -0.001[0m
[1;32muart:~$ [m[8D[J[00:04:18.722,000] [0m<inf> imu: LSM6DS3TR-C  a   0.060   0.036  10.166  g   0.024  -0.062   0.014[0m
[1;32muart:~$ [m[8D[J[1;32muart:~$ [m[8D[J[00:04:18.722,000] [0m<inf> imu: LSM6DSV16X   a   0.380   0.114  10.516  g  -0.012   0.003  -0.002[0m
[1;32muart:~$ [m[8D[J[00:04:18.723,000] [0m<inf> imu: ICM-42688-P  a   0.346  -0.065   9.922  g  -0.000  -0.005   0.001[0m
[1;32muart:~$ [m[8D[J[00:04:18.774,000] [0m<inf> imu: LSM6DS3TR-C  a   0.071   0.007  10.173  g   0.022  -0.058   0.017[0m
[1;32muart:~$ [m[8D[J[1;32muart:~$ [m[8D[J[00:04:18.775,000] [0m<inf> imu: LSM6DSV16X   a   0.376   0.120  10.519  g  -0.012   0.003  -0.003[0m
[1;32muart:~$ [m[8D[J[00:04:18.775,000] [0m<inf> imu: ICM-42688-P  a   0.340  -0.072   9.920  g  -0.001  -0.005  -0.000[0m
[1;32muart:~$ [m[8D[J[00:04:18.827,000] [0m<inf> imu: LSM6DS3TR-C  a   0.128   0.042  10.151  g   0.024  -0.062   0.016[0m
[1;32muart:~$ [m[8D[J[1;32muart:~$ [m[8D[J[00:04:18.828,000] [0m<inf> imu: LSM6DSV16X   a   0.376   0.113  10.518  g  -0.013   0.002  -0.003[0m
[1;32muart:~$ [m[8D[J[00:04:18.829,000] [0m<inf> imu: ICM-42688-P  a   0.348  -0.071   9.916  g  -0.001  -0.004  -0.001[0m
[1;32muart:~$ [m[8D[J[00:04:18.880,000] [0m<inf> imu: LSM6DS3TR-C  a   0.115   0.011  10.205  g   0.023  -0.061   0.013[0m
[1;32muart:~$ [m[8D[J[1;32muart:~$ [m[8D[J[00:04:18.881,000] [0m<inf> imu: LSM6DSV16X   a   0.378   0.120  10.516  g  -0.012   0.002  -0.003[0m
[1;32muart:~$ [m[8D[J[00:04:18.881,000] [0m<inf> imu: ICM-42688-P  a   0.354  -0.069   9.930  g  -0.001  -0.005   0.000[0m
[1;32muart:~$ [m[8D[J[1;32muart:~$ [m[8D[J[00:04:18.932,000] [0m<inf> imu: LSM6DS3TR-C  a   0.072   0.037  10.235  g   0.022  -0.061   0.014[0m
[1;32muart:~$ [m[8D[J[00:04:18.933,000] [0m<inf> imu: LSM6DSV16X   a   0.376   0.115  10.524  g  -0.011   0.002  -0.002[0m
[1;32muart:~$ [m[8D[J[00:04:18.933,000] [0m<inf> imu: ICM-42688-P  a   0.353  -0.055   9.912  g  -0.001  -0.006   0.000[0m
[1;32muart:~$ [m[8D[J[00:04:18.985,000] [0m<inf> imu: LSM6DS3TR-C  a   0.083   0.011  10.167  g   0.023  -0.061   0.014[0m
[1;32muart:~$ [m[8D[J[1;32muart:~$ [m[8D[J[00:04:18.986,000] [0m<inf> imu: LSM6DSV16X   a   0.380   0.115  10.527  g  -0.011   0.002  -0.003[0m
[1;32muart:~$ [m[8D[J[00:04:18.987,000] [0m<inf> imu: ICM-42688-P  a   0.354  -0.063   9.934  g  -0.001  -0.004   0.000[0m
[1;32muart:~$ [m[8D[J[1;32muart:~$ [m[8D[J[00:04:19.038,000] [0m<inf> imu: LSM6DS3TR-C  a   0.093   0.053  10.193  g   0.022  -0.060   0.015[0m
[1;32muart:~$ [m[8D[J[00:04:19.039,000] [0m<inf> imu: LSM6DSV16X   a   0.383   0.113  10.524  g  -0.012   0.002  -0.003[0m
[1;32muart:~$ [m[8D[J[00:04:19.039,000] [0m<inf> imu: ICM-42688-P  a   0.351  -0.069   9.926  g   0.000  -0.004   0.000[0m
[1;32muart:~$ [m[8D[J[00:04:19.091,000] [0m<inf> imu: LSM6DS3TR-C  a   0.113   0.018  10.146  g   0.022  -0.060   0.015[0m
[1;32muart:~$ [m[8D[J[1;32muart:~$ [m[8D[J[00:04:19.092,000] [0m<inf> imu: LSM6DSV16X   a   0.383   0.115  10.512  g  -0.012   0.003  -0.003[0m
[1;32muart:~$ [m[8D[J[00:04:19.093,000] [0m<inf> imu: ICM-42688-P  a   0.362  -0.060   9.926  g  -0.000  -0.004   0.001[0m
[1;32muart:~$ [m[8D[J[1;32muart:~$ [m[8D[J[00:04:19.144,000] [0m<inf> imu: LSM6DS3TR-C  a   0.093   0.032  10.194  g   0.020  -0.060   0.013[0m
[1;32muart:~$ [m[8D[J[00:04:19.144,000] [0m<inf> imu: LSM6DSV16X   a   0.376   0.115  10.531  g  -0.012   0.002  -0.002[0m
[1;32muart:~$ [m[8D[J[00:04:19.145,000] [0m<inf> imu: ICM-42688-P  a   0.354  -0.065   9.914  g   0.002  -0.005   0.000[0m
[1;32muart:~$ [m[8D[J[00:04:19.197,000] [0m<inf> imu: LSM6DS3TR-C  a   0.081   0.009  10.195  g   0.023  -0.062   0.016[0m
[1;32muart:~$ [m[8D[J[1;32muart:~$ [m[8D[J[00:04:19.198,000] [0m<inf> imu: LSM6DSV16X   a   0.373   0.117  10.512  g  -0.012   0.002  -0.003[0m
[1;32muart:~$ [m[8D[J[00:04:19.198,000] [0m<inf> imu: ICM-42688-P  a   0.345  -0.061   9.918  g  -0.001  -0.005   0.000[0m
[1;32muart:~$ [m[8D[J[1;32muart:~$ [m[8D[J[00:04:19.249,000] [0m<inf> imu: LSM6DS3TR-C  a   0.089   0.019  10.168  g   0.024  -0.061   0.016[0m
[1;32muart:~$ [m[8D[J[00:04:19.250,000] [0m<inf> imu: LSM6DSV16X   a   0.383   0.129  10.510  g  -0.012   0.002  -0.002[0m
[1;32muart:~$ [m[8D[J[00:04:19.250,000] [0m<inf> imu: ICM-42688-P  a   0.359  -0.056   9.928  g   0.000  -0.005  -0.000[0m
[1;32muart:~$ [m[8D[J[00:04:19.302,000] [0m<inf> imu: LSM6DS3TR-C  a   0.110   0.022  10.191  g   0.023  -0.061   0.015[0m
[1;32muart:~$ [m[8D[J[1;32muart:~$ [m[8D[J[00:04:19.302,000] [0m<inf> imu: LSM6DSV16X   a   0.374   0.115  10.523  g  -0.012   0.003  -0.003[0m
[1;32muart:~$ [m[8D[J[00:04:19.303,000] [0m<inf> imu: ICM-42688-P  a   0.350  -0.060   9.922  g   0.000  -0.004   0.000[0m
[1;32muart:~$ [m[8D[J[1;32muart:~$ [m[8D[J[00:04:19.354,000] [0m<inf> imu: LSM6DS3TR-C  a   0.103   0.019  10.199  g   0.024  -0.061   0.013[0m
[1;32muart:~$ [m[8D[J[00:04:19.354,000] [0m<inf> imu: LSM6DSV16X   a   0.379   0.115  10.517  g  -0.012   0.002  -0.003[0m
[1;32muart:~$ [m[8D[J[00:04:19.355,000] [0m<inf> imu: ICM-42688-P  a   0.357  -0.068   9.922  g   0.000  -0.005   0.000[0m
[1;32muart:~$ [m[8D[J[1;32muart:~$ [m[8D[J[00:04:19.406,000] [0m<inf> imu: LSM6DS3TR-C  a   0.106   0.011  10.165  g   0.022  -0.062   0.013[0m
[1;32muart:~$ [m[8D[J[00:04:19.407,000] [0m<inf> imu: LSM6DSV16X   a   0.379   0.113  10.521  g  -0.011   0.002  -0.003[0m
[1;32muart:~$ [m[8D[J[00:04:19.407,000] [0m<inf> imu: ICM-42688-P  a   0.363  -0.067   9.920  g   0.001  -0.005   0.000[0m
[1;32muart:~$ [m[8D[J[1;32muart:~$ [m[8D[J[00:04:19.458,000] [0m<inf> imu: LSM6DS3TR-C  a   0.092   0.002  10.171  g   0.024  -0.061   0.015[0m
[1;32muart:~$ [m[8D[J[00:04:19.459,000] [0m<inf> imu: LSM6DSV16X   a   0.378   0.112  10.521  g  -0.012   0.001  -0.003[0m
[1;32muart:~$ [m[8D[J[00:04:19.459,000] [0m<inf> imu: ICM-42688-P  a   0.358  -0.059   9.922  g   0.000  -0.005  -0.001[0m
[1;32muart:~$ [m[8D[J[1;32muart:~$ [m[8D[J[00:04:19.510,000] [0m<inf> imu: LSM6DS3TR-C  a   0.109   0.041  10.180  g   0.022  -0.061   0.015[0m
[1;32muart:~$ [m[8D[J[00:04:19.511,000] [0m<inf> imu: LSM6DSV16X   a   0.380   0.118  10.521  g  -0.012   0.002  -0.003[0m
[1;32muart:~$ [m[8D[J[00:04:19.512,000] [0m<inf> imu: ICM-42688-P  a   0.344  -0.066   9.935  g   0.000  -0.005   0.000[0m
[1;32muart:~$ [m[8D[J[1;32muart:~$ [m[8D[J[00:04:19.563,000] [0m<inf> imu: LSM6DS3TR-C  a   0.074   0.015  10.177  g   0.022  -0.060   0.014[0m
[1;32muart:~$ [m[8D[J[00:04:19.563,000] [0m<inf> imu: LSM6DSV16X   a   0.381   0.117  10.519  g  -0.012   0.002  -0.003[0m
[1;32muart:~$ [m[8D[J[00:04:19.564,000] [0m<inf> imu: ICM-42688-P  a   0.347  -0.065   9.910  g  -0.000  -0.005   0.000[0m
[1;32muart:~$ [m[8D[J[1;32muart:~$ [m[8D[J[00:04:19.615,000] [0m<inf> imu: LSM6DS3TR-C  a   0.108   0.008  10.110  g   0.024  -0.061   0.013[0m
[1;32muart:~$ [m[8D[J[00:04:19.616,000] [0m<inf> imu: LSM6DSV16X   a   0.380   0.112  10.519  g  -0.012   0.002  -0.002[0m
[1;32muart:~$ [m[8D[J[00:04:19.616,000] [0m<inf> imu: ICM-42688-P  a   0.354  -0.063   9.931  g   0.000  -0.005   0.000[0m
[1;32muart:~$ [m[8D[J[1;32muart:~$ [m[8D[J[00:04:19.667,000] [0m<inf> imu: LSM6DS3TR-C  a   0.106   0.022  10.191  g   0.024  -0.062   0.013[0m
[1;32muart:~$ [m[8D[J[00:04:19.668,000] [0m<inf> imu: LSM6DSV16X   a   0.379   0.108  10.511  g  -0.011   0.002  -0.002[0m
[1;32muart:~$ [m[8D[J[00:04:19.668,000] [0m<inf> imu: ICM-42688-P  a   0.354  -0.056   9.926  g   0.000  -0.005   0.000[0m
[1;32muart:~$ [m[8D[J[1;32muart:~$ [m[8D[J[00:04:19.719,000] [0m<inf> imu: LSM6DS3TR-C  a   0.089  -0.005  10.215  g   0.025  -0.060   0.016[0m
[1;32muart:~$ [m[8D[J[00:04:19.720,000] [0m<inf> imu: LSM6DSV16X   a   0.379   0.120  10.510  g  -0.012   0.002  -0.003[0m
[1;32muart:~$ [m[8D[J[00:04:19.721,000] [0m<inf> imu: ICM-42688-P  a   0.352  -0.068   9.910  g   0.000  -0.004   0.001[0m
[1;32muart:~$ [m[8D[J[1;32muart:~$ [m[8D[J[00:04:19.772,000] [0m<inf> imu: LSM6DS3TR-C  a   0.071   0.011  10.177  g   0.024  -0.060   0.014[0m
[1;32muart:~$ [m[8D[J[00:04:19.773,000] [0m<inf> imu: LSM6DSV16X   a   0.376   0.120  10.512  g  -0.010   0.001  -0.003[0m
[1;32muart:~$ [m[8D[J[1;32muart:~$ [m[8D[J[00:04:19.774,000] [0m<inf> imu: ICM-42688-P  a   0.354  -0.066   9.931  g  -0.001  -0.005   0.000[0m
[1;32muart:~$ [m[8D[J[00:04:19.825,000] [0m<inf> imu: LSM6DS3TR-C  a   0.103   0.036  10.201  g   0.024  -0.062   0.014[0m
[1;32muart:~$ [m[8D[J[00:04:19.826,000] [0m<inf> imu: LSM6DSV16X   a   0.381   0.120  10.519  g  -0.012   0.002  -0.002[0m
[1;32muart:~$ [m[8D[J[00:04:19.826,000] [0m<inf> imu: ICM-42688-P  a   0.352  -0.069   9.928  g   0.001  -0.005   0.000[0m
[1;32muart:~$ [m[8D[J[1;32muart:~$ [m[8D[J[00:04:19.878,000] [0m<inf> imu: LSM6DS3TR-C  a   0.095   0.033  10.216  g   0.023  -0.059   0.016[0m
[1;32muart:~$ [m[8D[J[00:04:19.880,000] [0m<inf> imu: LSM6DSV16X   a   0.382   0.115  10.515  g  -0.011   0.002  -0.003[0m
[1;32muart:~$ [m[8D[J[1;32muart:~$ [m[8D[J[00:04:19.881,000] [0m<inf> imu: ICM-42688-P  a   0.359  -0.060   9.925  g   0.000  -0.005   0.001[0m
[1;32muart:~$ [m[8D[J[00:04:19.932,000] [0m<inf> imu: LSM6DS3TR-C  a   0.084   0.053  10.152  g   0.024  -0.061   0.015[0m
[1;32muart:~$ [m[8D[J[00:04:19.932,000] [0m<inf> imu: LSM6DSV16X   a   0.376   0.117  10.519  g  -0.012   0.002  -0.003[0m
[1;32muart:~$ [m[8D[J[00:04:19.933,000] [0m<inf> imu: ICM-42688-P  a   0.353  -0.069   9.928  g  -0.001  -0.005   0.001[0m
[1;32muart:~$ [m[8D[J[1;32muart:~$ [m[8D[J[00:04:19.985,000] [0m<inf> imu: LSM6DS3TR-C  a   0.081   0.025  10.153  g   0.023  -0.061   0.015[0m
[1;32muart:~$ [m[8D[J[00:04:19.986,000] [0m<inf> imu: LSM6DSV16X   a   0.380   0.115  10.514  g  -0.012   0.002  -0.003[0m
[1;32muart:~$ [m[8D[J[1;32muart:~$ [m[8D[J[00:04:19.987,000] [0m<inf> imu: ICM-42688-P  a   0.354  -0.067   9.926  g  -0.000  -0.005   0.000[0m
[1;32muart:~$ [m[8D[J[00:04:20.038,000] [0m<inf> imu: LSM6DS3TR-C  a   0.091   0.025  10.177  g   0.022  -0.061   0.015[0m
[1;32muart:~$ [m[8D[J[00:04:20.038,000] [0m<inf> imu: LSM6DSV16X   a   0.378   0.114  10.519  g  -0.012   0.002  -0.003[0m
[1;32muart:~$ [m[8D[J[00:04:20.039,000] [0m<inf> imu: ICM-42688-P  a   0.350  -0.051   9.930  g   0.000  -0.005   0.000[0m
[1;32muart:~$ [m[8D[J[1;32muart:~$ [m[8D[J[00:04:20.091,000] [0m<inf> imu: LSM6DS3TR-C  a   0.095   0.001  10.181  g   0.024  -0.060   0.014[0m
[1;32muart:~$ [m[8D[J[00:04:20.092,000] [0m<inf> imu: LSM6DSV16X   a   0.380   0.114  10.519  g  -0.011   0.002  -0.002[0m
[1;32muart:~$ [m[8D[J[1;32muart:~$ [m[8D[J[00:04:20.093,000] [0m<inf> imu: ICM-42688-P  a   0.352  -0.054   9.917  g   0.000  -0.005   0.000[0m
[1;32muart:~$ [m[8D[J[00:04:20.144,000] [0m<inf> imu: LSM6DS3TR-C  a   0.096   0.011  10.158  g   0.024  -0.060   0.014[0m
[1;32muart:~$ [m[8D[J[00:04:20.145,000] [0m<inf> imu: LSM6DSV16X   a   0.382   0.115  10.516  g  -0.011   0.002  -0.003[0m
[1;32muart:~$ [m[8D[J[00:04:20.145,000] [0m<inf> imu: ICM-42688-P  a   0.362  -0.060   9.925  g   0.000  -0.005  -0.000[0m
[1;32muart:~$ [m[8D[J[1;32muart:~$ [m[8D[J[00:04:20.196,000] [0m<inf> imu: LSM6DS3TR-C  a   0.092   0.026  10.160  g   0.024  -0.061   0.015[0m
[1;32muart:~$ [m[8D[J[00:04:20.197,000] [0m<inf> imu: LSM6DSV16X   a   0.375   0.112  10.519  g  -0.013   0.002  -0.003[0m
[1;32muart:~$ [m[8D[J[1;32muart:~$ [m[8D[J[00:04:20.197,000] [0m<inf> imu: ICM-42688-P  a   0.354  -0.063   9.932  g   0.000  -0.004  -0.000[0m
[1;32muart:~$ [m[8D[J[00:04:20.248,000] [0m<inf> imu: LSM6DS3TR-C  a   0.092   0.046  10.140  g   0.023  -0.061   0.014[0m
[1;32muart:~$ [m[8D[J[00:04:20.249,000] [0m<inf> imu: LSM6DSV16X   a   0.382   0.120  10.521  g  -0.012   0.002  -0.002[0m
[1;32muart:~$ [m[8D[J[1;32muart:~$ [m[8D[J[00:04:20.250,000] [0m<inf> imu: ICM-42688-P  a   0.352  -0.061   9.911  g   0.000  -0.005   0.000[0m
[1;32muart:~$ [m[8D[J[00:04:20.301,000] [0m<inf> imu: LSM6DS3TR-C  a   0.102   0.020  10.183  g   0.023  -0.060   0.015[0m
[1;32muart:~$ [m[8D[J[00:04:20.301,000] [0m<inf> imu: LSM6DSV16X   a   0.376   0.121  10.521  g  -0.011   0.002  -0.003[0m
[1;32muart:~$ [m[8D[J[1;32muart:~$ [m[8D[J[00:04:20.302,000] [0m<inf> imu: ICM-42688-P  a   0.345  -0.066   9.925  g   0.000  -0.005  -0.001[0m
[1;32muart:~$ [m[8D[J[00:04:20.353,000] [0m<inf> imu: LSM6DS3TR-C  a   0.086   0.017  10.155  g   0.024  -0.060   0.015[0m
[1;32muart:~$ [m[8D[J[00:04:20.354,000] [0m<inf> imu: LSM6DSV16X   a   0.376   0.122  10.516  g  -0.012   0.002  -0.003[0m
[1;32muart:~$ [m[8D[J[1;32muart:~$ [m[8D[J[00:04:20.354,000] [0m<inf> imu: ICM-42688-P  a   0.352  -0.060   9.931  g   0.000  -0.004   0.000[0m
[1;32muart:~$ [m[8D[J[00:04:20.405,000] [0m<inf> imu: LSM6DS3TR-C  a   0.092   0.026  10.181  g   0.024  -0.059   0.013[0m
[1;32muart:~$ [m[8D[J[00:04:20.406,000] [0m<inf> imu: LSM6DSV16X   a   0.377   0.121  10.521  g  -0.010   0.002  -0.002[0m
[1;32muart:~$ [m[8D[J[1;32muart:~$ [m[8D[J[00:04:20.406,000] [0m<inf> imu: ICM-42688-P  a   0.341  -0.065   9.917  g  -0.001  -0.005   0.000[0m
[1;32muart:~$ [m[8D[J[00:04:20.457,000] [0m<inf> imu: LSM6DS3TR-C  a   0.066   0.022  10.185  g   0.023  -0.061   0.015[0m
[1;32muart:~$ [m[8D[J[00:04:20.458,000] [0m<inf> imu: LSM6DSV16X   a   0.375   0.115  10.519  g  -0.011   0.002  -0.003[0m
[1;32muart:~$ [m[8D[J[1;32muart:~$ [m[8D[J[00:04:20.458,000] [0m<inf> imu: ICM-42688-P  a   0.359  -0.068   9.923  g   0.000  -0.005   0.000[0m
[1;32muart:~$ [m[8D[J[00:04:20.510,000] [0m<inf> imu: LSM6DS3TR-C  a   0.104   0.035  10.155  g   0.023  -0.060   0.016[0m
[1;32muart:~$ [m[8D[J[00:04:20.510,000] [0m<inf> imu: LSM6DSV16X   a   0.378   0.114  10.514  g  -0.011   0.002  -0.002[0m
[1;32muart:~$ [m[8D[J[1;32muart:~$ [m[8D[J[00:04:20.511,000] [0m<inf> imu: ICM-42688-P  a   0.354  -0.056   9.926  g   0.000  -0.005   0.001[0m
[1;32muart:~$ [m[8D[J[00:04:20.562,000] [0m<inf> imu: LSM6DS3TR-C  a   0.129   0.003  10.199  g   0.024  -0.062   0.014[0m
[1;32muart:~$ [m[8D[J[00:04:20.562,000] [0m<inf> imu: LSM6DSV16X   a   0.380   0.120  10.517  g  -0.011   0.002  -0.003[0m
[1;32muart:~$ [m[8D[J[1;32muart:~$ [m[8D[J[00:04:20.563,000] [0m<inf> imu: ICM-42688-P  a   0.362  -0.061   9.928  g  -0.000  -0.005   0.001[0m
[1;32muart:~$ [m[8D[J[00:04:20.614,000] [0m<inf> imu: LSM6DS3TR-C  a   0.102   0.028  10.169  g   0.024  -0.061   0.015[0m
[1;32muart:~$ [m[8D[J[00:04:20.615,000] [0m<inf> imu: LSM6DSV16X   a   0.380   0.117  10.516  g  -0.012   0.001  -0.003[0m
[1;32muart:~$ [m[8D[J[1;32muart:~$ [m[8D[J[00:04:20.615,000] [0m<inf> imu: ICM-42688-P  a   0.351  -0.056   9.917  g  -0.001  -0.005   0.000[0m
[1;32muart:~$ [m[8D[J[00:04:20.667,000] [0m<inf> imu: LSM6DS3TR-C  a   0.090   0.009  10.166  g   0.024  -0.060   0.015[0m
[1;32muart:~$ [m[8D[J[00:04:20.668,000] [0m<inf> imu: LSM6DSV16X   a   0.380   0.117  10.514  g  -0.012   0.002  -0.003[0m
[1;32muart:~$ [m[8D[J[1;32muart:~$ [m[8D[J[00:04:20.669,000] [0m<inf> imu: ICM-42688-P  a   0.350  -0.067   9.928  g  -0.001  -0.005   0.000[0m
[1;32muart:~$ [m[8D[J[00:04:20.720,000] [0m<inf> imu: LSM6DS3TR-C  a   0.130  -0.004  10.203  g   0.024  -0.061   0.013[0m
[1;32muart:~$ [m[8D[J[1;32muart:~$ [m[8D[J[00:04:20.720,000] [0m<inf> imu: LSM6DSV16X   a   0.374   0.115  10.522  g  -0.011   0.002  -0.002[0m
[1;32muart:~$ [m[8D[J[00:04:20.721,000] [0m<inf> imu: ICM-42688-P  a   0.344  -0.061   9.928  g   0.000  -0.005   0.000[0m
[1;32muart:~$ [m[8D[J[00:04:20.772,000] [0m<inf> imu: LSM6DS3TR-C  a   0.086   0.022  10.181  g   0.023  -0.063   0.013[0m
[1;32muart:~$ [m[8D[J[00:04:20.774,000] [0m<inf> imu: LSM6DSV16X   a   0.385   0.117  10.521  g  -0.012   0.002  -0.003[0m
[1;32muart:~$ [m[8D[J[1;32muart:~$ [m[8D[J[00:04:20.774,000] [0m<inf> imu: ICM-42688-P  a   0.360  -0.069   9.929  g   0.000  -0.005   0.000[0m
[1;32muart:~$ [m[8D[J[00:04:20.825,000] [0m<inf> imu: LSM6DS3TR-C  a   0.068   0.048  10.173  g   0.024  -0.061   0.014[0m
[1;32muart:~$ [m[8D[J[1;32muart:~$ [m[8D[J[00:04:20.826,000] [0m<inf> imu: LSM6DSV16X   a   0.379   0.114  10.528  g  -0.011   0.002  -0.002[0m
[1;32muart:~$ [m[8D[J[00:04:20.827,000] [0m<inf> imu: ICM-42688-P  a   0.341  -0.065   9.926  g   0.000  -0.005   0.001[0m
[1;32muart:~$ [m[8D[J[00:04:20.878,000] [0m<inf> imu: LSM6DS3TR-C  a   0.108   0.016  10.195  g   0.024  -0.061   0.016[0m
[1;32muart:~$ [m[8D[J[00:04:20.879,000] [0m<inf> imu: LSM6DSV16X   a   0.385   0.109  10.519  g  -0.011   0.002  -0.002[0m
[1;32muart:~$ [m[8D[J[1;32muart:~$ [m[8D[J[00:04:20.880,000] [0m<inf> imu: ICM-42688-P  a   0.363  -0.059   9.932  g   0.001  -0.005   0.000[0m
[1;32muart:~$ [m[8D[J[00:04:20.931,000] [0m<inf> imu: LSM6DS3TR-C  a   0.096   0.025  10.171  g   0.023  -0.061   0.016[0m
[1;32muart:~$ [m[8D[J[1;32muart:~$ [m[8D[J[00:04:20.932,000] [0m<inf> imu: LSM6DSV16X   a   0.378   0.117  10.516  g  -0.012   0.002  -0.002[0m
[1;32muart:~$ [m[8D[J[00:04:20.932,000] [0m<inf> imu: ICM-42688-P  a   0.344  -0.057   9.923  g  -0.000  -0.005   0.001[0m
[1;32muart:~$ [m[8D[J[00:04:20.984,000] [0m<inf> imu: LSM6DS3TR-C  a   0.081   0.000  10.198  g   0.024  -0.063   0.013[0m
[1;32muart:~$ [m[8D[J[00:04:20.985,000] [0m<inf> imu: LSM6DSV16X   a   0.377   0.117  10.521  g  -0.012   0.002  -0.002[0m
[1;32muart:~$ [m[8D[J[1;32muart:~$ [m[8D[J[00:04:20.986,000] [0m<inf> imu: ICM-42688-P  a   0.348  -0.057   9.923  g   0.000  -0.004   0.000[0m
[1;32muart:~$ [m[8D[J[00:04:21.037,000] [0m<inf> imu: LSM6DS3TR-C  a   0.102   0.023  10.176  g   0.023  -0.062   0.014[0m
[1;32muart:~$ [m[8D[J[1;32muart:~$ [m[8D[J[00:04:21.037,000] [0m<inf> imu: LSM6DSV16X   a   0.374   0.120  10.521  g  -0.012   0.003  -0.003[0m
[1;32muart:~$ [m[8D[J[00:04:21.038,000] [0m<inf> imu: ICM-42688-P  a   0.363  -0.059   9.926  g  -0.001  -0.004   0.001[0m
[1;32muart:~$ [m[8D[J[00:04:21.089,000] [0m<inf> imu: LSM6DS3TR-C  a   0.110   0.020  10.164  g   0.023  -0.059   0.014[0m
[1;32muart:~$ [m[8D[J[00:04:21.090,000] [0m<inf> imu: LSM6DSV16X   a   0.373   0.114  10.515  g  -0.011   0.002  -0.003[0m
[1;32muart:~$ [m[8D[J[1;32muart:~$ [m[8D[J[00:04:21.090,000] [0m<inf> imu: ICM-42688-P  a   0.350  -0.057   9.917  g   0.000  -0.005   0.001[0m
[1;32muart:~$ [m[8D[J[00:04:21.141,000] [0m<inf> imu: LSM6DS3TR-C  a   0.096   0.029  10.188  g   0.024  -0.060   0.014[0m
[1;32muart:~$ [m[8D[J[1;32muart:~$ [m[8D[J[00:04:21.142,000] [0m<inf> imu: LSM6DSV16X   a   0.376   0.120  10.524  g  -0.011   0.001  -0.002[0m
[1;32muart:~$ [m[8D[J[00:04:21.142,000] [0m<inf> imu: ICM-42688-P  a   0.350  -0.060   9.925  g   0.001  -0.005   0.000[0m
[1;32muart:~$ [m[8D[J[00:04:21.193,000] [0m<inf> imu: LSM6DS3TR-C  a   0.059   0.031  10.189  g   0.023  -0.061   0.015[0m
[1;32muart:~$ [m[8D[J[00:04:21.194,000] [0m<inf> imu: LSM6DSV16X   a   0.380   0.117  10.512  g  -0.012   0.002  -0.003[0m
[1;32muart:~$ [m[8D[J[1;32muart:~$ [m[8D[J[00:04:21.195,000] [0m<inf> imu: ICM-42688-P  a   0.352  -0.059   9.923  g  -0.001  -0.005   0.000[0m
[1;32muart:~$ [m[8D[J[00:04:21.246,000] [0m<inf> imu: LSM6DS3TR-C  a   0.079   0.021  10.179  g   0.022  -0.061   0.015[0m
[1;32muart:~$ [m[8D[J[1;32muart:~$ [m[8D[J[00:04:21.246,000] [0m<inf> imu: LSM6DSV16X   a   0.383   0.119  10.513  g  -0.012   0.002  -0.003[0m
[1;32muart:~$ [m[8D[J[00:04:21.247,000] [0m<inf> imu: ICM-42688-P  a   0.362  -0.060   9.923  g  -0.001  -0.005   0.000[0m
[1;32muart:~$ [m[8D[J[00:04:21.298,000] [0m<inf> imu: LSM6DS3TR-C  a   0.105   0.023  10.182  g   0.024  -0.061   0.016[0m
[1;32muart:~$ [m[8D[J[1;32muart:~$ [m[8D[J[00:04:21.298,000] [0m<inf> imu: LSM6DSV16X   a   0.383   0.117  10.521  g  -0.011   0.002  -0.002[0m
[1;32muart:~$ [m[8D[J[00:04:21.299,000] [0m<inf> imu: ICM-42688-P  a   0.354  -0.060   9.925  g   0.000  -0.005   0.001[0m
[1;32muart:~$ [m[8D[J[00:04:21.350,000] [0m<inf> imu: LSM6DS3TR-C  a   0.075   0.029  10.218  g   0.022  -0.062   0.014[0m
[1;32muart:~$ [m[8D[J[1;32muart:~$ [m[8D[J[00:04:21.351,000] [0m<inf> imu: LSM6DSV16X   a   0.381   0.114  10.516  g  -0.011   0.002  -0.002[0m
[1;32muart:~$ [m[8D[J[00:04:21.351,000] [0m<inf> imu: ICM-42688-P  a   0.369  -0.066   9.916  g   0.001  -0.005   0.000[0m
[1;32muart:~$ [m[8D[J[00:04:21.402,000] [0m<inf> imu: LSM6DS3TR-C  a   0.097   0.019  10.220  g   0.023  -0.060   0.014[0m
[1;32muart:~$ [m[8D[J[1;32muart:~$ [m[8D[J[00:04:21.403,000] [0m<inf> imu: LSM6DSV16X   a   0.376   0.115  10.518  g  -0.012   0.002  -0.003[0m
[1;32muart:~$ [m[8D[J[00:04:21.404,000] [0m<inf> imu: ICM-42688-P  a   0.357  -0.061   9.923  g   0.001  -0.005  -0.000[0m
[1;32muart:~$ [m[8D[J[00:04:21.455,000] [0m<inf> imu: LSM6DS3TR-C  a   0.100   0.025  10.150  g   0.022  -0.060   0.014[0m
[1;32muart:~$ [m[8D[J[1;32muart:~$ [m[8D[J[00:04:21.455,000] [0m<inf> imu: LSM6DSV16X   a   0.373   0.117  10.509  g  -0.011   0.003  -0.003[0m
[1;32muart:~$ [m[8D[J[00:04:21.456,000] [0m<inf> imu: ICM-42688-P  a   0.360  -0.050   9.926  g   0.000  -0.005   0.000[0m
[1;32muart:~$ [m[8D[J[00:04:21.507,000] [0m<inf> imu: LSM6DS3TR-C  a   0.112   0.036  10.202  g   0.022  -0.060   0.013[0m
[1;32muart:~$ [m[8D[J[1;32muart:~$ [m[8D[J[00:04:21.508,000] [0m<inf> imu: LSM6DSV16X   a   0.383   0.120  10.516  g  -0.011   0.001  -0.002[0m
[1;32muart:~$ [m[8D[J[00:04:21.508,000] [0m<inf> imu: ICM-42688-P  a   0.347  -0.069   9.929  g   0.000  -0.005   0.000[0m
[1;32muart:~$ [m[8D[J[00:04:21.559,000] [0m<inf> imu: LSM6DS3TR-C  a   0.085   0.011  10.204  g   0.024  -0.063   0.016[0m
[1;32muart:~$ [m[8D[J[1;32muart:~$ [m[8D[J[00:04:21.560,000] [0m<inf> imu: LSM6DSV16X   a   0.382   0.110  10.515  g  -0.011   0.002  -0.003[0m
[1;32muart:~$ [m[8D[J[00:04:21.560,000] [0m<inf> imu: ICM-42688-P  a   0.352  -0.060   9.930  g   0.000  -0.005   0.001[0m
[1;32muart:~$ [m[8D[J[00:04:21.612,000] [0m<inf> imu: LSM6DS3TR-C  a   0.107   0.032  10.180  g   0.023  -0.060   0.015[0m
[1;32muart:~$ [m[8D[J[1;32muart:~$ [m[8D[J[00:04:21.614,000] [0m<inf> imu: LSM6DSV16X   a   0.382   0.109  10.514  g  -0.011   0.002  -0.002[0m
[1;32muart:~$ [m[8D[J[00:04:21.614,000] [0m<inf> imu: ICM-42688-P  a   0.350  -0.071   9.926  g   0.000  -0.005   0.000[0m
[1;32muart:~$ [m[8D[J[1;32muart:~$ [m[8D[J[00:04:21.665,000] [0m<inf> imu: LSM6DS3TR-C  a   0.092   0.023  10.172  g   0.025  -0.061   0.015[0m
[1;32muart:~$ [m[8D[J[00:04:21.666,000] [0m<inf> imu: LSM6DSV16X   a   0.380   0.117  10.528  g  -0.012   0.002  -0.003[0m
[1;32muart:~$ [m[8D[J[00:04:21.666,000] [0m<inf> imu: ICM-42688-P  a   0.346  -0.062   9.923  g   0.000  -0.005   0.000[0m
[1;32muart:~$ [m[8D[J[00:04:21.718,000] [0m<inf> imu: LSM6DS3TR-C  a   0.090   0.033  10.183  g   0.023  -0.061   0.013[0m
[1;32muart:~$ [m[8D[J[1;32muart:~$ [m[8D[J[00:04:21.719,000] [0m<inf> imu: LSM6DSV16X   a   0.376   0.119  10.514  g  -0.011   0.002  -0.003[0m
[1;32muart:~$ [m[8D[J[00:04:21.720,000] [0m<inf> imu: ICM-42688-P  a   0.347  -0.059   9.931  g   0.001  -0.005   0.000[0m
[1;32muart:~$ [m[8D[J[1;32muart:~$ [m[8D[J[00:04:21.771,000] [0m<inf> imu: LSM6DS3TR-C  a   0.088   0.037  10.196  g   0.024  -0.060   0.016[0m
[1;32muart:~$ [m[8D[J[00:04:21.771,000] [0m<inf> imu: LSM6DSV16X   a   0.377   0.115  10.510  g  -0.013   0.002  -0.003[0m
[1;32muart:~$ [m[8D[J[00:04:21.772,000] [0m<inf> imu: ICM-42688-P  a   0.344  -0.075   9.925  g   0.000  -0.005   0.000[0m
[1;32muart:~$ [m[8D[J[00:04:21.824,000] [0m<inf> imu: LSM6DS3TR-C  a   0.091   0.035  10.201  g   0.022  -0.058   0.015[0m
[1;32muart:~$ [m[8D[J[1;32muart:~$ [m[8D[J[00:04:21.825,000] [0m<inf> imu: LSM6DSV16X   a   0.371   0.117  10.523  g  -0.011   0.002  -0.003[0m
[1;32muart:~$ [m[8D[J[00:04:21.826,000] [0m<inf> imu: ICM-42688-P  a   0.359  -0.065   9.917  g   0.000  -0.005   0.000[0m
[1;32muart:~$ [m[8D[J[1;32muart:~$ [m[8D[J[00:04:21.877,000] [0m<inf> imu: LSM6DS3TR-C  a   0.075   0.030  10.179  g   0.023  -0.061   0.014[0m
[1;32muart:~$ [m[8D[J[00:04:21.877,000] [0m<inf> imu: LSM6DSV16X   a   0.376   0.118  10.519  g  -0.012   0.002  -0.002[0m
[1;32muart:~$ [m[8D[J[00:04:21.878,000] [0m<inf> imu: ICM-42688-P  a   0.350  -0.065   9.934  g   0.000  -0.004   0.001[0m
[1;32muart:~$ [m[8D[J[00:04:21.929,000] [0m<inf> imu: LSM6DS3TR-C  a   0.105   0.011  10.170  g   0.024  -0.060   0.015[0m
[1;32muart:~$ [m[8D[J[1;32muart:~$ [m[8D[J[00:04:21.931,000] [0m<inf> imu: LSM6DSV16X   a   0.385   0.115  10.518  g  -0.012   0.002  -0.002[0m
[1;32muart:~$ [m[8D[J[00:04:21.931,000] [0m<inf> imu: ICM-42688-P  a   0.359  -0.057   9.918  g  -0.000  -0.005   0.000[0m
[1;32muart:~$ [m[8D[J[1;32muart:~$ [m[8D[J[00:04:21.982,000] [0m<inf> imu: LSM6DS3TR-C  a   0.121   0.031  10.169  g   0.022  -0.061   0.016[0m
[1;32muart:~$ [m[8D[J[00:04:21.983,000] [0m<inf> imu: LSM6DSV16X   a   0.383   0.117  10.516  g  -0.012   0.002  -0.002[0m
[1;32muart:~$ [m[8D[J[00:04:21.984,000] [0m<inf> imu: ICM-42688-P  a   0.359  -0.068   9.918  g   0.000  -0.004   0.000[0m
[1;32muart:~$ [m[8D[J[00:04:22.035,000] [0m<inf> imu: LSM6DS3TR-C  a   0.089   0.019  10.153  g   0.023  -0.059   0.013[0m
[1;32muart:~$ [m[8D[J[1;32muart:~$ [m[8D[J[00:04:22.037,000] [0m<inf> imu: LSM6DSV16X   a   0.388   0.117  10.512  g  -0.011   0.002  -0.003[0m
[1;32muart:~$ [m[8D[J[00:04:22.037,000] [0m<inf> imu: ICM-42688-P  a   0.354  -0.069   9.917  g   0.000  -0.005   0.000[0m
[1;32muart:~$ [m[8D[J[1;32muart:~$ [m[8D[J[00:04:22.088,000] [0m<inf> imu: LSM6DS3TR-C  a   0.084   0.008  10.164  g   0.023  -0.060   0.017[0m
[1;32muart:~$ [m[8D[J[00:04:22.089,000] [0m<inf> imu: LSM6DSV16X   a   0.376   0.112  10.521  g  -0.012   0.002  -0.003[0m
[1;32muart:~$ [m[8D[J[00:04:22.090,000] [0m<inf> imu: ICM-42688-P  a   0.338  -0.060   9.936  g   0.000  -0.005   0.001[0m
[1;32muart:~$ [m[8D[J[00:04:22.141,000] [0m<inf> imu: LSM6DS3TR-C  a   0.102   0.019  10.156  g   0.022  -0.062   0.015[0m
[1;32muart:~$ [m[8D[J[1;32muart:~$ [m[8D[J[00:04:22.141,000] [0m<inf> imu: LSM6DSV16X   a   0.376   0.115  10.519  g  -0.011   0.002  -0.002[0m
[1;32muart:~$ [m[8D[J[00:04:22.142,000] [0m<inf> imu: ICM-42688-P  a   0.359  -0.059   9.931  g   0.000  -0.005   0.000[0m
[1;32muart:~$ [m[8D[J[1;32muart:~$ [m[8D[J[00:04:22.193,000] [0m<inf> imu: LSM6DS3TR-C  a   0.114  -0.005  10.216  g   0.022  -0.062   0.012[0m
[1;32muart:~$ [m[8D[J[00:04:22.194,000] [0m<inf> imu: LSM6DSV16X   a   0.378   0.115  10.519  g  -0.011   0.003  -0.003[0m
[1;32muart:~$ [m[8D[J[00:04:22.194,000] [0m<inf> imu: ICM-42688-P  a   0.365  -0.065   9.922  g   0.000  -0.005   0.000[0m
[1;32muart:~$ [m[8D[J[00:04:22.245,000] [0m<inf> imu: LSM6DS3TR-C  a   0.089  -0.002  10.174  g   0.023  -0.063   0.016[0m
[1;32muart:~$ [m[8D[J[1;32muart:~$ [m[8D[J[00:04:22.246,000] [0m<inf> imu: LSM6DSV16X   a   0.373   0.117  10.519  g  -0.010   0.002  -0.003[0m
[1;32muart:~$ [m[8D[J[00:04:22.246,000] [0m<inf> imu: ICM-42688-P  a   0.351  -0.066   9.928  g   0.000  -0.005   0.000[0m
[1;32muart:~$ [m[8D[J[1;32muart:~$ [m[8D[J[00:04:22.297,000] [0m<inf> imu: LSM6DS3TR-C  a   0.076   0.006  10.193  g   0.023  -0.063   0.014[0m
[1;32muart:~$ [m[8D[J[00:04:22.298,000] [0m<inf> imu: LSM6DSV16X   a   0.377   0.115  10.516  g  -0.012   0.002  -0.002[0m
[1;32muart:~$ [m[8D[J[00:04:22.298,000] [0m<inf> imu: ICM-42688-P  a   0.346  -0.062   9.914  g   0.001  -0.004   0.001[0m
[1;32muart:~$ [m[8D[J[00:04:22.350,000] [0m<inf> imu: LSM6DS3TR-C  a   0.112   0.014  10.216  g   0.023  -0.063   0.013[0m
[1;32muart:~$ [m[8D[J[1;32muart:~$ [m[8D[J[00:04:22.350,000] [0m<inf> imu: LSM6DSV16X   a   0.385   0.118  10.524  g  -0.012   0.002  -0.002[0m
[1;32muart:~$ [m[8D[J[00:04:22.351,000] [0m<inf> imu: ICM-42688-P  a   0.351  -0.051   9.923  g   0.000  -0.005   0.000[0m
[1;32muart:~$ [m[8D[J[1;32muart:~$ [m[8D[J[00:04:22.402,000] [0m<inf> imu: LSM6DS3TR-C  a   0.090   0.033  10.184  g   0.024  -0.060   0.015[0m
[1;32muart:~$ [m[8D[J[00:04:22.403,000] [0m<inf> imu: LSM6DSV16X   a   0.383   0.113  10.516  g  -0.011   0.002  -0.003[0m
[1;32muart:~$ [m[8D[J[00:04:22.403,000] [0m<inf> imu: ICM-42688-P  a   0.350  -0.067   9.930  g  -0.001  -0.004   0.000[0m
[1;32muart:~$ [m[8D[J[1;32muart:~$ [m[8D[J[00:04:22.454,000] [0m<inf> imu: LSM6DS3TR-C  a   0.103   0.004  10.190  g   0.023  -0.060   0.015[0m
[1;32muart:~$ [m[8D[J[00:04:22.455,000] [0m<inf> imu: LSM6DSV16X   a   0.383   0.118  10.518  g  -0.011   0.002  -0.002[0m
[1;32muart:~$ [m[8D[J[00:04:22.455,000] [0m<inf> imu: ICM-42688-P  a   0.354  -0.055   9.926  g  -0.001  -0.005   0.001[0m
[1;32muart:~$ [m[8D[J[1;32muart:~$ [m[8D[J[00:04:22.506,000] [0m<inf> imu: LSM6DS3TR-C  a   0.081   0.055  10.159  g   0.023  -0.060   0.017[0m
[1;32muart:~$ [m[8D[J[00:04:22.507,000] [0m<inf> imu: LSM6DSV16X   a   0.383   0.120  10.512  g  -0.012   0.002  -0.002[0m
[1;32muart:~$ [m[8D[J[00:04:22.508,000] [0m<inf> imu: ICM-42688-P  a   0.356  -0.073   9.919  g   0.000  -0.005  -0.000[0m
[1;32muart:~$ [m[8D[J[1;32muart:~$ [m[8D[J[00:04:22.559,000] [0m<inf> imu: LSM6DS3TR-C  a   0.099  -0.004  10.172  g   0.023  -0.060   0.015[0m
[1;32muart:~$ [m[8D[J[00:04:22.561,000] [0m<inf> imu: LSM6DSV16X   a   0.380   0.120  10.522  g  -0.011   0.002  -0.003[0m
[1;32muart:~$ [m[8D[J[00:04:22.561,000] [0m<inf> imu: ICM-42688-P  a   0.358  -0.059   9.930  g   0.000  -0.005   0.000[0m
[1;32muart:~$ [m[8D[J[1;32muart:~$ [m[8D[J[00:04:22.613,000] [0m<inf> imu: LSM6DS3TR-C  a   0.098   0.013  10.158  g   0.023  -0.062   0.013[0m
[1;32muart:~$ [m[8D[J[00:04:22.613,000] [0m<inf> imu: LSM6DSV16X   a   0.375   0.120  10.512  g  -0.011   0.002  -0.003[0m
[1;32muart:~$ [m[8D[J[00:04:22.614,000] [0m<inf> imu: ICM-42688-P  a   0.363  -0.067   9.918  g  -0.001  -0.004  -0.000[0m
[1;32muart:~$ [m[8D[J[1;32muart:~$ [m[8D[J[00:04:22.665,000] [0m<inf> imu: LSM6DS3TR-C  a   0.080  -0.003  10.197  g   0.024  -0.062   0.012[0m
[1;32muart:~$ [m[8D[J[00:04:22.667,000] [0m<inf> imu: LSM6DSV16X   a   0.376   0.112  10.516  g  -0.012   0.002  -0.003[0m
[1;32muart:~$ [m[8D[J[00:04:22.667,000] [0m<inf> imu: ICM-42688-P  a   0.350  -0.065   9.916  g  -0.001  -0.005  -0.001[0m
[1;32muart:~$ [m[8D[J[1;32muart:~$ [m[8D[J[00:04:22.718,000] [0m<inf> imu: LSM6DS3TR-C  a   0.106  -0.005  10.170  g   0.024  -0.063   0.013[0m
[1;32muart:~$ [m[8D[J[00:04:22.719,000] [0m<inf> imu: LSM6DSV16X   a   0.376   0.117  10.516  g  -0.012   0.002  -0.002[0m
[1;32muart:~$ [m[8D[J[00:04:22.720,000] [0m<inf> imu: ICM-42688-P  a   0.354  -0.065   9.926  g   0.001  -0.005  -0.000[0m
[1;32muart:~$ [m[8D[J[1;32muart:~$ [m[8D[J[00:04:22.771,000] [0m<inf> imu: LSM6DS3TR-C  a   0.092   0.035  10.211  g   0.022  -0.060   0.015[0m
[1;32muart:~$ [m[8D[J[00:04:22.773,000] [0m<inf> imu: LSM6DSV16X   a   0.386   0.117  10.512  g  -0.011   0.002  -0.003[0m
[1;32muart:~$ [m[8D[J[00:04:22.773,000] [0m<inf> imu: ICM-42688-P  a   0.350  -0.069   9.918  g  -0.001  -0.005   0.000[0m
[1;32muart:~$ [m[8D[J[1;32muart:~$ [m[8D[J[00:04:22.824,000] [0m<inf> imu: LSM6DS3TR-C  a   0.102   0.011  10.187  g   0.024  -0.060   0.014[0m
[1;32muart:~$ [m[8D[J[00:04:22.825,000] [0m<inf> imu: LSM6DSV16X   a   0.380   0.115  10.518  g  -0.011   0.002  -0.003[0m
[1;32muart:~$ [m[8D[J[1;32muart:~$ [m[8D[J[00:04:22.826,000] [0m<inf> imu: ICM-42688-P  a   0.351  -0.067   9.914  g   0.001  -0.005  -0.001[0m
[1;32muart:~$ [m[8D[J[00:04:22.877,000] [0m<inf> imu: LSM6DS3TR-C  a   0.106   0.014  10.180  g   0.023  -0.061   0.013[0m
[1;32muart:~$ [m[8D[J[00:04:22.878,000] [0m<inf> imu: LSM6DSV16X   a   0.376   0.117  10.521  g  -0.012   0.002  -0.002[0m
[1;32muart:~$ [m[8D[J[00:04:22.879,000] [0m<inf> imu: ICM-42688-P  a   0.352  -0.065   9.916  g  -0.001  -0.005  -0.001[0m
[1;32muart:~$ [m[8D[J[1;32muart:~$ [m[8D[J[00:04:22.930,000] [0m<inf> imu: LSM6DS3TR-C  a   0.087   0.017  10.184  g   0.023  -0.060   0.016[0m
[1;32muart:~$ [m[8D[J[00:04:22.931,000] [0m<inf> imu: LSM6DSV16X   a   0.380   0.115  10.519  g  -0.011   0.002  -0.003[0m
[1;32muart:~$ [m[8D[J[1;32muart:~$ [m[8D[J[00:04:22.931,000] [0m<inf> imu: ICM-42688-P  a   0.353  -0.062   9.931  g   0.000  -0.005  -0.000[0m
[1;32muart:~$ [m[8D[J[00:04:22.983,000] [0m<inf> imu: LSM6DS3TR-C  a   0.078   0.033  10.203  g   0.024  -0.061   0.015[0m
[1;32muart:~$ [m[8D[J[00:04:22.984,000] [0m<inf> imu: LSM6DSV16X   a   0.382   0.112  10.521  g  -0.012   0.002  -0.003[0m
[1;32muart:~$ [m[8D[J[00:04:22.985,000] [0m<inf> imu: ICM-42688-P  a   0.340  -0.068   9.932  g   0.001  -0.005   0.000[0m
[1;32muart:~$ [m[8D[J[1;32muart:~$ [m[8D[J[00:04:23.036,000] [0m<inf> imu: LSM6DS3TR-C  a   0.118   0.031  10.180  g   0.024  -0.061   0.015[0m
[1;32muart:~$ [m[8D[J[00:04:23.036,000] [0m<inf> imu: LSM6DSV16X   a   0.380   0.115  10.517  g  -0.011   0.002  -0.003[0m
[1;32muart:~$ [m[8D[J[1;32muart:~$ [m[8D[J[00:04:23.037,000] [0m<inf> imu: ICM-42688-P  a   0.359  -0.066   9.924  g   0.000  -0.005   0.000[0m
[1;32muart:~$ [m[8D[J[00:04:23.089,000] [0m<inf> imu: LSM6DS3TR-C  a   0.115   0.022  10.181  g   0.024  -0.062   0.017[0m
[1;32muart:~$ [m[8D[J[00:04:23.090,000] [0m<inf> imu: LSM6DSV16X   a   0.383   0.114  10.526  g  -0.011   0.002  -0.002[0m
[1;32muart:~$ [m[8D[J[00:04:23.091,000] [0m<inf> imu: ICM-42688-P  a   0.360  -0.060   9.922  g   0.000  -0.005   0.001[0m
[1;32muart:~$ [m[8D[J[1;32muart:~$ [m[8D[J[00:04:23.142,000] [0m<inf> imu: LSM6DS3TR-C  a   0.125   0.035  10.194  g   0.023  -0.061   0.014[0m
[1;32muart:~$ [m[8D[J[00:04:23.142,000] [0m<inf> imu: LSM6DSV16X   a   0.378   0.118  10.509  g  -0.012   0.002  -0.003[0m
[1;32muart:~$ [m[8D[J[1;32muart:~$ [m[8D[J[00:04:23.143,000] [0m<inf> imu: ICM-42688-P  a   0.350  -0.051   9.912  g  -0.000  -0.005   0.000[0m
[1;32muart:~$ [m[8D[J[00:04:23.194,000] [0m<inf> imu: LSM6DS3TR-C  a   0.093   0.013  10.180  g   0.024  -0.062   0.014[0m
[1;32muart:~$ [m[8D[J[00:04:23.196,000] [0m<inf> imu: LSM6DSV16X   a   0.377   0.114  10.510  g  -0.011   0.002  -0.003[0m
[1;32muart:~$ [m[8D[J[00:04:23.196,000] [0m<inf> imu: ICM-42688-P  a   0.352  -0.060   9.916  g   0.000  -0.005   0.000[0m
[1;32muart:~$ [m[8D[J[1;32muart:~$ [m[8D[J[00:04:23.247,000] [0m<inf> imu: LSM6DS3TR-C  a   0.093   0.012  10.131  g   0.022  -0.062   0.016[0m
[1;32muart:~$ [m[8D[J[00:04:23.248,000] [0m<inf> imu: LSM6DSV16X   a   0.377   0.121  10.512  g  -0.011   0.002  -0.002[0m
[1;32muart:~$ [m[8D[J[1;32muart:~$ [m[8D[J[00:04:23.249,000] [0m<inf> imu: ICM-42688-P  a   0.358  -0.063   9.925  g  -0.000  -0.005   0.001[0m
[1;32muart:~$ [m[8D[J[00:04:23.300,000] [0m<inf> imu: LSM6DS3TR-C  a   0.099   0.029  10.178  g   0.024  -0.061   0.015[0m
[1;32muart:~$ [m[8D[J[00:04:23.300,000] [0m<inf> imu: LSM6DSV16X   a   0.380   0.121  10.521  g  -0.011   0.003  -0.002[0m
[1;32muart:~$ [m[8D[J[1;32muart:~$ [m[8D[J[00:04:23.301,000] [0m<inf> imu: ICM-42688-P  a   0.346  -0.060   9.912  g   0.000  -0.005  -0.001[0m
[1;32muart:~$ [m[8D[J[00:04:23.352,000] [0m<inf> imu: LSM6DS3TR-C  a   0.088   0.009  10.157  g   0.023  -0.060   0.014[0m
[1;32muart:~$ [m[8D[J[00:04:23.352,000] [0m<inf> imu: LSM6DSV16X   a   0.382   0.115  10.512  g  -0.011   0.003  -0.002[0m
[1;32muart:~$ [m[8D[J[1;32muart:~$ [m[8D[J[00:04:23.353,000] [0m<inf> imu: ICM-42688-P  a   0.354  -0.077   9.924  g   0.000  -0.005   0.000[0m
[1;32muart:~$ [m[8D[J[00:04:23.404,000] [0m<inf> imu: LSM6DS3TR-C  a   0.102   0.036  10.180  g   0.021  -0.061   0.013[0m
[1;32muart:~$ [m[8D[J[00:04:23.405,000] [0m<inf> imu: LSM6DSV16X   a   0.379   0.117  10.521  g  -0.011   0.002  -0.002[0m
[1;32muart:~$ [m[8D[J[1;32muart:~$ [m[8D[J[00:04:23.405,000] [0m<inf> imu: ICM-42688-P  a   0.357  -0.068   9.937  g   0.000  -0.005   0.000[0m
[1;32muart:~$ [m[8D[J[00:04:23.456,000] [0m<inf> imu: LSM6DS3TR-C  a   0.094   0.037  10.141  g   0.023  -0.061   0.014[0m
[1;32muart:~$ [m[8D[J[00:04:23.457,000] [0m<inf> imu: LSM6DSV16X   a   0.376   0.115  10.509  g  -0.011   0.003  -0.002[0m
[1;32muart:~$ [m[8D[J[1;32muart:~$ [m[8D[J[00:04:23.457,000] [0m<inf> imu: ICM-42688-P  a   0.357  -0.055   9.922  g  -0.001  -0.005   0.001[0m
[1;32muart:~$ [m[8D[J[00:04:23.508,000] [0m<inf> imu: LSM6DS3TR-C  a   0.096   0.024  10.127  g   0.022  -0.063   0.015[0m
[1;32muart:~$ [m[8D[J[00:04:23.509,000] [0m<inf> imu: LSM6DSV16X   a   0.387   0.115  10.516  g  -0.011   0.002  -0.003[0m
[1;32muart:~$ [m[8D[J[1;32muart:~$ [m[8D[J[00:04:23.510,000] [0m<inf> imu: ICM-42688-P  a   0.351  -0.065   9.923  g  -0.001  -0.005   0.000[0m
[1;32muart:~$ [m[8D[J[00:04:23.561,000] [0m<inf> imu: LSM6DS3TR-C  a   0.100   0.007  10.148  g   0.023  -0.061   0.016[0m
[1;32muart:~$ [m[8D[J[00:04:23.561,000] [0m<inf> imu: LSM6DSV16X   a   0.381   0.114  10.516  g  -0.012   0.002  -0.003[0m
[1;32muart:~$ [m[8D[J[1;32muart:~$ [m[8D[J[00:04:23.562,000] [0m<inf> imu: ICM-42688-P  a   0.354  -0.056   9.907  g   0.000  -0.004   0.000[0m
[1;32muart:~$ [m[8D[J[00:04:23.613,000] [0m<inf> imu: LSM6DS3TR-C  a   0.112  -0.013  10.160  g   0.023  -0.061   0.015[0m
[1;32muart:~$ [m[8D[J[00:04:23.614,000] [0m<inf> imu: LSM6DSV16X   a   0.381   0.117  10.518  g  -0.012   0.003  -0.003[0m
[1;32muart:~$ [m[8D[J[1;32muart:~$ [m[8D[J[00:04:23.614,000] [0m<inf> imu: ICM-42688-P  a   0.358  -0.061   9.918  g   0.000  -0.004   0.000[0m
[1;32muart:~$ [m[8D[J[00:04:23.665,000] [0m<inf> imu: LSM6DS3TR-C  a   0.117   0.055  10.150  g   0.024  -0.062   0.014[0m
[1;32muart:~$ [m[8D[J[00:04:23.666,000] [0m<inf> imu: LSM6DSV16X   a   0.380   0.115  10.503  g  -0.011   0.002  -0.003[0m
[1;32muart:~$ [m[8D[J[1;32muart:~$ [m[8D[J[00:04:23.666,000] [0m<inf> imu: ICM-42688-P  a   0.351  -0.065   9.926  g  -0.001  -0.005   0.001[0m
[1;32muart:~$ [m[8D[J[00:04:23.717,000] [0m<inf> imu: LSM6DS3TR-C  a   0.090   0.017  10.145  g   0.024  -0.060   0.013[0m
[1;32muart:~$ [m[8D[J[00:04:23.718,000] [0m<inf> imu: LSM6DSV16X   a   0.383   0.117  10.518  g  -0.012   0.002  -0.003[0m
[1;32muart:~$ [m[8D[J[1;32muart:~$ [m[8D[J[1;31m[1;31m--- 1 messages dropped ---
[0m[m[00:04:23.718,000] [0m<inf> imu: ICM-42688-P  a   0.357  -0.060   9.918  g   0.000  -0.005   0.001[0m
[1;32muart:~$ [m[8D[J[00:04:23.772,000] [0m<inf> imu: LSM6DSV16X   a   0.378   0.115  10.522  g  -0.012   0.002  -0.003[0m
[1;32muart:~$ [m[8D[J[1;32muart:~$ [m[8D[J[1;31m[1;31m--- 1 messages dropped ---
[0m[m[00:04:23.772,000] [0m<inf> imu: ICM-42688-P  a   0.348  -0.054   9.929  g   0.001  -0.005   0.000[0m
[1;32muart:~$ [m[8D[J[00:04:23.823,000] [0m<inf> imu: LSM6DS3TR-C  a   0.107  -0.008  10.166  g   0.024  -0.061   0.014[0m
[1;32muart:~$ [m[8D[J[00:04:23.825,000] [0m<inf> imu: ICM-42688-P  a   0.354  -0.063   9.931  g  -0.001  -0.005   0.000[0m
[1;32muart:~$ [m[8D[J[1;32muart:~$ [m[8D[J[1;31m[1;31m--- 2 messages dropped ---
[0m[m[00:04:23.877,000] [0m<inf> imu: LSM6DS3TR-C  a   0.123   0.010  10.161  g   0.022  -0.060   0.014[0m
[1;32muart:~$ [m[8D[J[00:04:23.930,000] [0m<inf> imu: LSM6DS3TR-C  a   0.122   0.021  10.156  g   0.022  -0.062   0.014[0m
[1;32muart:~$ [m[8D[J[1;32muart:~$ [m[8D[J[1;31m[1;31m--- 1 messages dropped ---
[0m[m[00:04:23.930,000] [0m<inf> imu: LSM6DSV16X   a   0.378   0.111  10.514  g  -0.012   0.003  -0.003[0m
[1;32muart:~$ [m[8D[J[00:04:23.931,000] [0m<inf> imu: ICM-42688-P  a   0.348  -0.061   9.923  g   0.000  -0.004  -0.001[0m
[1;32muart:~$ [m[8D[J[00:04:23.984,000] [0m<inf> imu: LSM6DSV16X   a   0.380   0.117  10.510  g  -0.011   0.002  -0.002[0m
[1;32muart:~$ [m[8D[J[1;32muart:~$ [m[8D[J[1;31m[1;31m--- 2 messages dropped ---
[0m[m[00:04:23.984,000] [0m<inf> imu: ICM-42688-P  a   0.360  -0.055   9.914  g  -0.000  -0.004   0.000[0m
[1;32muart:~$ [m[8D[J[00:04:24.037,000] [0m<inf> imu: ICM-42688-P  a   0.350  -0.066   9.926  g  -0.000  -0.005   0.000[0m
[1;32muart:~$ [m[8D[J[1;32muart:~$ [m[8D[J[1;31m[1;31m--- 1 messages dropped ---
[0m[m[00:04:24.088,000] [0m<inf> imu: LSM6DS3TR-C  a   0.086   0.002  10.140  g   0.024  -0.060   0.012[0m
[1;32muart:~$ [m[8D[J[00:04:24.089,000] [0m<inf> imu: LSM6DSV16X   a   0.383   0.124  10.509  g  -0.012   0.001  -0.003[0m
[1;32muart:~$ [m[8D[J[00:04:24.141,000] [0m<inf> imu: LSM6DS3TR-C  a   0.097   0.006  10.208  g   0.023  -0.062   0.015[0m
[1;32muart:~$ [m[8D[J[1;32muart:~$ [m[8D[J[1;31m[1;31m--- 2 messages dropped ---
[0m[m[00:04:24.142,000] [0m<inf> imu: LSM6DSV16X   a   0.387   0.120  10.521  g  -0.011   0.002  -0.002[0m
[1;32muart:~$ [m[8D[J[00:04:24.194,000] [0m<inf> imu: LSM6DSV16X   a   0.380   0.111  10.512  g  -0.012   0.002  -0.002[0m
[1;32muart:~$ [m[8D[J[1;32muart:~$ [m[8D[J[1;31m[1;31m--- 1 messages dropped ---
[0m[m[00:04:24.195,000] [0m<inf> imu: ICM-42688-P  a   0.350  -0.059   9.923  g  -0.000  -0.005   0.000[0m
[1;32muart:~$ [m[8D[J[00:04:24.246,000] [0m<inf> imu: LSM6DS3TR-C  a   0.132   0.021  10.201  g   0.022  -0.059   0.014[0m
[1;32muart:~$ [m[8D[J[00:04:24.247,000] [0m<inf> imu: ICM-42688-P  a   0.363  -0.057   9.922  g  -0.000  -0.005   0.000[0m
[1;32muart:~$ [m[8D[J[1;32muart:~$ [m[8D[J[1;31m[1;31m--- 2 messages dropped ---
[0m[m[00:04:24.298,000] [0m<inf> imu: LSM6DS3TR-C  a   0.093   0.002  10.186  g   0.022  -0.060   0.014[0m
[1;32muart:~$ [m[8D[J[00:04:24.350,000] [0m<inf> imu: LSM6DS3TR-C  a   0.095   0.027  10.192  g   0.023  -0.061   0.014[0m
[1;32muart:~$ [m[8D[J[1;32muart:~$ [m[8D[J[1;31m[1;31m--- 1 messages dropped ---
[0m[m[00:04:24.351,000] [0m<inf> imu: LSM6DSV16X   a   0.380   0.115  10.519  g  -0.011   0.002  -0.003[0m
[1;32muart:~$ [m[8D[J[00:04:24.351,000] [0m<inf> imu: ICM-42688-P  a   0.359  -0.069   9.931  g   0.001  -0.005   0.000[0m
[1;32muart:~$ [m[8D[J[00:04:24.403,000] [0m<inf> imu: LSM6DSV16X   a   0.376   0.110  10.519  g  -0.011   0.002  -0.003[0m
[1;32muart:~$ [m[8D[J[1;32muart:~$ [m[8D[J[1;31m[1;31m--- 2 messages dropped ---
[0m[m[00:04:24.404,000] [0m<inf> imu: ICM-42688-P  a   0.360  -0.061   9.923  g   0.000  -0.005   0.000[0m
[1;32muart:~$ [m[8D[J[00:04:24.456,000] [0m<inf> imu: ICM-42688-P  a   0.356  -0.056   9.938  g  -0.000  -0.005   0.000[0m
[1;32muart:~$ [m[8D[J[1;32muart:~$ [m[8D[J[1;31m[1;31m--- 1 messages dropped ---
[0m[m[00:04:24.507,000] [0m<inf> imu: LSM6DS3TR-C  a   0.096   0.001  10.155  g   0.022  -0.063   0.014[0m
[1;32muart:~$ [m[8D[J[00:04:24.508,000] [0m<inf> imu: LSM6DSV16X   a   0.376   0.118  10.507  g  -0.012   0.002  -0.002[0m
[1;32muart:~$ [m[8D[J[00:04:24.559,000] [0m<inf> imu: LSM6DS3TR-C  a   0.081   0.020  10.228  g   0.022  -0.060   0.015[0m
[1;32muart:~$ [m[8D[J[1;32muart:~$ [m[8D[J[1;31m[1;31m--- 2 messages dropped ---
[0m[m[00:04:24.560,000] [0m<inf> imu: LSM6DSV16X   a   0.383   0.120  10.526  g  -0.012   0.002  -0.003[0m
[1;32muart:~$ [m[8D[J[00:04:24.612,000] [0m<inf> imu: LSM6DSV16X   a   0.383   0.120  10.537  g  -0.012   0.002  -0.002[0m
[1;32muart:~$ [m[8D[J[1;32muart:~$ [m[8D[J[00:04:24.613,000] [0m<inf> imu: ICM-42688-P  a   0.368  -0.080   9.896  g   0.000  -0.005   0.000[0m
[1;32muart:~$ [m[8D[J[00:04:24.664,000] [0m<inf> imu: LSM6DS3TR-C  a   0.090   0.014  10.186  g   0.021  -0.062   0.015[0m
[1;32muart:~$ [m[8D[J[00:04:24.664,000] [0m<inf> imu: LSM6DSV16X   a   0.380   0.120  10.516  g  -0.012   0.001  -0.003[0m
[1;32muart:~$ [m[8D[J[00:04:24.665,000] [0m<inf> imu: ICM-42688-P  a   0.366  -0.067   9.935  g  -0.000  -0.006   0.000[0m
[1;32muart:~$ [m[8D[J[00:04:24.716,000] [0m<inf> imu: LSM6DS3TR-C  a   0.143   0.013  10.172  g   0.024  -0.061   0.013[0m
[1;32muart:~$ [m[8D[J[1;32muart:~$ [m[8D[J[00:04:24.717,000] [0m<inf> imu: LSM6DSV16X   a   0.385   0.109  10.542  g  -0.011   0.001  -0.003[0m
[1;32muart:~$ [m[8D[J[00:04:24.717,000] [0m<inf> imu: ICM-42688-P  a   0.360  -0.090   9.936  g   0.000  -0.005   0.001[0m
[1;32muart:~$ [m[8D[J[1;32muart:~$ [m[8D[J[00:04:24.768,000] [0m<inf> imu: LSM6DS3TR-C  a   0.117   0.037  10.177  g   0.023  -0.061   0.014[0m
[1;32muart:~$ [m[8D[J[00:04:24.769,000] [0m<inf> imu: LSM6DSV16X   a   0.383   0.117  10.528  g  -0.011   0.002  -0.002[0m
[1;32muart:~$ [m[8D[J[1;32muart:~$ [m[8D[J[00:04:24.769,000] [0m<inf> imu: ICM-42688-P  a   0.360  -0.072   9.931  g  -0.000  -0.004   0.000[0m
[1;32muart:~$ [m[8D[J[00:04:24.820,000] [0m<inf> imu: LSM6DS3TR-C  a   0.078   0.037  10.190  g   0.024  -0.062   0.014[0m
[1;32muart:~$ [m[8D[J[00:04:24.821,000] [0m<inf> imu: LSM6DSV16X   a   0.379   0.120  10.516  g  -0.011   0.003  -0.003[0m
[1;32muart:~$ [m[8D[J[1;32muart:~$ [m[8D[J[00:04:24.822,000] [0m<inf> imu: ICM-42688-P  a   0.344  -0.043   9.917  g   0.001  -0.005   0.000[0m
[1;32muart:~$ [m[8D[J[00:04:24.873,000] [0m<inf> imu: LSM6DS3TR-C  a   0.099   0.019  10.176  g   0.025  -0.062   0.016[0m
[1;32muart:~$ [m[8D[J[00:04:24.873,000] [0m<inf> imu: LSM6DSV16X   a   0.392   0.123  10.518  g  -0.012   0.002  -0.002[0m
[1;32muart:~$ [m[8D[J[1;32muart:~$ [m[8D[J[00:04:24.874,000] [0m<inf> imu: ICM-42688-P  a   0.368  -0.050   9.918  g   0.000  -0.005   0.001[0m
[1;32muart:~$ [m[8D[J[00:04:24.925,000] [0m<inf> imu: LSM6DS3TR-C  a   0.071   0.006  10.205  g   0.024  -0.060   0.016[0m
[1;32muart:~$ [m[8D[J[00:04:24.926,000] [0m<inf> imu: LSM6DSV16X   a   0.373   0.093  10.514  g  -0.011   0.003  -0.003[0m
[1;32muart:~$ [m[8D[J[1;32muart:~$ [m[8D[J[00:04:24.926,000] [0m<inf> imu: ICM-42688-P  a   0.340  -0.078   9.914  g  -0.001  -0.004   0.001[0m
[1;32muart:~$ [m[8D[J[00:04:24.977,000] [0m<inf> imu: LSM6DS3TR-C  a   0.108  -0.002  10.179  g   0.023  -0.060   0.016[0m
[1;32muart:~$ [m[8D[J[00:04:24.978,000] [0m<inf> imu: LSM6DSV16X   a   0.391   0.122  10.522  g  -0.013   0.002  -0.003[0m
[1;32muart:~$ [m[8D[J[1;32muart:~$ [m[8D[J[00:04:24.978,000] [0m<inf> imu: ICM-42688-P  a   0.362  -0.077   9.920  g   0.001  -0.004  -0.000[0m
[1;32muart:~$ [m[8D[J[00:04:25.029,000] [0m<inf> imu: LSM6DS3TR-C  a   0.121   0.012  10.202  g   0.022  -0.061   0.017[0m
[1;32muart:~$ [m[8D[J[00:04:25.030,000] [0m<inf> imu: LSM6DSV16X   a   0.380   0.123  10.531  g  -0.012   0.002  -0.002[0m
[1;32muart:~$ [m[8D[J[1;32muart:~$ [m[8D[J[00:04:25.031,000] [0m<inf> imu: ICM-42688-P  a   0.351  -0.055   9.941  g   0.001  -0.005  -0.000[0m
[1;32muart:~$ [m[8D[J[00:04:25.082,000] [0m<inf> imu: LSM6DS3TR-C  a   0.124  -0.013  10.172  g   0.024  -0.061   0.016[0m
[1;32muart:~$ [m[8D[J[1;32muart:~$ [m[8D[J[00:04:25.082,000] [0m<inf> imu: LSM6DSV16X   a   0.366   0.101  10.521  g  -0.011   0.002  -0.002[0m
[1;32muart:~$ [m[8D[J[00:04:25.083,000] [0m<inf> imu: ICM-42688-P  a   0.335  -0.081   9.920  g   0.000  -0.006   0.000[0m
[1;32muart:~$ [m[8D[J[00:04:25.134,000] [0m<inf> imu: LSM6DS3TR-C  a   0.098   0.023  10.171  g   0.024  -0.061   0.013[0m
[1;32muart:~$ [m[8D[J[00:04:25.135,000] [0m<inf> imu: LSM6DSV16X   a   0.393   0.125  10.511  g  -0.012   0.003  -0.002[0m
[1;32muart:~$ [m[8D[J[1;32muart:~$ [m[8D[J[00:04:25.135,000] [0m<inf> imu: ICM-42688-P  a   0.368  -0.073   9.936  g   0.001  -0.004  -0.000[0m
[1;32muart:~$ [m[8D[J[00:04:25.186,000] [0m<inf> imu: LSM6DS3TR-C  a   0.120   0.028  10.178  g   0.023  -0.061   0.014[0m
[1;32muart:~$ [m[8D[J[1;32muart:~$ [m[8D[J[00:04:25.187,000] [0m<inf> imu: LSM6DSV16X   a   0.368   0.117  10.523  g  -0.011   0.002  -0.002[0m
[1;32muart:~$ [m[8D[J[00:04:25.187,000] [0m<inf> imu: ICM-42688-P  a   0.340  -0.063   9.926  g   0.000  -0.004   0.000[0m
[1;32muart:~$ [m[8D[J[00:04:25.238,000] [0m<inf> imu: LSM6DS3TR-C  a   0.087   0.040  10.189  g   0.024  -0.060   0.015[0m
[1;32muart:~$ [m[8D[J[00:04:25.239,000] [0m<inf> imu: LSM6DSV16X   a   0.376   0.112  10.523  g  -0.012   0.002  -0.003[0m
[1;32muart:~$ [m[8D[J[1;32muart:~$ [m[8D[J[00:04:25.239,000] [0m<inf> imu: ICM-42688-P  a   0.341  -0.060   9.931  g   0.000  -0.005   0.000[0m
[1;32muart:~$ [m[8D[J[00:04:25.291,000] [0m<inf> imu: LSM6DS3TR-C  a   0.112  -0.010  10.195  g   0.024  -0.060   0.015[0m
[1;32muart:~$ [m[8D[J[1;32muart:~$ [m[8D[J[00:04:25.291,000] [0m<inf> imu: LSM6DSV16X   a   0.389   0.122  10.509  g  -0.012   0.002  -0.002[0m
[1;32muart:~$ [m[8D[J[00:04:25.291,000] [0m<inf> imu: ICM-42688-P  a   0.364  -0.069   9.926  g   0.000  -0.005   0.000[0m
[1;32muart:~$ [m[8D[J[00:04:25.343,000] [0m<inf> imu: LSM6DS3TR-C  a   0.090  -0.001  10.161  g   0.022  -0.061   0.013[0m
[1;32muart:~$ [m[8D[J[00:04:25.344,000] [0m<inf> imu: LSM6DSV16X   a   0.371   0.106  10.521  g  -0.011   0.003  -0.002[0m
[1;32muart:~$ [m[8D[J[1;32muart:~$ [m[8D[J[00:04:25.344,000] [0m<inf> imu: ICM-42688-P  a   0.351  -0.073   9.924  g  -0.000  -0.005   0.001[0m
[1;32muart:~$ [m[8D[J[00:04:25.396,000] [0m<inf> imu: LSM6DS3TR-C  a   0.108   0.031  10.155  g   0.024  -0.061   0.013[0m
[1;32muart:~$ [m[8D[J[1;32muart:~$ [m[8D[J[00:04:25.397,000] [0m<inf> imu: LSM6DSV16X   a   0.388   0.132  10.507  g  -0.012   0.002  -0.003[0m
[1;32muart:~$ [m[8D[J[00:04:25.398,000] [0m<inf> imu: ICM-42688-P  a   0.358  -0.051   9.914  g   0.001  -0.003   0.000[0m
[1;32muart:~$ [m[8D[J[00:04:25.449,000] [0m<inf> imu: LSM6DS3TR-C  a   0.080   0.014  10.153  g   0.023  -0.061   0.015[0m
[1;32muart:~$ [m[8D[J[1;32muart:~$ [m[8D[J[00:04:25.449,000] [0m<inf> imu: LSM6DSV16X   a   0.385   0.110  10.519  g  -0.012   0.002  -0.002[0m
[1;32muart:~$ [m[8D[J[00:04:25.450,000] [0m<inf> imu: ICM-42688-P  a   0.368  -0.073   9.936  g   0.000  -0.005   0.000[0m
[1;32muart:~$ [m[8D[J[00:04:25.501,000] [0m<inf> imu: LSM6DS3TR-C  a   0.078   0.011  10.220  g   0.023  -0.063   0.011[0m
[1;32muart:~$ [m[8D[J[1;32muart:~$ [m[8D[J[00:04:25.502,000] [0m<inf> imu: LSM6DSV16X   a   0.376   0.108  10.516  g  -0.011   0.002  -0.003[0m
[1;32muart:~$ [m[8D[J[00:04:25.502,000] [0m<inf> imu: ICM-42688-P  a   0.348  -0.072   9.924  g   0.000  -0.005   0.000[0m
[1;32muart:~$ [m[8D[J[00:04:25.553,000] [0m<inf> imu: LSM6DS3TR-C  a   0.093   0.049  10.154  g   0.024  -0.059   0.015[0m
[1;32muart:~$ [m[8D[J[1;32muart:~$ [m[8D[J[00:04:25.554,000] [0m<inf> imu: LSM6DSV16X   a   0.385   0.134  10.510  g  -0.012   0.001  -0.003[0m
[1;32muart:~$ [m[8D[J[00:04:25.554,000] [0m<inf> imu: ICM-42688-P  a   0.354  -0.041   9.907  g   0.001  -0.005   0.000[0m
[1;32muart:~$ [m[8D[J[00:04:25.605,000] [0m<inf> imu: LSM6DS3TR-C  a   0.087  -0.018  10.169  g   0.024  -0.060   0.014[0m
[1;32muart:~$ [m[8D[J[1;32muart:~$ [m[8D[J[00:04:25.606,000] [0m<inf> imu: LSM6DSV16X   a   0.371   0.114  10.521  g  -0.011   0.003  -0.003[0m
[1;32muart:~$ [m[8D[J[00:04:25.607,000] [0m<inf> imu: ICM-42688-P  a   0.346  -0.065   9.916  g  -0.000  -0.005  -0.000[0m
[1;32muart:~$ [m[8D[J[00:04:25.658,000] [0m<inf> imu: LSM6DS3TR-C  a   0.096   0.012  10.186  g   0.023  -0.060   0.016[0m
[1;32muart:~$ [m[8D[J[00:04:25.658,000] [0m<inf> imu: LSM6DSV16X   a   0.378   0.112  10.511  g  -0.011   0.002  -0.002[0m
[1;32muart:~$ [m[8D[J[1;32muart:~$ [m[8D[J[00:04:25.659,000] [0m<inf> imu: ICM-42688-P  a   0.359  -0.067   9.931  g   0.000  -0.005  -0.000[0m
[1;32muart:~$ [m[8D[J[00:04:25.710,000] [0m<inf> imu: LSM6DS3TR-C  a   0.088   0.019  10.167  g   0.026  -0.061   0.014[0m
[1;32muart:~$ [m[8D[J[1;32muart:~$ [m[8D[J[00:04:25.711,000] [0m<inf> imu: LSM6DSV16X   a   0.379   0.113  10.522  g  -0.011   0.001  -0.002[0m
[1;32muart:~$ [m[8D[J[00:04:25.711,000] [0m<inf> imu: ICM-42688-P  a   0.346  -0.071   9.920  g   0.000  -0.006   0.000[0m
[1;32muart:~$ [m[8D[J[00:04:25.762,000] [0m<inf> imu: LSM6DS3TR-C  a   0.095   0.042  10.195  g   0.023  -0.062   0.015[0m
[1;32muart:~$ [m[8D[J[1;32muart:~$ [m[8D[J[00:04:25.763,000] [0m<inf> imu: LSM6DSV16X   a   0.366   0.108  10.524  g  -0.012   0.002  -0.003[0m
[1;32muart:~$ [m[8D[J[00:04:25.763,000] [0m<inf> imu: ICM-42688-P  a   0.350  -0.068   9.940  g  -0.000  -0.005   0.000[0m
[1;32muart:~$ [m[8D[J[00:04:25.815,000] [0m<inf> imu: LSM6DS3TR-C  a   0.106   0.035  10.180  g   0.024  -0.062   0.014[0m
[1;32muart:~$ [m[8D[J[1;32muart:~$ [m[8D[J[00:04:25.816,000] [0m<inf> imu: LSM6DSV16X   a   0.373   0.119  10.512  g  -0.012   0.001  -0.003[0m
[1;32muart:~$ [m[8D[J[00:04:25.817,000] [0m<inf> imu: ICM-42688-P  a   0.350  -0.061   9.928  g   0.000  -0.006   0.000[0m
[1;32muart:~$ [m[8D[J[1;32muart:~$ [m[8D[J[00:04:25.868,000] [0m<inf> imu: LSM6DS3TR-C  a   0.113   0.014  10.190  g   0.023  -0.060   0.012[0m
[1;32muart:~$ [m[8D[J[00:04:25.869,000] [0m<inf> imu: LSM6DSV16X   a   0.395   0.111  10.516  g  -0.011   0.002  -0.002[0m
[1;32muart:~$ [m[8D[J[00:04:25.869,000] [0m<inf> imu: ICM-42688-P  a   0.358  -0.071   9.919  g   0.001  -0.005  -0.001[0m
[1;32muart:~$ [m[8D[J[00:04:25.921,000] [0m<inf> imu: LSM6DS3TR-C  a   0.086   0.039  10.225  g   0.023  -0.061   0.014[0m
[1;32muart:~$ [m[8D[J[1;32muart:~$ [m[8D[J[00:04:25.922,000] [0m<inf> imu: LSM6DSV16X   a   0.373   0.125  10.511  g  -0.012   0.002  -0.002[0m
[1;32muart:~$ [m[8D[J[00:04:25.923,000] [0m<inf> imu: ICM-42688-P  a   0.354  -0.066   9.934  g  -0.001  -0.004   0.000[0m
[1;32muart:~$ [m[8D[J[1;32muart:~$ [m[8D[J[00:04:25.974,000] [0m<inf> imu: LSM6DS3TR-C  a   0.054   0.020  10.201  g   0.024  -0.062   0.014[0m
[1;32muart:~$ [m[8D[J[00:04:25.974,000] [0m<inf> imu: LSM6DSV16X   a   0.366   0.111  10.524  g  -0.011   0.003  -0.003[0m
[1;32muart:~$ [m[8D[J[00:04:25.975,000] [0m<inf> imu: ICM-42688-P  a   0.341  -0.066   9.928  g  -0.000  -0.005  -0.000[0m
[1;32muart:~$ [m[8D[J[00:04:26.026,000] [0m<inf> imu: LSM6DS3TR-C  a   0.089   0.033  10.156  g   0.025  -0.062   0.016[0m
[1;32muart:~$ [m[8D[J[1;32muart:~$ [m[8D[J[00:04:26.028,000] [0m<inf> imu: LSM6DSV16X   a   0.400   0.123  10.516  g  -0.012   0.002  -0.002[0m
[1;32muart:~$ [m[8D[J[00:04:26.029,000] [0m<inf> imu: ICM-42688-P  a   0.373  -0.048   9.930  g   0.000  -0.005   0.001[0m
[1;32muart:~$ [m[8D[J[1;32muart:~$ [m[8D[J[00:04:26.080,000] [0m<inf> imu: LSM6DS3TR-C  a   0.100   0.007  10.155  g   0.022  -0.060   0.013[0m
[1;32muart:~$ [m[8D[J[00:04:26.080,000] [0m<inf> imu: LSM6DSV16X   a   0.381   0.115  10.509  g  -0.011   0.002  -0.002[0m
[1;32muart:~$ [m[8D[J[00:04:26.081,000] [0m<inf> imu: ICM-42688-P  a   0.357  -0.069   9.931  g   0.000  -0.005  -0.000[0m
[1;32muart:~$ [m[8D[J[00:04:26.132,000] [0m<inf> imu: LSM6DS3TR-C  a   0.085   0.023  10.179  g   0.024  -0.063   0.013[0m
[1;32muart:~$ [m[8D[J[1;32muart:~$ [m[8D[J[00:04:26.133,000] [0m<inf> imu: LSM6DSV16X   a   0.376   0.130  10.513  g  -0.012   0.002  -0.002[0m
[1;32muart:~$ [m[8D[J[00:04:26.133,000] [0m<inf> imu: ICM-42688-P  a   0.346  -0.051   9.913  g   0.000  -0.005   0.000[0m
[1;32muart:~$ [m[8D[J[1;32muart:~$ [m[8D[J[00:04:26.184,000] [0m<inf> imu: LSM6DS3TR-C  a   0.084  -0.014  10.191  g   0.024  -0.061   0.014[0m
[1;32muart:~$ [m[8D[J[00:04:26.185,000] [0m<inf> imu: LSM6DSV16X   a   0.378   0.109  10.523  g  -0.011   0.002  -0.003[0m
[1;32muart:~$ [m[8D[J[00:04:26.185,000] [0m<inf> imu: ICM-42688-P  a   0.365  -0.065   9.926  g   0.000  -0.005   0.000[0m
[1;32muart:~$ [m[8D[J[00:04:26.236,000] [0m<inf> imu: LSM6DS3TR-C  a   0.109   0.020  10.205  g   0.023  -0.062   0.016[0m
[1;32muart:~$ [m[8D[J[1;32muart:~$ [m[8D[J[00:04:26.237,000] [0m<inf> imu: LSM6DSV16X   a   0.380   0.100  10.519  g  -0.012   0.002  -0.003[0m
[1;32muart:~$ [m[8D[J[00:04:26.238,000] [0m<inf> imu: ICM-42688-P  a   0.364  -0.079   9.935  g   0.000  -0.005  -0.000[0m
[1;32muart:~$ [m[8D[J[1;32muart:~$ [m[8D[J[00:04:26.289,000] [0m<inf> imu: LSM6DS3TR-C  a   0.093   0.019  10.228  g   0.021  -0.060   0.013[0m
[1;32muart:~$ [m[8D[J[00:04:26.289,000] [0m<inf> imu: LSM6DSV16X   a   0.374   0.127  10.509  g  -0.012   0.003  -0.002[0m
[1;32muart:~$ [m[8D[J[00:04:26.290,000] [0m<inf> imu: ICM-42688-P  a   0.354  -0.051   9.912  g  -0.000  -0.005   0.000[0m
[1;32muart:~$ [m[8D[J[00:04:26.341,000] [0m<inf> imu: LSM6DS3TR-C  a   0.118  -0.015  10.222  g   0.023  -0.059   0.014[0m
[1;32muart:~$ [m[8D[J[1;32muart:~$ [m[8D[J[00:04:26.343,000] [0m<inf> imu: LSM6DSV16X   a   0.376   0.132  10.509  g  -0.011   0.002  -0.003[0m
[1;32muart:~$ [m[8D[J[00:04:26.343,000] [0m<inf> imu: ICM-42688-P  a   0.357  -0.045   9.918  g  -0.001  -0.005   0.001[0m
[1;32muart:~$ [m[8D[J[1;32muart:~$ [m[8D[J[00:04:26.395,000] [0m<inf> imu: LSM6DS3TR-C  a   0.095  -0.007  10.181  g   0.023  -0.059   0.013[0m
[1;32muart:~$ [m[8D[J[00:04:26.396,000] [0m<inf> imu: LSM6DSV16X   a   0.389   0.101  10.509  g  -0.012   0.002  -0.002[0m
[1;32muart:~$ [m[8D[J[00:04:26.396,000] [0m<inf> imu: ICM-42688-P  a   0.362  -0.069   9.951  g  -0.000  -0.004   0.000[0m
[1;32muart:~$ [m[8D[J[00:04:26.447,000] [0m<inf> imu: LSM6DS3TR-C  a   0.086   0.014  10.214  g   0.022  -0.060   0.014[0m
[1;32muart:~$ [m[8D[J[1;32muart:~$ [m[8D[J[00:04:26.448,000] [0m<inf> imu: LSM6DSV16X   a   0.383   0.120  10.521  g  -0.011   0.002  -0.002[0m
[1;32muart:~$ [m[8D[J[00:04:26.449,000] [0m<inf> imu: ICM-42688-P  a   0.346  -0.059   9.914  g  -0.000  -0.005   0.001[0m
[1;32muart:~$ [m[8D[J[1;32muart:~$ [m[8D[J[00:04:26.500,000] [0m<inf> imu: LSM6DS3TR-C  a   0.109   0.031  10.199  g   0.024  -0.060   0.012[0m
[1;32muart:~$ [m[8D[J[00:04:26.500,000] [0m<inf> imu: LSM6DSV16X   a   0.383   0.130  10.519  g  -0.012   0.001  -0.003[0m
[1;32muart:~$ [m[8D[J[00:04:26.501,000] [0m<inf> imu: ICM-42688-P  a   0.359  -0.048   9.919  g  -0.001  -0.005   0.000[0m
[1;32muart:~$ [m[8D[J[1;32muart:~$ [m[8D[J[00:04:26.552,000] [0m<inf> imu: LSM6DS3TR-C  a   0.091  -0.023  10.213  g   0.022  -0.060   0.014[0m
[1;32muart:~$ [m[8D[J[00:04:26.553,000] [0m<inf> imu: LSM6DSV16X   a   0.378   0.110  10.519  g  -0.012   0.002  -0.002[0m
[1;32muart:~$ [m[8D[J[00:04:26.553,000] [0m<inf> imu: ICM-42688-P  a   0.359  -0.065   9.920  g   0.001  -0.004   0.000[0m
[1;32muart:~$ [m[8D[J[1;32muart:~$ [m[8D[J[00:04:26.605,000] [0m<inf> imu: LSM6DS3TR-C  a   0.117  -0.013  10.156  g   0.023  -0.059   0.013[0m
[1;32muart:~$ [m[8D[J[00:04:26.606,000] [0m<inf> imu: LSM6DSV16X   a   0.373   0.112  10.512  g  -0.011   0.002  -0.003[0m
[1;32muart:~$ [m[8D[J[00:04:26.606,000] [0m<inf> imu: ICM-42688-P  a   0.358  -0.068   9.919  g   0.000  -0.005   0.000[0m
[1;32muart:~$ [m[8D[J[00:04:26.657,000] [0m<inf> imu: LSM6DS3TR-C  a   0.102   0.059  10.165  g   0.024  -0.063   0.013[0m
[1;32muart:~$ [m[8D[J[1;32muart:~$ [m[8D[J[00:04:26.658,000] [0m<inf> imu: LSM6DSV16X   a   0.379   0.123  10.523  g  -0.012   0.002  -0.002[0m
[1;32muart:~$ [m[8D[J[00:04:26.659,000] [0m<inf> imu: ICM-42688-P  a   0.368  -0.054   9.929  g  -0.000  -0.005   0.001[0m
[1;32muart:~$ [m[8D[J[00:04:26.710,000] [0m<inf> imu: LSM6DS3TR-C  a   0.107   0.001  10.151  g   0.024  -0.063   0.016[0m
[1;32muart:~$ [m[8D[J[1;32muart:~$ [m[8D[J[00:04:26.712,000] [0m<inf> imu: LSM6DSV16X   a   0.378   0.117  10.519  g  -0.012   0.002  -0.002[0m
[1;32muart:~$ [m[8D[J[00:04:26.712,000] [0m<inf> imu: ICM-42688-P  a   0.363  -0.054   9.896  g   0.000  -0.005   0.000[0m
[1;32muart:~$ [m[8D[J[1;32muart:~$ [m[8D[J[00:04:26.763,000] [0m<inf> imu: LSM6DS3TR-C  a   0.103   0.016  10.195  g   0.023  -0.061   0.015[0m
[1;32muart:~$ [m[8D[J[00:04:26.764,000] [0m<inf> imu: LSM6DSV16X   a   0.371   0.099  10.516  g  -0.011   0.002  -0.003[0m
[1;32muart:~$ [m[8D[J[00:04:26.765,000] [0m<inf> imu: ICM-42688-P  a   0.348  -0.080   9.938  g  -0.001  -0.005   0.000[0m
[1;32muart:~$ [m[8D[J[1;32muart:~$ [m[8D[J[00:04:26.816,000] [0m<inf> imu: LSM6DS3TR-C  a   0.086   0.048  10.160  g   0.023  -0.059   0.014[0m
[1;32muart:~$ [m[8D[J[00:04:26.818,000] [0m<inf> imu: LSM6DSV16X   a   0.388   0.124  10.514  g  -0.012   0.002  -0.003[0m
[1;32muart:~$ [m[8D[J[00:04:26.818,000] [0m<inf> imu: IC