=~=~=~=~=~=~=~=~=~=~=~= PuTTY log 2026.09.29 11:10:54 =~=~=~=~=~=~=~=~=~=~=~=
[m
[1;32muart:~$ [m[8D[J*** Booting Zephyr OS build v4.4.0-2160-gf39ad09bd21c ***
[1;32muart:~$ [m[8D[J[00:00:00.157,000] [0m<inf> sharc: micromouse starting[0m
[1;32muart:~$ [m[8D[J[00:00:00.157,000] [0m<inf> power: power board link up on USART3, bridge off[0m
[1;32muart:~$ [m[8D[J[1;32muart:~$ [m[8D[J[00:00:00.157,000] [0m<inf> gps: GPS ready on UART4, powered off[0m
[1;32muart:~$ [m[8D[J[00:00:00.157,000] [0m<inf> iridium: Iridium ready on USART2, powered off[0m
[1;32muart:~$ [m[8D[J[00:00:00.157,000] [0m<inf> lora: SX1278 found, RegVersion 0x12[0m
[1;32muart:~$ [m[8D[J[1;32muart:~$ [m[8D[J[00:00:00.159,000] [0m<inf> lora: LoRa ready: 433000000 Hz SF9 BW125 CR4/5 17 dBm[0m
[1;32muart:~$ [m[8D[J[00:00:00.165,000] [0m<inf> imu: 3 of 3 IMUs present, all at +/-2 g and +/-500 dps[0m
[1;32muart:~$ [m[8D[J[00:00:00.167,000] [1;33m<wrn> imu: LSM6DSV16X reads all zero, so it is powered down rather than sampling[0m
[1;32muart:~$ [m[8D[J[00:00:00.167,000] [0m<inf> sd: SD disk "SD", mount point /SD:[0m
[1;32muart:~$ [m[8D[J[1;31m[1;31m--- 7 messages dropped ---
[0m[m[00:00:00.222,000] [1;31m<err> stm32_sdmmc: failed to init stm32_sdmmc (ErrorCode 0x4)[0m
[1;32muart:~$ [m[8D[J[00:00:00.222,000] [1;33m<wrn> stm32_sdmmc: Failed to configure pins for sleep (-2)[0m
[1;32muart:~$ [m[8D[J[00:00:00.222,000] [1;31m<err> sd: disk init failed (-5). Card not inserted, or the SDMMC1 lines are not wired.[0m
[1;32muart:~$ [m[8D[J[00:00:00.222,000] [1;33m<wrn> sd: not mounted at boot, use 'sd mount' once a card is in[0m
[1;32muart:~$ [m[8D[J[00:00:00.222,000] [0m<inf> heartbeat: heartbeat on gpio@48000800 pin 13, active high[0m
[1;32muart:~$ [m[8D[J[00:00:00.222,000] [0m<inf> heartbeat: power management enabled[0m
[1;32muart:~$ [m[8D[J[00:00:00.222,000] [0m<inf> app_mode: boot: VBUS present, starting in debug mode[0m
[1;32muart:~$ [m[8D[J[00:00:00.222,000] [0m<inf> heartbeat: PM suspend-to-idle lock taken (still active: yes)[0m
[1;32muart:~$ [m[8D[J[00:00:00.233,000] [0m<inf> app_usb: USB up: port 0 = shell, port 1 = power board bridge[0m
[1;32muart:~$ [m[8D[J[00:00:00.239,000] [0m<inf> app_usb: USBD: Device suspended[0m
[1;32muart:~$ [m[8D[J[00:00:00.384,000] [0m<inf> app_usb: USBD: Bus reset[0m
[1;32muart:~$ [m[8D[J[00:00:00.470,000] [0m<inf> app_usb: USBD: Bus reset[0m
[1;32muart:~$ [m[8D[J[00:00:00.625,000] [0m<inf> app_usb: USBD: New device configuration[0m
[1;32muart:~$ [m[8D[J[00:00:00.662,000] [0m<inf> app_usb: USBD: CDC ACM control line state[0m
[1;32muart:~$ [m[8D[J[1;32muart:~$ [m[8D[J[1;32muart:~$ [m[8D[J[00:00:23.506,000] [1;31m<err> udc_stm32: ep 0x00 queue is empty[0m
[1;32muart:~$ [m[8D[J[00:00:23.506,000] [0m<inf> app_usb: USBD: CDC ACM line coding[0m
[1;32muart:~$ [m[8D[J[00:00:23.510,000] [0m<inf> app_usb: USBD: CDC ACM control line state[0m
[1;32muart:~$ [m[8D[J[1;32muart:~$ [m[8D[J[00:00:23.510,000] [0m<inf> app_usb: Host terminal opened[0m
[1;32muart:~$ [m[8D[J[00:00:23.513,000] [1;31m<err> udc_stm32: ep 0x00 queue is empty[0m
[1;32muart:~$ [m[8D[J[00:00:23.513,000] [0m<inf> app_usb: USBD: CDC ACM line coding[0m
[1;32muart:~$ [m[8D[J[1;32muart:~$ [mimu ster  ream on 20
imu stream on 20
streaming. Three lines per tick, so keep the rate low or the shell cannot keep up.
[1;32muart:~$ [m[8D[J[00:00:32.478,000] [0m<inf> imu: LSM6DS3TR-C  a   0.134   0.018  10.217  g   0.024  -0.060   0.014[0m
[1;32muart:~$ [m[8D[J[00:00:32.479,000] [0m<inf> imu: LSM6DSV16X   a   0.412   0.135  10.543  g  -0.012   0.002  -0.002[0m
[1;32muart:~$ [m[8D[J[1;32muart:~$ [m[8D[J[00:00:32.479,000] [0m<inf> imu: ICM-42688-P  a   0.379  -0.043   9.896  g  -0.000  -0.005  -0.001[0m
[1;32muart:~$ [m[8D[J[00:00:32.531,000] [0m<inf> imu: LSM6DS3TR-C  a   0.058   0.078  10.246  g   0.023  -0.059   0.013[0m
[1;32muart:~$ [m[8D[J[00:00:32.531,000] [0m<inf> imu: LSM6DSV16X   a   0.407   0.157  10.479  g  -0.011   0.003  -0.002[0m
[1;32muart:~$ [m[8D[J[00:00:32.532,000] [0m<inf> imu: ICM-42688-P  a   0.394  -0.029   9.923  g   0.000  -0.005  -0.000[0m
[1;32muart:~$ [m[8D[J[1;32muart:~$ [m[8D[J[00:00:32.583,000] [0m<inf> imu: LSM6DS3TR-C  a   0.121   0.039  10.180  g   0.024  -0.059   0.014[0m
[1;32muart:~$ [m[8D[J[00:00:32.584,000] [0m<inf> imu: LSM6DSV16X   a   0.398   0.132  10.507  g  -0.012   0.003  -0.002[0m
[1;32muart:~$ [m[8D[J[1;32muart:~$ [m[8D[J[00:00:32.584,000] [0m<inf> imu: ICM-42688-P  a   0.379  -0.062   9.895  g  -0.001  -0.004  -0.001[0m
[1;32muart:~$ [m[8D[J[00:00:32.635,000] [0m<inf> imu: LSM6DS3TR-C  a   0.161   0.033  10.171  g   0.024  -0.061   0.015[0m
[1;32muart:~$ [m[8D[J[00:00:32.636,000] [0m<inf> imu: LSM6DSV16X   a   0.407   0.144  10.507  g  -0.011   0.002  -0.002[0m
[1;32muart:~$ [m[8D[J[1;32muart:~$ [m[8D[J[00:00:32.636,000] [0m<inf> imu: ICM-42688-P  a   0.389  -0.034   9.919  g   0.001  -0.006   0.000[0m
[1;32muart:~$ [m[8D[J[00:00:32.687,000] [0m<inf> imu: LSM6DS3TR-C  a   0.112   0.047  10.240  g   0.025  -0.060   0.015[0m
[1;32muart:~$ [m[8D[J[00:00:32.688,000] [0m<inf> imu: LSM6DSV16X   a   0.399   0.141  10.521  g  -0.012   0.002  -0.002[0m
[1;32muart:~$ [m[8D[J[1;32muart:~$ [m[8D[J[00:00:32.689,000] [0m<inf> imu: ICM-42688-P  a   0.378  -0.047   9.928  g  -0.001  -0.005  -0.000[0m
[1;32muart:~$ [m[8D[J[00:00:32.740,000] [0m<inf> imu: LSM6DS3TR-C  a   0.093   0.058  10.196  g   0.023  -0.060   0.013[0m
[1;32muart:~$ [m[8D[J[00:00:32.741,000] [0m<inf> imu: LSM6DSV16X   a   0.410   0.146  10.503  g  -0.011   0.002  -0.003[0m
[1;32muart:~$ [m[8D[J[1;32muart:~$ [m[8D[J[00:00:32.742,000] [0m<inf> imu: ICM-42688-P  a   0.378  -0.040   9.923  g   0.000  -0.004  -0.000[0m
[1;32muart:~$ [m[8D[J[00:00:32.793,000] [0m<inf> imu: LSM6DS3TR-C  a   0.141   0.038  10.181  g   0.024  -0.057   0.015[0m
[1;32muart:~$ [m[8D[J[00:00:32.794,000] [0m<inf> imu: LSM6DSV16X   a   0.411   0.151  10.524  g  -0.012   0.003  -0.002[0m
[1;32muart:~$ [m[8D[J[1;32muart:~$ [m[8D[J[00:00:32.794,000] [0m<inf> imu: ICM-42688-P  a   0.393  -0.036   9.938  g   0.000  -0.003  -0.000[0m
[1;32muart:~$ [m[8D[J[00:00:32.845,000] [0m<inf> imu: LSM6DS3TR-C  a   0.142   0.051  10.167  g   0.024  -0.061   0.014[0m
[1;32muart:~$ [m[8D[J[00:00:32.846,000] [0m<inf> imu: LSM6DSV16X   a   0.402   0.144  10.528  g  -0.011   0.002  -0.002[0m
[1;32muart:~$ [m[8D[J[1;32muart:~$ [m[8D[J[00:00:32.847,000] [0m<inf> imu: ICM-42688-P  a   0.384  -0.034   9.931  g   0.000  -0.005  -0.001[0m
[1;32muart:~$ [m[8D[J[00:00:32.898,000] [0m<inf> imu: LSM6DS3TR-C  a   0.150   0.041  10.181  g   0.024  -0.060   0.013[0m
[1;32muart:~$ [m[8D[J[1;32muart:~$ [m[8D[J[00:00:32.898,000] [0m<inf> imu: LSM6DSV16X   a   0.412   0.153  10.537  g  -0.012   0.002  -0.002[0m
[1;32muart:~$ [m[8D[J[00:00:32.899,000] [0m<inf> imu: ICM-42688-P  a   0.383  -0.022   9.938  g   0.000  -0.005  -0.000[0m
[1;32muart:~$ [m[8D[J[00:00:32.950,000] [0m<inf> imu: LSM6DS3TR-C  a   0.123   0.035  10.216  g   0.023  -0.060   0.014[0m
[1;32muart:~$ [m[8D[J[00:00:32.951,000] [0m<inf> imu: LSM6DSV16X   a   0.397   0.147  10.512  g  -0.011   0.002  -0.002[0m
[1;32muart:~$ [m[8D[J[1;32muart:~$ [m[8D[J[00:00:32.951,000] [0m<inf> imu: ICM-42688-P  a   0.385  -0.028   9.920  g  -0.001  -0.005  -0.001[0m
[1;32muart:~$ [m[8D[J[00:00:33.002,000] [0m<inf> imu: LSM6DS3TR-C  a   0.108   0.045  10.201  g   0.024  -0.060   0.013[0m
[1;32muart:~$ [m[8D[J[1;32muart:~$ [m[8D[J[00:00:33.003,000] [0m<inf> imu: LSM6DSV16X   a   0.409   0.148  10.519  g  -0.011   0.002  -0.002[0m
[1;32muart:~$ [m[8D[J[00:00:33.003,000] [0m<inf> imu: ICM-42688-P  a   0.395  -0.040   9.940  g  -0.001  -0.005  -0.000[0m
[1;32muart:~$ [m[8D[J[00:00:33.054,000] [0m<inf> imu: LSM6DS3TR-C  a   0.126   0.044  10.198  g   0.024  -0.060   0.015[0m
[1;32muart:~$ [m[8D[J[00:00:33.055,000] [0m<inf> imu: LSM6DSV16X   a   0.412   0.145  10.533  g  -0.011   0.002  -0.003[0m
[1;32muart:~$ [m[8D[J[1;32muart:~$ [m[8D[J[00:00:33.056,000] [0m<inf> imu: ICM-42688-P  a   0.393  -0.024   9.942  g   0.000  -0.003   0.000[0m
[1;32muart:~$ [m[8D[J[00:00:33.107,000] [0m<inf> imu: LSM6DS3TR-C  a   0.122   0.035  10.199  g   0.024  -0.060   0.013[0m
[1;32muart:~$ [m[8D[J[1;32muart:~$ [m[8D[J[00:00:33.107,000] [0m<inf> imu: LSM6DSV16X   a   0.406   0.141  10.533  g  -0.012   0.002  -0.003[0m
[1;32muart:~$ [m[8D[J[00:00:33.108,000] [0m<inf> imu: ICM-42688-P  a   0.384  -0.045   9.930  g  -0.000  -0.005  -0.000[0m
[1;32muart:~$ [m[8D[J[00:00:33.159,000] [0m<inf> imu: LSM6DS3TR-C  a   0.121   0.051  10.199  g   0.025  -0.060   0.014[0m
[1;32muart:~$ [m[8D[J[00:00:33.160,000] [0m<inf> imu: LSM6DSV16X   a   0.409   0.146  10.512  g  -0.011   0.002  -0.002[0m
[1;32muart:~$ [m[8D[J[1;32muart:~$ [m[8D[J[00:00:33.161,000] [0m<inf> imu: ICM-42688-P  a   0.382  -0.030   9.911  g   0.000  -0.006  -0.000[0m
[1;32muart:~$ [m[8D[J[00:00:33.212,000] [0m<inf> imu: LSM6DS3TR-C  a   0.112   0.075  10.190  g   0.023  -0.060   0.014[0m
[1;32muart:~$ [m[8D[J[1;32muart:~$ [m[8D[J[00:00:33.213,000] [0m<inf> imu: LSM6DSV16X   a   0.402   0.139  10.523  g  -0.012   0.002  -0.003[0m
[1;32muart:~$ [m[8D[J[00:00:33.213,000] [0m<inf> imu: ICM-42688-P  a   0.384  -0.034   9.924  g   0.000  -0.005   0.000[0m
[1;32muart:~$ [m[8D[J[00:00:33.265,000] [0m<inf> imu: LSM6DS3TR-C  a   0.109   0.022  10.179  g   0.024  -0.060   0.014[0m
[1;32muart:~$ [m[8D[J[1;32muart:~$ [m[8D[J[00:00:33.267,000] [0m<inf> imu: LSM6DSV16X   a   0.410   0.139  10.524  g  -0.011   0.003  -0.002[0m
[1;32muart:~$ [m[8D[J[00:00:33.267,000] [0m<inf> imu: ICM-42688-P  a   0.393  -0.030   9.926  g   0.000  -0.005  -0.001[0m
[1;32muart:~$ [m[8D[J[00:00:33.318,000] [0m<inf> imu: LSM6DS3TR-C  a   0.109   0.067  10.199  g   0.024  -0.060   0.014[0m
[1;32muart:~$ [m[8D[J[1;32muart:~$ [m[8D[J[00:00:33.319,000] [0m<inf> imu: LSM6DSV16X   a   0.411   0.148  10.528  g  -0.011   0.002  -0.003[0m
[1;32muart:~$ [m[8D[J[00:00:33.319,000] [0m<inf> imu: ICM-42688-P  a   0.384  -0.028   9.934  g  -0.001  -0.005  -0.000[0m
[1;32muart:~$ [m[8D[J[00:00:33.371,000] [0m<inf> imu: LSM6DS3TR-C  a   0.114   0.026  10.204  g   0.024  -0.060   0.013[0m
[1;32muart:~$ [m[8D[J[1;32muart:~$ [m[8D[J[00:00:33.373,000] [0m<inf> imu: LSM6DSV16X   a   0.404   0.139  10.528  g  -0.010   0.002  -0.002[0m
[1;32muart:~$ [m[8D[J[00:00:33.373,000] [0m<inf> imu: ICM-42688-P  a   0.379  -0.028   9.929  g   0.000  -0.005  -0.000[0m
[1;32muart:~$ [m[8D[J[00:00:33.424,000] [0m<inf> imu: LSM6DS3TR-C  a   0.144   0.053  10.232  g   0.024  -0.061   0.015[0m
[1;32muart:~$ [m[8D[J[1;32muart:~$ [m[8D[J[00:00:33.425,000] [0m<inf> imu: LSM6DSV16X   a   0.407   0.148  10.533  g  -0.012   0.001  -0.002[0m
[1;32muart:~$ [m[8D[J[00:00:33.426,000] [0m<inf> imu: ICM-42688-P  a   0.381  -0.035   9.931  g   0.000  -0.005   0.000[0m
[1;32muart:~$ [m[8D[J[00:00:33.477,000] [0m<inf> imu: LSM6DS3TR-C  a   0.160   0.045  10.180  g   0.023  -0.060   0.013[0m
[1;32muart:~$ [m[8D[J[1;32muart:~$ [m[8D[J[00:00:33.477,000] [0m<inf> imu: LSM6DSV16X   a   0.404   0.142  10.519  g  -0.012   0.001  -0.003[0m
[1;32muart:~$ [m[8D[J[00:00:33.478,000] [0m<inf> imu: ICM-42688-P  a   0.391  -0.043   9.934  g  -0.001  -0.003   0.000[0m
[1;32muart:~$ [m[8D[J[00:00:33.529,000] [0m<inf> imu: LSM6DS3TR-C  a   0.111   0.060  10.203  g   0.024  -0.060   0.013[0m
[1;32muart:~$ [m[8D[J[1;32muart:~$ [m[8D[J[00:00:33.530,000] [0m<inf> imu: LSM6DSV16X   a   0.407   0.145  10.517  g  -0.011   0.002  -0.002[0m
[1;32muart:~$ [m[8D[J[00:00:33.530,000] [0m<inf> imu: ICM-42688-P  a   0.393  -0.035   9.926  g   0.001  -0.005   0.000[0m
[1;32muart:~$ [m[8D[J[00:00:33.581,000] [0m<inf> imu: LSM6DS3TR-C  a   0.136   0.080  10.201  g   0.025  -0.062   0.014[0m
[1;32muart:~$ [m[8D[J[1;32muart:~$ [m[8D[J[00:00:33.582,000] [0m<inf> imu: LSM6DSV16X   a   0.407   0.148  10.528  g  -0.012   0.002  -0.002[0m
[1;32muart:~$ [m[8D[J[00:00:33.582,000] [0m<inf> imu: ICM-42688-P  a   0.387  -0.026   9.940  g   0.000  -0.004   0.000[0m
[1;32muart:~$ [m[8D[J[1;32muart:~$ [m[8D[J[00:00:33.633,000] [0m<inf> imu: LSM6DS3TR-C  a   0.136   0.042  10.205  g   0.025  -0.060   0.014[0m
[1;32muart:~$ [m[8D[J[00:00:33.634,000] [0m<inf> imu: LSM6DSV16X   a   0.400   0.141  10.519  g  -0.012   0.002  -0.002[0m
[1;32muart:~$ [m[8D[J[00:00:33.635,000] [0m<inf> imu: ICM-42688-P  a   0.381  -0.032   9.918  g   0.000  -0.005  -0.001[0m
[1;32muart:~$ [m[8D[J[00:00:33.686,000] [0m<inf> imu: LSM6DS3TR-C  a   0.144   0.035  10.195  g   0.023  -0.061   0.012[0m
[1;32muart:~$ [m[8D[J[1;32muart:~$ [m[8D[J[00:00:33.686,000] [0m<inf> imu: LSM6DSV16X   a   0.406   0.153  10.521  g  -0.012   0.002  -0.002[0m
[1;32muart:~$ [m[8D[J[00:00:33.687,000] [0m<inf> imu: ICM-42688-P  a   0.385  -0.038   9.929  g   0.000  -0.005  -0.001[0m
[1;32muart:~$ [m[8D[J[1;32muart:~$ [m[8D[J[00:00:33.738,000] [0m<inf> imu: LSM6DS3TR-C  a   0.132   0.063  10.172  g   0.023  -0.061   0.012[0m
[1;32muart:~$ [m[8D[J[00:00:33.739,000] [0m<inf> imu: LSM6DSV16X   a   0.406   0.139  10.519  g  -0.012   0.002  -0.003[0m
[1;32muart:~$ [m[8D[J[00:00:33.739,000] [0m<inf> imu: ICM-42688-P  a   0.383  -0.040   9.926  g  -0.001  -0.005   0.000[0m
[1;32muart:~$ [m[8D[J[00:00:33.790,000] [0m<inf> imu: LSM6DS3TR-C  a   0.103   0.037  10.206  g   0.024  -0.060   0.014[0m
[1;32muart:~$ [m[8D[J[1;32muart:~$ [m[8D[J[00:00:33.791,000] [0m<inf> imu: LSM6DSV16X   a   0.401   0.146  10.526  g  -0.012   0.002  -0.002[0m
[1;32muart:~$ [m[8D[J[00:00:33.791,000] [0m<inf> imu: ICM-42688-P  a   0.375  -0.029   9.919  g   0.000  -0.005   0.000[0m
[1;32muart:~$ [m[8D[J[1;32muart:~$ [m[8D[J[00:00:33.842,000] [0m<inf> imu: LSM6DS3TR-C  a   0.109   0.025  10.225  g   0.024  -0.060   0.014[0m
[1;32muart:~$ [m[8D[J[00:00:33.843,000] [0m<inf> imu: LSM6DSV16X   a   0.403   0.136  10.518  g  -0.012   0.001  -0.002[0m
[1;32muart:~$ [m[8D[J[00:00:33.843,000] [0m<inf> imu: ICM-42688-P  a   0.377  -0.040   9.936  g   0.000  -0.005   0.001[0m
[1;32muart:~$ [m[8D[J[00:00:33.895,000] [0m<inf> imu: LSM6DS3TR-C  a   0.106   0.032  10.186  g   0.022  -0.060   0.017[0m
[1;32muart:~$ [m[8D[J[1;32muart:~$ [m[8D[J[00:00:33.896,000] [0m<inf> imu: LSM6DSV16X   a   0.407   0.144  10.524  g  -0.012   0.002  -0.002[0m
[1;32muart:~$ [m[8D[J[00:00:33.897,000] [0m<inf> imu: ICM-42688-P  a   0.372  -0.034   9.946  g   0.000  -0.005   0.000[0m
[1;32muart:~$ [m[8D[J[1;32muart:~$ [m[8D[J[00:00:33.948,000] [0m<inf> imu: LSM6DS3TR-C  a   0.122   0.055  10.153  g   0.024  -0.060   0.013[0m
[1;32muart:~$ [m[8D[J[00:00:33.948,000] [0m<inf> imu: LSM6DSV16X   a   0.407   0.150  10.510  g  -0.012   0.002  -0.002[0m
[1;32muart:~$ [m[8D[J[00:00:33.949,000] [0m<inf> imu: ICM-42688-P  a   0.381  -0.050   9.938  g   0.000  -0.004  -0.000[0m
[1;32muart:~$ [m[8D[J[00:00:34.001,000] [0m<inf> imu: LSM6DS3TR-C  a   0.127   0.024  10.232  g   0.023  -0.060   0.014[0m
[1;32muart:~$ [m[8D[J[1;32muart:~$ [m[8D[J[00:00:34.002,000] [0m<inf> imu: LSM6DSV16X   a   0.401   0.145  10.523  g  -0.012   0.002  -0.003[0m
[1;32muart:~$ [m[8D[J[00:00:34.003,000] [0m<inf> imu: ICM-42688-P  a   0.383  -0.031   9.929  g  -0.001  -0.005  -0.001[0m
[1;32muart:~$ [m[8D[J[1;32muart:~$ [m[8D[J[00:00:34.054,000] [0m<inf> imu: LSM6DS3TR-C  a   0.103   0.020  10.196  g   0.025  -0.060   0.012[0m
[1;32muart:~$ [m[8D[J[00:00:34.054,000] [0m<inf> imu: LSM6DSV16X   a   0.409   0.143  10.515  g  -0.012   0.002  -0.002[0m
[1;32muart:~$ [m[8D[J[00:00:34.055,000] [0m<inf> imu: ICM-42688-P  a   0.382  -0.032   9.931  g  -0.001  -0.005  -0.000[0m
[1;32muart:~$ [m[8D[J[1;32muart:~$ [m[8D[J[00:00:34.106,000] [0m<inf> imu: LSM6DS3TR-C  a   0.141   0.045  10.168  g   0.023  -0.060   0.012[0m
[1;32muart:~$ [m[8D[J[00:00:34.108,000] [0m<inf> imu: LSM6DSV16X   a   0.412   0.146  10.516  g  -0.012   0.003  -0.002[0m
[1;32muart:~$ [m[8D[J[00:00:34.108,000] [0m<inf> imu: ICM-42688-P  a   0.389  -0.038   9.926  g   0.000  -0.005  -0.001[0m
[1;32muart:~$ [m[8D[J[1;32muart:~$ [m[8D[J[00:00:34.160,000] [0m<inf> imu: LSM6DS3TR-C  a   0.145   0.057  10.220  g   0.024  -0.060   0.015[0m
[1;32muart:~$ [m[8D[J[00:00:34.160,000] [0m<inf> imu: LSM6DSV16X   a   0.405   0.146  10.530  g  -0.012   0.002  -0.002[0m
[1;32muart:~$ [m[8D[J[00:00:34.161,000] [0m<inf> imu: ICM-42688-P  a   0.387  -0.029   9.923  g   0.001  -0.004   0.000[0m
[1;32muart:~$ [m[8D[J[1;32muart:~$ [m[8D[J[00:00:34.213,000] [0m<inf> imu: LSM6DS3TR-C  a   0.081   0.061  10.211  g   0.024  -0.060   0.014[0m
[1;32muart:~$ [m[8D[J[00:00:34.214,000] [0m<inf> imu: LSM6DSV16X   a   0.413   0.146  10.516  g  -0.012   0.002  -0.003[0m
[1;32muart:~$ [m[8D[J[00:00:34.215,000] [0m<inf> imu: ICM-42688-P  a   0.394  -0.037   9.932  g   0.000  -0.005   0.000[0m
[1;32muart:~$ [m[8D[J[1;32muart:~$ [m[8D[J[00:00:34.266,000] [0m<inf> imu: LSM6DS3TR-C  a   0.132   0.056  10.174  g   0.024  -0.062   0.014[0m
[1;32muart:~$ [m[8D[J[00:00:34.267,000] [0m<inf> imu: LSM6DSV16X   a   0.407   0.139  10.521  g  -0.013   0.002  -0.002[0m
[1;32muart:~$ [m[8D[J[00:00:34.267,000] [0m<inf> imu: ICM-42688-P  a   0.388  -0.036   9.928  g   0.000  -0.005  -0.001[0m
[1;32muart:~$ [m[8D[J[1;32muart:~$ [m[8D[J[00:00:34.318,000] [0m<inf> imu: LSM6DS3TR-C  a   0.100   0.077  10.168  g   0.024  -0.061   0.014[0m
[1;32muart:~$ [m[8D[J[00:00:34.319,000] [0m<inf> imu: LSM6DSV16X   a   0.404   0.147  10.519  g  -0.012   0.001  -0.002[0m
[1;32muart:~$ [m[8D[J[00:00:34.319,000] [0m<inf> imu: ICM-42688-P  a   0.390  -0.030   9.922  g   0.000  -0.005   0.000[0m
[1;32muart:~$ [m[8D[J[1;32muart:~$ [m[8D[J[00:00:34.370,000] [0m<inf> imu: LSM6DS3TR-C  a   0.100   0.035  10.226  g   0.024  -0.060   0.013[0m
[1;32muart:~$ [m[8D[J[00:00:34.371,000] [0m<inf> imu: LSM6DSV16X   a   0.409   0.144  10.521  g  -0.011   0.002  -0.002[0m
[1;32muart:~$ [m[8D[J[00:00:34.372,000] [0m<inf> imu: ICM-42688-P  a   0.383  -0.036   9.936  g   0.000  -0.004   0.000[0m
[1;32muart:~$ [m[8D[J[1;32muart:~$ [m[8D[J[00:00:34.423,000] [0m<inf> imu: LSM6DS3TR-C  a   0.117   0.068  10.187  g   0.024  -0.060   0.012[0m
[1;32muart:~$ [m[8D[J[00:00:34.423,000] [0m<inf> imu: LSM6DSV16X   a   0.402   0.143  10.524  g  -0.011   0.002  -0.002[0m
[1;32muart:~$ [m[8D[J[1;32muart:~$ [m[8D[J[00:00:34.424,000] [0m<inf> imu: ICM-42688-P  a   0.388  -0.028   9.936  g  -0.001  -0.005  -0.000[0m
[1;32muart:~$ [m[8D[J[00:00:34.475,000] [0m<inf> imu: LSM6DS3TR-C  a   0.096   0.012  10.175  g   0.024  -0.060   0.015[0m
[1;32muart:~$ [m[8D[J[00:00:34.476,000] [0m<inf> imu: LSM6DSV16X   a   0.409   0.141  10.523  g  -0.011   0.002  -0.003[0m
[1;32muart:~$ [m[8D[J[00:00:34.476,000] [0m<inf> imu: ICM-42688-P  a   0.381  -0.029   9.936  g  -0.000  -0.006  -0.001[0m
[1;32muart:~$ [m[8D[J[1;32muart:~$ [m[8D[J[00:00:34.527,000] [0m<inf> imu: LSM6DS3TR-C  a   0.119   0.039  10.186  g   0.024  -0.060   0.013[0m
[1;32muart:~$ [m[8D[J[00:00:34.528,000] [0m<inf> imu: LSM6DSV16X   a   0.406   0.139  10.516  g  -0.011   0.002  -0.003[0m
[1;32muart:~$ [m[8D[J[1;32muart:~$ [m[8D[J[00:00:34.528,000] [0m<inf> imu: ICM-42688-P  a   0.378  -0.044   9.923  g   0.000  -0.005  -0.001[0m
[1;32muart:~$ [m[8D[J[00:00:34.579,000] [0m<inf> imu: LSM6DS3TR-C  a   0.118   0.053  10.164  g   0.022  -0.061   0.013[0m
[1;32muart:~$ [m[8D[J[00:00:34.580,000] [0m<inf> imu: LSM6DSV16X   a   0.413   0.146  10.509  g  -0.012   0.002  -0.002[0m
[1;32muart:~$ [m[8D[J[00:00:34.581,000] [0m<inf> imu: ICM-42688-P  a   0.376  -0.028   9.930  g   0.000  -0.004  -0.000[0m
[1;32muart:~$ [m[8D[J[1;32muart:~$ [m[8D[J[00:00:34.632,000] [0m<inf> imu: LSM6DS3TR-C  a   0.153   0.031  10.193  g   0.023  -0.060   0.014[0m
[1;32muart:~$ [m[8D[J[00:00:34.632,000] [0m<inf> imu: LSM6DSV16X   a   0.407   0.148  10.519  g  -0.011   0.002  -0.002[0m
[1;32muart:~$ [m[8D[J[1;32muart:~$ [m[8D[J[00:00:34.633,000] [0m<inf> imu: ICM-42688-P  a   0.384  -0.035   9.931  g   0.000  -0.005   0.000[0m
[1;32muart:~$ [m[8D[J[00:00:34.684,000] [0m<inf> imu: LSM6DS3TR-C  a   0.132   0.042  10.220  g   0.025  -0.061   0.013[0m
[1;32muart:~$ [m[8D[J[00:00:34.685,000] [0m<inf> imu: LSM6DSV16X   a   0.405   0.151  10.528  g  -0.012   0.002  -0.003[0m
[1;32muart:~$ [m[8D[J[00:00:34.685,000] [0m<inf> imu: ICM-42688-P  a   0.384  -0.026   9.926  g  -0.002  -0.005   0.000[0m
[1;32muart:~$ [m[8D[J[1;32muart:~$ [m[8D[J[00:00:34.737,000] [0m<inf> imu: LSM6DS3TR-C  a   0.127   0.057  10.195  g   0.024  -0.062   0.013[0m
[1;32muart:~$ [m[8D[J[00:00:34.738,000] [0m<inf> imu: LSM6DSV16X   a   0.409   0.149  10.512  g  -0.011   0.002  -0.002[0m
[1;32muart:~$ [m[8D[J[1;32muart:~$ [m[8D[J[00:00:34.739,000] [0m<inf> imu: ICM-42688-P  a   0.373  -0.036   9.930  g   0.000  -0.005   0.001[0m
[1;32muart:~$ [m[8D[J[00:00:34.790,000] [0m<inf> imu: LSM6DS3TR-C  a   0.144   0.068  10.205  g   0.024  -0.061   0.013[0m
[1;32muart:~$ [m[8D[J[00:00:34.791,000] [0m<inf> imu: LSM6DSV16X   a   0.404   0.144  10.529  g  -0.012   0.003  -0.003[0m
[1;32muart:~$ [m[8D[J[1;32muart:~$ [m[8D[J[00:00:34.791,000] [0m<inf> imu: ICM-42688-P  a   0.387  -0.026   9.935  g   0.000  -0.005   0.000[0m
[1;32muart:~$ [m[8D[J[00:00:34.843,000] [0m<inf> imu: LSM6DS3TR-C  a   0.139   0.054  10.194  g   0.024  -0.060   0.013[0m
[1;32muart:~$ [m[8D[J[00:00:34.844,000] [0m<inf> imu: LSM6DSV16X   a   0.407   0.147  10.524  g  -0.011   0.002  -0.002[0m
[1;32muart:~$ [m[8D[J[1;32muart:~$ [m[8D[J[00:00:34.845,000] [0m<inf> imu: ICM-42688-P  a   0.385  -0.042   9.931  g  -0.001  -0.005  -0.000[0m
[1;32muart:~$ [m[8D[J[00:00:34.896,000] [0m<inf> imu: LSM6DS3TR-C  a   0.103   0.066  10.202  g   0.022  -0.061   0.014[0m
[1;32muart:~$ [m[8D[J[00:00:34.897,000] [0m<inf> imu: LSM6DSV16X   a   0.409   0.141  10.524  g  -0.011   0.002  -0.002[0m
[1;32muart:~$ [m[8D[J[1;32muart:~$ [m[8D[J[00:00:34.897,000] [0m<inf> imu: ICM-42688-P  a   0.378  -0.035   9.923  g   0.000  -0.005   0.000[0m
[1;32muart:~$ [m[8D[J[00:00:34.949,000] [0m<inf> imu: LSM6DS3TR-C  a   0.141   0.053  10.215  g   0.024  -0.059   0.013[0m
[1;32muart:~$ [m[8D[J[00:00:34.950,000] [0m<inf> imu: LSM6DSV16X   a   0.406   0.142  10.519  g  -0.011   0.002  -0.002[0m
[1;32muart:~$ [m[8D[J[1;32muart:~$ [m[8D[J[00:00:34.951,000] [0m<inf> imu: ICM-42688-P  a   0.384  -0.035   9.922  g  -0.000  -0.004   0.000[0m
[1;32muart:~$ [m[8D[J[00:00:35.002,000] [0m<inf> imu: LSM6DS3TR-C  a   0.127   0.054  10.214  g   0.024  -0.060   0.013[0m
[1;32muart:~$ [m[8D[J[00:00:35.003,000] [0m<inf> imu: LSM6DSV16X   a   0.406   0.148  10.514  g  -0.011   0.002  -0.002[0m
[1;32muart:~$ [m[8D[J[1;32muart:~$ [m[8D[J[00:00:35.003,000] [0m<inf> imu: ICM-42688-P  a   0.384  -0.048   9.936  g   0.000  -0.004  -0.001[0m
[1;32muart:~$ [m[8D[J[00:00:35.054,000] [0m<inf> imu: LSM6DS3TR-C  a   0.101   0.049  10.184  g   0.023  -0.060   0.015[0m
[1;32muart:~$ [m[8D[J[00:00:35.055,000] [0m<inf> imu: LSM6DSV16X   a   0.412   0.148  10.517  g  -0.013   0.002  -0.002[0m
[1;32muart:~$ [m[8D[J[1;32muart:~$ [m[8D[J[00:00:35.056,000] [0m<inf> imu: ICM-42688-P  a   0.371  -0.031   9.931  g   0.001  -0.005  -0.001[0m
[1;32muart:~$ [m[8D[J[00:00:35.107,000] [0m<inf> imu: LSM6DS3TR-C  a   0.121   0.033  10.188  g   0.025  -0.060   0.016[0m
[1;32muart:~$ [m[8D[J[00:00:35.107,000] [0m<inf> imu: LSM6DSV16X   a   0.409   0.141  10.517  g  -0.012   0.002  -0.002[0m
[1;32muart:~$ [m[8D[J[1;32muart:~$ [m[8D[J[00:00:35.108,000] [0m<inf> imu: ICM-42688-P  a   0.388  -0.036   9.925  g   0.000  -0.005  -0.000[0m
[1;32muart:~$ [m[8D[J[00:00:35.159,000] [0m<inf> imu: LSM6DS3TR-C  a   0.101   0.059  10.183  g   0.024  -0.060   0.014[0m
[1;32muart:~$ [m[8D[J[00:00:35.160,000] [0m<inf> imu: LSM6DSV16X   a   0.414   0.144  10.526  g  -0.011   0.002  -0.002[0m
[1;32muart:~$ [m[8D[J[1;32muart:~$ [m[8D[J[00:00:35.160,000] [0m<inf> imu: ICM-42688-P  a   0.390  -0.031   9.936  g   0.000  -0.005  -0.000[0m
[1;32muart:~$ [m[8D[J[00:00:35.211,000] [0m<inf> imu: LSM6DS3TR-C  a   0.121   0.031  10.214  g   0.026  -0.060   0.013[0m
[1;32muart:~$ [m[8D[J[00:00:35.212,000] [0m<inf> imu: LSM6DSV16X   a   0.409   0.144  10.519  g  -0.012   0.003  -0.003[0m
[1;32muart:~$ [m[8D[J[1;32muart:~$ [m[8D[J[00:00:35.212,000] [0m<inf> imu: ICM-42688-P  a   0.387  -0.026   9.940  g  -0.001  -0.005  -0.000[0m
[1;32muart:~$ [m[8D[J[00:00:35.263,000] [0m<inf> imu: LSM6DS3TR-C  a   0.125   0.031  10.226  g   0.024  -0.060   0.015[0m
[1;32muart:~$ [m[8D[J[00:00:35.264,000] [0m<inf> imu: LSM6DSV16X   a   0.406   0.147  10.521  g  -0.012   0.002  -0.002[0m
[1;32muart:~$ [m[8D[J[1;32muart:~$ [m[8D[J[00:00:35.265,000] [0m<inf> imu: ICM-42688-P  a   0.376  -0.037   9.942  g  -0.001  -0.005  -0.000[0m
[1;32muart:~$ [m[8D[J[00:00:35.316,000] [0m<inf> imu: LSM6DS3TR-C  a   0.100   0.016  10.193  g   0.024  -0.061   0.014[0m
[1;32muart:~$ [m[8D[J[00:00:35.316,000] [0m<inf> imu: LSM6DSV16X   a   0.402   0.145  10.524  g  -0.012   0.002  -0.002[0m
[1;32muart:~$ [m[8D[J[1;32muart:~$ [m[8D[J[00:00:35.317,000] [0m<inf> imu: ICM-42688-P  a   0.379  -0.030   9.930  g  -0.001  -0.004  -0.000[0m
[1;32muart:~$ [m[8D[J[00:00:35.368,000] [0m<inf> imu: LSM6DS3TR-C  a   0.108   0.024  10.175  g   0.022  -0.060   0.011[0m
[1;32muart:~$ [m[8D[J[1;32muart:~$ [m[8D[J[00:00:35.369,000] [0m<inf> imu: LSM6DSV16X   a   0.412   0.141  10.513  g  -0.011   0.003  -0.002[0m
[1;32muart:~$ [m[8D[J[00:00:35.369,000] [0m<inf> imu: ICM-42688-P  a   0.376  -0.036   9.930  g   0.000  -0.005  -0.000[0m
[1;32muart:~$ [m[8D[J[00:00:35.420,000] [0m<inf> imu: LSM6DS3TR-C  a   0.120   0.060  10.179  g   0.023  -0.060   0.013[0m
[1;32muart:~$ [m[8D[J[00:00:35.421,000] [0m<inf> imu: LSM6DSV16X   a   0.404   0.146  10.524  g  -0.011   0.002  -0.002[0m
[1;32muart:~$ [m[8D[J[1;32muart:~$ [m[8D[J[00:00:35.421,000] [0m<inf> imu: ICM-42688-P  a   0.372  -0.038   9.922  g   0.001  -0.005  -0.001[0m
[1;32muart:~$ [m[8D[J[00:00:35.472,000] [0m<inf> imu: LSM6DS3TR-C  a   0.130   0.036  10.215  g   0.022  -0.059   0.014[0m
[1;32muart:~$ [m[8D[J[1;32muart:~$ [m[8D[J[00:00:35.473,000] [0m<inf> imu: LSM6DSV16X   a   0.410   0.145  10.519  g  -0.012   0.002  -0.002[0m
[1;32muart:~$ [m[8D[J[00:00:35.474,000] [0m<inf> imu: ICM-42688-P  a   0.389  -0.030   9.922  g  -0.001  -0.004  -0.000[0m
[1;32muart:~$ [m[8D[J[00:00:35.525,000] [0m<inf> imu: LSM6DS3TR-C  a   0.123   0.047  10.208  g   0.022  -0.060   0.014[0m
[1;32muart:~$ [m[8D[J[00:00:35.525,000] [0m<inf> imu: LSM6DSV16X   a   0.401   0.144  10.523  g  -0.011   0.002  -0.002[0m
[1;32muart:~$ [m[8D[J[1;32muart:~$ [m[8D[J[00:00:35.526,000] [0m<inf> imu: ICM-42688-P  a   0.375  -0.030   9.935  g   0.000  -0.005   0.001[0m
[1;32muart:~$ [m[8D[J[00:00:35.577,000] [0m<inf> imu: LSM6DS3TR-C  a   0.117   0.040  10.174  g   0.023  -0.060   0.014[0m
[1;32muart:~$ [m[8D[J[1;32muart:~$ [m[8D[J[00:00:35.578,000] [0m<inf> imu: LSM6DSV16X   a   0.409   0.148  10.522  g  -0.012   0.002  -0.003[0m
[1;32muart:~$ [m[8D[J[00:00:35.578,000] [0m<inf> imu: ICM-42688-P  a   0.379  -0.034   9.935  g   0.001  -0.006  -0.001[0m
[1;32muart:~$ [m[8D[J[00:00:35.629,000] [0m<inf> imu: LSM6DS3TR-C  a   0.108   0.042  10.181  g   0.022  -0.059   0.014[0m
[1;32muart:~$ [m[8D[J[1;32muart:~$ [m[8D[J[00:00:35.630,000] [0m<inf> imu: LSM6DSV16X   a   0.403   0.141  10.533  g  -0.011   0.002  -0.002[0m
[1;32muart:~$ [m[8D[J[00:00:35.631,000] [0m<inf> imu: ICM-42688-P  a   0.378  -0.043   9.932  g   0.000  -0.004  -0.000[0m
[1;32muart:~$ [m[8D[J[00:00:35.682,000] [0m<inf> imu: LSM6DS3TR-C  a   0.112   0.053  10.186  g   0.025  -0.063   0.014[0m
[1;32muart:~$ [m[8D[J[1;32muart:~$ [m[8D[J[00:00:35.684,000] [0m<inf> imu: LSM6DSV16X   a   0.407   0.153  10.526  g  -0.012   0.002  -0.002[0m
[1;32muart:~$ [m[8D[J[00:00:35.684,000] [0m<inf> imu: ICM-42688-P  a   0.384  -0.031   9.932  g   0.000  -0.005  -0.000[0m
[1;32muart:~$ [m[8D[J[00:00:35.736,000] [0m<inf> imu: LSM6DS3TR-C  a   0.099   0.028  10.193  g   0.022  -0.060   0.010[0m
[1;32muart:~$ [m[8D[J[1;32muart:~$ [m[8D[J[00:00:35.736,000] [0m<inf> imu: LSM6DSV16X   a   0.411   0.148  10.512  g  -0.011   0.002  -0.002[0m
[1;32muart:~$ [m[8D[J[00:00:35.737,000] [0m<inf> imu: ICM-42688-P  a   0.385  -0.034   9.923  g  -0.001  -0.005  -0.000[0m
[1;32muart:~$ [m[8D[J[00:00:35.789,000] [0m<inf> imu: LSM6DS3TR-C  a   0.130   0.034  10.191  g   0.024  -0.060   0.013[0m
[1;32muart:~$ [m[8D[J[1;32muart:~$ [m[8D[J[00:00:35.790,000] [0m<inf> imu: LSM6DSV16X   a   0.409   0.144  10.518  g  -0.012   0.002  -0.002[0m
[1;32muart:~$ [m[8D[J[00:00:35.790,000] [0m<inf> imu: ICM-42688-P  a   0.375  -0.043   9.928  g   0.001  -0.005   0.000[0m
[1;32muart:~$ [m[8D[J[00:00:35.841,000] [0m<inf> imu: LSM6DS3TR-C  a   0.114   0.060  10.197  g   0.023  -0.059   0.014[0m
[1;32muart:~$ [m[8D[J[1;32muart:~$ [m[8D[J[00:00:35.842,000] [0m<inf> imu: LSM6DSV16X   a   0.409   0.148  10.524  g  -0.011   0.002  -0.003[0m
[1;32muart:~$ [m[8D[J[00:00:35.843,000] [0m<inf> imu: ICM-42688-P  a   0.384  -0.034   9.916  g  -0.000  -0.005   0.000[0m
[1;32muart:~$ [m[8D[J[00:00:35.894,000] [0m<inf> imu: LSM6DS3TR-C  a   0.131   0.040  10.194  g   0.023  -0.060   0.014[0m
[1;32muart:~$ [m[8D[J[1;32muart:~$ [m[8D[J[00:00:35.894,000] [0m<inf> imu: LSM6DSV16X   a   0.412   0.147  10.524  g  -0.011   0.002  -0.002[0m
[1;32muart:~$ [m[8D[J[00:00:35.895,000] [0m<inf> imu: ICM-42688-P  a   0.384  -0.038   9.929  g  -0.000  -0.005   0.001[0m
[1;32muart:~$ [m[8D[J[00:00:35.946,000] [0m<inf> imu: LSM6DS3TR-C  a   0.138   0.051  10.147  g   0.024  -0.059   0.015[0m
[1;32muart:~$ [m[8D[J[1;32muart:~$ [m[8D[J[00:00:35.947,000] [0m<inf> imu: LSM6DSV16X   a   0.411   0.139  10.519  g  -0.012   0.002  -0.002[0m
[1;32muart:~$ [m[8D[J[00:00:35.947,000] [0m<inf> imu: ICM-42688-P  a   0.396  -0.038   9.931  g   0.001  -0.005   0.000[0m
[1;32muart:~$ [m[8D[J[00:00:35.998,000] [0m<inf> imu: LSM6DS3TR-C  a   0.104   0.042  10.196  g   0.023  -0.062   0.013[0m
[1;32muart:~$ [m[8D[J[1;32muart:~$ [m[8D[J[00:00:35.999,000] [0m<inf> imu: LSM6DSV16X   a   0.411   0.141  10.527  g  -0.012   0.002  -0.003[0m
[1;32muart:~$ [m[8D[J[00:00:35.999,000] [0m<inf> imu: ICM-42688-P  a   0.387  -0.032   9.931  g   0.000  -0.004  -0.001[0m
[1;32muart:~$ [m[8D[J[00:00:36.050,000] [0m<inf> imu: LSM6DS3TR-C  a   0.108   0.046  10.199  g   0.024  -0.060   0.014[0m
[1;32muart:~$ [m[8D[J[1;32muart:~$ [m[8D[J[00:00:36.051,000] [0m<inf> imu: LSM6DSV16X   a   0.407   0.139  10.512  g  -0.011   0.002  -0.002[0m
[1;32muart:~$ [m[8D[J[00:00:36.052,000] [0m<inf> imu: ICM-42688-P  a   0.376  -0.029   9.917  g  -0.000  -0.005   0.000[0m
[1;32muart:~$ [m[8D[J[00:00:36.103,000] [0m<inf> imu: LSM6DS3TR-C  a   0.135   0.042  10.195  g   0.023  -0.060   0.013[0m
[1;32muart:~$ [m[8D[J[1;32muart:~$ [m[8D[J[00:00:36.103,000] [0m<inf> imu: LSM6DSV16X   a   0.404   0.141  10.521  g  -0.011   0.002  -0.003[0m
[1;32muart:~$ [m[8D[J[00:00:36.104,000] [0m<inf> imu: ICM-42688-P  a   0.376  -0.040   9.942  g   0.000  -0.006  -0.001[0m
[1;32muart:~$ [m[8D[J[1;32muart:~$ [m[8D[J[00:00:36.155,000] [0m<inf> imu: LSM6DS3TR-C  a   0.130   0.053  10.168  g   0.023  -0.060   0.014[0m
[1;32muart:~$ [m[8D[J[00:00:36.156,000] [0m<inf> imu: LSM6DSV16X   a   0.405   0.141  10.514  g  -0.012   0.002  -0.002[0m
[1;32muart:~$ [m[8D[J[00:00:36.156,000] [0m<inf> imu: ICM-42688-P  a   0.381  -0.032   9.914  g   0.000  -0.006  -0.001[0m
[1;32muart:~$ [m[8D[J[00:00:36.207,000] [0m<inf> imu: LSM6DS3TR-C  a   0.118   0.060  10.195  g   0.025  -0.061   0.015[0m
[1;32muart:~$ [m[8D[J[1;32muart:~$ [m[8D[J[00:00:36.208,000] [0m<inf> imu: LSM6DSV16X   a   0.407   0.139  10.515  g  -0.011   0.002  -0.002[0m
[1;32muart:~$ [m[8D[J[00:00:36.208,000] [0m<inf> imu: ICM-42688-P  a   0.378  -0.040   9.925  g   0.000  -0.005  -0.000[0m
[1;32muart:~$ [m[8D[J[1;32muart:~$ [m[8D[J[00:00:36.259,000] [0m<inf> imu: LSM6DS3TR-C  a   0.149   0.019  10.180  g   0.024  -0.062   0.013[0m
[1;32muart:~$ [m[8D[J[00:00:36.260,000] [0m<inf> imu: LSM6DSV16X   a   0.412   0.147  10.528  g  -0.012   0.003  -0.002[0m
[1;32muart:~$ [m[8D[J[00:00:36.260,000] [0m<inf> imu: ICM-42688-P  a   0.382  -0.035   9.923  g  -0.001  -0.005   0.000[0m
[1;32muart:~$ [m[8D[J[00:00:36.312,000] [0m<inf> imu: LSM6DS3TR-C  a   0.120   0.040  10.223  g   0.023  -0.061   0.014[0m
[1;32muart:~$ [m[8D[J[1;32muart:~$ [m[8D[J[00:00:36.312,000] [0m<inf> imu: LSM6DSV16X   a   0.402   0.149  10.519  g  -0.011   0.002  -0.003[0m
[1;32muart:~$ [m[8D[J[00:00:36.313,000] [0m<inf> imu: ICM-42688-P  a   0.379  -0.037   9.931  g   0.000  -0.004  -0.001[0m
[1;32muart:~$ [m[8D[J[1;32muart:~$ [m[8D[J[00:00:36.364,000] [0m<inf> imu: LSM6DS3TR-C  a   0.146   0.068  10.232  g   0.023  -0.061   0.014[0m
[1;32muart:~$ [m[8D[J[00:00:36.364,000] [0m<inf> imu: LSM6DSV16X   a   0.409   0.141  10.516  g  -0.011   0.003  -0.002[0m
[1;32muart:~$ [m[8D[J[00:00:36.365,000] [0m<inf> imu: ICM-42688-P  a   0.384  -0.024   9.936  g   0.000  -0.005  -0.000[0m
[1;32muart:~$ [m[8D[J[00:00:36.416,000] [0m<inf> imu: LSM6DS3TR-C  a   0.100   0.045  10.140  g   0.023  -0.062   0.013[0m
[1;32muart:~$ [m[8D[J[1;32muart:~$ [m[8D[J[00:00:36.417,000] [0m<inf> imu: LSM6DSV16X   a   0.412   0.146  10.523  g  -0.011   0.001  -0.002[0m
[1;32muart:~$ [m[8D[J[00:00:36.417,000] [0m<inf> imu: ICM-42688-P  a   0.379  -0.043   9.926  g   0.000  -0.005  -0.000[0m
[1;32muart:~$ [m[8D[J[1;32muart:~$ [m[8D[J[00:00:36.469,000] [0m<inf> imu: LSM6DS3TR-C  a   0.137   0.061  10.198  g   0.024  -0.060   0.015[0m
[1;32muart:~$ [m[8D[J[00:00:36.470,000] [0m<inf> imu: LSM6DSV16X   a   0.410   0.144  10.516  g  -0.011   0.002  -0.003[0m
[1;32muart:~$ [m[8D[J[00:00:36.471,000] [0m<inf> imu: ICM-42688-P  a   0.387  -0.032   9.928  g  -0.001  -0.005  -0.001[0m
[1;32muart:~$ [m[8D[J[00:00:36.522,000] [0m<inf> imu: LSM6DS3TR-C  a   0.131   0.021  10.223  g   0.026  -0.062   0.013[0m
[1;32muart:~$ [m[8D[J[1;32muart:~$ [m[8D[J[00:00:36.523,000] [0m<inf> imu: LSM6DSV16X   a   0.405   0.135  10.528  g  -0.011   0.002  -0.003[0m
[1;32muart:~$ [m[8D[J[00:00:36.523,000] [0m<inf> imu: ICM-42688-P  a   0.372  -0.029   9.926  g   0.000  -0.005   0.000[0m
[1;32muart:~$ [m[8D[J[1;32muart:~$ [m[8D[J[00:00:36.575,000] [0m<inf> imu: LSM6DS3TR-C  a   0.108   0.036  10.197  g   0.023  -0.061   0.013[0m
[1;32muart:~$ [m[8D[J[00:00:36.576,000] [0m<inf> imu: LSM6DSV16X   a   0.410   0.141  10.526  g  -0.012   0.002  -0.002[0m
[1;32muart:~$ [m[8D[J[00:00:36.577,000] [0m<inf> imu: ICM-42688-P  a   0.381  -0.035   9.926  g   0.000  -0.004  -0.000[0m
[1;32muart:~$ [m[8D[J[00:00:36.628,000] [0m<inf> imu: LSM6DS3TR-C  a   0.102   0.056  10.201  g   0.023  -0.060   0.014[0m
[1;32muart:~$ [m[8D[J[1;32muart:~$ [m[8D[J[00:00:36.628,000] [0m<inf> imu: LSM6DSV16X   a   0.399   0.145  10.521  g  -0.011   0.003  -0.002[0m
[1;32muart:~$ [m[8D[J[00:00:36.629,000] [0m<inf> imu: ICM-42688-P  a   0.379  -0.037   9.931  g   0.000  -0.005  -0.000[0m
[1;32muart:~$ [m[8D[J[1;32muart:~$ [m[8D[J[00:00:36.681,000] [0m<inf> imu: LSM6DS3TR-C  a   0.153   0.028  10.194  g   0.024  -0.059   0.011[0m
[1;32muart:~$ [m[8D[J[00:00:36.682,000] [0m<inf> imu: LSM6DSV16X   a   0.407   0.139  10.514  g  -0.011   0.002  -0.003[0m
[1;32muart:~$ [m[8D[J[00:00:36.683,000] [0m<inf> imu: ICM-42688-P  a   0.384  -0.042   9.949  g   0.000  -0.006  -0.000[0m
[1;32muart:~$ [m[8D[J[1;32muart:~$ [m[8D[J[00:00:36.734,000] [0m<inf> imu: LSM6DS3TR-C  a   0.130   0.071  10.197  g   0.023  -0.060   0.012[0m
[1;32muart:~$ [m[8D[J[00:00:36.735,000] [0m<inf> imu: LSM6DSV16X   a   0.405   0.145  10.519  g  -0.011   0.002  -0.003[0m
[1;32muart:~$ [m[8D[J[00:00:36.735,000] [0m<inf> imu: ICM-42688-P  a   0.384  -0.035   9.926  g   0.000  -0.004   0.000[0m
[1;32muart:~$ [m[8D[J[1;32muart:~$ [m[8D[J[00:00:36.787,000] [0m<inf> imu: LSM6DS3TR-C  a   0.135   0.046  10.169  g   0.026  -0.060   0.013[0m
[1;32muart:~$ [m[8D[J[00:00:36.788,000] [0m<inf> imu: LSM6DSV16X   a   0.404   0.143  10.519  g  -0.012   0.002  -0.002[0m
[1;32muart:~$ [m[8D[J[00:00:36.789,000] [0m<inf> imu: ICM-42688-P  a   0.379  -0.032   9.932  g   0.000  -0.005   0.000[0m
[1;32muart:~$ [m[8D[J[1;32muart:~$ [m[8D[J[00:00:36.840,000] [0m<inf> imu: LSM6DS3TR-C  a   0.098   0.057  10.210  g   0.023  -0.058   0.013[0m
[1;32muart:~$ [m[8D[J[00:00:36.840,000] [0m<inf> imu: LSM6DSV16X   a   0.407   0.141  10.518  g  -0.012   0.002  -0.002[0m
[1;32muart:~$ [m[8D[J[00:00:36.841,000] [0m<inf> imu: ICM-42688-P  a   0.375  -0.035   9.925  g   0.000  -0.006   0.000[0m
[1;32muart:~$ [m[8D[J[1;32muart:~$ [m[8D[J[00:00:36.893,000] [0m<inf> imu: LSM6DS3TR-C  a   0.121   0.024  10.223  g   0.024  -0.062   0.013[0m
[1;32muart:~$ [m[8D[J[00:00:36.893,000] [0m<inf> imu: LSM6DSV16X   a   0.409   0.139  10.518  g  -0.011   0.002  -0.003[0m
[1;32muart:~$ [m[8D[J[00:00:36.894,000] [0m<inf> imu: ICM-42688-P  a   0.391  -0.031   9.936  g   0.000  -0.005  -0.000[0m
[1;32muart:~$ [m[8D[J[1;32muart:~$ [m[8D[J[00:00:36.945,000] [0m<inf> imu: LSM6DS3TR-C  a   0.106   0.032  10.221  g   0.022  -0.062   0.013[0m
[1;32muart:~$ [m[8D[J[00:00:36.946,000] [0m<inf> imu: LSM6DSV16X   a   0.404   0.148  10.528  g  -0.011   0.002  -0.002[0m
[1;32muart:~$ [m[8D[J[00:00:36.946,000] [0m<inf> imu: ICM-42688-P  a   0.375  -0.038   9.930  g   0.000  -0.006  -0.000[0m
[1;32muart:~$ [m[8D[J[1;32muart:~$ [m[8D[J[00:00:36.997,000] [0m<inf> imu: LSM6DS3TR-C  a   0.129   0.055  10.187  g   0.025  -0.060   0.016[0m
[1;32muart:~$ [m[8D[J[00:00:36.998,000] [0m<inf> imu: LSM6DSV16X   a   0.403   0.144  10.531  g  -0.011   0.003  -0.002[0m
[1;32muart:~$ [m[8D[J[00:00:36.999,000] [0m<inf> imu: ICM-42688-P  a   0.379  -0.026   9.928  g   0.000  -0.005   0.000[0m
[1;32muart:~$ [m[8D[J[1;32muart:~$ [m[8D[J[00:00:37.050,000] [0m<inf> imu: LSM6DS3TR-C  a   0.128   0.071  10.171  g   0.024  -0.060   0.015[0m
[1;32muart:~$ [m[8D[J[00:00:37.050,000] [0m<inf> imu: LSM6DSV16X   a   0.409   0.146  10.529  g  -0.011   0.002  -0.002[0m
[1;32muart:~$ [m[8D[J[00:00:37.051,000] [0m<inf> imu: ICM-42688-P  a   0.376  -0.029   9.928  g  -0.000  -0.005   0.000[0m
[1;32muart:~$ [m[8D[J[1;32muart:~$ [m[8D[J[00:00:37.102,000] [0m<inf> imu: LSM6DS3TR-C  a   0.139   0.082  10.165  g   0.024  -0.060   0.013[0m
[1;32muart:~$ [m[8D[J[00:00:37.103,000] [0m<inf> imu: LSM6DSV16X   a   0.407   0.146  10.525  g  -0.012   0.003  -0.003[0m
[1;32muart:~$ [m[8D[J[00:00:37.103,000] [0m<inf> imu: ICM-42688-P  a   0.379  -0.032   9.923  g  -0.001  -0.005  -0.001[0m
[1;32muart:~$ [m[8D[J[1;32muart:~$ [m[8D[J[00:00:37.154,000] [0m<inf> imu: LSM6DS3TR-C  a   0.116   0.033  10.194  g   0.025  -0.060   0.013[0m
[1;32muart:~$ [m[8D[J[00:00:37.155,000] [0m<inf> imu: LSM6DSV16X   a   0.399   0.141  10.524  g  -0.011   0.003  -0.002[0m
[1;32muart:~$ [m[8D[J[00:00:37.155,000] [0m<inf> imu: ICM-42688-P  a   0.383  -0.040   9.929  g   0.000  -0.004  -0.000[0m
[1;32muart:~$ [m[8D[J[1;32muart:~$ [m[8D[J[00:00:37.206,000] [0m<inf> imu: LSM6DS3TR-C  a   0.122   0.053  10.204  g   0.023  -0.058   0.014[0m
[1;32muart:~$ [m[8D[J[00:00:37.207,000] [0m<inf> imu: LSM6DSV16X   a   0.402   0.144  10.524  g  -0.011   0.002  -0.002[0m
[1;32muart:~$ [m[8D[J[1;32muart:~$ [m[8D[J[00:00:37.208,000] [0m<inf> imu: ICM-42688-P  a   0.379  -0.030   9.919  g  -0.001  -0.004   0.001[0m
[1;32muart:~$ [m[8D[J[00:00:37.259,000] [0m<inf> imu: LSM6DS3TR-C  a   0.092   0.044  10.170  g   0.024  -0.060   0.016[0m
[1;32muart:~$ [m[8D[J[00:00:37.259,000] [0m<inf> imu: LSM6DSV16X   a   0.409   0.144  10.528  g  -0.011   0.002  -0.003[0m
[1;32muart:~$ [m[8D[J[00:00:37.260,000] [0m<inf> imu: ICM-42688-P  a   0.377  -0.036   9.930  g   0.000  -0.005   0.000[0m
[1;32muart:~$ [m[8D[J[1;32muart:~$ [m[8D[J[00:00:37.311,000] [0m<inf> imu: LSM6DS3TR-C  a   0.135   0.013  10.200  g   0.024  -0.061   0.013[0m
[1;32muart:~$ [m[8D[J[00:00:37.312,000] [0m<inf> imu: LSM6DSV16X   a   0.407   0.144  10.515  g  -0.012   0.002  -0.002[0m
[1;32muart:~$ [m[8D[J[1;32muart:~$ [m[8D[J[00:00:37.312,000] [0m<inf> imu: ICM-42688-P  a   0.378  -0.034   9.931  g   0.000  -0.005  -0.001[0m
[1;32muart:~$ [m[8D[J[00:00:37.363,000] [0m<inf> imu: LSM6DS3TR-C  a   0.124   0.066  10.183  g   0.023  -0.060   0.015[0m
[1;32muart:~$ [m[8D[J[00:00:37.364,000] [0m<inf> imu: LSM6DSV16X   a   0.402   0.149  10.522  g  -0.011   0.002  -0.003[0m
[1;32muart:~$ [m[8D[J[00:00:37.364,000] [0m<inf> imu: ICM-42688-P  a   0.379  -0.040   9.930  g  -0.000  -0.005   0.001[0m
[1;32muart:~$ [m[8D[J[1;32muart:~$ [m[8D[J[00:00:37.416,000] [0m<inf> imu: LSM6DS3TR-C  a   0.114   0.045  10.198  g   0.023  -0.061   0.013[0m
[1;32muart:~$ [m[8D[J[00:00:37.416,000] [0m<inf> imu: LSM6DSV16X   a   0.409   0.144  10.528  g  -0.011   0.002  -0.002[0m
[1;32muart:~$ [m[8D[J[1;32muart:~$ [m[8D[J[00:00:37.417,000] [0m<inf> imu: ICM-42688-P  a   0.377  -0.020   9.922  g   0.001  -0.004   0.000[0m
[1;32muart:~$ [m[8D[J[00:00:37.468,000] [0m<inf> imu: LSM6DS3TR-C  a   0.141   0.024  10.198  g   0.024  -0.061   0.013[0m
[1;32muart:~$ [m[8D[J[00:00:37.468,000] [0m<inf> imu: LSM6DSV16X   a   0.411   0.144  10.522  g  -0.012   0.002  -0.003[0m
[1;32muart:~$ [m[8D[J[00:00:37.469,000] [0m<inf> imu: ICM-42688-P  a   0.377  -0.037   9.923  g   0.000  -0.006   0.000[0m
[1;32muart:~$ [m[8D[J[1;32muart:~$ [m[8D[J[00:00:37.520,000] [0m<inf> imu: LSM6DS3TR-C  a   0.117   0.046  10.190  g   0.024  -0.059   0.013[0m
[1;32muart:~$ [m[8D[J[00:00:37.521,000] [0m<inf> imu: LSM6DSV16X   a   0.409   0.145  10.524  g  -0.011   0.002  -0.003[0m
[1;32muart:~$ [m[8D[J[1;32muart:~$ [m[8D[J[00:00:37.521,000] [0m<inf> imu: ICM-42688-P  a   0.388  -0.040   9.937  g  -0.001  -0.005   0.000[0m
[1;32muart:~$ [m[8D[J[00:00:37.573,000] [0m<inf> imu: LSM6DS3TR-C  a   0.123   0.051  10.184  g   0.024  -0.060   0.012[0m
[1;32muart:~$ [m[8D[J[00:00:37.574,000] [0m<inf> imu: LSM6DSV16X   a   0.412   0.150  10.524  g  -0.011   0.002  -0.002[0m
[1;32muart:~$ [m[8D[J[1;32muart:~$ [m[8D[J[00:00:37.575,000] [0m<inf> imu: ICM-42688-P  a   0.384  -0.034   9.926  g   0.000  -0.005   0.000[0m
[1;32muart:~$ [m[8D[J[00:00:37.626,000] [0m<inf> imu: LSM6DS3TR-C  a   0.130   0.048  10.200  g   0.024  -0.060   0.014[0m
[1;32muart:~$ [m[8D[J[00:00:37.627,000] [0m<inf> imu: LSM6DSV16X   a   0.401   0.148  10.519  g  -0.011   0.002  -0.002[0m
[1;32muart:~$ [m[8D[J[1;32muart:~$ [m[8D[J[00:00:37.627,000] [0m<inf> imu: ICM-42688-P  a   0.372  -0.042   9.930  g   0.000  -0.005  -0.000[0m
[1;32muart:~$ [m[8D[J[00:00:37.679,000] [0m<inf> imu: LSM6DS3TR-C  a   0.132   0.032  10.208  g   0.024  -0.060   0.014[0m
[1;32muart:~$ [m[8D[J[00:00:37.680,000] [0m<inf> imu: LSM6DSV16X   a   0.404   0.148  10.512  g  -0.011   0.002  -0.002[0m
[1;32muart:~$ [m[8D[J[1;32muart:~$ [m[8D[J[00:00:37.681,000] [0m<inf> imu: ICM-42688-P  a   0.383  -0.035   9.934  g   0.000  -0.005   0.000[0m
[1;32muart:~$ [m[8D[J[00:00:37.732,000] [0m<inf> imu: LSM6DS3TR-C  a   0.142   0.026  10.188  g   0.024  -0.060   0.015[0m
[1;32muart:~$ [m[8D[J[00:00:37.733,000] [0m<inf> imu: LSM6DSV16X   a   0.412   0.142  10.521  g  -0.010   0.001  -0.003[0m
[1;32muart:~$ [m[8D[J[1;32muart:~$ [m[8D[J[00:00:37.733,000] [0m<inf> imu: ICM-42688-P  a   0.381  -0.030   9.948  g   0.000  -0.004  -0.001[0m
[1;32muart:~$ [m[8D[J[00:00:37.785,000] [0m<inf> imu: LSM6DS3TR-C  a   0.099   0.036  10.171  g   0.024  -0.058   0.015[0m
[1;32muart:~$ [m[8D[J[00:00:37.786,000] [0m<inf> imu: LSM6DSV16X   a   0.410   0.148  10.521  g  -0.011   0.002  -0.002[0m
[1;32muart:~$ [m[8D[J[1;32muart:~$ [m[8D[J[00:00:37.787,000] [0m<inf> imu: ICM-42688-P  a   0.381  -0.041   9.931  g  -0.000  -0.005   0.000[0m
[1;32muart:~$ [m[8D[J[00:00:37.838,000] [0m<inf> imu: LSM6DS3TR-C  a   0.097   0.057  10.228  g   0.023  -0.060   0.012[0m
[1;32muart:~$ [m[8D[J[00:00:37.839,000] [0m<inf> imu: LSM6DSV16X   a   0.410   0.148  10.531  g  -0.011   0.002  -0.002[0m
[1;32muart:~$ [m[8D[J[1;32muart:~$ [m[8D[J[00:00:37.839,000] [0m<inf> imu: ICM-42688-P  a   0.393  -0.040   9.932  g   0.000  -0.006   0.000[0m
[1;32muart:~$ [m[8D[J[00:00:37.890,000] [0m<inf> imu: LSM6DS3TR-C  a   0.105   0.038  10.168  g   0.026  -0.061   0.015[0m
[1;32muart:~$ [m[8D[J[00:00:37.891,000] [0m<inf> imu: LSM6DSV16X   a   0.406   0.142  10.524  g  -0.011   0.002  -0.002[0m
[1;32muart:~$ [m[8D[J[1;32muart:~$ [m[8D[J[00:00:37.891,000] [0m<inf> imu: ICM-42688-P  a   0.388  -0.035   9.928  g   0.000  -0.005   0.000[0m
[1;32muart:~$ [m[8D[J[00:00:37.942,000] [0m<inf> imu: LSM6DS3TR-C  a   0.126   0.021  10.213  g   0.024  -0.060   0.014[0m
[1;32muart:~$ [m[8D[J[00:00:37.943,000] [0m<inf> imu: LSM6DSV16X   a   0.407   0.148  10.524  g  -0.011   0.002  -0.002[0m
[1;32muart:~$ [m[8D[J[1;32muart:~$ [m[8D[J[00:00:37.944,000] [0m<inf> imu: ICM-42688-P  a   0.379  -0.040   9.942  g  -0.000  -0.005   0.000[0m
[1;32muart:~$ [m[8D[J[00:00:37.995,000] [0m<inf> imu: LSM6DS3TR-C  a   0.124   0.045  10.199  g   0.025  -0.060   0.013[0m
[1;32muart:~$ [m[8D[J[00:00:37.995,000] [0m<inf> imu: LSM6DSV16X   a   0.406   0.145  10.521  g  -0.011   0.002  -0.002[0m
[1;32muart:~$ [m[8D[J[1;32muart:~$ [m[8D[J[00:00:37.996,000] [0m<inf> imu: ICM-42688-P  a   0.389  -0.043   9.935  g   0.001  -0.006  -0.001[0m
[1;32muart:~$ [m[8D[J[00:00:38.047,000] [0m<inf> imu: LSM6DS3TR-C  a   0.126   0.032  10.196  g   0.024  -0.060   0.014[0m
[1;32muart:~$ [m[8D[J[1;32muart:~$ [m[8D[J[00:00:38.048,000] [0m<inf> imu: LSM6DSV16X   a   0.407   0.143  10.540  g  -0.012   0.003  -0.003[0m
[1;32muart:~$ [m[8D[J[00:00:38.048,000] [0m<inf> imu: ICM-42688-P  a   0.390  -0.035   9.948  g  -0.001  -0.004  -0.001[0m
[1;32muart:~$ [m[8D[J[00:00:38.099,000] [0m<inf> imu: LSM6DS3TR-C  a   0.130   0.042  10.239  g   0.023  -0.060   0.013[0m
[1;32muart:~$ [m[8D[J[00:00:38.100,000] [0m<inf> imu: LSM6DSV16X   a   0.400   0.153  10.515  g  -0.011   0.002  -0.002[0m
[1;32muart:~$ [m[8D[J[1;32muart:~$ [m[8D[J[00:00:38.100,000] [0m<inf> imu: ICM-42688-P  a   0.382  -0.050   9.931  g   0.001  -0.005  -0.000[0m
[1;32muart:~$ [m[8D[J[00:00:38.151,000] [0m<inf> imu: LSM6DS3TR-C  a   0.115   0.029  10.199  g   0.024  -0.060   0.014[0m
[1;32muart:~$ [m[8D[J[1;32muart:~$ [m[8D[J[00:00:38.152,000] [0m<inf> imu: LSM6DSV16X   a   0.402   0.147  10.528  g  -0.012   0.002  -0.002[0m
[1;32muart:~$ [m[8D[J[00:00:38.153,000] [0m<inf> imu: ICM-42688-P  a   0.384  -0.034   9.916  g  -0.001  -0.005  -0.001[0m
[1;32muart:~$ [m[8D[J[00:00:38.204,000] [0m<inf> imu: LSM6DS3TR-C  a   0.147   0.071  10.189  g   0.023  -0.060   0.016[0m
[1;32muart:~$ [m[8D[J[00:00:38.204,000] [0m<inf> imu: LSM6DSV16X   a   0.409   0.143  10.521  g  -0.011   0.002  -0.002[0m
[1;32muart:~$ [m[8D[J[1;32muart:~$ [m[8D[J[00:00:38.205,000] [0m<inf> imu: ICM-42688-P  a   0.385  -0.035   9.944  g  -0.001  -0.005   0.000[0m
[1;32muart:~$ [m[8D[J[00:00:38.256,000] [0m<inf> imu: LSM6DS3TR-C  a   0.133   0.043  10.203  g   0.024  -0.061   0.015[0m
[1;32muart:~$ [m[8D[J[1;32muart:~$ [m[8D[J[00:00:38.257,000] [0m<inf> imu: LSM6DSV16X   a   0.404   0.136  10.517  g  -0.012   0.003  -0.003[0m
[1;32muart:~$ [m[8D[J[00:00:38.257,000] [0m<inf> imu: ICM-42688-P  a   0.382  -0.032   9.931  g   0.000  -0.005  -0.001[0m
[1;32muart:~$ [m[8D[J[00:00:38.308,000] [0m<inf> imu: LSM6DS3TR-C  a   0.140   0.036  10.210  g   0.023  -0.060   0.014[0m
[1;32muart:~$ [m[8D[J[00:00:38.309,000] [0m<inf> imu: LSM6DSV16X   a   0.406   0.148  10.514  g  -0.011   0.002  -0.003[0m
[1;32muart:~$ [m[8D[J[1;32muart:~$ [m[8D[J[00:00:38.309,000] [0m<inf> imu: ICM-42688-P  a   0.376  -0.029   9.922  g   0.000  -0.005  -0.001[0m
[1;32muart:~$ [m[8D[J[00:00:38.361,000] [0m<inf> imu: LSM6DS3TR-C  a   0.115   0.048  10.207  g   0.024  -0.060   0.017[0m
[1;32muart:~$ [m[8D[J[1;32muart:~$ [m[8D[J[00:00:38.361,000] [0m<inf> imu: LSM6DSV16X   a   0.411   0.141  10.519  g  -0.012   0.001  -0.002[0m
[1;32muart:~$ [m[8D[J[00:00:38.362,000] [0m<inf> imu: ICM-42688-P  a   0.388  -0.040   9.925  g   0.000  -0.005   0.000[0m
[1;32muart:~$ [m[8D[J[00:00:38.413,000] [0m<inf> imu: LSM6DS3TR-C  a   0.103   0.056  10.177  g   0.023  -0.059   0.014[0m
[1;32muart:~$ [m[8D[J[1;32muart:~$ [m[8D[J[00:00:38.415,000] [0m<inf> imu: LSM6DSV16X   a   0.407   0.144  10.523  g  -0.011   0.002  -0.002[0m
[1;32muart:~$ [m[8D[J[00:00:38.415,000] [0m<inf> imu: ICM-42688-P  a   0.387  -0.034   9.936  g   0.000  -0.004   0.000[0m
[1;32muart:~$ [m[8D[J[00:00:38.467,000] [0m<inf> imu: LSM6DS3TR-C  a   0.122   0.048  10.204  g   0.023  -0.057   0.015[0m
[1;32muart:~$ [m[8D[J[1;32muart:~$ [m[8D[J[00:00:38.467,000] [0m<inf> imu: LSM6DSV16X   a   0.407   0.145  10.524  g  -0.011   0.001  -0.002[0m
[1;32muart:~$ [m[8D[J[00:00:38.468,000] [0m<inf> imu: ICM-42688-P  a   0.399  -0.035   9.924  g  -0.001  -0.003   0.000[0m
[1;32muart:~$ [m[8D[J[00:00:38.519,000] [0m<inf> imu: LSM6DS3TR-C  a   0.151   0.032  10.195  g   0.024  -0.060   0.016[0m
[1;32muart:~$ [m[8D[J[1;32muart:~$ [m[8D[J[00:00:38.520,000] [0m<inf> imu: LSM6DSV16X   a   0.409   0.145  10.524  g  -0.012   0.002  -0.003[0m
[1;32muart:~$ [m[8D[J[00:00:38.521,000] [0m<inf> imu: ICM-42688-P  a   0.388  -0.043   9.922  g   0.000  -0.005   0.000[0m
[1;32muart:~$ [m[8D[J[00:00:38.572,000] [0m<inf> imu: LSM6DS3TR-C  a   0.115   0.052  10.212  g   0.025  -0.060   0.013[0m
[1;32muart:~$ [m[8D[J[1;32muart:~$ [m[8D[J[00:00:38.573,000] [0m<inf> imu: LSM6DSV16X   a   0.407   0.139  10.526  g  -0.011   0.002  -0.002[0m
[1;32muart:~$ [m[8D[J[00:00:38.573,000] [0m<inf> imu: ICM-42688-P  a   0.379  -0.038   9.926  g  -0.001  -0.005  -0.001[0m
[1;32muart:~$ [m[8D[J[00:00:38.625,000] [0m<inf> imu: LSM6DS3TR-C  a   0.110   0.042  10.164  g   0.023  -0.059   0.015[0m
[1;32muart:~$ [m[8D[J[1;32muart:~$ [m[8D[J[00:00:38.627,000] [0m<inf> imu: LSM6DSV16X   a   0.401   0.146  10.521  g  -0.011   0.002  -0.003[0m
[1;32muart:~$ [m[8D[J[00:00:38.627,000] [0m<inf> imu: ICM-42688-P  a   0.369  -0.036   9.926  g  -0.000  -0.005   0.000[0m
[1;32muart:~$ [m[8D[J[00:00:38.678,000] [0m<inf> imu: LSM6DS3TR-C  a   0.120   0.057  10.210  g   0.024  -0.060   0.014[0m
[1;32muart:~$ [m[8D[J[1;32muart:~$ [m[8D[J[00:00:38.679,000] [0m<inf> imu: LSM6DSV16X   a   0.405   0.139  10.533  g  -0.012   0.001  -0.002[0m
[1;32muart:~$ [m[8D[J[00:00:38.680,000] [0m<inf> imu: ICM-42688-P  a   0.376  -0.040   9.944  g   0.000  -0.005  -0.001[0m
[1;32muart:~$ [m[8D[J[00:00:38.731,000] [0m<inf> imu: LSM6DS3TR-C  a   0.167   0.063  10.198  g   0.024  -0.061   0.013[0m
[1;32muart:~$ [m[8D[J[1;32muart:~$ [m[8D[J[00:00:38.731,000] [0m<inf> imu: LSM6DSV16X   a   0.411   0.143  10.514  g  -0.012   0.003  -0.002[0m
[1;32muart:~$ [m[8D[J[00:00:38.732,000] [0m<inf> imu: ICM-42688-P  a   0.396  -0.026   9.930  g  -0.001  -0.004  -0.000[0m
[1;32muart:~$ [m[8D[J[1;32muart:~$ [m[8D[J[00:00:38.783,000] [0m<inf> imu: LSM6DS3TR-C  a   0.144   0.022  10.244  g   0.025  -0.059   0.014[0m
[1;32muart:~$ [m[8D[J[00:00:38.784,000] [0m<inf> imu: LSM6DSV16X   a   0.403   0.144  10.528  g  -0.011   0.002  -0.002[0m
[1;32muart:~$ [m[8D[J[00:00:38.784,000] [0m<inf> imu: ICM-42688-P  a   0.376  -0.035   9.922  g  -0.000  -0.005   0.000[0m
[1;32muart:~$ [m[8D[J[00:00:38.835,000] [0m<inf> imu: LSM6DS3TR-C  a   0.126   0.091  10.208  g   0.023  -0.060   0.016[0m
[1;32muart:~$ [m[8D[J[1;32muart:~$ [m[8D[J[00:00:38.836,000] [0m<inf> imu: LSM6DSV16X   a   0.409   0.146  10.521  g  -0.012   0.002  -0.002[0m
[1;32muart:~$ [m[8D[J[00:00:38.836,000] [0m<inf> imu: ICM-42688-P  a   0.381  -0.031   9.918  g  -0.000  -0.005   0.000[0m
[1;32muart:~$ [m[8D[J[1;32muart:~$ [m[8D[J[00:00:38.887,000] [0m<inf> imu: LSM6DS3TR-C  a   0.115   0.031  10.205  g   0.026  -0.062   0.014[0m
[1;32muart:~$ [m[8D[J[00:00:38.888,000] [0m<inf> imu: LSM6DSV16X   a   0.404   0.147  10.514  g  -0.010   0.001  -0.002[0m
[1;32muart:~$ [m[8D[J[00:00:38.889,000] [0m<inf> imu: ICM-42688-P  a   0.387  -0.030   9.923  g  -0.000  -0.005   0.000[0m
[1;32muart:~$ [m[8D[J[00:00:38.940,000] [0m<inf> imu: LSM6DS3TR-C  a   0.126   0.042  10.191  g   0.023  -0.059   0.014[0m
[1;32muart:~$ [m[8D[J[1;32muart:~$ [m[8D[J[00:00:38.940,000] [0m<inf> imu: LSM6DSV16X   a   0.409   0.141  10.514  g  -0.011   0.002  -0.002[0m
[1;32muart:~$ [m[8D[J[00:00:38.941,000] [0m<inf> imu: ICM-42688-P  a   0.384  -0.031   9.918  g   0.000  -0.005   0.000[0m
[1;32muart:~$ [m[8D[J[1;32muart:~$ [m[8D[J[00:00:38.992,000] [0m<inf> imu: LSM6DS3TR-C  a   0.142   0.051  10.171  g   0.025  -0.063   0.014[0m
[1;32muart:~$ [m[8D[J[00:00:38.993,000] [0m<inf> imu: LSM6DSV16X   a   0.405   0.144  10.516  g  -0.011   0.003  -0.002[0m
[1;32muart:~$ [m[8D[J[00:00:38.993,000] [0m<inf> imu: ICM-42688-P  a   0.383  -0.035   9.917  g   0.000  -0.005  -0.000[0m
[1;32muart:~$ [m[8D[J[00:00:39.044,000] [0m<inf> imu: LSM6DS3TR-C  a   0.114   0.078  10.247  g   0.023  -0.060   0.014[0m
[1;32muart:~$ [m[8D[J[1;32muart:~$ [m[8D[J[00:00:39.045,000] [0m<inf> imu: LSM6DSV16X   a   0.409   0.148  10.524  g  -0.012   0.002  -0.002[0m
[1;32muart:~$ [m[8D[J[00:00:39.046,000] [0m<inf> imu: ICM-42688-P  a   0.390  -0.030   9.944  g   0.000  -0.005  -0.001[0m
[1;32muart:~$ [m[8D[J[1;32muart:~$ [m[8D[J[00:00:39.097,000] [0m<inf> imu: LSM6DS3TR-C  a   0.104   0.035  10.199  g   0.024  -0.060   0.013[0m
[1;32muart:~$ [m[8D[J[00:00:39.097,000] [0m<inf> imu: LSM6DSV16X   a   0.402   0.146  10.526  g  -0.011   0.002  -0.002[0m
[1;32muart:~$ [m[8D[J[00:00:39.098,000] [0m<inf> imu: ICM-42688-P  a   0.391  -0.035   9.925  g   0.001  -0.005  -0.001[0m
[1;32muart:~$ [m[8D[J[00:00:39.150,000] [0m<inf> imu: LSM6DS3TR-C  a   0.149   0.053  10.213  g   0.023  -0.061   0.014[0m
[1;32muart:~$ [m[8D[J[1;32muart:~$ [m[8D[J[00:00:39.151,000] [0m<inf> imu: LSM6DSV16X   a   0.400   0.142  10.512  g  -0.011   0.001  -0.002[0m
[1;32muart:~$ [m[8D[J[00:00:39.151,000] [0m<inf> imu: ICM-42688-P  a   0.388  -0.032   9.930  g  -0.001  -0.004  -0.000[0m
[1;32muart:~$ [m[8D[J[1;32muart:~$ [m[8D[J[00:00:39.202,000] [0m<inf> imu: LSM6DS3TR-C  a   0.092   0.067  10.196  g   0.025  -0.060   0.013[0m
[1;32muart:~$ [m[8D[J[00:00:39.203,000] [0m<inf> imu: LSM6DSV16X   a   0.404   0.149  10.512  g  -0.011   0.003  -0.003[0m
[1;32muart:~$ [m[8D[J[00:00:39.204,000] [0m<inf> imu: ICM-42688-P  a   0.384  -0.032   9.931  g   0.001  -0.005  -0.000[0m
[1;32muart:~$ [m[8D[J[1;32muart:~$ [m[8D[J[00:00:39.256,000] [0m<inf> imu: LSM6DS3TR-C  a   0.141   0.057  10.170  g   0.023  -0.060   0.014[0m
[1;32muart:~$ [m[8D[J[00:00:39.257,000] [0m<inf> imu: LSM6DSV16X   a   0.412   0.134  10.521  g  -0.012   0.002  -0.002[0m
[1;32muart:~$ [m[8D[J[00:00:39.257,000] [0m<inf> imu: ICM-42688-P  a   0.384  -0.029   9.940  g  -0.000  -0.004   0.000[0m
[1;32muart:~$ [m[8D[J[1;32muart:~$ [m[8D[J[00:00:39.308,000] [0m<inf> imu: LSM6DS3TR-C  a   0.151   0.046  10.194  g   0.023  -0.060   0.016[0m
[1;32muart:~$ [m[8D[J[00:00:39.309,000] [0m<inf> imu: LSM6DSV16X   a   0.409   0.144  10.527  g  -0.011   0.002  -0.002[0m
[1;32muart:~$ [m[8D[J[00:00:39.310,000] [0m<inf> imu: ICM-42688-P  a   0.379  -0.026   9.924  g  -0.001  -0.005   0.000[0m
[1;32muart:~$ [m[8D[J[1;32muart:~$ [m[8D[J[00:00:39.361,000] [0m<inf> imu: LSM6DS3TR-C  a   0.119   0.014  10.215  g   0.023  -0.058   0.016[0m
[1;32muart:~$ [m[8D[J[00:00:39.363,000] [0m<inf> imu: LSM6DSV16X   a   0.404   0.145  10.521  g  -0.011   0.002  -0.002[0m
[1;32muart:~$ [m[8D[J[00:00:39.364,000] [0m<inf> imu: ICM-42688-P  a   0.371  -0.043   9.942  g  -0.001  -0.004   0.000[0m
[1;32muart:~$ [m[8D[J[1;32muart:~$ [m[8D[J[00:00:39.415,000] [0m<inf> imu: LSM6DS3TR-C  a   0.140   0.064  10.187  g   0.025  -0.059   0.014[0m
[1;32muart:~$ [m[8D[J[00:00:39.415,000] [0m<inf> imu: LSM6DSV16X   a   0.401   0.153  10.521  g  -0.010   0.002  -0.003[0m
[1;32muart:~$ [m[8D[J[00:00:39.416,000] [0m<inf> imu: ICM-42688-P  a   0.385  -0.047   9.918  g   0.001  -0.005   0.000[0m
[1;32muart:~$ [m[8D[J[1;32muart:~$ [m[8D[J[00:00:39.467,000] [0m<inf> imu: LSM6DS3TR-C  a   0.125   0.039  10.170  g   0.024  -0.060   0.015[0m
[1;32muart:~$ [m[8D[J[00:00:39.469,000] [0m<inf> imu: LSM6DSV16X   a   0.403   0.143  10.516  g  -0.010   0.001  -0.002[0m
[1;32muart:~$ [m[8D[J[1;32muart:~$ [m[8D[J[00:00:39.469,000] [0m<inf> imu: ICM-42688-P  a   0.376  -0.035   9.928  g   0.000  -0.005   0.000[0m
[1;32muart:~$ [m[8D[J[00:00:39.520,000] [0m<inf> imu: LSM6DS3TR-C  a   0.123   0.023  10.192  g   0.024  -0.062   0.011[0m
[1;32muart:~$ [m[8D[J[00:00:39.521,000] [0m<inf> imu: LSM6DSV16X   a   0.407   0.145  10.524  g  -0.011   0.003  -0.002[0m
[1;32muart:~$ [m[8D[J[00:00:39.522,000] [0m<inf> imu: ICM-42688-P  a   0.378  -0.023   9.924  g  -0.001  -0.005  -0.001[0m
[1;32muart:~$ [m[8D[J[1;32muart:~$ [m[8D[J[00:00:39.573,000] [0m<inf> imu: LSM6DS3TR-C  a   0.150   0.057  10.163  g   0.023  -0.059   0.013[0m
[1;32muart:~$ [m[8D[J[00:00:39.573,000] [0m<inf> imu: LSM6DSV16X   a   0.407   0.139  10.519  g  -0.011   0.002  -0.002[0m
[1;32muart:~$ [m[8D[J[1;32muart:~$ [m[8D[J[00:00:39.574,000] [0m<inf> imu: ICM-42688-P  a   0.401  -0.032   9.934  g  -0.001  -0.004   0.000[0m
[1;32muart:~$ [m[8D[J[00:00:39.625,000] [0m<inf> imu: LSM6DS3TR-C  a   0.142   0.039  10.185  g   0.025  -0.060   0.013[0m
[1;32muart:~$ [m[8D[J[00:00:39.626,000] [0m<inf> imu: LSM6DSV16X   a   0.414   0.147  10.521  g  -0.012   0.002  -0.002[0m
[1;32muart:~$ [m[8D[J[00:00:39.626,000] [0m<inf> imu: ICM-42688-P  a   0.381  -0.044   9.920  g   0.000  -0.005  -0.001[0m
[1;32muart:~$ [m[8D[J[1;32muart:~$ [m[8D[J[00:00:39.677,000] [0m<inf> imu: LSM6DS3TR-C  a   0.126   0.043  10.208  g   0.024  -0.059   0.013[0m
[1;32muart:~$ [m[8D[J[00:00:39.678,000] [0m<inf> imu: LSM6DSV16X   a   0.404   0.146  10.518  g  -0.012   0.002  -0.002[0m
[1;32muart:~$ [m[8D[J[1;32muart:~$ [m[8D[J[00:00:39.678,000] [0m<inf> imu: ICM-42688-P  a   0.387  -0.035   9.935  g   0.000  -0.004  -0.001[0m
[1;32muart:~$ [m[8D[J[00:00:39.729,000] [0m<inf> imu: LSM6DS3TR-C  a   0.089   0.049  10.193  g   0.024  -0.063   0.013[0m
[1;32muart:~$ [m[8D[J[00:00:39.730,000] [0m<inf> imu: LSM6DSV16X   a   0.412   0.141  10.526  g  -0.011   0.002  -0.002[0m
[1;32muart:~$ [m[8D[J[00:00:39.731,000] [0m<inf> imu: ICM-42688-P  a   0.393  -0.035   9.900  g  -0.000  -0.006   0.000[0m
[1;32muart:~$ [m[8D[J[1;32muart:~$ [m[8D[J[00:00:39.782,000] [0m<inf> imu: LSM6DS3TR-C  a   0.127  -0.017  10.172  g   0.023  -0.061   0.014[0m
[1;32muart:~$ [m[8D[J[00:00:39.782,000] [0m<inf> imu: LSM6DSV16X   a   0.412   0.141  10.516  g  -0.012   0.002  -0.002[0m
[1;32muart:~$ [m[8D[J[1;32muart:~$ [m[8D[J[00:00:39.783,000] [0m<inf> imu: ICM-42688-P  a   0.376  -0.030   9.918  g   0.001  -0.005  -0.001[0m
[1;32muart:~$ [m[8D[J[00:00:39.834,000] [0m<inf> imu: LSM6DS3TR-C  a   0.099   0.035  10.204  g   0.026  -0.060   0.015[0m
[1;32muart:~$ [m[8D[J[00:00:39.835,000] [0m<inf> imu: LSM6DSV16X   a   0.404   0.145  10.525  g  -0.012   0.001  -0.002[0m
[1;32muart:~$ [m[8D[J[00:00:39.835,000] [0m<inf> imu: ICM-42688-P  a   0.393  -0.025   9.926  g  -0.001  -0.005  -0.000[0m
[1;32muart:~$ [m[8D[J[1;32muart:~$ [m[8D[J[00:00:39.887,000] [0m<inf> imu: LSM6DS3TR-C  a   0.118   0.048  10.202  g   0.023  -0.058   0.014[0m
[1;32muart:~$ [m[8D[J[00:00:39.888,000] [0m<inf> imu: LSM6DSV16X   a   0.409   0.155  10.523  g  -0.012   0.002  -0.003[0m
[1;32muart:~$ [m[8D[J[00:00:39.889,000] [0m<inf> imu: ICM-42688-P  a   0.390  -0.038   9.931  g   0.000  -0.005  -0.000[0m
[1;32muart:~$ [m[8D[J[1;32muart:~$ [m[8D[J[00:00:39.940,000] [0m<inf> imu: LSM6DS3TR-C  a   0.112   0.048  10.222  g   0.025  -0.062   0.014[0m
[1;32muart:~$ [m[8D[J[00:00:39.940,000] [0m<inf> imu: LSM6DSV16X   a   0.400   0.142  10.514  g  -0.011   0.002  -0.003[0m
[1;32muart:~$ [m[8D[J[1;32muart:~$ [m[8D[J[00:00:39.941,000] [0m<inf> imu: ICM-42688-P  a   0.375  -0.038   9.943  g  -0.001  -0.005   0.000[0m
[1;32muart:~$ [m[8D[J[00:00:39.992,000] [0m<inf> imu: LSM6DS3TR-C  a   0.132   0.027  10.213  g   0.024  -0.060   0.014[0m
[1;32muart:~$ [m[8D[J[00:00:39.994,000] [0m<inf> imu: LSM6DSV16X   a   0.410   0.151  10.529  g  -0.012   0.002  -0.003[0m
[1;32muart:~$ [m[8D[J[1;32muart:~$ [m[8D[J[00:00:39.994,000] [0m<inf> imu: ICM-42688-P  a   0.379  -0.032   9.931  g   0.001  -0.006   0.000[0m
[1;32muart:~$ [m[8D[J[00:00:40.045,000] [0m<inf> imu: LSM6DS3TR-C  a   0.145   0.029  10.169  g   0.023  -0.060   0.013[0m
[1;32muart:~$ [m[8D[J[00:00:40.046,000] [0m<inf> imu: LSM6DSV16X   a   0.406   0.141  10.517  g  -0.011   0.001  -0.002[0m
[1;32muart:~$ [m[8D[J[1;32muart:~$ [m[8D[J[00:00:40.047,000] [0m<inf> imu: ICM-42688-P  a   0.375  -0.026   9.919  g  -0.001  -0.004   0.000[0m
[1;32muart:~$ [m[8D[J[00:00:40.098,000] [0m<inf> imu: LSM6DS3TR-C  a   0.115   0.046  10.196  g   0.024  -0.060   0.013[0m
[1;32muart:~$ [m[8D[J[00:00:40.100,000] [0m<inf> imu: LSM6DSV16X   a   0.407   0.148  10.514  g  -0.012   0.003  -0.002[0m
[1;32muart:~$ [m[8D[J[1;32muart:~$ [m[8D[J[00:00:40.100,000] [0m<inf> imu: ICM-42688-P  a   0.379  -0.043   9.929  g   0.000  -0.005   0.000[0m
[1;32muart:~$ [m[8D[J[00:00:40.151,000] [0m<inf> imu: LSM6DS3TR-C  a   0.098   0.066  10.183  g   0.023  -0.060   0.017[0m
[1;32muart:~$ [m[8D[J[00:00:40.152,000] [0m<inf> imu: LSM6DSV16X   a   0.414   0.144  10.519  g  -0.012   0.002  -0.002[0m
[1;32muart:~$ [m[8D[J[1;32muart:~$ [m[8D[J[00:00:40.152,000] [0m<inf> imu: ICM-42688-P  a   0.389  -0.031   9.930  g  -0.001  -0.005  -0.001[0m
[1;32muart:~$ [m[8D[J[00:00:40.205,000] [0m<inf> imu: LSM6DS3TR-C  a   0.130   0.038  10.226  g   0.024  -0.061   0.015[0m
[1;32muart:~$ [m[8D[J[00:00:40.206,000] [0m<inf> imu: LSM6DSV16X   a   0.412   0.146  10.528  g  -0.011   0.002  -0.002[0m
[1;32muart:~$ [m[8D[J[1;32muart:~$ [m[8D[J[00:00:40.206,000] [0m<inf> imu: ICM-42688-P  a   0.384  -0.038   9.934  g  -0.000  -0.005   0.000[0m
[1;32muart:~$ [m[8D[J[00:00:40.257,000] [0m<inf> imu: LSM6DS3TR-C  a   0.119   0.062  10.239  g   0.024  -0.060   0.013[0m
[1;32muart:~$ [m[8D[J[00:00:40.259,000] [0m<inf> imu: LSM6DSV16X   a   0.409   0.145  10.527  g  -0.011   0.002  -0.003[0m
[1;32muart:~$ [m[8D[J[1;32muart:~$ [m[8D[J[00:00:40.259,000] [0m<inf> imu: ICM-42688-P  a   0.379  -0.032   9.922  g   0.000  -0.005  -0.001[0m
[1;32muart:~$ [m[8D[J[00:00:40.310,000] [0m<inf> imu: LSM6DS3TR-C  a   0.135   0.047  10.220  g   0.022  -0.060   0.013[0m
[1;32muart:~$ [m[8D[J[1;32muart:~$ [m[8D[J[00:00:40.311,000] [0m<inf> imu: LSM6DSV16X   a   0.404   0.139  10.521  g  -0.012   0.002  -0.003[0m
[1;32muart:~$ [m[8D[J[00:00:40.312,000] [0m<inf> imu: ICM-42688-P  a   0.384  -0.034   9.928  g   0.001  -0.005  -0.001[0m
[1;32muart:~$ [m[8D[J[00:00:40.363,000] [0m<inf> imu: LSM6DS3TR-C  a   0.140   0.039  10.213  g   0.023  -0.061   0.014[0m
[1;32muart:~$ [m[8D[J[00:00:40.363,000] [0m<inf> imu: LSM6DSV16X   a   0.407   0.145  10.526  g  -0.011   0.002  -0.002[0m
[1;32muart:~$ [m[8D[J[1;32muart:~$ [m[8D[J[00:00:40.364,000] [0m<inf> imu: ICM-42688-P  a   0.384  -0.026   9.938  g   0.000  -0.004   0.000[0m
[1;32muart:~$ [m[8D[J[00:00:40.415,000] [0m<inf> imu: LSM6DS3TR-C  a   0.131   0.068  10.204  g   0.024  -0.060   0.014[0m
[1;32muart:~$ [m[8D[J[1;32muart:~$ [m[8D[J[00:00:40.416,000] [0m<inf> imu: LSM6DSV16X   a   0.407   0.139  10.524  g  -0.011   0.001  -0.002[0m
[1;32muart:~$ [m[8D[J[00:00:40.416,000] [0m<inf> imu: ICM-42688-P  a   0.384  -0.040   9.931  g  -0.001  -0.005  -0.000[0m
[1;32muart:~$ [m[8D[J[00:00:40.467,000] [0m<inf> imu: LSM6DS3TR-C  a   0.110   0.057  10.167  g   0.024  -0.061   0.014[0m
[1;32muart:~$ [m[8D[J[00:00:40.468,000] [0m<inf> imu: LSM6DSV16X   a   0.404   0.142  10.521  g  -0.011   0.002  -0.002[0m
[1;32muart:~$ [m[8D[J[1;32muart:~$ [m[8D[J[00:00:40.468,000] [0m<inf> imu: ICM-42688-P  a   0.385  -0.040   9.926  g  -0.001  -0.004  -0.001[0m
[1;32muart:~$ [m[8D[J[00:00:40.519,000] [0m<inf> imu: LSM6DS3TR-C  a   0.141   0.055  10.193  g   0.024  -0.061   0.014[0m
[1;32muart:~$ [m[8D[J[1;32muart:~$ [m[8D[J[00:00:40.520,000] [0m<inf> imu: LSM6DSV16X   a   0.409   0.148  10.509  g  -0.011   0.002  -0.003[0m
[1;32muart:~$ [m[8D[J[00:00:40.520,000] [0m<inf> imu: ICM-42688-P  a   0.378  -0.026   9.918  g  -0.001  -0.005   0.000[0m
[1;32muart:~$ [m[8D[J[00:00:40.572,000] [0m<inf> imu: LSM6DS3TR-C  a   0.134   0.063  10.169  g   0.024  -0.061   0.014[0m
[1;32muart:~$ [m[8D[J[00:00:40.572,000] [0m<inf> imu: LSM6DSV16X   a   0.402   0.142  10.529  g  -0.011   0.002  -0.003[0m
[1;32muart:~$ [m[8D[J[1;32muart:~$ [m[8D[J[00:00:40.573,000] [0m<inf> imu: ICM-42688-P  a   0.379  -0.030   9.931  g  -0.001  -0.005   0.001[0m
[1;32muart:~$ [m[8D[J[00:00:40.624,000] [0m<inf> imu: LSM6DS3TR-C  a   0.120   0.060  10.190  g   0.024  -0.060   0.014[0m
[1;32muart:~$ [m[8D[J[1;32muart:~$ [m[8D[J[00:00:40.625,000] [0m<inf> imu: LSM6DSV16X   a   0.412   0.145  10.519  g  -0.012   0.002  -0.003[0m
[1;32muart:~$ [m[8D[J[00:00:40.625,000] [0m<inf> imu: ICM-42688-P  a   0.384  -0.035   9.937  g  -0.000  -0.005   0.000[0m
[1;32muart:~$ [m[8D[J[00:00:40.676,000] [0m<inf> imu: LSM6DS3TR-C  a   0.144   0.059  10.195  g   0.023  -0.059   0.013[0m
[1;32muart:~$ [m[8D[J[1;32muart:~$ [m[8D[J[00:00:40.677,000] [0m<inf> imu: LSM6DSV16X   a   0.404   0.148  10.512  g  -0.012   0.003  -0.002[0m
[1;32muart:~$ [m[8D[J[00:00:40.677,000] [0m<inf> imu: ICM-42688-P  a   0.384  -0.035   9.944  g  -0.000  -0.005   0.000[0m
[1;32muart:~$ [m[8D[J[00:00:40.729,000] [0m<inf> imu: LSM6DS3TR-C  a   0.117   0.063  10.168  g   0.022  -0.059   0.016[0m
[1;32muart:~$ [m[8D[J[1;32muart:~$ [m[8D[J[00:00:40.730,000] [0m<inf> imu: LSM6DSV16X   a   0.407   0.143  10.519  g  -0.011   0.002  -0.003[0m
[1;32muart:~$ [m[8D[J[00:00:40.731,000] [0m<inf> imu: ICM-42688-P  a   0.387  -0.038   9.926  g  -0.000  -0.004   0.001[0m
[1;32muart:~$ [m[8D[J[00:00:40.782,000] [0m<inf> imu: LSM6DS3TR-C  a   0.126   0.063  10.220  g   0.024  -0.060   0.015[0m
[1;32muart:~$ [m[8D[J[1;32muart:~$ [m[8D[J[00:00:40.782,000] [0m<inf> imu: LSM6DSV16X   a   0.412   0.146  10.524  g  -0.012   0.002  -0.003[0m
[1;32muart:~$ [m[8D[J[00:00:40.783,000] [0m<inf> imu: ICM-42688-P  a   0.379  -0.031   9.920  g   0.000  -0.005  -0.000[0m
[1;32muart:~$ [m[8D[J[00:00:40.834,000] [0m<inf> imu: LSM6DS3TR-C  a   0.118   0.054  10.193  g   0.026  -0.060   0.013[0m
[1;32muart:~$ [m[8D[J[1;32muart:~$ [m[8D[J[00:00:40.836,000] [0m<inf> imu: LSM6DSV16X   a   0.407   0.139  10.516  g  -0.011   0.002  -0.003[0m
[1;32muart:~$ [m[8D[J[00:00:40.836,000] [0m<inf> imu: ICM-42688-P  a   0.385  -0.029   9.929  g   0.000  -0.005   0.001[0m
[1;32muart:~$ [m[8D[J[00:00:40.887,000] [0m<inf> imu: LSM6DS3TR-C  a   0.127   0.038  10.201  g   0.023  -0.061   0.013[0m
[1;32muart:~$ [m[8D[J[1;32muart:~$ [m[8D[J[00:00:40.888,000] [0m<inf> imu: LSM6DSV16X   a   0.410   0.150  10.530  g  -0.012   0.002  -0.002[0m
[1;32muart:~$ [m[8D[J[00:00:40.889,000] [0m<inf> imu: ICM-42688-P  a   0.393  -0.040   9.925  g  -0.001  -0.004   0.000[0m
[1;32muart:~$ [m[8D[J[00:00:40.940,000] [0m<inf> imu: LSM6DS3TR-C  a   0.157   0.067  10.195  g   0.024  -0.059   0.015[0m
[1;32muart:~$ [m[8D[J[1;32muart:~$ [m[8D[J[00:00:40.942,000] [0m<inf> imu: LSM6DSV16X   a   0.405   0.145  10.526  g  -0.013   0.002  -0.002[0m
[1;32muart:~$ [m[8D[J[00:00:40.942,000] [0m<inf> imu: ICM-42688-P  a   0.381  -0.043   9.934  g  -0.000  -0.005   0.001[0m
[1;32muart:~$ [m[8D[J[00:00:40.993,000] [0m<inf> imu: LSM6DS3TR-C  a   0.110   0.045  10.182  g   0.026  -0.060   0.013[0m
[1;32muart:~$ [m[8D[J[1;32muart:~$ [m[8D[J[00:00:40.994,000] [0m<inf> imu: LSM6DSV16X   a   0.400   0.144  10.523  g  -0.011   0.001  -0.002[0m
[1;32muart:~$ [m[8D[J[00:00:40.995,000] [0m<inf> imu: ICM-42688-P  a   0.385  -0.031   9.934  g   0.000  -0.005  -0.001[0m
[1;32muart:~$ [m[8D[J[1;32muart:~$ [m[8D[J[00:00:41.046,000] [0m<inf> imu: LSM6DS3TR-C  a   0.101   0.090  10.207  g   0.024  -0.060   0.012[0m
[1;32muart:~$ [m[8D[J[00:00:41.046,000] [0m<inf> imu: LSM6DSV16X   a   0.407   0.146  10.524  g  -0.011   0.002  -0.003[0m
[1;32muart:~$ [m[8D[J[00:00:41.047,000] [0m<inf> imu: ICM-42688-P  a   0.385  -0.040   9.930  g  -0.001  -0.005  -0.000[0m
[1;32muart:~$ [m[8D[J[00:00:41.098,000] [0m<inf> imu: LSM6DS3TR-C  a   0.108   0.052  10.220  g   0.024  -0.060   0.014[0m
[1;32muart:~$ [m[8D[J[1;32muart:~$ [m[8D[J[00:00:41.099,000] [0m<inf> imu: LSM6DSV16X   a   0.405   0.148  10.528  g  -0.011   0.002  -0.003[0m
[1;32muart:~$ [m[8D[J[00:00:41.099,000] [0m<inf> imu: ICM-42688-P  a   0.393  -0.042   9.922  g   0.001  -0.005   0.000[0m
[1;32muart:~$ [m[8D[J[1;32muart:~$ [m[8D[J[00:00:41.150,000] [0m<inf> imu: LSM6DS3TR-C  a   0.122   0.029  10.203  g   0.024  -0.060   0.016[0m
[1;32muart:~$ [m[8D[J[00:00:41.151,000] [0m<inf> imu: LSM6DSV16X   a   0.403   0.147  10.523  g  -0.011   0.002  -0.002[0m
[1;32muart:~$ [m[8D[J[00:00:41.151,000] [0m<inf> imu: ICM-42688-P  a   0.376  -0.028   9.926  g   0.001  -0.006  -0.001[0m
[1;32muart:~$ [m[8D[J[00:00:41.202,000] [0m<inf> imu: LSM6DS3TR-C  a   0.151   0.037  10.204  g   0.026  -0.060   0.015[0m
[1;32muart:~$ [m[8D[J[1;32muart:~$ [m[8D[J[00:00:41.203,000] [0m<inf> imu: LSM6DSV16X   a   0.398   0.144  10.538  g  -0.011   0.002  -0.003[0m
[1;32muart:~$ [m[8D[J[00:00:41.204,000] [0m<inf> imu: ICM-42688-P  a   0.378  -0.042   9.935  g  -0.001  -0.005  -0.000[0m
[1;32muart:~$ [m[8D[J[1;32muart:~$ [m[8D[J[00:00:41.255,000] [0m<inf> imu: LSM6DS3TR-C  a   0.121   0.076  10.142  g   0.024  -0.060   0.012[0m
[1;32muart:~$ [m[8D[J[00:00:41.255,000] [0m<inf> imu: LSM6DSV16X   a   0.411   0.148  10.526  g  -0.012   0.002  -0.003[0m
[1;32muart:~$ [m[8D[J[00:00:41.256,000] [0m<inf> imu: ICM-42688-P  a   0.385  -0.036   9.929  g  -0.000  -0.005  -0.001[0m
[1;32muart:~$ [m[8D[J[00:00:41.307,000] [0m<inf> imu: LSM6DS3TR-C  a   0.126   0.036  10.202  g   0.024  -0.061   0.015[0m
[1;32muart:~$ [m[8D[J[1;32muart:~$ [m[8D[J[00:00:41.308,000] [0m<inf> imu: LSM6DSV16X   a   0.405   0.144  10.528  g  -0.011   0.002  -0.003[0m
[1;32muart:~$ [m[8D[J[00:00:41.308,000] [0m<inf> imu: ICM-42688-P  a   0.375  -0.034   9.946  g   0.000  -0.005   0.000[0m
[1;32muart:~$ [m[8D[J[1;32muart:~$ [m[8D[J[00:00:41.359,000] [0m<inf> imu: LSM6DS3TR-C  a   0.155   0.053  10.180  g   0.024  -0.061   0.014[0m
[1;32muart:~$ [m[8D[J[00:00:41.360,000] [0m<inf> imu: LSM6DSV16X   a   0.407   0.147  10.518  g  -0.012   0.003  -0.002[0m
[1;32muart:~$ [m[8D[J[00:00:41.360,000] [0m<inf> imu: ICM-42688-P  a   0.381  -0.040   9.936  g   0.000  -0.005  -0.001[0m
[1;32muart:~$ [m[8D[J[1;32muart:~$ [m[8D[J[00:00:41.412,000] [0m<inf> imu: LSM6DS3TR-C  a   0.134   0.033  10.186  g   0.025  -0.060   0.013[0m
[1;32muart:~$ [m[8D[J[00:00:41.412,000] [0m<inf> imu: LSM6DSV16X   a   0.412   0.145  10.521  g  -0.010   0.002  -0.002[0m
[1;32muart:~$ [m[8D[J[00:00:41.413,000] [0m<inf> imu: ICM-42688-P  a   0.387  -0.028   9.925  g  -0.001  -0.004  -0.000[0m
[1;32muart:~$ [m[8D[J[1;32muart:~$ [m[8D[J[00:00:41.464,000] [0m<inf> imu: LSM6DS3TR-C  a   0.132   0.039  10.236  g   0.024  -0.059   0.014[0m
[1;32muart:~$ [m[8D[J[00:00:41.465,000] [0m<inf> imu: LSM6DSV16X   a   0.407   0.144  10.512  g  -0.011   0.002  -0.003[0m
[1;32muart:~$ [m[8D[J[00:00:41.466,000] [0m<inf> imu: ICM-42688-P  a   0.384  -0.028   9.929  g  -0.001  -0.005   0.000[0m
[1;32muart:~$ [m[8D[J[1;32muart:~$ [m[8D[J[00:00:41.517,000] [0m<inf> imu: LSM6DS3TR-C  a   0.136   0.050  10.170  g   0.023  -0.061   0.013[0m
[1;32muart:~$ [m[8D[J[00:00:41.518,000] [0m<inf> imu: LSM6DSV16X   a   0.403   0.148  10.521  g  -0.012   0.002  -0.002[0m
[1;32muart:~$ [m[8D[J[00:00:41.518,000] [0m<inf> imu: ICM-42688-P  a   0.381  -0.028   9.930  g   0.001  -0.005   0.000[0m
[1;32muart:~$ [m[8D[J[1;32muart:~$ [m[8D[J[00:00:41.570,000] [0m<inf> imu: LSM6DS3TR-C  a   0.140   0.048  10.202  g   0.025  -0.059   0.014[0m
[1;32muart:~$ [m[8D[J[00:00:41.571,000] [0m<inf> imu: LSM6DSV16X   a   0.405   0.145  10.522  g  -0.011   0.001  -0.003[0m
[1;32muart:~$ [m[8D[J[00:00:41.572,000] [0m<inf> imu: ICM-42688-P  a   0.385  -0.038   9.936  g   0.000  -0.005  -0.000[0m
[1;32muart:~$ [m[8D[J[1;32muart:~$ [m[8D[J[00:00:41.623,000] [0m<inf> imu: LSM6DS3TR-C  a   0.114   0.042  10.190  g   0.025  -0.063   0.011[0m
[1;32muart:~$ [m[8D[J[00:00:41.624,000] [0m<inf> imu: LSM6DSV16X   a   0.404   0.144  10.526  g  -0.011   0.002  -0.002[0m
[1;32muart:~$ [m[8D[J[1;32muart:~$ [m[8D[J[00:00:41.624,000] [0m<inf> imu: ICM-42688-P  a   0.379  -0.022   9.935  g   0.000  -0.004   0.000[0m
[1;32muart:~$ [m[8D[J[00:00:41.676,000] [0m<inf> imu: LSM6DS3TR-C  a   0.118   0.066  10.189  g   0.024  -0.060   0.014[0m
[1;32muart:~$ [m[8D[J[00:00:41.677,000] [0m<inf> imu: LSM6DSV16X   a   0.409   0.146  10.517  g  -0.012   0.002  -0.002[0m
[1;32muart:~$ [m[8D[J[00:00:41.678,000] [0m<inf> imu: ICM-42688-P  a   0.393  -0.036   9.923  g  -0.001  -0.005  -0.001[0m
[1;32muart:~$ [m[8D[J[1;32muart:~$ [m[8D[J[00:00:41.729,000] [0m<inf> imu: LSM6DS3TR-C  a   0.127   0.043  10.199  g   0.024  -0.059   0.014[0m
[1;32muart:~$ [m[8D[J[00:00:41.730,000] [0m<inf> imu: LSM6DSV16X   a   0.406   0.141  10.521  g  -0.011   0.002  -0.002[0m
[1;32muart:~$ [m[8D[J[1;32muart:~$ [m[8D[J[00:00:41.730,000] [0m<inf> imu: ICM-42688-P  a   0.379  -0.038   9.925  g  -0.001  -0.004  -0.000[0m
[1;32muart:~$ [m[8D[J[00:00:41.781,000] [0m<inf> imu: LSM6DS3TR-C  a   0.117   0.048  10.198  g   0.024  -0.059   0.013[0m
[1;32muart:~$ [m[8D[J[00:00:41.782,000] [0m<inf> imu: LSM6DSV16X   a   0.407   0.145  10.524  g  -0.012   0.003  -0.003[0m
[1;32muart:~$ [m[8D[J[00:00:41.783,000] [0m<inf> imu: ICM-42688-P  a   0.384  -0.043   9.940  g  -0.000  -0.005  -0.001[0m
[1;32muart:~$ [m[8D[J[1;32muart:~$ [m[8D[J[00:00:41.834,000] [0m<inf> imu: LSM6DS3TR-C  a   0.105   0.056  10.164  g   0.024  -0.060   0.015[0m
[1;32muart:~$ [m[8D[J[00:00:41.834,000] [0m<inf> imu: LSM6DSV16X   a   0.413   0.148  10.525  g  -0.011   0.001  -0.003[0m
[1;32muart:~$ [m[8D[J[1;32muart:~$ [m[8D[J[00:00:41.835,000] [0m<inf> imu: ICM-42688-P  a   0.379  -0.030   9.919  g   0.000  -0.005   0.000[0m
[1;32muart:~$ [m[8D[J[00:00:41.886,000] [0m<inf> imu: LSM6DS3TR-C  a   0.114   0.093  10.173  g   0.025  -0.060   0.014[0m
[1;32muart:~$ [m[8D[J[00:00:41.887,000] [0m<inf> imu: LSM6DSV16X   a   0.407   0.148  10.524  g  -0.012   0.001  -0.003[0m
[1;32muart:~$ [m[8D[J[00:00:41.887,000] [0m<inf> imu: ICM-42688-P  a   0.382  -0.035   9.930  g  -0.001  -0.004   0.000[0m
[1;32muart:~$ [m[8D[J[1;32muart:~$ [m[8D[J[00:00:41.938,000] [0m<inf> imu: LSM6DS3TR-C  a   0.129   0.069  10.187  g   0.025  -0.061   0.014[0m
[1;32muart:~$ [m[8D[J[00:00:41.939,000] [0m<inf> imu: LSM6DSV16X   a   0.410   0.144  10.533  g  -0.010   0.002  -0.003[0m
[1;32muart:~$ [m[8D[J[1;32muart:~$ [m[8D[J[00:00:41.939,000] [0m<inf> imu: ICM-42688-P  a   0.384  -0.040   9.934  g  -0.000  -0.005   0.000[0m
[1;32muart:~$ [m[8D[J[00:00:41.990,000] [0m<inf> imu: LSM6DS3TR-C  a   0.120   0.055  10.175  g   0.022  -0.060   0.012[0m
[1;32muart:~$ [m[8D[J[00:00:41.991,000] [0m<inf> imu: LSM6DSV16X   a   0.404   0.149  10.515  g  -0.011   0.002  -0.002[0m
[1;32muart:~$ [m[8D[J[00:00:41.992,000] [0m<inf> imu: ICM-42688-P  a   0.391  -0.032   9.922  g   0.000  -0.005  -0.001[0m
[1;32muart:~$ [m[8D[J[1;32muart:~$ [m[8D[J[00:00:42.043,000] [0m<inf> imu: LSM6DS3TR-C  a   0.142   0.054  10.194  g   0.024  -0.061   0.015[0m
[1;32muart:~$ [m[8D[J[00:00:42.043,000] [0m<inf> imu: LSM6DSV16X   a   0.407   0.144  10.525  g  -0.012   0.002  -0.002[0m
[1;32muart:~$ [m[8D[J[1;32muart:~$ [m[8D[J[00:00:42.044,000] [0m<inf> imu: ICM-42688-P  a   0.397  -0.038   9.937  g  -0.000  -0.005  -0.000[0m
[1;32muart:~$ [m[8D[J[00:00:42.095,000] [0m<inf> imu: LSM6DS3TR-C  a   0.138   0.047  10.180  g   0.024  -0.060   0.016[0m
[1;32muart:~$ [m[8D[J[00:00:42.096,000] [0m<inf> imu: LSM6DSV16X   a   0.404   0.142  10.519  g  -0.011   0.002  -0.002[0m
[1;32muart:~$ [m[8D[J[1;32muart:~$ [m[8D[J[00:00:42.097,000] [0m<inf> imu: ICM-42688-P  a   0.383  -0.041   9.943  g   0.000  -0.005   0.000[0m
[1;32muart:~$ [m[8D[J[00:00:42.148,000] [0m<inf> imu: LSM6DS3TR-C  a   0.112   0.054  10.164  g   0.024  -0.060   0.013[0m
[1;32muart:~$ [m[8D[J[00:00:42.149,000] [0m<inf> imu: LSM6DSV16X   a   0.407   0.144  10.517  g  -0.010   0.003  -0.002[0m
[1;32muart:~$ [m[8D[J[1;32muart:~$ [m[8D[J[00:00:42.149,000] [0m<inf> imu: ICM-42688-P  a   0.376  -0.047   9.931  g  -0.000  -0.005  -0.001[0m
[1;32muart:~$ [m[8D[J[00:00:42.201,000] [0m<inf> imu: LSM6DS3TR-C  a   0.120   0.044  10.235  g   0.024  -0.061   0.013[0m
[1;32muart:~$ [m[8D[J[00:00:42.202,000] [0m<inf> imu: LSM6DSV16X   a   0.404   0.148  10.519  g  -0.012   0.002  -0.003[0m
[1;32muart:~$ [m[8D[J[1;32muart:~$ [m[8D[J[00:00:42.203,000] [0m<inf> imu: ICM-42688-P  a   0.376  -0.041   9.923  g  -0.000  -0.005   0.000[0m
[1;32muart:~$ [m[8D[J[00:00:42.254,000] [0m<inf> imu: LSM6DS3TR-C  a   0.141   0.054  10.216  g   0.024  -0.059   0.014[0m
[1;32muart:~$ [m[8D[J[00:00:42.255,000] [0m<inf> imu: LSM6DSV16X   a   0.404   0.146  10.521  g  -0.012   0.002  -0.002[0m
[1;32muart:~$ [m[8D[J[1;32muart:~$ [m[8D[J[00:00:42.255,000] [0m<inf> imu: ICM-42688-P  a   0.383  -0.029   9.930  g   0.000  -0.004   0.000[0m
[1;32muart:~$ [m[8D[J[00:00:42.307,000] [0m<inf> imu: LSM6DS3TR-C  a   0.145   0.051  10.183  g   0.025  -0.060   0.014[0m
[1;32muart:~$ [m[8D[J[00:00:42.308,000] [0m<inf> imu: LSM6DSV16X   a   0.403   0.148  10.521  g  -0.011   0.002  -0.002[0m
[1;32muart:~$ [m[8D[J[1;32muart:~$ [m[8D[J[00:00:42.309,000] [0m<inf> imu: ICM-42688-P  a   0.379  -0.040   9.914  g   0.000  -0.005  -0.001[0m
[1;32muart:~$ [m[8D[J[00:00:42.360,000] [0m<inf> imu: LSM6DS3TR-C  a   0.146   0.058  10.225  g   0.023  -0.062   0.015[0m
[1;32muart:~$ [m[8D[J[00:00:42.361,000] [0m<inf> imu: LSM6DSV16X   a   0.409   0.139  10.529  g  -0.012   0.002  -0.002[0m
[1;32muart:~$ [m[8D[J[1;32muart:~$ [m[8D[J[00:00:42.361,000] [0m<inf> imu: ICM-42688-P  a   0.379  -0.043   9.936  g  -0.001  -0.004  -0.001[0m
[1;32muart:~$ [m[8D[J[00:00:42.413,000] [0m<inf> imu: LSM6DS3TR-C  a   0.095   0.056  10.149  g   0.024  -0.062   0.012[0m
[1;32muart:~$ [m[8D[J[00:00:42.414,000] [0m<inf> imu: LSM6DSV16X   a   0.412   0.139  10.524  g  -0.011   0.002  -0.002[0m
[1;32muart:~$ [m[8D[J[1;32muart:~$ [m[8D[J[00:00:42.415,000] [0m<inf> imu: ICM-42688-P  a   0.388  -0.037   9.932  g   0.000  -0.005   0.000[0m
[1;32muart:~$ [m[8D[J[00:00:42.466,000] [0m<inf> imu: LSM6DS3TR-C  a   0.175   0.052  10.165  g   0.023  -0.061   0.013[0m
[1;32muart:~$ [m[8D[J[00:00:42.467,000] [0m<inf> imu: LSM6DSV16X   a   0.412   0.143  10.519  g  -0.011   0.002  -0.002[0m
[1;32muart:~$ [m[8D[J[1;32muart:~$ [m[8D[J[00:00:42.467,000] [0m<inf> imu: ICM-42688-P  a   0.375  -0.026   9.923  g  -0.000  -0.005  -0.001[0m
[1;32muart:~$ [m[8D[J[00:00:42.518,000] [0m<inf> imu: LSM6DS3TR-C  a   0.143   0.062  10.224  g   0.024  -0.061   0.013[0m
[1;32muart:~$ [m[8D[J[1;32muart:~$ [m[8D[J[00:00:42.519,000] [0m<inf> imu: LSM6DSV16X   a   0.403   0.142  10.525  g  -0.010   0.002  -0.002[0m
[1;32muart:~$ [m[8D[J[00:00:42.520,000] [0m<inf> imu: ICM-42688-P  a   0.377  -0.034   9.942  g   0.000  -0.005   0.000[0m
[1;32muart:~$ [m[8D[J[00:00:42.571,000] [0m<inf> imu: LSM6DS3TR-C  a   0.141   0.071  10.241  g   0.023  -0.061   0.013[0m
[1;32muart:~$ [m[8D[J[00:00:42.571,000] [0m<inf> imu: LSM6DSV16X   a   0.409   0.141  10.514  g  -0.011   0.002  -0.002[0m
[1;32muart:~$ [m[8D[J[1;32muart:~$ [m[8D[J[00:00:42.572,000] [0m<inf> imu: ICM-42688-P  a   0.373  -0.034   9.930  g   0.000  -0.005  -0.001[0m
[1;32muart:~$ [m[8D[J[00:00:42.623,000] [0m<inf> imu: LSM6DS3TR-C  a   0.084   0.048  10.220  g   0.023  -0.061   0.016[0m
[1;32muart:~$ [m[8D[J[1;32muart:~$ [m[8D[J[00:00:42.624,000] [0m<inf> imu: LSM6DSV16X   a   0.405   0.144  10.519  g  -0.012   0.003  -0.002[0m
[1;32muart:~$ [m[8D[J[00:00:42.624,000] [0m<inf> imu: ICM-42688-P  a   0.363  -0.035   9.923  g  -0.001  -0.005   0.000[0m
[1;32muart:~$ [m[8D[J[00:00:42.675,000] [0m<inf> imu: LSM6DS3TR-C  a   0.132   0.052  10.196  g   0.025  -0.062   0.015[0m
[1;32muart:~$ [m[8D[J[00:00:42.676,000] [0m<inf> imu: LSM6DSV16X   a   0.409   0.141  10.514  g  -0.012   0.002  -0.002[0m
[1;32muart:~$ [m[8D[J[1;32muart:~$ [m[8D[J[00:00:42.676,000] [0m<inf> imu: ICM-42688-P  a   0.393  -0.028   9.935  g   0.000  -0.005   0.000[0m
[1;32muart:~$ [m[8D[J[00:00:42.727,000] [0m<inf> imu: LSM6DS3TR-C  a   0.129   0.052  10.194  g   0.024  -0.060   0.013[0m
[1;32muart:~$ [m[8D[J[1;32muart:~$ [m[8D[J[00:00:42.728,000] [0m<inf> imu: LSM6DSV16X   a   0.401   0.147  10.514  g  -0.012   0.002  -0.002[0m
[1;32muart:~$ [m[8D[J[00:00:42.729,000] [0m<inf> imu: ICM-42688-P  a   0.375  -0.038   9.942  g   0.000  -0.004  -0.001[0m
[1;32muart:~$ [m[8D[J[00:00:42.780,000] [0m<inf> imu: LSM6DS3TR-C  a   0.096   0.103  10.193  g   0.024  -0.059   0.013[0m
[1;32muart:~$ [m[8D[J[00:00:42.780,000] [0m<inf> imu: LSM6DSV16X   a   0.409   0.141  10.525  g  -0.011   0.002  -0.002[0m
[1;32muart:~$ [m[8D[J[1;32muart:~$ [m[8D[J[00:00:42.781,000] [0m<inf> imu: ICM-42688-P  a   0.376  -0.038   9.928  g  -0.001  -0.004   0.000[0m
[1;32muart:~$ [m[8D[J[00:00:42.832,000] [0m<inf> imu: LSM6DS3TR-C  a   0.121   0.057  10.190  g   0.021  -0.059   0.015[0m
[1;32muart:~$ [m[8D[J[1;32muart:~$ [m[8D[J[00:00:42.833,000] [0m<inf> imu: LSM6DSV16X   a   0.407   0.141  10.523  g  -0.012   0.002  -0.002[0m
[1;32muart:~$ [m[8D[J[00:00:42.833,000] [0m<inf> imu: ICM-42688-P  a   0.376  -0.030   9.929  g  -0.001  -0.005  -0.001[0m
[1;32muart:~$ [m[8D[J[00:00:42.884,000] [0m<inf> imu: LSM6DS3TR-C  a   0.130   0.029  10.175  g   0.023  -0.059   0.014[0m
[1;32muart:~$ [m[8D[J[00:00:42.885,000] [0m<inf> imu: LSM6DSV16X   a   0.404   0.144  10.518  g  -0.012   0.002  -0.002[0m
[1;32muart:~$ [m[8D[J[1;32muart:~$ [m[8D[J[00:00:42.885,000] [0m<inf> imu: ICM-42688-P  a   0.385  -0.036   9.937  g  -0.001  -0.005   0.000[0m
[1;32muart:~$ [m[8D[J[00:00:42.936,000] [0m<inf> imu: LSM6DS3TR-C  a   0.112   0.033  10.208  g   0.023  -0.060   0.014[0m
[1;32muart:~$ [m[8D[J[1;32muart:~$ [m[8D[J[00:00:42.937,000] [0m<inf> imu: LSM6DSV16X   a   0.410   0.150  10.527  g  -0.012   0.002  -0.002[0m
[1;32muart:~$ [m[8D[J[00:00:42.937,000] [0m<inf> imu: ICM-42688-P  a   0.381  -0.042   9.923  g   0.000  -0.006   0.000[0m
[1;32muart:~$ [m[8D[J[00:00:42.989,000] [0m<inf> imu: LSM6DS3TR-C  a   0.123   0.060  10.182  g   0.024  -0.063   0.013[0m
[1;32muart:~$ [m[8D[J[00:00:42.990,000] [0m<inf> imu: LSM6DSV16X   a   0.407   0.151  10.528  g  -0.012   0.002  -0.003[0m
[1;32muart:~$ [m[8D[J[1;32muart:~$ [m[8D[J[00:00:42.991,000] [0m<inf> imu: ICM-42688-P  a   0.379  -0.035   9.919  g   0.000  -0.005   0.000[0m
[1;32muart:~$ [m[8D[J[00:00:43.042,000] [0m<inf> imu: LSM6DS3TR-C  a   0.100   0.054  10.221  g   0.024  -0.062   0.015[0m
[1;32muart:~$ [m[8D[J[1;32muart:~$ [m[8D[J[00:00:43.043,000] [0m<inf> imu: LSM6DSV16X   a   0.404   0.141  10.519  g  -0.012   0.002  -0.002[0m
[1;32muart:~$ [m[8D[J[00:00:43.043,000] [0m<inf> imu: ICM-42688-P  a   0.391  -0.032   9.944  g  -0.001  -0.005   0.000[0m
[1;32muart:~$ [m[8D[J[00:00:43.095,000] [0m<inf> imu: LSM6DS3TR-C  a   0.127   0.048  10.171  g   0.023  -0.061   0.016[0m
[1;32muart:~$ [m[8D[J[00:00:43.096,000] [0m<inf> imu: LSM6DSV16X   a   0.404   0.146  10.516  g  -0.012   0.002  -0.002[0m
[1;32muart:~$ [m[8D[J[1;32muart:~$ [m[8D[J[00:00:43.097,000] [0m<inf> imu: ICM-42688-P  a   0.395  -0.040   9.924  g  -0.000  -0.004   0.000[0m
[1;32muart:~$ [m[8D[J[00:00:43.148,000] [0m<inf> imu: LSM6DS3TR-C  a   0.110   0.039  10.184  g   0.023  -0.060   0.014[0m
[1;32muart:~$ [m[8D[J[1;32muart:~$ [m[8D[J[00:00:43.149,000] [0m<inf> imu: LSM6DSV16X   a   0.403   0.145  10.519  g  -0.012   0.003  -0.002[0m
[1;32muart:~$ [m[8D[J[00:00:43.149,000] [0m<inf> imu: ICM-42688-P  a   0.385  -0.040   9.924  g   0.000  -0.005  -0.001[0m
[1;32muart:~$ [m[8D[J[00:00:43.201,000] [0m<inf> imu: LSM6DS3TR-C  a   0.133   0.032  10.177  g   0.022  -0.060   0.013[0m
[1;32muart:~$ [m[8D[J[1;32muart:~$ [m[8D[J[00:00:43.202,000] [0m<inf> imu: LSM6DSV16X   a   0.409   0.142  10.516  g  -0.011   0.002  -0.003[0m
[1;32muart:~$ [m[8D[J[00:00:43.202,000] [0m<inf> imu: ICM-42688-P  a   0.376  -0.043   9.926  g  -0.001  -0.005   0.000[0m
[1;32muart:~$ [m[8D[J[00:00:43.253,000] [0m<inf> imu: LSM6DS3TR-C  a   0.166   0.051  10.210  g   0.021  -0.059   0.015[0m
[1;32muart:~$ [m[8D[J[1;32muart:~$ [m[8D[J[00:00:43.254,000] [0m<inf> imu: LSM6DSV16X   a   0.404   0.147  10.527  g  -0.011   0.002  -0.002[0m
[1;32muart:~$ [m[8D[J[00:00:43.255,000] [0m<inf> imu: ICM-42688-P  a   0.378  -0.029   9.924  g   0.000  -0.005   0.000[0m
[1;32muart:~$ [m[8D[J[00:00:43.306,000] [0m<inf> imu: LSM6DS3TR-C  a   0.129   0.059  10.168  g   0.023  -0.060   0.013[0m
[1;32muart:~$ [m[8D[J[1;32muart:~$ [m[8D[J[00:00:43.308,000] [0m<inf> imu: LSM6DSV16X   a   0.401   0.144  10.527  g  -0.012   0.002  -0.002[0m
[1;32muart:~$ [m[8D[J[00:00:43.308,000] [0m<inf> imu: ICM-42688-P  a   0.393  -0.040   9.932  g   0.001  -0.006  -0.000[0m
[1;32muart:~$ [m[8D[J[00:00:43.360,000] [0m<inf> imu: LSM6DS3TR-C  a   0.109   0.051  10.220  g   0.025  -0.060   0.013[0m
[1;32muart:~$ [m[8D[J[1;32muart:~$ [m[8D[J[00:00:43.360,000] [0m<inf> imu: LSM6DSV16X   a   0.412   0.147  10.521  g  -0.011   0.003  -0.002[0m
[1;32muart:~$ [m[8D[J[00:00:43.361,000] [0m<inf> imu: ICM-42688-P  a   0.382  -0.028   9.932  g   0.000  -0.004  -0.000[0m
[1;32muart:~$ [m[8D[J[00:00:43.413,000] [0m<inf> imu: LSM6DS3TR-C  a   0.104   0.052  10.182  g   0.024  -0.061   0.013[0m
[1;32muart:~$ [m[8D[J[1;32muart:~$ [m[8D[J[00:00:43.414,000] [0m<inf> imu: LSM6DSV16X   a   0.407   0.141  10.524  g  -0.012   0.003  -0.002[0m
[1;32muart:~$ [m[8D[J[00:00:43.415,000] [0m<inf> imu: ICM-42688-P  a   0.372  -0.043   9.918  g   0.000  -0.005   0.000[0m
[1;32muart:~$ [m[8D[J[00:00:43.466,000] [0m<inf> imu: LSM6DS3TR-C  a   0.115   0.057  10.201  g   0.026  -0.060   0.014[0m
[1;32muart:~$ [m[8D[J[1;32muart:~$ [m[8D[J[00:00:43.466,000] [0m<inf> imu: LSM6DSV16X   a   0.412   0.151  10.517  g  -0.011   0.002  -0.003[0m
[1;32muart:~$ [m[8D[J[00:00:43.467,000] [0m<inf> imu: ICM-42688-P  a   0.387  -0.035   9.943  g   0.000  -0.005  -0.000[0m
[1;32muart:~$ [m[8D[J[00:00:43.519,000] [0m<inf> imu: LSM6DS3TR-C  a   0.131   0.058  10.160  g   0.023  -0.060   0.013[0m
[1;32muart:~$ [m[8D[J[1;32muart:~$ [m[8D[J[00:00:43.520,000] [0m<inf> imu: LSM6DSV16X   a   0.404   0.141  10.521  g  -0.012   0.002  -0.003[0m
[1;32muart:~$ [m[8D[J[00:00:43.521,000] [0m<inf> imu: ICM-42688-P  a   0.379  -0.035   9.931  g  -0.000  -0.005  -0.001[0m
[1;32muart:~$ [m[8D[J[00:00:43.572,000] [0m<inf> imu: LSM6DS3TR-C  a   0.111   0.028  10.181  g   0.023  -0.061   0.013[0m
[1;32muart:~$ [m[8D[J[1;32muart:~$ [m[8D[J[00:00:43.572,000] [0m<inf> imu: LSM6DSV16X   a   0.407   0.139  10.512  g  -0.011   0.002  -0.002[0m
[1;32muart:~$ [m[8D[J[00:00:43.573,000] [0m<inf> imu: ICM-42688-P  a   0.372  -0.031   9.923  g   0.000  -0.005   0.000[0m
[1;32muart:~$ [m[8D[J[1;32muart:~$ [m[8D[J[00:00:43.624,000] [0m<inf> imu: LSM6DS3TR-C  a   0.114   0.033  10.183  g   0.024  -0.060   0.017[0m
[1;32muart:~$ [m[8D[J[00:00:43.625,000] [0m<inf> imu: LSM6DSV16X   a   0.402   0.149  10.530  g  -0.011   0.002  -0.002[0m
[1;32muart:~$ [m[8D[J[00:00:43.625,000] [0m<inf> imu: ICM-42688-P  a   0.377  -0.040   9.948  g  -0.000  -0.005  -0.000[0m
[1;32muart:~$ [m[8D[J[00:00:43.676,000] [0m<inf> imu: LSM6DS3TR-C  a   0.136   0.044  10.190  g   0.024  -0.060   0.013[0m
[1;32muart:~$ [m[8D[J[1;32muart:~$ [m[8D[J[00:00:43.677,000] [0m<inf> imu: LSM6DSV16X   a   0.409   0.144  10.528  g  -0.012   0.002  -0.002[0m
[1;32muart:~$ [m[8D[J[00:00:43.677,000] [0m<inf> imu: ICM-42688-P  a   0.375  -0.030   9.923  g   0.001  -0.004   0.001[0m
[1;32muart:~$ [m[8D[J[1;32muart:~$ [m[8D[J[00:00:43.729,000] [0m<inf> imu: LSM6DS3TR-C  a   0.120   0.056  10.167  g   0.023  -0.060   0.014[0m
[1;32muart:~$ [m[8D[J[00:00:43.729,000] [0m<inf> imu: LSM6DSV16X   a   0.406   0.145  10.526  g  -0.012   0.003  -0.003[0m
[1;32muart:~$ [m[8D[J[00:00:43.730,000] [0m<inf> imu: ICM-42688-P  a   0.377  -0.037   9.926  g  -0.000  -0.004  -0.000[0m
[1;32muart:~$ [m[8D[J[00:00:43.781,000] [0m<inf> imu: LSM6DS3TR-C  a   0.129   0.029  10.220  g   0.022  -0.060   0.015[0m
[1;32muart:~$ [m[8D[J[1;32muart:~$ [m[8D[J[00:00:43.781,000] [0m<inf> imu: LSM6DSV16X   a   0.412   0.143  10.521  g  -0.011   0.002  -0.002[0m
[1;32muart:~$ [m[8D[J[00:00:43.782,000] [0m<inf> imu: ICM-42688-P  a   0.382  -0.032   9.936  g   0.000  -0.005   0.000[0m
[1;32muart:~$ [m[8D[J[1;32muart:~$ [m[8D[J[00:00:43.833,000] [0m<inf> imu: LSM6DS3TR-C  a   0.150   0.048  10.205  g   0.024  -0.061   0.014[0m
[1;32muart:~$ [m[8D[J[00:00:43.834,000] [0m<inf> imu: LSM6DSV16X   a   0.412   0.142  10.523  g  -0.012   0.002  -0.003[0m
[1;32muart:~$ [m[8D[J[00:00:43.834,000] [0m<inf> imu: ICM-42688-P  a   0.378  -0.026   9.948  g   0.000  -0.005  -0.001[0m
[1;32muart:~$ [m[8D[J[00:00:43.885,000] [0m<inf> imu: LSM6DS3TR-C  a   0.130   0.075  10.201  g   0.024  -0.060   0.013[0m
[1;32muart:~$ [m[8D[J[1;32muart:~$ [m[8D[J[00:00:43.886,000] [0m<inf> imu: LSM6DSV16X   a   0.409   0.141  10.528  g  -0.012   0.002  -0.002[0m
[1;32muart:~$ [m[8D[J[00:00:43.886,000] [0m<inf> imu: ICM-42688-P  a   0.388  -0.037   9.938  g   0.000  -0.007  -0.001[0m
[1;32muart:~$ [m[8D[J[1;32muart:~$ [m[8D[J[00:00:43.937,000] [0m<inf> imu: LSM6DS3TR-C  a   0.115   0.048  10.192  g   0.023  -0.060   0.013[0m
[1;32muart:~$ [m[8D[J[00:00:43.938,000] [0m<inf> imu: LSM6DSV16X   a   0.404   0.145  10.526  g  -0.012   0.002  -0.002[0m
[1;32muart:~$ [m[8D[J[00:00:43.939,000] [0m<inf> imu: ICM-42688-P  a   0.372  -0.028   9.923  g  -0.001  -0.004   0.000[0m
[1;32muart:~$ [m[8D[J[1;32muart:~$ [m[8D[J[00:00:43.990,000] [0m<inf> imu: LSM6DS3TR-C  a   0.096   0.064  10.217  g   0.022  -0.059   0.014[0m
[1;32muart:~$ [m[8D[J[00:00:43.990,000] [0m<inf> imu: LSM6DSV16X   a   0.405   0.141  10.518  g  -0.011   0.002  -0.002[0m
[1;32muart:~$ [m[8D[J[00:00:43.991,000] [0m<inf> imu: ICM-42688-P  a   0.384  -0.022   9.931  g   0.000  -0.005   0.000[0m
[1;32muart:~$ [m[8D[J[1;32muart:~$ [m[8D[J[00:00:44.042,000] [0m<inf> imu: LSM6DS3TR-C  a   0.105   0.040  10.204  g   0.024  -0.062   0.014[0m
[1;32muart:~$ [m[8D[J[00:00:44.043,000] [0m<inf> imu: LSM6DSV16X   a   0.407   0.144  10.526  g  -0.012   0.002  -0.003[0m
[1;32muart:~$ [m[8D[J[00:00:44.043,000] [0m<inf> imu: ICM-42688-P  a   0.387  -0.029   9.925  g   0.000  -0.005  -0.001[0m
[1;32muart:~$ [m[8D[J[1;32muart:~$ [m[8D[J[00:00:44.094,000] [0m<inf> imu: LSM6DS3TR-C  a   0.118   0.060  10.183  g   0.023  -0.060   0.012[0m
[1;32muart:~$ [m[8D[J[00:00:44.096,000] [0m<inf> imu: LSM6DSV16X   a   0.407   0.153  10.514  g  -0.011   0.002  -0.002[0m
[1;32muart:~$ [m[8D[J[00:00:44.097,000] [0m<inf> imu: ICM-42688-P  a   0.383  -0.040   9.947  g   0.000  -0.005   0.000[0m
[1;32muart:~$ [m[8D[J[1;32muart:~$ [m[8D[J[00:00:44.148,000] [0m<inf> imu: LSM6DS3TR-C  a   0.138   0.064  10.192  g   0.023  -0.059   0.013[0m
[1;32muart:~$ [m[8D[J[00:00:44.148,000] [0m<inf> imu: LSM6DSV16X   a   0.409   0.142  10.518  g  -0.011   0.002  -0.002[0m
[1;32muart:~$ [m[8D[J[00:00:44.149,000] [0m<inf> imu: ICM-42688-P  a   0.387  -0.035   9.941  g   0.000  -0.005  -0.001[0m
[1;32muart:~$ [m[8D[J[1;32muart:~$ [m[8D[J[00:00:44.200,000] [0m<inf> imu: LSM6DS3TR-C  a   0.122   0.065  10.172  g   0.023  -0.061   0.012[0m
[1;32muart:~$ [m[8D[J[00:00:44.202,000] [0m<inf> imu: LSM6DSV16X   a   0.407   0.146  10.509  g  -0.011   0.002  -0.002[0m
[1;32muart:~$ [m[8D[J[00:00:44.203,000] [0m<inf> imu: ICM-42688-P  a   0.384  -0.031   9.928  g  -0.000  -0.005  -0.000[0m
[1;32muart:~$ [m[8D[J[1;32muart:~$ [m[8D[J[00:00:44.254,000] [0m<inf> imu: LSM6DS3TR-C  a   0.109   0.057  10.196  g   0.024  -0.060   0.015[0m
[1;32muart:~$ [m[8D[J[00:00:44.255,000] [0m<inf> imu: LSM6DSV16X   a   0.406   0.141  10.524  g  -0.012   0.002  -0.002[0m
[1;32muart:~$ [m[8D[J[00:00:44.255,000] [0m<inf> imu: ICM-42688-P  a   0.389  -0.031   9.936  g  -0.001  -0.004  -0.000[0m
[1;32muart:~$ [m[8D[J[1;32muart:~$ [m[8D[J[00:00:44.307,000] [0m<inf> imu: LSM6DS3TR-C  a   0.140   0.044  10.172  g   0.025  -0.060   0.013[0m
[1;32muart:~$ [m[8D[J[00:00:44.308,000] [0m<inf> imu: LSM6DSV16X   a   0.402   0.132  10.528  g  -0.011   0.002  -0.002[0m
[1;32muart:~$ [m[8D[J[1;32muart:~$ [m[8D[J[00:00:44.309,000] [0m<inf> imu: ICM-42688-P  a   0.387  -0.034   9.923  g  -0.000  -0.005   0.001[0m
[1;32muart:~$ [m[8D[J[00:00:44.360,000] [0m<inf> imu: LSM6DS3TR-C  a   0.132   0.048  10.199  g   0.024  -0.061   0.015[0m
[1;32muart:~$ [m[8D[J[00:00:44.361,000] [0m<inf> imu: LSM6DSV16X   a   0.405   0.141  10.519  g  -0.012   0.003  -0.002[0m
[1;32muart:~$ [m[8D[J[00:00:44.361,000] [0m<inf> imu: ICM-42688-P  a   0.379  -0.036   9.930  g   0.000  -0.005  -0.001[0m
[1;32muart:~$ [m[8D[J[1;32muart:~$ [m[8D[J[00:00:44.412,000] [0m<inf> imu: LSM6DS3TR-C  a   0.126   0.035  10.197  g   0.024  -0.061   0.014[0m
[1;32muart:~$ [m[8D[J[00:00:44.413,000] [0m<inf> imu: LSM6DSV16X   a   0.403   0.141  10.524  g  -0.013   0.002  -0.003[0m
[1;32muart:~$ [m[8D[J[1;32muart:~$ [m[8D[J[00:00:44.414,000] [0m<inf> imu: ICM-42688-P  a   0.379  -0.034   9.936  g   0.000  -0.005  -0.001[0m
[1;32muart:~$ [m[8D[J[00:00:44.465,000] [0m<inf> imu: LSM6DS3TR-C  a   0.106   0.052  10.209  g   0.024  -0.060   0.013[0m
[1;32muart:~$ [m[8D[J[00:00:44.465,000] [0m<inf> imu: LSM6DSV16X   a   0.414   0.142  10.523  g  -0.011   0.002  -0.003[0m
[1;32muart:~$ [m[8D[J[00:00:44.466,000] [0m<inf> imu: ICM-42688-P  a   0.376  -0.040   9.937  g  -0.001  -0.004  -0.001[0m
[1;32muart:~$ [m[8D[J[1;32muart:~$ [m[8D[J[00:00:44.517,000] [0m<inf> imu: LSM6DS3TR-C  a   0.145   0.041  10.194  g   0.024  -0.059   0.015[0m
[1;32muart:~$ [m[8D[J[00:00:44.518,000] [0m<inf> imu: LSM6DSV16X   a   0.405   0.147  10.521  g  -0.011   0.002  -0.003[0m
[1;32muart:~$ [m[8D[J[1;32muart:~$ [m[8D[J[00:00:44.518,000] [0m<inf> imu: ICM-42688-P  a   0.388  -0.048   9.936  g   0.000  -0.005   0.000[0m
[1;32muart:~$ [m[8D[J[00:00:44.569,000] [0m<inf> imu: LSM6DS3TR-C  a   0.154   0.048  10.173  g   0.025  -0.060   0.014[0m
[1;32muart:~$ [m[8D[J[00:00:44.570,000] [0m<inf> imu: LSM6DSV16X   a   0.409   0.148  10.517  g  -0.012   0.002  -0.002[0m
[1;32muart:~$ [m[8D[J[00:00:44.570,000] [0m<inf> imu: ICM-42688-P  a   0.375  -0.026   9.925  g  -0.001  -0.005   0.000[0m
[1;32muart:~$ [m[8D[J[1;32muart:~$ [m[8D[J[00:00:44.621,000] [0m<inf> imu: LSM6DS3TR-C  a   0.129   0.059  10.202  g   0.024  -0.062   0.013[0m
[1;32muart:~$ [m[8D[J[00:00:44.622,000] [0m<inf> imu: LSM6DSV16X   a   0.411   0.141  10.516  g  -0.011   0.002  -0.002[0m
[1;32muart:~$ [m[8D[J[1;32muart:~$ [m[8D[J[00:00:44.623,000] [0m<inf> imu: ICM-42688-P  a   0.381  -0.048   9.941  g   0.000  -0.005  -0.000[0m
[1;32muart:~$ [m[8D[J[00:00:44.674,000] [0m<inf> imu: LSM6DS3TR-C  a   0.130   0.051  10.178  g   0.023  -0.060   0.013[0m
[1;32muart:~$ [m[8D[J[00:00:44.674,000] [0m<inf> imu: LSM6DSV16X   a   0.405   0.141  10.519  g  -0.012   0.003  -0.002[0m
[1;32muart:~$ [m[8D[J[1;32muart:~$ [m[8D[J[00:00:44.675,000] [0m<inf> imu: ICM-42688-P  a   0.377  -0.041   9.929  g  -0.000  -0.004  -0.001[0m
[1;32muart:~$ [m[8D[J[00:00:44.726,000] [0m<inf> imu: LSM6DS3TR-C  a   0.109   0.068  10.205  g   0.023  -0.060   0.012[0m
[1;32muart:~$ [m[8D[J[00:00:44.727,000] [0m<inf> imu: LSM6DSV16X   a   0.404   0.148  10.521  g  -0.011   0.002  -0.002[0m
[1;32muart:~$ [m[8D[J[1;32muart:~$ [m[8D[J[00:00:44.727,000] [0m<inf> imu: ICM-42688-P  a   0.379  -0.036   9.931  g   0.001  -0.005   0.000[0m
[1;32muart:~$ [m[8D[J[00:00:44.778,000] [0m<inf> imu: LSM6DS3TR-C  a   0.133   0.060  10.187  g   0.023  -0.060   0.013[0m
[1;32muart:~$ [m[8D[J[00:00:44.779,000] [0m<inf> imu: LSM6DSV16X   a   0.407   0.143  10.524  g  -0.011   0.002  -0.002[0m
[1;32muart:~$ [m[8D[J[1;32muart:~$ [m[8D[J[00:00:44.779,000] [0m<inf> imu: ICM-42688-P  a   0.391  -0.030   9.935  g   0.000  -0.004   0.000[0m
[1;32muart:~$ [m[8D[J[00:00:44.831,000] [0m<inf> imu: LSM6DS3TR-C  a   0.152   0.087  10.200  g   0.024  -0.061   0.014[0m
[1;32muart:~$ [m[8D[J[00:00:44.832,000] [0m<inf> imu: LSM6DSV16X   a   0.411   0.139  10.524  g  -0.011   0.002  -0.003[0m
[1;32muart:~$ [m[8D[J[1;32muart:~$ [m[8D[J[00:00:44.833,000] [0m<inf> imu: ICM-42688-P  a   0.381  -0.032   9.918  g   0.000  -0.005  -0.000[0m
[1;32muart:~$ [m[8D[J[00:00:44.884,000] [0m<inf> imu: LSM6DS3TR-C  a   0.120   0.029  10.204  g   0.023  -0.061   0.015[0m
[1;32muart:~$ [m[8D[J[00:00:44.885,000] [0m<inf> imu: LSM6DSV16X   a   0.410   0.150  10.512  g  -0.011   0.002  -0.003[0m
[1;32muart:~$ [m[8D[J[1;32muart:~$ [m[8D[J[00:00:44.885,000] [0m<inf> imu: ICM-42688-P  a   0.382  -0.042   9.914  g   0.000  -0.005  -0.000[0m
[1;32muart:~$ [m[8D[J[00:00:44.936,000] [0m<inf> imu: LSM6DS3TR-C  a   0.120   0.035  10.158  g   0.025  -0.060   0.013[0m
[1;32muart:~$ [m[8D[J[00:00:44.938,000] [0m<inf> imu: LSM6DSV16X   a   0.411   0.148  10.512  g  -0.012   0.002  -0.002[0m
[1;32muart:~$ [m[8D[J[1;32muart:~$ [m[8D[J[00:00:44.938,000] [0m<inf> imu: ICM-42688-P  a   0.376  -0.030   9.931  g   0.000  -0.005  -0.001[0m
[1;32muart:~$ [m[8D[J[00:00:44.989,000] [0m<inf> imu: LSM6DS3TR-C  a   0.098   0.079  10.186  g   0.024  -0.059   0.013[0m
[1;32muart:~$ [m[8D[J[00:00:44.990,000] [0m<inf> imu: LSM6DSV16X   a   0.407   0.147  10.524  g  -0.011   0.002  -0.003[0m
[1;32muart:~$ [m[8D[J[1;32muart:~$ [m[8D[J[00:00:44.991,000] [0m<inf> imu: ICM-42688-P  a   0.371  -0.035   9.926  g  -0.000  -0.005   0.000[0m
[1;32muart:~$ [m[8D[J[00:00:45.042,000] [0m<inf> imu: LSM6DS3TR-C  a   0.120   0.059  10.192  g   0.023  -0.060   0.013[0m
[1;32muart:~$ [m[8D[J[00:00:45.043,000] [0m<inf> imu: LSM6DSV16X   a   0.412   0.143  10.522  g  -0.012   0.002  -0.002[0m
[1;32muart:~$ [m[8D[J[1;32muart:~$ [m[8D[J[00:00:45.044,000] [0m<inf> imu: ICM-42688-P  a   0.371  -0.034   9.910  g   0.000  -0.005  -0.001[0m
[1;32muart:~$ [m[8D[J[00:00:45.095,000] [0m<inf> imu: LSM6DS3TR-C  a   0.109   0.053  10.187  g   0.024  -0.059   0.014[0m
[1;32muart:~$ [m[8D[J[00:00:45.096,000] [0m<inf> imu: LSM6DSV16X   a   0.409   0.145  10.521  g  -0.012   0.003  -0.002[0m
[1;32muart:~$ [m[8D[J[1;32muart:~$ [m[8D[J[00:00:45.096,000] [0m<inf> imu: ICM-42688-P  a   0.382  -0.029   9.923  g   0.000  -0.005  -0.001[0m
[1;32muart:~$ [m[8D[J[00:00:45.147,000] [0m<inf> imu: LSM6DS3TR-C  a   0.114   0.038  10.181  g   0.025  -0.060   0.013[0m
[1;32muart:~$ [m[8D[J[1;32muart:~$ [m[8D[J[00:00:45.148,000] [0m<inf> imu: LSM6DSV16X   a   0.407   0.144  10.521  g  -0.012   0.002  -0.002[0m
[1;32muart:~$ [m[8D[J[00:00:45.149,000] [0m<inf> imu: ICM-42688-P  a   0.378  -0.029   9.940  g   0.000  -0.005  -0.000[0m
[1;32muart:~$ [m[8D[J[00:00:45.200,000] [0m<inf> imu: LSM6DS3TR-C  a   0.109   0.071  10.207  g   0.025  -0.060   0.013[0m
[1;32muart:~$ [m[8D[J[00:00:45.200,000] [0m<inf> imu: LSM6DSV16X   a   0.409   0.136  10.516  g  -0.012   0.002  -0.002[0m
[1;32muart:~$ [m[8D[J[1;32muart:~$ [m[8D[J[00:00:45.201,000] [0m<inf> imu: ICM-42688-P  a   0.384  -0.034   9.924  g  -0.000  -0.005   0.000[0m
[1;32muart:~$ [m[8D[J[00:00:45.252,000] [0m<inf> imu: LSM6DS3TR-C  a   0.113   0.053  10.184  g   0.025  -0.060   0.015[0m
[1;32muart:~$ [m[8D[J[1;32muart:~$ [m[8D[J[00:00:45.253,000] [0m<inf> imu: LSM6DSV16X   a   0.404   0.142  10.524  g  -0.011   0.002  -0.002[0m
[1;32muart:~$ [m[8D[J[00:00:45.253,000] [0m<inf> imu: ICM-42688-P  a   0.389  -0.043   9.923  g  -0.001  -0.005  -0.000[0m
[1;32muart:~$ [m[8D[J[00:00:45.304,000] [0m<inf> imu: LSM6DS3TR-C  a   0.088   0.032  10.165  g   0.024  -0.060   0.013[0m
[1;32muart:~$ [m[8D[J[00:00:45.305,000] [0m<inf> imu: LSM6DSV16X   a   0.404   0.144  10.516  g  -0.012   0.002  -0.003[0m
[1;32muart:~$ [m[8D[J[1;32muart:~$ [m[8D[J[00:00:45.305,000] [0m<inf> imu: ICM-42688-P  a   0.382  -0.030   9.935  g  -0.000  -0.005  -0.000[0m
[1;32muart:~$ [m[8D[J[00:00:45.356,000] [0m<inf> imu: LSM6DS3TR-C  a   0.136   0.035  10.205  g   0.025  -0.060   0.013[0m
[1;32muart:~$ [m[8D[J[1;32muart:~$ [m[8D[J[00:00:45.357,000] [0m<inf> imu: LSM6DSV16X   a   0.405   0.144  10.530  g  -0.012   0.003  -0.003[0m
[1;32muart:~$ [m[8D[J[00:00:45.358,000] [0m<inf> imu: ICM-42688-P  a   0.389  -0.035   9.924  g   0.000  -0.005   0.000[0m
[1;32muart:~$ [m[8D[J[00:00:45.409,000] [0m<inf> imu: LSM6DS3TR-C  a   0.132   0.046  10.218  g   0.024  -0.060   0.013[0m
[1;32muart:~$ [m[8D[J[00:00:45.409,000] [0m<inf> imu: LSM6DSV16X   a   0.409   0.145  10.524  g  -0.011   0.002  -0.003[0m
[1;32muart:~$ [m[8D[J[1;32muart:~$ [m[8D[J[00:00:45.410,000] [0m<inf> imu: ICM-42688-P  a   0.379  -0.028   9.931  g   0.000  -0.005  -0.001[0m
[1;32muart:~$ [m[8D[J[00:00:45.461,000] [0m<inf> imu: LSM6DS3TR-C  a   0.109   0.071  10.172  g   0.024  -0.060   0.015[0m
[1;32muart:~$ [m[8D[J[1;32muart:~$ [m[8D[J[00:00:45.462,000] [0m<inf> imu: LSM6DSV16X   a   0.401   0.138  10.507  g  -0.011   0.002  -0.003[0m
[1;32muart:~$ [m[8D[J[00:00:45.462,000] [0m<inf> imu: ICM-42688-P  a   0.384  -0.032   9.925  g  -0.001  -0.005   0.000[0m
[1;32muart:~$ [m[8D[J[00:00:45.513,000] [0m<inf> imu: LSM6DS3TR-C  a   0.142   0.055  10.204  g   0.023  -0.060   0.014[0m
[1;32muart:~$ [m[8D[J[1;32muart:~$ [m[8D[J[00:00:45.514,000] [0m<inf> imu: LSM6DSV16X   a   0.409   0.144  10.528  g  -0.012   0.002  -0.002[0m
[1;32muart:~$ [m[8D[J[00:00:45.514,000] [0m<inf> imu: ICM-42688-P  a   0.371  -0.040   9.942  g   0.001  -0.005  -0.000[0m
[1;32muart:~$ [m[8D[J[00:00:45.565,000] [0m<inf> imu: LSM6DS3TR-C  a   0.133   0.080  10.189  g   0.024  -0.060   0.015[0m
[1;32muart:~$ [m[8D[J[1;32muart:~$ [m[8D[J[00:00:45.566,000] [0m<inf> imu: LSM6DSV16X   a   0.403   0.146  10.518  g  -0.011   0.002  -0.003[0m
[1;32muart:~$ [m[8D[J[00:00:45.567,000] [0m<inf> imu: ICM-42688-P  a   0.385  -0.042   9.914  g   0.001  -0.005  -0.000[0m
[1;32muart:~$ [m[8D[J[00:00:45.618,000] [0m<inf> imu: LSM6DS3TR-C  a   0.112   0.064  10.201  g   0.024  -0.060   0.015[0m
[1;32muart:~$ [m[8D[J[1;32muart:~$ [m[8D[J[00:00:45.618,000] [0m<inf> imu: LSM6DSV16X   a   0.404   0.139  10.521  g  -0.013   0.002  -0.002[0m
[1;32muart:~$ [m[8D[J[00:00:45.619,000] [0m<inf> imu: ICM-42688-P  a   0.377  -0.032   9.930  g  -0.001  -0.005  -0.001[0m
[1;32muart:~$ [m[8D[J[00:00:45.670,000] [0m<inf> imu: LSM6DS3TR-C  a   0.145   0.042  10.189  g   0.026  -0.061   0.015[0m
[1;32muart:~$ [m[8D[J[1;32muart:~$ [m[8D[J[00:00:45.672,000] [0m<inf> imu: LSM6DSV16X   a   0.409   0.144  10.516  g  -0.011   0.002  -0.002[0m
[1;32muart:~$ [m[8D[J[00:00:45.673,000] [0m<inf> imu: ICM-42688-P  a   0.379  -0.034   9.923  g   0.000  -0.005  -0.001[0m
[1;32muart:~$ [m[8D[J[00:00:45.724,000] [0m<inf> imu: LSM6DS3TR-C  a   0.114   0.059  10.189  g   0.024  -0.062   0.016[0m
[1;32muart:~$ [m[8D[J[1;32muart:~$ [m[8D[J[00:00:45.724,000] [0m<inf> imu: LSM6DSV16X   a   0.400   0.143  10.524  g  -0.012   0.002  -0.002[0m
[1;32muart:~$ [m[8D[J[00:00:45.725,000] [0m<inf> imu: ICM-42688-P  a   0.393  -0.035   9.926  g   0.000  -0.005  -0.001[0m
[1;32muart:~$ [m[8D[J[00:00:45.777,000] [0m<inf> imu: LSM6DS3TR-C  a   0.127   0.070  10.198  g   0.025  -0.062   0.013[0m
[1;32muart:~$ [m[8D[J[1;32muart:~$ [m[8D[J[00:00:45.778,000] [0m<inf> imu: LSM6DSV16X   a   0.401   0.148  10.514  g  -0.012   0.002  -0.002[0m
[1;32muart:~$ [m[8D[J[00:00:45.779,000] [0m<inf> imu: ICM-42688-P  a   0.384  -0.035   9.919  g   0.000  -0.005   0.001[0m
[1;32muart:~$ [m[8D[J[00:00:45.830,000] [0m<inf> imu: LSM6DS3TR-C  a   0.160   0.041  10.215  g   0.025  -0.061   0.015[0m
[1;32muart:~$ [m[8D[J[1;32muart:~$ [m[8D[J[00:00:45.831,000] [0m<inf> imu: LSM6DSV16X   a   0.400   0.146  10.519  g  -0.011   0.002  -0.002[0m
[1;32muart:~$ [m[8D[J[00:00:45.831,000] [0m<inf> imu: ICM-42688-P  a   0.389  -0.036   9.922  g  -0.001  -0.005  -0.001[0m
[1;32muart:~$ [m[8D[J[00:00:45.883,000] [0m<inf> imu: LSM6DS3TR-C  a   0.138   0.052  10.218  g   0.024  -0.060   0.015[0m
[1;32muart:~$ [m[8D[J[1;32muart:~$ [m[8D[J[00:00:45.884,000] [0m<inf> imu: LSM6DSV16X   a   0.410   0.144  10.517  g  -0.012   0.002  -0.002[0m
[1;32muart:~$ [m[8D[J[00:00:45.885,000] [0m<inf> imu: ICM-42688-P  a   0.387  -0.035   9.928  g  -0.000  -0.005  -0.000[0m
[1;32muart:~$ [m[8D[J[00:00:45.936,000] [0m<inf> imu: LSM6DS3TR-C  a   0.123   0.070  10.192  g   0.025  -0.059   0.015[0m
[1;32muart:~$ [m[8D[J[1;32muart:~$ [m[8D[J[00:00:45.937,000] [0m<inf> imu: LSM6DSV16X   a   0.409   0.143  10.514  g  -0.011   0.002  -0.002[0m
[1;32muart:~$ [m[8D[J[00:00:45.937,000] [0m<inf> imu: ICM-42688-P  a   0.379  -0.034   9.932  g   0.000  -0.005  -0.001[0m
[1;32muart:~$ [m[8D[J[1;32muart:~$ [m[8D[J[00:00:45.988,000] [0m<inf> imu: LSM6DS3TR-C  a   0.102   0.063  10.189  g   0.023  -0.061   0.012[0m
[1;32muart:~$ [m[8D[J[00:00:45.989,000] [0m<inf> imu: LSM6DSV16X   a   0.407   0.145  10.512  g  -0.011   0.002  -0.002[0m
[1;32muart:~$ [m[8D[J[00:00:45.989,000] [0m<inf> imu: ICM-42688-P  a   0.381  -0.034   9.926  g   0.001  -0.005   0.000[0m
[1;32muart:~$ [m[8D[J[00:00:46.040,000] [0m<inf> imu: LSM6DS3TR-C  a   0.089   0.040  10.202  g   0.024  -0.060   0.013[0m
[1;32muart:~$ [m[8D[J[1;32muart:~$ [m[8D[J[00:00:46.041,000] [0m<inf> imu: LSM6DSV16X   a   0.409   0.143  10.524  g  -0.011   0.003  -0.002[0m
[1;32muart:~$ [m[8D[J[00:00:46.041,000] [0m<inf> imu: ICM-42688-P  a   0.372  -0.034   9.938  g   0.000  -0.004   0.000[0m
[1;32muart:~$ [m[8D[J[1;32muart:~$ [m[8D[J[00:00:46.093,000] [0m<inf> imu: LSM6DS3TR-C  a   0.151   0.031  10.190  g   0.025  -0.061   0.015[0m
[1;32muart:~$ [m[8D[J[00:00:46.093,000] [0m<inf> imu: LSM6DSV16X   a   0.409   0.146  10.513  g  -0.012   0.002  -0.003[0m
[1;32muart:~$ [m[8D[J[00:00:46.094,000] [0m<inf> imu: ICM-42688-P  a   0.382  -0.035   9.923  g  -0.001  -0.005   0.000[0m
[1;32muart:~$ [m[8D[J[00:00:46.145,000] [0m<inf> imu: LSM6DS3TR-C  a   0.098   0.050  10.205  g   0.024  -0.060   0.013[0m
[1;32muart:~$ [m[8D[J[1;32muart:~$ [m[8D[J[00:00:46.145,000] [0m<inf> imu: LSM6DSV16X   a   0.404   0.144  10.524  g  -0.012   0.002  -0.002[0m
[1;32muart:~$ [m[8D[J[00:00:46.146,000] [0m<inf> imu: ICM-42688-P  a   0.381  -0.035   9.941  g   0.000  -0.005  -0.000[0m
[1;32muart:~$ [m[8D[J[1;32muart:~$ [m[8D[J[00:00:46.197,000] [0m<inf> imu: LSM6DS3TR-C  a   0.080   0.068  10.190  g   0.023  -0.060   0.013[0m
[1;32muart:~$ [m[8D[J[00:00:46.198,000] [0m<inf> imu: LSM6DSV16X   a   0.402   0.145  10.524  g  -0.012   0.002  -0.002[0m
[1;32muart:~$ [m[8D[J[00:00:46.198,000] [0m<inf> imu: ICM-42688-P  a   0.387  -0.043   9.935  g   0.000  -0.005   0.000[0m
[1;32muart:~$ [m[8D[J[00:00:46.249,000] [0m<inf> imu: LSM6DS3TR-C  a   0.129   0.039  10.174  g   0.023  -0.062   0.015[0m
[1;32muart:~$ [m[8D[J[1;32muart:~$ [m[8D[J[00:00:46.250,000] [0m<inf> imu: LSM6DSV16X   a   0.412   0.138  10.521  g  -0.012   0.002  -0.002[0m
[1;32muart:~$ [m[8D[J[00:00:46.250,000] [0m<inf> imu: ICM-42688-P  a   0.387  -0.030   9.928  g   0.000  -0.005  -0.001[0m
[1;32muart:~$ [m[8D[J[1;32muart:~$ [m[8D[J[00:00:46.302,000] [0m<inf> imu: LSM6DS3TR-C  a   0.137   0.082  10.213  g   0.023  -0.059   0.013[0m
[1;32muart:~$ [m[8D[J[00:00:46.302,000] [0m<inf> imu: LSM6DSV16X   a   0.409   0.145  10.517  g  -0.012   0.002  -0.002[0m
[1;32muart:~$ [m[8D[J[00:00:46.303,000] [0m<inf> imu: ICM-42688-P  a   0.384  -0.025   9.926  g  -0.001  -0.005  -0.001[0m
[1;32muart:~$ [m[8D[J[1;32muart:~$ [m[8D[J[00:00:46.354,000] [0m<inf> imu: LSM6DS3TR-C  a   0.102   0.063  10.214  g   0.024  -0.060   0.014[0m
[1;32muart:~$ [m[8D[J[00:00:46.354,000] [0m<inf> imu: LSM6DSV16X   a   0.404   0.147  10.519  g  -0.011   0.002  -0.002[0m
[1;32muart:~$ [m[8D[J[00:00:46.355,000] [0m<inf> imu: ICM-42688-P  a   0.376  -0.026   9.930  g   0.000  -0.005   0.000[0m
[1;32muart:~$ [m[8D[J[1;32muart:~$ [m[8D[J[00:00:46.406,000] [0m<inf> imu: LSM6DS3TR-C  a   0.129   0.040  10.207  g   0.024  -0.060   0.014[0m
[1;32muart:~$ [m[8D[J[00:00:46.407,000] [0m<inf> imu: LSM6DSV16X   a   0.409   0.141  10.527  g  -0.012   0.002  -0.002[0m
[1;32muart:~$ [m[8D[J[00:00:46.407,000] [0m<inf> imu: ICM-42688-P  a   0.389  -0.036   9.923  g   0.000  -0.005  -0.001[0m
[1;32muart:~$ [m[8D[J[1;32muart:~$ [m[8D[J[00:00:46.458,000] [0m<inf> imu: LSM6DS3TR-C  a   0.129   0.064  10.166  g   0.024  -0.060   0.015[0m
[1;32muart:~$ [m[8D[J[00:00:46.459,000] [0m<inf> imu: LSM6DSV16X   a   0.409   0.150  10.516  g  -0.012   0.001  -0.002[0m
[1;32muart:~$ [m[8D[J[00:00:46.459,000] [0m<inf> imu: ICM-42688-P  a   0.385  -0.031   9.931  g  -0.000  -0.005   0.000[0m
[1;32muart:~$ [m[8D[J[1;32muart:~$ [m[8D[J[00:00:46.511,000] [0m<inf> imu: LSM6DS3TR-C  a   0.138   0.077  10.199  g   0.024  -0.060   0.015[0m
[1;32muart:~$ [m[8D[J[00:00:46.512,000] [0m<inf> imu: LSM6DSV16X   a   0.407   0.155  10.519  g  -0.011   0.002  -0.002[0m
[1;32muart:~$ [m[8D[J[00:00:46.513,000] [0m<inf> imu: ICM-42688-P  a   0.378  -0.034   9.918  g  -0.001  -0.005   0.000[0m
[1;32muart:~$ [m[8D[J[1;32muart:~$ [m[8D[J[00:00:46.564,000] [0m<inf> imu: LSM6DS3TR-C  a   0.135   0.046  10.201  g   0.024  -0.060   0.012[0m
[1;32muart:~$ [m[8D[J[00:00:46.565,000] [0m<inf> imu: LSM6DSV16X   a   0.409   0.143  10.517  g  -0.012   0.003  -0.003[0m
[1;32muart:~$ [m[8D[J[00:00:46.565,000] [0m<inf> imu: ICM-42688-P  a   0.387  -0.034   9.928  g   0.000  -0.004  -0.000[0m
[1;32muart:~$ [m[8D[J[1;32muart:~$ [m[8D[J[00:00:46.617,000] [0m<inf> imu: LSM6DS3TR-C  a   0.120   0.056  10.174  g   0.024  -0.061   0.015[0m
[1;32muart:~$ [m[8D[J[00:00:46.618,000] [0m<inf> imu: LSM6DSV16X   a   0.402   0.139  10.510  g  -0.011   0.002  -0.002[0m
[1;32muart:~$ [m[8D[J[00:00:46.619,000] [0m<inf> imu: ICM-42688-P  a   0.381  -0.037   9.935  g   0.000  -0.004   0.000[0m
[1;32muart:~$ [m[8D[J[1;32muart:~$ [m[8D[J[00:00:46.670,000] [0m<inf> imu: LSM6DS3TR-C  a   0.109   0.016  10.222  g   0.022  -0.061   0.014[0m
[1;32muart:~$ [m[8D[J[00:00:46.670,000] [0m<inf> imu: LSM6DSV16X   a   0.404   0.141  10.514  g  -0.011   0.002  -0.003[0m
[1;32muart:~$ [m[8D[J[1;32muart:~$ [m[8D[J[00:00:46.671,000] [0m<inf> imu: ICM-42688-P  a   0.376  -0.029   9.937  g   0.000  -0.005   0.000[0m
[1;32muart:~$ [m[8D[J[00:00:46.723,000] [0m<inf> imu: LSM6DS3TR-C  a   0.109   0.047  10.222  g   0.024  -0.062   0.017[0m
[1;32muart:~$ [m[8D[J[00:00:46.724,000] [0m<inf> imu: LSM6DSV16X   a   0.395   0.141  10.524  g  -0.012   0.002  -0.002[0m
[1;32muart:~$ [m[8D[J[00:00:46.725,000] [0m<inf> imu: ICM-42688-P  a   0.393  -0.040   9.936  g   0.001  -0.006  -0.001[0m
[1;32muart:~$ [m[8D[J[1;32muart:~$ [m[8D[J[00:00:46.776,000] [0m<inf> imu: LSM6DS3TR-C  a   0.137   0.047  10.234  g   0.023  -0.061   0.015[0m
[1;32muart:~$ [m[8D[J[00:00:46.776,000] [0m<inf> imu: LSM6DSV16X   a   0.400   0.148  10.512  g  -0.012   0.002  -0.003[0m
[1;32muart:~$ [m[8D[J[00:00:46.777,000] [0m<inf> imu: ICM-42688-P  a   0.381  -0.035   9.940  g   0.000  -0.005  -0.001[0m
[1;32muart:~$ [m[8D[J[1;32muart:~$ [m[8D[J[00:00:46.828,000] [0m<inf> imu: LSM6DS3TR-C  a   0.113   0.040  10.171  g   0.023  -0.060   0.014[0m
[1;32muart:~$ [m[8D[J[00:00:46.829,000] [0m<inf> imu: LSM6DSV16X   a   0.418   0.148  10.517  g  -0.011   0.003  -0.002[0m
[1;32muart:~$ [m[8D[J[1;32muart:~$ [m[8D[J[00:00:46.829,000] [0m<inf> imu: ICM-42688-P  a   0.382  -0.034   9.918  g   0.000  -0.005   0.000[0m
[1;32muart:~$ [m[8D[J[00:00:46.880,000] [0m<inf> imu: LSM6DS3TR-C  a   0.108   0.053  10.199  g   0.026  -0.061   0.015[0m
[1;32muart:~$ [m[8D[J[00:00:46.881,000] [0m<inf> imu: LSM6DSV16X   a   0.407   0.144  10.524  g  -0.012   0.002  -0.003[0m
[1;32muart:~$ [m[8D[J[00:00:46.881,000] [0m<inf> imu: ICM-42688-P  a   0.363  -0.028   9.940  g   0.000  -0.005  -0.000[0m
[1;32muart:~$ [m[8D[J[1;32muart:~$ [m[8D[J[00:00:46.932,000] [0m<inf> imu: LSM6DS3TR-C  a   0.138   0.058  10.187  g   0.024  -0.059   0.013[0m
[1;32muart:~$ [m[8D[J[00:00:46.933,000] [0m<inf> imu: LSM6DSV16X   a   0.404   0.146  10.521  g  -0.011   0.002  -0.002[0m
[1;32muart:~$ [m[8D[J[1;32muart:~$ [m[8D[J[00:00:46.934,000] [0m<inf> imu: ICM-42688-P  a   0.390  -0.048   9.931  g   0.000  -0.005  -0.001[0m
[1;32muart:~$ [m[8D[J[00:00:46.985,000] [0m<inf> imu: LSM6DS3TR-C  a   0.148   0.039  10.167  g   0.023  -0.062   0.014[0m
[1;32muart:~$ [m[8D[J[00:00:46.985,000] [0m<inf> imu: LSM6DSV16X   a   0.409   0.144  10.521  g  -0.010   0.002  -0.003[0m
[1;32muart:~$ [m[8D[J[00:00:46.986,000] [0m<inf> imu: ICM-42688-P  a   0.370  -0.022   9.926  g   0.000  -0.005   0.000[0m
[1;32muart:~$ [m[8D[J[1;32muart:~$ [m[8D[J[00:00:47.037,000] [0m<inf> imu: LSM6DS3TR-C  a   0.111   0.044  10.150  g   0.024  -0.061   0.013[0m
[1;32muart:~$ [m[8D[J[00:00:47.038,000] [0m<inf> imu: LSM6DSV16X   a   0.404   0.148  10.522  g  -0.012   0.002  -0.003[0m
[1;32muart:~$ [m[8D[J[1;32muart:~$ [m[8D[J[00:00:47.038,000] [0m<inf> imu: ICM-42688-P  a   0.384  -0.030   9.942  g  -0.001  -0.005  -0.001[0m
[1;32muart:~$ [m[8D[J[00:00:47.089,000] [0m<inf> imu: LSM6DS3TR-C  a   0.119   0.057  10.193  g   0.022  -0.060   0.014[0m
[1;32muart:~$ [m[8D[J[00:00:47.090,000] [0m<inf> imu: LSM6DSV16X   a   0.405   0.141  10.521  g  -0.011   0.002  -0.003[0m
[1;32muart:~$ [m[8D[J[1;32muart:~$ [m[8D[J[00:00:47.091,000] [0m<inf> imu: ICM-42688-P  a   0.391  -0.037   9.928  g   0.000  -0.005  -0.001[0m
[1;32muart:~$ [m[8D[J[00:00:47.142,000] [0m<inf> imu: LSM6DS3TR-C  a   0.137   0.041  10.204  g   0.024  -0.060   0.012[0m
[1;32muart:~$ [m[8D[J[00:00:47.142,000] [0m<inf> imu: LSM6DSV16X   a   0.409   0.144  10.517  g  -0.012   0.002  -0.002[0m
[1;32muart:~$ [m[8D[J[1;32muart:~$ [m[8D[J[00:00:47.143,000] [0m<inf> imu: ICM-42688-P  a   0.376  -0.036   9.932  g   0.001  -0.004   0.000[0m
[1;32muart:~$ [m[8D[J[00:00:47.194,000] [0m<inf> imu: LSM6DS3TR-C  a   0.121   0.071  10.143  g   0.023  -0.060   0.013[0m
[1;32muart:~$ [m[8D[J[00:00:47.194,000] [0m<inf> imu: LSM6DSV16X   a   0.399   0.153  10.521  g  -0.011   0.002  -0.003[0m
[1;32muart:~$ [m[8D[J[1;32muart:~$ [m[8D[J[00:00:47.195,000] [0m<inf> imu: ICM-42688-P  a   0.385  -0.030   9.931  g  -0.001  -0.004   0.000[0m
[1;32muart:~$ [m[8D[J[00:00:47.246,000] [0m<inf> imu: LSM6DS3TR-C  a   0.106   0.037  10.172  g   0.024  -0.061   0.014[0m
[1;32muart:~$ [m[8D[J[00:00:47.247,000] [0m<inf> imu: LSM6DSV16X   a   0.397   0.147  10.519  g  -0.012   0.003  -0.002[0m
[1;32muart:~$ [m[8D[J[1;32muart:~$ [m[8D[J[00:00:47.248,000] [0m<inf> imu: ICM-42688-P  a   0.389  -0.040   9.932  g   0.000  -0.005   0.000[0m
[1;32muart:~$ [m[8D[J[00:00:47.299,000] [0m<inf> imu: LSM6DS3TR-C  a   0.114   0.026  10.186  g   0.025  -0.060   0.015[0m
[1;32muart:~$ [m[8D[J[00:00:47.300,000] [0m<inf> imu: LSM6DSV16X   a   0.404   0.141  10.531  g  -0.011   0.003  -0.003[0m
[1;32muart:~$ [m[8D[J[1;32muart:~$ [m[8D[J[00:00:47.300,000] [0m<inf> imu: ICM-42688-P  a   0.379  -0.043   9.932  g   0.000  -0.005  -0.001[0m
[1;32muart:~$ [m[8D[J[00:00:47.351,000] [0m<inf> imu: LSM6DS3TR-C  a   0.141   0.037  10.165  g   0.025  -0.061   0.013[0m
[1;32muart:~$ [m[8D[J[00:00:47.352,000] [0m<inf> imu: LSM6DSV16X   a   0.409   0.145  10.521  g  -0.012   0.002  -0.003[0m
[1;32muart:~$ [m[8D[J[1;32muart:~$ [m[8D[J[00:00:47.352,000] [0m<inf> imu: ICM-42688-P  a   0.389  -0.030   9.908  g   0.000  -0.005   0.000[0m
[1;32muart:~$ [m[8D[J[00:00:47.404,000] [0m<inf> imu: LSM6DS3TR-C  a   0.138   0.074  10.178  g   0.024  -0.059   0.014[0m
[1;32muart:~$ [m[8D[J[00:00:47.405,000] [0m<inf> imu: LSM6DSV16X   a   0.407   0.151  10.517  g  -0.011   0.002  -0.002[0m
[1;32muart:~$ [m[8D[J[1;32muart:~$ [m[8D[J[00:00:47.406,000] [0m<inf> imu: ICM-42688-P  a   0.370  -0.035   9.923  g   0.000  -0.005   0.000[0m
[1;32muart:~$ [m[8D[J[00:00:47.457,000] [0m<inf> imu: LSM6DS3TR-C  a   0.130   0.061  10.184  g   0.023  -0.059   0.014[0m
[1;32muart:~$ [m[8D[J[1;32muart:~$ [m[8D[J[00:00:47.458,000] [0m<inf> imu: LSM6DSV16X   a   0.403   0.139  10.519  g  -0.012   0.002  -0.002[0m
[1;32muart:~$ [m[8D[J[00:00:47.458,000] [0m<inf> imu: ICM-42688-P  a   0.382  -0.029   9.931  g  -0.001  -0.005  -0.001[0m
[1;32muart:~$ [m[8D[J[00:00:47.510,000] [0m<inf> imu: LSM6DS3TR-C  a   0.120   0.063  10.185  g   0.022  -0.059   0.013[0m
[1;32muart:~$ [m[8D[J[00:00:47.511,000] [0m<inf> imu: LSM6DSV16X   a   0.409   0.145  10.524  g  -0.011   0.003  -0.002[0m
[1;32muart:~$ [m[8D[J[1;32muart:~$ [m[8D[J[00:00:47.512,000] [0m<inf> imu: ICM-42688-P  a   0.381  -0.038   9.931  g   0.001  -0.005   0.000[0m
[1;32muart:~$ [m[8D[J[00:00:47.563,000] [0m<inf> imu: LSM6DS3TR-C  a   0.136   0.017  10.193  g   0.024  -0.059   0.015[0m
[1;32muart:~$ [m[8D[J[1;32muart:~$ [m[8D[J[00:00:47.564,000] [0m<inf> imu: LSM6DSV16X   a   0.404   0.141  10.523  g  -0.011   0.002  -0.002[0m
[1;32muart:~$ [m[8D[J[00:00:47.564,000] [0m<inf> imu: ICM-42688-P  a   0.370  -0.042   9.937  g   0.001  -0.005  -0.001[0m
[1;32muart:~$ [m[8D[J[00:00:47.615,000] [0m<inf> imu: LSM6DS3TR-C  a   0.104   0.056  10.219  g   0.024  -0.060   0.016[0m
[1;32muart:~$ [m[8D[J[00:00:47.616,000] [0m<inf> imu: LSM6DSV16X   a   0.404   0.143  10.514  g  -0.011   0.002  -0.003[0m
[1;32muart:~$ [m[8D[J[1;32muart:~$ [m[8D[J[00:00:47.616,000] [0m<inf> imu: ICM-42688-P  a   0.394  -0.037   9.930  g  -0.001  -0.005  -0.000[0m
[1;32muart:~$ [m[8D[J[00:00:47.667,000] [0m<inf> imu: LSM6DS3TR-C  a   0.135   0.069  10.195  g   0.025  -0.059   0.013[0m
[1;32muart:~$ [m[8D[J[1;32muart:~$ [m[8D[J[00:00:47.668,000] [0m<inf> imu: LSM6DSV16X   a   0.409   0.144  10.521  g  -0.011   0.002  -0.003[0m
[1;32muart:~$ [m[8D[J[00:00:47.669,000] [0m<inf> imu: ICM-42688-P  a   0.379  -0.034   9.940  g   0.000  -0.004   0.000[0m
[1;32muart:~$ [m[8D[J[00:00:47.720,000] [0m<inf> imu: LSM6DS3TR-C  a   0.151   0.074  10.187  g   0.025  -0.060   0.013[0m
[1;32muart:~$ [m[8D[J[00:00:47.720,000] [0m<inf> imu: LSM6DSV16X   a   0.404   0.139  10.522  g  -0.011   0.003  -0.002[0m
[1;32muart:~$ [m[8D[J[1;32muart:~$ [m[8D[J[00:00:47.721,000] [0m<inf> imu: ICM-42688-P  a   0.372  -0.043   9.931  g  -0.000  -0.004   0.000[0m
[1;32muart:~$ [m[8D[J[00:00:47.772,000] [0m<inf> imu: LSM6DS3TR-C  a   0.138   0.045  10.210  g   0.024  -0.059   0.013[0m
[1;32muart:~$ [m[8D[J[1;32muart:~$ [m[8D[J[00:00:47.773,000] [0m<inf> imu: LSM6DSV16X   a   0.404   0.138  10.524  g  -0.012   0.002  -0.002[0m
[1;32muart:~$ [m[8D[J[00:00:47.773,000] [0m<inf> imu: ICM-42688-P  a   0.389  -0.025   9.930  g   0.001  -0.005  -0.000[0m
[1;32muart:~$ [m[8D[J[00:00:47.824,000] [0m<inf> imu: LSM6DS3TR-C  a   0.139   0.039  10.222  g   0.024  -0.062   0.016[0m
[1;32muart:~$ [m[8D[J[00:00:47.825,000] [0m<inf> imu: LSM6DSV16X   a   0.418   0.146  10.528  g  -0.011   0.002  -0.002[0m
[1;32muart:~$ [m[8D[J[1;32muart:~$ [m[8D[J[00:00:47.825,000] [0m<inf> imu: ICM-42688-P  a   0.390  -0.031   9.938  g   0.000  -0.005  -0.000[0m
[1;32muart:~$ [m[8D[J[00:00:47.876,000] [0m<inf> imu: LSM6DS3TR-C  a   0.083   0.066  10.190  g   0.026  -0.062   0.015[0m
[1;32muart:~$ [m[8D[J[1;32muart:~$ [m[8D[J[00:00:47.877,000] [0m<inf> imu: LSM6DSV16X   a   0.397   0.136  10.530  g  -0.011   0.002  -0.002[0m
[1;32muart:~$ [m[8D[J[00:00:47.878,000] [0m<inf> imu: ICM-42688-P  a   0.379  -0.026   9.917  g   0.000  -0.005  -0.001[0m
[1;32muart:~$ [m[8D[J[00:00:47.929,000] [0m<inf> imu: LSM6DS3TR-C  a   0.158   0.053  10.181  g   0.024  -0.060   0.013[0m
[1;32muart:~$ [m[8D[J[1;32muart:~$ [m[8D[J[00:00:47.929,000] [0m<inf> imu: LSM6DSV16X   a   0.403   0.151  10.518  g  -0.010   0.003  -0.002[0m
[1;32muart:~$ [m[8D[J[00:00:47.930,000] [0m<inf> imu: ICM-42688-P  a   0.384  -0.026   9.926  g   0.000  -0.005  -0.000[0m
[1;32muart:~$ [m[8D[J[00:00:47.981,000] [0m<inf> imu: LSM6DS3TR-C  a   0.118   0.044  10.153  g   0.024  -0.059   0.014[0m
[1;32muart:~$ [m[8D[J[1;32muart:~$ [m[8D[J[00:00:47.982,000] [0m<inf> imu: LSM6DSV16X   a   0.406   0.141  10.528  g  -0.011   0.003  -0.003[0m
[1;32muart:~$ [m[8D[J[00:00:47.982,000] [0m<inf> imu: ICM-42688-P  a   0.389  -0.025   9.928  g   0.000  -0.005  -0.000[0m
[1;32muart:~$ [m[8D[J[00:00:48.034,000] [0m<inf> imu: LSM6DS3TR-C  a   0.143   0.048  10.204  g   0.024  -0.060   0.014[0m
[1;32muart:~$ [m[8D[J[1;32muart:~$ [m[8D[J[00:00:48.035,000] [0m<inf> imu: LSM6DSV16X   a   0.404   0.146  10.525  g  -0.010   0.002  -0.002[0m
[1;32muart:~$ [m[8D[J[00:00:48.036,000] [0m<inf> imu: ICM-42688-P  a   0.381  -0.037   9.934  g   0.000  -0.006   0.000[0m
[1;32muart:~$ [m[8D[J[00:00:48.087,000] [0m<inf> imu: LSM6DS3TR-C  a   0.137   0.035  10.174  g   0.024  -0.060   0.014[0m
[1;32muart:~$ [m[8D[J[1;32muart:~$ [m[8D[J[00:00:48.087,000] [0m<inf> imu: LSM6DSV16X   a   0.407   0.148  10.524  g  -0.012   0.002  -0.003[0m
[1;32muart:~$ [m[8D[J[00:00:48.088,000] [0m<inf> imu: ICM-42688-P  a   0.382  -0.031   9.923  g  -0.001  -0.005   0.001[0m
[1;32muart:~$ [m[8D[J[00:00:48.140,000] [0m<inf> imu: LSM6DS3TR-C  a   0.121   0.060  10.156  g   0.023  -0.060   0.014[0m
[1;32muart:~$ [m[8D[J[1;32muart:~$ [m[8D[J[00:00:48.141,000] [0m<inf> imu: LSM6DSV16X   a   0.402   0.141  10.515  g  -0.011   0.002  -0.002[0m
[1;32muart:~$ [m[8D[J[00:00:48.141,000] [0m<inf> imu: ICM-42688-P  a   0.393  -0.042   9.919  g   0.000  -0.005  -0.001[0m
[1;32muart:~$ [m[8D[J[00:00:48.192,000] [0m<inf> imu: LSM6DS3TR-C  a   0.127   0.057  10.182  g   0.023  -0.060   0.014[0m
[1;32muart:~$ [m[8D[J[1;32muart:~$ [m[8D[J[00:00:48.193,000] [0m<inf> imu: LSM6DSV16X   a   0.410   0.148  10.516  g  -0.011   0.003  -0.002[0m
[1;32muart:~$ [m[8D[J[00:00:48.193,000] [0m<inf> imu: ICM-42688-P  a   0.396  -0.043   9.926  g  -0.000  -0.004  -0.001[0m
[1;32muart:~$ [m[8D[J[00:00:48.245,000] [0m<inf> imu: LSM6DS3TR-C  a   0.114   0.045  10.209  g   0.025  -0.061   0.013[0m
[1;32muart:~$ [m[8D[J[1;32muart:~$ [m[8D[J[00:00:48.246,000] [0m<inf> imu: LSM6DSV16X   a   0.409   0.141  10.510  g  -0.011   0.002  -0.002[0m
[1;32muart:~$ [m[8D[J[00:00:48.247,000] [0m<inf> imu: ICM-42688-P  a   0.384  -0.040   9.934  g  -0.000  -0.005  -0.001[0m
[1;32muart:~$ [m[8D[J[00:00:48.298,000] [0m<inf> imu: LSM6DS3TR-C  a   0.127   0.021  10.193  g   0.024  -0.060   0.015[0m
[1;32muart:~$ [m[8D[J[1;32muart:~$ [m[8D[J[00:00:48.299,000] [0m<inf> imu: LSM6DSV16X   a   0.406   0.141  10.521  g  -0.011   0.003  -0.002[0m
[1;32muart:~$ [m[8D[J[00:00:48.299,000] [0m<inf> imu: ICM-42688-P  a   0.377  -0.040   9.918  g  -0.001  -0.006  -0.000[0m
[1;32muart:~$ [m[8D[J[1;32muart:~$ [m[8D[J[00:00:48.351,000] [0m<inf> imu: LSM6DS3TR-C  a   0.087   0.033  10.233  g   0.023  -0.061   0.014[0m
[1;32muart:~$ [m[8D[J[00:00:48.352,000] [0m<inf> imu: LSM6DSV16X   a   0.410   0.146  10.528  g  -0.012   0.002  -0.002[0m
[1;32muart:~$ [m[8D[J[00:00:48.353,000] [0m<inf> imu: ICM-42688-P  a   0.376  -0.032   9.940  g   0.000  -0.005  -0.001[0m
[1;32muart:~$ [m[8D[J[00:00:48.404,000] [0m<inf> imu: LSM6DS3TR-C  a   0.124   0.024  10.204  g   0.025  -0.061   0.014[0m
[1;32muart:~$ [m[8D[J[1;32muart:~$ [m[8D[J[00:00:48.405,000] [0m<inf> imu: LSM6DSV16X   a   0.410   0.151  10.511  g  -0.011   0.002  -0.002[0m
[1;32muart:~$ [m[8D[J[00:00:48.405,000] [0m<inf> imu: ICM-42688-P  a   0.379  -0.038   9.940  g   0.000  -0.005  -0.001[0m
[1;32muart:~$ [m[8D[J[1;32muart:~$ [m[8D[J[00:00:48.456,000] [0m<inf> imu: LSM6DS3TR-C  a   0.132   0.064  10.214  g   0.024  -0.060   0.013[0m
[1;32muart:~$ [m[8D[J[00:00:48.457,000] [0m<inf> imu: LSM6DSV16X   a   0.409   0.141  10.524  g  -0.012   0.003  -0.002[0m
[1;32muart:~$ [m[8D[J[00:00:48.457,000] [0m<inf> imu: ICM-42688-P  a   0.377  -0.034   9.924  g   0.000  -0.004   0.001[0m
[1;32muart:~$ [m[8D[J[00:00:48.508,000] [0m<inf> imu: LSM6DS3TR-C  a   0.108   0.065  10.184  g   0.023  -0.059   0.014[0m
[1;32muart:~$ [m[8D[J[1;32muart:~$ [m[8D[J[00:00:48.509,000] [0m<inf> imu: LSM6DSV16X   a   0.404   0.141  10.526  g  -0.012   0.002  -0.003[0m
[1;32muart:~$ [m[8D[J[00:00:48.510,000] [0m<inf> imu: ICM-42688-P  a   0.371  -0.030   9.929  g   0.001  -0.005   0.000[0m
[1;32muart:~$ [m[8D[J[1;32muart:~$ [m[8D[J[00:00:48.561,000] [0m<inf> imu: LSM6DS3TR-C  a   0.117   0.041  10.202  g   0.024  -0.060   0.013[0m
[1;32muart:~$ [m[8D[J[00:00:48.561,000] [0m<inf> imu: LSM6DSV16X   a   0.409   0.141  10.527  g  -0.011   0.002  -0.002[0m
[1;32muart:~$ [m[8D[J[00:00:48.562,000] [0m<inf> imu: ICM-42688-P  a   0.384  -0.031   9.943  g   0.000  -0.004   0.000[0m
[1;32muart:~$ [m[8D[J[00:00:48.613,000] [0m<inf> imu: LSM6DS3TR-C  a   0.131   0.041  10.174  g   0.024  -0.059   0.015[0m
[1;32muart:~$ [m[8D[J[1;32muart:~$ [m[8D[J[00:00:48.614,000] [0m<inf> imu: LSM6DSV16X   a   0.407   0.141  10.518  g  -0.011   0.002  -0.002[0m
[1;32muart:~$ [m[8D[J[00:00:48.614,000] [0m<inf> imu: ICM-42688-P  a   0.376  -0.035   9.914  g   0.002  -0.005  -0.000[0m
[1;32muart:~$ [m[8D[J[1;32muart:~$ [m[8D[J[00:00:48.665,000] [0m<inf> imu: LSM6DS3TR-C  a   0.100   0.092  10.193  g   0.023  -0.060   0.015[0m
[1;32muart:~$ [m[8D[J[00:00:48.666,000] [0m<inf> imu: LSM6DSV16X   a   0.407   0.136  10.525  g  -0.011   0.001  -0.002[0m
[1;32muart:~$ [m[8D[J[00:00:48.666,000] [0m<inf> imu: ICM-42688-P  a   0.379  -0.028   9.936  g  -0.001  -0.005  -0.000[0m
[1;32muart:~$ [m[8D[J[00:00:48.717,000] [0m<inf> imu: LSM6DS3TR-C  a   0.138   0.048  10.213  g   0.025  -0.060   0.015[0m
[1;32muart:~$ [m[8D[J[1;32muart:~$ [m[8D[J[00:00:48.718,000] [0m<inf> imu: LSM6DSV16X   a   0.400   0.149  10.521  g  -0.013   0.003  -0.003[0m
[1;32muart:~$ [m[8D[J[00:00:48.718,000] [0m<inf> imu: ICM-42688-P  a   0.385  -0.035   9.926  g  -0.001  -0.005   0.000[0m
[1;32muart:~$ [m[8D[J[1;32muart:~$ [m[8D[J[00:00:48.770,000] [0m<inf> imu: LSM6DS3TR-C  a   0.152   0.067  10.193  g   0.024  -0.061   0.012[0m
[1;32muart:~$ [m[8D[J[00:00:48.770,000] [0m<inf> imu: LSM6DSV16X   a   0.412   0.146  10.526  g  -0.011   0.002  -0.002[0m
[1;32muart:~$ [m[8D[J[00:00:48.771,000] [0m<inf> imu: ICM-42688-P  a   0.379  -0.032   9.930  g   0.000  -0.005  -0.001[0m
[1;32muart:~$ [m[8D[J[1;32muart:~$ [m[8D[J[00:00:48.822,000] [0m<inf> imu: LSM6DS3TR-C  a   0.122   0.060  10.223  g   0.022  -0.060   0.013[0m
[1;32muart:~$ [m[8D[J[00:00:48.822,000] [0m<inf> imu: LSM6DSV16X   a   0.406   0.141  10.526  g  -0.012   0.002  -0.002[0m
[1;32muart:~$ [m[8D[J[00:00:48.823,000] [0m<inf> imu: ICM-42688-P  a   0.383  -0.038   9.940  g   0.000  -0.005  -0.000[0m
[1;32muart:~$ [m[8D[J[1;32muart:~$ [m[8D[J[00:00:48.874,000] [0m<inf> imu: LSM6DS3TR-C  a   0.130   0.017  10.181  g   0.022  -0.060   0.012[0m
[1;32muart:~$ [m[8D[J[00:00:48.875,000] [0m<inf> imu: LSM6DSV16X   a   0.407   0.136  10.513  g  -0.012   0.002  -0.003[0m
[1;32muart:~$ [m[8D[J[00:00:48.875,000] [0m<inf> imu: ICM-42688-P  a   0.399  -0.034   9.940  g   0.000  -0.005  -0.000[0m
[1;32muart:~$ [m[8D[J[1;32muart:~$ [m[8D[J[00:00:48.927,000] [0m<inf> imu: LSM6DS3TR-C  a   0.159   0.034  10.200  g   0.025  -0.061   0.015[0m
[1;32muart:~$ [m[8D[J[00:00:48.928,000] [0m<inf> imu: LSM6DSV16X   a   0.407   0.144  10.528  g  -0.011   0.002  -0.002[0m
[1;32muart:~$ [m[8D[J[00:00:48.929,000] [0m<inf> imu: ICM-42688-P  a   0.384  -0.043   9.926  g  -0.001  -0.005  -0.001[0m
[1;32muart:~$ [m[8D[J[1;32muart:~$ [m[8D[J[00:00:48.980,000] [0m<inf> imu: LSM6DS3TR-C  a   0.127   0.054  10.157  g   0.024  -0.060   0.014[0m
[1;32muart:~$ [m[8D[J[00:00:48.981,000] [0m<inf> imu: LSM6DSV16X   a   0.411   0.149  10.515  g  -0.012   0.003  -0.002[0m
[1;32muart:~$ [m[8D[J[00:00:48.981,000] [0m<inf> imu: ICM-42688-P  a   0.384  -0.029   9.931  g   0.000  -0.005  -0.000[0m
[1;32muart:~$ [m[8D[J[1;32muart:~$ [m[8D[J[00:00:49.032,000] [0m<inf> imu: LSM6DS3TR-C  a   0.109   0.056  10.194  g   0.024  -0.061   0.014[0m
[1;32muart:~$ [m[8D[J[00:00:49.034,000] [0m<inf> imu: LSM6DSV16X   a   0.410   0.139  10.519  g  -0.011   0.002  -0.002[0m
[1;32muart:~$ [m[8D[J[00:00:49.035,000] [0m<inf> imu: ICM-42688-P  a   0.382  -0.030   9.919  g   0.001  -0.005  -0.000[0m
[1;32muart:~$ [m[8D[J[1;32muart:~$ [m[8D[J[00:00:49.086,000] [0m<inf> imu: LSM6DS3TR-C  a   0.103   0.068  10.192  g   0.022  -0.059   0.014[0m
[1;32muart:~$ [m[8D[J[00:00:49.086,000] [0m<inf> imu: LSM6DSV16X   a   0.407   0.146  10.516  g  -0.012   0.002  -0.003[0m
[1;32muart:~$ [m[8D[J[1;32muart:~$ [m[8D[J[00:00:49.087,000] [0m<inf> imu: ICM-42688-P  a   0.378  -0.034   9.938  g  -0.000  -0.005  -0.001[0m
[1;32muart:~$ [m[8D[J[00:00:49.139,000] [0m<inf> imu: LSM6DS3TR-C  a   0.160   0.070  10.186  g   0.022  -0.061   0.013[0m
[1;32muart:~$ [m[8D[J[00:00:49.140,000] [0m<inf> imu: LSM6DSV16X   a   0.409   0.144  10.514  g  -0.012   0.003  -0.003[0m
[1;32muart:~$ [m[8D[J[00:00:49.141,000] [0m<inf> imu: ICM-42688-P  a   0.385  -0.035   9.918  g   0.000  -0.005  -0.001[0m
[1;32muart:~$ [m[8D[J[1;32muart:~$ [m[8D[J[00:00:49.192,000] [0m<inf> imu: LSM6DS3TR-C  a   0.135   0.060  10.180  g   0.025  -0.059   0.014[0m
[1;32muart:~$ [m[8D[J[00:00:49.192,000] [0m<inf> imu: LSM6DSV16X   a   0.409   0.148  10.515  g  -0.012   0.002  -0.002[0m
[1;32muart:~$ [m[8D[J[1;32muart:~$ [m[8D[J[00:00:49.193,000] [0m<inf> imu: ICM-42688-P  a   0.376  -0.031   9.922  g   0.000  -0.005  -0.001[0m
[1;32muart:~$ [m[8D[J[00:00:49.244,000] [0m<inf> imu: LSM6DS3TR-C  a   0.124   0.038  10.189  g   0.022  -0.059   0.015[0m
[1;32muart:~$ [m[8D[J[00:00:49.245,000] [0m<inf> imu: LSM6DSV16X   a   0.412   0.144  10.519  g  -0.012   0.002  -0.003[0m
[1;32muart:~$ [m[8D[J[00:00:49.246,000] [0m<inf> imu: ICM-42688-P  a   0.391  -0.028   9.929  g   0.000  -0.005  -0.000[0m
[1;32muart:~$ [m[8D[J[1;32muart:~$ [m[8D[J[00:00:49.297,000] [0m<inf> imu: LSM6DS3TR-C  a   0.109   0.078  10.193  g   0.024  -0.062   0.013[0m
[1;32muart:~$ [m[8D[J[00:00:49.298,000] [0m<inf> imu: LSM6DSV16X   a   0.403   0.144  10.526  g  -0.012   0.002  -0.003[0m
[1;32muart:~$ [m[8D[J[1;32muart:~$ [m[8D[J[00:00:49.299,000] [0m<inf> imu: ICM-42688-P  a   0.389  -0.028   9.938  g   0.001  -0.005   0.000[0m
[1;32muart:~$ [m[8D[J[00:00:49.350,000] [0m<inf> imu: LSM6DS3TR-C  a   0.111   0.059  10.195  g   0.025  -0.061   0.013[0m
[1;32muart:~$ [m[8D[J[00:00:49.350,000] [0m<inf> imu: LSM6DSV16X   a   0.407   0.143  10.519  g  -0.011   0.003  -0.003[0m
[1;32muart:~$ [m[8D[J[00:00:49.351,000] [0m<inf> imu: ICM-42688-P  a   0.391  -0.043   9.925  g   0.000  -0.005   0.001[0m
[1;32muart:~$ [m[8D[J[1;32muart:~$ [m[8D[J[00:00:49.402,000] [0m<inf> imu: LSM6DS3TR-C  a   0.134   0.090  10.207  g   0.023  -0.061   0.016[0m
[1;32muart:~$ [m[8D[J[00:00:49.403,000] [0m<inf> imu: LSM6DSV16X   a   0.409   0.146  10.526  g  -0.011   0.002  -0.002[0m
[1;32muart:~$ [m[8D[J[1;32muart:~$ [m[8D[J[00:00:49.403,000] [0m<inf> imu: ICM-42688-P  a   0.371  -0.029   9.936  g   0.001  -0.005   0.000[0m
[1;32muart:~$ [m[8D[J[00:00:49.454,000] [0m<inf> imu: LSM6DS3TR-C  a   0.111   0.042  10.213  g   0.025  -0.060   0.016[0m
[1;32muart:~$ [m[8D[J[00:00:49.455,000] [0m<inf> imu: LSM6DSV16X   a   0.411   0.143  10.524  g  -0.011   0.002  -0.002[0m
[1;32muart:~$ [m[8D[J[1;32muart:~$ [m[8D[J[00:00:49.455,000] [0m<inf> imu: ICM-42688-P  a   0.368  -0.032   9.938  g   0.000  -0.005   0.000[0m
[1;32muart:~$ [m[8D[J[00:00:49.506,000] [0m<inf> imu: LSM6DS3TR-C  a   0.132   0.077  10.195  g   0.027  -0.062   0.015[0m
[1;32muart:~$ [m[8D[J[00:00:49.507,000] [0m<inf> imu: LSM6DSV16X   a   0.407   0.136  10.521  g  -0.011   0.002  -0.003[0m
[1;32muart:~$ [m[8D[J[1;32muart:~$ [m[8D[J[00:00:49.508,000] [0m<inf> imu: ICM-42688-P  a   0.371  -0.040   9.935  g   0.000  -0.005  -0.001[0m
[1;32muart:~$ [m[8D[J[00:00:49.559,000] [0m<inf> imu: LSM6DS3TR-C  a   0.114   0.063  10.212  g   0.025  -0.060   0.012[0m
[1;32muart:~$ [m[8D[J[00:00:49.559,000] [0m<inf> imu: LSM6DSV16X   a   0.412   0.146  10.519  g  -0.013   0.002  -0.002[0m
[1;32muart:~$ [m[8D[J[1;32muart:~$ [m[8D[J[00:00:49.560,000] [0m<inf> imu: ICM-42688-P  a   0.379  -0.032   9.923  g  -0.001  -0.005  -0.000[0m
[1;32muart:~$ [m[8D[J[00:00:49.611,000] [0m<inf> imu: LSM6DS3TR-C  a   0.136   0.065  10.208  g   0.023  -0.060   0.014[0m
[1;32muart:~$ [m[8D[J[00:00:49.612,000] [0m<inf> imu: LSM6DSV16X   a   0.416   0.141  10.523  g  -0.012   0.002  -0.002[0m
[1;32muart:~$ [m[8D[J[1;32muart:~$ [m[8D[J[00:00:49.612,000] [0m<inf> imu: ICM-42688-P  a   0.391  -0.038   9.935  g   0.000  -0.005   0.000[0m
[1;32muart:~$ [m[8D[J[00:00:49.663,000] [0m<inf> imu: LSM6DS3TR-C  a   0.117   0.056  10.209  g   0.024  -0.060   0.014[0m
[1;32muart:~$ [m[8D[J[00:00:49.664,000] [0m<inf> imu: LSM6DSV16X   a   0.409   0.147  10.516  g  -0.012   0.002  -0.002[0m
[1;32muart:~$ [m[8D[J[1;32muart:~$ [m[8D[J[00:00:49.664,000] [0m<inf> imu: ICM-42688-P  a   0.377  -0.028   9.932  g  -0.001  -0.004  -0.000[0m
[1;32muart:~$ [m[8D[J[00:00:49.716,000] [0m<inf> imu: LSM6DS3TR-C  a   0.115   0.035  10.173  g   0.022  -0.061   0.013[0m
[1;32muart:~$ [m[8D[J[00:00:49.717,000] [0m<inf> imu: LSM6DSV16X   a   0.404   0.143  10.522  g  -0.012   0.002  -0.002[0m
[1;32muart:~$ [m[8D[J[1;32muart:~$ [m[8D[J[00:00:49.718,000] [0m<inf> imu: ICM-42688-P  a   0.382  -0.035   9.946  g   0.000  -0.004  -0.001[0m
[1;32muart:~$ [m[8D[J[00:00:49.769,000] [0m<inf> imu: LSM6DS3TR-C  a   0.120   0.011  10.186  g   0.025  -0.061   0.015[0m
[1;32muart:~$ [m[8D[J[00:00:49.770,000] [0m<inf> imu: LSM6DSV16X   a   0.407   0.148  10.526  g  -0.011   0.003  -0.003[0m
[1;32muart:~$ [m[8D[J[1;32muart:~$ [m[8D[J[00:00:49.770,000] [0m<inf> imu: ICM-42688-P  a   0.388  -0.041   9.930  g  -0.001  -0.004   0.000[0m
[1;32muart:~$ [m[8D[J[00:00:49.822,000] [0m<inf> imu: LSM6DS3TR-C  a   0.111   0.057  10.167  g   0.026  -0.060   0.016[0m
[1;32muart:~$ [m[8D[J[00:00:49.823,000] [0m<inf> imu: LSM6DSV16X   a   0.406   0.148  10.514  g  -0.011   0.002  -0.003[0m
[1;32muart:~$ [m[8D[J[1;32muart:~$ [m[8D[J[00:00:49.824,000] [0m<inf> imu: ICM-42688-P  a   0.383  -0.036   9.929  g   0.001  -0.005   0.000[0m
[1;32muart:~$ [m[8D[J[00:00:49.875,000] [0m<inf> imu: LSM6DS3TR-C  a   0.127   0.026  10.205  g   0.025  -0.061   0.016[0m
[1;32muart:~$ [m[8D[J[00:00:49.875,000] [0m<inf> imu: LSM6DSV16X   a   0.409   0.145  10.521  g  -0.012   0.003  -0.003[0m
[1;32muart:~$ [m[8D[J[1;32muart:~$ [m[8D[J[00:00:49.876,000] [0m<inf> imu: ICM-42688-P  a   0.371  -0.024   9.926  g  -0.001  -0.004   0.000[0m
[1;32muart:~$ [m[8D[J[00:00:49.927,000] [0m<inf> imu: LSM6DS3TR-C  a   0.115   0.040  10.220  g   0.024  -0.061   0.014[0m
[1;32muart:~$ [m[8D[J[00:00:49.928,000] [0m<inf> imu: LSM6DSV16X   a   0.415   0.147  10.519  g  -0.012   0.002  -0.002[0m
[1;32muart:~$ [m[8D[J[1;32muart:~$ [m[8D[J[00:00:49.929,000] [0m<inf> imu: ICM-42688-P  a   0.388  -0.048   9.917  g  -0.001  -0.004  -0.001[0m
[1;32muart:~$ [m[8D[J[00:00:49.980,000] [0m<inf> imu: LSM6DS3TR-C  a   0.139   0.077  10.206  g   0.023  -0.060   0.014[0m
[1;32muart:~$ [m[8D[J[1;32muart:~$ [m[8D[J[00:00:49.981,000] [0m<inf> imu: LSM6DSV16X   a   0.416   0.147  10.512  g  -0.011   0.002  -0.002[0m
[1;32muart:~$ [m[8D[J[00:00:49.981,000] [0m<inf> imu: ICM-42688-P  a   0.395  -0.038   9.930  g   0.000  -0.005   0.000[0m
[1;32muart:~$ [m[8D[J[00:00:50.032,000] [0m<inf> imu: LSM6DS3TR-C  a   0.132   0.063  10.193  g   0.025  -0.061   0.013[0m
[1;32muart:~$ [m[8D[J[00:00:50.033,000] [0m<inf> imu: LSM6DSV16X   a   0.404   0.142  10.521  g  -0.012   0.002  -0.002[0m
[1;32muart:~$ [m[8D[J[1;32muart:~$ [m[8D[J[00:00:50.034,000] [0m<inf> imu: ICM-42688-P  a   0.387  -0.029   9.935  g   0.000  -0.005  -0.000[0m
[1;32muart:~$ [m[8D[J[00:00:50.085,000] [0m<inf> imu: LSM6DS3TR-C  a   0.133   0.042  10.149  g   0.024  -0.060   0.016[0m
[1;32muart:~$ [m[8D[J[1;32muart:~$ [m[8D[J[00:00:50.085,000] [0m<inf> imu: LSM6DSV16X   a   0.411   0.137  10.524  g  -0.011   0.002  -0.002[0m
[1;32muart:~$ [m[8D[J[00:00:50.086,000] [0m<inf> imu: ICM-42688-P  a   0.388  -0.026   9.934  g   0.000  -0.004  -0.001[0m
[1;32muart:~$ [m[8D[J[00:00:50.137,000] [0m<inf> imu: LSM6DS3TR-C  a   0.095   0.054  10.208  g   0.024  -0.061   0.013[0m
[1;32muart:~$ [m[8D[J[00:00:50.138,000] [0m<inf> imu: LSM6DSV16X   a   0.402   0.147  10.497  g  -0.012   0.002  -0.003[0m
[1;32muart:~$ [m[8D[J[1;32muart:~$ [m[8D[J[00:00:50.138,000] [0m<inf> imu: ICM-42688-P  a   0.375  -0.032   9.931  g  -0.000  -0.004  -0.000[0m
[1;32muart:~$ [m[8D[J[00:00:50.189,000] [0m<inf> imu: LSM6DS3TR-C  a   0.114   0.053  10.219  g   0.024  -0.062   0.013[0m
[1;32muart:~$ [m[8D[J[1;32muart:~$ [m[8D[J[00:00:50.190,000] [0m<inf> imu: LSM6DSV16X   a   0.406   0.153  10.512  g  -0.012   0.002  -0.003[0m
[1;32muart:~$ [m[8D[J[00:00:50.190,000] [0m<inf> imu: ICM-42688-P  a   0.382  -0.028   9.926  g   0.000  -0.005  -0.001[0m
[1;32muart:~$ [m[8D[J[00:00:50.241,000] [0m<inf> imu: LSM6DS3TR-C  a   0.160   0.037  10.190  g   0.024  -0.062   0.016[0m
[1;32muart:~$ [m[8D[J[00:00:50.242,000] [0m<inf> imu: LSM6DSV16X   a   0.404   0.134  10.524  g  -0.011   0.002  -0.003[0m
[1;32muart:~$ [m[8D[J[1;32muart:~$ [m[8D[J[00:00:50.242,000] [0m<inf> imu: ICM-42688-P  a   0.378  -0.044   9.925  g   0.000  -0.005  -0.001[0m
[1;32muart:~$ [m[8D[J[00:00:50.294,000] [0m<inf> imu: LSM6DS3TR-C  a   0.093   0.047  10.187  g   0.024  -0.060   0.014[0m
[1;32muart:~$ [m[8D[J[1;32muart:~$ [m[8D[J[00:00:50.294,000] [0m<inf> imu: LSM6DSV16X   a   0.407   0.139  10.517  g  -0.012   0.002  -0.002[0m
[1;32muart:~$ [m[8D[J[00:00:50.295,000] [0m<inf> imu: ICM-42688-P  a   0.379  -0.040   9.941  g  -0.000  -0.005  -0.000[0m
[1;32muart:~$ [m[8D[J[00:00:50.346,000] [0m<inf> imu: LSM6DS3TR-C  a   0.113   0.090  10.195  g   0.024  -0.061   0.013[0m
[1;32muart:~$ [m[8D[J[1;32muart:~$ [m[8D[J[00:00:50.347,000] [0m<inf> imu: LSM6DSV16X   a   0.412   0.153  10.512  g  -0.011   0.002  -0.002[0m
[1;32muart:~$ [m[8D[J[00:00:50.347,000] [0m<inf> imu: ICM-42688-P  a   0.379  -0.024   9.918  g   0.000  -0.004  -0.000[0m
[1;32muart:~$ [m[8D[J[00:00:50.398,000] [0m<inf> imu: LSM6DS3TR-C  a   0.132   0.045  10.191  g   0.024  -0.062   0.013[0m
[1;32muart:~$ [m[8D[J[1;32muart:~$ [m[8D[J[00:00:50.399,000] [0m<inf> imu: LSM6DSV16X   a   0.405   0.134  10.528  g  -0.012   0.003  -0.002[0m
[1;32muart:~$ [m[8D[J[00:00:50.399,000] [0m<inf> imu: ICM-42688-P  a   0.382  -0.034   9.925  g  -0.000  -0.004   0.000[0m
[1;32muart:~$ [m[8D[J[00:00:50.450,000] [0m<inf> imu: LSM6DS3TR-C  a   0.147   0.053  10.232  g   0.024  -0.061   0.014[0m
[1;32muart:~$ [m[8D[J[1;32muart:~$ [m[8D[J[00:00:50.451,000] [0m<inf> imu: LSM6DSV16X   a   0.407   0.148  10.524  g  -0.012   0.003  -0.002[0m
[1;32muart:~$ [m[8D[J[00:00:50.452,000] [0m<inf> imu: ICM-42688-P  a   0.378  -0.023   9.938  g  -0.001  -0.004  -0.001[0m
[1;32muart:~$ [m[8D[J[00:00:50.503,000] [0m<inf> imu: LSM6DS3TR-C  a   0.137   0.029  10.197  g   0.022  -0.060   0.014[0m
[1;32muart:~$ [m[8D[J[1;32muart:~$ [m[8D[J[00:00:50.503,000] [0m<inf> imu: LSM6DSV16X   a   0.404   0.126  10.521  g  -0.012   0.002  -0.002[0m
[1;32muart:~$ [m[8D[J[00:00:50.504,000] [0m<inf> imu: ICM-42688-P  a   0.381  -0.053   9.928  g   0.000  -0.005   0.000[0m
[1;32muart:~$ [m[8D[J[00:00:50.555,000] [0m<inf> imu: LSM6DS3TR-C  a   0.156   0.072  10.199  g   0.023  -0.059   0.014[0m
[1;32muart:~$ [m[8D[J[1;32muart:~$ [m[8D[J[00:00:50.556,000] [0m<inf> imu: LSM6DSV16X   a   0.409   0.153  10.523  g  -0.012   0.003  -0.002[0m
[1;32muart:~$ [m[8D[J[00:00:50.556,000] [0m<inf> imu: ICM-42688-P  a   0.383  -0.036   9.923  g   0.000  -0.005  -0.001[0m
[1;32muart:~$ [m[8D[J[00:00:50.608,000] [0m<inf> imu: LSM6DS3TR-C  a   0.121   0.061  10.164  g   0.025  -0.058   0.015[0m
[1;32muart:~$ [m[8D[J[1;32muart:~$ [m[8D[J[00:00:50.609,000] [0m<inf> imu: LSM6DSV16X   a   0.407   0.151  10.521  g  -0.011   0.002  -0.002[0m
[1;32muart:~$ [m[8D[J[00:00:50.610,000] [0m<inf> imu: ICM-42688-P  a   0.373  -0.029   9.930  g   0.000  -0.006   0.001[0m
[1;32muart:~$ [m[8D[J[00:00:50.661,000] [0m<inf> imu: LSM6DS3TR-C  a   0.138   0.028  10.196  g   0.025  -0.061   0.013[0m
[1;32muart:~$ [m[8D[J[00:00:50.662,000] [0m<inf> imu: LSM6DSV16X   a   0.403   0.131  10.507  g  -0.012   0.002  -0.003[0m
[1;32muart:~$ [m[8D[J[1;32muart:~$ [m[8D[J[00:00:50.662,000] [0m<inf> imu: ICM-42688-P  a   0.371  -0.051   9.928  g   0.000  -0.005  -0.000[0m
[1;32muart:~$ [m[8D[J[00:00:50.714,000] [0m<inf> imu: LSM6DS3TR-C  a   0.150   0.076  10.182  g   0.024  -0.059   0.013[0m
[1;32muart:~$ [m[8D[J[1;32muart:~$ [m[8D[J[00:00:50.715,000] [0m<inf> imu: LSM6DSV16X   a   0.417   0.155  10.516  g  -0.011   0.003  -0.002[0m
[1;32muart:~$ [m[8D[J[00:00:50.715,000] [0m<inf> imu: ICM-42688-P  a   0.402  -0.026   9.911  g   0.000  -0.004   0.000[0m
[1;32muart:~$ [m[8D[J[1;32muart:~$ [m[8D[J[00:00:50.767,000] [0m<inf> imu: LSM6DS3TR-C  a   0.092   0.042  10.167  g   0.026  -0.059   0.016[0m
[1;32muart:~$ [m[8D[J[00:00:50.767,000] [0m<inf> imu: LSM6DSV16X   a   0.399   0.136  10.524  g  -0.012   0.003  -0.002[0m
[1;32muart:~$ [m[8D[J[00:00:50.768,000] [0m<inf> imu: ICM-42688-P  a   0.364  -0.054   9.937  g   0.000  -0.005  -0.000[0m
[1;32muart:~$ [m[8D[J[00:00:50.819,000] [0m<inf> imu: LSM6DS3TR-C  a   0.174   0.059  10.198  g   0.024  -0.058   0.013[0m
[1;32muart:~$ [m[8D[J[1;32muart:~$ [m[8D[J[00:00:50.821,000] [0m<inf> imu: LSM6DSV16X   a   0.412   0.148  10.531  g  -0.011   0.003  -0.003[0m
[1;32muart:~$ [m[8D[J[00:00:50.821,000] [0m<inf> imu: ICM-42688-P  a   0.393  -0.035   9.917  g   0.000  -0.006   0.000[0m
[1;32muart:~$ [m[8D[J[1;32muart:~$ [m[8D[J[00:00:50.873,000] [0m<inf> imu: LSM6DS3TR-C  a   0.118   0.042  10.193  g   0.024  -0.059   0.013[0m
[1;32muart:~$ [m[8D[J[00:00:50.873,000] [0m<inf> imu: LSM6DSV16X   a   0.402   0.136  10.519  g  -0.011   0.001  -0.002[0m
[1;32muart:~$ [m[8D[J[00:00:50.874,000] [0m<inf> imu: ICM-42688-P  a   0.379  -0.044   9.918  g   0.000  -0.006   0.000[0m
[1;32muart:~$ [m[8D[J[00:00:50.925,000] [0m<inf> imu: LSM6DS3TR-C  a   0.112   0.042  10.199  g   0.024  -0.060   0.015[0m
[1;32muart:~$ [m[8D[J[1;32muart:~$ [m[8D[J[00:00:50.926,000] [0m<inf> imu: LSM6DSV16X   a   0.400   0.145  10.519  g  -0.012   0.002  -0.003[0m
[1;32muart:~$ [m[8D[J[00:00:50.926,000] [0m<inf> imu: ICM-42688-P  a   0.376  -0.032   9.926  g  -0.001  -0.005  -0.001[0m
[1;32muart:~$ [m[8D[J[1;32muart:~$ [m[8D[J[00:00:50.977,000] [0m<inf> imu: LSM6DS3TR-C  a   0.133   0.068  10.211  g   0.024  -0.060   0.016[0m
[1;32muart:~$ [m[8D[J[00:00:50.978,000] [0m<inf> imu: LSM6DSV16X   a   0.409   0.157  10.521  g  -0.013   0.002  -0.003[0m
[1;32muart:~$ [m[8D[J[00:00:50.978,000] [0m<inf> imu: ICM-42688-P  a   0.384  -0.019   9.932  g   0.000  -0.004  -0.001[0m
[1;32muart:~$ [m[8D[J[00:00:51.029,000] [0m<inf> imu: LSM6DS3TR-C  a   0.138   0.052  10.201  g   0.024  -0.060   0.014[0m
[1;32muart:~$ [m[8D[J[1;32muart:~$ [m[8D[J[00:00:51.030,000] [0m<inf> imu: LSM6DSV16X   a   0.400   0.135  10.519  g  -0.012   0.002  -0.002[0m
[1;32muart:~$ [m[8D[J[00:00:51.031,000] [0m<inf> imu: ICM-42688-P  a   0.385  -0.044   9.942  g   0.000  -0.005   0.000[0m
[1;32muart:~$ [m[8D[J[1;32muart:~$ [m[8D[J[00:00:51.082,000] [0m<inf> imu: LSM6DS3TR-C  a   0.122   0.037  10.204  g   0.023  -0.060   0.012[0m
[1;32muart:~$ [m[8D[J[00:00:51.082,000] [0m<inf> imu: LSM6DSV16X   a   0.407   0.147  10.515  g  -0.012   0.001  -0.002[0m
[1;32muart:~$ [m[8D[J[00:00:51.083,000] [0m<inf> imu: ICM-42688-P  a   0.384  -0.022   9.938  g   0.000  -0.005   0.000[0m
[1;32muart:~$ [m[8D[J[00:00:51.134,000] [0m<inf> imu: LSM6DS3TR-C  a   0.109   0.058  10.202  g   0.024  -0.061   0.014[0m
[1;32muart:~$ [m[8D[J[1;32muart:~$ [m[8D[J[00:00:51.135,000] [0m<inf> imu: LSM6DSV16X   a   0.410   0.149  10.516  g  -0.011   0.002  -0.002[0m
[1;32muart:~$ [m[8D[J[00:00:51.135,000] [0m<inf> imu: ICM-42688-P  a   0.383  -0.038   9.936  g  -0.000  -0.005   0.000[0m
[1;32muart:~$ [m[8D[J[1;32muart:~$ [m[8D[J[00:00:51.186,000] [0m<inf> imu: LSM6DS3TR-C  a   0.145   0.035  10.171  g   0.023  -0.060   0.013[0m
[1;32muart:~$ [m[8D[J[00:00:51.187,000] [0m<inf> imu: LSM6DSV16X   a   0.404   0.141  10.528  g  -0.011   0.002  -0.002[0m
[1;32muart:~$ [m[8D[J[00:00:51.187,000] [0m<inf> imu: ICM-42688-P  a   0.378  -0.042   9.936  g   0.000  -0.005  -0.001[0m
[1;32muart:~$ [m[8D[J[00:00:51.238,000] [0m<inf> imu: LSM6DS3TR-C  a   0.131   0.039  10.162  g   0.025  -0.061   0.012[0m
[1;32muart:~$ [m[8D[J[1;32muart:~$ [m[8D[J[00:00:51.240,000] [0m<inf> imu: LSM6DSV16X   a   0.411   0.144  10.514  g  -0.011   0.002  -0.002[0m
[1;32muart:~$ [m[8D[J[00:00:51.241,000] [0m<inf> imu: ICM-42688-P  a   0.388  -0.029   9.935  g   0.000  -0.005   0.000[0m
[1;32muart:~$ [m[8D[J[1;32muart:~$ [m[8D[J[00:00:51.292,000] [0m<inf> imu: LSM6DS3TR-C  a   0.112   0.044  10.176  g   0.025  -0.063   0.013[0m
[1;32muart:~$ [m[8D[J[00:00:51.292,000] [0m<inf> imu: LSM6DSV16X   a   0.407   0.149  10.521  g  -0.011   0.002  -0.003[0m
[1;32muart:~$ [m[8D[J[00:00:51.293,000] [0m<inf> imu: ICM-42688-P  a   0.389  -0.030   9.925  g  -0.001  -0.005  -0.000[0m
[1;32muart:~$ [m[8D[J[00:00:51.344,000] [0m<inf> imu: LSM6DS3TR-C  a   0.147   0.019  10.175  g   0.024  -0.061   0.015[0m
[1;32muart:~$ [m[8D[J[1;32muart:~$ [m[8D[J[00:00:51.345,000] [0m<inf> imu: LSM6DSV16X   a   0.410   0.141  10.526  g  -0.011   0.002  -0.002[0m
[1;32muart:~$ [m[8D[J[00:00:51.345,000] [0m<inf> imu: ICM-42688-P  a   0.378  -0.026   9.926  g   0.000  -0.006   0.000[0m
[1;32muart:~$ [m[8D[J[1;32muart:~$ [m[8D[J[00:00:51.397,000] [0m<inf> imu: LSM6DS3TR-C  a   0.096   0.048  10.216  g   0.025  -0.060   0.014[0m
[1;32muart:~$ [m[8D[J[00:00:51.398,000] [0m<inf> imu: LSM6DSV16X   a   0.407   0.134  10.521  g  -0.011   0.002  -0.002[0m
[1;32muart:~$ [m[8D[J[00:00:51.399,000] [0m<inf> imu: ICM-42688-P  a   0.376  -0.035   9.929  g   0.000  -0.005  -0.001[0m
[1;32muart:~$ [m[8D[J[1;32muart:~$ [m[8D[J[00:00:51.450,000] [0m<inf> imu: LSM6DS3TR-C  a   0.097   0.063  10.183  g   0.026  -0.061   0.012[0m
[1;32muart:~$ [m[8D[J[00:00:51.451,000] [0m<inf> imu: LSM6DSV16X   a   0.403   0.144  10.519  g  -0.011   0.002  -0.002[0m
[1;32muart:~$ [m[8D[J[00:00:51.451,000] [0m<inf> imu: ICM-42688-P  a   0.376  -0.031   9.936  g   0.001  -0.005   0.000[0m
[1;32muart:~$ [m[8D[J[1;32muart:~$ [m[8D[J[00:00:51.503,000] [0m<inf> imu: LSM6DS3TR-C  a   0.121   0.062  10.197  g   0.024  -0.060   0.013[0m
[1;32muart:~$ [m[8D[J[00:00:51.504,000] [0m<inf> imu: LSM6DSV16X   a   0.407   0.158  10.513  g  -0.011   0.002  -0.002[0m
[1;32muart:~$ [m[8D[J[00:00:51.505,000] [0m<inf> imu: ICM-42688-P  a   0.389  -0.041   9.932  g  -0.001  -0.005   0.000[0m
[1;32muart:~$ [m[8D[J[1;32muart:~$ [m[8D[J[00:00:51.556,000] [0m<inf> imu: LSM6DS3TR-C  a   0.145   0.019  10.184  g   0.024  -0.060   0.014[0m
[1;32muart:~$ [m[8D[J[00:00:51.556,000] [0m<inf> imu: LSM6DSV16X   a   0.400   0.132  10.516  g  -0.013   0.002  -0.002[0m
[1;32muart:~$ [m[8D[J[00:00:51.557,000] [0m<inf> imu: ICM-42688-P  a   0.383  -0.045   9.931  g  -0.000  -0.005  -0.000[0m
[1;32muart:~$ [m[8D[J[1;32muart:~$ [m[8D[J[00:00:51.608,000] [0m<inf> imu: LSM6DS3TR-C  a   0.132   0.048  10.220  g   0.023  -0.062   0.013[0m
[1;32muart:~$ [m[8D[J[00:00:51.610,000] [0m<inf> imu: LSM6DSV16X   a   0.411   0.144  10.519  g  -0.011   0.002  -0.002[0m
[1;32muart:~$ [m[8D[J[00:00:51.610,000] [0m<inf> imu: ICM-42688-P  a   0.376  -0.026   9.936  g   0.000  -0.005  -0.000[0m
[1;32muart:~$ [m[8D[J[1;32muart:~$ [m[8D[J[00:00:51.661,000] [0m<inf> imu: LSM6DS3TR-C  a   0.148   0.054  10.195  g   0.022  -0.060   0.015[0m
[1;32muart:~$ [m[8D[J[00:00:51.662,000] [0m<inf> imu: LSM6DSV16X   a   0.400   0.147  10.514  g  -0.011   0.002  -0.003[0m
[1;32muart:~$ [m[8D[J[00:00:51.663,000] [0m<inf> imu: ICM-42688-P  a   0.376  -0.026   9.912  g   0.000  -0.005   0.000[0m
[1;32muart:~$ [m[8D[J[1;32muart:~$ [m[8D[J[00:00:51.714,000] [0m<inf> imu: LSM6DS3TR-C  a   0.112   0.037  10.212  g   0.024  -0.060   0.013[0m
[1;32muart:~$ [m[8D[J[00:00:51.716,000] [0m<inf> imu: LSM6DSV16X   a   0.405   0.141  10.522  g  -0.011   0.003  -0.002[0m
[1;32muart:~$ [m[8D[J[00:00:51.716,000] [0m<inf> imu: ICM-42688-P  a   0.379  -0.035   9.911  g  -0.001  -0.004  -0.001[0m
[1;32muart:~$ [m[8D[J[1;32muart:~$ [m[8D[J[00:00:51.767,000] [0m<inf> imu: LSM6DS3TR-C  a   0.144   0.087  10.182  g   0.025  -0.059   0.015[0m
[1;32muart:~$ [m[8D[J[00:00:51.768,000] [0m<inf> imu: LSM6DSV16X   a   0.412   0.148  10.528  g  -0.012   0.002  -0.002[0m
[1;32muart:~$ [m[8D[J[00:00:51.769,000] [0m<inf> imu: ICM-42688-P  a   0.382  -0.023   9.931  g   0.001  -0.005   0.000[0m
[1;32muart:~$ [m[8D[J[1;32muart:~$ [m[8D[J[00:00:51.820,000] [0m<inf> imu: LSM6DS3TR-C  a   0.099   0.033  10.238  g   0.024  -0.059   0.013[0m
[1;32muart:~$ [m[8D[J[00:00:51.821,000] [0m<inf> imu: LSM6DSV16X   a   0.406   0.141  10.527  g  -0.011   0.002  -0.002[0m
[1;32muart:~$ [m[8D[J[1;32muart:~$ [m[8D[J[00:00:51.822,000] [0m<inf> imu: ICM-42688-P  a   0.376  -0.038   9.923  g   0.000  -0.005   0.000[0m
[1;32muart:~$ [m[8D[J[00:00:51.873,000] [0m<inf> imu: LSM6DS3TR-C  a   0.093   0.085  10.178  g   0.024  -0.059   0.013[0m
[1;32muart:~$ [m[8D[J[00:00:51.874,000] [0m<inf> imu: LSM6DSV16X   a   0.412   0.146  10.511  g  -0.011   0.002  -0.002[0m
[1;32muart:~$ [m[8D[J[00:00:51.874,000] [0m<inf> imu: ICM-42688-P  a   0.382  -0.034   9.923  g  -0.001  -0.005   0.000[0m
[1;32muart:~$ [m[8D[J[1;32muart:~$ [m[8D[J[00:00:51.926,000] [0m<inf> imu: LSM6DS3TR-C  a   0.113   0.083  10.205  g   0.023  -0.060   0.014[0m
[1;32muart:~$ [m[8D[J[00:00:51.927,000] [0m<inf> imu: LSM6DSV16X   a   0.406   0.139  10.521  g  -0.012   0.003  -0.002[0m
[1;32muart:~$ [m[8D[J[1;32muart:~$ [m[8D[J[00:00:51.928,000] [0m<inf> imu: ICM-42688-P  a   0.383  -0.036   9.931  g   0.000  -0.005  -0.000[0m
[1;32muart:~$ [m[8D[J[00:00:51.979,000] [0m<inf> imu: LSM6DS3TR-C  a   0.096   0.078  10.197  g   0.022  -0.061   0.014[0m
[1;32muart:~$ [m[8D[J[00:00:51.980,000] [0m<inf> imu: LSM6DSV16X   a   0.411   0.147  10.518  g  -0.012   0.002  -0.002[0m
[1;32muart:~$ [m[8D[J[00:00:51.980,000] [0m<inf> imu: ICM-42688-P  a   0.388  -0.040   9.925  g   0.000  -0.005   0.000[0m
[1;32muart:~$ [m[8D[J[1;32muart:~$ [m[8D[J[00:00:52.031,000] [0m<inf> imu: LSM6DS3TR-C  a   0.095   0.059  10.182  g   0.023  -0.060   0.015[0m
[1;32muart:~$ [m[8D[J[00:00:52.032,000] [0m<inf> imu: LSM6DSV16X   a   0.404   0.141  10.526  g  -0.011   0.002  -0.002[0m
[1;32muart:~$ [m[8D[J[1;32muart:~$ [m[8D[J[00:00:52.032,000] [0m<inf> imu: ICM-42688-P  a   0.387  -0.024   9.926  g   0.001  -0.005   0.000[0m
[1;32muart:~$ [m[8D[J[00:00:52.083,000] [0m<inf> imu: LSM6DS3TR-C  a   0.135   0.059  10.199  g   0.024  -0.060   0.014[0m
[1;32muart:~$ [m[8D[J[00:00:52.084,000] [0m<inf> imu: LSM6DSV16X   a   0.404   0.141  10.519  g  -0.013   0.002  -0.002[0m
[1;32muart:~$ [m[8D[J[00:00:52.085,000] [0m<inf> imu: ICM-42688-P  a   0.389  -0.045   9.926  g   0.001  -0.005   0.000[0m
[1;32muart:~$ [m[8D[J[1;32muart:~$ [m[8D[J[00:00:52.136,000] [0m<inf> imu: LSM6DS3TR-C  a   0.113   0.037  10.196  g   0.025  -0.061   0.014[0m
[1;32muart:~$ [m[8D[J[00:00:52.136,000] [0m<inf> imu: LSM6DSV16X   a   0.414   0.144  10.524  g  -0.011   0.003  -0.003[0m
[1;32muart:~$ [m[8D[J[1;32muart:~$ [m[8D[J[00:00:52.137,000] [0m<inf> imu: ICM-42688-P  a   0.387  -0.025   9.936  g  -0.001  -0.005  -0.001[0m
[1;32muart:~$ [m[8D[J[00:00:52.188,000] [0m<inf> imu: LSM6DS3TR-C  a   0.146   0.072  10.168  g   0.022  -0.060   0.014[0m
[1;32muart:~$ [m[8D[J[00:00:52.189,000] [0m<inf> imu: LSM6DSV16X   a   0.400   0.143  10.511  g  -0.012   0.002  -0.003[0m
[1;32muart:~$ [m[8D[J[1;32muart:~$ [m[8D[J[00:00:52.189,000] [0m<inf> imu: ICM-42688-P  a   0.373  -0.029   9.934  g   0.001  -0.005  -0.001[0m
[1;32muart:~$ [m[8D[J[00:00:52.240,000] [0m<inf> imu: LSM6DS3TR-C  a   0.100   0.005  10.203  g   0.024  -0.061   0.015[0m
[1;32muart:~$ [m[8D[J[00:00:52.241,000] [0m<inf> imu: LSM6DSV16X   a   0.402   0.143  10.519  g  -0.012   0.001  -0.002[0m
[1;32muart:~$ [m[8D[J[1;32muart:~$ [m[8D[J[00:00:52.241,000] [0m<inf> imu: ICM-42688-P  a   0.384  -0.032   9.937  g  -0.001  -0.005   0.000[0m
[1;32muart:~$ [m[8D[J[00:00:52.293,000] [0m<inf> imu: LSM6DS3TR-C  a   0.113   0.029  10.195  g   0.024  -0.059   0.015[0m
[1;32muart:~$ [m[8D[J[00:00:52.294,000] [0m<inf> imu: LSM6DSV16X   a   0.409   0.146  10.516  g  -0.010   0.002  -0.002[0m
[1;32muart:~$ [m[8D[J[1;32muart:~$ [m[8D[J[00:00:52.295,000] [0m<inf> imu: ICM-42688-P  a   0.381  -0.031   9.922  g  -0.001  -0.005   0.000[0m
[1;32muart:~$ [m[8D[J[00:00:52.346,000] [0m<inf> imu: LSM6DS3TR-C  a   0.105   0.057  10.153  g   0.026  -0.060   0.016[0m
[1;32muart:~$ [m[8D[J[00:00:52.346,000] [0m<inf> imu: LSM6DSV16X   a   0.405   0.144  10.519  g  -0.011   0.002  -0.002[0m
[1;32muart:~$ [m[8D[J[1;32muart:~$ [m[8D[J[00:00:52.347,000] [0m<inf> imu: ICM-42688-P  a   0.383  -0.040   9.940  g   0.000  -0.005  -0.000[0m
[1;32muart:~$ [m[8D[J[00:00:52.398,000] [0m<inf> imu: LSM6DS3TR-C  a   0.166   0.048  10.194  g   0.023  -0.060   0.013[0m
[1;32muart:~$ [m[8D[J[00:00:52.399,000] [0m<inf> imu: LSM6DSV16X   a   0.404   0.141  10.528  g  -0.011   0.003  -0.002[0m
[1;32muart:~$ [m[8D[J[1;32muart:~$ [m[8D[J[00:00:52.399,000] [0m<inf> imu: ICM-42688-P  a   0.389  -0.030   9.923  g   0.000  -0.005  -0.001[0m
[1;32muart:~$ [m[8D[J[00:00:52.450,000] [0m<inf> imu: LSM6DS3TR-C  a   0.126   0.054  10.186  g   0.023  -0.061   0.012[0m
[1;32muart:~$ [m[8D[J[00:00:52.451,000] [0m<inf> imu: LSM6DSV16X   a   0.404   0.139  10.519  g  -0.012   0.002  -0.003[0m
[1;32muart:~$ [m[8D[J[1;32muart:~$ [m[8D[J[00:00:52.451,000] [0m<inf> imu: ICM-42688-P  a   0.389  -0.044   9.913  g   0.001  -0.005   0.000[0m
[1;32muart:~$ [m[8D[J[00:00:52.503,000] [0m<inf> imu: LSM6DS3TR-C  a   0.128   0.040  10.210  g   0.024  -0.060   0.016[0m
[1;32muart:~$ [m[8D[J[00:00:52.504,000] [0m<inf> imu: LSM6DSV16X   a   0.402   0.141  10.516  g  -0.011   0.002  -0.002[0m
[1;32muart:~$ [m[8D[J[1;32muart:~$ [m[8D[J[00:00:52.505,000] [0m<inf> imu: ICM-42688-P  a   0.379  -0.030   9.934  g  -0.001  -0.004   0.000[0m
[1;32muart:~$ [m[8D[J[00:00:52.556,000] [0m<inf> imu: LSM6DS3TR-C  a   0.107   0.052  10.228  g   0.024  -0.060   0.015[0m
[1;32muart:~$ [m[8D[J[1;32muart:~$ [m[8D[J[00:00:52.557,000] [0m<inf> imu: LSM6DSV16X   a   0.407   0.146  10.521  g  -0.011   0.003  -0.003[0m
[1;32muart:~$ [m[8D[J[00:00:52.557,000] [0m<inf> imu: ICM-42688-P  a   0.377  -0.025   9.917  g  -0.001  -0.005   0.000[0m
[1;32muart:~$ [m[8D[J[00:00:52.609,000] [0m<inf> imu: LSM6DS3TR-C  a   0.146   0.039  10.167  g   0.025  -0.060   0.013[0m
[1;32muart:~$ [m[8D[J[00:00:52.611,000] [0m<inf> imu: LSM6DSV16X   a   0.411   0.141  10.519  g  -0.012   0.002  -0.003[0m
[1;32muart:~$ [m[8D[J[00:00:52.611,000] [0m<inf> imu: ICM-42688-P  a   0.391  -0.035   9.926  g   0.001  -0.005  -0.000[0m
[1;32muart:~$ [m[8D[J[1;32muart:~$ [m[8D[J[00:00:52.662,000] [0m<inf> imu: LSM6DS3TR-C  a   0.098   0.068  10.199  g   0.025  -0.060   0.013[0m
[1;32muart:~$ [m[8D[J[00:00:52.663,000] [0m<inf> imu: LSM6DSV16X   a   0.412   0.144  10.533  g  -0.012   0.002  -0.002[0m
[1;32muart:~$ [m[8D[J[1;32muart:~$ [m[8D[J[00:00:52.664,000] [0m<inf> imu: ICM-42688-P  a   0.377  -0.043   9.924  g   0.001  -0.004  -0.000[0m
[1;32muart:~$ [m[8D[J[00:00:52.716,000] [0m<inf> imu: LSM6DS3TR-C  a   0.145   0.050  10.197  g   0.023  -0.060   0.014[0m
[1;32muart:~$ [m[8D[J[00:00:52.717,000] [0m<inf> imu: LSM6DSV16X   a   0.407   0.148  10.516  g  -0.011   0.002  -0.003[0m
[1;32muart:~$ [m[8D[J[1;32muart:~$ [m[8D[J[00:00:52.717,000] [0m<inf> imu: ICM-42688-P  a   0.382  -0.028   9.917  g   0.000  -0.005  -0.000[0m
[1;32muart:~$ [m[8D[J[00:00:52.768,000] [0m<inf> imu: LSM6DS3TR-C  a   0.136   0.059  10.217  g   0.024  -0.060   0.014[0m
[1;32muart:~$ [m[8D[J[1;32muart:~$ [m[8D[J[00:00:52.769,000] [0m<inf> imu: LSM6DSV16X   a   0.409   0.141  10.521  g  -0.011   0.001  -0.002[0m
[1;32muart:~$ [m[8D[J[00:00:52.770,000] [0m<inf> imu: ICM-42688-P  a   0.387  -0.038   9.928  g  -0.001  -0.005   0.000[0m
[1;32muart:~$ [m[8D[J[00:00:52.821,000] [0m<inf> imu: LSM6DS3TR-C  a   0.135   0.041  10.204  g   0.024  -0.059   0.014[0m
[1;32muart:~$ [m[8D[J[00:00:52.821,000] [0m<inf> imu: LSM6DSV16X   a   0.407   0.144  10.516  g  -0.011   0.002  -0.002[0m
[1;32muart:~$ [m[8D[J[1;32muart:~$ [m[8D[J[00:00:52.822,000] [0m<inf> imu: ICM-42688-P  a   0.381  -0.037   9.930  g   0.001  -0.004   0.000[0m
[1;32muart:~$ [m[8D[J[00:00:52.873,000] [0m<inf> imu: LSM6DS3TR-C  a   0.095   0.038  10.190  g   0.023  -0.062   0.013[0m
[1;32muart:~$ [m[8D[J[1;32muart:~$ [m[8D[J[00:00:52.874,000] [0m<inf> imu: LSM6DSV16X   a   0.412   0.141  10.524  g  -0.012   0.002  -0.002[0m
[1;32muart:~$ [m[8D[J[00:00:52.874,000] [0m<inf> imu: ICM-42688-P  a   0.383  -0.024   9.937  g  -0.000  -0.005  -0.001[0m
[1;32muart:~$ [m[8D[J[00:00:52.925,000] [0m<inf> imu: LSM6DS3TR-C  a   0.138   0.066  10.167  g   0.023  -0.059   0.014[0m
[1;32muart:~$ [m[8D[J[1;32muart:~$ [m[8D[J[00:00:52.926,000] [0m<inf> imu: LSM6DSV16X   a   0.403   0.146  10.521  g  -0.011   0.002  -0.003[0m
[1;32muart:~$ [m[8D[J[00:00:52.926,000] [0m<inf> imu: ICM-42688-P  a   0.381  -0.043   9.923  g  -0.001  -0.005  -0.001[0m
[1;32muart:~$ [m[8D[J[00:00:52.977,000] [0m<inf> imu: LSM6DS3TR-C  a   0.126   0.041  10.196  g   0.025  -0.060   0.015[0m
[1;32muart:~$ [m[8D[J[1;32muart:~$ [m[8D[J[00:00:52.978,000] [0m<inf> imu: LSM6DSV16X   a   0.407   0.146  10.512  g  -0.012   0.002  -0.002[0m
[1;32muart:~$ [m[8D[J[00:00:52.979,000] [0m<inf> imu: ICM-42688-P  a   0.378  -0.043   9.931  g   0.001  -0.005  -0.000[0m
[1;32muart:~$ [m[8D[J[00:00:53.030,000] [0m<inf> imu: LSM6DS3TR-C  a   0.108   0.053  10.224  g   0.024  -0.060   0.014[0m
[1;32muart:~$ [m[8D[J[1;32muart:~$ [m[8D[J[00:00:53.030,000] [0m<inf> imu: LSM6DSV16X   a   0.409   0.143  10.516  g  -0.012   0.002  -0.002[0m
[1;32muart:~$ [m[8D[J[00:00:53.031,000] [0m<inf> imu: ICM-42688-P  a   0.384  -0.040   9.937  g  -0.001  -0.005  -0.001[0m
[1;32muart:~$ [m[8D[J[00:00:53.082,000] [0m<inf> imu: LSM6DS3TR-C  a   0.132   0.046  10.234  g   0.024  -0.063   0.014[0m
[1;32muart:~$ [m[8D[J[1;32muart:~$ [m[8D[J[00:00:53.083,000] [0m<inf> imu: LSM6DSV16X   a   0.407   0.148  10.516  g  -0.012   0.001  -0.002[0m
[1;32muart:~$ [m[8D[J[00:00:53.083,000] [0m<inf> imu: ICM-42688-P  a   0.379  -0.034   9.936  g  -0.001  -0.005   0.000[0m
[1;32muart:~$ [m[8D[J[00:00:53.134,000] [0m<inf> imu: LSM6DS3TR-C  a   0.129   0.044  10.201  g   0.023  -0.059   0.013[0m
[1;32muart:~$ [m[8D[J[1;32muart:~$ [m[8D[J[00:00:53.135,000] [0m<inf> imu: LSM6DSV16X   a   0.403   0.141  10.519  g  -0.011   0.002  -0.002[0m
[1;32muart:~$ [m[8D[J[00:00:53.135,000] [0m<inf> imu: ICM-42688-P  a   0.378  -0.038   9.930  g   0.000  -0.005  -0.000[0m
[1;32muart:~$ [m[8D[J[00:00:53.187,000] [0m<inf> imu: LSM6DS3TR-C  a   0.128   0.055  10.199  g   0.023  -0.060   0.017[0m
[1;32muart:~$ [m[8D[J[1;32muart:~$ [m[8D[J[00:00:53.187,000] [0m<inf> imu: LSM6DSV16X   a   0.416   0.148  10.519  g  -0.011   0.002  -0.002[0m
[1;32muart:~$ [m[8D[J[00:00:53.187,000] [0m<inf> imu: ICM-42688-P  a   0.381  -0.030   9.936  g   0.000  -0.005   0.000[0m
[1;32muart:~$ [m[8D[J[00:00:53.239,000] [0m<inf> imu: LSM6DS3TR-C  a   0.083   0.038  10.196  g   0.021  -0.059   0.015[0m
[1;32muart:~$ [m[8D[J[1;32muart:~$ [m[8D[J[00:00:53.240,000] [0m<inf> imu: LSM6DSV16X   a   0.407   0.148  10.511  g  -0.011   0.002  -0.003[0m
[1;32muart:~$ [m[8D[J[00:00:53.241,000] [0m<inf> imu: ICM-42688-P  a   0.376  -0.031   9.918  g  -0.001  -0.005  -0.000[0m
[1;32muart:~$ [m[8D[J[00:00:53.292,000] [0m<inf> imu: LSM6DS3TR-C  a   0.126   0.053  10.223  g   0.024  -0.059   0.016[0m
[1;32muart:~$ [m[8D[J[1;32muart:~$ [m[8D[J[00:00:53.293,000] [0m<inf> imu: LSM6DSV16X   a   0.407   0.142  10.523  g  -0.011   0.002  -0.002[0m
[1;32muart:~$ [m[8D[J[00:00:53.294,000] [0m<inf> imu: ICM-42688-P  a   0.391  -0.037   9.929  g  -0.001  -0.005   0.000[0m
[1;32muart:~$ [m[8D[J[1;32muart:~$ [m[8D[J[00:00:53.345,000] [0m<inf> imu: LSM6DS3TR-C  a   0.127   0.054  10.200  g   0.023  -0.060   0.013[0m
[1;32muart:~$ [m[8D[J[00:00:53.346,000] [0m<inf> imu: LSM6DSV16X   a   0.409   0.141  10.517  g  -0.012   0.002  -0.002[0m
[1;32muart:~$ [m[8D[J[00:00:53.346,000] [0m<inf> imu: ICM-42688-P  a   0.372  -0.036   9.936  g  -0.001  -0.005   0.001[0m
[1;32muart:~$ [m[8D[J[00:00:53.397,000] [0m<inf> imu: LSM6DS3TR-C  a   0.094   0.066  10.210  g   0.022  -0.060   0.013[0m
[1;32muart:~$ [m[8D[J[1;32muart:~$ [m[8D[J[00:00:53.398,000] [0m<inf> imu: LSM6DSV16X   a   0.404   0.145  10.527  g  -0.012   0.002  -0.002[0m
[1;32muart:~$ [m[8D[J[00:00:53.398,000] [0m<inf> imu: ICM-42688-P  a   0.372  -0.036   9.948  g  -0.001  -0.005  -0.000[0m
[1;32muart:~$ [m[8D[J[1;32muart:~$ [m[8D[J[00:00:53.450,000] [0m<inf> imu: LSM6DS3TR-C  a   0.100   0.060  10.223  g   0.021  -0.060   0.015[0m
[1;32muart:~$ [m[8D[J[00:00:53.451,000] [0m<inf> imu: LSM6DSV16X   a   0.407   0.148  10.519  g  -0.012   0.002  -0.003[0m
[1;32muart:~$ [m[8D[J[00:00:53.452,000] [0m<inf> imu: ICM-42688-P  a   0.393  -0.031   9.898  g   0.000  -0.005   0.001[0m
[1;32muart:~$ [m[8D[J[00:00:53.503,000] [0m<inf> imu: LSM6DS3TR-C  a   0.115   0.041  10.203  g   0.024  -0.060   0.014[0m
[1;32muart:~$ [m[8D[J[1;32muart:~$ [m[8D[J[00:00:53.504,000] [0m<inf> imu: LSM6DSV16X   a   0.412   0.141  10.524  g  -0.010   0.002  -0.002[0m
[1;32muart:~$ [m[8D[J[00:00:53.504,000] [0m<inf> imu: ICM-42688-P  a   0.381  -0.040   9.929  g   0.000  -0.005   0.001[0m
[1;32muart:~$ [m[8D[J[1;32muart:~$ [m[8D[J[00:00:53.555,000] [0m<inf> imu: LSM6DS3TR-C  a   0.127   0.053  10.207  g   0.026  -0.061   0.016[0m
[1;32muart:~$ [m[8D[J[00:00:53.556,000] [0m<inf> imu: LSM6DSV16X   a   0.407   0.147  10.522  g  -0.011   0.002  -0.003[0m
[1;32muart:~$ [m[8D[J[00:00:53.557,000] [0m<inf> imu: ICM-42688-P  a   0.381  -0.028   9.935  g   0.000  -0.005  -0.001[0m
[1;32muart:~$ [m[8D[J[00:00:53.608,000] [0m<inf> imu: LSM6DS3TR-C  a   0.149   0.062  10.196  g   0.023  -0.060   0.012[0m
[1;32muart:~$ [m[8D[J[1;32muart:~$ [m[8D[J[00:00:53.608,000] [0m<inf> imu: LSM6DSV16X   a   0.405   0.145  10.521  g  -0.013   0.001  -0.002[0m
[1;32muart:~$ [m[8D[J[00:00:53.609,000] [0m<inf> imu: ICM-42688-P  a   0.389  -0.030   9.925  g   0.001  -0.006   0.000[0m
[1;32muart:~$ [m[8D[J[00:00:53.660,000] [0m<inf> imu: LSM6DS3TR-C  a   0.117   0.071  10.174  g   0.024  -0.060   0.015[0m
[1;32muart:~$ [m[8D[J[1;32muart:~$ [m[8D[J[00:00:53.661,000] [0m<inf> imu: LSM6DSV16X   a   0.407   0.142  10.512  g  -0.012   0.002  -0.003[0m
[1;32muart:~$ [m[8D[J[00:00:53.661,000] [0m<inf> imu: ICM-42688-P  a   0.375  -0.022   9.940  g   0.000  -0.004   0.000[0m
[1;32muart:~$ [m[8D[J[1;32muart:~$ [m[8D[J[00:00:53.712,000] [0m<inf> imu: LSM6DS3TR-C  a   0.115   0.069  10.189  g   0.023  -0.060   0.015[0m
[1;32muart:~$ [m[8D[J[00:00:53.713,000] [0m<inf> imu: LSM6DSV16X   a   0.405   0.141  10.523  g  -0.011   0.002  -0.003[0m
[1;32muart:~$ [m[8D[J[00:00:53.713,000] [0m<inf> imu: ICM-42688-P  a   0.393  -0.030   9.928  g  -0.001  -0.005  -0.000[0m
[1;32muart:~$ [m[8D[J[00:00:53.764,000] [0m<inf> imu: LSM6DS3TR-C  a   0.096   0.048  10.165  g   0.026  -0.062   0.015[0m
[1;32muart:~$ [m[8D[J[1;32muart:~$ [m[8D[J[00:00:53.765,000] [0m<inf> imu: LSM6DSV16X   a   0.414   0.153  10.521  g  -0.012   0.003  -0.002[0m
[1;32muart:~$ [m[8D[J[00:00:53.766,000] [0m<inf> imu: ICM-42688-P  a   0.379  -0.030   9.926  g  -0.000  -0.004  -0.000[0m
[1;32muart:~$ [m[8D[J[1;32muart:~$ [m[8D[J[00:00:53.817,000] [0m<inf> imu: LSM6DS3TR-C  a   0.125   0.047  10.186  g   0.025  -0.059   0.016[0m
[1;32muart:~$ [m[8D[J[00:00:53.817,000] [0m<inf> imu: LSM6DSV16X   a   0.412   0.141  10.522  g  -0.011   0.002  -0.002[0m
[1;32muart:~$ [m[8D[J[00:00:53.818,000] [0m<inf> imu: ICM-42688-P  a   0.383  -0.029   9.931  g   0.000  -0.004  -0.000[0m
[1;32muart:~$ [m[8D[J[1;32muart:~$ [m[8D[J[00:00:53.869,000] [0m<inf> imu: LSM6DS3TR-C  a   0.124   0.021  10.173  g   0.024  -0.060   0.014[0m
[1;32muart:~$ [m[8D[J[00:00:53.870,000] [0m<inf> imu: LSM6DSV16X   a   0.406   0.148  10.503  g  -0.011   0.001  -0.002[0m
[1;32muart:~$ [m[8D[J[00:00:53.870,000] [0m<inf> imu: ICM-42688-P  a   0.378  -0.036   9.923  g  -0.000  -0.005   0.000[0m
[1;32muart:~$ [m[8D[J[1;32muart:~$ [m[8D[J[00:00:53.921,000] [0m<inf> imu: LSM6DS3TR-C  a   0.091   0.065  10.159  g   0.025  -0.060   0.015[0m
[1;32muart:~$ [m[8D[J[00:00:53.922,000] [0m<inf> imu: LSM6DSV16X   a   0.405   0.144  10.518  g  -0.012   0.002  -0.002[0m
[1;32muart:~$ [m[8D[J[00:00:53.922,000] [0m<inf> imu: ICM-42688-P  a   0.379  -0.026   9.934  g   0.000  -0.004  -0.000[0m
[1;32muart:~$ [m[8D[J[1;32muart:~$ [m[8D[J[00:00:53.973,000] [0m<inf> imu: LSM6DS3TR-C  a   0.144   0.052  10.234  g   0.024  -0.059   0.015[0m
[1;32muart:~$ [m[8D[J[00:00:53.974,000] [0m<inf> imu: LSM6DSV16X   a   0.402   0.148  10.524  g  -0.011   0.002  -0.002[0m
[1;32muart:~$ [m[8D[J[00:00:53.975,000] [0m<inf> imu: ICM-42688-P  a   0.372  -0.030   9.923  g   0.000  -0.005   0.001[0m
[1;32muart:~$ [m[8D[J[1;32muart:~$ [m[8D[J[00:00:54.026,000] [0m<inf> imu: LSM6DS3TR-C  a   0.134   0.048  10.164  g   0.023  -0.061   0.014[0m
[1;32muart:~$ [m[8D[J[00:00:54.027,000] [0m<inf> imu: LSM6DSV16X   a   0.406   0.144  10.519  g  -0.012   0.002  -0.002[0m
[1;32muart:~$ [m[8D[J[00:00:54.028,000] [0m<inf> imu: ICM-42688-P  a   0.395  -0.034   9.928  g   0.001  -0.005   0.000[0m
[1;32muart:~$ [m[8D[J[1;32muart:~$ [m[8D[J[00:00:54.079,000] [0m<inf> imu: LSM6DS3TR-C  a   0.138   0.095  10.215  g   0.024  -0.060   0.014[0m
[1;32muart:~$ [m[8D[J[00:00:54.080,000] [0m<inf> imu: LSM6DSV16X   a   0.404   0.138  10.521  g  -0.012   0.001  -0.002[0m
[1;32muart:~$ [m[8D[J[1;32muart:~$ [m[8D[J[00:00:54.080,000] [0m<inf> imu: ICM-42688-P  a   0.381  -0.040   9.931  g   0.000  -0.005  -0.000[0m
[1;32muart:~$ [m[8D[J[00:00:54.132,000] [0m<inf> imu: LSM6DS3TR-C  a   0.107   0.053  10.209  g   0.024  -0.060   0.013[0m
[1;32muart:~$ [m[8D[J[00:00:54.133,000] [0m<inf> imu: LSM6DSV16X   a   0.402   0.143  10.523  g  -0.011   0.003  -0.003[0m
[1;32muart:~$ [m[8D[J[00:00:54.134,000] [0m<inf> imu: ICM-42688-P  a   0.379  -0.038   9.940  g   0.000  -0.005  -0.000[0m
[1;32muart:~$ [m[8D[J[1;32muart:~$ [m[8D[J[00:00:54.185,000] [0m<inf> imu: LSM6DS3TR-C  a   0.129   0.056  10.195  g   0.025  -0.061   0.013[0m
[1;32muart:~$ [m[8D[J[00:00:54.186,000] [0m<inf> imu: LSM6DSV16X   a   0.405   0.149  10.521  g  -0.011   0.003  -0.002[0m
[1;32muart:~$ [m[8D[J[1;32muart:~$ [m[8D[J[00:00:54.186,000] [0m<inf> imu: ICM-42688-P  a   0.377  -0.031   9.936  g   0.000  -0.005   0.000[0m
[1;32muart:~$ [m[8D[J[00:00:54.237,000] [0m<inf> imu: LSM6DS3TR-C  a   0.120   0.068  10.219  g   0.024  -0.060   0.014[0m
[1;32muart:~$ [m[8D[J[00:00:54.239,000] [0m<inf> imu: LSM6DSV16X   a   0.410   0.136  10.529  g  -0.012   0.001  -0.002[0m
[1;32muart:~$ [m[8D[J[00:00:54.239,000] [0m<inf> imu: ICM-42688-P  a   0.381  -0.025   9.918  g   0.001  -0.005  -0.001[0m
[1;32muart:~$ [m[8D[J[1;32muart:~$ [m[8D[J[00:00:54.291,000] [0m<inf> imu: LSM6DS3TR-C  a   0.122   0.068  10.197  g   0.023  -0.059   0.014[0m
[1;32muart:~$ [m[8D[J[00:00:54.292,000] [0m<inf> imu: LSM6DSV16X   a   0.407   0.141  10.512  g  -0.010   0.002  -0.003[0m
[1;32muart:~$ [m[8D[J[1;32muart:~$ [m[8D[J[00:00:54.293,000] [0m<inf> imu: ICM-42688-P  a   0.385  -0.037   9.918  g   0.000  -0.005   0.000[0m
[1;32muart:~$ [m[8D[J[00:00:54.344,000] [0m<inf> imu: LSM6DS3TR-C  a   0.120   0.031  10.169  g   0.023  -0.060   0.015[0m
[1;32muart:~$ [m[8D[J[00:00:54.345,000] [0m<inf> imu: LSM6DSV16X   a   0.403   0.144  10.528  g  -0.011   0.003  -0.002[0m
[1;32muart:~$ [m[8D[J[00:00:54.345,000] [0m<inf> imu: ICM-42688-P  a   0.384  -0.030   9.935  g  -0.001  -0.005   0.000[0m
[1;32muart:~$ [m[8D[J[1;32muart:~$ [m[8D[J[00:00:54.397,000] [0m<inf> imu: LSM6DS3TR-C  a   0.106   0.050  10.205  g   0.025  -0.059   0.014[0m
[1;32muart:~$ [m[8D[J[00:00:54.398,000] [0m<inf> imu: LSM6DSV16X   a   0.409   0.139  10.524  g  -0.012   0.002  -0.002[0m
[1;32muart:~$ [m[8D[J[1;32muart:~$ [m[8D[J[00:00:54.399,000] [0m<inf> imu: ICM-42688-P  a   0.385  -0.025   9.928  g   0.001  -0.005   0.000[0m
[1;32muart:~$ [m[8D[J[00:00:54.450,000] [0m<inf> imu: LSM6DS3TR-C  a   0.144   0.039  10.219  g   0.024  -0.061   0.014[0m
[1;32muart:~$ [m[8D[J[00:00:54.451,000] [0m<inf> imu: LSM6DSV16X   a   0.411   0.155  10.518  g  -0.011   0.002  -0.002[0m
[1;32muart:~$ [m[8D[J[1;32muart:~$ [m[8D[J[00:00:54.451,000] [0m<inf> imu: ICM-42688-P  a   0.395  -0.030   9.940  g   0.001  -0.005  -0.001[0m
[1;32muart:~$ [m[8D[J[00:00:54.502,000] [0m<inf> imu: LSM6DS3TR-C  a   0.129   0.054  10.225  g   0.024  -0.060   0.013[0m
[1;32muart:~$ [m[8D[J[00:00:54.503,000] [0m<inf> imu: LSM6DSV16X   a   0.407   0.145  10.519  g  -0.012   0.003  -0.002[0m
[1;32muart:~$ [m[8D[J[1;32muart:~$ [m[8D[J[00:00:54.504,000] [0m<inf> imu: ICM-42688-P  a   0.383  -0.034   9.918  g  -0.001  -0.005   0.000[0m
[1;32muart:~$ [m[8D[J[00:00:54.555,000] [0m<inf> imu: LSM6DS3TR-C  a   0.123   0.049  10.195  g   0.022  -0.060   0.017[0m
[1;32muart:~$ [m[8D[J[00:00:54.555,000] [0m<inf> imu: LSM6DSV16X   a   0.409   0.153  10.522  g  -0.012   0.002  -0.002[0m
[1;32muart:~$ [m[8D[J[00:00:54.556,000] [0m<inf> imu: ICM-42688-P  a   0.383  -0.040   9.936  g   0.000  -0.005   0.000[0m
[1;32muart:~$ [m[8D[J[1;32muart:~$ [m[8D[J[00:00:54.607,000] [0m<inf> imu: LSM6DS3TR-C  a   0.162   0.059  10.201  g   0.024  -0.060   0.013[0m
[1;32muart:~$ [m[8D[J[00:00:54.608,000] [0m<inf> imu: LSM6DSV16X   a   0.409   0.145  10.521  g  -0.011   0.002  -0.003[0m
[1;32muart:~$ [m[8D[J[00:00:54.608,000] [0m<inf> imu: ICM-42688-P  a   0.384  -0.030   9.930  g  -0.001  -0.006   0.001[0m
[1;32muart:~$ [m[8D[J[1;32muart:~$ [m[8D[J[00:00:54.659,000] [0m<inf> imu: LSM6DS3TR-C  a   0.123   0.047  10.210  g   0.025  -0.061   0.013[0m
[1;32muart:~$ [m[8D[J[00:00:54.660,000] [0m<inf> imu: LSM6DSV16X   a   0.410   0.148  10.523  g  -0.011   0.002  -0.002[0m
[1;32muart:~$ [m[8D[J[1;32muart:~$ [m[8D[J[00:00:54.660,000] [0m<inf> imu: ICM-42688-P  a   0.375  -0.026   9.919  g   0.000  -0.005   0.000[0m
[1;32muart:~$ [m[8D[J[00:00:54.711,000] [0m<inf> imu: LSM6DS3TR-C  a   0.154   0.066  10.192  g   0.024  -0.060   0.016[0m
[1;32muart:~$ [m[8D[J[00:00:54.712,000] [0m<inf> imu: LSM6DSV16X   a   0.410   0.139  10.524  g  -0.011   0.002  -0.002[0m
[1;32muart:~$ [m[8D[J[1;32muart:~$ [m[8D[J[00:00:54.713,000] [0m<inf> imu: ICM-42688-P  a   0.376  -0.030   9.929  g  -0.000  -0.005  -0.000[0m
[1;32muart:~$ [m[8D[J[00:00:54.764,000] [0m<inf> imu: LSM6DS3TR-C  a   0.146   0.077  10.202  g   0.024  -0.061   0.015[0m
[1;32muart:~$ [m[8D[J[00:00:54.764,000] [0m<inf> imu: LSM6DSV16X   a   0.397   0.147  10.518  g  -0.011   0.002  -0.002[0m
[1;32muart:~$ [m[8D[J[1;32muart:~$ [m[8D[J[00:00:54.765,000] [0m<inf> imu: ICM-42688-P  a   0.389  -0.032   9.926  g  -0.000  -0.005  -0.000[0m
[1;32muart:~$ [m[8D[J[00:00:54.817,000] [0m<inf> imu: LSM6DS3TR-C  a   0.096   0.049  10.184  g   0.024  -0.060   0.012[0m
[1;32muart:~$ [m[8D[J[00:00:54.818,000] [0m<inf> imu: LSM6DSV16X   a   0.401   0.141  10.528  g  -0.011   0.002  -0.002[0m
[1;32muart:~$ [m[8D[J[1;32muart:~$ [m[8D[J[00:00:54.818,000] [0m<inf> imu: ICM-42688-P  a   0.372  -0.035   9.931  g  -0.001  -0.005  -0.001[0m
[1;32muart:~$ [m[8D[J[00:00:54.869,000] [0m<inf> imu: LSM6DS3TR-C  a   0.124   0.045  10.190  g   0.024  -0.061   0.014[0m
[1;32muart:~$ [m[8D[J[00:00:54.870,000] [0m<inf> imu: LSM6DSV16X   a   0.407   0.153  10.536  g  -0.011   0.002  -0.003[0m
[1;32muart:~$ [m[8D[J[1;32muart:~$ [m[8D[J[00:00:54.870,000] [0m<inf> imu: ICM-42688-P  a   0.379  -0.030   9.926  g   0.000  -0.005   0.000[0m
[1;32muart:~$ [m[8D[J[00:00:54.921,000] [0m<inf> imu: LSM6DS3TR-C  a   0.121   0.058  10.171  g   0.023  -0.060   0.013[0m
[1;32muart:~$ [m[8D[J[1;32muart:~$ [m[8D[J[00:00:54.923,000] [0m<inf> imu: LSM6DSV16X   a   0.403   0.144  10.512  g  -0.012   0.001  -0.003[0m
[1;32muart:~$ [m[8D[J[00:00:54.924,000] [0m<inf> imu: ICM-42688-P  a   0.383  -0.031   9.925  g  -0.001  -0.005   0.000[0m
[1;32muart:~$ [m[8D[J[00:00:54.975,000] [0m<inf> imu: LSM6DS3TR-C  a   0.137   0.049  10.181  g   0.022  -0.058   0.014[0m
[1;32muart:~$ [m[8D[J[00:00:54.975,000] [0m<inf> imu: LSM6DSV16X   a   0.402   0.139  10.524  g  -0.011   0.002  -0.002[0m
[1;32muart:~$ [m[8D[J[1;32muart:~$ [m[8D[J[00:00:54.976,000] [0m<inf> imu: ICM-42688-P  a   0.376  -0.036   9.940  g   0.000  -0.005  -0.001[0m
[1;32muart:~$ [m[8D[J[00:00:55.028,000] [0m<inf> imu: LSM6DS3TR-C  a   0.100   0.045  10.204  g   0.025  -0.059   0.013[0m
[1;32muart:~$ [m[8D[J[1;32muart:~$ [m[8D[J[00:00:55.029,000] [0m<inf> imu: LSM6DSV16X   a   0.404   0.144  10.517  g  -0.011   0.002  -0.002[0m
[1;32muart:~$ [m[8D[J[00:00:55.030,000] [0m<inf> imu: ICM-42688-P  a   0.379  -0.030   9.928  g   0.000  -0.005  -0.001[0m
[1;32muart:~$ [m[8D[J[00:00:55.081,000] [0m<inf> imu: LSM6DS3TR-C  a   0.145   0.031  10.176  g   0.023  -0.061   0.013[0m
[1;32muart:~$ [m[8D[J[00:00:55.082,000] [0m<inf> imu: LSM6DSV16X   a   0.409   0.148  10.516  g  -0.012   0.002  -0.002[0m
[1;32muart:~$ [m[8D[J[1;32muart:~$ [m[8D[J[00:00:55.082,000] [0m<inf> imu: ICM-42688-P  a   0.389  -0.035   9.931  g   0.000  -0.005   0.000[0m
[1;32muart:~$ [m[8D[J[00:00:55.133,000] [0m<inf> imu: LSM6DS3TR-C  a   0.121   0.050  10.215  g   0.024  -0.060   0.015[0m
[1;32muart:~$ [m[8D[J[1;32muart:~$ [m[8D[J[00:00:55.134,000] [0m<inf> imu: LSM6DSV16X   a   0.406   0.136  10.514  g  -0.011   0.001  -0.003[0m
[1;32muart:~$ [m[8D[J[00:00:55.135,000] [0m<inf> imu: ICM-42688-P  a   0.377  -0.031   9.929  g   0.000  -0.005  -0.001[0m
[1;32muart:~$ [m[8D[J[00:00:55.186,000] [0m<inf> imu: LSM6DS3TR-C  a   0.074   0.051  10.180  g   0.025  -0.061   0.014[0m
[1;32muart:~$ [m[8D[J[00:00:55.186,000] [0m<inf> imu: LSM6DSV16X   a   0.409   0.144  10.519  g  -0.011   0.002  -0.002[0m
[1;32muart:~$ [m[8D[J[1;32muart:~$ [m[8D[J[00:00:55.187,000] [0m<inf> imu: ICM-42688-P  a   0.375  -0.036   9.935  g   0.000  -0.005   0.000[0m
[1;32muart:~$ [m[8D[J[00:00:55.238,000] [0m<inf> imu: LSM6DS3TR-C  a   0.156   0.023  10.204  g   0.024  -0.061   0.016[0m
[1;32muart:~$ [m[8D[J[1;32muart:~$ [m[8D[J[00:00:55.239,000] [0m<inf> imu: LSM6DSV16X   a   0.398   0.146  10.521  g  -0.010   0.002  -0.003[0m
[1;32muart:~$ [m[8D[J[00:00:55.240,000] [0m<inf> imu: ICM-42688-P  a   0.369  -0.035   9.938  g   0.000  -0.005  -0.000[0m
[1;32muart:~$ [m[8D[J[00:00:55.291,000] [0m<inf> imu: LSM6DS3TR-C  a   0.135   0.057  10.228  g   0.025  -0.060   0.011[0m
[1;32muart:~$ [m[8D[J[1;32muart:~$ [m[8D[J[00:00:55.293,000] [0m<inf> imu: LSM6DSV16X   a   0.407   0.143  10.512  g  -0.012   0.002  -0.002[0m
[1;32muart:~$ [m[8D[J[00:00:55.293,000] [0m<inf> imu: ICM-42688-P  a   0.385  -0.028   9.923  g   0.000  -0.005   0.000[0m
[1;32muart:~$ [m[8D[J[00:00:55.344,000] [0m<inf> imu: LSM6DS3TR-C  a   0.127   0.055  10.180  g   0.023  -0.060   0.014[0m
[1;32muart:~$ [m[8D[J[1;32muart:~$ [m[8D[J[00:00:55.345,000] [0m<inf> imu: LSM6DSV16X   a   0.413   0.148  10.525  g  -0.011   0.002  -0.002[0m
[1;32muart:~$ [m[8D[J[00:00:55.346,000] [0m<inf> imu: ICM-42688-P  a   0.377  -0.026   9.924  g   0.001  -0.005  -0.000[0m
[1;32muart:~$ [m[8D[J[00:00:55.397,000] [0m<inf> imu: LSM6DS3TR-C  a   0.121   0.050  10.195  g   0.026  -0.062   0.015[0m
[1;32muart:~$ [m[8D[J[1;32muart:~$ [m[8D[J[00:00:55.398,000] [0m<inf> imu: LSM6DSV16X   a   0.404   0.148  10.527  g  -0.012   0.002  -0.002[0m
[1;32muart:~$ [m[8D[J[00:00:55.398,000] [0m<inf> imu: ICM-42688-P  a   0.378  -0.034   9.926  g  -0.001  -0.005  -0.000[0m
[1;32muart:~$ [m[8D[J[00:00:55.449,000] [0m<inf> imu: LSM6DS3TR-C  a   0.143   0.045  10.186  g   0.024  -0.059   0.013[0m
[1;32muart:~$ [m[8D[J[1;32muart:~$ [m[8D[J[00:00:55.450,000] [0m<inf> imu: LSM6DSV16X   a   0.405   0.143  10.524  g  -0.012   0.002  -0.003[0m
[1;32muart:~$ [m[8D[J[00:00:55.450,000] [0m<inf> imu: ICM-42688-P  a   0.389  -0.036   9.923  g  -0.001  -0.005   0.001[0m
[1;32muart:~$ [m[8D[J[00:00:55.502,000] [0m<inf> imu: LSM6DS3TR-C  a   0.137   0.027  10.193  g   0.024  -0.060   0.016[0m
[1;32muart:~$ [m[8D[J[1;32muart:~$ [m[8D[J[00:00:55.502,000] [0m<inf> imu: LSM6DSV16X   a   0.407   0.136  10.521  g  -0.011   0.002  -0.003[0m
[1;32muart:~$ [m[8D[J[00:00:55.503,000] [0m<inf> imu: ICM-42688-P  a   0.383  -0.043   9.925  g   0.000  -0.006   0.000[0m
[1;32muart:~$ [m[8D[J[00:00:55.554,000] [0m<inf> imu: LSM6DS3TR-C  a   0.120   0.074  10.186  g   0.023  -0.059   0.016[0m
[1;32muart:~$ [m[8D[J[1;32muart:~$ [m[8D[J[00:00:55.555,000] [0m<inf> imu: LSM6DSV16X   a   0.410   0.151  10.521  g  -0.011   0.002  -0.002[0m
[1;32muart:~$ [m[8D[J[00:00:55.555,000] [0m<inf> imu: ICM-42688-P  a   0.388  -0.031   9.918  g  -0.000  -0.005  -0.001[0m
[1;32muart:~$ [m[8D[J[00:00:55.606,000] [0m<inf> imu: LSM6DS3TR-C  a   0.096   0.041  10.179  g   0.024  -0.060   0.015[0m
[1;32muart:~$ [m[8D[J[00:00:55.607,000] [0m<inf> imu: LSM6DSV16X   a   0.404   0.147  10.519  g  -0.012   0.002  -0.003[0m
[1;32muart:~$ [m[8D[J[1;32muart:~$ [m[8D[J[00:00:55.607,000] [0m<inf> imu: ICM-42688-P  a   0.383  -0.043   9.932  g   0.000  -0.005  -0.000[0m
[1;32muart:~$ [m[8D[J[00:00:55.659,000] [0m<inf> imu: LSM6DS3TR-C  a   0.132   0.039  10.194  g   0.024  -0.059   0.013[0m
[1;32muart:~$ [m[8D[J[1;32muart:~$ [m[8D[J[00:00:55.660,000] [0m<inf> imu: LSM6DSV16X   a   0.407   0.144  10.522  g  -0.011   0.002  -0.003[0m
[1;32muart:~$ [m[8D[J[00:00:55.661,000] [0m<inf> imu: ICM-42688-P  a   0.384  -0.038   9.924  g  -0.001  -0.005  -0.000[0m
[1;32muart:~$ [m[8D[J[1;32muart:~$ [m[8D[J[00:00:55.712,000] [0m<inf> imu: LSM6DS3TR-C  a   0.112   0.044  10.184  g   0.024  -0.059   0.015[0m
[1;32muart:~$ [m[8D[J[00:00:55.713,000] [0m<inf> imu: LSM6DSV16X   a   0.407   0.144  10.521  g  -0.011   0.002  -0.002[0m
[1;32muart:~$ [m[8D[J[00:00:55.713,000] [0m<inf> imu: ICM-42688-P  a   0.391  -0.026   9.936  g   0.000  -0.005   0.000[0m
[1;32muart:~$ [m[8D[J[00:00:55.765,000] [0m<inf> imu: LSM6DS3TR-C  a   0.148   0.040  10.205  g   0.025  -0.060   0.015[0m
[1;32muart:~$ [m[8D[J[1;32muart:~$ [m[8D[J[00:00:55.767,000] [0m<inf> imu: LSM6DSV16X   a   0.402   0.145  10.522  g  -0.011   0.002  -0.002[0m
[1;32muart:~$ [m[8D[J[00:00:55.767,000] [0m<inf> imu: ICM-42688-P  a   0.379  -0.040   9.931  g  -0.001  -0.005  -0.001[0m
[1;32muart:~$ [m[8D[J[1;32muart:~$ [m[8D[J[00:00:55.818,000] [0m<inf> imu: LSM6DS3TR-C  a   0.138   0.059  10.178  g   0.023  -0.060   0.013[0m
[1;32muart:~$ [m[8D[J[00:00:55.819,000] [0m<inf> imu: LSM6DSV16X   a   0.407   0.139  10.517  g  -0.011   0.001  -0.002[0m
[1;32muart:~$ [m[8D[J[00:00:55.820,000] [0m<inf> imu: ICM-42688-P  a   0.376  -0.030   9.934  g  -0.000  -0.005   0.000[0m
[1;32muart:~$ [m[8D[J[00:00:55.871,000] [0m<inf> imu: LSM6DS3TR-C  a   0.094   0.042  10.183  g   0.023  -0.062   0.014[0m
[1;32muart:~$ [m[8D[J[1;32muart:~$ [m[8D[J[00:00:55.873,000] [0m<inf> imu: LSM6DSV16X   a   0.401   0.146  10.510  g  -0.012   0.002  -0.002[0m
[1;32muart:~$ [m[8D[J[00:00:55.873,000] [0m<inf> imu: ICM-42688-P  a   0.382  -0.038   9.932  g   0.001  -0.004   0.000[0m
[1;32muart:~$ [m[8D[J[1;32muart:~$ [m[8D[J[00:00:55.924,000] [0m<inf> imu: LSM6DS3TR-C  a   0.118   0.006  10.188  g   0.024  -0.060   0.014[0m
[1;32muart:~$ [m[8D[J[00:00:55.925,000] [0m<inf> imu: LSM6DSV16X   a   0.404   0.146  10.524  g  -0.011   0.003  -0.003[0m
[1;32muart:~$ [m[8D[J[00:00:55.926,000] [0m<inf> imu: ICM-42688-P  a   0.375  -0.031   9.919  g   0.000  -0.004  -0.001[0m
[1;32muart:~$ [m[8D[J[00:00:55.977,000] [0m<inf> imu: LSM6DS3TR-C  a   0.100   0.033  10.188  g   0.024  -0.060   0.015[0m
[1;32muart:~$ [m[8D[J[1;32muart:~$ [m[8D[J[00:00:55.977,000] [0m<inf> imu: LSM6DSV16X   a   0.404   0.143  10.531  g  -0.011   0.001  -0.002[0m
[1;32muart:~$ [m[8D[J[00:00:55.978,000] [0m<inf> imu: ICM-42688-P  a   0.394  -0.035   9.924  g  -0.001  -0.006  -0.000[0m
[1;32muart:~$ [m[8D[J[1;32muart:~$ [m[8D[J[00:00:56.029,000] [0m<inf> imu: LSM6DS3TR-C  a   0.136   0.026  10.196  g   0.024  -0.063   0.014[0m
[1;32muart:~$ [m[8D[J[00:00:56.030,000] [0m<inf> imu: LSM6DSV16X   a   0.404   0.139  10.528  g  -0.011   0.003  -0.003[0m
[1;32muart:~$ [m[8D[J[00:00:56.030,000] [0m<inf> imu: ICM-42688-P  a   0.384  -0.036   9.925  g  -0.000  -0.004   0.001[0m
[1;32muart:~$ [m[8D[J[1;32muart:~$ [m[8D[J[00:00:56.081,000] [0m<inf> imu: LSM6DS3TR-C  a   0.127   0.037  10.226  g   0.024  -0.060   0.013[0m
[1;32muart:~$ [m[8D[J[00:00:56.082,000] [0m<inf> imu: LSM6DSV16X   a   0.407   0.147  10.519  g  -0.012   0.001  -0.003[0m
[1;32muart:~$ [m[8D[J[00:00:56.082,000] [0m<inf> imu: ICM-42688-P  a   0.379  -0.032   9.923  g   0.000  -0.005   0.000[0m
[1;32muart:~$ [m[8D[J[1;32muart:~$ [m[8D[J[00:00:56.133,000] [0m<inf> imu: LSM6DS3TR-C  a   0.112   0.048  10.182  g   0.025  -0.061   0.013[0m
[1;32muart:~$ [m[8D[J[00:00:56.134,000] [0m<inf> imu: LSM6DSV16X   a   0.400   0.148  10.514  g  -0.012   0.002  -0.002[0m
[1;32muart:~$ [m[8D[J[00:00:56.135,000] [0m<inf> imu: ICM-42688-P  a   0.385  -0.035   9.940  g  -0.000  -0.005   0.000[0m
[1;32muart:~$ [m[8D[J[1;32muart:~$ [m[8D[J[00:00:56.186,000] [0m<inf> imu: LSM6DS3TR-C  a   0.130   0.040  10.186  g   0.023  -0.061   0.014[0m
[1;32muart:~$ [m[8D[J[00:00:56.186,000] [0m<inf> imu: LSM6DSV16X   a   0.411   0.145  10.526  g  -0.011   0.003  -0.003[0m
[1;32muart:~$ [m[8D[J[00:00:56.187,000] [0m<inf> imu: ICM-42688-P  a   0.393  -0.041   9.938  g  -0.001  -0.005  -0.000[0m
[1;32muart:~$ [m[8D[J[1;32muart:~$ [m[8D[J[00:00:56.238,000] [0m<inf> imu: LSM6DS3TR-C  a   0.112   0.074  10.200  g   0.023  -0.062   0.014[0m
[1;32muart:~$ [m[8D[J[00:00:56.238,000] [0m<inf> imu: LSM6DSV16X   a   0.409   0.150  10.516  g  -0.011   0.001  -0.002[0m
[1;32muart:~$ [m[8D[J[00:00:56.239,000] [0m<inf> imu: ICM-42688-P  a   0.375  -0.028   9.935  g   0.001  -0.005   0.000[0m
[1;32muart:~$ [m[8D[J[1;32muart:~$ [m[8D[J[00:00:56.291,000] [0m<inf> imu: LSM6DS3TR-C  a   0.153   0.044  10.189  g   0.023  -0.060   0.013[0m
[1;32muart:~$ [m[8D[J[00:00:56.291,000] [0m<inf> imu: LSM6DSV16X   a   0.414   0.146  10.513  g  -0.011   0.002  -0.002[0m
[1;32muart:~$ [m[8D[J[00:00:56.292,000] [0m<inf> imu: ICM-42688-P  a   0.383  -0.032   9.925  g   0.001  -0.004   0.000[0m
[1;32muart:~$ [m[8D[J[1;32muart:~$ [m[8D[J[00:00:56.343,000] [0m<inf> imu: LSM6DS3TR-C  a   0.139   0.049  10.181  g   0.024  -0.061   0.013[0m
[1;32muart:~$ [m[8D[J[00:00:56.344,000] [0m<inf> imu: LSM6DSV16X   a   0.405   0.144  10.519  g  -0.011   0.003  -0.002[0m
[1;32muart:~$ [m[8D[J[00:00:56.345,000] [0m<inf> imu: ICM-42688-P  a   0.372  -0.028   9.923  g   0.001  -0.005   0.001[0m
[1;32muart:~$ [m[8D[J[1;32muart:~$ [m[8D[J[00:00:56.396,000] [0m<inf> imu: LSM6DS3TR-C  a   0.117   0.044  10.195  g   0.025  -0.061   0.015[0m
[1;32muart:~$ [m[8D[J[00:00:56.396,000] [0m<inf> imu: LSM6DSV16X   a   0.411   0.144  10.531  g  -0.012   0.002  -0.002[0m
[1;32muart:~$ [m[8D[J[00:00:56.397,000] [0m<inf> imu: ICM-42688-P  a   0.388  -0.045   9.932  g  -0.001  -0.005  -0.001[0m
[1;32muart:~$ [m[8D[J[1;32muart:~$ [m[8D[J[00:00:56.449,000] [0m<inf> imu: LSM6DS3TR-C  a   0.099   0.066  10.184  g   0.024  -0.059   0.011[0m
[1;32muart:~$ [m[8D[J[00:00:56.450,000] [0m<inf> imu: LSM6DSV16X   a   0.406   0.149  10.519  g  -0.011   0.002  -0.002[0m
[1;32muart:~$ [m[8D[J[1;32muart:~$ [m[8D[J[00:00:56.451,000] [0m<inf> imu: ICM-42688-P  a   0.384  -0.040   9.930  g   0.001  -0.005   0.000[0m
[1;32muart:~$ [m[8D[J[00:00:56.502,000] [0m<inf> imu: LSM6DS3TR-C  a   0.140   0.047  10.220  g   0.023  -0.061   0.014[0m
[1;32muart:~$ [m[8D[J[00:00:56.503,000] [0m<inf> imu: LSM6DSV16X   a   0.414   0.144  10.519  g  -0.011   0.003  -0.003[0m
[1;32muart:~$ [m[8D[J[00:00:56.503,000] [0m<inf> imu: ICM-42688-P  a   0.377  -0.035   9.932  g   0.000  -0.005   0.001[0m
[1;32muart:~$ [m[8D[J[00:00:56.555,000] [0m<inf> imu: LSM6DS3TR-C  a   0.120   0.069  10.178  g   0.022  -0.060   0.013[0m
[1;32muart:~$ [m[8D[J[00:00:56.556,000] [0m<inf> imu: LSM6DSV16X   a   0.403   0.141  10.528  g  -0.010   0.002  -0.003[0m
[1;32muart:~$ [m[8D[J[1;32muart:~$ [m[8D[J[00:00:56.557,000] [0m<inf> imu: ICM-42688-P  a   0.376  -0.030   9.935  g  -0.001  -0.005   0.000[0m
[1;32muart:~$ [m[8D[J[00:00:56.608,000] [0m<inf> imu: LSM6DS3TR-C  a   0.142   0.047  10.201  g   0.024  -0.059   0.013[0m
[1;32muart:~$ [m[8D[J[00:00:56.608,000] [0m<inf> imu: LSM6DSV16X   a   0.409   0.150  10.517  g  -0.011   0.002  -0.002[0m
[1;32muart:~$ [m[8D[J[00:00:56.609,000] [0m<inf> imu: ICM-42688-P  a   0.370  -0.042   9.917  g   0.001  -0.004  -0.000[0m
[1;32muart:~$ [m[8D[J[1;32muart:~$ [m[8D[J[00:00:56.660,000] [0m<inf> imu: LSM6DS3TR-C  a   0.151   0.042  10.164  g   0.024  -0.060   0.012[0m
[1;32muart:~$ [m[8D[J[00:00:56.662,000] [0m<inf> imu: LSM6DSV16X   a   0.402   0.150  10.515  g  -0.012   0.002  -0.003[0m
[1;32muart:~$ [m[8D[J[1;32muart:~$ [m[8D[J[00:00:56.662,000] [0m<inf> imu: ICM-42688-P  a   0.371  -0.030   9.923  g   0.000  -0.005   0.000[0m
[1;32muart:~$ [m[8D[J[00:00:56.714,000] [0m<inf> imu: LSM6DS3TR-C  a   0.103   0.063  10.205  g   0.023  -0.060   0.013[0m
[1;32muart:~$ [m[8D[J[00:00:56.714,000] [0m<inf> imu: LSM6DSV16X   a   0.412   0.145  10.519  g  -0.012   0.001  -0.003[0m
[1;32muart:~$ [m[8D[J[00:00:56.715,000] [0m<inf> imu: ICM-42688-P  a   0.370  -0.036   9.936  g   0.001  -0.005   0.000[0m
[1;32muart:~$ [m[8D[J[1;32muart:~$ [m[8D[J[00:00:56.766,000] [0m<inf> imu: LSM6DS3TR-C  a   0.107   0.053  10.175  g   0.022  -0.059   0.012[0m
[1;32muart:~$ [m[8D[J[00:00:56.767,000] [0m<inf> imu: LSM6DSV16X   a   0.407   0.151  10.518  g  -0.013   0.002  -0.002[0m
[1;32muart:~$ [m[8D[J[1;32muart:~$ [m[8D[J[00:00:56.767,000] [0m<inf> imu: ICM-42688-P  a   0.378  -0.031   9.931  g  -0.001  -0.004  -0.001[0m
[1;32muart:~$ [m[8D[J[00:00:56.818,000] [0m<inf> imu: LSM6DS3TR-C  a   0.120   0.068  10.189  g   0.025  -0.060   0.014[0m
[1;32muart:~$ [m[8D[J[00:00:56.819,000] [0m<inf> imu: LSM6DSV16X   a   0.407   0.143  10.524  g  -0.012   0.002  -0.003[0m
[1;32muart:~$ [m[8D[J[00:00:56.819,000] [0m<inf> imu: ICM-42688-P  a   0.379  -0.042   9.944  g   0.000  -0.005   0.000[0m
[1;32muart:~$ [m[8D[J[1;32muart:~$ [m[8D[J[00:00:56.870,000] [0m<inf> imu: LSM6DS3TR-C  a   0.109   0.060  10.202  g   0.023  -0.059   0.014[0m
[1;32muart:~$ [m[8D[J[00:00:56.871,000] [0m<inf> imu: LSM6DSV16X   a   0.404   0.146  10.515  g  -0.010   0.002  -0.003[0m
[1;32muart:~$ [m[8D[J[1;32muart:~$ [m[8D[J[00:00:56.872,000] [0m<inf> imu: ICM-42688-P  a   0.371  -0.031   9.932  g  -0.000  -0.005   0.001[0m
[1;32muart:~$ [m[8D[J[00:00:56.923,000] [0m<inf> imu: LSM6DS3TR-C  a   0.134   0.056  10.194  g   0.025  -0.061   0.013[0m
[1;32muart:~$ [m[8D[J[00:00:56.923,000] [0m<inf> imu: LSM6DSV16X   a   0.402   0.145  10.516  g  -0.012   0.002  -0.002[0m
[1;32muart:~$ [m[8D[J[00:00:56.924,000] [0m<inf> imu: ICM-42688-P  a   0.372  -0.035   9.923  g   0.001  -0.005  -0.001[0m
[1;32muart:~$ [m[8D[J[1;32muart:~$ [m[8D[J[00:00:56.975,000] [0m<inf> imu: LSM6DS3TR-C  a   0.138   0.048  10.202  g   0.025  -0.060   0.013[0m
[1;32muart:~$ [m[8D[J[00:00:56.976,000] [0m<inf> imu: LSM6DSV16X   a   0.407   0.142  10.526  g  -0.011   0.002  -0.003[0m
[1;32muart:~$ [m[8D[J[1;32muart:~$ [m[8D[J[00:00:56.976,000] [0m<inf> imu: ICM-42688-P  a   0.379  -0.035   9.928  g   0.000  -0.005   0.000[0m
[1;32muart:~$ [m[8D[J[00:00:57.027,000] [0m<inf> imu: LSM6DS3TR-C  a   0.124   0.057  10.169  g   0.024  -0.060   0.014[0m
[1;32muart:~$ [m[8D[J[00:00:57.028,000] [0m<inf> imu: LSM6DSV16X   a   0.405   0.142  10.519  g  -0.012   0.002  -0.002[0m
[1;32muart:~$ [m[8D[J[00:00:57.028,000] [0m<inf> imu: ICM-42688-P  a   0.389  -0.026   9.932  g   0.000  -0.005   0.000[0m
[1;32muart:~$ [m[8D[J[1;32muart:~$ [m[8D[J[00:00:57.079,000] [0m<inf> imu: LSM6DS3TR-C  a   0.115   0.035  10.177  g   0.025  -0.061   0.013[0m
[1;32muart:~$ [m[8D[J[00:00:57.080,000] [0m<inf> imu: LSM6DSV16X   a   0.412   0.141  10.533  g  -0.012   0.002  -0.002[0m
[1;32muart:~$ [m[8D[J[1;32muart:~$ [m[8D[J[00:00:57.081,000] [0m<inf> imu: ICM-42688-P  a   0.379  -0.040   9.950  g   0.000  -0.005   0.000[0m
[1;32muart:~$ [m[8D[J[00:00:57.132,000] [0m<inf> imu: LSM6DS3TR-C  a   0.157   0.024  10.196  g   0.024  -0.060   0.014[0m
[1;32muart:~$ [m[8D[J[00:00:57.132,000] [0m<inf> imu: LSM6DSV16X   a   0.413   0.148  10.521  g  -0.012   0.002  -0.003[0m
[1;32muart:~$ [m[8D[J[00:00:57.133,000] [0m<inf> imu: ICM-42688-P  a   0.384  -0.026   9.924  g  -0.000  -0.005  -0.001[0m
[1;32muart:~$ [m[8D[J[1;32muart:~$ [m[8D[J[00:00:57.184,000] [0m<inf> imu: LSM6DS3TR-C  a   0.129   0.066  10.195  g   0.024  -0.061   0.014[0m
[1;32muart:~$ [m[8D[J[00:00:57.184,000] [0m<inf> imu: LSM6DSV16X   a   0.412   0.142  10.525  g  -0.011   0.003  -0.003[0m
[1;32muart:~$ [m[8D[J[1;32muart:~$ [m[8D[J[00:00:57.185,000] [0m<inf> imu: ICM-42688-P  a   0.379  -0.036   9.936  g   0.000  -0.005   0.000[0m
[1;32muart:~$ [m[8D[J[00:00:57.237,000] [0m<inf> imu: LSM6DS3TR-C  a   0.122   0.021  10.192  g   0.024  -0.059   0.015[0m
[1;32muart:~$ [m[8D[J[00:00:57.238,000] [0m<inf> imu: LSM6DSV16X   a   0.412   0.141  10.518  g  -0.011   0.003  -0.003[0m
[1;32muart:~$ [m[8D[J[1;32muart:~$ [m[8D[J[00:00:57.239,000] [0m<inf> imu: ICM-42688-P  a   0.378  -0.040   9.924  g  -0.001  -0.005  -0.001[0m
[1;32muart:~$ [m[8D[J[00:00:57.290,000] [0m<inf> imu: LSM6DS3TR-C  a   0.121   0.066  10.167  g   0.023  -0.060   0.014[0m
[1;32muart:~$ [m[8D[J[00:00:57.291,000] [0m<inf> imu: LSM6DSV16X   a   0.409   0.139  10.516  g  -0.012   0.003  -0.003[0m
[1;32muart:~$ [m[8D[J[1;32muart:~$ [m[8D[J[00:00:57.291,000] [0m<inf> imu: ICM-42688-P  a   0.372  -0.040   9.929  g   0.000  -0.005   0.000[0m
[1;32muart:~$ [m[8D[J[00:00:57.343,000] [0m<inf> imu: LSM6DS3TR-C  a   0.109   0.045  10.201  g   0.024  -0.059   0.013[0m
[1;32muart:~$ [m[8D[J[00:00:57.344,000] [0m<inf> imu: LSM6DSV16X   a   0.409   0.145  10.528  g  -0.011   0.002  -0.002[0m
[1;32muart:~$ [m[8D[J[1;32muart:~$ [m[8D[J[00:00:57.345,000] [0m<inf> imu: ICM-42688-P  a   0.384  -0.044   9.926  g  -0.001  -0.005  -0.000[0m
[1;32muart:~$ [m[8D[J[00:00:57.396,000] [0m<inf> imu: LSM6DS3TR-C  a   0.124   0.036  10.202  g   0.022  -0.062   0.015[0m
[1;32muart:~$ [m[8D[J[00:00:57.397,000] [0m<inf> imu: LSM6DSV16X   a   0.405   0.141  10.525  g  -0.011   0.002  -0.003[0m
[1;32muart:~$ [m[8D[J[1;32muart:~$ [m[8D[J[00:00:57.397,000] [0m<inf> imu: ICM-42688-P  a   0.372  -0.034   9.937  g   0.000  -0.005   0.001[0m
[1;32muart:~$ [m[8D[J[00:00:57.449,000] [0m<inf> imu: LSM6DS3TR-C  a   0.093   0.027  10.169  g   0.025  -0.060   0.013[0m
[1;32muart:~$ [m[8D[J[00:00:57.450,000] [0m<inf> imu: LSM6DSV16X   a   0.406   0.144  10.519  g  -0.011   0.003  -0.002[0m
[1;32muart:~$ [m[8D[J[1;32muart:~$ [m[8D[J[00:00:57.451,000] [0m<inf> imu: ICM-42688-P  a   0.379  -0.035   9.928  g   0.000  -0.005  -0.000[0m
[1;32muart:~$ [m[8D[J[00:00:57.502,000] [0m<inf> imu: LSM6DS3TR-C  a   0.127   0.047  10.183  g   0.025  -0.061   0.014[0m
[1;32muart:~$ [m[8D[J[00:00:57.502,000] [0m<inf> imu: LSM6DSV16X   a   0.404   0.139  10.514  g  -0.011   0.002  -0.002[0m
[1;32muart:~$ [m[8D[J[1;32muart:~$ [m[8D[J[00:00:57.503,000] [0m<inf> imu: ICM-42688-P  a   0.376  -0.030   9.928  g  -0.001  -0.005  -0.000[0m
[1;32muart:~$ [m[8D[J[00:00:57.555,000] [0m<inf> imu: LSM6DS3TR-C  a   0.141   0.060  10.175  g   0.022  -0.058   0.013[0m
[1;32muart:~$ [m[8D[J[00:00:57.556,000] [0m<inf> imu: LSM6DSV16X   a   0.409   0.141  10.526  g  -0.012   0.002  -0.002[0m
[1;32muart:~$ [m[8D[J[1;32muart:~$ [m[8D[J[00:00:57.557,000] [0m<inf> imu: ICM-42688-P  a   0.387  -0.035   9.929  g  -0.001  -0.004  -0.000[0m
[1;32muart:~$ [m[8D[J[00:00:57.608,000] [0m<inf> imu: LSM6DS3TR-C  a   0.116   0.064  10.176  g   0.024  -0.060   0.014[0m
[1;32muart:~$ [m[8D[J[00:00:57.608,000] [0m<inf> imu: LSM6DSV16X   a   0.409   0.144  10.507  g  -0.011   0.002  -0.003[0m
[1;32muart:~$ [m[8D[J[1;32muart:~$ [m[8D[J[00:00:57.609,000] [0m<inf> imu: ICM-42688-P  a   0.384  -0.048   9.931  g  -0.000  -0.005   0.000[0m
[1;32muart:~$ [m[8D[J[00:00:57.661,000] [0m<inf> imu: LSM6DS3TR-C  a   0.131   0.072  10.184  g   0.024  -0.060   0.011[0m
[1;32muart:~$ [m[8D[J[1;32muart:~$ [m[8D[J[00:00:57.662,000] [0m<inf> imu: LSM6DSV16X   a   0.410   0.144  10.516  g  -0.011   0.002  -0.002[0m
[1;32muart:~$ [m[8D[J[00:00:57.663,000] [0m<inf> imu: ICM-42688-P  a   0.391  -0.048   9.932  g  -0.001  -0.005   0.000[0m
[1;32muart:~$ [m[8D[J[00:00:57.714,000] [0m<inf> imu: LSM6DS3TR-C  a   0.108   0.041  10.204  g   0.024  -0.061   0.013[0m
[1;32muart:~$ [m[8D[J[00:00:57.715,000] [0m<inf> imu: LSM6DSV16X   a   0.409   0.145  10.519  g  -0.012   0.002  -0.002[0m
[1;32muart:~$ [m[8D[J[1;32muart:~$ [m[8D[J[00:00:57.715,000] [0m<inf> imu: ICM-42688-P  a   0.389  -0.035   9.914  g   0.000  -0.004  -0.000[0m
[1;32muart:~$ [m[8D[J[00:00:57.767,000] [0m<inf> imu: LSM6DS3TR-C  a   0.095   0.058  10.194  g   0.024  -0.059   0.014[0m
[1;32muart:~$ [m[8D[J[1;32muart:~$ [m[8D[J[00:00:57.768,000] [0m<inf> imu: LSM6DSV16X   a   0.407   0.146  10.519  g  -0.011   0.002  -0.002[0m
[1;32muart:~$ [m[8D[J[00:00:57.769,000] [0m<inf> imu: ICM-42688-P  a   0.383  -0.040   9.928  g   0.001  -0.004  -0.000[0m
[1;32muart:~$ [m[8D[J[00:00:57.820,000] [0m<inf> imu: LSM6DS3TR-C  a   0.121   0.056  10.192  g   0.024  -0.061   0.015[0m
[1;32muart:~$ [m[8D[J[00:00:57.820,000] [0m<inf> imu: LSM6DSV16X   a   0.413   0.146  10.513  g  -0.011   0.002  -0.003[0m
[1;32muart:~$ [m[8D[J[1;32muart:~$ [m[8D[J[00:00:57.821,000] [0m<inf> imu: ICM-42688-P  a   0.371  -0.036   9.932  g  -0.001  -0.004   0.001[0m
[1;32muart:~$ [m[8D[J[00:00:57.872,000] [0m<inf> imu: LSM6DS3TR-C  a   0.112   0.059  10.190  g   0.025  -0.061   0.015[0m
[1;32muart:~$ [m[8D[J[1;32muart:~$ [m[8D[J[00:00:57.874,000] [0m<inf> imu: LSM6DSV16X   a   0.412   0.144  10.524  g  -0.012   0.002  -0.003[0m
[1;32muart:~$ [m[8D[J[00:00:57.874,000] [0m<inf> imu: ICM-42688-P  a   0.379  -0.030   9.917  g   0.000  -0.005  -0.001[0m
[1;32muart:~$ [m[8D[J[00:00:57.925,000] [0m<inf> imu: LSM6DS3TR-C  a   0.106   0.054  10.201  g   0.023  -0.060   0.013[0m
[1;32muart:~$ [m[8D[J[00:00:57.926,000] [0m<inf> imu: LSM6DSV16X   a   0.402   0.136  10.516  g  -0.011   0.002  -0.002[0m
[1;32muart:~$ [m[8D[J[1;32muart:~$ [m[8D[J[00:00:57.927,000] [0m<inf> imu: ICM-42688-P  a   0.383  -0.026   9.938  g   0.000  -0.005   0.000[0m
[1;32muart:~$ [m[8D[J[00:00:57.978,000] [0m<inf> imu: LSM6DS3TR-C  a   0.123   0.042  10.178  g   0.024  -0.060   0.013[0m
[1;32muart:~$ [m[8D[J[1;32muart:~$ [m[8D[J[00:00:57.978,000] [0m<inf> imu: LSM6DSV16X   a   0.402   0.136  10.526  g  -0.012   0.002  -0.002[0m
[1;32muart:~$ [m[8D[J[00:00:57.979,000] [0m<inf> imu: ICM-42688-P  a   0.373  -0.041   9.929  g  -0.001  -0.004   0.000[0m
[1;32muart:~$ [m[8D[J[00:00:58.030,000] [0m<inf> imu: LSM6DS3TR-C  a   0.130   0.083  10.200  g   0.024  -0.059   0.014[0m
[1;32muart:~$ [m[8D[J[1;32muart:~$ [m[8D[J[00:00:58.031,000] [0m<inf> imu: LSM6DSV16X   a   0.416   0.145  10.523  g  -0.011   0.002  -0.003[0m
[1;32muart:~$ [m[8D[J[00:00:58.031,000] [0m<inf> imu: ICM-42688-P  a   0.383  -0.028   9.914  g  -0.000  -0.005   0.000[0m
[1;32muart:~$ [m[8D[J[00:00:58.082,000] [0m<inf> imu: LSM6DS3TR-C  a   0.151   0.086  10.208  g   0.026  -0.059   0.014[0m
[1;32muart:~$ [m[8D[J[1;32muart:~$ [m[8D[J[00:00:58.083,000] [0m<inf> imu: LSM6DSV16X   a   0.413   0.144  10.519  g  -0.012   0.003  -0.002[0m
[1;32muart:~$ [m[8D[J[00:00:58.083,000] [0m<inf> imu: ICM-42688-P  a   0.383  -0.037   9.935  g   0.000  -0.004   0.000[0m
[1;32muart:~$ [m[8D[J[00:00:58.134,000] [0m<inf> imu: LSM6DS3TR-C  a   0.168   0.045  10.200  g   0.022  -0.062   0.012[0m
[1;32muart:~$ [m[8D[J[1;32muart:~$ [m[8D[J[00:00:58.135,000] [0m<inf> imu: LSM6DSV16X   a   0.407   0.141  10.514  g  -0.011   0.002  -0.003[0m
[1;32muart:~$ [m[8D[J[00:00:58.135,000] [0m<inf> imu: ICM-42688-P  a   0.377  -0.037   9.919  g   0.000  -0.004   0.000[0m
[1;32muart:~$ [m[8D[J[00:00:58.187,000] [0m<inf> imu: LSM6DS3TR-C  a   0.123   0.058  10.208  g   0.024  -0.061   0.016[0m
[1;32muart:~$ [m[8D[J[1;32muart:~$ [m[8D[J[00:00:58.187,000] [0m<inf> imu: LSM6DSV16X   a   0.398   0.144  10.517  g  -0.012   0.003  -0.002[0m
[1;32muart:~$ [m[8D[J[00:00:58.188,000] [0m<inf> imu: ICM-42688-P  a   0.384  -0.038   9.946  g  -0.000  -0.005  -0.001[0m
[1;32muart:~$ [m[8D[J[00:00:58.239,000] [0m<inf> imu: LSM6DS3TR-C  a   0.129   0.048  10.174  g   0.022  -0.061   0.013[0m
[1;32muart:~$ [m[8D[J[1;32muart:~$ [m[8D[J[00:00:58.239,000] [0m<inf> imu: LSM6DSV16X   a   0.407   0.151  10.516  g  -0.011   0.002  -0.002[0m
[1;32muart:~$ [m[8D[J[00:00:58.240,000] [0m<inf> imu: ICM-42688-P  a   0.382  -0.024   9.918  g   0.000  -0.006  -0.000[0m
[1;32muart:~$ [m[8D[J[00:00:58.291,000] [0m<inf> imu: LSM6DS3TR-C  a   0.118   0.050  10.193  g   0.025  -0.062   0.014[0m
[1;32muart:~$ [m[8D[J[1;32muart:~$ [m[8D[J[00:00:58.293,000] [0m<inf> imu: LSM6DSV16X   a   0.406   0.144  10.521  g  -0.012   0.002  -0.002[0m
[1;32muart:~$ [m[8D[J[00:00:58.293,000] [0m<inf> imu: ICM-42688-P  a   0.381  -0.035   9.928  g   0.000  -0.005   0.000[0m
[1;32muart:~$ [m[8D[J[00:00:58.344,000] [0m<inf> imu: LSM6DS3TR-C  a   0.147   0.065  10.227  g   0.025  -0.060   0.015[0m
[1;32muart:~$ [m[8D[J[1;32muart:~$ [m[8D[J[00:00:58.345,000] [0m<inf> imu: LSM6DSV16X   a   0.404   0.148  10.516  g  -0.010   0.002  -0.002[0m
[1;32muart:~$ [m[8D[J[00:00:58.346,000] [0m<inf> imu: ICM-42688-P  a   0.383  -0.035   9.918  g   0.000  -0.004  -0.000[0m
[1;32muart:~$ [m[8D[J[1;32muart:~$ [m[8D[J[00:00:58.397,000] [0m<inf> imu: LSM6DS3TR-C  a   0.132   0.066  10.196  g   0.024  -0.061   0.015[0m
[1;32muart:~$ [m[8D[J[00:00:58.397,000] [0m<inf> imu: LSM6DSV16X   a   0.404   0.146  10.512  g  -0.011   0.002  -0.002[0m
[1;32muart:~$ [m[8D[J[00:00:58.398,000] [0m<inf> imu: ICM-42688-P  a   0.394  -0.040   9.930  g  -0.000  -0.005   0.000[0m
[1;32muart:~$ [m[8D[J[00:00:58.450,000] [0m<inf> imu: LSM6DS3TR-C  a   0.092   0.038  10.210  g   0.024  -0.062   0.014[0m
[1;32muart:~$ [m[8D[J[1;32muart:~$ [m[8D[J[00:00:58.451,000] [0m<inf> imu: LSM6DSV16X   a   0.411   0.144  10.518  g  -0.011   0.002  -0.002[0m
[1;32muart:~$ [m[8D[J[00:00:58.452,000] [0m<inf> imu: ICM-42688-P  a   0.382  -0.036   9.929  g  -0.001  -0.005   0.000[0m
[1;32muart:~$ [m[8D[J[00:00:58.503,000] [0m<inf> imu: LSM6DS3TR-C  a   0.134   0.057  10.246  g   0.024  -0.060   0.014[0m
[1;32muart:~$ [m[8D[J[1;32muart:~$ [m[8D[J[00:00:58.503,000] [0m<inf> imu: LSM6DSV16X   a   0.407   0.148  10.521  g  -0.012   0.002  -0.002[0m
[1;32muart:~$ [m[8D[J[00:00:58.504,000] [0m<inf> imu: ICM-42688-P  a   0.384  -0.037   9.923  g   0.000  -0.005   0.000[0m
[1;32muart:~$ [m[8D[J[00:00:58.555,000] [0m<inf> imu: LSM6DS3TR-C  a   0.102   0.065  10.172  g   0.023  -0.060   0.015[0m
[1;32muart:~$ [m[8D[J[1;32muart:~$ [m[8D[J[00:00:58.556,000] [0m<inf> imu: LSM6DSV16X   a   0.407   0.147  10.513  g  -0.012   0.002  -0.002[0m
[1;32muart:~$ [m[8D[J[00:00:58.557,000] [0m<inf> imu: ICM-42688-P  a   0.375  -0.035   9.932  g   0.000  -0.006  -0.001[0m
[1;32muart:~$ [m[8D[J[1;32muart:~$ [m[8D[J[00:00:58.608,000] [0m<inf> imu: LSM6DS3TR-C  a   0.160   0.059  10.168  g   0.023  -0.061   0.014[0m
[1;32muart:~$ [m[8D[J[00:00:58.609,000] [0m<inf> imu: LSM6DSV16X   a   0.411   0.144  10.531  g  -0.012   0.002  -0.002[0m
[1;32muart:~$ [m[8D[J[00:00:58.609,000] [0m<inf> imu: ICM-42688-P  a   0.376  -0.028   9.929  g   0.000  -0.004   0.000[0m
[1;32muart:~$ [m[8D[J[00:00:58.661,000] [0m<inf> imu: LSM6DS3TR-C  a   0.142   0.074  10.211  g   0.023  -0.058   0.014[0m
[1;32muart:~$ [m[8D[J[1;32muart:~$ [m[8D[J[00:00:58.662,000] [0m<inf> imu: LSM6DSV16X   a   0.412   0.146  10.521  g  -0.012   0.002  -0.003[0m
[1;32muart:~$ [m[8D[J[00:00:58.663,000] [0m<inf> imu: ICM-42688-P  a   0.379  -0.035   9.936  g   0.000  -0.005   0.000[0m
[1;32muart:~$ [m[8D[J[1;32muart:~$ [m[8D[J[00:00:58.714,000] [0m<inf> imu: LSM6DS3TR-C  a   0.109   0.047  10.189  g   0.024  -0.061   0.014[0m
[1;32muart:~$ [m[8D[J[00:00:58.715,000] [0m<inf> imu: LSM6DSV16X   a   0.399   0.150  10.521  g  -0.011   0.002  -0.003[0m
[1;32muart:~$ [m[8D[J[00:00:58.715,000] [0m<inf> imu: ICM-42688-P  a   0.387  -0.032   9.936  g   0.000  -0.005  -0.001[0m
[1;32muart:~$ [m[8D[J[00:00:58.766,000] [0m<inf> imu: LSM6DS3TR-C  a   0.123   0.067  10.225  g   0.023  -0.061   0.012[0m
[1;32muart:~$ [m[8D[J[1;32muart:~$ [m[8D[J[00:00:58.767,000] [0m<inf> imu: LSM6DSV16X   a   0.409   0.143  10.521  g  -0.013   0.003  -0.003[0m
[1;32muart:~$ [m[8D[J[00:00:58.768,000] [0m<inf> imu: ICM-42688-P  a   0.376  -0.030   9.919  g  -0.000  -0.005   0.000[0m
[1;32muart:~$ [m[8D[J[1;32muart:~$ [m[8D[J[00:00:58.819,000] [0m<inf> imu: LSM6DS3TR-C  a   0.096   0.074  10.168  g   0.022  -0.060   0.015[0m
[1;32muart:~$ [m[8D[J[00:00:58.819,000] [0m<inf> imu: LSM6DSV16X   a   0.406   0.139  10.529  g  -0.011   0.002  -0.002[0m
[1;32muart:~$ [m[8D[J[00:00:58.820,000] [0m<inf> imu: ICM-42688-P  a   0.397  -0.043   9.936  g   0.000  -0.005   0.001[0m
[1;32muart:~$ [m[8D[J[00:00:58.871,000] [0m<inf> imu: LSM6DS3TR-C  a   0.117   0.050  10.205  g   0.025  -0.060   0.013[0m
[1;32muart:~$ [m[8D[J[1;32muart:~$ [m[8D[J[00:00:58.872,000] [0m<inf> imu: LSM6DSV16X   a   0.410   0.144  10.516  g  -0.011   0.002  -0.003[0m
[1;32muart:~$ [m[8D[J[00:00:58.872,000] [0m<inf> imu: ICM-42688-P  a   0.375  -0.043   9.931  g  -0.001  -0.005  -0.000[0m
[1;32muart:~$ [m[8D[J[1;32muart:~$ [m[8D[J[00:00:58.923,000] [0m<inf> imu: LSM6DS3TR-C  a   0.173   0.048  10.212  g   0.024  -0.059   0.014[0m
[1;32muart:~$ [m[8D[J[00:00:58.924,000] [0m<inf> imu: LSM6DSV16X   a   0.404   0.145  10.514  g  -0.012   0.002  -0.003[0m
[1;32muart:~$ [m[8D[J[00:00:58.924,000] [0m<inf> imu: ICM-42688-P  a   0.375  -0.036   9.920  g   0.000  -0.005   0.000[0m
[1;32muart:~$ [m[8D[J[1;32muart:~$ [m[8D[J[00:00:58.975,000] [0m<inf> imu: LSM6DS3TR-C  a   0.105   0.069  10.206  g   0.023  -0.060   0.014[0m
[1;32muart:~$ [m[8D[J[00:00:58.976,000] [0m<inf> imu: LSM6DSV16X   a   0.404   0.147  10.521  g  -0.012   0.002  -0.003[0m
[1;32muart:~$ [m[8D[J[00:00:58.977,000] [0m<inf> imu: ICM-42688-P  a   0.384  -0.043   9.926  g  -0.000  -0.005  -0.001[0m
[1;32muart:~$ [m[8D[J[1;32muart:~$ [m[8D[J[00:00:59.028,000] [0m<inf> imu: LSM6DS3TR-C  a   0.136   0.054  10.202  g   0.024  -0.060   0.015[0m
[1;32muart:~$ [m[8D[J[00:00:59.028,000] [0m<inf> imu: LSM6DSV16X   a   0.400   0.146  10.521  g  -0.011   0.003  -0.003[0m
[1;32muart:~$ [m[8D[J[00:00:59.029,000] [0m<inf> imu: ICM-42688-P  a   0.377  -0.026   9.931  g   0.000  -0.005   0.000[0m
[1;32muart:~$ [m[8D[J[1;32muart:~$ [m[8D[J[00:00:59.080,000] [0m<inf> imu: LSM6DS3TR-C  a   0.132   0.059  10.196  g   0.024  -0.060   0.015[0m
[1;32muart:~$ [m[8D[J[00:00:59.081,000] [0m<inf> imu: LSM6DSV16X   a   0.409   0.144  10.527  g  -0.011   0.003  -0.002[0m
[1;32muart:~$ [m[8D[J[00:00:59.081,000] [0m<inf> imu: ICM-42688-P  a   0.381  -0.022   9.931  g   0.001  -0.005   0.000[0m
[1;32muart:~$ [m[8D[J[1;32muart:~$ [m[8D[J[00:00:59.132,000] [0m<inf> imu: LSM6DS3TR-C  a   0.121   0.063  10.160  g   0.023  -0.061   0.014[0m
[1;32muart:~$ [m[8D[J[00:00:59.133,000] [0m<inf> imu: LSM6DSV16X   a   0.405   0.146  10.514  g  -0.012   0.002  -0.002[0m
[1;32muart:~$ [m[8D[J[00:00:59.133,000] [0m<inf> imu: ICM-42688-P  a   0.384  -0.030   9.908  g   0.001  -0.005   0.000[0m
[1;32muart:~$ [m[8D[J[1;32muart:~$ [m[8D[J[00:00:59.185,000] [0m<inf> imu: LSM6DS3TR-C  a   0.116   0.063  10.190  g   0.022  -0.059   0.015[0m
[1;32muart:~$ [m[8D[J[00:00:59.187,000] [0m<inf> imu: LSM6DSV16X   a   0.407   0.144  10.516  g  -0.011   0.003  -0.003[0m
[1;32muart:~$ [m[8D[J[00:00:59.187,000] [0m<inf> imu: ICM-42688-P  a   0.373  -0.034   9.923  g   0.000  -0.005  -0.001[0m
[1;32muart:~$ [m[8D[J[1;32muart:~$ [m[8D[J[00:00:59.239,000] [0m<inf> imu: LSM6DS3TR-C  a   0.095   0.054  10.212  g   0.024  -0.060   0.013[0m
[1;32muart:~$ [m[8D[J[00:00:59.240,000] [0m<inf> imu: LSM6DSV16X   a   0.404   0.139  10.519  g  -0.012   0.003  -0.003[0m
[1;32muart:~$ [m[8D[J[1;32muart:~$ [m[8D[J[00:00:59.241,000] [0m<inf> imu: ICM-42688-P  a   0.376  -0.032   9.938  g   0.000  -0.005   0.000[0m
[1;32muart:~$ [m[8D[J[00:00:59.292,000] [0m<inf> imu: LSM6DS3TR-C  a   0.153   0.054  10.186  g   0.024  -0.061   0.013[0m
[1;32muart:~$ [m[8D[J[00:00:59.294,000] [0m<inf> imu: LSM6DSV16X   a   0.404   0.147  10.528  g  -0.010   0.002  -0.003[0m
[1;32muart:~$ [m[8D[J[00:00:59.295,000] [0m<inf> imu: ICM-42688-P  a   0.377  -0.034   9.918  g  -0.001  -0.005  -0.001[0m
[1;32muart:~$ [m[8D[J[1;32muart:~$ [m[8D[J[00:00:59.346,000] [0m<inf> imu: LSM6DS3TR-C  a   0.104   0.035  10.174  g   0.025  -0.060   0.015[0m
[1;32muart:~$ [m[8D[J[00:00:59.347,000] [0m<inf> imu: LSM6DSV16X   a   0.410   0.144  10.519  g  -0.011   0.002  -0.002[0m
[1;32muart:~$ [m[8D[J[1;32muart:~$ [m[8D[J[00:00:59.347,000] [0m<inf> imu: ICM-42688-P  a   0.382  -0.035   9.924  g   0.000  -0.005  -0.001[0m
[1;32muart:~$ [m[8D[J[00:00:59.399,000] [0m<inf> imu: LSM6DS3TR-C  a   0.144   0.015  10.195  g   0.023  -0.061   0.014[0m
[1;32muart:~$ [m[8D[J[00:00:59.400,000] [0m<inf> imu: LSM6DSV16X   a   0.402   0.146  10.524  g  -0.011   0.003  -0.002[0m
[1;32muart:~$ [m[8D[J[00:00:59.401,000] [0m<inf> imu: ICM-42688-P  a   0.389  -0.040   9.932  g  -0.000  -0.005   0.000[0m
[1;32muart:~$ [m[8D[J[1;32muart:~$ [m[8D[J[00:00:59.452,000] [0m<inf> imu: LSM6DS3TR-C  a   0.133   0.065  10.178  g   0.023  -0.060   0.014[0m
[1;32muart:~$ [m[8D[J[00:00:59.453,000] [0m<inf> imu: LSM6DSV16X   a   0.404   0.146  10.516  g  -0.012   0.002  -0.003[0m
[1;32muart:~$ [m[8D[J[1;32muart:~$ [m[8D[J[00:00:59.453,000] [0m<inf> imu: ICM-42688-P  a   0.385  -0.030   9.918  g   0.000  -0.005  -0.000[0m
[1;32muart:~$ [m[8D[J[00:00:59.505,000] [0m<inf> imu: LSM6DS3TR-C  a   0.132   0.036  10.205  g   0.024  -0.059   0.015[0m
[1;32muart:~$ [m[8D[J[00:00:59.506,000] [0m<inf> imu: LSM6DSV16X   a   0.404   0.141  10.518  g  -0.010   0.002  -0.002[0m
[1;32muart:~$ [m[8D[J[00:00:59.507,000] [0m<inf> imu: ICM-42688-P  a   0.382  -0.037   9.925  g   0.000  -0.005  -0.000[0m
[1;32muart:~$ [m[8D[J[1;32muart:~$ [m[8D[J[00:00:59.558,000] [0m<inf> imu: LSM6DS3TR-C  a   0.106   0.032  10.204  g   0.022  -0.060   0.014[0m
[1;32muart:~$ [m[8D[J[00:00:59.559,000] [0m<inf> imu: LSM6DSV16X   a   0.411   0.144  10.534  g  -0.010   0.002  -0.002[0m
[1;32muart:~$ [m[8D[J[00:00:59.559,000] [0m<inf> imu: ICM-42688-P  a   0.385  -0.029   9.924  g   0.000  -0.005  -0.000[0m
[1;32muart:~$ [m[8D[J[1;32muart:~$ [m[8D[J[00:00:59.611,000] [0m<inf> imu: LSM6DS3TR-C  a   0.147   0.041  10.172  g   0.023  -0.060   0.015[0m
[1;32muart:~$ [m[8D[J[00:00:59.612,000] [0m<inf> imu: LSM6DSV16X   a   0.400   0.146  10.516  g  -0.011   0.002  -0.002[0m
[1;32muart:~$ [m[8D[J[1;32muart:~$ [m[8D[J[00:00:59.613,000] [0m<inf> imu: ICM-42688-P  a   0.383  -0.038   9.925  g   0.000  -0.005  -0.001[0m
[1;32muart:~$ [m[8D[J[00:00:59.664,000] [0m<inf> imu: LSM6DS3TR-C  a   0.123   0.051  10.195  g   0.023  -0.061   0.014[0m
[1;32muart:~$ [m[8D[J[00:00:59.665,000] [0m<inf> imu: LSM6DSV16X   a   0.417   0.139  10.521  g  -0.011   0.002  -0.003[0m
[1;32muart:~$ [m[8D[J[1;32muart:~$ [m[8D[J[00:00:59.665,000] [0m<inf> imu: ICM-42688-P  a   0.381  -0.043   9.934  g  -0.001  -0.005   0.000[0m
[1;32muart:~$ [m[8D[J[00:00:59.716,000] [0m<inf> imu: LSM6DS3TR-C  a   0.116   0.023  10.197  g   0.024  -0.061   0.014[0m
[1;32muart:~$ [m[8D[J[00:00:59.717,000] [0m<inf> imu: LSM6DSV16X   a   0.402   0.150  10.514  g  -0.011   0.002  -0.003[0m
[1;32muart:~$ [m[8D[J[1;32muart:~$ [m[8D[J[00:00:59.717,000] [0m<inf> imu: ICM-42688-P  a   0.379  -0.028   9.926  g   0.000  -0.005   0.000[0m
[1;32muart:~$ [m[8D[J[00:00:59.768,000] [0m<inf> imu: LSM6DS3TR-C  a   0.098   0.060  10.203  g   0.023  -0.060   0.015[0m
[1;32muart:~$ [m[8D[J[00:00:59.769,000] [0m<inf> imu: LSM6DSV16X   a   0.412   0.144  10.514  g  -0.012   0.001  -0.002[0m
[1;32muart:~$ [m[8D[J[1;32muart:~$ [m[8D[J[00:00:59.770,000] [0m<inf> imu: ICM-42688-P  a   0.366  -0.048   9.914  g   0.000  -0.005   0.000[0m
[1;32muart:~$ [m[8D[J[00:00:59.821,000] [0m<inf> imu: LSM6DS3TR-C  a   0.128   0.024  10.201  g   0.024  -0.059   0.013[0m
[1;32muart:~$ [m[8D[J[00:00:59.821,000] [0m<inf> imu: LSM6DSV16X   a   0.409   0.144  10.519  g  -0.011   0.002  -0.003[0m
[1;32muart:~$ [m[8D[J[1;32muart:~$ [m[8D[J[00:00:59.822,000] [0m<inf> imu: ICM-42688-P  a   0.389  -0.031   9.940  g  -0.000  -0.005   0.000[0m
[1;32muart:~$ [m[8D[J[00:00:59.873,000] [0m<inf> imu: LSM6DS3TR-C  a   0.121   0.022  10.225  g   0.025  -0.060   0.013[0m
[1;32muart:~$ [m[8D[J[00:00:59.874,000] [0m<inf> imu: LSM6DSV16X   a   0.406   0.144  10.522  g  -0.012   0.001  -0.003[0m
[1;32muart:~$ [m[8D[J[1;32muart:~$ [m[8D[J[00:00:59.874,000] [0m<inf> imu: ICM-42688-P  a   0.382  -0.038   9.936  g   0.000  -0.005   0.000[0m
[1;32muart:~$ [m[8D[J[00:00:59.925,000] [0m<inf> imu: LSM6DS3TR-C  a   0.106   0.044  10.196  g   0.023  -0.060   0.013[0m
[1;32muart:~$ [m[8D[J[00:00:59.926,000] [0m<inf> imu: LSM6DSV16X   a   0.404   0.141  10.524  g  -0.013   0.002  -0.002[0m
[1;32muart:~$ [m[8D[J[1;32muart:~$ [m[8D[J[00:00:59.927,000] [0m<inf> imu: ICM-42688-P  a   0.382  -0.029   9.940  g   0.000  -0.005   0.001[0m
[1;32muart:~$ [m[8D[J[00:00:59.978,000] [0m<inf> imu: LSM6DS3TR-C  a   0.156   0.056  10.188  g   0.024  -0.061   0.013[0m
[1;32muart:~$ [m[8D[J[00:00:59.979,000] [0m<inf> imu: LSM6DSV16X   a   0.407   0.145  10.513  g  -0.011   0.002  -0.002[0m
[1;32muart:~$ [m[8D[J[1;32muart:~$ [m[8D[J[00:00:59.979,000] [0m<inf> imu: ICM-42688-P  a   0.384  -0.038   9.924  g   0.000  -0.005   0.000[0m
[1;32muart:~$ [m[8D[J[00:01:00.030,000] [0m<inf> imu: LSM6DS3TR-C  a   0.123   0.035  10.187  g   0.024  -0.061   0.015[0m
[1;32muart:~$ [m[8D[J[00:01:00.031,000] [0m<inf> imu: LSM6DSV16X   a   0.404   0.145  10.524  g  -0.011   0.002  -0.003[0m
[1;32muart:~$ [m[8D[J[1;32muart:~$ [m[8D[J[00:01:00.031,000] [0m<inf> imu: ICM-42688-P  a   0.384  -0.037   9.929  g  -0.001  -0.004   0.000[0m
[1;32muart:~$ [m[8D[J[00:01:00.083,000] [0m<inf> imu: LSM6DS3TR-C  a   0.132   0.037  10.190  g   0.024  -0.061   0.013[0m
[1;32muart:~$ [m[8D[J[00:01:00.084,000] [0m<inf> imu: LSM6DSV16X   a   0.407   0.147  10.516  g  -0.012   0.002  -0.003[0m
[1;32muart:~$ [m[8D[J[1;32muart:~$ [m[8D[J[00:01:00.085,000] [0m<inf> imu: ICM-42688-P  a   0.379  -0.043   9.926  g   0.000  -0.004   0.000[0m
[1;32muart:~$ [m[8D[J[00:01:00.136,000] [0m<inf> imu: LSM6DS3TR-C  a   0.119   0.037  10.206  g   0.022  -0.061   0.014[0m
[1;32muart:~$ [m[8D[J[1;32muart:~$ [m[8D[J[00:01:00.136,000] [0m<inf> imu: LSM6DSV16X   a   0.401   0.145  10.505  g  -0.012   0.002  -0.003[0m
[1;32muart:~$ [m[8D[J[00:01:00.137,000] [0m<inf> imu: ICM-42688-P  a   0.383  -0.035   9.930  g   0.001  -0.005  -0.001[0m
[1;32muart:~$ [m[8D[J[00:01:00.189,000] [0m<inf> imu: LSM6DS3TR-C  a   0.125   0.069  10.165  g   0.023  -0.059   0.014[0m
[1;32muart:~$ [m[8D[J[00:01:00.190,000] [0m<inf> imu: LSM6DSV16X   a   0.402   0.147  10.516  g  -0.011   0.002  -0.002[0m
[1;32muart:~$ [m[8D[J[1;32muart:~$ [m[8D[J[00:01:00.191,000] [0m<inf> imu: ICM-42688-P  a   0.378  -0.041   9.926  g  -0.000  -0.005   0.000[0m
[1;32muart:~$ [m[8D[J[00:01:00.242,000] [0m<inf> imu: LSM6DS3TR-C  a   0.133   0.075  10.211  g   0.022  -0.059   0.013[0m
[1;32muart:~$ [m[8D[J[1;32muart:~$ [m[8D[J[00:01:00.242,000] [0m<inf> imu: LSM6DSV16X   a   0.401   0.147  10.516  g  -0.012   0.002  -0.003[0m
[1;32muart:~$ [m[8D[J[00:01:00.243,000] [0m<inf> imu: ICM-42688-P  a   0.383  -0.026   9.926  g   0.000  -0.005   0.000[0m
[1;32muart:~$ [m[8D[J[00:01:00.294,000] [0m<inf> imu: LSM6DS3TR-C  a   0.120   0.024  10.182  g   0.024  -0.060   0.013[0m
[1;32muart:~$ [m[8D[J[00:01:00.295,000] [0m<inf> imu: LSM6DSV16X   a   0.400   0.144  10.512  g  -0.011   0.002  -0.002[0m
[1;32muart:~$ [m[8D[J[1;32muart:~$ [m[8D[J[00:01:00.296,000] [0m<inf> imu: ICM-42688-P  a   0.379  -0.036   9.931  g   0.000  -0.006   0.000[0m
[1;32muart:~$ [m[8D[J[00:01:00.348,000] [0m<inf> imu: LSM6DS3TR-C  a   0.084   0.039  10.205  g   0.026  -0.061   0.015[0m
[1;32muart:~$ [m[8D[J[1;32muart:~$ [m[8D[J[00:01:00.349,000] [0m<inf> imu: LSM6DSV16X   a   0.407   0.143  10.517  g  -0.012   0.002  -0.002[0m
[1;32muart:~$ [m[8D[J[00:01:00.350,000] [0m<inf> imu: ICM-42688-P  a   0.384  -0.029   9.944  g  -0.001  -0.005  -0.001[0m
[1;32muart:~$ [m[8D[J[00:01:00.401,000] [0m<inf> imu: LSM6DS3TR-C  a   0.114   0.059  10.198  g   0.020  -0.059   0.014[0m
[1;32muart:~$ [m[8D[J[00:01:00.401,000] [0m<inf> imu: LSM6DSV16X   a   0.409   0.148  10.526  g  -0.011   0.002  -0.003[0m
[1;32muart:~$ [m[8D[J[1;32muart:~$ [m[8D[J[00:01:00.402,000] [0m<inf> imu: ICM-42688-P  a   0.384  -0.043   9.922  g   0.000  -0.005  -0.000[0m
[1;32muart:~$ [m[8D[J[00:01:00.453,000] [0m<inf> imu: LSM6DS3TR-C  a   0.101   0.054  10.180  g   0.025  -0.062   0.013[0m
[1;32muart:~$ [m[8D[J[00:01:00.454,000] [0m<inf> imu: LSM6DSV16X   a   0.409   0.150  10.516  g  -0.012   0.002  -0.002[0m
[1;32muart:~$ [m[8D[J[1;32muart:~$ [m[8D[J[00:01:00.454,000] [0m<inf> imu: ICM-42688-P  a   0.391  -0.035   9.929  g   0.000  -0.005   0.000[0m
[1;32muart:~$ [m[8D[J[00:01:00.505,000] [0m<inf> imu: LSM6DS3TR-C  a   0.118   0.050  10.223  g   0.024  -0.061   0.014[0m
[1;32muart:~$ [m[8D[J[1;32muart:~$ [m[8D[J[00:01:00.506,000] [0m<inf> imu: LSM6DSV16X   a   0.404   0.147  10.521  g  -0.012   0.003  -0.002[0m
[1;32muart:~$ [m[8D[J[00:01:00.506,000] [0m<inf> imu: ICM-42688-P  a   0.378  -0.024   9.920  g   0.001  -0.005   0.000[0m
[1;32muart:~$ [m[8D[J[00:01:00.557,000] [0m<inf> imu: LSM6DS3TR-C  a   0.101   0.044  10.182  g   0.025  -0.061   0.014[0m
[1;32muart:~$ [m[8D[J[1;32muart:~$ [m[8D[J[00:01:00.558,000] [0m<inf> imu: LSM6DSV16X   a   0.404   0.137  10.524  g  -0.011   0.002  -0.002[0m
[1;32muart:~$ [m[8D[J[00:01:00.559,000] [0m<inf> imu: ICM-42688-P  a   0.385  -0.044   9.920  g   0.001  -0.005  -0.001[0m
[1;32muart:~$ [m[8D[J[00:01:00.610,000] [0m<inf> imu: LSM6DS3TR-C  a   0.118   0.066  10.198  g   0.022  -0.059   0.015[0m
[1;32muart:~$ [m[8D[J[1;32muart:~$ [m[8D[J[00:01:00.610,000] [0m<inf> imu: LSM6DSV16X   a   0.404   0.144  10.527  g  -0.012   0.002  -0.002[0m
[1;32muart:~$ [m[8D[J[00:01:00.611,000] [0m<inf> imu: ICM-42688-P  a   0.389  -0.028   9.936  g  -0.001  -0.005  -0.001[0m
[1;32muart:~$ [m[8D[J[00:01:00.662,000] [0m<inf> imu: LSM6DS3TR-C  a   0.139   0.038  10.169  g   0.022  -0.061   0.011[0m
[1;32muart:~$ [m[8D[J[1;32muart:~$ [m[8D[J[00:01:00.663,000] [0m<inf> imu: LSM6DSV16X   a   0.402   0.151  10.519  g  -0.012   0.003  -0.002[0m
[1;32muart:~$ [m[8D[J[00:01:00.663,000] [0m<inf> imu: ICM-42688-P  a   0.383  -0.036   9.946  g   0.001  -0.004  -0.000[0m
[1;32muart:~$ [m[8D[J[00:01:00.714,000] [0m<inf> imu: LSM6DS3TR-C  a   0.093   0.051  10.186  g   0.024  -0.060   0.013[0m
[1;32muart:~$ [m[8D[J[1;32muart:~$ [m[8D[J[00:01:00.715,000] [0m<inf> imu: LSM6DSV16X   a   0.409   0.146  10.531  g  -0.010   0.002  -0.002[0m
[1;32muart:~$ [m[8D[J[00:01:00.715,000] [0m<inf> imu: ICM-42688-P  a   0.384  -0.034   9.935  g   0.000  -0.005   0.000[0m
[1;32muart:~$ [m[8D[J[00:01:00.766,000] [0m<inf> imu: LSM6DS3TR-C  a   0.127   0.066  10.200  g   0.025  -0.059   0.012[0m
[1;32muart:~$ [m[8D[J[1;32muart:~$ [m[8D[J[00:01:00.767,000] [0m<inf> imu: LSM6DSV16X   a   0.409   0.150  10.509  g  -0.011   0.002  -0.003[0m
[1;32muart:~$ [m[8D[J[00:01:00.768,000] [0m<inf> imu: ICM-42688-P  a   0.383  -0.030   9.938  g   0.001  -0.005  -0.001[0m
[1;32muart:~$ [m[8D[J[00:01:00.819,000] [0m<inf> imu: LSM6DS3TR-C  a   0.107   0.053  10.210  g   0.023  -0.060   0.013[0m
[1;32muart:~$ [m[8D[J[1;32muart:~$ [m[8D[J[00:01:00.819,000] [0m<inf> imu: LSM6DSV16X   a   0.407   0.148  10.519  g  -0.011   0.002  -0.003[0m
[1;32muart:~$ [m[8D[J[00:01:00.820,000] [0m<inf> imu: ICM-42688-P  a   0.372  -0.037   9.937  g   0.000  -0.004  -0.000[0m
[1;32muart:~$ [m[8D[J[00:01:00.871,000] [0m<inf> imu: LSM6DS3TR-C  a   0.111   0.039  10.171  g   0.023  -0.060   0.013[0m
[1;32muart:~$ [m[8D[J[1;32muart:~$ [m[8D[J[00:01:00.872,000] [0m<inf> imu: LSM6DSV16X   a   0.404   0.138  10.509  g  -0.012   0.002  -0.002[0m
[1;32muart:~$ [m[8D[J[00:01:00.872,000] [0m<inf> imu: ICM-42688-P  a   0.389  -0.030   9.924  g   0.000  -0.005   0.000[0m
[1;32muart:~$ [m[8D[J[00:01:00.923,000] [0m<inf> imu: LSM6DS3TR-C  a   0.114   0.033  10.206  g   0.025  -0.060   0.014[0m
[1;32muart:~$ [m[8D[J[1;32muart:~$ [m[8D[J[00:01:00.924,000] [0m<inf> imu: LSM6DSV16X   a   0.407   0.139  10.519  g  -0.011   0.002  -0.002[0m
[1;32muart:~$ [m[8D[J[00:01:00.924,000] [0m<inf> imu: ICM-42688-P  a   0.384  -0.036   9.932  g   0.001  -0.005   0.000[0m
[1;32muart:~$ [m[8D[J[1;32muart:~$ [m[8D[J[00:01:00.976,000] [0m<inf> imu: LSM6DS3TR-C  a   0.148   0.057  10.216  g   0.023  -0.061   0.013[0m
[1;32muart:~$ [m[8D[J[00:01:00.977,000] [0m<inf> imu: LSM6DSV16X   a   0.407   0.146  10.523  g  -0.012   0.002  -0.003[0m
[1;32muart:~$ [m[8D[J[00:01:00.978,000] [0m<inf> imu: ICM-42688-P  a   0.371  -0.028   9.934  g   0.000  -0.005   0.000[0m
[1;32muart:~$ [m[8D[J[00:01:01.029,000] [0m<inf> imu: LSM6DS3TR-C  a   0.104   0.037  10.174  g   0.024  -0.060   0.013[0m
[1;32muart:~$ [m[8D[J[1;32muart:~$ [m[8D[J[00:01:01.030,000] [0m<inf> imu: LSM6DSV16X   a   0.402   0.144  10.515  g  -0.011   0.001  -0.003[0m
[1;32muart:~$ [m[8D[J[00:01:01.030,000] [0m<inf> imu: ICM-42688-P  a   0.379  -0.019   9.929  g   0.000  -0.005   0.000[0m
[1;32muart:~$ [m[8D[J[1;32muart:~$ [m[8D[J[00:01:01.082,000] [0m<inf> imu: LSM6DS3TR-C  a   0.103   0.056  10.158  g   0.024  -0.059   0.015[0m
[1;32muart:~$ [m[8D[J[00:01:01.083,000] [0m<inf> imu: LSM6DSV16X   a   0.402   0.144  10.516  g  -0.011   0.002  -0.002[0m
[1;32muart:~$ [m[8D[J[00:01:01.084,000] [0m<inf> imu: ICM-42688-P  a   0.371  -0.035   9.926  g  -0.000  -0.005  -0.001[0m
[1;32muart:~$ [m[8D[J[00:01:01.135,000] [0m<inf> imu: LSM6DS3TR-C  a   0.114   0.038  10.174  g   0.023  -0.061   0.012[0m
[1;32muart:~$ [m[8D[J[1;32muart:~$ [m[8D[J[00:01:01.135,000] [0m<inf> imu: LSM6DSV16X   a   0.400   0.147  10.524  g  -0.011   0.002  -0.003[0m
[1;32muart:~$ [m[8D[J[00:01:01.136,000] [0m<inf> imu: ICM-42688-P  a   0.379  -0.034   9.935  g   0.000  -0.004  -0.001[0m
[1;32muart:~$ [m[8D[J[1;32muart:~$ [m[8D[J[00:01:01.187,000] [0m<inf> imu: LSM6DS3TR-C  a   0.129   0.085  10.184  g   0.024  -0.059   0.013[0m
[1;32muart:~$ [m[8D[J[00:01:01.189,000] [0m<inf> imu: LSM6DSV16X   a   0.410   0.145  10.526  g  -0.012   0.001  -0.002[0m
[1;32muart:~$ [m[8D[J[00:01:01.189,000] [0m<inf> imu: ICM-42688-P  a   0.376  -0.035   9.926  g   0.000  -0.005  -0.000[0m
[1;32muart:~$ [m[8D[J[00:01:01.241,000] [0m<inf> imu: LSM6DS3TR-C  a   0.124   0.059  10.205  g   0.023  -0.060   0.014[0m
[1;32muart:~$ [m[8D[J[1;32muart:~$ [m[8D[J[00:01:01.242,000] [0m<inf> imu: LSM6DSV16X   a   0.405   0.144  10.519  g  -0.012   0.002  -0.002[0m
[1;32muart:~$ [m[8D[J[00:01:01.243,000] [0m<inf> imu: ICM-42688-P  a   0.377  -0.038   9.918  g   0.000  -0.005  -0.001[0m
[1;32muart:~$ [m[8D[J[1;32muart:~$ [m[8D[J[00:01:01.294,000] [0m<inf> imu: LSM6DS3TR-C  a   0.112   0.074  10.199  g   0.024  -0.060   0.015[0m
[1;32muart:~$ [m[8D[J[00:01:01.295,000] [0m<inf> imu: LSM6DSV16X   a   0.404   0.148  10.525  g  -0.010   0.003  -0.003[0m
[1;32muart:~$ [m[8D[J[00:01:01.295,000] [0m<inf> imu: ICM-42688-P  a   0.376  -0.022   9.938  g  -0.001  -0.005  -0.001[0m
[1;32muart:~$ [m[8D[J[1;32muart:~$ [m[8D[J[00:01:01.346,000] [0m<inf> imu: LSM6DS3TR-C  a   0.127   0.072  10.145  g   0.022  -0.060   0.012[0m
[1;32muart:~$ [m[8D[J[00:01:01.347,000] [0m<inf> imu: LSM6DSV16X   a   0.404   0.150  10.524  g  -0.012   0.002  -0.003[0m
[1;32muart:~$ [m[8D[J[00:01:01.347,000] [0m<inf> imu: ICM-42688-P  a   0.375  -0.026   9.931  g   0.000  -0.005  -0.000[0m
[1;32muart:~$ [m[8D[J[1;32muart:~$ [m[8D[J[00:01:01.398,000] [0m<inf> imu: LSM6DS3TR-C  a   0.154   0.044  10.195  g   0.024  -0.060   0.013[0m
[1;32muart:~$ [m[8D[J[00:01:01.399,000] [0m<inf> imu: LSM6DSV16X   a   0.409   0.139  10.526  g  -0.011   0.002  -0.003[0m
[1;32muart:~$ [m[8D[J[00:01:01.400,000] [0m<inf> imu: ICM-42688-P  a   0.371  -0.035   9.926  g  -0.001  -0.005  -0.001[0m
[1;32muart:~$ [m[8D[J[1;32muart:~$ [m[8D[J[00:01:01.451,000] [0m<inf> imu: LSM6DS3TR-C  a   0.144   0.047  10.231  g   0.024  -0.058   0.015[0m
[1;32muart:~$ [m[8D[J[00:01:01.451,000] [0m<inf> imu: LSM6DSV16X   a   0.405   0.141  10.517  g  -0.011   0.002  -0.002[0m
[1;32muart:~$ [m[8D[J[00:01:01.452,000] [0m<inf> imu: ICM-42688-P  a   0.373  -0.035   9.926  g   0.000  -0.005   0.000[0m
[1;32muart:~$ [m[8D[J[00:01:01.503,000] [0m<inf> imu: LSM6DS3TR-C  a   0.124   0.063  10.168  g   0.026  -0.060   0.014[0m
[1;32muart:~$ [m[8D[J[1;32muart:~$ [m[8D[J[00:01:01.504,000] [0m<inf> imu: LSM6DSV16X   a   0.413   0.144  10.518  g  -0.011   0.003  -0.002[0m
[1;32muart:~$ [m[8D[J[00:01:01.504,000] [0m<inf> imu: ICM-42688-P  a   0.388  -0.043   9.923  g   0.000  -0.005   0.000[0m
[1;32muart:~$ [m[8D[J[1;32muart:~$ [m[8D[J[00:01:01.555,000] [0m<inf> imu: LSM6DS3TR-C  a   0.113   0.062  10.180  g   0.023  -0.061   0.013[0m
[1;32muart:~$ [m[8D[J[00:01:01.556,000] [0m<inf> imu: LSM6DSV16X   a   0.412   0.142  10.512  g  -0.012   0.002  -0.002[0m
[1;32muart:~$ [m[8D[J[00:01:01.556,000] [0m<inf> imu: ICM-42688-P  a   0.387  -0.030   9.938  g  -0.001  -0.005   0.000[0m
[1;32muart:~$ [m[8D[J[1;32muart:~$ [m[8D[J[00:01:01.607,000] [0m<inf> imu: LSM6DS3TR-C  a   0.136   0.038  10.175  g   0.024  -0.060   0.014[0m
[1;32muart:~$ [m[8D[J[00:01:01.608,000] [0m<inf> imu: LSM6DSV16X   a   0.406   0.146  10.519  g  -0.011   0.002  -0.003[0m
[1;32muart:~$ [m[8D[J[00:01:01.609,000] [0m<inf> imu: ICM-42688-P  a   0.393  -0.030   9.936  g  -0.000  -0.005   0.000[0m
[1;32muart:~$ [m[8D[J[1;32muart:~$ [m[8D[J[00:01:01.660,000] [0m<inf> imu: LSM6DS3TR-C  a   0.130   0.048  10.193  g   0.023  -0.060   0.013[0m
[1;32muart:~$ [m[8D[J[00:01:01.660,000] [0m<inf> imu: LSM6DSV16X   a   0.407   0.142  10.521  g  -0.012   0.003  -0.003[0m
[1;32muart:~$ [m[8D[J[00:01:01.661,000] [0m<inf> imu: ICM-42688-P  a   0.388  -0.040   9.925  g   0.000  -0.005   0.000[0m
[1;32muart:~$ [m[8D[J[1;32muart:~$ [m[8D[J[00:01:01.712,000] [0m<inf> imu: LSM6DS3TR-C  a   0.117   0.048  10.202  g   0.025  -0.060   0.016[0m
[1;32muart:~$ [m[8D[J[00:01:01.713,000] [0m<inf> imu: LSM6DSV16X   a   0.404   0.148  10.512  g  -0.011   0.002  -0.002[0m
[1;32muart:~$ [m[8D[J[00:01:01.713,000] [0m<inf> imu: ICM-42688-P  a   0.385  -0.023   9.938  g  -0.001  -0.005  -0.001[0m
[1;32muart:~$ [m[8D[J[1;32muart:~$ [m[8D[J[00:01:01.764,000] [0m<inf> imu: LSM6DS3TR-C  a   0.121   0.029  10.188  g   0.024  -0.060   0.014[0m
[1;32muart:~$ [m[8D[J[00:01:01.765,000] [0m<inf> imu: LSM6DSV16X   a   0.410   0.141  10.525  g  -0.011   0.002  -0.003[0m
[1;32muart:~$ [m[8D[J[1;32muart:~$ [m[8D[J[00:01:01.765,000] [0m<inf> imu: ICM-42688-P  a   0.370  -0.026   9.938  g  -0.001  -0.005  -0.000[0m
[1;32muart:~$ [m[8D[J[00:01:01.817,000] [0m<inf> imu: LSM6DS3TR-C  a   0.131   0.075  10.205  g   0.024  -0.060   0.013[0m
[1;32muart:~$ [m[8D[J[00:01:01.818,000] [0m<inf> imu: LSM6DSV16X   a   0.403   0.150  10.515  g  -0.011   0.002  -0.002[0m
[1;32muart:~$ [m[8D[J[00:01:01.819,000] [0m<inf> imu: ICM-42688-P  a   0.387  -0.036   9.926  g   0.000  -0.005  -0.001[0m
[1;32muart:~$ [m[8D[J[1;32muart:~$ [m[8D[J[00:01:01.870,000] [0m<inf> imu: LSM6DS3TR-C  a   0.111   0.043  10.161  g   0.023  -0.060   0.013[0m
[1;32muart:~$ [m[8D[J[00:01:01.870,000] [0m<inf> imu: LSM6DSV16X   a   0.407   0.142  10.516  g  -0.011   0.003  -0.003[0m
[1;32muart:~$ [m[8D[J[1;32muart:~$ [m[8D[J[00:01:01.871,000] [0m<inf> imu: ICM-42688-P  a   0.384  -0.034   9.941  g   0.000  -0.005  -0.000[0m
[1;32muart:~$ [m[8D[J[00:01:01.923,000] [0m<inf> imu: LSM6DS3TR-C  a   0.138   0.024  10.183  g   0.023  -0.060   0.013[0m
[1;32muart:~$ [m[8D[J[00:01:01.924,000] [0m<inf> imu: LSM6DSV16X   a   0.407   0.146  10.512  g  -0.011   0.002  -0.003[0m
[1;32muart:~$ [m[8D[J[00:01:01.924,000] [0m<inf> imu: ICM-42688-P  a   0.384  -0.030   9.918  g   0.001  -0.005   0.000[0m
[1;32muart:~$ [m[8D[J[1;32muart:~$ [m[8D[J[00:01:01.975,000] [0m<inf> imu: LSM6DS3TR-C  a   0.144   0.101  10.161  g   0.024  -0.061   0.014[0m
[1;32muart:~$ [m[8D[J[00:01:01.976,000] [0m<inf> imu: LSM6DSV16X   a   0.404   0.146  10.517  g  -0.012   0.002  -0.002[0m
[1;32muart:~$ [m[8D[J[1;32muart:~$ [m[8D[J[00:01:01.977,000] [0m<inf> imu: ICM-42688-P  a   0.381  -0.030   9.938  g   0.000  -0.004  -0.001[0m
[1;32muart:~$ [m[8D[J[00:01:02.028,000] [0m<inf> imu: LSM6DS3TR-C  a   0.123   0.071  10.203  g   0.025  -0.061   0.013[0m
[1;32muart:~$ [m[8D[J[00:01:02.030,000] [0m<inf> imu: LSM6DSV16X   a   0.399   0.147  10.524  g  -0.011   0.002  -0.002[0m
[1;32muart:~$ [m[8D[J[00:01:02.031,000] [0m<inf> imu: ICM-42688-P  a   0.384  -0.030   9.932  g   0.000  -0.005   0.000[0m
[1;32muart:~$ [m[8D[J[1;32muart:~$ [m[8D[J[00:01:02.082,000] [0m<inf> imu: LSM6DS3TR-C  a   0.126   0.032  10.217  g   0.024  -0.060   0.013[0m
[1;32muart:~$ [m[8D[J[00:01:02.083,000] [0m<inf> imu: LSM6DSV16X   a   0.404   0.145  10.525  g  -0.012   0.002  -0.003[0m
[1;32muart:~$ [m[8D[J[1;32muart:~$ [m[8D[J[00:01:02.083,000] [0m<inf> imu: ICM-42688-P  a   0.388  -0.038   9.923  g   0.000  -0.005  -0.001[0m
[1;32muart:~$ [m[8D[J[00:01:02.134,000] [0m<inf> imu: LSM6DS3TR-C  a   0.131   0.038  10.190  g   0.024  -0.061   0.014[0m
[1;32muart:~$ [m[8D[J[00:01:02.135,000] [0m<inf> imu: LSM6DSV16X   a   0.400   0.144  10.526  g  -0.012   0.002  -0.003[0m
[1;32muart:~$ [m[8D[J[00:01:02.135,000] [0m<inf> imu: ICM-42688-P  a   0.383  -0.040   9.926  g   0.000  -0.005   0.001[0m
[1;32muart:~$ [m[8D[J[1;32muart:~$ [m[8D[J[00:01:02.186,000] [0m<inf> imu: LSM6DS3TR-C  a   0.125   0.076  10.178  g   0.024  -0.061   0.015[0m
[1;32muart:~$ [m[8D[J[00:01:02.187,000] [0m<inf> imu: LSM6DSV16X   a   0.409   0.134  10.524  g  -0.012   0.002  -0.003[0m
[1;32muart:~$ [m[8D[J[1;32muart:~$ [m[8D[J[00:01:02.187,000] [0m<inf> imu: ICM-42688-P  a   0.382  -0.034   9.931  g   0.000  -0.005  -0.001[0m
[1;32muart:~$ [m[8D[J[00:01:02.239,000] [0m<inf> imu: LSM6DS3TR-C  a   0.155   0.061  10.207  g   0.024  -0.062   0.013[0m
[1;32muart:~$ [m[8D[J[00:01:02.239,000] [0m<inf> imu: LSM6DSV16X   a   0.407   0.136  10.523  g  -0.011   0.003  -0.002[0m
[1;32muart:~$ [m[8D[J[1;32muart:~$ [m[8D[J[00:01:02.239,000] [0m<inf> imu: ICM-42688-P  a   0.382  -0.049   9.940  g  -0.001  -0.005  -0.001[0m
[1;32muart:~$ [m[8D[J[00:01:02.291,000] [0m<inf> imu: LSM6DS3TR-C  a   0.075   0.052  10.203  g   0.025  -0.060   0.015[0m
[1;32muart:~$ [m[8D[J[00:01:02.293,000] [0m<inf> imu: LSM6DSV16X   a   0.409   0.150  10.521  g  -0.012   0.002  -0.003[0m
[1;32muart:~$ [m[8D[J[1;32muart:~$ [m[8D[J[00:01:02.293,000] [0m<inf> imu: ICM-42688-P  a   0.383  -0.034   9.926  g  -0.001  -0.005  -0.000[0m
[1;32muart:~$ [m[8D[J[00:01:02.344,000] [0m<inf> imu: LSM6DS3TR-C  a   0.115   0.065  10.199  g   0.023  -0.062   0.014[0m
[1;32muart:~$ [m[8D[J[00:01:02.345,000] [0m<inf> imu: LSM6DSV16X   a   0.409   0.145  10.524  g  -0.011   0.002  -0.002[0m
[1;32muart:~$ [m[8D[J[1;32muart:~$ [m[8D[J[00:01:02.346,000] [0m<inf> imu: ICM-42688-P  a   0.378  -0.030   9.934  g  -0.000  -0.006  -0.000[0m
[1;32muart:~$ [m[8D[J[00:01:02.397,000] [0m<inf> imu: LSM6DS3TR-C  a   0.100   0.076  10.193  g   0.022  -0.060   0.013[0m
[1;32muart:~$ [m[8D[J[00:01:02.397,000] [0m<inf> imu: LSM6DSV16X   a   0.416   0.148  10.531  g  -0.013   0.002  -0.002[0m
[1;32muart:~$ [m[8D[J[00:01:02.398,000] [0m<inf> imu: ICM-42688-P  a   0.381  -0.037   9.926  g   0.000  -0.006   0.000[0m
[1;32muart:~$ [m[8D[J[1;32muart:~$ [m[8D[J[00:01:02.449,000] [0m<inf> imu: LSM6DS3TR-C  a   0.089   0.066  10.193  g   0.024  -0.062   0.014[0m
[1;32muart:~$ [m[8D[J[00:01:02.450,000] [0m<inf> imu: LSM6DSV16X   a   0.404   0.146  10.529  g  -0.011   0.002  -0.002[0m
[1;32muart:~$ [m[8D[J[1;32muart:~$ [m[8D[J[00:01:02.450,000] [0m<inf> imu: ICM-42688-P  a   0.376  -0.028   9.928  g  -0.001  -0.005   0.001[0m
[1;32muart:~$ [m[8D[J[00:01:02.501,000] [0m<inf> imu: LSM6DS3TR-C  a   0.120   0.056  10.174  g   0.024  -0.060   0.015[0m
[1;32muart:~$ [m[8D[J[00:01:02.502,000] [0m<inf> imu: LSM6DSV16X   a   0.400   0.146  10.516  g  -0.011   0.002  -0.002[0m
[1;32muart:~$ [m[8D[J[1;32muart:~$ [m[8D[J[00:01:02.502,000] [0m<inf> imu: ICM-42688-P  a   0.381  -0.043   9.937  g   0.000  -0.005  -0.001[0m
[1;32muart:~$ [m[8D[J[00:01:02.553,000] [0m<inf> imu: LSM6DS3TR-C  a   0.104   0.044  10.163  g   0.022  -0.059   0.015[0m
[1;32muart:~$ [m[8D[J[00:01:02.554,000] [0m<inf> imu: LSM6DSV16X   a   0.407   0.141  10.526  g  -0.012   0.002  -0.003[0m
[1;32muart:~$ [m[8D[J[1;32muart:~$ [m[8D[J[00:01:02.555,000] [0m<inf> imu: ICM-42688-P  a   0.379  -0.023   9.919  g   0.000  -0.004  -0.001[0m
[1;32muart:~$ [m[8D[J[00:01:02.606,000] [0m<inf> imu: LSM6DS3TR-C  a   0.122   0.060  10.199  g   0.023  -0.059   0.015[0m
[1;32muart:~$ [m[8D[J[1;32muart:~$ [m[8D[J[00:01:02.606,000] [0m<inf> imu: LSM6DSV16X   a   0.401   0.144  10.525  g  -0.011   0.001  -0.003[0m
[1;32muart:~$ [m[8D[J[00:01:02.607,000] [0m<inf> imu: ICM-42688-P  a   0.389  -0.035   9.922  g   0.000  -0.005  -0.001[0m
[1;32muart:~$ [m[8D[J[00:01:02.659,000] [0m<inf> imu: LSM6DS3TR-C  a   0.122   0.041  10.197  g   0.023  -0.060   0.013[0m
[1;32muart:~$ [m[8D[J[00:01:02.660,000] [0m<inf> imu: LSM6DSV16X   a   0.407   0.142  10.528  g  -0.012   0.002  -0.003[0m
[1;32muart:~$ [m[8D[J[1;32muart:~$ [m[8D[J[00:01:02.660,000] [0m<inf> imu: ICM-42688-P  a   0.385  -0.040   9.923  g   0.000  -0.005   0.001[0m
[1;32muart:~$ [m[8D[J[00:01:02.711,000] [0m<inf> imu: LSM6DS3TR-C  a   0.111   0.052  10.196  g   0.024  -0.061   0.012[0m
[1;32muart:~$ [m[8D[J[1;32muart:~$ [m[8D[J[00:01:02.712,000] [0m<inf> imu: LSM6DSV16X   a   0.409   0.141  10.523  g  -0.012   0.002  -0.002[0m
[1;32muart:~$ [m[8D[J[00:01:02.713,000] [0m<inf> imu: ICM-42688-P  a   0.382  -0.038   9.926  g   0.000  -0.005  -0.000[0m
[1;32muart:~$ [m[8D[J[00:01:02.764,000] [0m<inf> imu: LSM6DS3TR-C  a   0.104   0.049  10.201  g   0.023  -0.060   0.015[0m
[1;32muart:~$ [m[8D[J[00:01:02.765,000] [0m<inf> imu: LSM6DSV16X   a   0.404   0.144  10.518  g  -0.011   0.002  -0.003[0m
[1;32muart:~$ [m[8D[J[1;32muart:~$ [m[8D[J[00:01:02.766,000] [0m<inf> imu: ICM-42688-P  a   0.379  -0.036   9.932  g   0.000  -0.005  -0.000[0m
[1;32muart:~$ [m[8D[J[00:01:02.817,000] [0m<inf> imu: LSM6DS3TR-C  a   0.142   0.052  10.198  g   0.022  -0.060   0.013[0m
[1;32muart:~$ [m[8D[J[1;32muart:~$ [m[8D[J[00:01:02.818,000] [0m<inf> imu: LSM6DSV16X   a   0.410   0.137  10.512  g  -0.011   0.002  -0.002[0m
[1;32muart:~$ [m[8D[J[00:01:02.818,000] [0m<inf> imu: ICM-42688-P  a   0.397  -0.028   9.935  g   0.000  -0.004  -0.000[0m
[1;32muart:~$ [m[8D[J[00:01:02.870,000] [0m<inf> imu: LSM6DS3TR-C  a   0.134   0.049  10.194  g   0.025  -0.061   0.014[0m
[1;32muart:~$ [m[8D[J[00:01:02.872,000] [0m<inf> imu: LSM6DSV16X   a   0.404   0.146  10.519  g  -0.011   0.002  -0.003[0m
[1;32muart:~$ [m[8D[J[1;32muart:~$ [m[8D[J[00:01:02.872,000] [0m<inf> imu: ICM-42688-P  a   0.379  -0.041   9.922  g  -0.001  -0.005  -0.001[0m
[1;32muart:~$ [m[8D[J[00:01:02.923,000] [0m<inf> imu: LSM6DS3TR-C  a   0.133   0.078  10.171  g   0.024  -0.060   0.013[0m
[1;32muart:~$ [m[8D[J[1;32muart:~$ [m[8D[J[00:01:02.924,000] [0m<inf> imu: LSM6DSV16X   a   0.407   0.144  10.523  g  -0.011   0.002  -0.002[0m
[1;32muart:~$ [m[8D[J[00:01:02.925,000] [0m<inf> imu: ICM-42688-P  a   0.385  -0.038   9.938  g   0.000  -0.005   0.000[0m
[1;32muart:~$ [m[8D[J[00:01:02.976,000] [0m<inf> imu: LSM6DS3TR-C  a   0.132   0.047  10.216  g   0.022  -0.060   0.013[0m
[1;32muart:~$ [m[8D[J[1;32muart:~$ [m[8D[J[00:01:02.978,000] [0m<inf> imu: LSM6DSV16X   a   0.404   0.148  10.514  g  -0.011   0.002  -0.003[0m
[1;32muart:~$ [m[8D[J[00:01:02.978,000] [0m<inf> imu: ICM-42688-P  a   0.378  -0.030   9.926  g   0.001  -0.005  -0.000[0m
[1;32muart:~$ [m[8D[J[00:01:03.029,000] [0m<inf> imu: LSM6DS3TR-C  a   0.135   0.049  10.185  g   0.025  -0.061   0.014[0m
[1;32muart:~$ [m[8D[J[1;32muart:~$ [m[8D[J[00:01:03.030,000] [0m<inf> imu: LSM6DSV16X   a   0.410   0.145  10.516  g  -0.012   0.003  -0.002[0m
[1;32muart:~$ [m[8D[J[00:01:03.031,000] [0m<inf> imu: ICM-42688-P  a   0.379  -0.034   9.941  g   0.000  -0.005  -0.001[0m
[1;32muart:~$ [m[8D[J[00:01:03.082,000] [0m<inf> imu: LSM6DS3TR-C  a   0.114   0.048  10.157  g   0.025  -0.060   0.013[0m
[1;32muart:~$ [m[8D[J[1;32muart:~$ [m[8D[J[00:01:03.082,000] [0m<inf> imu: LSM6DSV16X   a   0.406   0.139  10.523  g  -0.012   0.002  -0.002[0m
[1;32muart:~$ [m[8D[J[00:01:03.083,000] [0m<inf> imu: ICM-42688-P  a   0.385  -0.026   9.926  g  -0.001  -0.005   0.000[0m
[1;32muart:~$ [m[8D[J[00:01:03.134,000] [0m<inf> imu: LSM6DS3TR-C  a   0.135   0.060  10.192  g   0.023  -0.061   0.012[0m
[1;32muart:~$ [m[8D[J[1;32muart:~$ [m[8D[J[00:01:03.135,000] [0m<inf> imu: LSM6DSV16X   a   0.407   0.148  10.519  g  -0.013   0.002  -0.002[0m
[1;32muart:~$ [m[8D[J[00:01:03.135,000] [0m<inf> imu: ICM-42688-P  a   0.376  -0.041   9.934  g  -0.000  -0.005   0.000[0m
[1;32muart:~$ [m[8D[J[00:01:03.186,000] [0m<inf> imu: LSM6DS3TR-C  a   0.115   0.043  10.188  g   0.022  -0.061   0.012[0m
[1;32muart:~$ [m[8D[J[1;32muart:~$ [m[8D[J[00:01:03.187,000] [0m<inf> imu: LSM6DSV16X   a   0.409   0.143  10.522  g  -0.012   0.002  -0.003[0m
[1;32muart:~$ [m[8D[J[00:01:03.187,000] [0m<inf> imu: ICM-42688-P  a   0.383  -0.036   9.932  g  -0.000  -0.005  -0.001[0m
[1;32muart:~$ [m[8D[J[00:01:03.239,000] [0m<inf> imu: LSM6DS3TR-C  a   0.120   0.070  10.205  g   0.024  -0.060   0.013[0m
[1;32muart:~$ [m[8D[J[1;32muart:~$ [m[8D[J[00:01:03.240,000] [0m<inf> imu: LSM6DSV16X   a   0.416   0.137  10.526  g  -0.011   0.002  -0.003[0m
[1;32muart:~$ [m[8D[J[00:01:03.241,000] [0m<inf> imu: ICM-42688-P  a   0.379  -0.041   9.931  g  -0.001  -0.005  -0.000[0m
[1;32muart:~$ [m[8D[J[00:01:03.292,000] [0m<inf> imu: LSM6DS3TR-C  a   0.109   0.033  10.209  g   0.025  -0.060   0.016[0m
[1;32muart:~$ [m[8D[J[1;32muart:~$ [m[8D[J[00:01:03.293,000] [0m<inf> imu: LSM6DSV16X   a   0.410   0.144  10.518  g  -0.011   0.002  -0.002[0m
[1;32muart:~$ [m[8D[J[00:01:03.293,000] [0m<inf> imu: ICM-42688-P  a   0.395  -0.030   9.928  g   0.001  -0.004   0.000[0m
[1;32muart:~$ [m[8D[J[1;32muart:~$ [m[8D[J[00:01:03.344,000] [0m<inf> imu: LSM6DS3TR-C  a   0.124   0.048  10.205  g   0.024  -0.059   0.016[0m
[1;32muart:~$ [m[8D[J[00:01:03.345,000] [0m<inf> imu: LSM6DSV16X   a   0.409   0.150  10.519  g  -0.012   0.002  -0.003[0m
[1;32muart:~$ [m[8D[J[00:01:03.346,000] [0m<inf> imu: ICM-42688-P  a   0.379  -0.029   9.932  g   0.000  -0.004   0.000[0m
[1;32muart:~$ [m[8D[J[00:01:03.397,000] [0m<inf> imu: LSM6DS3TR-C  a   0.132   0.038  10.186  g   0.023  -0.060   0.014[0m
[1;32muart:~$ [m[8D[J[1;32muart:~$ [m[8D[J[00:01:03.397,000] [0m<inf> imu: LSM6DSV16X   a   0.409   0.139  10.516  g  -0.012   0.002  -0.003[0m
[1;32muart:~$ [m[8D[J[00:01:03.398,000] [0m<inf> imu: ICM-42688-P  a   0.382  -0.036   9.923  g  -0.001  -0.005  -0.001[0m
[1;32muart:~$ [m[8D[J[00:01:03.449,000] [0m<inf> imu: LSM6DS3TR-C  a   0.108   0.063  10.180  g   0.023  -0.061   0.014[0m
[1;32muart:~$ [m[8D[J[1;32muart:~$ [m[8D[J[00:01:03.450,000] [0m<inf> imu: LSM6DSV16X   a   0.410   0.139  10.529  g  -0.012   0.002  -0.002[0m
[1;32muart:~$ [m[8D[J[00:01:03.450,000] [0m<inf> imu: ICM-42688-P  a   0.379  -0.035   9.936  g   0.000  -0.005  -0.000[0m
[1;32muart:~$ [m[8D[J[00:01:03.502,000] [0m<inf> imu: LSM6DS3TR-C  a   0.120   0.074  10.225  g   0.025  -0.060   0.015[0m
[1;32muart:~$ [m[8D[J[1;32muart:~$ [m[8D[J[00:01:03.503,000] [0m<inf> imu: LSM6DSV16X   a   0.413   0.146  10.516  g  -0.012   0.002  -0.002[0m
[1;32muart:~$ [m[8D[J[00:01:03.504,000] [0m<inf> imu: ICM-42688-P  a   0.381  -0.035   9.938  g   0.000  -0.005   0.000[0m
[1;32muart:~$ [m[8D[J[1;32muart:~$ [m[8D[J[00:01:03.555,000] [0m<inf> imu: LSM6DS3TR-C  a   0.123   0.028  10.204  g   0.023  -0.060   0.015[0m
[1;32muart:~$ [m[8D[J[00:01:03.556,000] [0m<inf> imu: LSM6DSV16X   a   0.409   0.146  10.514  g  -0.011   0.002  -0.002[0m
[1;32muart:~$ [m[8D[J[00:01:03.556,000] [0m<inf> imu: ICM-42688-P  a   0.382  -0.037   9.931  g  -0.001  -0.005   0.000[0m
[1;32muart:~$ [m[8D[J[00:01:03.607,000] [0m<inf> imu: LSM6DS3TR-C  a   0.130   0.056  10.220  g   0.024  -0.058   0.013[0m
[1;32muart:~$ [m[8D[J[1;32muart:~$ [m[8D[J[00:01:03.609,000] [0m<inf> imu: LSM6DSV16X   a   0.411   0.143  10.524  g  -0.011   0.002  -0.003[0m
[1;32muart:~$ [m[8D[J[00:01:03.610,000] [0m<inf> imu: ICM-42688-P  a   0.382  -0.038   9.928  g   0.000  -0.004   0.001[0m
[1;32muart:~$ [m[8D[J[1;32muart:~$ [m[8D[J[00:01:03.661,000] [0m<inf> imu: LSM6DS3TR-C  a   0.148   0.073  10.199  g   0.024  -0.059   0.016[0m
[1;32muart:~$ [m[8D[J[00:01:03.662,000] [0m<inf> imu: LSM6DSV16X   a   0.406   0.148  10.521  g  -0.010   0.002  -0.003[0m
[1;32muart:~$ [m[8D[J[00:01:03.662,000] [0m<inf> imu: ICM-42688-P  a   0.383  -0.030   9.937  g   0.000  -0.005   0.000[0m
[1;32muart:~$ [m[8D[J[1;32muart:~$ [m[8D[J[00:01:03.714,000] [0m<inf> imu: LSM6DS3TR-C  a   0.142   0.054  10.228  g   0.022  -0.060   0.016[0m
[1;32muart:~$ [m[8D[J[00:01:03.715,000] [0m<inf> imu: LSM6DSV16X   a   0.405   0.146  10.516  g  -0.011   0.002  -0.003[0m
[1;32muart:~$ [m[8D[J[00:01:03.716,000] [0m<inf> imu: ICM-42688-P  a   0.377  -0.036   9.947  g  -0.001  -0.005  -0.001[0m
[1;32muart:~$ [m[8D[J[1;32muart:~$ [m[8D[J[00:01:03.767,000] [0m<inf> imu: LSM6DS3TR-C  a   0.117   0.051  10.221  g   0.023  -0.060   0.015[0m
[1;32muart:~$ [m[8D[J[00:01:03.768,000] [0m<inf> imu: LSM6DSV16X   a   0.407   0.146  10.519  g  -0.012   0.003  -0.003[0m
[1;32muart:~$ [m[8D[J[00:01:03.768,000] [0m<inf> imu: ICM-42688-P  a   0.379  -0.040   9.936  g  -0.000  -0.005   0.000[0m
[1;32muart:~$ [m[8D[J[1;32muart:~$ [m[8D[J[00:01:03.819,000] [0m<inf> imu: LSM6DS3TR-C  a   0.127   0.083  10.206  g   0.025  -0.058   0.015[0m
[1;32muart:~$ [m[8D[J[00:01:03.820,000] [0m<inf> imu: LSM6DSV16X   a   0.409   0.141  10.517  g  -0.012   0.003  -0.003[0m
[1;32muart:~$ [m[8D[J[00:01:03.820,000] [0m<inf> imu: ICM-42688-P  a   0.379  -0.035   9.931  g   0.000  -0.005   0.000[0m
[1;32muart:~$ [m[8D[J[1;32muart:~$ [m[8D[J[00:01:03.871,000] [0m<inf> imu: LSM6DS3TR-C  a   0.132   0.066  10.208  g   0.023  -0.060   0.014[0m
[1;32muart:~$ [m[8D[J[00:01:03.872,000] [0m<inf> imu: LSM6DSV16X   a   0.404   0.151  10.519  g  -0.010   0.002  -0.002[0m
[1;32muart:~$ [m[8D[J[00:01:03.873,000] [0m<inf> imu: ICM-42688-P  a   0.376  -0.029   9.938  g  -0.001  -0.005   0.000[0m
[1;32muart:~$ [m[8D[J[1;32muart:~$ [m[8D[J[00:01:03.924,000] [0m<inf> imu: LSM6DS3TR-C  a   0.118   0.031  10.193  g   0.024  -0.060   0.013[0m
[1;32muart:~$ [m[8D[J[00:01:03.924,000] [0m<inf> imu: LSM6DSV16X   a   0.405   0.146  10.524  g  -0.011   0.002  -0.003[0m
[1;32muart:~$ [m[8D[J[00:01:03.925,000] [0m<inf> imu: ICM-42688-P  a   0.384  -0.037   9.930  g  -0.001  -0.004  -0.001[0m
[1;32muart:~$ [m[8D[J[1;32muart:~$ [m[8D[J[00:01:03.976,000] [0m<inf> imu: LSM6DS3TR-C  a   0.130   0.039  10.156  g   0.024  -0.060   0.015[0m
[1;32muart:~$ [m[8D[J[00:01:03.977,000] [0m<inf> imu: LSM6DSV16X   a   0.412   0.139  10.516  g  -0.011   0.002  -0.003[0m
[1;32muart:~$ [m[8D[J[00:01:03.977,000] [0m<inf> imu: ICM-42688-P  a   0.384  -0.026   9.934  g   0.001  -0.005  -0.001[0m
[1;32muart:~$ [m[8D[J[1;32muart:~$ [m[8D[J[00:01:04.028,000] [0m<inf> imu: LSM6DS3TR-C  a   0.093   0.055  10.213  g   0.024  -0.060   0.015[0m
[1;32muart:~$ [m[8D[J[00:01:04.029,000] [0m<inf> imu: LSM6DSV16X   a   0.410   0.146  10.528  g  -0.012   0.003  -0.002[0m
[1;32muart:~$ [m[8D[J[00:01:04.029,000] [0m<inf> imu: ICM-42688-P  a   0.368  -0.035   9.935  g   0.000  -0.005   0.000[0m
[1;32muart:~$ [m[8D[J[1;32muart:~$ [m[8D[J[00:01:04.080,000] [0m<inf> imu: LSM6DS3TR-C  a   0.144   0.071  10.182  g   0.025  -0.061   0.014[0m
[1;32muart:~$ [m[8D[J[00:01:04.081,000] [0m<inf> imu: LSM6DSV16X   a   0.407   0.146  10.516  g  -0.011   0.002  -0.002[0m
[1;32muart:~$ [m[8D[J[00:01:04.082,000] [0m<inf> imu: ICM-42688-P  a   0.382  -0.035   9.923  g   0.000  -0.005  -0.001[0m
[1;32muart:~$ [m[8D[J[1;32muart:~$ [m[8D[J[00:01:04.133,000] [0m<inf> imu: LSM6DS3TR-C  a   0.093   0.060  10.175  g   0.025  -0.061   0.013[0m
[1;32muart:~$ [m[8D[J[00:01:04.133,000] [0m<inf> imu: LSM6DSV16X   a   0.401   0.139  10.519  g  -0.012   0.002  -0.002[0m
[1;32muart:~$ [m[8D[J[1;32muart:~$ [m[8D[J[00:01:04.134,000] [0m<inf> imu: ICM-42688-P  a   0.389  -0.043   9.919  g   0.000  -0.004   0.000[0m
[1;32muart:~$ [m[8D[J[00:01:04.185,000] [0m<inf> imu: LSM6DS3TR-C  a   0.139   0.055  10.196  g   0.024  -0.061   0.014[0m
[1;32muart:~$ [m[8D[J[00:01:04.186,000] [0m<inf> imu: LSM6DSV16X   a   0.409   0.141  10.534  g  -0.012   0.002  -0.002[0m
[1;32muart:~$ [m[8D[J[00:01:04.186,000] [0m<inf> imu: ICM-42688-P  a   0.379  -0.034   9.926  g  -0.001  -0.005  -0.000[0m
[1;32muart:~$ [m[8D[J[1;32muart:~$ [m[8D[J[00:01:04.238,000] [0m<inf> imu: LSM6DS3TR-C  a   0.135   0.045  10.204  g   0.025  -0.059   0.014[0m
[1;32muart:~$ [m[8D[J[00:01:04.239,000] [0m<inf> imu: LSM6DSV16X   a   0.412   0.144  10.527  g  -0.012   0.002  -0.002[0m
[1;32muart:~$ [m[8D[J[1;32muart:~$ [m[8D[J[00:01:04.240,000] [0m<inf> imu: ICM-42688-P  a   0.376  -0.037   9.919  g   0.001  -0.005   0.000[0m
[1;32muart:~$ [m[8D[J[00:01:04.292,000] [0m<inf> imu: LSM6DS3TR-C  a   0.127   0.070  10.211  g   0.024  -0.060   0.016[0m
[1;32muart:~$ [m[8D[J[00:01:04.293,000] [0m<inf> imu: LSM6DSV16X   a   0.404   0.144  10.524  g  -0.011   0.002  -0.002[0m
[1;32muart:~$ [m[8D[J[00:01:04.294,000] [0m<inf> imu: ICM-42688-P  a   0.393  -0.036   9.936  g   0.001  -0.004  -0.001[0m
[1;32muart:~$ [m[8D[J[1;32muart:~$ [m[8D[J[00:01:04.345,000] [0m<inf> imu: LSM6DS3TR-C  a   0.108   0.050  10.194  g   0.024  -0.061   0.015[0m
[1;32muart:~$ [m[8D[J[00:01:04.345,000] [0m<inf> imu: LSM6DSV16X   a   0.407   0.139  10.529  g  -0.011   0.002  -0.002[0m
[1;32muart:~$ [m[8D[J[00:01:04.346,000] [0m<inf> imu: ICM-42688-P  a   0.383  -0.031   9.942  g  -0.001  -0.005   0.000[0m
[1;32muart:~$ [m[8D[J[1;32muart:~$ [m[8D[J[00:01:04.397,000] [0m<inf> imu: LSM6DS3TR-C  a   0.118   0.049  10.205  g   0.024  -0.060   0.016[0m
[1;32muart:~$ [m[8D[J[00:01:04.398,000] [0m<inf> imu: LSM6DSV16X   a   0.409   0.148  10.521  g  -0.012   0.003  -0.002[0m
[1;32muart:~$ [m[8D[J[00:01:04.398,000] [0m<inf> imu: ICM-42688-P  a   0.379  -0.034   9.923  g  -0.000  -0.005   0.000[0m
[1;32muart:~$ [m[8D[J[1;32muart:~$ [m[8D[J[00:01:04.450,000] [0m<inf> imu: LSM6DS3TR-C  a   0.134   0.050  10.202  g   0.023  -0.060   0.014[0m
[1;32muart:~$ [m[8D[J[00:01:04.451,000] [0m<inf> imu: LSM6DSV16X   a   0.405   0.141  10.526  g  -0.011   0.002  -0.002[0m
[1;32muart:~$ [m[8D[J[1;32muart:~$ [m[8D[J[00:01:04.452,000] [0m<inf> imu: ICM-42688-P  a   0.382  -0.038   9.940  g   0.000  -0.005   0.001[0m
[1;32muart:~$ [m[8D[J[00:01:04.503,000] [0m<inf> imu: LSM6DS3TR-C  a   0.099   0.034  10.186  g   0.022  -0.061   0.014[0m
[1;32muart:~$ [m[8D[J[00:01:04.504,000] [0m<inf> imu: LSM6DSV16X   a   0.407   0.141  10.516  g  -0.011   0.002  -0.003[0m
[1;32muart:~$ [m[8D[J[00:01:04.504,000] [0m<inf> imu: ICM-42688-P  a   0.378  -0.036   9.929  g  -0.000  -0.004   0.000[0m
[1;32muart:~$ [m[8D[J[1;32muart:~$ [m[8D[J[00:01:04.555,000] [0m<inf> imu: LSM6DS3TR-C  a   0.114   0.039  10.175  g   0.024  -0.061   0.014[0m
[1;32muart:~$ [m[8D[J[00:01:04.556,000] [0m<inf> imu: LSM6DSV16X   a   0.400   0.153  10.515  g  -0.010   0.001  -0.002[0m
[1;32muart:~$ [m[8D[J[1;32muart:~$ [m[8D[J[00:01:04.556,000] [0m<inf> imu: ICM-42688-P  a   0.377  -0.029   9.930  g  -0.001  -0.005   0.000[0m
[1;32muart:~$ [m[8D[J[00:01:04.607,000] [0m<inf> imu: LSM6DS3TR-C  a   0.109   0.059  10.180  g   0.024  -0.061   0.013[0m
[1;32muart:~$ [m[8D[J[00:01:04.608,000] [0m<inf> imu: LSM6DSV16X   a   0.409   0.143  10.528  g  -0.012   0.002  -0.003[0m
[1;32muart:~$ [m[8D[J[1;32muart:~$ [m[8D[J[00:01:04.609,000] [0m<inf> imu: ICM-42688-P  a   0.375  -0.030   9.936  g   0.000  -0.005  -0.000[0m
[1;32muart:~$ [m[8D[J[00:01:04.660,000] [0m<inf> imu: LSM6DS3TR-C  a   0.169   0.063  10.199  g   0.026  -0.060   0.014[0m
[1;32muart:~$ [m[8D[J[00:01:04.660,000] [0m<inf> imu: LSM6DSV16X   a   0.409   0.141  10.516  g  -0.011   0.002  -0.003[0m
[1;32muart:~$ [m[8D[J[1;32muart:~$ [m[8D[J[00:01:04.661,000] [0m<inf> imu: ICM-42688-P  a   0.391  -0.031   9.919  g  -0.001  -0.004  -0.000[0m
[1;32muart:~$ [m[8D[J[00:01:04.712,000] [0m<inf> imu: LSM6DS3TR-C  a   0.111   0.054  10.188  g   0.024  -0.061   0.013[0m
[1;32muart:~$ [m[8D[J[00:01:04.713,000] [0m<inf> imu: LSM6DSV16X   a   0.412   0.145  10.529  g  -0.012   0.002  -0.003[0m
[1;32muart:~$ [m[8D[J[1;32muart:~$ [m[8D[J[00:01:04.713,000] [0m<inf> imu: ICM-42688-P  a   0.383  -0.040   9.936  g  -0.000  -0.006  -0.000[0m
[1;32muart:~$ [m[8D[J[00:01:04.764,000] [0m<inf> imu: LSM6DS3TR-C  a   0.095   0.064  10.173  g   0.024  -0.060   0.014[0m
[1;32muart:~$ [m[8D[J[00:01:04.765,000] [0m<inf> imu: LSM6DSV16X   a   0.407   0.144  10.515  g  -0.012   0.002  -0.003[0m
[1;32muart:~$ [m[8D[J[1;32muart:~$ [m[8D[J[00:01:04.765,000] [0m<inf> imu: ICM-42688-P  a   0.378  -0.034   9.914  g   0.000  -0.005  -0.000[0m
[1;32muart:~$ [m[8D[J[00:01:04.816,000] [0m<inf> imu: LSM6DS3TR-C  a   0.099   0.055  10.191  g   0.023  -0.060   0.014[0m
[1;32muart:~$ [m[8D[J[00:01:04.817,000] [0m<inf> imu: LSM6DSV16X   a   0.413   0.144  10.519  g  -0.011   0.001  -0.002[0m
[1;32muart:~$ [m[8D[J[1;32muart:~$ [m[8D[J[1;31m[1;31m--- 1 messages dropped ---
[0m[m[00:01:04.818,000] [0m<inf> imu: ICM-42688-P  a   0.385  -0.037   9.944  g   0.000  -0.005   0.000[0m
[1;32muart:~$ [m[8D[J[00:01:04.869,000] [0m<inf> imu: LSM6DSV16X   a   0.407   0.141  10.516  g  -0.011   0.003  -0.003[0m
[1;32muart:~$ [m[8D[J[1;32muart:~$ [m[8D[J[1;31m[1;31m--- 1 messages dropped ---
[0m[m[00:01:04.870,000] [0m<inf> imu: ICM-42688-P  a   0.381  -0.035   9.930  g   0.000  -0.005   0.000[0m
[1;32muart:~$ [m[8D[J[00:01:04.921,000] [0m<inf> imu: LSM6DS3TR-C  a   0.094   0.074  10.180  g   0.024  -0.060   0.014[0m
[1;32muart:~$ [m[8D[J[00:01:04.922,000] [0m<inf> imu: ICM-42688-P  a   0.389  -0.030   9.926  g   0.001  -0.004  -0.000[0m
[1;32muart:~$ [m[8D[J[1;32muart:~$ [m[8D[J[1;31m[1;31m--- 2 messages dropped ---
[0m[m[00:01:04.973,000] [0m<inf> imu: LSM6DS3TR-C  a   0.142   0.056  10.196  g   0.024  -0.062   0.013[0m
[1;32muart:~$ [m[8D[J[00:01:05.025,000] [0m<inf> imu: LSM6DS3TR-C  a   0.123   0.046  10.169  g   0.024  -0.061   0.013[0m
[1;32muart:~$ [m[8D[J[1;32muart:~$ [m[8D[J[1;31m[1;31m--- 1 messages dropped ---
[0m[m[00:01:05.026,000] [0m<inf> imu: LSM6DSV16X   a   0.407   0.153  10.507  g  -0.012   0.002  -0.002[0m
[1;32muart:~$ [m[8D[J[00:01:05.027,000] [0m<inf> imu: ICM-42688-P  a   0.389  -0.029   9.916  g   0.000  -0.006   0.000[0m
[1;32muart:~$ [m[8D[J[00:01:05.080,000] [0m<inf> imu: LSM6DSV16X   a   0.400   0.145  10.515  g  -0.011   0.002  -0.003[0m
[1;32muart:~$ [m[8D[J[1;32muart:~$ [m[8D[J[1;31m[1;31m--- 2 messages dropped ---
[0m[m[00:01:05.080,000] [0m<inf> imu: ICM-42688-P  a   0.384  -0.030   9.928  g   0.000  -0.005   0.000[0m
[1;32muart:~$ [m[8D[J[00:01:05.133,000] [0m<inf> imu: ICM-42688-P  a   0.379  -0.035   9.940  g   0.000  -0.005  -0.000[0m
[1;32muart:~$ [m[8D[J[1;32muart:~$ [m[8D[J[1;31m[1;31m--- 1 messages dropped ---
[0m[m[00:01:05.185,000] [0m<inf> imu: LSM6DS3TR-C  a   0.108   0.037  10.214  g   0.024  -0.062   0.014[0m
[1;32muart:~$ [m[8D[J[00:01:05.186,000] [0m<inf> imu: LSM6DSV16X   a   0.412   0.144  10.516  g  -0.011   0.002  -0.002[0m
[1;32muart:~$ [m[8D[J[00:01:05.238,000] [0m<inf> imu: LSM6DS3TR-C  a   0.111   0.056  10.193  g   0.024  -0.059   0.014[0m
[1;32muart:~$ [m[8D[J[1;32muart:~$ [m[8D[J[1;31m[1;31m--- 2 messages dropped ---
[0m[m[00:01:05.239,000] [0m<inf> imu: LSM6DSV16X   a   0.401   0.144  10.523  g  -0.012   0.002  -0.002[0m
[1;32muart:~$ [m[8D[J[00:01:05.291,000] [0m<inf> imu: LSM6DSV16X   a   0.407   0.146  10.516  g  -0.012   0.002  -0.003[0m
[1;32muart:~$ [m[8D[J[1;32muart:~$ [m[8D[J[1;31m[1;31m--- 1 messages dropped ---
[0m[m[00:01:05.292,000] [0m<inf> imu: ICM-42688-P  a   0.378  -0.035   9.924  g  -0.000  -0.005  -0.001[0m
[1;32muart:~$ [m[8D[J[00:01:05.343,000] [0m<inf> imu: LSM6DS3TR-C  a   0.128   0.042  10.186  g   0.023  -0.061   0.013[0m
[1;32muart:~$ [m[8D[J[00:01:05.344,000] [0m<inf> imu: ICM-42688-P  a   0.384  -0.034   9.918  g  -0.001  -0.004   0.000[0m
[1;32muart:~$ [m[8D[J[1;32muart:~$ [m[8D[J[1;31m[1;31m--- 2 messages dropped ---
[0m[m[00:01:05.396,000] [0m<inf> imu: LSM6DS3TR-C  a   0.123   0.045  10.168  g   0.024  -0.060   0.015[0m
[1;32muart:~$ [m[8D[J[00:01:05.449,000] [0m<inf> imu: LSM6DS3TR-C  a   0.095   0.023  10.162  g   0.023  -0.061   0.014[0m
[1;32muart:~$ [m[8D[J[1;32muart:~$ [m[8D[J[1;31m[1;31m--- 1 messages dropped ---
[0m[m[00:01:05.450,000] [0m<inf> imu: LSM6DSV16X   a   0.409   0.139  10.524  g  -0.012   0.002  -0.003[0m
[1;32muart:~$ [m[8D[J[00:01:05.451,000] [0m<inf> imu: ICM-42688-P  a   0.379  -0.035   9.923  g   0.000  -0.005  -0.001[0m
[1;32muart:~$ [m[8D[J[00:01:05.502,000] [0m<inf> imu: LSM6DSV16X   a   0.404   0.153  10.514  g  -0.011   0.003  -0.002[0m
[1;32muart:~$ [m[8D[J[1;32muart:~$ [m[8D[J[1;31m[1;31m--- 2 messages dropped ---
[0m[m[00:01:05.503,000] [0m<inf> imu: ICM-42688-P  a   0.379  -0.035   9.929  g   0.000  -0.005   0.001[0m
[1;32muart:~$ [m[8D[J[00:01:05.555,000] [0m<inf> imu: ICM-42688-P  a   0.379  -0.031   9.910  g   0.000  -0.005  -0.001[0m
[1;32muart:~$ [m[8D[J[00:01:05.606,000] [0m<inf> imu: LSM6DS3TR-C  a   0.147   0.068  10.188  g   0.023  -0.060   0.015[0m
[1;32muart:~$ [m[8D[J[00:01:05.607,000] [0m<inf> imu: LSM6DSV16X   a   0.409   0.146  10.517  g  -0.011   0.002  -0.002[0m
[1;32muart:~$ [m[8D[J[1;32muart:~$ [m[8D[J[00:01:05.607,000] [0m<inf> imu: ICM-42688-P  a   0.393  -0.036   9.934  g   0.000  -0.005   0.000[0m
[1;32muart:~$ [m[8D[J[00:01:05.658,000] [0m<inf> imu: LSM6DS3TR-C  a   0.132   0.022  10.196  g   0.023  -0.061   0.014[0m
[1;32muart:~$ [m[8D[J[1;32muart:~$ [m[8D[J[1;31m[1;31m--- 1 messages dropped ---
[0m[m[00:01:05.659,000] [0m<inf> imu: LSM6DSV16X   a   0.405   0.148  10.524  g  -0.012   0.002  -0.003[0m
[1;32muart:~$ [m[8D[J[00:01:05.711,000] [0m<inf> imu: LSM6DS3TR-C  a   0.136   0.031  10.187  g   0.025  -0.059   0.016[0m
[1;32muart:~$ [m[8D[J[1;32muart:~$ [m[8D[J[00:01:05.711,000] [0m<inf> imu: LSM6DSV16X   a   0.399   0.144  10.521  g  -0.012   0.002  -0.003[0m
[1;32muart:~$ [m[8D[J[00:01:05.712,000] [0m<inf> imu: ICM-42688-P  a   0.383  -0.042   9.940  g  -0.001  -0.005  -0.000[0m
[1;32muart:~$ [m[8D[J[00:01:05.763,000] [0m<inf> imu: LSM6DS3TR-C  a   0.130   0.063  10.167  g   0.024  -0.060   0.016[0m
[1;32muart:~$ [m[8D[J[1;32muart:~$ [m[8D[J[00:01:05.764,000] [0m<inf> imu: LSM6DSV16X   a   0.409   0.146  10.519  g  -0.011   0.003  -0.003[0m
[1;32muart:~$ [m[8D[J[00:01:05.764,000] [0m<inf> imu: ICM-42688-P  a   0.384  -0.029   9.931  g   0.000  -0.005   0.000[0m
[1;32muart:~$ [m[8D[J[00:01:05.815,000] [0m<inf> imu: LSM6DS3TR-C  a   0.131   0.080  10.208  g   0.024  -0.060   0.014[0m
[1;32muart:~$ [m[8D[J[1;32muart:~$ [m[8D[J[00:01:05.816,000] [0m<inf> imu: LSM6DSV16X   a   0.403   0.146  10.522  g  -0.012   0.002  -0.003[0m
[1;32muart:~$ [m[8D[J[00:01:05.816,000] [0m<inf> imu: ICM-42688-P  a   0.383  -0.024   9.932  g   0.001  -0.005   0.000[0m
[1;32muart:~$ [m[8D[J[1;32muart:~$ [m[8D[J[00:01:05.867,000] [0m<inf> imu: LSM6DS3TR-C  a   0.091   0.065  10.159  g   0.024  -0.059   0.016[0m
[1;32muart:~$ [m[8D[J[00:01:05.868,000] [0m<inf> imu: LSM6DSV16X   a   0.404   0.146  10.530  g  -0.012   0.002  -0.002[0m
[1;32muart:~$ [m[8D[J[00:01:05.869,000] [0m<inf> imu: ICM-42688-P  a   0.379  -0.038   9.934  g  -0.000  -0.004   0.000[0m
[1;32muart:~$ [m[8D[J[00:01:05.920,000] [0m<inf> imu: LSM6DS3TR-C  a   0.123   0.063  10.176  g   0.024  -0.059   0.012[0m
[1;32muart:~$ [m[8D[J[1;32muart:~$ [m[8D[J[00:01:05.920,000] [0m<inf> imu: LSM6DSV16X   a   0.409   0.142  10.525  g  -0.012   0.001  -0.002[0m
[1;32muart:~$ [m[8D[J[00:01:05.921,000] [0m<inf> imu: ICM-42688-P  a   0.379  -0.029   9.919  g   0.001  -0.005   0.000[0m
[1;32muart:~$ [m[8D[J[1;32muart:~$ [m[8D[J[00:01:05.972,000] [0m<inf> imu: LSM6DS3TR-C  a   0.111   0.041  10.213  g   0.024  -0.059   0.015[0m
[1;32muart:~$ [m[8D[J[00:01:05.973,000] [0m<inf> imu: LSM6DSV16X   a   0.406   0.144  10.513  g  -0.011   0.002  -0.002[0m
[1;32muart:~$ [m[8D[J[00:01:05.973,000] [0m<inf> imu: ICM-42688-P  a   0.391  -0.023   9.916  g   0.000  -0.005   0.000[0m
[1;32muart:~$ [m[8D[J[00:01:06.024,000] [0m<inf> imu: LSM6DS3TR-C  a   0.110   0.078  10.210  g   0.025  -0.060   0.014[0m
[1;32muart:~$ [m[8D[J[1;32muart:~$ [m[8D[J[00:01:06.025,000] [0m<inf> imu: LSM6DSV16X   a   0.409   0.144  10.509  g  -0.012   0.002  -0.002[0m
[1;32muart:~$ [m[8D[J[00:01:06.026,000] [0m<inf> imu: ICM-42688-P  a   0.375  -0.030   9.940  g   0.001  -0.005   0.000[0m
[1;32muart:~$ [m[8D[J[1;32muart:~$ [m[8D[J[00:01:06.077,000] [0m<inf> imu: LSM6DS3TR-C  a   0.095   0.036  10.175  g   0.023  -0.061   0.013[0m
[1;32muart:~$ [m[8D[J[00:01:06.077,000] [0m<inf> imu: LSM6DSV16X   a   0.407   0.147  10.519  g  -0.011   0.002  -0.003[0m
[1;32muart:~$ [m[8D[J[00:01:06.078,000] [0m<inf> imu: ICM-42688-P  a   0.382  -0.035   9.918  g   0.000  -0.005   0.000[0m
[1;32muart:~$ [m[8D[J[00:01:06.129,000] [0m<inf> imu: LSM6DS3TR-C  a   0.138   0.048  10.213  g   0.023  -0.062   0.015[0m
[1;32muart:~$ [m[8D[J[1;32muart:~$ [m[8D[J[00:01:06.130,000] [0m<inf> imu: LSM6DSV16X   a   0.404   0.143  10.513  g  -0.011   0.002  -0.002[0m
[1;32muart:~$ [m[8D[J[00:01:06.130,000] [0m<inf> imu: ICM-42688-P  a   0.391  -0.032   9.931  g   0.001  -0.005   0.000[0m
[1;32muart:~$ [m[8D[J[1;32muart:~$ [m[8D[J[00:01:06.181,000] [0m<inf> imu: LSM6DS3TR-C  a   0.100   0.068  10.158  g   0.024  -0.061   0.013[0m
[1;32muart:~$ [m[8D[J[00:01:06.182,000] [0m<inf> imu: LSM6DSV16X   a   0.407   0.144  10.524  g  -0.012   0.002  -0.002[0m
[1;32muart:~$ [m[8D[J[00:01:06.183,000] [0m<inf> imu: ICM-42688-P  a   0.384  -0.025   9.925  g   0.000  -0.005   0.000[0m
[1;32muart:~$ [m[8D[J[00:01:06.234,000] [0m<inf> imu: LSM6DS3TR-C  a   0.132   0.063  10.193  g   0.024  -0.062   0.013[0m
[1;32muart:~$ [m[8D[J[1;32muart:~$ [m[8D[J[00:01:06.234,000] [0m<inf> imu: LSM6DSV16X   a   0.406   0.145  10.517  g  -0.011   0.002  -0.002[0m
[1;32muart:~$ [m[8D[J[00:01:06.235,000] [0m<inf> imu: ICM-42688-P  a   0.382  -0.035   9.930  g   0.001  -0.005   0.000[0m
[1;32muart:~$ [m[8D[J[1;32muart:~$ [m[8D[J[00:01:06.286,000] [0m<inf> imu: LSM6DS3TR-C  a   0.100   0.034  10.207  g   0.025  -0.062   0.012[0m
[1;32muart:~$ [m[8D[J[00:01:06.287,000] [0m<inf> imu: LSM6DSV16X   a   0.406   0.144  10.517  g  -0.011   0.002  -0.002[0m
[1;32muart:~$ [m[8D[J[00:01:06.288,000] [0m<inf> imu: ICM-42688-P  a   0.379  -0.034   9.929  g   0.000  -0.005   0.001[0m
[1;32muart:~$ [m[8D[J[1;32muart:~$ [m[8D[J[00:01:06.340,000] [0m<inf> imu: LSM6DS3TR-C  a   0.132   0.098  10.209  g   0.024  -0.061   0.014[0m
[1;32muart:~$ [m[8D[J[00:01:06.341,000] [0m<inf> imu: LSM6DSV16X   a   0.407   0.144  10.528  g  -0.012   0.002  -0.002[0m
[1;32muart:~$ [m[8D[J[00:01:06.341,000] [0m<inf> imu: ICM-42688-P  a   0.385  -0.030   9.931  g  -0.000  -0.005  -0.001[0m
[1;32muart:~$ [m[8D[J[1;32muart:~$ [m[8D[J[00:01:06.392,000] [0m<inf> imu: LSM6DS3TR-C  a   0.170   0.075  10.202  g   0.021  -0.060   0.015[0m
[1;32muart:~$ [m[8D[J[00:01:06.393,000] [0m<inf> imu: LSM6DSV16X   a   0.409   0.136  10.519  g  -0.011   0.002  -0.003[0m
[1;32muart:~$ [m[8D[J[00:01:06.394,000] [0m<inf> imu: ICM-42688-P  a   0.385  -0.036   9.935  g   0.000  -0.004   0.000[0m
[1;32muart:~$ [m[8D[J[1;32muart:~$ [m[8D[J[00:01:06.445,000] [0m<inf> imu: LSM6DS3TR-C  a   0.144   0.051  10.204  g   0.024  -0.059   0.014[0m
[1;32muart:~$ [m[8D[J[00:01:06.445,000] [0m<inf> imu: LSM6DSV16X   a   0.409   0.145  10.514  g  -0.011   0.002  -0.002[0m
[1;32muart:~$ [m[8D[J[00:01:06.446,000] [0m<inf> imu: ICM-42688-P  a   0.379  -0.035   9.931  g   0.001  -0.005  -0.000[0m
[1;32muart:~$ [m[8D[J[1;32muart:~$ [m[8D[J[00:01:06.497,000] [0m<inf> imu: LSM6DS3TR-C  a   0.118   0.059  10.218  g   0.026  -0.062   0.013[0m
[1;32muart:~$ [m[8D[J[00:01:06.498,000] [0m<inf> imu: LSM6DSV16X   a   0.400   0.150  10.518  g  -0.011   0.002  -0.002[0m
[1;32muart:~$ [m[8D[J[00:01:06.498,000] [0m<inf> imu: ICM-42688-P  a   0.375  -0.028   9.934  g  -0.000  -0.005   0.001[0m
[1;32muart:~$ [m[8D[J[00:01:06.549,000] [0m<inf> imu: LSM6DS3TR-C  a   0.099   0.076  10.181  g   0.023  -0.060   0.014[0m
[1;32muart:~$ [m[8D[J[00:01:06.550,000] [0m<inf> imu: LSM6DSV16X   a   0.404   0.138  10.527  g  -0.013   0.003  -0.002[0m
[1;32muart:~$ [m[8D[J[1;32muart:~$ [m[8D[J[00:01:06.550,000] [0m<inf> imu: ICM-42688-P  a   0.371  -0.032   9.919  g  -0.000  -0.005  -0.000[0m
[1;32muart:~$ [m[8D[J[00:01:06.602,000] [0m<inf> imu: LSM6DS3TR-C  a   0.120   0.078  10.209  g   0.023  -0.060   0.013[0m
[1;32muart:~$ [m[8D[J[1;32muart:~$ [m[8D[J[00:01:06.603,000] [0m<inf> imu: LSM6DSV16X   a   0.412   0.149  10.516  g  -0.011   0.002  -0.002[0m
[1;32muart:~$ [m[8D[J[00:01:06.604,000] [0m<inf> imu: ICM-42688-P  a   0.377  -0.032   9.935  g  -0.001  -0.004   0.000[0m
[1;32muart:~$ [m[8D[J[1;32muart:~$ [m[8D[J[00:01:06.655,000] [0m<inf> imu: LSM6DS3TR-C  a   0.136   0.068  10.196  g   0.024  -0.061   0.015[0m
[1;32muart:~$ [m[8D[J[00:01:06.656,000] [0m<inf> imu: LSM6DSV16X   a   0.410   0.145  10.526  g  -0.012   0.002  -0.002[0m
[1;32muart:~$ [m[8D[J[00:01:06.656,000] [0m<inf> imu: ICM-42688-P  a   0.368  -0.031   9.931  g   0.000  -0.005   0.001[0m
[1;32muart:~$ [m[8D[J[1;32muart:~$ [m[8D[J[00:01:06.708,000] [0m<inf> imu: LSM6DS3TR-C  a   0.083   0.048  10.175  g   0.024  -0.062   0.014[0m
[1;32muart:~$ [m[8D[J[00:01:06.709,000] [0m<inf> imu: LSM6DSV16X   a   0.409   0.151  10.524  g  -0.011   0.002  -0.002[0m
[1;32muart:~$ [m[8D[J[00:01:06.710,000] [0m<inf> imu: ICM-42688-P  a   0.384  -0.037   9.932  g  -0.000  -0.005  -0.000[0m
[1;32muart:~$ [m[8D[J[1;32muart:~$ [m[8D[J[00:01:06.761,000] [0m<inf> imu: LSM6DS3TR-C  a   0.121   0.048  10.201  g   0.024  -0.062   0.015[0m
[1;32muart:~$ [m[8D[J[00:01:06.761,000] [0m<inf> imu: LSM6DSV16X   a   0.413   0.145  10.514  g  -0.011   0.002  -0.002[0m
[1;32muart:~$ [m[8D[J[00:01:06.762,000] [0m<inf> imu: ICM-42688-P  a   0.381  -0.045   9.936  g   0.000  -0.005  -0.001[0m
[1;32muart:~$ [m[8D[J[1;32muart:~$ [m[8D[J[00:01:06.813,000] [0m<inf> imu: LSM6DS3TR-C  a   0.111   0.041  10.190  g   0.023  -0.062   0.013[0m
[1;32muart:~$ [m[8D[J[00:01:06.815,000] [0m<inf> imu: LSM6DSV16X   a   0.412   0.144  10.516  g  -0.010   0.002  -0.002[0m
[1;32muart:~$ [m[8D[J[00:01:06.815,000] [0m<inf> imu: ICM-42688-P  a   0.383  -0.028   9.931  g   0.000  -0.005   0.000[0m
[1;32muart:~$ [m[8D[J[1;32muart:~$ [m[8D[J[00:01:06.866,000] [0m<inf> imu: LSM6DS3TR-C  a   0.118   0.075  10.193  g   0.025  -0.061   0.014[0m
[1;32muart:~$ [m[8D[J[00:01:06.867,000] [0m<inf> imu: LSM6DSV16X   a   0.407   0.141  10.519  g  -0.011   0.002  -0.003[0m
[1;32muart:~$ [m[8D[J[00:01:06.868,000] [0m<inf> imu: ICM-42688-P  a   0.383  -0.036   9.926  g  -0.000  -0.006   0.000[0m
[1;32muart:~$ [m[8D[J[1;32muart:~$ [m[8D[J[00:01:06.919,000] [0m<inf> imu: LSM6DS3TR-C  a   0.135   0.028  10.195  g   0.022  -0.060   0.015[0m
[1;32muart:~$ [m[8D[J[00:01:06.920,000] [0m<inf> imu: LSM6DSV16X   a   0.404   0.148  10.519  g  -0.012   0.002  -0.002[0m
[1;32muart:~$ [m[8D[J[1;32muart:~$ [m[8D[J[00:01:06.921,000] [0m<inf> imu: ICM-42688-P  a   0.373  -0.035   9.931  g   0.000  -0.005   0.000[0m
[1;32muart:~$ [m[8D[J[00:01:06.972,000] [0m<inf> imu: LSM6DS3TR-C  a   0.107   0.054  10.208  g   0.022  -0.061   0.013[0m
[1;32muart:~$ [m[8D[J[00:01:06.973,000] [0m<inf> imu: LSM6DSV16X   a   0.402   0.139  10.523  g  -0.011   0.002  -0.003[0m
[1;32muart:~$ [m[8D[J[00:01:06.974,000] [0m<inf> imu: ICM-42688-P  a   0.384  -0.037   9.918  g   0.000  -0.004  -0.001[0m
[1;32muart:~$ [m[8D[J[1;32muart:~$ [m[8D[J[00:01:07.025,000] [0m<inf> imu: LSM6DS3TR-C  a   0.117   0.068  10.155  g   0.025  -0.062   0.013[0m
[1;32muart:~$ [m[8D[J[00:01:07.025,000] [0m<inf> imu: LSM6DSV16X   a   0.402   0.153  10.516  g  -0.011   0.001  -0.002[0m
[1;32muart:~$ [m[8D[J[1;32muart:~$ [m[8D[J[00:01:07.026,000] [0m<inf> imu: ICM-42688-P  a   0.379  -0.028   9.925  g   0.001  -0.005   0.000[0m
[1;32muart:~$ [m[8D[J[00:01:07.077,000] [0m<inf> imu: LSM6DS3TR-C  a   0.138   0.067  10.190  g   0.024  -0.061   0.015[0m
[1;32muart:~$ [m[8D[J[00:01:07.078,000] [0m<inf> imu: LSM6DSV16X   a   0.401   0.146  10.512  g  -0.012   0.002  -0.002[0m
[1;32muart:~$ [m[8D[J[00:01:07.078,000] [0m<inf> imu: ICM-42688-P  a   0.384  -0.049   9.932  g  -0.001  -0.005  -0.001[0m
[1;32muart:~$ [m[8D[J[1;32muart:~$ [m[8D[J[00:01:07.129,000] [0m<inf> imu: LSM6DS3TR-C  a   0.100   0.023  10.167  g   0.023  -0.061   0.014[0m
[1;32muart:~$ [m[8D[J[00:01:07.130,000] [0m<inf> imu: LSM6DSV16X   a   0.410   0.146  10.523  g  -0.012   0.002  -0.003[0m
[1;32muart:~$ [m[8D[J[1;32muart:~$ [m[8D[J[00:01:07.130,000] [0m<inf> imu: ICM-42688-P  a   0.382  -0.032   9.930  g   0.000  -0.005   0.000[0m
[1;32muart:~$ [m[8D[J[00:01:07.181,000] [0m<inf> imu: LSM6DS3TR-C  a   0.122   0.057  10.189  g   0.022  -0.059   0.015[0m
[1;32muart:~$ [m[8D[J[00:01:07.182,000] [0m<inf> imu: LSM6DSV16X   a   0.407   0.150  10.512  g  -0.011   0.002  -0.003[0m
[1;32muart:~$ [m[8D[J[00:01:07.182,000] [0m<inf> imu: ICM-42688-P  a   0.376  -0.042   9.931  g  -0.001  -0.005   0.000[0m
[1;32muart:~$ [m[8D[J[1;32muart:~$ [m[8D[J[00:01:07.234,000] [0m<inf> imu: LSM6DS3TR-C  a   0.115   0.041  10.193  g   0.024  -0.062   0.015[0m
[1;32muart:~$ [m[8D[J[00:01:07.235,000] [0m<inf> imu: LSM6DSV16X   a   0.407   0.141  10.528  g  -0.012   0.002  -0.002[0m
[1;32muart:~$ [m[8D[J[1;32muart:~$ [m[8D[J[00:01:07.236,000] [0m<inf> imu: ICM-42688-P  a   0.400  -0.035   9.922  g   0.000  -0.005  -0.001[0m
[1;32muart:~$ [m[8D[J[00:01:07.288,000] [0m<inf> imu: LSM6DS3TR-C  a   0.083   0.041  10.195  g   0.023  -0.060   0.013[0m
[1;32muart:~$ [m[8D[J[00:01:07.289,000] [0m<inf> imu: LSM6DSV16X   a   0.403   0.143  10.514  g  -0.011   0.003  -0.002[0m
[1;32muart:~$ [m[8D[J[1;32muart:~$ [m[8D[J[00:01:07.290,000] [0m<inf> imu: ICM-42688-P  a   0.388  -0.035   9.937  g   0.000  -0.006   0.000[0m
[1;32muart:~$ [m[8D[J[00:01:07.341,000] [0m<inf> imu: LSM6DS3TR-C  a   0.131   0.056  10.209  g   0.026  -0.061   0.013[0m
[1;32muart:~$ [m[8D[J[00:01:07.342,000] [0m<inf> imu: LSM6DSV16X   a   0.409   0.151  10.524  g  -0.012   0.002  -0.003[0m
[1;32muart:~$ [m[8D[J[1;32muart:~$ [m[8D[J[00:01:07.342,000] [0m<inf> imu: ICM-42688-P  a   0.382  -0.026   9.934  g  -0.001  -0.005  -0.000[0m
[1;32muart:~$ [m[8D[J[00:01:07.393,000] [0m<inf> imu: LSM6DS3TR-C  a   0.098   0.048  10.188  g   0.024  -0.058   0.016[0m
[1;32muart:~$ [m[8D[J[00:01:07.394,000] [0m<inf> imu: LSM6DSV16X   a   0.405   0.144  10.507  g  -0.011   0.002  -0.002[0m
[1;32muart:~$ [m[8D[J[1;32muart:~$ [m[8D[J[00:01:07.394,000] [0m<inf> imu: ICM-42688-P  a   0.378  -0.026   9.931  g  -0.001  -0.004  -0.000[0m
[1;32muart:~$ [m[8D[J[00:01:07.445,000] [0m<inf> imu: LSM6DS3TR-C  a   0.136   0.075  10.185  g   0.024  -0.061   0.016[0m
[1;32muart:~$ [m[8D[J[00:01:07.446,000] [0m<inf> imu: LSM6DSV16X   a   0.405   0.143  10.516  g  -0.011   0.003  -0.002[0m
[1;32muart:~$ [m[8D[J[1;32muart:~$ [m[8D[J[00:01:07.447,000] [0m<inf> imu: ICM-42688-P  a   0.391  -0.029   9.920  g  -0.000  -0.005   0.000[0m
[1;32muart:~$ [m[8D[J[00:01:07.498,000] [0m<inf> imu: LSM6DS3TR-C  a   0.106   0.054  10.208  g   0.024  -0.060   0.014[0m
[1;32muart:~$ [m[8D[J[00:01:07.498,000] [0m<inf> imu: LSM6DSV16X   a   0.409   0.148  10.522  g  -0.011   0.003  -0.003[0m
[1;32muart:~$ [m[8D[J[1;32muart:~$ [m[8D[J[00:01:07.499,000] [0m<inf> imu: ICM-42688-P  a   0.379  -0.026   9.923  g   0.000  -0.005  -0.001[0m
[1;32muart:~$ [m[8D[J[00:01:07.550,000] [0m<inf> imu: LSM6DS3TR-C  a   0.135   0.059  10.192  g   0.023  -0.063   0.014[0m
[1;32muart:~$ [m[8D[J[00:01:07.551,000] [0m<inf> imu: LSM6DSV16X   a   0.409   0.139  10.514  g  -0.011   0.002  -0.002[0m
[1;32muart:~$ [m[8D[J[00:01:07.551,000] [0m<inf> imu: ICM-42688-P  a   0.387  -0.042   9.943  g   0.000  -0.005   0.000[0m
[1;32muart:~$ [m[8D[J[00:01:07.602,000] [0m<inf> imu: LSM6DS3TR-C  a   0.121   0.035  10.215  g   0.026  -0.061   0.016[0m
[1;32muart:~$ [m[8D[J[1;32muart:~$ [m[8D[J[00:01:07.603,000] [0m<inf> imu: LSM6DSV16X   a   0.402   0.136  10.524  g  -0.011   0.001  -0.003[0m
[1;32muart:~$ [m[8D[J[00:01:07.603,000] [0m<inf> imu: ICM-42688-P  a   0.384  -0.028   9.935  g   0.000  -0.004   0.000[0m
[1;32muart:~$ [m[8D[J[1;32muart:~$ [m[8D[J[00:01:07.654,000] [0m<inf> imu: LSM6DS3TR-C  a   0.111   0.065  10.170  g   0.025  -0.061   0.016[0m
[1;32muart:~$ [m[8D[J[00:01:07.655,000] [0m<inf> imu: LSM6DSV16X   a   0.409   0.151  10.504  g  -0.012   0.002  -0.003[0m
[1;32muart:~$ [m[8D[J[1;32muart:~$ [m[8D[J[00:01:07.656,000] [0m<inf> imu: ICM-42688-P  a   0.379  -0.028   9.930  g  -0.001  -0.005   0.000[0m
[1;32muart:~$ [m[8D[J[00:01:07.707,000] [0m<inf> imu: LSM6DS3TR-C  a   0.169   0.058  10.206  g   0.024  -0.060   0.014[0m
[1;32muart:~$ [m[8D[J[1;32muart:~$ [m[8D[J[00:01:07.708,000] [0m<inf> imu: LSM6DSV16X   a   0.404   0.147  10.515  g  -0.012   0.001  -0.002[0m
[1;32muart:~$ [m[8D[J[00:01:07.709,000] [0m<inf> imu: ICM-42688-P  a   0.384  -0.034   9.934  g  -0.001  -0.005   0.000[0m
[1;32muart:~$ [m[8D[J[00:01:07.760,000] [0m<inf> imu: LSM6DS3TR-C  a   0.104   0.045  10.180  g   0.026  -0.060   0.014[0m
[1;32muart:~$ [m[8D[J[00:01:07.761,000] [0m<inf> imu: LSM6DSV16X   a   0.407   0.144  10.518  g  -0.011   0.002  -0.002[0m
[1;32muart:~$ [m[8D[J[1;32muart:~$ [m[8D[J[00:01:07.761,000] [0m<inf> imu: ICM-42688-P  a   0.379  -0.038   9.916  g   0.000  -0.005  -0.001[0m
[1;32muart:~$ [m[8D[J[00:01:07.813,000] [0m<inf> imu: LSM6DS3TR-C  a   0.123   0.037  10.210  g   0.024  -0.060   0.013[0m
[1;32muart:~$ [m[8D[J[1;32muart:~$ [m[8D[J[00:01:07.814,000] [0m<inf> imu: LSM6DSV16X   a   0.410   0.144  10.519  g  -0.012   0.002  -0.002[0m
[1;32muart:~$ [m[8D[J[00:01:07.815,000] [0m<inf> imu: ICM-42688-P  a   0.389  -0.036   9.932  g  -0.001  -0.005   0.000[0m
[1;32muart:~$ [m[8D[J[00:01:07.866,000] [0m<inf> imu: LSM6DS3TR-C  a   0.133   0.052  10.187  g   0.025  -0.060   0.015[0m
[1;32muart:~$ [m[8D[J[00:01:07.867,000] [0m<inf> imu: LSM6DSV16X   a   0.404   0.148  10.511  g  -0.012   0.003  -0.002[0m
[1;32muart:~$ [m[8D[J[1;32muart:~$ [m[8D[J[00:01:07.867,000] [0m<inf> imu: ICM-42688-P  a   0.371  -0.032   9.928  g   0.000  -0.005  -0.000[0m
[1;32muart:~$ [m[8D[J[00:01:07.919,000] [0m<inf> imu: LSM6DS3TR-C  a   0.133   0.065  10.201  g   0.024  -0.059   0.014[0m
[1;32muart:~$ [m[8D[J[1;32muart:~$ [m[8D[J[00:01:07.921,000] [0m<inf> imu: LSM6DSV16X   a   0.407   0.146  10.526  g  -0.011   0.002  -0.002[0m
[1;32muart:~$ [m[8D[J[00:01:07.921,000] [0m<inf> imu: ICM-42688-P  a   0.382  -0.030   9.934  g   0.000  -0.004  -0.000[0m
[1;32muart:~$ [m[8D[J[00:01:07.972,000] [0m<inf> imu: LSM6DS3TR-C  a   0.106   0.044  10.207  g   0.025  -0.060   0.015[0m
[1;32muart:~$ [m[8D[J[00:01:07.973,000] [0m<inf> imu: LSM6DSV16X   a   0.404   0.150  10.524  g  -0.011   0.002  -0.003[0m
[1;32muart:~$ [m[8D[J[1;32muart:~$ [m[8D[J[00:01:07.974,000] [0m<inf> imu: ICM-42688-P  a   0.375  -0.031   9.930  g   0.000  -0.005   0.000[0m
[1;32muart:~$ [m[8D[J[00:01:08.025,000] [0m<inf> imu: LSM6DS3TR-C  a   0.144   0.080  10.184  g   0.024  -0.061   0.014[0m
[1;32muart:~$ [m[8D[J[1;32muart:~$ [m[8D[J[00:01:08.025,000] [0m<inf> imu: LSM6DSV16X   a   0.404   0.144  10.533  g  -0.010   0.002  -0.003[0m
[1;32muart:~$ [m[8D[J[00:01:08.026,000] [0m<inf> imu: ICM-42688-P  a   0.383  -0.040   9.932  g   0.000  -0.005   0.000[0m
[1;32muart:~$ [m[8D[J[00:01:08.077,000] [0m<inf> imu: LSM6DS3TR-C  a   0.121   0.053  10.184  g   0.023  -0.061   0.013[0m
[1;32muart:~$ [m[8D[J[00:01:08.078,000] [0m<inf> imu: LSM6DSV16X   a   0.407   0.146  10.519  g  -0.012   0.002  -0.003[0m
[1;32muart:~$ [m[8D[J[1;32muart:~$ [m[8D[J[00:01:08.078,000] [0m<inf> imu: ICM-42688-P  a   0.388  -0.037   9.928  g  -0.000  -0.005  -0.001[0m
[1;32muart:~$ [m[8D[J[00:01:08.129,000] [0m<inf> imu: LSM6DS3TR-C  a   0.129   0.033  10.152  g   0.024  -0.059   0.015[0m
[1;32muart:~$ [m[8D[J[1;32muart:~$ [m[8D[J[00:01:08.130,000] [0m<inf> imu: LSM6DSV16X   a   0.409   0.149  10.526  g  -0.010   0.002  -0.002[0m
[1;32muart:~$ [m[8D[J[00:01:08.130,000] [0m<inf> imu: ICM-42688-P  a   0.384  -0.041   9.930  g  -0.001  -0.005  -0.001[0m
[1;32muart:~$ [m[8D[J[00:01:08.181,000] [0m<inf> imu: LSM6DS3TR-C  a   0.111   0.047  10.181  g   0.023  -0.062   0.013[0m
[1;32muart:~$ [m[8D[J[1;32muart:~$ [m[8D[J[00:01:08.182,000] [0m<inf> imu: LSM6DSV16X   a   0.404   0.144  10.528  g  -0.012   0.003  -0.002[0m
[1;32muart:~$ [m[8D[J[00:01:08.183,000] [0m<inf> imu: ICM-42688-P  a   0.379  -0.030   9.928  g  -0.000  -0.006  -0.000[0m
[1;32muart:~$ [m[8D[J[00:01:08.234,000] [0m<inf> imu: LSM6DS3TR-C  a   0.091   0.065  10.211  g   0.024  -0.060   0.015[0m
[1;32muart:~$ [m[8D[J[1;32muart:~$ [m[8D[J[00:01:08.234,000] [0m<inf> imu: LSM6DSV16X   a   0.411   0.147  10.514  g  -0.011   0.003  -0.003[0m
[1;32muart:~$ [m[8D[J[00:01:08.235,000] [0m<inf> imu: ICM-42688-P  a   0.393  -0.030   9.930  g   0.000  -0.005   0.000[0m
[1;32muart:~$ [m[8D[J[00:01:08.286,000] [0m<inf> imu: LSM6DS3TR-C  a   0.104   0.018  10.200  g   0.022  -0.060   0.013[0m
[1;32muart:~$ [m[8D[J[1;32muart:~$ [m[8D[J[00:01:08.287,000] [0m<inf> imu: LSM6DSV16X   a   0.407   0.148  10.516  g  -0.011   0.002  -0.002[0m
[1;32muart:~$ [m[8D[J[00:01:08.288,000] [0m<inf> imu: ICM-42688-P  a   0.393  -0.043   9.931  g  -0.001  -0.005  -0.000[0m
[1;32muart:~$ [m[8D[J[00:01:08.340,000] [0m<inf> imu: LSM6DS3TR-C  a   0.135   0.063  10.216  g   0.024  -0.059   0.014[0m
[1;32muart:~$ [m[8D[J[1;32muart:~$ [m[8D[J[00:01:08.341,000] [0m<inf> imu: LSM6DSV16X   a   0.404   0.146  10.529  g  -0.011   0.002  -0.002[0m
[1;32muart:~$ [m[8D[J[00:01:08.342,000] [0m<inf> imu: ICM-42688-P  a   0.379  -0.036   9.937  g   0.000  -0.003   0.000[0m
[1;32muart:~$ [m[8D[J[00:01:08.393,000] [0m<inf> imu: LSM6DS3TR-C  a   0.134   0.031  10.190  g   0.025  -0.062   0.014[0m
[1;32muart:~$ [m[8D[J[1;32muart:~$ [m[8D[J[00:01:08.393,000] [0m<inf> imu: LSM6DSV16X   a   0.410   0.145  10.521  g  -0.011   0.002  -0.002[0m
[1;32muart:~$ [m[8D[J[00:01:08.394,000] [0m<inf> imu: ICM-42688-P  a   0.389  -0.035   9.926  g   0.000  -0.006  -0.000[0m
[1;32muart:~$ [m[8D[J[00:01:08.445,000] [0m<inf> imu: LSM6DS3TR-C  a   0.105   0.075  10.180  g   0.025  -0.061   0.014[0m
[1;32muart:~$ [m[8D[J[1;32muart:~$ [m[8D[J[00:01:08.446,000] [0m<inf> imu: LSM6DSV16X   a   0.406   0.139  10.516  g  -0.011   0.002  -0.002[0m
[1;32muart:~$ [m[8D[J[00:01:08.446,000] [0m<inf> imu: ICM-42688-P  a   0.379  -0.034   9.926  g   0.000  -0.005  -0.001[0m
[1;32muart:~$ [m[8D[J[00:01:08.498,000] [0m<inf> imu: LSM6DS3TR-C  a   0.162   0.095  10.150  g   0.023  -0.060   0.016[0m
[1;32muart:~$ [m[8D[J[00:01:08.499,000] [0m<inf> imu: LSM6DSV16X   a   0.412   0.139  10.516  g  -0.012   0.002  -0.003[0m
[1;32muart:~$ [m[8D[J[1;32muart:~$ [m[8D[J[00:01:08.500,000] [0m<inf> imu: ICM-42688-P  a   0.384  -0.035   9.929  g   0.000  -0.004  -0.000[0m
[1;32muart:~$ [m[8D[J[00:01:08.551,000] [0m<inf> imu: LSM6DS3TR-C  a   0.147   0.073  10.231  g   0.025  -0.060   0.013[0m
[1;32muart:~$ [m[8D[J[00:01:08.552,000] [0m<inf> imu: LSM6DSV16X   a   0.403   0.146  10.514  g  -0.012   0.002  -0.002[0m
[1;32muart:~$ [m[8D[J[1;32muart:~$ [m[8D[J[00:01:08.552,000] [0m<inf> imu: ICM-42688-P  a   0.382  -0.048   9.934  g   0.000  -0.005  -0.000[0m
[1;32muart:~$ [m[8D[J[00:01:08.604,000] [0m<inf> imu: LSM6DS3TR-C  a   0.136   0.055  10.183  g   0.022  -0.060   0.013[0m
[1;32muart:~$ [m[8D[J[1;32muart:~$ [m[8D[J[00:01:08.605,000] [0m<inf> imu: LSM6DSV16X   a   0.404   0.154  10.521  g  -0.011   0.002  -0.002[0m
[1;32muart:~$ [m[8D[J[00:01:08.606,000] [0m<inf> imu: ICM-42688-P  a   0.379  -0.036   9.920  g   0.000  -0.005   0.000[0m
[1;32muart:~$ [m[8D[J[00:01:08.657,000] [0m<inf> imu: LSM6DS3TR-C  a   0.098   0.078  10.199  g   0.026  -0.061   0.014[0m
[1;32muart:~$ [m[8D[J[1;32muart:~$ [m[8D[J[00:01:08.658,000] [0m<inf> imu: LSM6DSV16X   a   0.407   0.147  10.524  g  -0.011   0.002  -0.003[0m
[1;32muart:~$ [m[8D[J[00:01:08.658,000] [0m<inf> imu: ICM-42688-P  a   0.376  -0.044   9.928  g  -0.001  -0.005   0.000[0m
[1;32muart:~$ [m[8D[J[00:01:08.710,000] [0m<inf> imu: LSM6DS3TR-C  a   0.104   0.055  10.194  g   0.024  -0.059   0.015[0m
[1;32muart:~$ [m[8D[J[1;32muart:~$ [m[8D[J[00:01:08.711,000] [0m<inf> imu: LSM6DSV16X   a   0.404   0.144  10.521  g  -0.012   0.002  -0.002[0m
[1;32muart:~$ [m[8D[J[00:01:08.712,000] [0m<inf> imu: ICM-42688-P  a   0.378  -0.041   9.931  g   0.000  -0.005  -0.000[0m
[1;32muart:~$ [m[8D[J[00:01:08.763,000] [0m<inf> imu: LSM6DS3TR-C  a   0.127   0.038  10.208  g   0.023  -0.062   0.011[0m
[1;32muart:~$ [m[8D[J[1;32muart:~$ [m[8D[J[00:01:08.764,000] [0m<inf> imu: LSM6DSV16X   a   0.412   0.146  10.533  g  -0.011   0.001  -0.002[0m
[1;32muart:~$ [m[8D[J[00:01:08.764,000] [0m<inf> imu: ICM-42688-P  a   0.377  -0.041   9.931  g  -0.001  -0.005  -0.000[0m
[1;32muart:~$ [m[8D[J[1;32muart:~$ [m[8D[J[00:01:08.816,000] [0m<inf> imu: LSM6DS3TR-C  a   0.111   0.053  10.209  g   0.024  -0.058   0.015[0m
[1;32muart:~$ [m[8D[J[00:01:08.817,000] [0m<inf> imu: LSM6DSV16X   a   0.404   0.143  10.516  g  -0.011   0.002  -0.002[0m
[1;32muart:~$ [m[8D[J[00:01:08.818,000] [0m<inf> imu: ICM-42688-P  a   0.383  -0.043   9.936  g   0.001  -0.005  -0.000[0m
[1;32muart:~$ [m[8D[J[00:01:08.869,000] [0m<inf> imu: LSM6DS3TR-C  a   0.121   0.057  10.216  g   0.024  -0.060   0.013[0m
[1;32muart:~$ [m[8D[J[1;32muart:~$ [m[8D[J[00:01:08.870,000] [0m<inf> imu: LSM6DSV16X   a   0.406   0.144  10.522  g  -0.012   0.002  -0.002[0m
[1;32muart:~$ [m[8D[J[00:01:08.870,000] [0m<inf> imu: ICM-42688-P  a   0.383  -0.035   9.944  g   0.000  -0.006   0.000[0m
[1;32muart:~$ [m[8D[J[1;32muart:~$ [m[8D[J[00:01:08.921,000] [0m<inf> imu: LSM6DS3TR-C  a   0.135   0.041  10.155  g   0.024  -0.058   0.016[0m
[1;32muart:~$ [m[8D[J[00:01:08.922,000] [0m<inf> imu: LSM6DSV16X   a   0.403   0.138  10.509  g  -0.011   0.002  -0.003[0m
[1;32muart:~$ [m[8D[J[00:01:08.922,000] [0m<inf> imu: ICM-42688-P  a   0.373  -0.031   9.931  g   0.001  -0.004  -0.001[0m
[1;32muart:~$ [m[8D[J[00:01:08.973,000] [0m<inf> imu: LSM6DS3TR-C  a   0.111   0.050  10.147  g   0.025  -0.062   0.013[0m
[1;32muart:~$ [m[8D[J[1;32muart:~$ [m[8D[J[00:01:08.974,000] [0m<inf> imu: LSM6DSV16X   a   0.407   0.145  10.514  g  -0.011   0.002  -0.002[0m
[1;32muart:~$ [m[8D[J[00:01:08.975,000] [0m<inf> imu: ICM-42688-P  a   0.379  -0.026   9.936  g   0.000  -0.005   0.001[0m
[1;32muart:~$ [m[8D[J[1;32muart:~$ [m[8D[J[00:01:09.026,000] [0m<inf> imu: LSM6DS3TR-C  a   0.139   0.087  10.207  g   0.024  -0.061   0.015[0m
[1;32muart:~$ [m[8D[J[00:01:09.026,000] [0m<inf> imu: LSM6DSV16X   a   0.409   0.153  10.531  g  -0.012   0.002  -0.003[0m
[1;32muart:~$ [m[8D[J[00:01:09.027,000] [0m<inf> imu: ICM-42688-P  a   0.384  -0.030   9.925  g   0.000  -0.005  -0.001[0m
[1;32muart:~$ [m[8D[J[00:01:09.078,000] [0m<inf> imu: LSM6DS3TR-C  a   0.117   0.053  10.187  g   0.023  -0.061   0.013[0m
[1;32muart:~$ [m[8D[J[1;32muart:~$ [m[8D[J[00:01:09.079,000] [0m<inf> imu: LSM6DSV16X   a   0.411   0.147  10.524  g  -0.012   0.003  -0.002[0m
[1;32muart:~$ [m[8D[J[00:01:09.079,000] [0m<inf> imu: ICM-42688-P  a   0.390  -0.043   9.934  g   0.000  -0.005   0.000[0m
[1;32muart:~$ [m[8D[J[1;32muart:~$ [m[8D[J[00:01:09.130,000] [0m<inf> imu: LSM6DS3TR-C  a   0.114   0.039  10.197  g   0.023  -0.060   0.014[0m
[1;32muart:~$ [m[8D[J[00:01:09.131,000] [0m<inf> imu: LSM6DSV16X   a   0.407   0.153  10.518  g  -0.012   0.002  -0.002[0m
[1;32muart:~$ [m[8D[J[00:01:09.131,000] [0m<inf> imu: ICM-42688-P  a   0.388  -0.026   9.929  g   0.001  -0.005  -0.001[0m
[1;32muart:~$ [m[8D[J[1;32muart:~$ [m[8D[J[00:01:09.182,000] [0m<inf> imu: LSM6DS3TR-C  a   0.125   0.060  10.210  g   0.023  -0.060   0.011[0m
[1;32muart:~$ [m[8D[J[00:01:09.183,000] [0m<inf> imu: LSM6DSV16X   a   0.407   0.135  10.519  g  -0.010   0.002  -0.003[0m
[1;32muart:~$ [m[8D[J[00:01:09.183,000] [0m<inf> imu: ICM-42688-P  a   0.376  -0.035   9.938  g   0.000  -0.005  -0.000[0m
[1;32muart:~$ [m[8D[J[1;32muart:~$ [m[8D[J[00:01:09.235,000] [0m<inf> imu: LSM6DS3TR-C  a   0.128   0.032  10.207  g   0.023  -0.061   0.014[0m
[1;32muart:~$ [m[8D[J[00:01:09.236,000] [0m<inf> imu: LSM6DSV16X   a   0.407   0.143  10.516  g  -0.011   0.002  -0.002[0m
[1;32muart:~$ [m[8D[J[00:01:09.237,000] [0m<inf> imu: ICM-42688-P  a   0.384  -0.030   9.926  g   0.000  -0.005   0.000[0m
[1;32muart:~$ [m[8D[J[1;32muart:~$ [m[8D[J[00:01:09.289,000] [0m<inf> imu: LSM6DS3TR-C  a   0.110   0.068  10.207  g   0.024  -0.061   0.015[0m
[1;32muart:~$ [m[8D[J[00:01:09.290,000] [0m<inf> imu: LSM6DSV16X   a   0.407   0.145  10.510  g  -0.012   0.002  -0.002[0m
[1;32muart:~$ [m[8D[J[00:01:09.290,000] [0m<inf> imu: ICM-42688-P  a   0.376  -0.032   9.937  g  -0.000  -0.004  -0.000[0m
[1;32muart:~$ [m[8D[J[1;32muart:~$ [m[8D[J[00:01:09.341,000] [0m<inf> imu: LSM6DS3TR-C  a   0.118   0.077  10.204  g   0.024  -0.060   0.014[0m
[1;32muart:~$ [m[8D[J[00:01:09.342,000] [0m<inf> imu: LSM6DSV16X   a   0.407   0.141  10.516  g  -0.011   0.002  -0.002[0m
[1;32muart:~$ [m[8D[J[00:01:09.343,000] [0m<inf> imu: ICM-42688-P  a   0.384  -0.030   9.931  g  -0.000  -0.005  -0.001[0m
[1;32muart:~$ [m[8D[J[1;32muart:~$ [m[8D[J[00:01:09.394,000] [0m<inf> imu: LSM6DS3TR-C  a   0.098   0.034  10.190  g   0.022  -0.059   0.014[0m
[1;32muart:~$ [m[8D[J[00:01:09.394,000] [0m<inf> imu: LSM6DSV16X   a   0.412   0.146  10.519  g  -0.011   0.002  -0.002[0m
[1;32muart:~$ [m[8D[J[00:01:09.395,000] [0m<inf> imu: ICM-42688-P  a   0.376  -0.030   9.926  g  -0.001  -0.005  -0.000[0m
[1;32muart:~$ [m[8D[J[1;32muart:~$ [m[8D[J[00:01:09.446,000] [0m<inf> imu: LSM6DS3TR-C  a   0.129   0.031  10.213  g   0.023  -0.060   0.014[0m
[1;32muart:~$ [m[8D[J[00:01:09.447,000] [0m<inf> imu: LSM6DSV16X   a   0.403   0.142  10.523  g  -0.013   0.001  -0.002[0m
[1;32muart:~$ [m[8D[J[00:01:09.447,000] [0m<inf> imu: ICM-42688-P  a   0.376  -0.041   9.935  g   0.000  -0.005  -0.000[0m
[1;32muart:~$ [m[8D[J[1;32muart:~$ [m[8D[J[00:01:09.498,000] [0m<inf> imu: LSM6DS3TR-C  a   0.112   0.028  10.185  g   0.023  -0.059   0.013[0m
[1;32muart:~$ [m[8D[J[00:01:09.499,000] [0m<inf> imu: LSM6DSV16X   a   0.412   0.148  10.523  g  -0.011   0.002  -0.002[0m
[1;32muart:~$ [m[8D[J[00:01:09.499,000] [0m<inf> imu: ICM-42688-P  a   0.388  -0.030   9.923  g   0.000  -0.005   0.000[0m
[1;32muart:~$ [m[8D[J[00:01:09.550,000] [0m<inf> imu: LSM6DS3TR-C  a   0.120   0.044  10.212  g   0.025  -0.060   0.013[0m
[1;32muart:~$ [m[8D[J[1;32muart:~$ [m[8D[J[00:01:09.551,000] [0m<inf> imu: LSM6DSV16X   a   0.404   0.144  10.517  g  -0.011   0.002  -0.002[0m
[1;32muart:~$ [m[8D[J[00:01:09.552,000] [0m<inf> imu: ICM-42688-P  a   0.371  -0.036   9.920  g   0.000  -0.005   0.000[0m
[1;32muart:~$ [m[8D[J[1;32muart:~$ [m[8D[J[00:01:09.603,000] [0m<inf> imu: LSM6DS3TR-C  a   0.130   0.044  10.188  g   0.024  -0.060   0.014[0m
[1;32muart:~$ [m[8D[J[00:01:09.604,000] [0m<inf> imu: LSM6DSV16X   a   0.409   0.147  10.514  g  -0.012   0.002  -0.002[0m
[1;32muart:~$ [m[8D[J[00:01:09.605,000] [0m<inf> imu: ICM-42688-P  a   0.377  -0.028   9.944  g   0.001  -0.004  -0.001[0m
[1;32muart:~$ [m[8D[J[1;32muart:~$ [m[8D[J[00:01:09.656,000] [0m<inf> imu: LSM6DS3TR-C  a   0.114   0.057  10.168  g   0.023  -0.060   0.015[0m
[1;32muart:~$ [m[8D[J[00:01:09.657,000] [0m<inf> imu: LSM6DSV16X   a   0.407   0.141  10.517  g  -0.012   0.002  -0.002[0m
[1;32muart:~$ [m[8D[J[1;32muart:~$ [m[8D[J[00:01:09.658,000] [0m<inf> imu: ICM-42688-P  a   0.397  -0.034   9.931  g   0.000  -0.005   0.000[0m
[1;32muart:~$ [m[8D[J[00:01:09.709,000] [0m<inf> imu: LSM6DS3TR-C  a   0.129   0.057  10.201  g   0.026  -0.060   0.016[0m
[1;32muart:~$ [m[8D[J[00:01:09.710,000] [0m<inf> imu: LSM6DSV16X   a   0.410   0.141  10.521  g  -0.012   0.002  -0.003[0m
[1;32muart:~$ [m[8D[J[00:01:09.711,000] [0m<inf> imu: ICM-42688-P  a   0.396  -0.051   9.941  g   0.000  -0.005   0.000[0m
[1;32muart:~$ [m[8D[J[1;32muart:~$ [m[8D[J[00:01:09.762,000] [0m<inf> imu: LSM6DS3TR-C  a   0.096   0.080  10.213  g   0.024  -0.063   0.015[0m
[1;32muart:~$ [m[8D[J[00:01:09.763,000] [0m<inf> imu: LSM6DSV16X   a   0.407   0.143  10.519  g  -0.012   0.002  -0.002[0m
[1;32muart:~$ [m[8D[J[1;32muart:~$ [m[8D[J[00:01:09.764,000] [0m<inf> imu: ICM-42688-P  a   0.387  -0.028   9.931  g   0.001  -0.005   0.000[0m
[1;32muart:~$ [m[8D[J[00:01:09.815,000] [0m<inf> imu: LSM6DS3TR-C  a   0.141   0.067  10.183  g   0.024  -0.059   0.013[0m
[1;32muart:~$ [m[8D[J[00:01:09.817,000] [0m<inf> imu: LSM6DSV16X   a   0.406   0.144  10.517  g  -0.011   0.002  -0.002[0m
[1;32muart:~$ [m[8D[J[00:01:09.817,000] [0m<inf> imu: ICM-42688-P  a   0.371  -0.038   9.922  g   0.000  -0.005   0.000[0m
[1;32muart:~$ [m[8D[J[1;32muart:~$ [m[8D[J[00:01:09.868,000] [0m<inf> imu: LSM6DS3TR-C  a   0.117   0.059  10.222  g   0.024  -0.061   0.015[0m
[1;32muart:~$ [m[8D[J[00:01:09.869,000] [0m<inf> imu: LSM6DSV16X   a   0.405   0.144  10.531  g  -0.012   0.002  -0.002[0m
[1;32muart:~$ [m[8D[J[1;32muart:~$ [m[8D[J[00:01:09.870,000] [0m<inf> imu: ICM-42688-P  a   0.390  -0.026   9.937  g  -0.001  -0.004  -0.000[0m
[1;32muart:~$ [m[8D[J[00:01:09.921,000] [0m<inf> imu: LSM6DS3TR-C  a   0.139   0.057  10.187  g   0.024  -0.061   0.014[0m
[1;32muart:~$ [m[8D[J[00:01:09.921,000] [0m<inf> imu: LSM6DSV16X   a   0.397   0.146  10.512  g  -0.011   0.002  -0.002[0m
[1;32muart:~$ [m[8D[J[00:01:09.922,000] [0m<inf> imu: ICM-42688-P  a   0.379  -0.038   9.919  g   0.000  -0.005  -0.001[0m
[1;32muart:~$ [m[8D[J[1;32muart:~$ [m[8D[J[00:01:09.973,000] [0m<inf> imu: LSM6DS3TR-C  a   0.127   0.065  10.171  g   0.024  -0.060   0.015[0m
[1;32muart:~$ [m[8D[J[00:01:09.974,000] [0m<inf> imu: LSM6DSV16X   a   0.407   0.138  10.523  g  -0.011   0.002  -0.003[0m
[1;32muart:~$ [m[8D[J[1;32muart:~$ [m[8D[J[00:01:09.974,000] [0m<inf> imu: ICM-42688-P  a   0.376  -0.030   9.934  g   0.000  -0.005   0.000[0m
[1;32muart:~$ [m[8D[J[00:01:10.025,000] [0m<inf> imu: LSM6DS3TR-C  a   0.103   0.058  10.168  g   0.026  -0.060   0.014[0m
[1;32muart:~$ [m[8D[J[00:01:10.026,000] [0m<inf> imu: LSM6DSV16X   a   0.406   0.141  10.515  g  -0.011   0.002  -0.003[0m
[1;32muart:~$ [m[8D[J[00:01:10.026,000] [0m<inf> imu: ICM-42688-P  a   0.387  -0.035   9.940  g   0.000  -0.004   0.000[0m
[1;32muart:~$ [m[8D[J[1;32muart:~$ [m[8D[J[00:01:10.077,000] [0m<inf> imu: LSM6DS3TR-C  a   0.117   0.064  10.220  g   0.024  -0.060   0.013[0m
[1;32muart:~$ [m[8D[J[00:01:10.078,000] [0m<inf> imu: LSM6DSV16X   a   0.409   0.139  10.524  g  -0.011   0.002  -0.002[0m
[1;32muart:~$ [m[8D[J[1;32muart:~$ [m[8D[J[00:01:10.079,000] [0m<inf> imu: ICM-42688-P  a   0.371  -0.040   9.934  g   0.000  -0.005   0.000[0m
[1;32muart:~$ [m[8D[J[00:01:10.130,000] [0m<inf> imu: LSM6DS3TR-C  a   0.078   0.077  10.193  g   0.023  -0.060   0.015[0m
[1;32muart:~$ [m[8D[J[00:01:10.131,000] [0m<inf> imu: LSM6DSV16X   a   0.409   0.139  10.523  g  -0.011   0.003  -0.002[0m
[1;32muart:~$ [m[8D[J[00:01:10.131,000] [0m<inf> imu: ICM-42688-P  a   0.377  -0.031   9.940  g   0.001  -0.005   0.000[0m
[1;32muart:~$ [m[8D[J[1;32muart:~$ [m[8D[J[00:01:10.182,000] [0m<inf> imu: LSM6DS3TR-C  a   0.124   0.044  10.190  g   0.023  -0.060   0.012[0m
[1;32muart:~$ [m[8D[J[00:01:10.183,000] [0m<inf> imu: LSM6DSV16X   a   0.410   0.147  10.516  g  -0.012   0.002  -0.003[0m
[1;32muart:~$ [m[8D[J[1;32muart:~$ [m[8D[J[00:01:10.183,000] [0m<inf> imu: ICM-42688-P  a   0.377  -0.040   9.919  g  -0.001  -0.005   0.000[0m
[1;32muart:~$ [m[8D[J[00:01:10.234,000] [0m<inf> imu: LSM6DS3TR-C  a   0.096   0.059  10.204  g   0.023  -0.060   0.016[0m
[1;32muart:~$ [m[8D[J[00:01:10.235,000] [0m<inf> imu: LSM6DSV16X   a   0.402   0.141  10.521  g  -0.011   0.002  -0.002[0m
[1;32muart:~$ [m[8D[J[00:01:10.235,000] [0m<inf> imu: ICM-42688-P  a   0.388  -0.035   9.926  g  -0.002  -0.005  -0.001[0m
[1;32muart:~$ [m[8D[J[1;32muart:~$ [m[8D[J[00:01:10.287,000] [0m<inf> imu: LSM6DS3TR-C  a   0.152   0.070  10.196  g   0.024  -0.060   0.013[0m
[1;32muart:~$ [m[8D[J[00:01:10.288,000] [0m<inf> imu: LSM6DSV16X   a   0.409   0.148  10.519  g  -0.012   0.002  -0.002[0m
[1;32muart:~$ [m[8D[J[1;32muart:~$ [m[8D[J[00:01:10.289,000] [0m<inf> imu: ICM-42688-P  a   0.387  -0.030   9.914  g   0.000  -0.005   0.000[0m
[1;32muart:~$ [m[8D[J[00:01:10.341,000] [0m<inf> imu: LSM6DS3TR-C  a   0.119   0.078  10.238  g   0.021  -0.060   0.014[0m
[1;32muart:~$ [m[8D[J[00:01:10.342,000] [0m<inf> imu: LSM6DSV16X   a   0.392   0.142  10.525  g  -0.010   0.002  -0.002[0m
[1;32muart:~$ [m[8D[J[00:01:10.343,000] [0m<inf> imu: ICM-42688-P  a   0.381  -0.025   9.935  g   0.000  -0.005   0.000[0m
[1;32muart:~$ [m[8D[J[1;32muart:~$ [m[8D[J[00:01:10.394,000] [0m<inf> imu: LSM6DS3TR-C  a   0.166   0.054  10.177  g   0.022  -0.060   0.014[0m
[1;32muart:~$ [m[8D[J[00:01:10.395,000] [0m<inf> imu: LSM6DSV16X   a   0.409   0.144  10.509  g  -0.012   0.002  -0.002[0m
[1;32muart:~$ [m[8D[J[1;32muart:~$ [m[8D[J[00:01:10.395,000] [0m<inf> imu: ICM-42688-P  a   0.388  -0.032   9.929  g   0.001  -0.006  -0.001[0m
[1;32muart:~$ [m[8D[J[00:01:10.446,000] [0m<inf> imu: LSM6DS3TR-C  a   0.113   0.026  10.192  g   0.024  -0.062   0.013[0m
[1;32muart:~$ [m[8D[J[00:01:10.447,000] [0m<inf> imu: LSM6DSV16X   a   0.404   0.141  10.531  g  -0.012   0.002  -0.002[0m
[1;32muart:~$ [m[8D[J[00:01:10.447,000] [0m<inf> imu: ICM-42688-P  a   0.376  -0.036   9.924  g   0.001  -0.005  -0.000[0m
[1;32muart:~$ [m[8D[J[00:01:10.499,000] [0m<inf> imu: LSM6DS3TR-C  a   0.133   0.016  10.199  g   0.024  -0.060   0.016[0m
[1;32muart:~$ [m[8D[J[1;32muart:~$ [m[8D[J[00:01:10.500,000] [0m<inf> imu: LSM6DSV16X   a   0.404   0.143  10.528  g  -0.011   0.002  -0.003[0m
[1;32muart:~$ [m[8D[J[00:01:10.501,000] [0m<inf> imu: ICM-42688-P  a   0.388  -0.041   9.930  g   0.000  -0.005   0.000[0m
[1;32muart:~$ [m[8D[J[1;32muart:~$ [m[8D[J[00:01:10.552,000] [0m<inf> imu: LSM6DS3TR-C  a   0.156   0.035  10.216  g   0.022  -0.060   0.015[0m
[1;32muart:~$ [m[8D[J[00:01:10.553,000] [0m<inf> imu: LSM6DSV16X   a   0.406   0.142  10.524  g  -0.012   0.002  -0.003[0m
[1;32muart:~$ [m[8D[J[1;32muart:~$ [m[8D[J[00:01:10.553,000] [0m<inf> imu: ICM-42688-P  a   0.375  -0.035   9.928  g   0.000  -0.005  -0.001[0m
[1;32muart:~$ [m[8D[J[00:01:10.605,000] [0m<inf> imu: LSM6DS3TR-C  a   0.124   0.043  10.202  g   0.023  -0.060   0.014[0m
[1;32muart:~$ [m[8D[J[00:01:10.606,000] [0m<inf> imu: LSM6DSV16X   a   0.407   0.138  10.526  g  -0.012   0.002  -0.002[0m
[1;32muart:~$ [m[8D[J[1;32muart:~$ [m[8D[J[00:01:10.606,000] [0m<inf> imu: ICM-42688-P  a   0.371  -0.030   9.920  g   0.001  -0.005  -0.001[0m
[1;32muart:~$ [m[8D[J[00:01:10.657,000] [0m<inf> imu: LSM6DS3TR-C  a   0.126   0.047  10.198  g   0.024  -0.061   0.015[0m
[1;32muart:~$ [m[8D[J[00:01:10.658,000] [0m<inf> imu: LSM6DSV16X   a   0.403   0.148  10.513  g  -0.011   0.002  -0.002[0m
[1;32muart:~$ [m[8D[J[1;32muart:~$ [m[8D[J[00:01:10.658,000] [0m<inf> imu: ICM-42688-P  a   0.376  -0.031   9.926  g   0.001  -0.005   0.000[0m
[1;32muart:~$ [m[8D[J[00:01:10.710,000] [0m<inf> imu: LSM6DS3TR-C  a   0.127   0.043  10.231  g   0.025  -0.060   0.015[0m
[1;32muart:~$ [m[8D[J[00:01:10.711,000] [0m<inf> imu: LSM6DSV16X   a   0.407   0.146  10.524  g  -0.011   0.002  -0.002[0m
[1;32muart:~$ [m[8D[J[1;32muart:~$ [m[8D[J[00:01:10.712,000] [0m<inf> imu: ICM-42688-P  a   0.381  -0.036   9.931  g   0.000  -0.005   0.000[0m
[1;32muart:~$ [m[8D[J[00:01:10.763,000] [0m<inf> imu: LSM6DS3TR-C  a   0.099   0.051  10.189  g   0.024  -0.060   0.013[0m
[1;32muart:~$ [m[8D[J[00:01:10.764,000] [0m<inf> imu: LSM6DSV16X   a   0.412   0.144  10.516  g  -0.011   0.002  -0.002[0m
[1;32muart:~$ [m[8D[J[1;32muart:~$ [m[8D[J[00:01:10.764,000] [0m<inf> imu: ICM-42688-P  a   0.378  -0.030   9.925  g   0.000  -0.005  -0.000[0m
[1;32muart:~$ [m[8D[J[00:01:10.816,000] [0m<inf> imu: LSM6DS3TR-C  a   0.134   0.044  10.196  g   0.023  -0.059   0.014[0m
[1;32muart:~$ [m[8D[J[00:01:10.817,000] [0m<inf> imu: LSM6DSV16X   a   0.409   0.144  10.524  g  -0.012   0.002  -0.002[0m
[1;32muart:~$ [m[8D[J[1;32muart:~$ [m[8D[J[00:01:10.818,000] [0m<inf> imu: ICM-42688-P  a   0.379  -0.040   9.928  g  -0.001  -0.004  -0.001[0m
[1;32muart:~$ [m[8D[J[00:01:10.869,000] [0m<inf> imu: LSM6DS3TR-C  a   0.147   0.044  10.201  g   0.024  -0.061   0.015[0m
[1;32muart:~$ [m[8D[J[00:01:10.870,000] [0m<inf> imu: LSM6DSV16X   a   0.403   0.141  10.513  g  -0.012   0.002  -0.002[0m
[1;32muart:~$ [m[8D[J[1;32muart:~$ [m[8D[J[00:01:10.870,000] [0m<inf> imu: ICM-42688-P  a   0.373  -0.030   9.928  g  -0.001  -0.004  -0.000[0m
[1;32muart:~$ [m[8D[J[00:01:10.922,000] [0m<inf> imu: LSM6DS3TR-C  a   0.124   0.077  10.168  g   0.025  -0.062   0.014[0m
[1;32muart:~$ [m[8D[J[00:01:10.922,000] [0m<inf> imu: LSM6DSV16X   a   0.409   0.144  10.527  g  -0.011   0.002  -0.002[0m
[1;32muart:~$ [m[8D[J[1;32muart:~$ [m[8D[J[00:01:10.923,000] [0m<inf> imu: ICM-42688-P  a   0.377  -0.043   9.943  g   0.001  -0.004   0.000[0m
[1;32muart:~$ [m[8D[J[00:01:10.974,000] [0m<inf> imu: LSM6DS3TR-C  a   0.125   0.018  10.197  g   0.025  -0.061   0.014[0m
[1;32muart:~$ [m[8D[J[00:01:10.975,000] [0m<inf> imu: LSM6DSV16X   a   0.404   0.146  10.515  g  -0.012   0.002  -0.003[0m
[1;32muart:~$ [m[8D[J[1;32muart:~$ [m[8D[J[00:01:10.975,000] [0m<inf> imu: ICM-42688-P  a   0.381  -0.041   9.931  g  -0.001  -0.005  -0.001[0m
[1;32muart:~$ [m[8D[J[00:01:11.027,000] [0m<inf> imu: LSM6DS3TR-C  a   0.112   0.066  10.204  g   0.024  -0.061   0.013[0m
[1;32muart:~$ [m[8D[J[00:01:11.028,000] [0m<inf> imu: LSM6DSV16X   a   0.407   0.146  10.512  g  -0.011   0.002  -0.003[0m
[1;32muart:~$ [m[8D[J[1;32muart:~$ [m[8D[J[00:01:11.028,000] [0m<inf> imu: ICM-42688-P  a   0.371  -0.040   9.936  g  -0.000  -0.004   0.000[0m
[1;32muart:~$ [m[8D[J[00:01:11.080,000] [0m<inf> imu: LSM6DS3TR-C  a   0.146   0.041  10.214  g   0.024  -0.061   0.015[0m
[1;32muart:~$ [m[8D[J[1;32muart:~$ [m[8D[J[00:01:11.080,000] [0m<inf> imu: LSM6DSV16X   a   0.406   0.144  10.521  g  -0.010   0.003  -0.003[0m
[1;32muart:~$ [m[8D[J[00:01:11.081,000] [0m<inf> imu: ICM-42688-P  a   0.373  -0.029   9.919  g   0.000  -0.005   0.000[0m
[1;32muart:~$ [m[8D[J[00:01:11.132,000] [0m<inf> imu: LSM6DS3TR-C  a   0.127   0.056  10.162  g   0.025  -0.061   0.016[0m
[1;32muart:~$ [m[8D[J[00:01:11.134,000] [0m<inf> imu: LSM6DSV16X   a   0.404   0.147  10.526  g  -0.012   0.002  -0.002[0m
[1;32muart:~$ [m[8D[J[1;32muart:~$ [m[8D[J[00:01:11.134,000] [0m<inf> imu: ICM-42688-P  a   0.369  -0.038   9.931  g  -0.001  -0.005   0.000[0m
[1;32muart:~$ [m[8D[J[00:01:11.185,000] [0m<inf> imu: LSM6DS3TR-C  a   0.099   0.005  10.212  g   0.024  -0.060   0.013[0m
[1;32muart:~$ [m[8D[J[1;32muart:~$ [m[8D[J[00:01:11.186,000] [0m<inf> imu: LSM6DSV16X   a   0.411   0.148  10.521  g  -0.012   0.002  -0.002[0m
[1;32muart:~$ [m[8D[J[00:01:11.186,000] [0m<inf> imu: ICM-42688-P  a   0.378  -0.020   9.922  g   0.000  -0.005  -0.001[0m
[1;32muart:~$ [m[8D[J[00:01:11.238,000] [0m<inf> imu: LSM6DS3TR-C  a   0.123   0.033  10.171  g   0.024  -0.058   0.014[0m
[1;32muart:~$ [m[8D[J[00:01:11.239,000] [0m<inf> imu: LSM6DSV16X   a   0.402   0.139  10.526  g  -0.011   0.002  -0.002[0m
[1;32muart:~$ [m[8D[J[1;32muart:~$ [m[8D[J[00:01:11.239,000] [0m<inf> imu: ICM-42688-P  a   0.377  -0.035   9.935  g   0.000  -0.005   0.000[0m
[1;32muart:~$ [m[8D[J[00:01:11.291,000] [0m<inf> imu: LSM6DS3TR-C  a   0.115   0.050  10.177  g   0.022  -0.059   0.016[0m
[1;32muart:~$ [m[8D[J[1;32muart:~$ [m[8D[J[00:01:11.292,000] [0m<inf> imu: LSM6DSV16X   a   0.407   0.143  10.514  g  -0.010   0.002  -0.003[0m
[1;32muart:~$ [m[8D[J[00:01:11.293,000] [0m<inf> imu: ICM-42688-P  a   0.379  -0.030   9.926  g   0.001  -0.005   0.000[0m
[1;32muart:~$ [m[8D[J[00:01:11.344,000] [0m<inf> imu: LSM6DS3TR-C  a   0.121   0.054  10.219  g   0.021  -0.058   0.016[0m
[1;32muart:~$ [m[8D[J[00:01:11.345,000] [0m<inf> imu: LSM6DSV16X   a   0.404   0.145  10.518  g  -0.012   0.002  -0.002[0m
[1;32muart:~$ [m[8D[J[1;32muart:~$ [m[8D[J[00:01:11.345,000] [0m<inf> imu: ICM-42688-P  a   0.375  -0.040   9.943  g  -0.001  -0.005  -0.001[0m
[1;32muart:~$ [m[8D[J[00:01:11.396,000] [0m<inf> imu: LSM6DS3TR-C  a   0.138   0.056  10.201  g   0.023  -0.060   0.012[0m
[1;32muart:~$ [m[8D[J[1;32muart:~$ [m[8D[J[00:01:11.397,000] [0m<inf> imu: LSM6DSV16X   a   0.404   0.149  10.524  g  -0.012   0.002  -0.003[0m
[1;32muart:~$ [m[8D[J[00:01:11.398,000] [0m<inf> imu: ICM-42688-P  a   0.375  -0.043   9.940  g  -0.000  -0.005   0.001[0m
[1;32muart:~$ [m[8D[J[00:01:11.449,000] [0m<inf> imu: LSM6DS3TR-C  a   0.109   0.054  10.218  g   0.024  -0.062   0.014[0m
[1;32muart:~$ [m[8D[J[1;32muart:~$ [m[8D[J[00:01:11.449,000] [0m<inf> imu: LSM6DSV16X   a   0.404   0.144  10.528  g  -0.011   0.002  -0.002[0m
[1;32muart:~$ [m[8D[J[00:01:11.450,000] [0m<inf> imu: ICM-42688-P  a   0.384  -0.030   9.938  g   0.000  -0.004  -0.000[0m
[1;32muart:~$ [m[8D[J[00:01:11.501,000] [0m<inf> imu: LSM6DS3TR-C  a   0.132   0.065  10.164  g   0.023  -0.060   0.014[0m
[1;32muart:~$ [m[8D[J[00:01:11.502,000] [0m<inf> imu: LSM6DSV16X   a   0.407   0.145  10.519  g  -0.010   0.002  -0.002[0m
[1;32muart:~$ [m[8D[J[00:01:11.502,000] [0m<inf> imu: ICM-42688-P  a   0.379  -0.031   9.920  g   0.000  -0.005  -0.001[0m
[1;32muart:~$ [m[8D[J[1;32muart:~$ [m[8D[J[00:01:11.553,000] [0m<inf> imu: LSM6DS3TR-C  a   0.110   0.039  10.210  g   0.024  -0.060   0.013[0m
[1;32muart:~$ [m[8D[J[00:01:11.554,000] [0m<inf> imu: LSM6DSV16X   a   0.405   0.141  10.521  g  -0.011   0.002  -0.002[0m
[1;32muart:~$ [m[8D[J[1;32muart:~$ [m[8D[J[00:01:11.554,000] [0m<inf> imu: ICM-42688-P  a   0.379  -0.032   9.935  g  -0.000  -0.005  -0.000[0m
[1;32muart:~$ [m[8D[J[00:01:11.605,000] [0m<inf> imu: LSM6DS3TR-C  a   0.115   0.059  10.207  g   0.025  -0.060   0.015[0m
[1;32muart:~$ [m[8D[J[1;32muart:~$ [m[8D[J[00:01:11.606,000] [0m<inf> imu: LSM6DSV16X   a   0.409   0.151  10.519  g  -0.011   0.003  -0.003[0m
[1;32muart:~$ [m[8D[J[00:01:11.607,000] [0m<inf> imu: ICM-42688-P  a   0.376  -0.041   9.926  g   0.000  -0.005   0.000[0m
[1;32muart:~$ [m[8D[J[00:01:11.658,000] [0m<inf> imu: LSM6DS3TR-C  a   0.114   0.063  10.207  g   0.023  -0.061   0.015[0m
[1;32muart:~$ [m[8D[J[1;32muart:~$ [m[8D[J[00:01:11.658,000] [0m<inf> imu: LSM6DSV16X   a   0.406   0.143  10.509  g  -0.011   0.002  -0.003[0m
[1;32muart:~$ [m[8D[J[00:01:11.659,000] [0m<inf> imu: ICM-42688-P  a   0.382  -0.041   9.928  g   0.000  -0.005   0.000[0m
[1;32muart:~$ [m[8D[J[00:01:11.710,000] [0m<inf> imu: LSM6DS3TR-C  a   0.129   0.030  10.215  g   0.024  -0.060   0.014[0m
[1;32muart:~$ [m[8D[J[1;32muart:~$ [m[8D[J[00:01:11.711,000] [0m<inf> imu: LSM6DSV16X   a   0.404   0.144  10.528  g  -0.011   0.003  -0.003[0m
[1;32muart:~$ [m[8D[J[00:01:11.711,000] [0m<inf> imu: ICM-42688-P  a   0.388  -0.038   9.926  g  -0.000  -0.005  -0.001[0m
[1;32muart:~$ [m[8D[J[00:01:11.762,000] [0m<inf> imu: LSM6DS3TR-C  a   0.128   0.051  10.152  g   0.022  -0.061   0.015[0m
[1;32muart:~$ [m[8D[J[1;32muart:~$ [m[8D[J[00:01:11.763,000] [0m<inf> imu: LSM6DSV16X   a   0.404   0.146  10.522  g  -0.011   0.002  -0.002[0m
[1;32muart:~$ [m[8D[J[00:01:11.763,000] [0m<inf> imu: ICM-42688-P  a   0.393  -0.040   9.940  g   0.000  -0.005   0.000[0m
[1;32muart:~$ [m[8D[J[1;32muart:~$ [m[8D[J[00:01:11.814,000] [0m<inf> imu: LSM6DS3TR-C  a   0.129   0.059  10.182  g   0.025  -0.060   0.014[0m
[1;32muart:~$ [m[8D[J[00:01:11.815,000] [0m<inf> imu: LSM6DSV16X   a   0.402   0.144  10.521  g  -0.012   0.003  -0.003[0m
[1;32muart:~$ [m[8D[J[00:01:11.816,000] [0m<inf> imu: ICM-42688-P  a   0.396  -0.031   9.932  g  -0.000  -0.005   0.001[0m
[1;32muart:~$ [m[8D[J[00:01:11.867,000] [0m<inf> imu: LSM6DS3TR-C  a   0.141   0.082  10.193  g   0.022  -0.060   0.013[0m
[1;32muart:~$ [m[8D[J[1;32muart:~$ [m[8D[J[00:01:11.868,000] [0m<inf> imu: LSM6DSV16X   a   0.404   0.148  10.522  g  -0.012   0.002  -0.002[0m
[1;32muart:~$ [m[8D[J[00:01:11.868,000] [0m<inf> imu: ICM-42688-P  a   0.383  -0.026   9.914  g  -0.000  -0.005   0.000[0m
[1;32muart:~$ [m[8D[J[00:01:11.919,000] [0m<inf> imu: LSM6DS3TR-C  a   0.106   0.050  10.213  g   0.025  -0.059   0.013[0m
[1;32muart:~$ [m[8D[J[1;32muart:~$ [m[8D[J[00:01:11.921,000] [0m<inf> imu: LSM6DSV16X   a   0.403   0.144  10.525  g  -0.011   0.002  -0.003[0m
[1;32muart:~$ [m[8D[J[00:01:11.922,000] [0m<inf> imu: ICM-42688-P  a   0.378  -0.040   9.930  g   0.000  -0.006  -0.001[0m
[1;32muart:~$ [m[8D[J[1;32muart:~$ [m[8D[J[00:01:11.973,000] [0m<inf> imu: LSM6DS3TR-C  a   0.102   0.052  10.208  g   0.024  -0.062   0.013[0m
[1;32muart:~$ [m[8D[J[00:01:11.973,000] [0m<inf> imu: LSM6DSV16X   a   0.412   0.144  10.521  g  -0.012   0.002  -0.002[0m
[1;32muart:~$ [m[8D[J[00:01:11.974,000] [0m<inf> imu: ICM-42688-P  a   0.393  -0.043   9.923  g   0.000  -0.005  -0.001[0m
[1;32muart:~$ [m[8D[J[00:01:12.025,000] [0m<inf> imu: LSM6DS3TR-C  a   0.109   0.053  10.202  g   0.022  -0.060   0.013[0m
[1;32muart:~$ [m[8D[J[1;32muart:~$ [m[8D[J[00:01:12.027,000] [0m<inf> imu: LSM6DSV16X   a   0.407   0.144  10.531  g  -0.011   0.002  -0.003[0m
[1;32muart:~$ [m[8D[J[00:01:12.028,000] [0m<inf> imu: ICM-42688-P  a   0.389  -0.040   9.932  g   0.001  -0.005  -0.000[0m
[1;32muart:~$ [m[8D[J[1;32muart:~$ [m[8D[J[00:01:12.079,000] [0m<inf> imu: LSM6DS3TR-C  a   0.126   0.067  10.189  g   0.023  -0.060   0.013[0m
[1;32muart:~$ [m[8D[J[00:01:12.080,000] [0m<inf> imu: LSM6DSV16X   a   0.411   0.144  10.524  g  -0.011   0.002  -0.002[0m
[1;32muart:~$ [m[8D[J[00:01:12.080,000] [0m<inf> imu: ICM-42688-P  a   0.376  -0.035   9.919  g   0.000  -0.005  -0.001[0m
[1;32muart:~$ [m[8D[J[00:01:12.132,000] [0m<inf> imu: LSM6DS3TR-C  a   0.083   0.013  10.180  g   0.024  -0.059   0.015[0m
[1;32muart:~$ [m[8D[J[1;32muart:~$ [m[8D[J[00:01:12.133,000] [0m<inf> imu: LSM6DSV16X   a   0.404   0.134  10.512  g  -0.011   0.002  -0.002[0m
[1;32muart:~$ [m[8D[J[00:01:12.134,000] [0m<inf> imu: ICM-42688-P  a   0.378  -0.043   9.931  g   0.000  -0.005  -0.001[0m
